dispatch_interval,code,quantity,submitted_price,tranche,submission_id,capacity_type,fuel_type,lfa_price,notice_time
2026-08-12T08:00:00+08:00,KWINANA_ESR1,-100.0,171.0,1,6c0f8125-0721-42f7-ad4f-bb45546781b9,IN-SERVICE,NOT APPLICABLE,170.93,0.0
2026-08-12T08:00:00+08:00,KWINANA_ESR1,100.0,185.74,2,6c0f8125-0721-42f7-ad4f-bb45546781b9,IN-SERVICE,NOT APPLICABLE,185.67,0.0
2026-08-12T08:00:00+08:00,COLLIE_ESR1,0.0,-1000.0,1,1f72d612-1f21-4202-9aad-bb9a5ad0446f,IN-SERVICE,NON-LIQUID,-999.4,
2026-08-12T08:00:00+08:00,COLLIE_ESR1,-100.0,-42.46,2,1f72d612-1f21-4202-9aad-bb9a5ad0446f,IN-SERVICE,NON-LIQUID,-42.43,
2026-08-12T08:00:00+08:00,COLLIE_ESR1,-100.0,-10.0,3,1f72d612-1f21-4202-9aad-bb9a5ad0446f,IN-SERVICE,NON-LIQUID,-9.99,
2026-08-12T08:00:00+08:00,COLLIE_ESR1,0.0,60.0,4,1f72d612-1f21-4202-9aad-bb9a5ad0446f,IN-SERVICE,NON-LIQUID,59.96,
2026-08-12T08:00:00+08:00,COLLIE_ESR1,16.0,154.49,5,1f72d612-1f21-4202-9aad-bb9a5ad0446f,IN-SERVICE,NON-LIQUID,154.4,
2026-08-12T08:00:00+08:00,COLLIE_ESR1,15.0,166.16,6,1f72d612-1f21-4202-9aad-bb9a5ad0446f,IN-SERVICE,NON-LIQUID,166.06,
2026-08-12T08:00:00+08:00,COLLIE_ESR1,42.0,250.0,7,1f72d612-1f21-4202-9aad-bb9a5ad0446f,IN-SERVICE,NON-LIQUID,249.85,
2026-08-12T08:00:00+08:00,COLLIE_ESR1,84.0,367.0,8,1f72d612-1f21-4202-9aad-bb9a5ad0446f,IN-SERVICE,NON-LIQUID,366.78,
2026-08-12T08:00:00+08:00,COLLIE_ESR1,43.0,622.0,9,1f72d612-1f21-4202-9aad-bb9a5ad0446f,IN-SERVICE,NON-LIQUID,621.63,
2026-08-12T08:00:00+08:00,COLLIE_ESR1,0.0,1200.0,10,1f72d612-1f21-4202-9aad-bb9a5ad0446f,IN-SERVICE,NON-LIQUID,1199.28,
2026-08-12T08:00:00+08:00,KWINANA_ESR2,-224.986,169.48,1,ac4c8995-4f23-47c1-a49f-c09778e3b2f5,IN-SERVICE,NOT APPLICABLE,169.31,0.0
2026-08-12T08:00:00+08:00,KWINANA_ESR2,224.986,185.98,2,ac4c8995-4f23-47c1-a49f-c09778e3b2f5,IN-SERVICE,NOT APPLICABLE,185.79,0.0
2026-08-12T08:00:00+08:00,COLLIE_BESS2,0.0,-990.1,1,02ae926e-e5b7-4f0b-af04-41c2a5935178,IN-SERVICE,NON-LIQUID,-1000.0,
2026-08-12T08:00:00+08:00,COLLIE_BESS2,-150.0,-42.46,2,02ae926e-e5b7-4f0b-af04-41c2a5935178,IN-SERVICE,NON-LIQUID,-42.88,
2026-08-12T08:00:00+08:00,COLLIE_BESS2,-150.0,-10.0,3,02ae926e-e5b7-4f0b-af04-41c2a5935178,IN-SERVICE,NON-LIQUID,-10.1,
2026-08-12T08:00:00+08:00,COLLIE_BESS2,0.0,60.0,4,02ae926e-e5b7-4f0b-af04-41c2a5935178,IN-SERVICE,NON-LIQUID,60.6,
2026-08-12T08:00:00+08:00,COLLIE_BESS2,51.0,154.49,5,02ae926e-e5b7-4f0b-af04-41c2a5935178,IN-SERVICE,NON-LIQUID,156.03,
2026-08-12T08:00:00+08:00,COLLIE_BESS2,51.0,166.16,6,02ae926e-e5b7-4f0b-af04-41c2a5935178,IN-SERVICE,NON-LIQUID,167.82,
2026-08-12T08:00:00+08:00,COLLIE_BESS2,49.0,250.0,7,02ae926e-e5b7-4f0b-af04-41c2a5935178,IN-SERVICE,NON-LIQUID,252.5,
2026-08-12T08:00:00+08:00,COLLIE_BESS2,49.0,367.0,8,02ae926e-e5b7-4f0b-af04-41c2a5935178,IN-SERVICE,NON-LIQUID,370.67,
2026-08-12T08:00:00+08:00,COLLIE_BESS2,100.0,622.0,9,02ae926e-e5b7-4f0b-af04-41c2a5935178,IN-SERVICE,NON-LIQUID,628.22,
2026-08-12T08:00:00+08:00,COLLIE_BESS2,0.0,1188.12,10,02ae926e-e5b7-4f0b-af04-41c2a5935178,IN-SERVICE,NON-LIQUID,1200.0,
2026-08-12T08:00:00+08:00,COLLIE_ESR4,-250.0,153.96,1,6ae4e777-c723-4111-b3d8-7789713132fd,IN-SERVICE,NOT APPLICABLE,153.87,0.0
2026-08-12T08:00:00+08:00,COLLIE_ESR4,250.0,169.44,2,6ae4e777-c723-4111-b3d8-7789713132fd,IN-SERVICE,NOT APPLICABLE,169.34,0.0
2026-08-12T08:00:00+08:00,COLLIE_ESR5,-250.0,154.07,1,9d8c48a4-6af6-43f1-9057-08219848dc42,IN-SERVICE,NOT APPLICABLE,153.98,0.0
2026-08-12T08:00:00+08:00,COLLIE_ESR5,250.0,169.33,2,9d8c48a4-6af6-43f1-9057-08219848dc42,IN-SERVICE,NOT APPLICABLE,169.23,0.0
2026-08-12T08:05:00+08:00,KWINANA_ESR1,-100.0,154.29,1,13d35429-6901-4754-b8b3-f0393e3e1f5c,IN-SERVICE,NOT APPLICABLE,154.23,0.0
2026-08-12T08:05:00+08:00,KWINANA_ESR1,100.0,169.04,2,13d35429-6901-4754-b8b3-f0393e3e1f5c,IN-SERVICE,NOT APPLICABLE,168.97,0.0
2026-08-12T08:05:00+08:00,COLLIE_ESR1,0.0,-1000.0,1,7c93c2f5-1921-45a9-8ac5-12992c3b5503,IN-SERVICE,NON-LIQUID,-999.4,
2026-08-12T08:05:00+08:00,COLLIE_ESR1,-100.0,-42.46,2,7c93c2f5-1921-45a9-8ac5-12992c3b5503,IN-SERVICE,NON-LIQUID,-42.43,
2026-08-12T08:05:00+08:00,COLLIE_ESR1,-100.0,-10.0,3,7c93c2f5-1921-45a9-8ac5-12992c3b5503,IN-SERVICE,NON-LIQUID,-9.99,
2026-08-12T08:05:00+08:00,COLLIE_ESR1,0.0,34.02,4,7c93c2f5-1921-45a9-8ac5-12992c3b5503,IN-SERVICE,NON-LIQUID,34.0,
2026-08-12T08:05:00+08:00,COLLIE_ESR1,0.0,60.0,5,7c93c2f5-1921-45a9-8ac5-12992c3b5503,IN-SERVICE,NON-LIQUID,59.96,
2026-08-12T08:05:00+08:00,COLLIE_ESR1,50.0,250.0,6,7c93c2f5-1921-45a9-8ac5-12992c3b5503,IN-SERVICE,NON-LIQUID,249.85,
2026-08-12T08:05:00+08:00,COLLIE_ESR1,100.0,367.0,7,7c93c2f5-1921-45a9-8ac5-12992c3b5503,IN-SERVICE,NON-LIQUID,366.78,
2026-08-12T08:05:00+08:00,COLLIE_ESR1,50.0,622.0,8,7c93c2f5-1921-45a9-8ac5-12992c3b5503,IN-SERVICE,NON-LIQUID,621.63,
2026-08-12T08:05:00+08:00,COLLIE_ESR1,0.0,899.56,9,7c93c2f5-1921-45a9-8ac5-12992c3b5503,IN-SERVICE,NON-LIQUID,899.02,
2026-08-12T08:05:00+08:00,COLLIE_ESR1,0.0,1200.0,10,7c93c2f5-1921-45a9-8ac5-12992c3b5503,IN-SERVICE,NON-LIQUID,1199.28,
2026-08-12T08:05:00+08:00,KWINANA_ESR2,-225.0,154.26,1,dd621531-e19c-48fb-8b38-931843bd26b3,IN-SERVICE,NOT APPLICABLE,154.11,0.0
2026-08-12T08:05:00+08:00,KWINANA_ESR2,225.0,169.26,2,dd621531-e19c-48fb-8b38-931843bd26b3,IN-SERVICE,NOT APPLICABLE,169.09,0.0
2026-08-12T08:05:00+08:00,COLLIE_BESS2,0.0,-990.1,1,bb1e6c3f-7322-4f2a-98f3-4f14b4ed88e9,IN-SERVICE,NON-LIQUID,-1000.0,
2026-08-12T08:05:00+08:00,COLLIE_BESS2,-150.0,-42.46,2,bb1e6c3f-7322-4f2a-98f3-4f14b4ed88e9,IN-SERVICE,NON-LIQUID,-42.88,
2026-08-12T08:05:00+08:00,COLLIE_BESS2,-150.0,-10.0,3,bb1e6c3f-7322-4f2a-98f3-4f14b4ed88e9,IN-SERVICE,NON-LIQUID,-10.1,
2026-08-12T08:05:00+08:00,COLLIE_BESS2,0.0,34.02,4,bb1e6c3f-7322-4f2a-98f3-4f14b4ed88e9,IN-SERVICE,NON-LIQUID,34.36,
2026-08-12T08:05:00+08:00,COLLIE_BESS2,0.0,60.0,5,bb1e6c3f-7322-4f2a-98f3-4f14b4ed88e9,IN-SERVICE,NON-LIQUID,60.6,
2026-08-12T08:05:00+08:00,COLLIE_BESS2,75.0,250.0,6,bb1e6c3f-7322-4f2a-98f3-4f14b4ed88e9,IN-SERVICE,NON-LIQUID,252.5,
2026-08-12T08:05:00+08:00,COLLIE_BESS2,75.0,367.0,7,bb1e6c3f-7322-4f2a-98f3-4f14b4ed88e9,IN-SERVICE,NON-LIQUID,370.67,
2026-08-12T08:05:00+08:00,COLLIE_BESS2,150.0,622.0,8,bb1e6c3f-7322-4f2a-98f3-4f14b4ed88e9,IN-SERVICE,NON-LIQUID,628.22,
2026-08-12T08:05:00+08:00,COLLIE_BESS2,0.0,899.56,9,bb1e6c3f-7322-4f2a-98f3-4f14b4ed88e9,IN-SERVICE,NON-LIQUID,908.55,
2026-08-12T08:05:00+08:00,COLLIE_BESS2,0.0,1188.12,10,bb1e6c3f-7322-4f2a-98f3-4f14b4ed88e9,IN-SERVICE,NON-LIQUID,1200.0,
2026-08-12T08:05:00+08:00,COLLIE_ESR4,-250.0,144.26,1,95c5d801-f4d7-4da8-94c3-13fd1b7468bb,IN-SERVICE,NOT APPLICABLE,144.17,0.0
2026-08-12T08:05:00+08:00,COLLIE_ESR4,250.0,159.74,2,95c5d801-f4d7-4da8-94c3-13fd1b7468bb,IN-SERVICE,NOT APPLICABLE,159.64,0.0
2026-08-12T08:05:00+08:00,COLLIE_ESR5,-207.988,152.0,1,1f420c38-d857-439d-8a01-69cdb0ef0154,IN-SERVICE,NOT APPLICABLE,151.91,0.0
2026-08-12T08:05:00+08:00,COLLIE_ESR5,-42.012,152.88,2,1f420c38-d857-439d-8a01-69cdb0ef0154,IN-SERVICE,NOT APPLICABLE,152.79,0.0
2026-08-12T08:05:00+08:00,COLLIE_ESR5,250.0,168.14,3,1f420c38-d857-439d-8a01-69cdb0ef0154,IN-SERVICE,NOT APPLICABLE,168.04,0.0
2026-08-12T08:10:00+08:00,KWINANA_ESR1,-100.0,154.29,1,13d35429-6901-4754-b8b3-f0393e3e1f5c,IN-SERVICE,NOT APPLICABLE,154.23,0.0
2026-08-12T08:10:00+08:00,KWINANA_ESR1,100.0,169.02,2,13d35429-6901-4754-b8b3-f0393e3e1f5c,IN-SERVICE,NOT APPLICABLE,168.95,0.0
2026-08-12T08:10:00+08:00,COLLIE_ESR1,0.0,-1000.0,1,93000010-22bc-4c4a-aa3f-37300f8e2682,IN-SERVICE,NON-LIQUID,-999.4,
2026-08-12T08:10:00+08:00,COLLIE_ESR1,-100.0,-42.46,2,93000010-22bc-4c4a-aa3f-37300f8e2682,IN-SERVICE,NON-LIQUID,-42.43,
2026-08-12T08:10:00+08:00,COLLIE_ESR1,-100.0,-10.0,3,93000010-22bc-4c4a-aa3f-37300f8e2682,IN-SERVICE,NON-LIQUID,-9.99,
2026-08-12T08:10:00+08:00,COLLIE_ESR1,0.0,34.02,4,93000010-22bc-4c4a-aa3f-37300f8e2682,IN-SERVICE,NON-LIQUID,34.0,
2026-08-12T08:10:00+08:00,COLLIE_ESR1,0.0,60.0,5,93000010-22bc-4c4a-aa3f-37300f8e2682,IN-SERVICE,NON-LIQUID,59.96,
2026-08-12T08:10:00+08:00,COLLIE_ESR1,50.0,250.0,6,93000010-22bc-4c4a-aa3f-37300f8e2682,IN-SERVICE,NON-LIQUID,249.85,
2026-08-12T08:10:00+08:00,COLLIE_ESR1,100.0,367.0,7,93000010-22bc-4c4a-aa3f-37300f8e2682,IN-SERVICE,NON-LIQUID,366.78,
2026-08-12T08:10:00+08:00,COLLIE_ESR1,50.0,622.0,8,93000010-22bc-4c4a-aa3f-37300f8e2682,IN-SERVICE,NON-LIQUID,621.63,
2026-08-12T08:10:00+08:00,COLLIE_ESR1,0.0,899.56,9,93000010-22bc-4c4a-aa3f-37300f8e2682,IN-SERVICE,NON-LIQUID,899.02,
2026-08-12T08:10:00+08:00,COLLIE_ESR1,0.0,1200.0,10,93000010-22bc-4c4a-aa3f-37300f8e2682,IN-SERVICE,NON-LIQUID,1199.28,
2026-08-12T08:10:00+08:00,KWINANA_ESR2,-225.0,154.24,1,dd621531-e19c-48fb-8b38-931843bd26b3,IN-SERVICE,NOT APPLICABLE,154.09,0.0
2026-08-12T08:10:00+08:00,KWINANA_ESR2,225.0,169.24,2,dd621531-e19c-48fb-8b38-931843bd26b3,IN-SERVICE,NOT APPLICABLE,169.07,0.0
2026-08-12T08:10:00+08:00,COLLIE_BESS2,0.0,-990.1,1,b08a1306-e3b5-43ac-8b12-a74d5943130b,IN-SERVICE,NON-LIQUID,-1000.0,
2026-08-12T08:10:00+08:00,COLLIE_BESS2,-150.0,-42.46,2,b08a1306-e3b5-43ac-8b12-a74d5943130b,IN-SERVICE,NON-LIQUID,-42.88,
2026-08-12T08:10:00+08:00,COLLIE_BESS2,-150.0,-10.0,3,b08a1306-e3b5-43ac-8b12-a74d5943130b,IN-SERVICE,NON-LIQUID,-10.1,
2026-08-12T08:10:00+08:00,COLLIE_BESS2,0.0,34.02,4,b08a1306-e3b5-43ac-8b12-a74d5943130b,IN-SERVICE,NON-LIQUID,34.36,
2026-08-12T08:10:00+08:00,COLLIE_BESS2,0.0,60.0,5,b08a1306-e3b5-43ac-8b12-a74d5943130b,IN-SERVICE,NON-LIQUID,60.6,
2026-08-12T08:10:00+08:00,COLLIE_BESS2,75.0,250.0,6,b08a1306-e3b5-43ac-8b12-a74d5943130b,IN-SERVICE,NON-LIQUID,252.5,
2026-08-12T08:10:00+08:00,COLLIE_BESS2,75.0,367.0,7,b08a1306-e3b5-43ac-8b12-a74d5943130b,IN-SERVICE,NON-LIQUID,370.67,
2026-08-12T08:10:00+08:00,COLLIE_BESS2,150.0,622.0,8,b08a1306-e3b5-43ac-8b12-a74d5943130b,IN-SERVICE,NON-LIQUID,628.22,
2026-08-12T08:10:00+08:00,COLLIE_BESS2,0.0,899.56,9,b08a1306-e3b5-43ac-8b12-a74d5943130b,IN-SERVICE,NON-LIQUID,908.55,
2026-08-12T08:10:00+08:00,COLLIE_BESS2,0.0,1188.12,10,b08a1306-e3b5-43ac-8b12-a74d5943130b,IN-SERVICE,NON-LIQUID,1200.0,
2026-08-12T08:10:00+08:00,COLLIE_ESR4,-250.0,144.26,1,95c5d801-f4d7-4da8-94c3-13fd1b7468bb,IN-SERVICE,NOT APPLICABLE,144.17,0.0
2026-08-12T08:10:00+08:00,COLLIE_ESR4,250.0,159.74,2,95c5d801-f4d7-4da8-94c3-13fd1b7468bb,IN-SERVICE,NOT APPLICABLE,159.64,0.0
2026-08-12T08:10:00+08:00,COLLIE_ESR5,-216.484,152.0,1,1f420c38-d857-439d-8a01-69cdb0ef0154,IN-SERVICE,NOT APPLICABLE,151.91,0.0
2026-08-12T08:10:00+08:00,COLLIE_ESR5,-33.516,152.88,2,1f420c38-d857-439d-8a01-69cdb0ef0154,IN-SERVICE,NOT APPLICABLE,152.79,0.0
2026-08-12T08:10:00+08:00,COLLIE_ESR5,250.0,168.14,3,1f420c38-d857-439d-8a01-69cdb0ef0154,IN-SERVICE,NOT APPLICABLE,168.04,0.0
2026-08-12T08:15:00+08:00,KWINANA_ESR1,-100.0,153.14,1,13d35429-6901-4754-b8b3-f0393e3e1f5c,IN-SERVICE,NOT APPLICABLE,153.08,0.0
2026-08-12T08:15:00+08:00,KWINANA_ESR1,100.0,167.88,2,13d35429-6901-4754-b8b3-f0393e3e1f5c,IN-SERVICE,NOT APPLICABLE,167.81,0.0
2026-08-12T08:15:00+08:00,COLLIE_ESR1,0.0,-1000.0,1,898ba9e4-4627-48bb-8197-a08a4e146326,IN-SERVICE,NON-LIQUID,-999.4,
2026-08-12T08:15:00+08:00,COLLIE_ESR1,-100.0,-42.46,2,898ba9e4-4627-48bb-8197-a08a4e146326,IN-SERVICE,NON-LIQUID,-42.43,
2026-08-12T08:15:00+08:00,COLLIE_ESR1,-100.0,-10.0,3,898ba9e4-4627-48bb-8197-a08a4e146326,IN-SERVICE,NON-LIQUID,-9.99,
2026-08-12T08:15:00+08:00,COLLIE_ESR1,0.0,34.02,4,898ba9e4-4627-48bb-8197-a08a4e146326,IN-SERVICE,NON-LIQUID,34.0,
2026-08-12T08:15:00+08:00,COLLIE_ESR1,0.0,60.0,5,898ba9e4-4627-48bb-8197-a08a4e146326,IN-SERVICE,NON-LIQUID,59.96,
2026-08-12T08:15:00+08:00,COLLIE_ESR1,50.0,250.0,6,898ba9e4-4627-48bb-8197-a08a4e146326,IN-SERVICE,NON-LIQUID,249.85,
2026-08-12T08:15:00+08:00,COLLIE_ESR1,100.0,367.0,7,898ba9e4-4627-48bb-8197-a08a4e146326,IN-SERVICE,NON-LIQUID,366.78,
2026-08-12T08:15:00+08:00,COLLIE_ESR1,50.0,622.0,8,898ba9e4-4627-48bb-8197-a08a4e146326,IN-SERVICE,NON-LIQUID,621.63,
2026-08-12T08:15:00+08:00,COLLIE_ESR1,0.0,899.56,9,898ba9e4-4627-48bb-8197-a08a4e146326,IN-SERVICE,NON-LIQUID,899.02,
2026-08-12T08:15:00+08:00,COLLIE_ESR1,0.0,1200.0,10,898ba9e4-4627-48bb-8197-a08a4e146326,IN-SERVICE,NON-LIQUID,1199.28,
2026-08-12T08:15:00+08:00,KWINANA_ESR2,-225.0,153.11,1,dd621531-e19c-48fb-8b38-931843bd26b3,IN-SERVICE,NOT APPLICABLE,152.96,0.0
2026-08-12T08:15:00+08:00,KWINANA_ESR2,225.0,168.11,2,dd621531-e19c-48fb-8b38-931843bd26b3,IN-SERVICE,NOT APPLICABLE,167.94,0.0
2026-08-12T08:15:00+08:00,COLLIE_BESS2,0.0,-990.1,1,34feb91c-9872-4033-a756-1ac2e380d4e3,IN-SERVICE,NON-LIQUID,-1000.0,
2026-08-12T08:15:00+08:00,COLLIE_BESS2,-150.0,-42.46,2,34feb91c-9872-4033-a756-1ac2e380d4e3,IN-SERVICE,NON-LIQUID,-42.88,
2026-08-12T08:15:00+08:00,COLLIE_BESS2,-150.0,-10.0,3,34feb91c-9872-4033-a756-1ac2e380d4e3,IN-SERVICE,NON-LIQUID,-10.1,
2026-08-12T08:15:00+08:00,COLLIE_BESS2,0.0,34.02,4,34feb91c-9872-4033-a756-1ac2e380d4e3,IN-SERVICE,NON-LIQUID,34.36,
2026-08-12T08:15:00+08:00,COLLIE_BESS2,0.0,60.0,5,34feb91c-9872-4033-a756-1ac2e380d4e3,IN-SERVICE,NON-LIQUID,60.6,
2026-08-12T08:15:00+08:00,COLLIE_BESS2,75.0,250.0,6,34feb91c-9872-4033-a756-1ac2e380d4e3,IN-SERVICE,NON-LIQUID,252.5,
2026-08-12T08:15:00+08:00,COLLIE_BESS2,75.0,367.0,7,34feb91c-9872-4033-a756-1ac2e380d4e3,IN-SERVICE,NON-LIQUID,370.67,
2026-08-12T08:15:00+08:00,COLLIE_BESS2,150.0,622.0,8,34feb91c-9872-4033-a756-1ac2e380d4e3,IN-SERVICE,NON-LIQUID,628.22,
2026-08-12T08:15:00+08:00,COLLIE_BESS2,0.0,899.56,9,34feb91c-9872-4033-a756-1ac2e380d4e3,IN-SERVICE,NON-LIQUID,908.55,
2026-08-12T08:15:00+08:00,COLLIE_BESS2,0.0,1188.12,10,34feb91c-9872-4033-a756-1ac2e380d4e3,IN-SERVICE,NON-LIQUID,1200.0,
2026-08-12T08:15:00+08:00,COLLIE_ESR4,-250.0,144.26,1,95c5d801-f4d7-4da8-94c3-13fd1b7468bb,IN-SERVICE,NOT APPLICABLE,144.17,0.0
2026-08-12T08:15:00+08:00,COLLIE_ESR4,250.0,159.74,2,95c5d801-f4d7-4da8-94c3-13fd1b7468bb,IN-SERVICE,NOT APPLICABLE,159.64,0.0
2026-08-12T08:15:00+08:00,COLLIE_ESR5,-224.98,152.0,1,1f420c38-d857-439d-8a01-69cdb0ef0154,IN-SERVICE,NOT APPLICABLE,151.91,0.0
2026-08-12T08:15:00+08:00,COLLIE_ESR5,-25.02,152.88,2,1f420c38-d857-439d-8a01-69cdb0ef0154,IN-SERVICE,NOT APPLICABLE,152.79,0.0
2026-08-12T08:15:00+08:00,COLLIE_ESR5,250.0,168.14,3,1f420c38-d857-439d-8a01-69cdb0ef0154,IN-SERVICE,NOT APPLICABLE,168.04,0.0
2026-08-12T08:20:00+08:00,KWINANA_ESR1,-100.0,152.09,1,340d2a86-1282-4a1f-85bb-752e1aed0129,IN-SERVICE,NOT APPLICABLE,152.03,0.0
2026-08-12T08:20:00+08:00,KWINANA_ESR1,100.0,166.83,2,340d2a86-1282-4a1f-85bb-752e1aed0129,IN-SERVICE,NOT APPLICABLE,166.76,0.0
2026-08-12T08:20:00+08:00,COLLIE_ESR1,0.0,-1000.0,1,7b995e21-f271-4455-8185-1ff4addc15f5,IN-SERVICE,NON-LIQUID,-999.4,
2026-08-12T08:20:00+08:00,COLLIE_ESR1,-100.0,-42.46,2,7b995e21-f271-4455-8185-1ff4addc15f5,IN-SERVICE,NON-LIQUID,-42.43,
2026-08-12T08:20:00+08:00,COLLIE_ESR1,-100.0,-10.0,3,7b995e21-f271-4455-8185-1ff4addc15f5,IN-SERVICE,NON-LIQUID,-9.99,
2026-08-12T08:20:00+08:00,COLLIE_ESR1,0.0,34.02,4,7b995e21-f271-4455-8185-1ff4addc15f5,IN-SERVICE,NON-LIQUID,34.0,
2026-08-12T08:20:00+08:00,COLLIE_ESR1,0.0,60.0,5,7b995e21-f271-4455-8185-1ff4addc15f5,IN-SERVICE,NON-LIQUID,59.96,
2026-08-12T08:20:00+08:00,COLLIE_ESR1,50.0,250.0,6,7b995e21-f271-4455-8185-1ff4addc15f5,IN-SERVICE,NON-LIQUID,249.85,
2026-08-12T08:20:00+08:00,COLLIE_ESR1,100.0,367.0,7,7b995e21-f271-4455-8185-1ff4addc15f5,IN-SERVICE,NON-LIQUID,366.78,
2026-08-12T08:20:00+08:00,COLLIE_ESR1,50.0,622.0,8,7b995e21-f271-4455-8185-1ff4addc15f5,IN-SERVICE,NON-LIQUID,621.63,
2026-08-12T08:20:00+08:00,COLLIE_ESR1,0.0,899.56,9,7b995e21-f271-4455-8185-1ff4addc15f5,IN-SERVICE,NON-LIQUID,899.02,
2026-08-12T08:20:00+08:00,COLLIE_ESR1,0.0,1200.0,10,7b995e21-f271-4455-8185-1ff4addc15f5,IN-SERVICE,NON-LIQUID,1199.28,
2026-08-12T08:20:00+08:00,KWINANA_ESR2,-225.0,146.74,1,900e72f7-c245-4485-aefc-81d0adaa571c,IN-SERVICE,NOT APPLICABLE,146.59,0.0
2026-08-12T08:20:00+08:00,KWINANA_ESR2,225.0,159.56,2,900e72f7-c245-4485-aefc-81d0adaa571c,IN-SERVICE,NOT APPLICABLE,159.4,0.0
2026-08-12T08:20:00+08:00,COLLIE_BESS2,0.0,-990.1,1,964903a5-1077-464b-a846-1e2b8728d2c5,IN-SERVICE,NON-LIQUID,-1000.0,
2026-08-12T08:20:00+08:00,COLLIE_BESS2,-150.0,-42.46,2,964903a5-1077-464b-a846-1e2b8728d2c5,IN-SERVICE,NON-LIQUID,-42.88,
2026-08-12T08:20:00+08:00,COLLIE_BESS2,-150.0,-10.0,3,964903a5-1077-464b-a846-1e2b8728d2c5,IN-SERVICE,NON-LIQUID,-10.1,
2026-08-12T08:20:00+08:00,COLLIE_BESS2,0.0,34.02,4,964903a5-1077-464b-a846-1e2b8728d2c5,IN-SERVICE,NON-LIQUID,34.36,
2026-08-12T08:20:00+08:00,COLLIE_BESS2,0.0,60.0,5,964903a5-1077-464b-a846-1e2b8728d2c5,IN-SERVICE,NON-LIQUID,60.6,
2026-08-12T08:20:00+08:00,COLLIE_BESS2,75.0,250.0,6,964903a5-1077-464b-a846-1e2b8728d2c5,IN-SERVICE,NON-LIQUID,252.5,
2026-08-12T08:20:00+08:00,COLLIE_BESS2,75.0,367.0,7,964903a5-1077-464b-a846-1e2b8728d2c5,IN-SERVICE,NON-LIQUID,370.67,
2026-08-12T08:20:00+08:00,COLLIE_BESS2,150.0,622.0,8,964903a5-1077-464b-a846-1e2b8728d2c5,IN-SERVICE,NON-LIQUID,628.22,
2026-08-12T08:20:00+08:00,COLLIE_BESS2,0.0,899.56,9,964903a5-1077-464b-a846-1e2b8728d2c5,IN-SERVICE,NON-LIQUID,908.55,
2026-08-12T08:20:00+08:00,COLLIE_BESS2,0.0,1188.12,10,964903a5-1077-464b-a846-1e2b8728d2c5,IN-SERVICE,NON-LIQUID,1200.0,
2026-08-12T08:20:00+08:00,COLLIE_ESR4,-250.0,136.52,1,7dfff837-ddf8-4e44-964d-fd48d11f270d,IN-SERVICE,NOT APPLICABLE,136.44,0.0
2026-08-12T08:20:00+08:00,COLLIE_ESR4,250.0,157.74,2,7dfff837-ddf8-4e44-964d-fd48d11f270d,IN-SERVICE,NOT APPLICABLE,157.65,0.0
2026-08-12T08:20:00+08:00,COLLIE_ESR5,-250.0,136.63,1,a309383a-d979-4d15-90d4-3ef71997287d,IN-SERVICE,NOT APPLICABLE,136.55,0.0
2026-08-12T08:20:00+08:00,COLLIE_ESR5,250.0,151.89,2,a309383a-d979-4d15-90d4-3ef71997287d,IN-SERVICE,NOT APPLICABLE,151.8,0.0
2026-08-12T08:25:00+08:00,KWINANA_ESR1,-100.0,146.78,1,340d2a86-1282-4a1f-85bb-752e1aed0129,IN-SERVICE,NOT APPLICABLE,146.72,0.0
2026-08-12T08:25:00+08:00,KWINANA_ESR1,100.0,161.52,2,340d2a86-1282-4a1f-85bb-752e1aed0129,IN-SERVICE,NOT APPLICABLE,161.46,0.0
2026-08-12T08:25:00+08:00,COLLIE_ESR1,0.0,-1000.0,1,ebd4675a-d3d2-44a5-bcd9-c39a09759e0f,IN-SERVICE,NON-LIQUID,-999.4,
2026-08-12T08:25:00+08:00,COLLIE_ESR1,-100.0,-42.46,2,ebd4675a-d3d2-44a5-bcd9-c39a09759e0f,IN-SERVICE,NON-LIQUID,-42.43,
2026-08-12T08:25:00+08:00,COLLIE_ESR1,-100.0,-10.0,3,ebd4675a-d3d2-44a5-bcd9-c39a09759e0f,IN-SERVICE,NON-LIQUID,-9.99,
2026-08-12T08:25:00+08:00,COLLIE_ESR1,0.0,60.0,4,ebd4675a-d3d2-44a5-bcd9-c39a09759e0f,IN-SERVICE,NON-LIQUID,59.96,
2026-08-12T08:25:00+08:00,COLLIE_ESR1,2.0,141.87,5,ebd4675a-d3d2-44a5-bcd9-c39a09759e0f,IN-SERVICE,NON-LIQUID,141.78,
2026-08-12T08:25:00+08:00,COLLIE_ESR1,2.0,159.09,6,ebd4675a-d3d2-44a5-bcd9-c39a09759e0f,IN-SERVICE,NON-LIQUID,158.99,
2026-08-12T08:25:00+08:00,COLLIE_ESR1,49.0,250.0,7,ebd4675a-d3d2-44a5-bcd9-c39a09759e0f,IN-SERVICE,NON-LIQUID,249.85,
2026-08-12T08:25:00+08:00,COLLIE_ESR1,98.0,367.0,8,ebd4675a-d3d2-44a5-bcd9-c39a09759e0f,IN-SERVICE,NON-LIQUID,366.78,
2026-08-12T08:25:00+08:00,COLLIE_ESR1,49.0,622.0,9,ebd4675a-d3d2-44a5-bcd9-c39a09759e0f,IN-SERVICE,NON-LIQUID,621.63,
2026-08-12T08:25:00+08:00,COLLIE_ESR1,0.0,1200.0,10,ebd4675a-d3d2-44a5-bcd9-c39a09759e0f,IN-SERVICE,NON-LIQUID,1199.28,
2026-08-12T08:25:00+08:00,KWINANA_ESR2,-225.0,144.56,1,900e72f7-c245-4485-aefc-81d0adaa571c,IN-SERVICE,NOT APPLICABLE,144.42,0.0
2026-08-12T08:25:00+08:00,KWINANA_ESR2,225.0,159.56,2,900e72f7-c245-4485-aefc-81d0adaa571c,IN-SERVICE,NOT APPLICABLE,159.4,0.0
2026-08-12T08:25:00+08:00,COLLIE_BESS2,0.0,-990.1,1,9115cdd4-3dc5-4e6f-8f0a-cd030e6462a3,IN-SERVICE,NON-LIQUID,-1000.0,
2026-08-12T08:25:00+08:00,COLLIE_BESS2,-150.0,-42.46,2,9115cdd4-3dc5-4e6f-8f0a-cd030e6462a3,IN-SERVICE,NON-LIQUID,-42.88,
2026-08-12T08:25:00+08:00,COLLIE_BESS2,-150.0,-10.0,3,9115cdd4-3dc5-4e6f-8f0a-cd030e6462a3,IN-SERVICE,NON-LIQUID,-10.1,
2026-08-12T08:25:00+08:00,COLLIE_BESS2,0.0,34.02,4,9115cdd4-3dc5-4e6f-8f0a-cd030e6462a3,IN-SERVICE,NON-LIQUID,34.36,
2026-08-12T08:25:00+08:00,COLLIE_BESS2,0.0,60.0,5,9115cdd4-3dc5-4e6f-8f0a-cd030e6462a3,IN-SERVICE,NON-LIQUID,60.6,
2026-08-12T08:25:00+08:00,COLLIE_BESS2,75.0,250.0,6,9115cdd4-3dc5-4e6f-8f0a-cd030e6462a3,IN-SERVICE,NON-LIQUID,252.5,
2026-08-12T08:25:00+08:00,COLLIE_BESS2,75.0,367.0,7,9115cdd4-3dc5-4e6f-8f0a-cd030e6462a3,IN-SERVICE,NON-LIQUID,370.67,
2026-08-12T08:25:00+08:00,COLLIE_BESS2,150.0,622.0,8,9115cdd4-3dc5-4e6f-8f0a-cd030e6462a3,IN-SERVICE,NON-LIQUID,628.22,
2026-08-12T08:25:00+08:00,COLLIE_BESS2,0.0,899.56,9,9115cdd4-3dc5-4e6f-8f0a-cd030e6462a3,IN-SERVICE,NON-LIQUID,908.55,
2026-08-12T08:25:00+08:00,COLLIE_BESS2,0.0,1188.12,10,9115cdd4-3dc5-4e6f-8f0a-cd030e6462a3,IN-SERVICE,NON-LIQUID,1200.0,
2026-08-12T08:25:00+08:00,COLLIE_ESR4,-250.0,136.52,1,7dfff837-ddf8-4e44-964d-fd48d11f270d,IN-SERVICE,NOT APPLICABLE,136.44,0.0
2026-08-12T08:25:00+08:00,COLLIE_ESR4,250.0,156.93,2,7dfff837-ddf8-4e44-964d-fd48d11f270d,IN-SERVICE,NOT APPLICABLE,156.84,0.0
2026-08-12T08:25:00+08:00,COLLIE_ESR5,-250.0,136.63,1,a309383a-d979-4d15-90d4-3ef71997287d,IN-SERVICE,NOT APPLICABLE,136.55,0.0
2026-08-12T08:25:00+08:00,COLLIE_ESR5,250.0,151.89,2,a309383a-d979-4d15-90d4-3ef71997287d,IN-SERVICE,NOT APPLICABLE,151.8,0.0
2026-08-12T08:30:00+08:00,KWINANA_ESR1,-100.0,146.78,1,340d2a86-1282-4a1f-85bb-752e1aed0129,IN-SERVICE,NOT APPLICABLE,146.72,0.0
2026-08-12T08:30:00+08:00,KWINANA_ESR1,100.0,161.52,2,340d2a86-1282-4a1f-85bb-752e1aed0129,IN-SERVICE,NOT APPLICABLE,161.46,0.0
2026-08-12T08:30:00+08:00,COLLIE_ESR1,0.0,-1000.0,1,3e556371-2a4a-4967-bae4-5c0289fa7ed6,IN-SERVICE,NON-LIQUID,-999.4,
2026-08-12T08:30:00+08:00,COLLIE_ESR1,-100.0,-42.46,2,3e556371-2a4a-4967-bae4-5c0289fa7ed6,IN-SERVICE,NON-LIQUID,-42.43,
2026-08-12T08:30:00+08:00,COLLIE_ESR1,-100.0,-10.0,3,3e556371-2a4a-4967-bae4-5c0289fa7ed6,IN-SERVICE,NON-LIQUID,-9.99,
2026-08-12T08:30:00+08:00,COLLIE_ESR1,0.0,34.02,4,3e556371-2a4a-4967-bae4-5c0289fa7ed6,IN-SERVICE,NON-LIQUID,34.0,
2026-08-12T08:30:00+08:00,COLLIE_ESR1,0.0,60.0,5,3e556371-2a4a-4967-bae4-5c0289fa7ed6,IN-SERVICE,NON-LIQUID,59.96,
2026-08-12T08:30:00+08:00,COLLIE_ESR1,50.0,250.0,6,3e556371-2a4a-4967-bae4-5c0289fa7ed6,IN-SERVICE,NON-LIQUID,249.85,
2026-08-12T08:30:00+08:00,COLLIE_ESR1,100.0,367.0,7,3e556371-2a4a-4967-bae4-5c0289fa7ed6,IN-SERVICE,NON-LIQUID,366.78,
2026-08-12T08:30:00+08:00,COLLIE_ESR1,50.0,622.0,8,3e556371-2a4a-4967-bae4-5c0289fa7ed6,IN-SERVICE,NON-LIQUID,621.63,
2026-08-12T08:30:00+08:00,COLLIE_ESR1,0.0,1199.9,9,3e556371-2a4a-4967-bae4-5c0289fa7ed6,IN-SERVICE,NON-LIQUID,1199.18,
2026-08-12T08:30:00+08:00,COLLIE_ESR1,0.0,1200.0,10,3e556371-2a4a-4967-bae4-5c0289fa7ed6,IN-SERVICE,NON-LIQUID,1199.28,
2026-08-12T08:30:00+08:00,KWINANA_ESR2,-225.0,144.56,1,900e72f7-c245-4485-aefc-81d0adaa571c,IN-SERVICE,NOT APPLICABLE,144.42,0.0
2026-08-12T08:30:00+08:00,KWINANA_ESR2,225.0,159.56,2,900e72f7-c245-4485-aefc-81d0adaa571c,IN-SERVICE,NOT APPLICABLE,159.4,0.0
2026-08-12T08:30:00+08:00,COLLIE_BESS2,0.0,-990.1,1,8eb57bf9-fb2d-445d-8d82-f355527c2180,IN-SERVICE,NON-LIQUID,-1000.0,
2026-08-12T08:30:00+08:00,COLLIE_BESS2,-150.0,-42.46,2,8eb57bf9-fb2d-445d-8d82-f355527c2180,IN-SERVICE,NON-LIQUID,-42.88,
2026-08-12T08:30:00+08:00,COLLIE_BESS2,-150.0,-10.0,3,8eb57bf9-fb2d-445d-8d82-f355527c2180,IN-SERVICE,NON-LIQUID,-10.1,
2026-08-12T08:30:00+08:00,COLLIE_BESS2,0.0,34.02,4,8eb57bf9-fb2d-445d-8d82-f355527c2180,IN-SERVICE,NON-LIQUID,34.36,
2026-08-12T08:30:00+08:00,COLLIE_BESS2,0.0,60.0,5,8eb57bf9-fb2d-445d-8d82-f355527c2180,IN-SERVICE,NON-LIQUID,60.6,
2026-08-12T08:30:00+08:00,COLLIE_BESS2,75.0,250.0,6,8eb57bf9-fb2d-445d-8d82-f355527c2180,IN-SERVICE,NON-LIQUID,252.5,
2026-08-12T08:30:00+08:00,COLLIE_BESS2,75.0,367.0,7,8eb57bf9-fb2d-445d-8d82-f355527c2180,IN-SERVICE,NON-LIQUID,370.67,
2026-08-12T08:30:00+08:00,COLLIE_BESS2,150.0,622.0,8,8eb57bf9-fb2d-445d-8d82-f355527c2180,IN-SERVICE,NON-LIQUID,628.22,
2026-08-12T08:30:00+08:00,COLLIE_BESS2,0.0,1188.12,9,8eb57bf9-fb2d-445d-8d82-f355527c2180,IN-SERVICE,NON-LIQUID,1200.0,
2026-08-12T08:30:00+08:00,COLLIE_BESS2,0.0,1188.12,10,8eb57bf9-fb2d-445d-8d82-f355527c2180,IN-SERVICE,NON-LIQUID,1200.0,
2026-08-12T08:30:00+08:00,COLLIE_ESR4,-250.0,136.52,1,7dfff837-ddf8-4e44-964d-fd48d11f270d,IN-SERVICE,NOT APPLICABLE,136.44,0.0
2026-08-12T08:30:00+08:00,COLLIE_ESR4,250.0,156.93,2,7dfff837-ddf8-4e44-964d-fd48d11f270d,IN-SERVICE,NOT APPLICABLE,156.84,0.0
2026-08-12T08:30:00+08:00,COLLIE_ESR5,-250.0,129.12,1,a309383a-d979-4d15-90d4-3ef71997287d,IN-SERVICE,NOT APPLICABLE,129.04,0.0
2026-08-12T08:30:00+08:00,COLLIE_ESR5,250.0,144.38,2,a309383a-d979-4d15-90d4-3ef71997287d,IN-SERVICE,NOT APPLICABLE,144.29,0.0
2026-08-12T08:35:00+08:00,KWINANA_ESR1,-100.0,124.3,1,a1ef4d2d-e489-45b1-b97a-d232cdbc4d00,IN-SERVICE,NOT APPLICABLE,124.25,0.0
2026-08-12T08:35:00+08:00,KWINANA_ESR1,100.0,144.46,2,a1ef4d2d-e489-45b1-b97a-d232cdbc4d00,IN-SERVICE,NOT APPLICABLE,144.4,0.0
2026-08-12T08:35:00+08:00,COLLIE_ESR1,0.0,-1000.0,1,9c63d770-76b0-4bb6-bfd3-72cd134b0a3d,IN-SERVICE,NON-LIQUID,-999.4,
2026-08-12T08:35:00+08:00,COLLIE_ESR1,-100.0,-42.46,2,9c63d770-76b0-4bb6-bfd3-72cd134b0a3d,IN-SERVICE,NON-LIQUID,-42.43,
2026-08-12T08:35:00+08:00,COLLIE_ESR1,-100.0,-10.0,3,9c63d770-76b0-4bb6-bfd3-72cd134b0a3d,IN-SERVICE,NON-LIQUID,-9.99,
2026-08-12T08:35:00+08:00,COLLIE_ESR1,0.0,34.02,4,9c63d770-76b0-4bb6-bfd3-72cd134b0a3d,IN-SERVICE,NON-LIQUID,34.0,
2026-08-12T08:35:00+08:00,COLLIE_ESR1,0.0,60.0,5,9c63d770-76b0-4bb6-bfd3-72cd134b0a3d,IN-SERVICE,NON-LIQUID,59.96,
2026-08-12T08:35:00+08:00,COLLIE_ESR1,50.0,250.0,6,9c63d770-76b0-4bb6-bfd3-72cd134b0a3d,IN-SERVICE,NON-LIQUID,249.85,
2026-08-12T08:35:00+08:00,COLLIE_ESR1,100.0,367.0,7,9c63d770-76b0-4bb6-bfd3-72cd134b0a3d,IN-SERVICE,NON-LIQUID,366.78,
2026-08-12T08:35:00+08:00,COLLIE_ESR1,50.0,622.0,8,9c63d770-76b0-4bb6-bfd3-72cd134b0a3d,IN-SERVICE,NON-LIQUID,621.63,
2026-08-12T08:35:00+08:00,COLLIE_ESR1,0.0,1199.9,9,9c63d770-76b0-4bb6-bfd3-72cd134b0a3d,IN-SERVICE,NON-LIQUID,1199.18,
2026-08-12T08:35:00+08:00,COLLIE_ESR1,0.0,1200.0,10,9c63d770-76b0-4bb6-bfd3-72cd134b0a3d,IN-SERVICE,NON-LIQUID,1199.28,
2026-08-12T08:35:00+08:00,KWINANA_ESR2,-71.556,123.65,1,ea83c6de-6de7-45f3-9bd3-26cf71d6c99e,IN-SERVICE,NOT APPLICABLE,123.53,0.0
2026-08-12T08:35:00+08:00,KWINANA_ESR2,-153.444,124.37,2,ea83c6de-6de7-45f3-9bd3-26cf71d6c99e,IN-SERVICE,NOT APPLICABLE,124.25,0.0
2026-08-12T08:35:00+08:00,KWINANA_ESR2,225.0,144.54,3,ea83c6de-6de7-45f3-9bd3-26cf71d6c99e,IN-SERVICE,NOT APPLICABLE,144.4,0.0
2026-08-12T08:35:00+08:00,COLLIE_BESS2,0.0,-990.1,1,9b675379-e996-43e2-bea0-b5d2d8c26b15,IN-SERVICE,NON-LIQUID,-1000.0,
2026-08-12T08:35:00+08:00,COLLIE_BESS2,-150.0,-42.46,2,9b675379-e996-43e2-bea0-b5d2d8c26b15,IN-SERVICE,NON-LIQUID,-42.88,
2026-08-12T08:35:00+08:00,COLLIE_BESS2,-150.0,-10.0,3,9b675379-e996-43e2-bea0-b5d2d8c26b15,IN-SERVICE,NON-LIQUID,-10.1,
2026-08-12T08:35:00+08:00,COLLIE_BESS2,0.0,34.02,4,9b675379-e996-43e2-bea0-b5d2d8c26b15,IN-SERVICE,NON-LIQUID,34.36,
2026-08-12T08:35:00+08:00,COLLIE_BESS2,0.0,60.0,5,9b675379-e996-43e2-bea0-b5d2d8c26b15,IN-SERVICE,NON-LIQUID,60.6,
2026-08-12T08:35:00+08:00,COLLIE_BESS2,75.0,250.0,6,9b675379-e996-43e2-bea0-b5d2d8c26b15,IN-SERVICE,NON-LIQUID,252.5,
2026-08-12T08:35:00+08:00,COLLIE_BESS2,75.0,367.0,7,9b675379-e996-43e2-bea0-b5d2d8c26b15,IN-SERVICE,NON-LIQUID,370.67,
2026-08-12T08:35:00+08:00,COLLIE_BESS2,150.0,622.0,8,9b675379-e996-43e2-bea0-b5d2d8c26b15,IN-SERVICE,NON-LIQUID,628.22,
2026-08-12T08:35:00+08:00,COLLIE_BESS2,0.0,1188.12,9,9b675379-e996-43e2-bea0-b5d2d8c26b15,IN-SERVICE,NON-LIQUID,1200.0,
2026-08-12T08:35:00+08:00,COLLIE_BESS2,0.0,1188.12,10,9b675379-e996-43e2-bea0-b5d2d8c26b15,IN-SERVICE,NON-LIQUID,1200.0,
2026-08-12T08:35:00+08:00,COLLIE_ESR4,-250.0,112.71,1,451ef2e3-3eaf-4557-9b3a-c62dff8280a8,IN-SERVICE,NOT APPLICABLE,112.64,0.0
2026-08-12T08:35:00+08:00,COLLIE_ESR4,250.0,128.91,2,451ef2e3-3eaf-4557-9b3a-c62dff8280a8,IN-SERVICE,NOT APPLICABLE,128.83,0.0
2026-08-12T08:35:00+08:00,COLLIE_ESR5,-250.0,115.97,1,4990c0f0-065f-4056-a66d-3d98d20ad4fb,IN-SERVICE,NOT APPLICABLE,115.9,0.0
2026-08-12T08:35:00+08:00,COLLIE_ESR5,250.0,131.23,2,4990c0f0-065f-4056-a66d-3d98d20ad4fb,IN-SERVICE,NOT APPLICABLE,131.15,0.0
2026-08-12T08:40:00+08:00,KWINANA_ESR1,-100.0,116.21,1,a1ef4d2d-e489-45b1-b97a-d232cdbc4d00,IN-SERVICE,NOT APPLICABLE,116.16,0.0
2026-08-12T08:40:00+08:00,KWINANA_ESR1,100.0,130.95,2,a1ef4d2d-e489-45b1-b97a-d232cdbc4d00,IN-SERVICE,NOT APPLICABLE,130.9,0.0
2026-08-12T08:40:00+08:00,COLLIE_ESR1,0.0,-1000.0,1,14bca0a1-f292-4abb-ac03-c65a9131aa53,IN-SERVICE,NON-LIQUID,-999.4,
2026-08-12T08:40:00+08:00,COLLIE_ESR1,-100.0,-42.46,2,14bca0a1-f292-4abb-ac03-c65a9131aa53,IN-SERVICE,NON-LIQUID,-42.43,
2026-08-12T08:40:00+08:00,COLLIE_ESR1,-100.0,-10.0,3,14bca0a1-f292-4abb-ac03-c65a9131aa53,IN-SERVICE,NON-LIQUID,-9.99,
2026-08-12T08:40:00+08:00,COLLIE_ESR1,0.0,34.02,4,14bca0a1-f292-4abb-ac03-c65a9131aa53,IN-SERVICE,NON-LIQUID,34.0,
2026-08-12T08:40:00+08:00,COLLIE_ESR1,0.0,60.0,5,14bca0a1-f292-4abb-ac03-c65a9131aa53,IN-SERVICE,NON-LIQUID,59.96,
2026-08-12T08:40:00+08:00,COLLIE_ESR1,50.0,250.0,6,14bca0a1-f292-4abb-ac03-c65a9131aa53,IN-SERVICE,NON-LIQUID,249.85,
2026-08-12T08:40:00+08:00,COLLIE_ESR1,100.0,367.0,7,14bca0a1-f292-4abb-ac03-c65a9131aa53,IN-SERVICE,NON-LIQUID,366.78,
2026-08-12T08:40:00+08:00,COLLIE_ESR1,50.0,622.0,8,14bca0a1-f292-4abb-ac03-c65a9131aa53,IN-SERVICE,NON-LIQUID,621.63,
2026-08-12T08:40:00+08:00,COLLIE_ESR1,0.0,1199.9,9,14bca0a1-f292-4abb-ac03-c65a9131aa53,IN-SERVICE,NON-LIQUID,1199.18,
2026-08-12T08:40:00+08:00,COLLIE_ESR1,0.0,1200.0,10,14bca0a1-f292-4abb-ac03-c65a9131aa53,IN-SERVICE,NON-LIQUID,1199.28,
2026-08-12T08:40:00+08:00,KWINANA_ESR2,-225.0,116.87,1,ea83c6de-6de7-45f3-9bd3-26cf71d6c99e,IN-SERVICE,NOT APPLICABLE,116.75,0.0
2026-08-12T08:40:00+08:00,KWINANA_ESR2,187.356,131.15,2,ea83c6de-6de7-45f3-9bd3-26cf71d6c99e,IN-SERVICE,NOT APPLICABLE,131.02,0.0
2026-08-12T08:40:00+08:00,KWINANA_ESR2,37.644,144.54,3,ea83c6de-6de7-45f3-9bd3-26cf71d6c99e,IN-SERVICE,NOT APPLICABLE,144.4,0.0
2026-08-12T08:40:00+08:00,COLLIE_BESS2,0.0,-990.1,1,f84b0984-5722-40e6-8fd7-bca4768e0deb,IN-SERVICE,NON-LIQUID,-1000.0,
2026-08-12T08:40:00+08:00,COLLIE_BESS2,-150.0,-42.46,2,f84b0984-5722-40e6-8fd7-bca4768e0deb,IN-SERVICE,NON-LIQUID,-42.88,
2026-08-12T08:40:00+08:00,COLLIE_BESS2,-150.0,-10.0,3,f84b0984-5722-40e6-8fd7-bca4768e0deb,IN-SERVICE,NON-LIQUID,-10.1,
2026-08-12T08:40:00+08:00,COLLIE_BESS2,0.0,34.02,4,f84b0984-5722-40e6-8fd7-bca4768e0deb,IN-SERVICE,NON-LIQUID,34.36,
2026-08-12T08:40:00+08:00,COLLIE_BESS2,0.0,60.0,5,f84b0984-5722-40e6-8fd7-bca4768e0deb,IN-SERVICE,NON-LIQUID,60.6,
2026-08-12T08:40:00+08:00,COLLIE_BESS2,75.0,250.0,6,f84b0984-5722-40e6-8fd7-bca4768e0deb,IN-SERVICE,NON-LIQUID,252.5,
2026-08-12T08:40:00+08:00,COLLIE_BESS2,75.0,367.0,7,f84b0984-5722-40e6-8fd7-bca4768e0deb,IN-SERVICE,NON-LIQUID,370.67,
2026-08-12T08:40:00+08:00,COLLIE_BESS2,150.0,622.0,8,f84b0984-5722-40e6-8fd7-bca4768e0deb,IN-SERVICE,NON-LIQUID,628.22,
2026-08-12T08:40:00+08:00,COLLIE_BESS2,0.0,1188.12,9,f84b0984-5722-40e6-8fd7-bca4768e0deb,IN-SERVICE,NON-LIQUID,1200.0,
2026-08-12T08:40:00+08:00,COLLIE_BESS2,0.0,1188.12,10,f84b0984-5722-40e6-8fd7-bca4768e0deb,IN-SERVICE,NON-LIQUID,1200.0,
2026-08-12T08:40:00+08:00,COLLIE_ESR4,-250.0,112.71,1,451ef2e3-3eaf-4557-9b3a-c62dff8280a8,IN-SERVICE,NOT APPLICABLE,112.64,0.0
2026-08-12T08:40:00+08:00,COLLIE_ESR4,250.0,128.19,2,451ef2e3-3eaf-4557-9b3a-c62dff8280a8,IN-SERVICE,NOT APPLICABLE,128.11,0.0
2026-08-12T08:40:00+08:00,COLLIE_ESR5,-250.0,115.97,1,4990c0f0-065f-4056-a66d-3d98d20ad4fb,IN-SERVICE,NOT APPLICABLE,115.9,0.0
2026-08-12T08:40:00+08:00,COLLIE_ESR5,250.0,131.23,2,4990c0f0-065f-4056-a66d-3d98d20ad4fb,IN-SERVICE,NOT APPLICABLE,131.15,0.0
2026-08-12T08:45:00+08:00,KWINANA_ESR1,-100.0,114.24,1,a1ef4d2d-e489-45b1-b97a-d232cdbc4d00,IN-SERVICE,NOT APPLICABLE,114.19,0.0
2026-08-12T08:45:00+08:00,KWINANA_ESR1,100.0,128.98,2,a1ef4d2d-e489-45b1-b97a-d232cdbc4d00,IN-SERVICE,NOT APPLICABLE,128.93,0.0
2026-08-12T08:45:00+08:00,COLLIE_ESR1,0.0,-1000.0,1,e8b754e8-aa80-4c09-86f4-6133afa61b1f,IN-SERVICE,NON-LIQUID,-999.4,
2026-08-12T08:45:00+08:00,COLLIE_ESR1,-100.0,-42.46,2,e8b754e8-aa80-4c09-86f4-6133afa61b1f,IN-SERVICE,NON-LIQUID,-42.43,
2026-08-12T08:45:00+08:00,COLLIE_ESR1,-100.0,-10.0,3,e8b754e8-aa80-4c09-86f4-6133afa61b1f,IN-SERVICE,NON-LIQUID,-9.99,
2026-08-12T08:45:00+08:00,COLLIE_ESR1,0.0,34.02,4,e8b754e8-aa80-4c09-86f4-6133afa61b1f,IN-SERVICE,NON-LIQUID,34.0,
2026-08-12T08:45:00+08:00,COLLIE_ESR1,0.0,60.0,5,e8b754e8-aa80-4c09-86f4-6133afa61b1f,IN-SERVICE,NON-LIQUID,59.96,
2026-08-12T08:45:00+08:00,COLLIE_ESR1,50.0,250.0,6,e8b754e8-aa80-4c09-86f4-6133afa61b1f,IN-SERVICE,NON-LIQUID,249.85,
2026-08-12T08:45:00+08:00,COLLIE_ESR1,100.0,367.0,7,e8b754e8-aa80-4c09-86f4-6133afa61b1f,IN-SERVICE,NON-LIQUID,366.78,
2026-08-12T08:45:00+08:00,COLLIE_ESR1,50.0,622.0,8,e8b754e8-aa80-4c09-86f4-6133afa61b1f,IN-SERVICE,NON-LIQUID,621.63,
2026-08-12T08:45:00+08:00,COLLIE_ESR1,0.0,1199.9,9,e8b754e8-aa80-4c09-86f4-6133afa61b1f,IN-SERVICE,NON-LIQUID,1199.18,
2026-08-12T08:45:00+08:00,COLLIE_ESR1,0.0,1200.0,10,e8b754e8-aa80-4c09-86f4-6133afa61b1f,IN-SERVICE,NON-LIQUID,1199.28,
2026-08-12T08:45:00+08:00,KWINANA_ESR2,-225.0,116.15,1,ea83c6de-6de7-45f3-9bd3-26cf71d6c99e,IN-SERVICE,NOT APPLICABLE,116.03,0.0
2026-08-12T08:45:00+08:00,KWINANA_ESR2,225.0,131.15,2,ea83c6de-6de7-45f3-9bd3-26cf71d6c99e,IN-SERVICE,NOT APPLICABLE,131.02,0.0
2026-08-12T08:45:00+08:00,COLLIE_BESS2,0.0,-990.1,1,a7bae97b-510e-4713-9253-a99c01a6a015,IN-SERVICE,NON-LIQUID,-1000.0,
2026-08-12T08:45:00+08:00,COLLIE_BESS2,-150.0,-42.46,2,a7bae97b-510e-4713-9253-a99c01a6a015,IN-SERVICE,NON-LIQUID,-42.88,
2026-08-12T08:45:00+08:00,COLLIE_BESS2,-150.0,-10.0,3,a7bae97b-510e-4713-9253-a99c01a6a015,IN-SERVICE,NON-LIQUID,-10.1,
2026-08-12T08:45:00+08:00,COLLIE_BESS2,0.0,34.02,4,a7bae97b-510e-4713-9253-a99c01a6a015,IN-SERVICE,NON-LIQUID,34.36,
2026-08-12T08:45:00+08:00,COLLIE_BESS2,0.0,60.0,5,a7bae97b-510e-4713-9253-a99c01a6a015,IN-SERVICE,NON-LIQUID,60.6,
2026-08-12T08:45:00+08:00,COLLIE_BESS2,75.0,250.0,6,a7bae97b-510e-4713-9253-a99c01a6a015,IN-SERVICE,NON-LIQUID,252.5,
2026-08-12T08:45:00+08:00,COLLIE_BESS2,75.0,367.0,7,a7bae97b-510e-4713-9253-a99c01a6a015,IN-SERVICE,NON-LIQUID,370.67,
2026-08-12T08:45:00+08:00,COLLIE_BESS2,150.0,622.0,8,a7bae97b-510e-4713-9253-a99c01a6a015,IN-SERVICE,NON-LIQUID,628.22,
2026-08-12T08:45:00+08:00,COLLIE_BESS2,0.0,1188.12,9,a7bae97b-510e-4713-9253-a99c01a6a015,IN-SERVICE,NON-LIQUID,1200.0,
2026-08-12T08:45:00+08:00,COLLIE_BESS2,0.0,1188.12,10,a7bae97b-510e-4713-9253-a99c01a6a015,IN-SERVICE,NON-LIQUID,1200.0,
2026-08-12T08:45:00+08:00,COLLIE_ESR4,-250.0,112.71,1,451ef2e3-3eaf-4557-9b3a-c62dff8280a8,IN-SERVICE,NOT APPLICABLE,112.64,0.0
2026-08-12T08:45:00+08:00,COLLIE_ESR4,250.0,128.19,2,451ef2e3-3eaf-4557-9b3a-c62dff8280a8,IN-SERVICE,NOT APPLICABLE,128.11,0.0
2026-08-12T08:45:00+08:00,COLLIE_ESR5,-250.0,115.97,1,4990c0f0-065f-4056-a66d-3d98d20ad4fb,IN-SERVICE,NOT APPLICABLE,115.9,0.0
2026-08-12T08:45:00+08:00,COLLIE_ESR5,250.0,131.23,2,4990c0f0-065f-4056-a66d-3d98d20ad4fb,IN-SERVICE,NOT APPLICABLE,131.15,0.0
2026-08-12T08:50:00+08:00,KWINANA_ESR1,-100.0,114.28,1,537f3dac-c661-4d09-8403-830b86996c22,IN-SERVICE,NOT APPLICABLE,114.23,0.0
2026-08-12T08:50:00+08:00,KWINANA_ESR1,100.0,129.02,2,537f3dac-c661-4d09-8403-830b86996c22,IN-SERVICE,NOT APPLICABLE,128.97,0.0
2026-08-12T08:50:00+08:00,COLLIE_ESR1,0.0,-1000.0,1,d0e679cd-9f10-4e79-a7e1-e830e6cb852d,IN-SERVICE,NON-LIQUID,-999.4,
2026-08-12T08:50:00+08:00,COLLIE_ESR1,-100.0,-42.46,2,d0e679cd-9f10-4e79-a7e1-e830e6cb852d,IN-SERVICE,NON-LIQUID,-42.43,
2026-08-12T08:50:00+08:00,COLLIE_ESR1,-100.0,-10.0,3,d0e679cd-9f10-4e79-a7e1-e830e6cb852d,IN-SERVICE,NON-LIQUID,-9.99,
2026-08-12T08:50:00+08:00,COLLIE_ESR1,0.0,34.02,4,d0e679cd-9f10-4e79-a7e1-e830e6cb852d,IN-SERVICE,NON-LIQUID,34.0,
2026-08-12T08:50:00+08:00,COLLIE_ESR1,0.0,60.0,5,d0e679cd-9f10-4e79-a7e1-e830e6cb852d,IN-SERVICE,NON-LIQUID,59.96,
2026-08-12T08:50:00+08:00,COLLIE_ESR1,50.0,250.0,6,d0e679cd-9f10-4e79-a7e1-e830e6cb852d,IN-SERVICE,NON-LIQUID,249.85,
2026-08-12T08:50:00+08:00,COLLIE_ESR1,100.0,367.0,7,d0e679cd-9f10-4e79-a7e1-e830e6cb852d,IN-SERVICE,NON-LIQUID,366.78,
2026-08-12T08:50:00+08:00,COLLIE_ESR1,50.0,622.0,8,d0e679cd-9f10-4e79-a7e1-e830e6cb852d,IN-SERVICE,NON-LIQUID,621.63,
2026-08-12T08:50:00+08:00,COLLIE_ESR1,0.0,1199.9,9,d0e679cd-9f10-4e79-a7e1-e830e6cb852d,IN-SERVICE,NON-LIQUID,1199.18,
2026-08-12T08:50:00+08:00,COLLIE_ESR1,0.0,1200.0,10,d0e679cd-9f10-4e79-a7e1-e830e6cb852d,IN-SERVICE,NON-LIQUID,1199.28,
2026-08-12T08:50:00+08:00,KWINANA_ESR2,-225.0,116.23,1,c55cc05f-efe1-4ad1-8593-ad7e2fdff17c,IN-SERVICE,NOT APPLICABLE,116.11,0.0
2026-08-12T08:50:00+08:00,KWINANA_ESR2,225.0,131.23,2,c55cc05f-efe1-4ad1-8593-ad7e2fdff17c,IN-SERVICE,NOT APPLICABLE,131.1,0.0
2026-08-12T08:50:00+08:00,COLLIE_BESS2,0.0,-990.1,1,33b73996-8d64-4c77-be5e-f9d38381f354,IN-SERVICE,NON-LIQUID,-1000.0,
2026-08-12T08:50:00+08:00,COLLIE_BESS2,-150.0,-42.46,2,33b73996-8d64-4c77-be5e-f9d38381f354,IN-SERVICE,NON-LIQUID,-42.88,
2026-08-12T08:50:00+08:00,COLLIE_BESS2,-150.0,-10.0,3,33b73996-8d64-4c77-be5e-f9d38381f354,IN-SERVICE,NON-LIQUID,-10.1,
2026-08-12T08:50:00+08:00,COLLIE_BESS2,0.0,34.02,4,33b73996-8d64-4c77-be5e-f9d38381f354,IN-SERVICE,NON-LIQUID,34.36,
2026-08-12T08:50:00+08:00,COLLIE_BESS2,0.0,60.0,5,33b73996-8d64-4c77-be5e-f9d38381f354,IN-SERVICE,NON-LIQUID,60.6,
2026-08-12T08:50:00+08:00,COLLIE_BESS2,75.0,250.0,6,33b73996-8d64-4c77-be5e-f9d38381f354,IN-SERVICE,NON-LIQUID,252.5,
2026-08-12T08:50:00+08:00,COLLIE_BESS2,75.0,367.0,7,33b73996-8d64-4c77-be5e-f9d38381f354,IN-SERVICE,NON-LIQUID,370.67,
2026-08-12T08:50:00+08:00,COLLIE_BESS2,150.0,622.0,8,33b73996-8d64-4c77-be5e-f9d38381f354,IN-SERVICE,NON-LIQUID,628.22,
2026-08-12T08:50:00+08:00,COLLIE_BESS2,0.0,1188.12,9,33b73996-8d64-4c77-be5e-f9d38381f354,IN-SERVICE,NON-LIQUID,1200.0,
2026-08-12T08:50:00+08:00,COLLIE_BESS2,0.0,1188.12,10,33b73996-8d64-4c77-be5e-f9d38381f354,IN-SERVICE,NON-LIQUID,1200.0,
2026-08-12T08:50:00+08:00,COLLIE_ESR4,-250.0,108.57,1,8543eb0a-242d-4bed-8cff-28d190c7e0da,IN-SERVICE,NOT APPLICABLE,108.5,0.0
2026-08-12T08:50:00+08:00,COLLIE_ESR4,250.0,124.05,2,8543eb0a-242d-4bed-8cff-28d190c7e0da,IN-SERVICE,NOT APPLICABLE,123.98,0.0
2026-08-12T08:50:00+08:00,COLLIE_ESR5,-250.0,108.68,1,b8dfa095-2b7b-4b08-9caf-70f87ea645b6,IN-SERVICE,NOT APPLICABLE,108.61,0.0
2026-08-12T08:50:00+08:00,COLLIE_ESR5,250.0,123.94,2,b8dfa095-2b7b-4b08-9caf-70f87ea645b6,IN-SERVICE,NOT APPLICABLE,123.87,0.0
2026-08-12T08:55:00+08:00,KWINANA_ESR1,-100.0,110.15,1,537f3dac-c661-4d09-8403-830b86996c22,IN-SERVICE,NOT APPLICABLE,110.11,0.0
2026-08-12T08:55:00+08:00,KWINANA_ESR1,100.0,124.89,2,537f3dac-c661-4d09-8403-830b86996c22,IN-SERVICE,NOT APPLICABLE,124.84,0.0
2026-08-12T08:55:00+08:00,COLLIE_ESR1,0.0,-1000.0,1,65334797-5545-417c-aec3-1ca37be435ea,IN-SERVICE,NON-LIQUID,-999.4,
2026-08-12T08:55:00+08:00,COLLIE_ESR1,-100.0,-42.46,2,65334797-5545-417c-aec3-1ca37be435ea,IN-SERVICE,NON-LIQUID,-42.43,
2026-08-12T08:55:00+08:00,COLLIE_ESR1,-100.0,-10.0,3,65334797-5545-417c-aec3-1ca37be435ea,IN-SERVICE,NON-LIQUID,-9.99,
2026-08-12T08:55:00+08:00,COLLIE_ESR1,0.0,34.02,4,65334797-5545-417c-aec3-1ca37be435ea,IN-SERVICE,NON-LIQUID,34.0,
2026-08-12T08:55:00+08:00,COLLIE_ESR1,0.0,60.0,5,65334797-5545-417c-aec3-1ca37be435ea,IN-SERVICE,NON-LIQUID,59.96,
2026-08-12T08:55:00+08:00,COLLIE_ESR1,50.0,250.0,6,65334797-5545-417c-aec3-1ca37be435ea,IN-SERVICE,NON-LIQUID,249.85,
2026-08-12T08:55:00+08:00,COLLIE_ESR1,100.0,367.0,7,65334797-5545-417c-aec3-1ca37be435ea,IN-SERVICE,NON-LIQUID,366.78,
2026-08-12T08:55:00+08:00,COLLIE_ESR1,50.0,622.0,8,65334797-5545-417c-aec3-1ca37be435ea,IN-SERVICE,NON-LIQUID,621.63,
2026-08-12T08:55:00+08:00,COLLIE_ESR1,0.0,1199.9,9,65334797-5545-417c-aec3-1ca37be435ea,IN-SERVICE,NON-LIQUID,1199.18,
2026-08-12T08:55:00+08:00,COLLIE_ESR1,0.0,1200.0,10,65334797-5545-417c-aec3-1ca37be435ea,IN-SERVICE,NON-LIQUID,1199.28,
2026-08-12T08:55:00+08:00,KWINANA_ESR2,-225.0,114.22,1,c55cc05f-efe1-4ad1-8593-ad7e2fdff17c,IN-SERVICE,NOT APPLICABLE,114.11,0.0
2026-08-12T08:55:00+08:00,KWINANA_ESR2,225.0,129.22,2,c55cc05f-efe1-4ad1-8593-ad7e2fdff17c,IN-SERVICE,NOT APPLICABLE,129.09,0.0
2026-08-12T08:55:00+08:00,COLLIE_BESS2,0.0,-990.1,1,b0df92ed-f176-4e1b-b41d-11c837b075df,IN-SERVICE,NON-LIQUID,-1000.0,
2026-08-12T08:55:00+08:00,COLLIE_BESS2,-150.0,-42.46,2,b0df92ed-f176-4e1b-b41d-11c837b075df,IN-SERVICE,NON-LIQUID,-42.88,
2026-08-12T08:55:00+08:00,COLLIE_BESS2,-150.0,-10.0,3,b0df92ed-f176-4e1b-b41d-11c837b075df,IN-SERVICE,NON-LIQUID,-10.1,
2026-08-12T08:55:00+08:00,COLLIE_BESS2,0.0,34.02,4,b0df92ed-f176-4e1b-b41d-11c837b075df,IN-SERVICE,NON-LIQUID,34.36,
2026-08-12T08:55:00+08:00,COLLIE_BESS2,0.0,60.0,5,b0df92ed-f176-4e1b-b41d-11c837b075df,IN-SERVICE,NON-LIQUID,60.6,
2026-08-12T08:55:00+08:00,COLLIE_BESS2,75.0,250.0,6,b0df92ed-f176-4e1b-b41d-11c837b075df,IN-SERVICE,NON-LIQUID,252.5,
2026-08-12T08:55:00+08:00,COLLIE_BESS2,75.0,367.0,7,b0df92ed-f176-4e1b-b41d-11c837b075df,IN-SERVICE,NON-LIQUID,370.67,
2026-08-12T08:55:00+08:00,COLLIE_BESS2,150.0,622.0,8,b0df92ed-f176-4e1b-b41d-11c837b075df,IN-SERVICE,NON-LIQUID,628.22,
2026-08-12T08:55:00+08:00,COLLIE_BESS2,0.0,1188.12,9,b0df92ed-f176-4e1b-b41d-11c837b075df,IN-SERVICE,NON-LIQUID,1200.0,
2026-08-12T08:55:00+08:00,COLLIE_BESS2,0.0,1188.12,10,b0df92ed-f176-4e1b-b41d-11c837b075df,IN-SERVICE,NON-LIQUID,1200.0,
2026-08-12T08:55:00+08:00,COLLIE_ESR4,-250.0,108.57,1,8543eb0a-242d-4bed-8cff-28d190c7e0da,IN-SERVICE,NOT APPLICABLE,108.5,0.0
2026-08-12T08:55:00+08:00,COLLIE_ESR4,250.0,124.05,2,8543eb0a-242d-4bed-8cff-28d190c7e0da,IN-SERVICE,NOT APPLICABLE,123.98,0.0
2026-08-12T08:55:00+08:00,COLLIE_ESR5,-250.0,108.68,1,b8dfa095-2b7b-4b08-9caf-70f87ea645b6,IN-SERVICE,NOT APPLICABLE,108.61,0.0
2026-08-12T08:55:00+08:00,COLLIE_ESR5,250.0,123.94,2,b8dfa095-2b7b-4b08-9caf-70f87ea645b6,IN-SERVICE,NOT APPLICABLE,123.87,0.0
2026-08-12T09:00:00+08:00,KWINANA_ESR1,-100.0,108.92,1,537f3dac-c661-4d09-8403-830b86996c22,IN-SERVICE,NOT APPLICABLE,108.88,0.0
2026-08-12T09:00:00+08:00,KWINANA_ESR1,100.0,123.66,2,537f3dac-c661-4d09-8403-830b86996c22,IN-SERVICE,NOT APPLICABLE,123.61,0.0
2026-08-12T09:00:00+08:00,COLLIE_ESR1,0.0,-1000.0,1,ae898efc-849a-4220-9719-933a55380b92,IN-SERVICE,NON-LIQUID,-999.4,
2026-08-12T09:00:00+08:00,COLLIE_ESR1,-100.0,-42.46,2,ae898efc-849a-4220-9719-933a55380b92,IN-SERVICE,NON-LIQUID,-42.43,
2026-08-12T09:00:00+08:00,COLLIE_ESR1,-100.0,-10.0,3,ae898efc-849a-4220-9719-933a55380b92,IN-SERVICE,NON-LIQUID,-9.99,
2026-08-12T09:00:00+08:00,COLLIE_ESR1,0.0,34.02,4,ae898efc-849a-4220-9719-933a55380b92,IN-SERVICE,NON-LIQUID,34.0,
2026-08-12T09:00:00+08:00,COLLIE_ESR1,0.0,60.0,5,ae898efc-849a-4220-9719-933a55380b92,IN-SERVICE,NON-LIQUID,59.96,
2026-08-12T09:00:00+08:00,COLLIE_ESR1,50.0,250.0,6,ae898efc-849a-4220-9719-933a55380b92,IN-SERVICE,NON-LIQUID,249.85,
2026-08-12T09:00:00+08:00,COLLIE_ESR1,100.0,367.0,7,ae898efc-849a-4220-9719-933a55380b92,IN-SERVICE,NON-LIQUID,366.78,
2026-08-12T09:00:00+08:00,COLLIE_ESR1,0.0,409.38,8,ae898efc-849a-4220-9719-933a55380b92,IN-SERVICE,NON-LIQUID,409.13,
2026-08-12T09:00:00+08:00,COLLIE_ESR1,50.0,622.0,9,ae898efc-849a-4220-9719-933a55380b92,IN-SERVICE,NON-LIQUID,621.63,
2026-08-12T09:00:00+08:00,COLLIE_ESR1,0.0,1200.0,10,ae898efc-849a-4220-9719-933a55380b92,IN-SERVICE,NON-LIQUID,1199.28,
2026-08-12T09:00:00+08:00,KWINANA_ESR2,-225.0,110.09,1,c55cc05f-efe1-4ad1-8593-ad7e2fdff17c,IN-SERVICE,NOT APPLICABLE,109.98,0.0
2026-08-12T09:00:00+08:00,KWINANA_ESR2,225.0,125.09,2,c55cc05f-efe1-4ad1-8593-ad7e2fdff17c,IN-SERVICE,NOT APPLICABLE,124.97,0.0
2026-08-12T09:00:00+08:00,COLLIE_BESS2,0.0,-990.1,1,a1c481ea-1efb-4cfe-ab39-63f3489b12d9,IN-SERVICE,NON-LIQUID,-1000.0,
2026-08-12T09:00:00+08:00,COLLIE_BESS2,-138.0,-42.46,2,a1c481ea-1efb-4cfe-ab39-63f3489b12d9,IN-SERVICE,NON-LIQUID,-42.88,
2026-08-12T09:00:00+08:00,COLLIE_BESS2,-138.0,-10.0,3,a1c481ea-1efb-4cfe-ab39-63f3489b12d9,IN-SERVICE,NON-LIQUID,-10.1,
2026-08-12T09:00:00+08:00,COLLIE_BESS2,0.0,34.02,4,a1c481ea-1efb-4cfe-ab39-63f3489b12d9,IN-SERVICE,NON-LIQUID,34.36,
2026-08-12T09:00:00+08:00,COLLIE_BESS2,-24.0,125.06,5,a1c481ea-1efb-4cfe-ab39-63f3489b12d9,IN-SERVICE,NON-LIQUID,126.31,
2026-08-12T09:00:00+08:00,COLLIE_BESS2,75.0,250.0,6,a1c481ea-1efb-4cfe-ab39-63f3489b12d9,IN-SERVICE,NON-LIQUID,252.5,
2026-08-12T09:00:00+08:00,COLLIE_BESS2,75.0,367.0,7,a1c481ea-1efb-4cfe-ab39-63f3489b12d9,IN-SERVICE,NON-LIQUID,370.67,
2026-08-12T09:00:00+08:00,COLLIE_BESS2,0.0,409.38,8,a1c481ea-1efb-4cfe-ab39-63f3489b12d9,IN-SERVICE,NON-LIQUID,413.47,
2026-08-12T09:00:00+08:00,COLLIE_BESS2,150.0,622.0,9,a1c481ea-1efb-4cfe-ab39-63f3489b12d9,IN-SERVICE,NON-LIQUID,628.22,
2026-08-12T09:00:00+08:00,COLLIE_BESS2,0.0,1188.12,10,a1c481ea-1efb-4cfe-ab39-63f3489b12d9,IN-SERVICE,NON-LIQUID,1200.0,
2026-08-12T09:00:00+08:00,COLLIE_ESR4,-250.0,108.57,1,8543eb0a-242d-4bed-8cff-28d190c7e0da,IN-SERVICE,NOT APPLICABLE,108.5,0.0
2026-08-12T09:00:00+08:00,COLLIE_ESR4,250.0,124.05,2,8543eb0a-242d-4bed-8cff-28d190c7e0da,IN-SERVICE,NOT APPLICABLE,123.98,0.0
2026-08-12T09:00:00+08:00,COLLIE_ESR5,-250.0,108.68,1,b8dfa095-2b7b-4b08-9caf-70f87ea645b6,IN-SERVICE,NOT APPLICABLE,108.61,0.0
2026-08-12T09:00:00+08:00,COLLIE_ESR5,250.0,123.94,2,b8dfa095-2b7b-4b08-9caf-70f87ea645b6,IN-SERVICE,NOT APPLICABLE,123.87,0.0
2026-08-12T09:05:00+08:00,KWINANA_ESR1,-100.0,110.72,1,de021f30-5858-4d11-97a4-a9e39f0b07b4,IN-SERVICE,NOT APPLICABLE,110.68,0.0
2026-08-12T09:05:00+08:00,KWINANA_ESR1,100.0,125.11,2,de021f30-5858-4d11-97a4-a9e39f0b07b4,IN-SERVICE,NOT APPLICABLE,125.06,0.0
2026-08-12T09:05:00+08:00,COLLIE_ESR1,0.0,-1000.0,1,1b5a5681-9aa6-4884-b2de-c8ab0fbb8470,IN-SERVICE,NON-LIQUID,-999.4,
2026-08-12T09:05:00+08:00,COLLIE_ESR1,-100.0,-42.46,2,1b5a5681-9aa6-4884-b2de-c8ab0fbb8470,IN-SERVICE,NON-LIQUID,-42.43,
2026-08-12T09:05:00+08:00,COLLIE_ESR1,-100.0,-10.0,3,1b5a5681-9aa6-4884-b2de-c8ab0fbb8470,IN-SERVICE,NON-LIQUID,-9.99,
2026-08-12T09:05:00+08:00,COLLIE_ESR1,0.0,34.02,4,1b5a5681-9aa6-4884-b2de-c8ab0fbb8470,IN-SERVICE,NON-LIQUID,34.0,
2026-08-12T09:05:00+08:00,COLLIE_ESR1,0.0,60.0,5,1b5a5681-9aa6-4884-b2de-c8ab0fbb8470,IN-SERVICE,NON-LIQUID,59.96,
2026-08-12T09:05:00+08:00,COLLIE_ESR1,50.0,250.0,6,1b5a5681-9aa6-4884-b2de-c8ab0fbb8470,IN-SERVICE,NON-LIQUID,249.85,
2026-08-12T09:05:00+08:00,COLLIE_ESR1,100.0,367.0,7,1b5a5681-9aa6-4884-b2de-c8ab0fbb8470,IN-SERVICE,NON-LIQUID,366.78,
2026-08-12T09:05:00+08:00,COLLIE_ESR1,0.0,409.38,8,1b5a5681-9aa6-4884-b2de-c8ab0fbb8470,IN-SERVICE,NON-LIQUID,409.13,
2026-08-12T09:05:00+08:00,COLLIE_ESR1,50.0,622.0,9,1b5a5681-9aa6-4884-b2de-c8ab0fbb8470,IN-SERVICE,NON-LIQUID,621.63,
2026-08-12T09:05:00+08:00,COLLIE_ESR1,0.0,1200.0,10,1b5a5681-9aa6-4884-b2de-c8ab0fbb8470,IN-SERVICE,NON-LIQUID,1199.28,
2026-08-12T09:05:00+08:00,KWINANA_ESR2,-225.0,110.66,1,758ec2c1-c13a-4492-a8cc-361a469abcdd,IN-SERVICE,NOT APPLICABLE,110.55,0.0
2026-08-12T09:05:00+08:00,KWINANA_ESR2,225.0,125.66,2,758ec2c1-c13a-4492-a8cc-361a469abcdd,IN-SERVICE,NOT APPLICABLE,125.53,0.0
2026-08-12T09:05:00+08:00,COLLIE_BESS2,0.0,-990.1,1,9baa55bc-d677-4a1a-9f1b-779b43452bc7,IN-SERVICE,NON-LIQUID,-1000.0,
2026-08-12T09:05:00+08:00,COLLIE_BESS2,-150.0,-42.46,2,9baa55bc-d677-4a1a-9f1b-779b43452bc7,IN-SERVICE,NON-LIQUID,-42.88,
2026-08-12T09:05:00+08:00,COLLIE_BESS2,-150.0,-10.0,3,9baa55bc-d677-4a1a-9f1b-779b43452bc7,IN-SERVICE,NON-LIQUID,-10.1,
2026-08-12T09:05:00+08:00,COLLIE_BESS2,0.0,34.02,4,9baa55bc-d677-4a1a-9f1b-779b43452bc7,IN-SERVICE,NON-LIQUID,34.36,
2026-08-12T09:05:00+08:00,COLLIE_BESS2,0.0,60.0,5,9baa55bc-d677-4a1a-9f1b-779b43452bc7,IN-SERVICE,NON-LIQUID,60.6,
2026-08-12T09:05:00+08:00,COLLIE_BESS2,75.0,250.0,6,9baa55bc-d677-4a1a-9f1b-779b43452bc7,IN-SERVICE,NON-LIQUID,252.5,
2026-08-12T09:05:00+08:00,COLLIE_BESS2,75.0,367.0,7,9baa55bc-d677-4a1a-9f1b-779b43452bc7,IN-SERVICE,NON-LIQUID,370.67,
2026-08-12T09:05:00+08:00,COLLIE_BESS2,0.0,409.38,8,9baa55bc-d677-4a1a-9f1b-779b43452bc7,IN-SERVICE,NON-LIQUID,413.47,
2026-08-12T09:05:00+08:00,COLLIE_BESS2,150.0,622.0,9,9baa55bc-d677-4a1a-9f1b-779b43452bc7,IN-SERVICE,NON-LIQUID,628.22,
2026-08-12T09:05:00+08:00,COLLIE_BESS2,0.0,1188.12,10,9baa55bc-d677-4a1a-9f1b-779b43452bc7,IN-SERVICE,NON-LIQUID,1200.0,
2026-08-12T09:05:00+08:00,COLLIE_ESR4,-215.548,108.95,1,04d4c748-4af2-40c5-994f-96e48ff8d418,IN-SERVICE,NOT APPLICABLE,108.88,0.0
2026-08-12T09:05:00+08:00,COLLIE_ESR4,-34.452,110.02,2,04d4c748-4af2-40c5-994f-96e48ff8d418,IN-SERVICE,NOT APPLICABLE,109.95,0.0
2026-08-12T09:05:00+08:00,COLLIE_ESR4,250.0,125.5,3,04d4c748-4af2-40c5-994f-96e48ff8d418,IN-SERVICE,NOT APPLICABLE,125.42,0.0
2026-08-12T09:05:00+08:00,COLLIE_ESR5,-250.0,110.13,1,eaa3c259-550a-423d-a737-b4a1666f6bb7,IN-SERVICE,NOT APPLICABLE,110.06,0.0
2026-08-12T09:05:00+08:00,COLLIE_ESR5,250.0,125.74,2,eaa3c259-550a-423d-a737-b4a1666f6bb7,IN-SERVICE,NOT APPLICABLE,125.66,0.0
2026-08-12T09:10:00+08:00,KWINANA_ESR1,-100.0,110.37,1,de021f30-5858-4d11-97a4-a9e39f0b07b4,IN-SERVICE,NOT APPLICABLE,110.33,0.0
2026-08-12T09:10:00+08:00,KWINANA_ESR1,100.0,125.11,2,de021f30-5858-4d11-97a4-a9e39f0b07b4,IN-SERVICE,NOT APPLICABLE,125.06,0.0
2026-08-12T09:10:00+08:00,COLLIE_ESR1,0.0,-1000.0,1,4d543e7e-1b89-42a2-b550-fa30086c1633,IN-SERVICE,NON-LIQUID,-999.4,
2026-08-12T09:10:00+08:00,COLLIE_ESR1,-100.0,-42.46,2,4d543e7e-1b89-42a2-b550-fa30086c1633,IN-SERVICE,NON-LIQUID,-42.43,
2026-08-12T09:10:00+08:00,COLLIE_ESR1,-100.0,-10.0,3,4d543e7e-1b89-42a2-b550-fa30086c1633,IN-SERVICE,NON-LIQUID,-9.99,
2026-08-12T09:10:00+08:00,COLLIE_ESR1,0.0,34.02,4,4d543e7e-1b89-42a2-b550-fa30086c1633,IN-SERVICE,NON-LIQUID,34.0,
2026-08-12T09:10:00+08:00,COLLIE_ESR1,0.0,60.0,5,4d543e7e-1b89-42a2-b550-fa30086c1633,IN-SERVICE,NON-LIQUID,59.96,
2026-08-12T09:10:00+08:00,COLLIE_ESR1,50.0,250.0,6,4d543e7e-1b89-42a2-b550-fa30086c1633,IN-SERVICE,NON-LIQUID,249.85,
2026-08-12T09:10:00+08:00,COLLIE_ESR1,100.0,367.0,7,4d543e7e-1b89-42a2-b550-fa30086c1633,IN-SERVICE,NON-LIQUID,366.78,
2026-08-12T09:10:00+08:00,COLLIE_ESR1,0.0,409.38,8,4d543e7e-1b89-42a2-b550-fa30086c1633,IN-SERVICE,NON-LIQUID,409.13,
2026-08-12T09:10:00+08:00,COLLIE_ESR1,50.0,622.0,9,4d543e7e-1b89-42a2-b550-fa30086c1633,IN-SERVICE,NON-LIQUID,621.63,
2026-08-12T09:10:00+08:00,COLLIE_ESR1,0.0,1200.0,10,4d543e7e-1b89-42a2-b550-fa30086c1633,IN-SERVICE,NON-LIQUID,1199.28,
2026-08-12T09:10:00+08:00,KWINANA_ESR2,-225.0,110.66,1,758ec2c1-c13a-4492-a8cc-361a469abcdd,IN-SERVICE,NOT APPLICABLE,110.55,0.0
2026-08-12T09:10:00+08:00,KWINANA_ESR2,225.0,125.31,2,758ec2c1-c13a-4492-a8cc-361a469abcdd,IN-SERVICE,NOT APPLICABLE,125.18,0.0
2026-08-12T09:10:00+08:00,COLLIE_BESS2,0.0,-990.1,1,36c710bf-82ec-48f0-9857-d1613a6f6eb3,IN-SERVICE,NON-LIQUID,-1000.0,
2026-08-12T09:10:00+08:00,COLLIE_BESS2,-47.0,-42.46,2,36c710bf-82ec-48f0-9857-d1613a6f6eb3,IN-SERVICE,NON-LIQUID,-42.88,
2026-08-12T09:10:00+08:00,COLLIE_BESS2,-47.0,-10.0,3,36c710bf-82ec-48f0-9857-d1613a6f6eb3,IN-SERVICE,NON-LIQUID,-10.1,
2026-08-12T09:10:00+08:00,COLLIE_BESS2,0.0,34.02,4,36c710bf-82ec-48f0-9857-d1613a6f6eb3,IN-SERVICE,NON-LIQUID,34.36,
2026-08-12T09:10:00+08:00,COLLIE_BESS2,-206.0,113.97,5,36c710bf-82ec-48f0-9857-d1613a6f6eb3,IN-SERVICE,NON-LIQUID,115.11,
2026-08-12T09:10:00+08:00,COLLIE_BESS2,75.0,250.0,6,36c710bf-82ec-48f0-9857-d1613a6f6eb3,IN-SERVICE,NON-LIQUID,252.5,
2026-08-12T09:10:00+08:00,COLLIE_BESS2,75.0,367.0,7,36c710bf-82ec-48f0-9857-d1613a6f6eb3,IN-SERVICE,NON-LIQUID,370.67,
2026-08-12T09:10:00+08:00,COLLIE_BESS2,0.0,409.38,8,36c710bf-82ec-48f0-9857-d1613a6f6eb3,IN-SERVICE,NON-LIQUID,413.47,
2026-08-12T09:10:00+08:00,COLLIE_BESS2,150.0,622.0,9,36c710bf-82ec-48f0-9857-d1613a6f6eb3,IN-SERVICE,NON-LIQUID,628.22,
2026-08-12T09:10:00+08:00,COLLIE_BESS2,0.0,1188.12,10,36c710bf-82ec-48f0-9857-d1613a6f6eb3,IN-SERVICE,NON-LIQUID,1200.0,
2026-08-12T09:10:00+08:00,COLLIE_ESR4,-250.0,108.95,1,04d4c748-4af2-40c5-994f-96e48ff8d418,IN-SERVICE,NOT APPLICABLE,108.88,0.0
2026-08-12T09:10:00+08:00,COLLIE_ESR4,250.0,117.76,2,04d4c748-4af2-40c5-994f-96e48ff8d418,IN-SERVICE,NOT APPLICABLE,117.69,0.0
2026-08-12T09:10:00+08:00,COLLIE_ESR5,-250.0,110.13,1,eaa3c259-550a-423d-a737-b4a1666f6bb7,IN-SERVICE,NOT APPLICABLE,110.06,0.0
2026-08-12T09:10:00+08:00,COLLIE_ESR5,250.0,125.74,2,eaa3c259-550a-423d-a737-b4a1666f6bb7,IN-SERVICE,NOT APPLICABLE,125.66,0.0
2026-08-12T09:15:00+08:00,KWINANA_ESR1,-100.0,110.37,1,de021f30-5858-4d11-97a4-a9e39f0b07b4,IN-SERVICE,NOT APPLICABLE,110.33,0.0
2026-08-12T09:15:00+08:00,KWINANA_ESR1,100.0,125.11,2,de021f30-5858-4d11-97a4-a9e39f0b07b4,IN-SERVICE,NOT APPLICABLE,125.06,0.0
2026-08-12T09:15:00+08:00,COLLIE_ESR1,0.0,-1000.0,1,eb8a5b8c-362e-4707-9a5e-7fdba04d570b,IN-SERVICE,NON-LIQUID,-999.4,
2026-08-12T09:15:00+08:00,COLLIE_ESR1,-100.0,-42.46,2,eb8a5b8c-362e-4707-9a5e-7fdba04d570b,IN-SERVICE,NON-LIQUID,-42.43,
2026-08-12T09:15:00+08:00,COLLIE_ESR1,-100.0,-10.0,3,eb8a5b8c-362e-4707-9a5e-7fdba04d570b,IN-SERVICE,NON-LIQUID,-9.99,
2026-08-12T09:15:00+08:00,COLLIE_ESR1,0.0,34.02,4,eb8a5b8c-362e-4707-9a5e-7fdba04d570b,IN-SERVICE,NON-LIQUID,34.0,
2026-08-12T09:15:00+08:00,COLLIE_ESR1,0.0,60.0,5,eb8a5b8c-362e-4707-9a5e-7fdba04d570b,IN-SERVICE,NON-LIQUID,59.96,
2026-08-12T09:15:00+08:00,COLLIE_ESR1,50.0,250.0,6,eb8a5b8c-362e-4707-9a5e-7fdba04d570b,IN-SERVICE,NON-LIQUID,249.85,
2026-08-12T09:15:00+08:00,COLLIE_ESR1,100.0,367.0,7,eb8a5b8c-362e-4707-9a5e-7fdba04d570b,IN-SERVICE,NON-LIQUID,366.78,
2026-08-12T09:15:00+08:00,COLLIE_ESR1,0.0,409.38,8,eb8a5b8c-362e-4707-9a5e-7fdba04d570b,IN-SERVICE,NON-LIQUID,409.13,
2026-08-12T09:15:00+08:00,COLLIE_ESR1,50.0,622.0,9,eb8a5b8c-362e-4707-9a5e-7fdba04d570b,IN-SERVICE,NON-LIQUID,621.63,
2026-08-12T09:15:00+08:00,COLLIE_ESR1,0.0,1200.0,10,eb8a5b8c-362e-4707-9a5e-7fdba04d570b,IN-SERVICE,NON-LIQUID,1199.28,
2026-08-12T09:15:00+08:00,KWINANA_ESR2,-225.0,110.31,1,758ec2c1-c13a-4492-a8cc-361a469abcdd,IN-SERVICE,NOT APPLICABLE,110.2,0.0
2026-08-12T09:15:00+08:00,KWINANA_ESR2,225.0,125.31,2,758ec2c1-c13a-4492-a8cc-361a469abcdd,IN-SERVICE,NOT APPLICABLE,125.18,0.0
2026-08-12T09:15:00+08:00,COLLIE_BESS2,0.0,-990.1,1,8bbc1eba-ee95-4c7c-bd92-fc817f0fb006,IN-SERVICE,NON-LIQUID,-1000.0,
2026-08-12T09:15:00+08:00,COLLIE_BESS2,-112.0,-42.46,2,8bbc1eba-ee95-4c7c-bd92-fc817f0fb006,IN-SERVICE,NON-LIQUID,-42.88,
2026-08-12T09:15:00+08:00,COLLIE_BESS2,-112.0,-10.0,3,8bbc1eba-ee95-4c7c-bd92-fc817f0fb006,IN-SERVICE,NON-LIQUID,-10.1,
2026-08-12T09:15:00+08:00,COLLIE_BESS2,0.0,34.02,4,8bbc1eba-ee95-4c7c-bd92-fc817f0fb006,IN-SERVICE,NON-LIQUID,34.36,
2026-08-12T09:15:00+08:00,COLLIE_BESS2,-76.0,113.95,5,8bbc1eba-ee95-4c7c-bd92-fc817f0fb006,IN-SERVICE,NON-LIQUID,115.09,
2026-08-12T09:15:00+08:00,COLLIE_BESS2,75.0,250.0,6,8bbc1eba-ee95-4c7c-bd92-fc817f0fb006,IN-SERVICE,NON-LIQUID,252.5,
2026-08-12T09:15:00+08:00,COLLIE_BESS2,75.0,367.0,7,8bbc1eba-ee95-4c7c-bd92-fc817f0fb006,IN-SERVICE,NON-LIQUID,370.67,
2026-08-12T09:15:00+08:00,COLLIE_BESS2,0.0,409.38,8,8bbc1eba-ee95-4c7c-bd92-fc817f0fb006,IN-SERVICE,NON-LIQUID,413.47,
2026-08-12T09:15:00+08:00,COLLIE_BESS2,150.0,622.0,9,8bbc1eba-ee95-4c7c-bd92-fc817f0fb006,IN-SERVICE,NON-LIQUID,628.22,
2026-08-12T09:15:00+08:00,COLLIE_BESS2,0.0,1188.12,10,8bbc1eba-ee95-4c7c-bd92-fc817f0fb006,IN-SERVICE,NON-LIQUID,1200.0,
2026-08-12T09:15:00+08:00,COLLIE_ESR4,-250.0,101.2,1,04d4c748-4af2-40c5-994f-96e48ff8d418,IN-SERVICE,NOT APPLICABLE,101.14,0.0
2026-08-12T09:15:00+08:00,COLLIE_ESR4,237.744,116.69,2,04d4c748-4af2-40c5-994f-96e48ff8d418,IN-SERVICE,NOT APPLICABLE,116.62,0.0
2026-08-12T09:15:00+08:00,COLLIE_ESR4,12.256,117.76,3,04d4c748-4af2-40c5-994f-96e48ff8d418,IN-SERVICE,NOT APPLICABLE,117.69,0.0
2026-08-12T09:15:00+08:00,COLLIE_ESR5,-250.0,110.13,1,eaa3c259-550a-423d-a737-b4a1666f6bb7,IN-SERVICE,NOT APPLICABLE,110.06,0.0
2026-08-12T09:15:00+08:00,COLLIE_ESR5,250.0,125.39,2,eaa3c259-550a-423d-a737-b4a1666f6bb7,IN-SERVICE,NOT APPLICABLE,125.31,0.0
2026-08-12T09:20:00+08:00,KWINANA_ESR1,-100.0,102.87,1,b08ffc02-fbcd-4f55-8967-bb6d6868e0bd,IN-SERVICE,NOT APPLICABLE,102.83,0.0
2026-08-12T09:20:00+08:00,KWINANA_ESR1,100.0,117.61,2,b08ffc02-fbcd-4f55-8967-bb6d6868e0bd,IN-SERVICE,NOT APPLICABLE,117.56,0.0
2026-08-12T09:20:00+08:00,COLLIE_ESR1,0.0,-1000.0,1,7dc76c26-af59-4981-9a01-1ee6e9646b40,IN-SERVICE,NON-LIQUID,-999.4,
2026-08-12T09:20:00+08:00,COLLIE_ESR1,-98.0,-42.46,2,7dc76c26-af59-4981-9a01-1ee6e9646b40,IN-SERVICE,NON-LIQUID,-42.43,
2026-08-12T09:20:00+08:00,COLLIE_ESR1,-99.0,-10.0,3,7dc76c26-af59-4981-9a01-1ee6e9646b40,IN-SERVICE,NON-LIQUID,-9.99,
2026-08-12T09:20:00+08:00,COLLIE_ESR1,0.0,34.02,4,7dc76c26-af59-4981-9a01-1ee6e9646b40,IN-SERVICE,NON-LIQUID,34.0,
2026-08-12T09:20:00+08:00,COLLIE_ESR1,-3.0,118.57,5,7dc76c26-af59-4981-9a01-1ee6e9646b40,IN-SERVICE,NON-LIQUID,118.5,
2026-08-12T09:20:00+08:00,COLLIE_ESR1,50.0,250.0,6,7dc76c26-af59-4981-9a01-1ee6e9646b40,IN-SERVICE,NON-LIQUID,249.85,
2026-08-12T09:20:00+08:00,COLLIE_ESR1,100.0,367.0,7,7dc76c26-af59-4981-9a01-1ee6e9646b40,IN-SERVICE,NON-LIQUID,366.78,
2026-08-12T09:20:00+08:00,COLLIE_ESR1,0.0,409.38,8,7dc76c26-af59-4981-9a01-1ee6e9646b40,IN-SERVICE,NON-LIQUID,409.13,
2026-08-12T09:20:00+08:00,COLLIE_ESR1,50.0,622.0,9,7dc76c26-af59-4981-9a01-1ee6e9646b40,IN-SERVICE,NON-LIQUID,621.63,
2026-08-12T09:20:00+08:00,COLLIE_ESR1,0.0,1200.0,10,7dc76c26-af59-4981-9a01-1ee6e9646b40,IN-SERVICE,NON-LIQUID,1199.28,
2026-08-12T09:20:00+08:00,KWINANA_ESR2,-225.0,102.81,1,d942422f-fc24-412d-88dc-7c8f2d5348c8,IN-SERVICE,NOT APPLICABLE,102.71,0.0
2026-08-12T09:20:00+08:00,KWINANA_ESR2,225.0,117.81,2,d942422f-fc24-412d-88dc-7c8f2d5348c8,IN-SERVICE,NOT APPLICABLE,117.69,0.0
2026-08-12T09:20:00+08:00,COLLIE_BESS2,0.0,-990.1,1,e55cb6bf-b00a-4485-acdd-4a0686972aa8,IN-SERVICE,NON-LIQUID,-1000.0,
2026-08-12T09:20:00+08:00,COLLIE_BESS2,-150.0,-42.46,2,e55cb6bf-b00a-4485-acdd-4a0686972aa8,IN-SERVICE,NON-LIQUID,-42.88,
2026-08-12T09:20:00+08:00,COLLIE_BESS2,-150.0,-10.0,3,e55cb6bf-b00a-4485-acdd-4a0686972aa8,IN-SERVICE,NON-LIQUID,-10.1,
2026-08-12T09:20:00+08:00,COLLIE_BESS2,0.0,34.02,4,e55cb6bf-b00a-4485-acdd-4a0686972aa8,IN-SERVICE,NON-LIQUID,34.36,
2026-08-12T09:20:00+08:00,COLLIE_BESS2,0.0,60.0,5,e55cb6bf-b00a-4485-acdd-4a0686972aa8,IN-SERVICE,NON-LIQUID,60.6,
2026-08-12T09:20:00+08:00,COLLIE_BESS2,75.0,250.0,6,e55cb6bf-b00a-4485-acdd-4a0686972aa8,IN-SERVICE,NON-LIQUID,252.5,
2026-08-12T09:20:00+08:00,COLLIE_BESS2,75.0,367.0,7,e55cb6bf-b00a-4485-acdd-4a0686972aa8,IN-SERVICE,NON-LIQUID,370.67,
2026-08-12T09:20:00+08:00,COLLIE_BESS2,0.0,409.38,8,e55cb6bf-b00a-4485-acdd-4a0686972aa8,IN-SERVICE,NON-LIQUID,413.47,
2026-08-12T09:20:00+08:00,COLLIE_BESS2,150.0,622.0,9,e55cb6bf-b00a-4485-acdd-4a0686972aa8,IN-SERVICE,NON-LIQUID,628.22,
2026-08-12T09:20:00+08:00,COLLIE_BESS2,0.0,1188.12,10,e55cb6bf-b00a-4485-acdd-4a0686972aa8,IN-SERVICE,NON-LIQUID,1200.0,
2026-08-12T09:20:00+08:00,COLLIE_ESR4,-250.0,97.86,1,0b386367-2f22-433e-b35f-abc354fa075e,IN-SERVICE,NOT APPLICABLE,97.8,0.0
2026-08-12T09:20:00+08:00,COLLIE_ESR4,250.0,113.34,2,0b386367-2f22-433e-b35f-abc354fa075e,IN-SERVICE,NOT APPLICABLE,113.27,0.0
2026-08-12T09:20:00+08:00,COLLIE_ESR5,-250.0,102.64,1,7653a3ea-d301-411c-95f3-6bdb2b35e9bc,IN-SERVICE,NOT APPLICABLE,102.58,0.0
2026-08-12T09:20:00+08:00,COLLIE_ESR5,250.0,117.9,2,7653a3ea-d301-411c-95f3-6bdb2b35e9bc,IN-SERVICE,NOT APPLICABLE,117.83,0.0
2026-08-12T09:25:00+08:00,KWINANA_ESR1,-100.0,102.87,1,b08ffc02-fbcd-4f55-8967-bb6d6868e0bd,IN-SERVICE,NOT APPLICABLE,102.83,0.0
2026-08-12T09:25:00+08:00,KWINANA_ESR1,100.0,117.61,2,b08ffc02-fbcd-4f55-8967-bb6d6868e0bd,IN-SERVICE,NOT APPLICABLE,117.56,0.0
2026-08-12T09:25:00+08:00,COLLIE_ESR1,0.0,-1000.0,1,da002aa4-40f2-4213-99f3-35806c8ffa9e,IN-SERVICE,NON-LIQUID,-999.4,
2026-08-12T09:25:00+08:00,COLLIE_ESR1,-20.0,-42.46,2,da002aa4-40f2-4213-99f3-35806c8ffa9e,IN-SERVICE,NON-LIQUID,-42.43,
2026-08-12T09:25:00+08:00,COLLIE_ESR1,-20.0,-10.0,3,da002aa4-40f2-4213-99f3-35806c8ffa9e,IN-SERVICE,NON-LIQUID,-9.99,
2026-08-12T09:25:00+08:00,COLLIE_ESR1,0.0,34.02,4,da002aa4-40f2-4213-99f3-35806c8ffa9e,IN-SERVICE,NON-LIQUID,34.0,
2026-08-12T09:25:00+08:00,COLLIE_ESR1,-160.0,114.48,5,da002aa4-40f2-4213-99f3-35806c8ffa9e,IN-SERVICE,NON-LIQUID,114.41,
2026-08-12T09:25:00+08:00,COLLIE_ESR1,50.0,250.0,6,da002aa4-40f2-4213-99f3-35806c8ffa9e,IN-SERVICE,NON-LIQUID,249.85,
2026-08-12T09:25:00+08:00,COLLIE_ESR1,100.0,367.0,7,da002aa4-40f2-4213-99f3-35806c8ffa9e,IN-SERVICE,NON-LIQUID,366.78,
2026-08-12T09:25:00+08:00,COLLIE_ESR1,0.0,409.38,8,da002aa4-40f2-4213-99f3-35806c8ffa9e,IN-SERVICE,NON-LIQUID,409.13,
2026-08-12T09:25:00+08:00,COLLIE_ESR1,50.0,622.0,9,da002aa4-40f2-4213-99f3-35806c8ffa9e,IN-SERVICE,NON-LIQUID,621.63,
2026-08-12T09:25:00+08:00,COLLIE_ESR1,0.0,1200.0,10,da002aa4-40f2-4213-99f3-35806c8ffa9e,IN-SERVICE,NON-LIQUID,1199.28,
2026-08-12T09:25:00+08:00,KWINANA_ESR2,-225.0,102.81,1,d942422f-fc24-412d-88dc-7c8f2d5348c8,IN-SERVICE,NOT APPLICABLE,102.71,0.0
2026-08-12T09:25:00+08:00,KWINANA_ESR2,225.0,117.81,2,d942422f-fc24-412d-88dc-7c8f2d5348c8,IN-SERVICE,NOT APPLICABLE,117.69,0.0
2026-08-12T09:25:00+08:00,COLLIE_BESS2,0.0,-990.1,1,f9cab9d2-7405-4328-a1ad-09abd24e5232,IN-SERVICE,NON-LIQUID,-1000.0,
2026-08-12T09:25:00+08:00,COLLIE_BESS2,-40.0,-42.46,2,f9cab9d2-7405-4328-a1ad-09abd24e5232,IN-SERVICE,NON-LIQUID,-42.88,
2026-08-12T09:25:00+08:00,COLLIE_BESS2,-40.0,-10.0,3,f9cab9d2-7405-4328-a1ad-09abd24e5232,IN-SERVICE,NON-LIQUID,-10.1,
2026-08-12T09:25:00+08:00,COLLIE_BESS2,0.0,34.02,4,f9cab9d2-7405-4328-a1ad-09abd24e5232,IN-SERVICE,NON-LIQUID,34.36,
2026-08-12T09:25:00+08:00,COLLIE_BESS2,-220.0,109.98,5,f9cab9d2-7405-4328-a1ad-09abd24e5232,IN-SERVICE,NON-LIQUID,111.08,
2026-08-12T09:25:00+08:00,COLLIE_BESS2,75.0,250.0,6,f9cab9d2-7405-4328-a1ad-09abd24e5232,IN-SERVICE,NON-LIQUID,252.5,
2026-08-12T09:25:00+08:00,COLLIE_BESS2,75.0,367.0,7,f9cab9d2-7405-4328-a1ad-09abd24e5232,IN-SERVICE,NON-LIQUID,370.67,
2026-08-12T09:25:00+08:00,COLLIE_BESS2,0.0,409.38,8,f9cab9d2-7405-4328-a1ad-09abd24e5232,IN-SERVICE,NON-LIQUID,413.47,
2026-08-12T09:25:00+08:00,COLLIE_BESS2,150.0,622.0,9,f9cab9d2-7405-4328-a1ad-09abd24e5232,IN-SERVICE,NON-LIQUID,628.22,
2026-08-12T09:25:00+08:00,COLLIE_BESS2,0.0,1188.12,10,f9cab9d2-7405-4328-a1ad-09abd24e5232,IN-SERVICE,NON-LIQUID,1200.0,
2026-08-12T09:25:00+08:00,COLLIE_ESR4,-250.0,97.86,1,0b386367-2f22-433e-b35f-abc354fa075e,IN-SERVICE,NOT APPLICABLE,97.8,0.0
2026-08-12T09:25:00+08:00,COLLIE_ESR4,250.0,113.34,2,0b386367-2f22-433e-b35f-abc354fa075e,IN-SERVICE,NOT APPLICABLE,113.27,0.0
2026-08-12T09:25:00+08:00,COLLIE_ESR5,-250.0,102.64,1,7653a3ea-d301-411c-95f3-6bdb2b35e9bc,IN-SERVICE,NOT APPLICABLE,102.58,0.0
2026-08-12T09:25:00+08:00,COLLIE_ESR5,250.0,117.9,2,7653a3ea-d301-411c-95f3-6bdb2b35e9bc,IN-SERVICE,NOT APPLICABLE,117.83,0.0
2026-08-12T09:30:00+08:00,KWINANA_ESR1,-100.0,97.11,1,b08ffc02-fbcd-4f55-8967-bb6d6868e0bd,IN-SERVICE,NOT APPLICABLE,97.07,0.0
2026-08-12T09:30:00+08:00,KWINANA_ESR1,100.0,111.85,2,b08ffc02-fbcd-4f55-8967-bb6d6868e0bd,IN-SERVICE,NOT APPLICABLE,111.81,0.0
2026-08-12T09:30:00+08:00,COLLIE_ESR1,0.0,-1000.0,1,4681fc9a-cfdd-49cd-bd50-9850c78c483b,IN-SERVICE,NON-LIQUID,-999.4,
2026-08-12T09:30:00+08:00,COLLIE_ESR1,-25.0,-42.46,2,4681fc9a-cfdd-49cd-bd50-9850c78c483b,IN-SERVICE,NON-LIQUID,-42.43,
2026-08-12T09:30:00+08:00,COLLIE_ESR1,-26.0,-10.0,3,4681fc9a-cfdd-49cd-bd50-9850c78c483b,IN-SERVICE,NON-LIQUID,-9.99,
2026-08-12T09:30:00+08:00,COLLIE_ESR1,0.0,34.02,4,4681fc9a-cfdd-49cd-bd50-9850c78c483b,IN-SERVICE,NON-LIQUID,34.0,
2026-08-12T09:30:00+08:00,COLLIE_ESR1,-149.0,118.17,5,4681fc9a-cfdd-49cd-bd50-9850c78c483b,IN-SERVICE,NON-LIQUID,118.1,
2026-08-12T09:30:00+08:00,COLLIE_ESR1,50.0,250.0,6,4681fc9a-cfdd-49cd-bd50-9850c78c483b,IN-SERVICE,NON-LIQUID,249.85,
2026-08-12T09:30:00+08:00,COLLIE_ESR1,100.0,367.0,7,4681fc9a-cfdd-49cd-bd50-9850c78c483b,IN-SERVICE,NON-LIQUID,366.78,
2026-08-12T09:30:00+08:00,COLLIE_ESR1,0.0,400.0,8,4681fc9a-cfdd-49cd-bd50-9850c78c483b,IN-SERVICE,NON-LIQUID,399.76,
2026-08-12T09:30:00+08:00,COLLIE_ESR1,50.0,622.0,9,4681fc9a-cfdd-49cd-bd50-9850c78c483b,IN-SERVICE,NON-LIQUID,621.63,
2026-08-12T09:30:00+08:00,COLLIE_ESR1,0.0,1200.0,10,4681fc9a-cfdd-49cd-bd50-9850c78c483b,IN-SERVICE,NON-LIQUID,1199.28,
2026-08-12T09:30:00+08:00,KWINANA_ESR2,-225.0,102.81,1,d942422f-fc24-412d-88dc-7c8f2d5348c8,IN-SERVICE,NOT APPLICABLE,102.71,0.0
2026-08-12T09:30:00+08:00,KWINANA_ESR2,225.0,117.81,2,d942422f-fc24-412d-88dc-7c8f2d5348c8,IN-SERVICE,NOT APPLICABLE,117.69,0.0
2026-08-12T09:30:00+08:00,COLLIE_BESS2,0.0,-990.1,1,a867f500-d06e-4667-a388-ba5e544c7ac6,IN-SERVICE,NON-LIQUID,-1000.0,
2026-08-12T09:30:00+08:00,COLLIE_BESS2,-47.0,-42.46,2,a867f500-d06e-4667-a388-ba5e544c7ac6,IN-SERVICE,NON-LIQUID,-42.88,
2026-08-12T09:30:00+08:00,COLLIE_BESS2,-47.0,-10.0,3,a867f500-d06e-4667-a388-ba5e544c7ac6,IN-SERVICE,NON-LIQUID,-10.1,
2026-08-12T09:30:00+08:00,COLLIE_BESS2,0.0,34.02,4,a867f500-d06e-4667-a388-ba5e544c7ac6,IN-SERVICE,NON-LIQUID,34.36,
2026-08-12T09:30:00+08:00,COLLIE_BESS2,-206.0,118.17,5,a867f500-d06e-4667-a388-ba5e544c7ac6,IN-SERVICE,NON-LIQUID,119.35,
2026-08-12T09:30:00+08:00,COLLIE_BESS2,75.0,250.0,6,a867f500-d06e-4667-a388-ba5e544c7ac6,IN-SERVICE,NON-LIQUID,252.5,
2026-08-12T09:30:00+08:00,COLLIE_BESS2,75.0,367.0,7,a867f500-d06e-4667-a388-ba5e544c7ac6,IN-SERVICE,NON-LIQUID,370.67,
2026-08-12T09:30:00+08:00,COLLIE_BESS2,0.0,395.8,8,a867f500-d06e-4667-a388-ba5e544c7ac6,IN-SERVICE,NON-LIQUID,399.76,
2026-08-12T09:30:00+08:00,COLLIE_BESS2,150.0,622.0,9,a867f500-d06e-4667-a388-ba5e544c7ac6,IN-SERVICE,NON-LIQUID,628.22,
2026-08-12T09:30:00+08:00,COLLIE_BESS2,0.0,1188.12,10,a867f500-d06e-4667-a388-ba5e544c7ac6,IN-SERVICE,NON-LIQUID,1200.0,
2026-08-12T09:30:00+08:00,COLLIE_ESR4,-250.0,97.86,1,0b386367-2f22-433e-b35f-abc354fa075e,IN-SERVICE,NOT APPLICABLE,97.8,0.0
2026-08-12T09:30:00+08:00,COLLIE_ESR4,250.0,113.34,2,0b386367-2f22-433e-b35f-abc354fa075e,IN-SERVICE,NOT APPLICABLE,113.27,0.0
2026-08-12T09:30:00+08:00,COLLIE_ESR5,-250.0,97.97,1,7653a3ea-d301-411c-95f3-6bdb2b35e9bc,IN-SERVICE,NOT APPLICABLE,97.91,0.0
2026-08-12T09:30:00+08:00,COLLIE_ESR5,250.0,114.43,2,7653a3ea-d301-411c-95f3-6bdb2b35e9bc,IN-SERVICE,NOT APPLICABLE,114.36,0.0
2026-08-12T09:35:00+08:00,KWINANA_ESR1,-100.0,103.75,1,c9482cae-e3ea-4e0e-84e4-a00ffa9ba874,IN-SERVICE,NOT APPLICABLE,103.71,0.0
2026-08-12T09:35:00+08:00,KWINANA_ESR1,100.0,118.5,2,c9482cae-e3ea-4e0e-84e4-a00ffa9ba874,IN-SERVICE,NOT APPLICABLE,118.45,0.0
2026-08-12T09:35:00+08:00,COLLIE_ESR1,0.0,-1000.0,1,06f7999a-75ea-4f3b-a620-97fd35eab607,IN-SERVICE,NON-LIQUID,-999.4,
2026-08-12T09:35:00+08:00,COLLIE_ESR1,-26.0,-42.46,2,06f7999a-75ea-4f3b-a620-97fd35eab607,IN-SERVICE,NON-LIQUID,-42.43,
2026-08-12T09:35:00+08:00,COLLIE_ESR1,-26.0,-10.0,3,06f7999a-75ea-4f3b-a620-97fd35eab607,IN-SERVICE,NON-LIQUID,-9.99,
2026-08-12T09:35:00+08:00,COLLIE_ESR1,0.0,34.02,4,06f7999a-75ea-4f3b-a620-97fd35eab607,IN-SERVICE,NON-LIQUID,34.0,
2026-08-12T09:35:00+08:00,COLLIE_ESR1,-148.0,115.31,5,06f7999a-75ea-4f3b-a620-97fd35eab607,IN-SERVICE,NON-LIQUID,115.24,
2026-08-12T09:35:00+08:00,COLLIE_ESR1,50.0,250.0,6,06f7999a-75ea-4f3b-a620-97fd35eab607,IN-SERVICE,NON-LIQUID,249.85,
2026-08-12T09:35:00+08:00,COLLIE_ESR1,100.0,367.0,7,06f7999a-75ea-4f3b-a620-97fd35eab607,IN-SERVICE,NON-LIQUID,366.78,
2026-08-12T09:35:00+08:00,COLLIE_ESR1,0.0,400.0,8,06f7999a-75ea-4f3b-a620-97fd35eab607,IN-SERVICE,NON-LIQUID,399.76,
2026-08-12T09:35:00+08:00,COLLIE_ESR1,50.0,622.0,9,06f7999a-75ea-4f3b-a620-97fd35eab607,IN-SERVICE,NON-LIQUID,621.63,
2026-08-12T09:35:00+08:00,COLLIE_ESR1,0.0,1200.0,10,06f7999a-75ea-4f3b-a620-97fd35eab607,IN-SERVICE,NON-LIQUID,1199.28,
2026-08-12T09:35:00+08:00,KWINANA_ESR2,-225.0,103.69,1,f031f2c7-1ed2-4502-8abb-5541e487467a,IN-SERVICE,NOT APPLICABLE,103.59,0.0
2026-08-12T09:35:00+08:00,KWINANA_ESR2,225.0,118.69,2,f031f2c7-1ed2-4502-8abb-5541e487467a,IN-SERVICE,NOT APPLICABLE,118.57,0.0
2026-08-12T09:35:00+08:00,COLLIE_BESS2,0.0,-990.1,1,0a295509-12f8-4594-989d-60d1d6c527ba,IN-SERVICE,NON-LIQUID,-1000.0,
2026-08-12T09:35:00+08:00,COLLIE_BESS2,-48.0,-42.46,2,0a295509-12f8-4594-989d-60d1d6c527ba,IN-SERVICE,NON-LIQUID,-42.88,
2026-08-12T09:35:00+08:00,COLLIE_BESS2,-49.0,-10.0,3,0a295509-12f8-4594-989d-60d1d6c527ba,IN-SERVICE,NON-LIQUID,-10.1,
2026-08-12T09:35:00+08:00,COLLIE_BESS2,0.0,34.02,4,0a295509-12f8-4594-989d-60d1d6c527ba,IN-SERVICE,NON-LIQUID,34.36,
2026-08-12T09:35:00+08:00,COLLIE_BESS2,-203.0,110.09,5,0a295509-12f8-4594-989d-60d1d6c527ba,IN-SERVICE,NON-LIQUID,111.19,
2026-08-12T09:35:00+08:00,COLLIE_BESS2,75.0,250.0,6,0a295509-12f8-4594-989d-60d1d6c527ba,IN-SERVICE,NON-LIQUID,252.5,
2026-08-12T09:35:00+08:00,COLLIE_BESS2,75.0,367.0,7,0a295509-12f8-4594-989d-60d1d6c527ba,IN-SERVICE,NON-LIQUID,370.67,
2026-08-12T09:35:00+08:00,COLLIE_BESS2,0.0,395.8,8,0a295509-12f8-4594-989d-60d1d6c527ba,IN-SERVICE,NON-LIQUID,399.76,
2026-08-12T09:35:00+08:00,COLLIE_BESS2,150.0,622.0,9,0a295509-12f8-4594-989d-60d1d6c527ba,IN-SERVICE,NON-LIQUID,628.22,
2026-08-12T09:35:00+08:00,COLLIE_BESS2,0.0,1188.12,10,0a295509-12f8-4594-989d-60d1d6c527ba,IN-SERVICE,NON-LIQUID,1200.0,
2026-08-12T09:35:00+08:00,COLLIE_ESR4,-250.0,103.41,1,cb8586e0-afa7-4860-aa82-d269f2ba294d,IN-SERVICE,NOT APPLICABLE,103.35,0.0
2026-08-12T09:35:00+08:00,COLLIE_ESR4,250.0,118.89,2,cb8586e0-afa7-4860-aa82-d269f2ba294d,IN-SERVICE,NOT APPLICABLE,118.82,0.0
2026-08-12T09:35:00+08:00,COLLIE_ESR5,-250.0,103.52,1,33d127db-851e-4e02-8435-29e441f38f00,IN-SERVICE,NOT APPLICABLE,103.46,0.0
2026-08-12T09:35:00+08:00,COLLIE_ESR5,250.0,118.78,2,33d127db-851e-4e02-8435-29e441f38f00,IN-SERVICE,NOT APPLICABLE,118.71,0.0
2026-08-12T09:40:00+08:00,KWINANA_ESR1,-100.0,103.75,1,c9482cae-e3ea-4e0e-84e4-a00ffa9ba874,IN-SERVICE,NOT APPLICABLE,103.71,0.0
2026-08-12T09:40:00+08:00,KWINANA_ESR1,100.0,118.5,2,c9482cae-e3ea-4e0e-84e4-a00ffa9ba874,IN-SERVICE,NOT APPLICABLE,118.45,0.0
2026-08-12T09:40:00+08:00,COLLIE_ESR1,0.0,-1000.0,1,83301621-e3aa-4bec-a0ac-133e06fce0c8,IN-SERVICE,NON-LIQUID,-999.4,
2026-08-12T09:40:00+08:00,COLLIE_ESR1,-26.0,-42.46,2,83301621-e3aa-4bec-a0ac-133e06fce0c8,IN-SERVICE,NON-LIQUID,-42.43,
2026-08-12T09:40:00+08:00,COLLIE_ESR1,-26.0,-10.0,3,83301621-e3aa-4bec-a0ac-133e06fce0c8,IN-SERVICE,NON-LIQUID,-9.99,
2026-08-12T09:40:00+08:00,COLLIE_ESR1,0.0,34.02,4,83301621-e3aa-4bec-a0ac-133e06fce0c8,IN-SERVICE,NON-LIQUID,34.0,
2026-08-12T09:40:00+08:00,COLLIE_ESR1,-148.0,105.0,5,83301621-e3aa-4bec-a0ac-133e06fce0c8,IN-SERVICE,NON-LIQUID,104.94,
2026-08-12T09:40:00+08:00,COLLIE_ESR1,50.0,250.0,6,83301621-e3aa-4bec-a0ac-133e06fce0c8,IN-SERVICE,NON-LIQUID,249.85,
2026-08-12T09:40:00+08:00,COLLIE_ESR1,100.0,367.0,7,83301621-e3aa-4bec-a0ac-133e06fce0c8,IN-SERVICE,NON-LIQUID,366.78,
2026-08-12T09:40:00+08:00,COLLIE_ESR1,0.0,400.0,8,83301621-e3aa-4bec-a0ac-133e06fce0c8,IN-SERVICE,NON-LIQUID,399.76,
2026-08-12T09:40:00+08:00,COLLIE_ESR1,50.0,622.0,9,83301621-e3aa-4bec-a0ac-133e06fce0c8,IN-SERVICE,NON-LIQUID,621.63,
2026-08-12T09:40:00+08:00,COLLIE_ESR1,0.0,1200.0,10,83301621-e3aa-4bec-a0ac-133e06fce0c8,IN-SERVICE,NON-LIQUID,1199.28,
2026-08-12T09:40:00+08:00,KWINANA_ESR2,-225.0,103.69,1,f031f2c7-1ed2-4502-8abb-5541e487467a,IN-SERVICE,NOT APPLICABLE,103.59,0.0
2026-08-12T09:40:00+08:00,KWINANA_ESR2,225.0,118.69,2,f031f2c7-1ed2-4502-8abb-5541e487467a,IN-SERVICE,NOT APPLICABLE,118.57,0.0
2026-08-12T09:40:00+08:00,COLLIE_BESS2,0.0,-990.1,1,f78e0481-6e61-4e3f-a350-5c952d937058,IN-SERVICE,NON-LIQUID,-1000.0,
2026-08-12T09:40:00+08:00,COLLIE_BESS2,-48.0,-42.46,2,f78e0481-6e61-4e3f-a350-5c952d937058,IN-SERVICE,NON-LIQUID,-42.88,
2026-08-12T09:40:00+08:00,COLLIE_BESS2,-49.0,-10.0,3,f78e0481-6e61-4e3f-a350-5c952d937058,IN-SERVICE,NON-LIQUID,-10.1,
2026-08-12T09:40:00+08:00,COLLIE_BESS2,0.0,34.02,4,f78e0481-6e61-4e3f-a350-5c952d937058,IN-SERVICE,NON-LIQUID,34.36,
2026-08-12T09:40:00+08:00,COLLIE_BESS2,-203.0,105.0,5,f78e0481-6e61-4e3f-a350-5c952d937058,IN-SERVICE,NON-LIQUID,106.05,
2026-08-12T09:40:00+08:00,COLLIE_BESS2,75.0,250.0,6,f78e0481-6e61-4e3f-a350-5c952d937058,IN-SERVICE,NON-LIQUID,252.5,
2026-08-12T09:40:00+08:00,COLLIE_BESS2,75.0,367.0,7,f78e0481-6e61-4e3f-a350-5c952d937058,IN-SERVICE,NON-LIQUID,370.67,
2026-08-12T09:40:00+08:00,COLLIE_BESS2,0.0,395.8,8,f78e0481-6e61-4e3f-a350-5c952d937058,IN-SERVICE,NON-LIQUID,399.76,
2026-08-12T09:40:00+08:00,COLLIE_BESS2,150.0,622.0,9,f78e0481-6e61-4e3f-a350-5c952d937058,IN-SERVICE,NON-LIQUID,628.22,
2026-08-12T09:40:00+08:00,COLLIE_BESS2,0.0,1188.12,10,f78e0481-6e61-4e3f-a350-5c952d937058,IN-SERVICE,NON-LIQUID,1200.0,
2026-08-12T09:40:00+08:00,COLLIE_ESR4,-250.0,103.41,1,cb8586e0-afa7-4860-aa82-d269f2ba294d,IN-SERVICE,NOT APPLICABLE,103.35,0.0
2026-08-12T09:40:00+08:00,COLLIE_ESR4,250.0,118.89,2,cb8586e0-afa7-4860-aa82-d269f2ba294d,IN-SERVICE,NOT APPLICABLE,118.82,0.0
2026-08-12T09:40:00+08:00,COLLIE_ESR5,-250.0,103.52,1,33d127db-851e-4e02-8435-29e441f38f00,IN-SERVICE,NOT APPLICABLE,103.46,0.0
2026-08-12T09:40:00+08:00,COLLIE_ESR5,250.0,118.78,2,33d127db-851e-4e02-8435-29e441f38f00,IN-SERVICE,NOT APPLICABLE,118.71,0.0
2026-08-12T09:45:00+08:00,KWINANA_ESR1,-100.0,103.75,1,c9482cae-e3ea-4e0e-84e4-a00ffa9ba874,IN-SERVICE,NOT APPLICABLE,103.71,0.0
2026-08-12T09:45:00+08:00,KWINANA_ESR1,100.0,118.5,2,c9482cae-e3ea-4e0e-84e4-a00ffa9ba874,IN-SERVICE,NOT APPLICABLE,118.45,0.0
2026-08-12T09:45:00+08:00,COLLIE_ESR1,0.0,-1000.0,1,c5fa7a2f-597d-49ef-a4d4-44e6e6092f74,IN-SERVICE,NON-LIQUID,-999.4,
2026-08-12T09:45:00+08:00,COLLIE_ESR1,-100.0,-42.46,2,c5fa7a2f-597d-49ef-a4d4-44e6e6092f74,IN-SERVICE,NON-LIQUID,-42.43,
2026-08-12T09:45:00+08:00,COLLIE_ESR1,-100.0,-10.0,3,c5fa7a2f-597d-49ef-a4d4-44e6e6092f74,IN-SERVICE,NON-LIQUID,-9.99,
2026-08-12T09:45:00+08:00,COLLIE_ESR1,0.0,34.02,4,c5fa7a2f-597d-49ef-a4d4-44e6e6092f74,IN-SERVICE,NON-LIQUID,34.0,
2026-08-12T09:45:00+08:00,COLLIE_ESR1,0.0,60.0,5,c5fa7a2f-597d-49ef-a4d4-44e6e6092f74,IN-SERVICE,NON-LIQUID,59.96,
2026-08-12T09:45:00+08:00,COLLIE_ESR1,50.0,250.0,6,c5fa7a2f-597d-49ef-a4d4-44e6e6092f74,IN-SERVICE,NON-LIQUID,249.85,
2026-08-12T09:45:00+08:00,COLLIE_ESR1,100.0,367.0,7,c5fa7a2f-597d-49ef-a4d4-44e6e6092f74,IN-SERVICE,NON-LIQUID,366.78,
2026-08-12T09:45:00+08:00,COLLIE_ESR1,0.0,400.0,8,c5fa7a2f-597d-49ef-a4d4-44e6e6092f74,IN-SERVICE,NON-LIQUID,399.76,
2026-08-12T09:45:00+08:00,COLLIE_ESR1,50.0,622.0,9,c5fa7a2f-597d-49ef-a4d4-44e6e6092f74,IN-SERVICE,NON-LIQUID,621.63,
2026-08-12T09:45:00+08:00,COLLIE_ESR1,0.0,1200.0,10,c5fa7a2f-597d-49ef-a4d4-44e6e6092f74,IN-SERVICE,NON-LIQUID,1199.28,
2026-08-12T09:45:00+08:00,KWINANA_ESR2,-225.0,103.69,1,f031f2c7-1ed2-4502-8abb-5541e487467a,IN-SERVICE,NOT APPLICABLE,103.59,0.0
2026-08-12T09:45:00+08:00,KWINANA_ESR2,225.0,118.69,2,f031f2c7-1ed2-4502-8abb-5541e487467a,IN-SERVICE,NOT APPLICABLE,118.57,0.0
2026-08-12T09:45:00+08:00,COLLIE_BESS2,0.0,-990.1,1,912f29e3-124a-48b2-8e01-9575b91c2f98,IN-SERVICE,NON-LIQUID,-1000.0,
2026-08-12T09:45:00+08:00,COLLIE_BESS2,-48.0,-42.46,2,912f29e3-124a-48b2-8e01-9575b91c2f98,IN-SERVICE,NON-LIQUID,-42.88,
2026-08-12T09:45:00+08:00,COLLIE_BESS2,-49.0,-10.0,3,912f29e3-124a-48b2-8e01-9575b91c2f98,IN-SERVICE,NON-LIQUID,-10.1,
2026-08-12T09:45:00+08:00,COLLIE_BESS2,0.0,34.02,4,912f29e3-124a-48b2-8e01-9575b91c2f98,IN-SERVICE,NON-LIQUID,34.36,
2026-08-12T09:45:00+08:00,COLLIE_BESS2,-203.0,118.14,5,912f29e3-124a-48b2-8e01-9575b91c2f98,IN-SERVICE,NON-LIQUID,119.32,
2026-08-12T09:45:00+08:00,COLLIE_BESS2,75.0,250.0,6,912f29e3-124a-48b2-8e01-9575b91c2f98,IN-SERVICE,NON-LIQUID,252.5,
2026-08-12T09:45:00+08:00,COLLIE_BESS2,75.0,367.0,7,912f29e3-124a-48b2-8e01-9575b91c2f98,IN-SERVICE,NON-LIQUID,370.67,
2026-08-12T09:45:00+08:00,COLLIE_BESS2,0.0,395.8,8,912f29e3-124a-48b2-8e01-9575b91c2f98,IN-SERVICE,NON-LIQUID,399.76,
2026-08-12T09:45:00+08:00,COLLIE_BESS2,150.0,622.0,9,912f29e3-124a-48b2-8e01-9575b91c2f98,IN-SERVICE,NON-LIQUID,628.22,
2026-08-12T09:45:00+08:00,COLLIE_BESS2,0.0,1188.12,10,912f29e3-124a-48b2-8e01-9575b91c2f98,IN-SERVICE,NON-LIQUID,1200.0,
2026-08-12T09:45:00+08:00,COLLIE_ESR4,-250.0,103.41,1,cb8586e0-afa7-4860-aa82-d269f2ba294d,IN-SERVICE,NOT APPLICABLE,103.35,0.0
2026-08-12T09:45:00+08:00,COLLIE_ESR4,250.0,118.89,2,cb8586e0-afa7-4860-aa82-d269f2ba294d,IN-SERVICE,NOT APPLICABLE,118.82,0.0
2026-08-12T09:45:00+08:00,COLLIE_ESR5,-250.0,103.52,1,33d127db-851e-4e02-8435-29e441f38f00,IN-SERVICE,NOT APPLICABLE,103.46,0.0
2026-08-12T09:45:00+08:00,COLLIE_ESR5,250.0,118.78,2,33d127db-851e-4e02-8435-29e441f38f00,IN-SERVICE,NOT APPLICABLE,118.71,0.0
2026-08-12T09:50:00+08:00,KWINANA_ESR1,-100.0,100.99,1,7da7220b-c345-4f90-bdfc-09b920033551,IN-SERVICE,NOT APPLICABLE,100.95,0.0
2026-08-12T09:50:00+08:00,KWINANA_ESR1,100.0,115.73,2,7da7220b-c345-4f90-bdfc-09b920033551,IN-SERVICE,NOT APPLICABLE,115.68,0.0
2026-08-12T09:50:00+08:00,COLLIE_ESR1,0.0,-1000.0,1,59763589-d950-4c73-8257-fcb1b6aed741,IN-SERVICE,NON-LIQUID,-999.4,
2026-08-12T09:50:00+08:00,COLLIE_ESR1,-100.0,-42.46,2,59763589-d950-4c73-8257-fcb1b6aed741,IN-SERVICE,NON-LIQUID,-42.43,
2026-08-12T09:50:00+08:00,COLLIE_ESR1,-100.0,-10.0,3,59763589-d950-4c73-8257-fcb1b6aed741,IN-SERVICE,NON-LIQUID,-9.99,
2026-08-12T09:50:00+08:00,COLLIE_ESR1,0.0,34.02,4,59763589-d950-4c73-8257-fcb1b6aed741,IN-SERVICE,NON-LIQUID,34.0,
2026-08-12T09:50:00+08:00,COLLIE_ESR1,0.0,60.0,5,59763589-d950-4c73-8257-fcb1b6aed741,IN-SERVICE,NON-LIQUID,59.96,
2026-08-12T09:50:00+08:00,COLLIE_ESR1,50.0,250.0,6,59763589-d950-4c73-8257-fcb1b6aed741,IN-SERVICE,NON-LIQUID,249.85,
2026-08-12T09:50:00+08:00,COLLIE_ESR1,100.0,367.0,7,59763589-d950-4c73-8257-fcb1b6aed741,IN-SERVICE,NON-LIQUID,366.78,
2026-08-12T09:50:00+08:00,COLLIE_ESR1,0.0,400.0,8,59763589-d950-4c73-8257-fcb1b6aed741,IN-SERVICE,NON-LIQUID,399.76,
2026-08-12T09:50:00+08:00,COLLIE_ESR1,50.0,622.0,9,59763589-d950-4c73-8257-fcb1b6aed741,IN-SERVICE,NON-LIQUID,621.63,
2026-08-12T09:50:00+08:00,COLLIE_ESR1,0.0,1200.0,10,59763589-d950-4c73-8257-fcb1b6aed741,IN-SERVICE,NON-LIQUID,1199.28,
2026-08-12T09:50:00+08:00,KWINANA_ESR2,-225.0,102.18,1,383566bf-f65b-4fa1-9bcf-4bcb142f4c15,IN-SERVICE,NOT APPLICABLE,102.08,0.0
2026-08-12T09:50:00+08:00,KWINANA_ESR2,225.0,117.18,2,383566bf-f65b-4fa1-9bcf-4bcb142f4c15,IN-SERVICE,NOT APPLICABLE,117.06,0.0
2026-08-12T09:50:00+08:00,COLLIE_BESS2,0.0,-990.1,1,b009dce6-fb69-4f9e-b3f1-769c0d13c131,IN-SERVICE,NON-LIQUID,-1000.0,
2026-08-12T09:50:00+08:00,COLLIE_BESS2,-48.0,-42.46,2,b009dce6-fb69-4f9e-b3f1-769c0d13c131,IN-SERVICE,NON-LIQUID,-42.88,
2026-08-12T09:50:00+08:00,COLLIE_BESS2,-49.0,-10.0,3,b009dce6-fb69-4f9e-b3f1-769c0d13c131,IN-SERVICE,NON-LIQUID,-10.1,
2026-08-12T09:50:00+08:00,COLLIE_BESS2,0.0,34.02,4,b009dce6-fb69-4f9e-b3f1-769c0d13c131,IN-SERVICE,NON-LIQUID,34.36,
2026-08-12T09:50:00+08:00,COLLIE_BESS2,-203.0,115.66,5,b009dce6-fb69-4f9e-b3f1-769c0d13c131,IN-SERVICE,NON-LIQUID,116.82,
2026-08-12T09:50:00+08:00,COLLIE_BESS2,75.0,250.0,6,b009dce6-fb69-4f9e-b3f1-769c0d13c131,IN-SERVICE,NON-LIQUID,252.5,
2026-08-12T09:50:00+08:00,COLLIE_BESS2,75.0,367.0,7,b009dce6-fb69-4f9e-b3f1-769c0d13c131,IN-SERVICE,NON-LIQUID,370.67,
2026-08-12T09:50:00+08:00,COLLIE_BESS2,0.0,395.8,8,b009dce6-fb69-4f9e-b3f1-769c0d13c131,IN-SERVICE,NON-LIQUID,399.76,
2026-08-12T09:50:00+08:00,COLLIE_BESS2,150.0,622.0,9,b009dce6-fb69-4f9e-b3f1-769c0d13c131,IN-SERVICE,NON-LIQUID,628.22,
2026-08-12T09:50:00+08:00,COLLIE_BESS2,0.0,1188.12,10,b009dce6-fb69-4f9e-b3f1-769c0d13c131,IN-SERVICE,NON-LIQUID,1200.0,
2026-08-12T09:50:00+08:00,COLLIE_ESR4,-250.0,101.79,1,19a3e9ff-d272-4750-9d27-b2c2bc47e9ff,IN-SERVICE,NOT APPLICABLE,101.73,0.0
2026-08-12T09:50:00+08:00,COLLIE_ESR4,250.0,116.67,2,19a3e9ff-d272-4750-9d27-b2c2bc47e9ff,IN-SERVICE,NOT APPLICABLE,116.6,0.0
2026-08-12T09:50:00+08:00,COLLIE_ESR5,-250.0,101.9,1,933793db-6278-478a-9e38-8a3e3bf16b0b,IN-SERVICE,NOT APPLICABLE,101.84,0.0
2026-08-12T09:50:00+08:00,COLLIE_ESR5,250.0,117.16,2,933793db-6278-478a-9e38-8a3e3bf16b0b,IN-SERVICE,NOT APPLICABLE,117.09,0.0
2026-08-12T09:55:00+08:00,KWINANA_ESR1,-100.0,100.99,1,7da7220b-c345-4f90-bdfc-09b920033551,IN-SERVICE,NOT APPLICABLE,100.95,0.0
2026-08-12T09:55:00+08:00,KWINANA_ESR1,100.0,115.73,2,7da7220b-c345-4f90-bdfc-09b920033551,IN-SERVICE,NOT APPLICABLE,115.68,0.0
2026-08-12T09:55:00+08:00,COLLIE_ESR1,0.0,-1000.0,1,e27244e8-0161-49a2-a61b-12933bc1eaeb,IN-SERVICE,NON-LIQUID,-999.4,
2026-08-12T09:55:00+08:00,COLLIE_ESR1,-26.0,-42.46,2,e27244e8-0161-49a2-a61b-12933bc1eaeb,IN-SERVICE,NON-LIQUID,-42.43,
2026-08-12T09:55:00+08:00,COLLIE_ESR1,-26.0,-10.0,3,e27244e8-0161-49a2-a61b-12933bc1eaeb,IN-SERVICE,NON-LIQUID,-9.99,
2026-08-12T09:55:00+08:00,COLLIE_ESR1,0.0,34.02,4,e27244e8-0161-49a2-a61b-12933bc1eaeb,IN-SERVICE,NON-LIQUID,34.0,
2026-08-12T09:55:00+08:00,COLLIE_ESR1,-148.0,115.75,5,e27244e8-0161-49a2-a61b-12933bc1eaeb,IN-SERVICE,NON-LIQUID,115.68,
2026-08-12T09:55:00+08:00,COLLIE_ESR1,50.0,250.0,6,e27244e8-0161-49a2-a61b-12933bc1eaeb,IN-SERVICE,NON-LIQUID,249.85,
2026-08-12T09:55:00+08:00,COLLIE_ESR1,100.0,367.0,7,e27244e8-0161-49a2-a61b-12933bc1eaeb,IN-SERVICE,NON-LIQUID,366.78,
2026-08-12T09:55:00+08:00,COLLIE_ESR1,0.0,400.0,8,e27244e8-0161-49a2-a61b-12933bc1eaeb,IN-SERVICE,NON-LIQUID,399.76,
2026-08-12T09:55:00+08:00,COLLIE_ESR1,50.0,622.0,9,e27244e8-0161-49a2-a61b-12933bc1eaeb,IN-SERVICE,NON-LIQUID,621.63,
2026-08-12T09:55:00+08:00,COLLIE_ESR1,0.0,1200.0,10,e27244e8-0161-49a2-a61b-12933bc1eaeb,IN-SERVICE,NON-LIQUID,1199.28,
2026-08-12T09:55:00+08:00,KWINANA_ESR2,-225.0,102.18,1,383566bf-f65b-4fa1-9bcf-4bcb142f4c15,IN-SERVICE,NOT APPLICABLE,102.08,0.0
2026-08-12T09:55:00+08:00,KWINANA_ESR2,225.0,117.07,2,383566bf-f65b-4fa1-9bcf-4bcb142f4c15,IN-SERVICE,NOT APPLICABLE,116.95,0.0
2026-08-12T09:55:00+08:00,COLLIE_BESS2,0.0,-990.1,1,a37fc9a1-2ea9-4e5a-b285-27214dd4c03a,IN-SERVICE,NON-LIQUID,-1000.0,
2026-08-12T09:55:00+08:00,COLLIE_BESS2,-48.0,-42.46,2,a37fc9a1-2ea9-4e5a-b285-27214dd4c03a,IN-SERVICE,NON-LIQUID,-42.88,
2026-08-12T09:55:00+08:00,COLLIE_BESS2,-49.0,-10.0,3,a37fc9a1-2ea9-4e5a-b285-27214dd4c03a,IN-SERVICE,NON-LIQUID,-10.1,
2026-08-12T09:55:00+08:00,COLLIE_BESS2,0.0,34.02,4,a37fc9a1-2ea9-4e5a-b285-27214dd4c03a,IN-SERVICE,NON-LIQUID,34.36,
2026-08-12T09:55:00+08:00,COLLIE_BESS2,-203.0,110.96,5,a37fc9a1-2ea9-4e5a-b285-27214dd4c03a,IN-SERVICE,NON-LIQUID,112.07,
2026-08-12T09:55:00+08:00,COLLIE_BESS2,75.0,250.0,6,a37fc9a1-2ea9-4e5a-b285-27214dd4c03a,IN-SERVICE,NON-LIQUID,252.5,
2026-08-12T09:55:00+08:00,COLLIE_BESS2,75.0,367.0,7,a37fc9a1-2ea9-4e5a-b285-27214dd4c03a,IN-SERVICE,NON-LIQUID,370.67,
2026-08-12T09:55:00+08:00,COLLIE_BESS2,0.0,395.8,8,a37fc9a1-2ea9-4e5a-b285-27214dd4c03a,IN-SERVICE,NON-LIQUID,399.76,
2026-08-12T09:55:00+08:00,COLLIE_BESS2,150.0,622.0,9,a37fc9a1-2ea9-4e5a-b285-27214dd4c03a,IN-SERVICE,NON-LIQUID,628.22,
2026-08-12T09:55:00+08:00,COLLIE_BESS2,0.0,1188.12,10,a37fc9a1-2ea9-4e5a-b285-27214dd4c03a,IN-SERVICE,NON-LIQUID,1200.0,
2026-08-12T09:55:00+08:00,COLLIE_ESR4,-250.0,101.18,1,19a3e9ff-d272-4750-9d27-b2c2bc47e9ff,IN-SERVICE,NOT APPLICABLE,101.12,0.0
2026-08-12T09:55:00+08:00,COLLIE_ESR4,250.0,116.67,2,19a3e9ff-d272-4750-9d27-b2c2bc47e9ff,IN-SERVICE,NOT APPLICABLE,116.6,0.0
2026-08-12T09:55:00+08:00,COLLIE_ESR5,-250.0,101.9,1,933793db-6278-478a-9e38-8a3e3bf16b0b,IN-SERVICE,NOT APPLICABLE,101.84,0.0
2026-08-12T09:55:00+08:00,COLLIE_ESR5,250.0,117.16,2,933793db-6278-478a-9e38-8a3e3bf16b0b,IN-SERVICE,NOT APPLICABLE,117.09,0.0
2026-08-12T10:00:00+08:00,KWINANA_ESR1,-100.0,89.32,1,7da7220b-c345-4f90-bdfc-09b920033551,IN-SERVICE,NOT APPLICABLE,89.28,0.0
2026-08-12T10:00:00+08:00,KWINANA_ESR1,100.0,123.6,2,7da7220b-c345-4f90-bdfc-09b920033551,IN-SERVICE,NOT APPLICABLE,123.55,0.0
2026-08-12T10:00:00+08:00,COLLIE_ESR1,0.0,-1000.0,1,a7bb6092-61a2-4a1f-8c2a-b6a0fc6f6de5,IN-SERVICE,NON-LIQUID,-999.4,
2026-08-12T10:00:00+08:00,COLLIE_ESR1,-26.0,-42.46,2,a7bb6092-61a2-4a1f-8c2a-b6a0fc6f6de5,IN-SERVICE,NON-LIQUID,-42.43,
2026-08-12T10:00:00+08:00,COLLIE_ESR1,-26.0,-10.0,3,a7bb6092-61a2-4a1f-8c2a-b6a0fc6f6de5,IN-SERVICE,NON-LIQUID,-9.99,
2026-08-12T10:00:00+08:00,COLLIE_ESR1,0.0,34.02,4,a7bb6092-61a2-4a1f-8c2a-b6a0fc6f6de5,IN-SERVICE,NON-LIQUID,34.0,
2026-08-12T10:00:00+08:00,COLLIE_ESR1,-148.0,127.98,5,a7bb6092-61a2-4a1f-8c2a-b6a0fc6f6de5,IN-SERVICE,NON-LIQUID,127.9,
2026-08-12T10:00:00+08:00,COLLIE_ESR1,50.0,250.0,6,a7bb6092-61a2-4a1f-8c2a-b6a0fc6f6de5,IN-SERVICE,NON-LIQUID,249.85,
2026-08-12T10:00:00+08:00,COLLIE_ESR1,100.0,367.0,7,a7bb6092-61a2-4a1f-8c2a-b6a0fc6f6de5,IN-SERVICE,NON-LIQUID,366.78,
2026-08-12T10:00:00+08:00,COLLIE_ESR1,50.0,622.0,8,a7bb6092-61a2-4a1f-8c2a-b6a0fc6f6de5,IN-SERVICE,NON-LIQUID,621.63,
2026-08-12T10:00:00+08:00,COLLIE_ESR1,0.0,1199.9,9,a7bb6092-61a2-4a1f-8c2a-b6a0fc6f6de5,IN-SERVICE,NON-LIQUID,1199.18,
2026-08-12T10:00:00+08:00,COLLIE_ESR1,0.0,1200.0,10,a7bb6092-61a2-4a1f-8c2a-b6a0fc6f6de5,IN-SERVICE,NON-LIQUID,1199.28,
2026-08-12T10:00:00+08:00,KWINANA_ESR2,-225.0,88.99,1,383566bf-f65b-4fa1-9bcf-4bcb142f4c15,IN-SERVICE,NOT APPLICABLE,88.9,0.0
2026-08-12T10:00:00+08:00,KWINANA_ESR2,225.0,130.15,2,383566bf-f65b-4fa1-9bcf-4bcb142f4c15,IN-SERVICE,NOT APPLICABLE,130.02,0.0
2026-08-12T10:00:00+08:00,COLLIE_BESS2,0.0,-990.1,1,65b84aa3-7cf2-4057-86d5-89103b28fb94,IN-SERVICE,NON-LIQUID,-1000.0,
2026-08-12T10:00:00+08:00,COLLIE_BESS2,-48.0,-42.46,2,65b84aa3-7cf2-4057-86d5-89103b28fb94,IN-SERVICE,NON-LIQUID,-42.88,
2026-08-12T10:00:00+08:00,COLLIE_BESS2,-49.0,-10.0,3,65b84aa3-7cf2-4057-86d5-89103b28fb94,IN-SERVICE,NON-LIQUID,-10.1,
2026-08-12T10:00:00+08:00,COLLIE_BESS2,0.0,34.02,4,65b84aa3-7cf2-4057-86d5-89103b28fb94,IN-SERVICE,NON-LIQUID,34.36,
2026-08-12T10:00:00+08:00,COLLIE_BESS2,-203.0,127.98,5,65b84aa3-7cf2-4057-86d5-89103b28fb94,IN-SERVICE,NON-LIQUID,129.26,
2026-08-12T10:00:00+08:00,COLLIE_BESS2,75.0,250.0,6,65b84aa3-7cf2-4057-86d5-89103b28fb94,IN-SERVICE,NON-LIQUID,252.5,
2026-08-12T10:00:00+08:00,COLLIE_BESS2,75.0,367.0,7,65b84aa3-7cf2-4057-86d5-89103b28fb94,IN-SERVICE,NON-LIQUID,370.67,
2026-08-12T10:00:00+08:00,COLLIE_BESS2,150.0,622.0,8,65b84aa3-7cf2-4057-86d5-89103b28fb94,IN-SERVICE,NON-LIQUID,628.22,
2026-08-12T10:00:00+08:00,COLLIE_BESS2,0.0,1188.12,9,65b84aa3-7cf2-4057-86d5-89103b28fb94,IN-SERVICE,NON-LIQUID,1200.0,
2026-08-12T10:00:00+08:00,COLLIE_BESS2,0.0,1188.12,10,65b84aa3-7cf2-4057-86d5-89103b28fb94,IN-SERVICE,NON-LIQUID,1200.0,
2026-08-12T10:00:00+08:00,COLLIE_ESR4,-250.0,91.5,1,19a3e9ff-d272-4750-9d27-b2c2bc47e9ff,IN-SERVICE,NOT APPLICABLE,91.45,0.0
2026-08-12T10:00:00+08:00,COLLIE_ESR4,250.0,126.35,2,19a3e9ff-d272-4750-9d27-b2c2bc47e9ff,IN-SERVICE,NOT APPLICABLE,126.27,0.0
2026-08-12T10:00:00+08:00,COLLIE_ESR5,-250.0,92.13,1,933793db-6278-478a-9e38-8a3e3bf16b0b,IN-SERVICE,NOT APPLICABLE,92.07,0.0
2026-08-12T10:00:00+08:00,COLLIE_ESR5,250.0,126.93,2,933793db-6278-478a-9e38-8a3e3bf16b0b,IN-SERVICE,NOT APPLICABLE,126.85,0.0
2026-08-12T10:05:00+08:00,KWINANA_ESR1,-100.0,88.95,1,5a4a09ee-f6df-45ec-9c32-5d929df10cc5,IN-SERVICE,NOT APPLICABLE,88.91,0.0
2026-08-12T10:05:00+08:00,KWINANA_ESR1,100.0,123.23,2,5a4a09ee-f6df-45ec-9c32-5d929df10cc5,IN-SERVICE,NOT APPLICABLE,123.18,0.0
2026-08-12T10:05:00+08:00,COLLIE_ESR1,0.0,-1000.0,1,d087c5d2-09f8-4cc1-aae7-183dcdcd6832,IN-SERVICE,NON-LIQUID,-999.4,
2026-08-12T10:05:00+08:00,COLLIE_ESR1,-24.0,-42.46,2,d087c5d2-09f8-4cc1-aae7-183dcdcd6832,IN-SERVICE,NON-LIQUID,-42.43,
2026-08-12T10:05:00+08:00,COLLIE_ESR1,-24.0,-10.0,3,d087c5d2-09f8-4cc1-aae7-183dcdcd6832,IN-SERVICE,NON-LIQUID,-9.99,
2026-08-12T10:05:00+08:00,COLLIE_ESR1,0.0,34.02,4,d087c5d2-09f8-4cc1-aae7-183dcdcd6832,IN-SERVICE,NON-LIQUID,34.0,
2026-08-12T10:05:00+08:00,COLLIE_ESR1,-152.0,122.75,5,d087c5d2-09f8-4cc1-aae7-183dcdcd6832,IN-SERVICE,NON-LIQUID,122.68,
2026-08-12T10:05:00+08:00,COLLIE_ESR1,50.0,250.0,6,d087c5d2-09f8-4cc1-aae7-183dcdcd6832,IN-SERVICE,NON-LIQUID,249.85,
2026-08-12T10:05:00+08:00,COLLIE_ESR1,100.0,367.0,7,d087c5d2-09f8-4cc1-aae7-183dcdcd6832,IN-SERVICE,NON-LIQUID,366.78,
2026-08-12T10:05:00+08:00,COLLIE_ESR1,50.0,622.0,8,d087c5d2-09f8-4cc1-aae7-183dcdcd6832,IN-SERVICE,NON-LIQUID,621.63,
2026-08-12T10:05:00+08:00,COLLIE_ESR1,0.0,1199.9,9,d087c5d2-09f8-4cc1-aae7-183dcdcd6832,IN-SERVICE,NON-LIQUID,1199.18,
2026-08-12T10:05:00+08:00,COLLIE_ESR1,0.0,1200.0,10,d087c5d2-09f8-4cc1-aae7-183dcdcd6832,IN-SERVICE,NON-LIQUID,1199.28,
2026-08-12T10:05:00+08:00,KWINANA_ESR2,-225.0,85.58,1,48ab9acd-ba5f-49ff-ab15-a9c4a3a9bb73,IN-SERVICE,NOT APPLICABLE,85.49,0.0
2026-08-12T10:05:00+08:00,KWINANA_ESR2,225.0,126.74,2,48ab9acd-ba5f-49ff-ab15-a9c4a3a9bb73,IN-SERVICE,NOT APPLICABLE,126.61,0.0
2026-08-12T10:05:00+08:00,COLLIE_BESS2,0.0,-990.1,1,930a45a8-a3e6-4ce6-80af-63fa584abb91,IN-SERVICE,NON-LIQUID,-1000.0,
2026-08-12T10:05:00+08:00,COLLIE_BESS2,-54.0,-42.46,2,930a45a8-a3e6-4ce6-80af-63fa584abb91,IN-SERVICE,NON-LIQUID,-42.88,
2026-08-12T10:05:00+08:00,COLLIE_BESS2,-55.0,-10.0,3,930a45a8-a3e6-4ce6-80af-63fa584abb91,IN-SERVICE,NON-LIQUID,-10.1,
2026-08-12T10:05:00+08:00,COLLIE_BESS2,0.0,34.02,4,930a45a8-a3e6-4ce6-80af-63fa584abb91,IN-SERVICE,NON-LIQUID,34.36,
2026-08-12T10:05:00+08:00,COLLIE_BESS2,-191.0,122.75,5,930a45a8-a3e6-4ce6-80af-63fa584abb91,IN-SERVICE,NON-LIQUID,123.98,
2026-08-12T10:05:00+08:00,COLLIE_BESS2,75.0,250.0,6,930a45a8-a3e6-4ce6-80af-63fa584abb91,IN-SERVICE,NON-LIQUID,252.5,
2026-08-12T10:05:00+08:00,COLLIE_BESS2,75.0,367.0,7,930a45a8-a3e6-4ce6-80af-63fa584abb91,IN-SERVICE,NON-LIQUID,370.67,
2026-08-12T10:05:00+08:00,COLLIE_BESS2,150.0,622.0,8,930a45a8-a3e6-4ce6-80af-63fa584abb91,IN-SERVICE,NON-LIQUID,628.22,
2026-08-12T10:05:00+08:00,COLLIE_BESS2,0.0,1188.12,9,930a45a8-a3e6-4ce6-80af-63fa584abb91,IN-SERVICE,NON-LIQUID,1200.0,
2026-08-12T10:05:00+08:00,COLLIE_BESS2,0.0,1188.12,10,930a45a8-a3e6-4ce6-80af-63fa584abb91,IN-SERVICE,NON-LIQUID,1200.0,
2026-08-12T10:05:00+08:00,COLLIE_ESR4,-250.0,87.53,1,96b2bb64-2400-4ed5-98f5-0a8374541d25,IN-SERVICE,NOT APPLICABLE,87.48,0.0
2026-08-12T10:05:00+08:00,COLLIE_ESR4,250.0,122.42,2,96b2bb64-2400-4ed5-98f5-0a8374541d25,IN-SERVICE,NOT APPLICABLE,122.35,0.0
2026-08-12T10:05:00+08:00,COLLIE_ESR5,-250.0,87.6,1,aeba9fa3-4bce-4ebe-8cae-7744f0e8390d,IN-SERVICE,NOT APPLICABLE,87.55,0.0
2026-08-12T10:05:00+08:00,COLLIE_ESR5,250.0,123.51,2,aeba9fa3-4bce-4ebe-8cae-7744f0e8390d,IN-SERVICE,NOT APPLICABLE,123.44,0.0
2026-08-12T10:10:00+08:00,KWINANA_ESR1,-100.0,87.84,1,5a4a09ee-f6df-45ec-9c32-5d929df10cc5,IN-SERVICE,NOT APPLICABLE,87.8,0.0
2026-08-12T10:10:00+08:00,KWINANA_ESR1,100.0,122.12,2,5a4a09ee-f6df-45ec-9c32-5d929df10cc5,IN-SERVICE,NOT APPLICABLE,122.07,0.0
2026-08-12T10:10:00+08:00,COLLIE_ESR1,0.0,-1000.0,1,f0108a18-b52c-4cdc-9c3e-553b5efb6acf,IN-SERVICE,NON-LIQUID,-999.4,
2026-08-12T10:10:00+08:00,COLLIE_ESR1,-66.0,-42.46,2,f0108a18-b52c-4cdc-9c3e-553b5efb6acf,IN-SERVICE,NON-LIQUID,-42.43,
2026-08-12T10:10:00+08:00,COLLIE_ESR1,-67.0,-10.0,3,f0108a18-b52c-4cdc-9c3e-553b5efb6acf,IN-SERVICE,NON-LIQUID,-9.99,
2026-08-12T10:10:00+08:00,COLLIE_ESR1,0.0,34.02,4,f0108a18-b52c-4cdc-9c3e-553b5efb6acf,IN-SERVICE,NON-LIQUID,34.0,
2026-08-12T10:10:00+08:00,COLLIE_ESR1,-67.0,120.11,5,f0108a18-b52c-4cdc-9c3e-553b5efb6acf,IN-SERVICE,NON-LIQUID,120.04,
2026-08-12T10:10:00+08:00,COLLIE_ESR1,50.0,250.0,6,f0108a18-b52c-4cdc-9c3e-553b5efb6acf,IN-SERVICE,NON-LIQUID,249.85,
2026-08-12T10:10:00+08:00,COLLIE_ESR1,100.0,367.0,7,f0108a18-b52c-4cdc-9c3e-553b5efb6acf,IN-SERVICE,NON-LIQUID,366.78,
2026-08-12T10:10:00+08:00,COLLIE_ESR1,50.0,622.0,8,f0108a18-b52c-4cdc-9c3e-553b5efb6acf,IN-SERVICE,NON-LIQUID,621.63,
2026-08-12T10:10:00+08:00,COLLIE_ESR1,0.0,1199.9,9,f0108a18-b52c-4cdc-9c3e-553b5efb6acf,IN-SERVICE,NON-LIQUID,1199.18,
2026-08-12T10:10:00+08:00,COLLIE_ESR1,0.0,1200.0,10,f0108a18-b52c-4cdc-9c3e-553b5efb6acf,IN-SERVICE,NON-LIQUID,1199.28,
2026-08-12T10:10:00+08:00,KWINANA_ESR2,-225.0,85.58,1,48ab9acd-ba5f-49ff-ab15-a9c4a3a9bb73,IN-SERVICE,NOT APPLICABLE,85.49,0.0
2026-08-12T10:10:00+08:00,KWINANA_ESR2,225.0,126.74,2,48ab9acd-ba5f-49ff-ab15-a9c4a3a9bb73,IN-SERVICE,NOT APPLICABLE,126.61,0.0
2026-08-12T10:10:00+08:00,COLLIE_BESS2,0.0,-990.1,1,6735236b-2423-4fac-9872-d7717d876a1f,IN-SERVICE,NON-LIQUID,-1000.0,
2026-08-12T10:10:00+08:00,COLLIE_BESS2,-54.0,-42.46,2,6735236b-2423-4fac-9872-d7717d876a1f,IN-SERVICE,NON-LIQUID,-42.88,
2026-08-12T10:10:00+08:00,COLLIE_BESS2,-55.0,-10.0,3,6735236b-2423-4fac-9872-d7717d876a1f,IN-SERVICE,NON-LIQUID,-10.1,
2026-08-12T10:10:00+08:00,COLLIE_BESS2,0.0,34.02,4,6735236b-2423-4fac-9872-d7717d876a1f,IN-SERVICE,NON-LIQUID,34.36,
2026-08-12T10:10:00+08:00,COLLIE_BESS2,-191.0,120.11,5,6735236b-2423-4fac-9872-d7717d876a1f,IN-SERVICE,NON-LIQUID,121.31,
2026-08-12T10:10:00+08:00,COLLIE_BESS2,75.0,250.0,6,6735236b-2423-4fac-9872-d7717d876a1f,IN-SERVICE,NON-LIQUID,252.5,
2026-08-12T10:10:00+08:00,COLLIE_BESS2,75.0,367.0,7,6735236b-2423-4fac-9872-d7717d876a1f,IN-SERVICE,NON-LIQUID,370.67,
2026-08-12T10:10:00+08:00,COLLIE_BESS2,150.0,622.0,8,6735236b-2423-4fac-9872-d7717d876a1f,IN-SERVICE,NON-LIQUID,628.22,
2026-08-12T10:10:00+08:00,COLLIE_BESS2,0.0,1188.12,9,6735236b-2423-4fac-9872-d7717d876a1f,IN-SERVICE,NON-LIQUID,1200.0,
2026-08-12T10:10:00+08:00,COLLIE_BESS2,0.0,1188.12,10,6735236b-2423-4fac-9872-d7717d876a1f,IN-SERVICE,NON-LIQUID,1200.0,
2026-08-12T10:10:00+08:00,COLLIE_ESR4,-250.0,87.53,1,96b2bb64-2400-4ed5-98f5-0a8374541d25,IN-SERVICE,NOT APPLICABLE,87.48,0.0
2026-08-12T10:10:00+08:00,COLLIE_ESR4,250.0,122.42,2,96b2bb64-2400-4ed5-98f5-0a8374541d25,IN-SERVICE,NOT APPLICABLE,122.35,0.0
2026-08-12T10:10:00+08:00,COLLIE_ESR5,-250.0,87.6,1,aeba9fa3-4bce-4ebe-8cae-7744f0e8390d,IN-SERVICE,NOT APPLICABLE,87.55,0.0
2026-08-12T10:10:00+08:00,COLLIE_ESR5,250.0,123.51,2,aeba9fa3-4bce-4ebe-8cae-7744f0e8390d,IN-SERVICE,NOT APPLICABLE,123.44,0.0
2026-08-12T10:15:00+08:00,KWINANA_ESR1,-100.0,87.84,1,5a4a09ee-f6df-45ec-9c32-5d929df10cc5,IN-SERVICE,NOT APPLICABLE,87.8,0.0
2026-08-12T10:15:00+08:00,KWINANA_ESR1,100.0,122.12,2,5a4a09ee-f6df-45ec-9c32-5d929df10cc5,IN-SERVICE,NOT APPLICABLE,122.07,0.0
2026-08-12T10:15:00+08:00,COLLIE_ESR1,0.0,-1000.0,1,888d3c53-4d6c-484f-a83d-bfd42236ae6c,IN-SERVICE,NON-LIQUID,-999.4,
2026-08-12T10:15:00+08:00,COLLIE_ESR1,-24.0,-42.46,2,888d3c53-4d6c-484f-a83d-bfd42236ae6c,IN-SERVICE,NON-LIQUID,-42.43,
2026-08-12T10:15:00+08:00,COLLIE_ESR1,-24.0,-10.0,3,888d3c53-4d6c-484f-a83d-bfd42236ae6c,IN-SERVICE,NON-LIQUID,-9.99,
2026-08-12T10:15:00+08:00,COLLIE_ESR1,0.0,34.02,4,888d3c53-4d6c-484f-a83d-bfd42236ae6c,IN-SERVICE,NON-LIQUID,34.0,
2026-08-12T10:15:00+08:00,COLLIE_ESR1,-152.0,105.0,5,888d3c53-4d6c-484f-a83d-bfd42236ae6c,IN-SERVICE,NON-LIQUID,104.94,
2026-08-12T10:15:00+08:00,COLLIE_ESR1,50.0,250.0,6,888d3c53-4d6c-484f-a83d-bfd42236ae6c,IN-SERVICE,NON-LIQUID,249.85,
2026-08-12T10:15:00+08:00,COLLIE_ESR1,100.0,367.0,7,888d3c53-4d6c-484f-a83d-bfd42236ae6c,IN-SERVICE,NON-LIQUID,366.78,
2026-08-12T10:15:00+08:00,COLLIE_ESR1,50.0,622.0,8,888d3c53-4d6c-484f-a83d-bfd42236ae6c,IN-SERVICE,NON-LIQUID,621.63,
2026-08-12T10:15:00+08:00,COLLIE_ESR1,0.0,1199.9,9,888d3c53-4d6c-484f-a83d-bfd42236ae6c,IN-SERVICE,NON-LIQUID,1199.18,
2026-08-12T10:15:00+08:00,COLLIE_ESR1,0.0,1200.0,10,888d3c53-4d6c-484f-a83d-bfd42236ae6c,IN-SERVICE,NON-LIQUID,1199.28,
2026-08-12T10:15:00+08:00,KWINANA_ESR2,-225.0,85.58,1,48ab9acd-ba5f-49ff-ab15-a9c4a3a9bb73,IN-SERVICE,NOT APPLICABLE,85.49,0.0
2026-08-12T10:15:00+08:00,KWINANA_ESR2,225.0,126.74,2,48ab9acd-ba5f-49ff-ab15-a9c4a3a9bb73,IN-SERVICE,NOT APPLICABLE,126.61,0.0
2026-08-12T10:15:00+08:00,COLLIE_BESS2,0.0,-990.1,1,64d87fd9-b7c6-459d-b7a7-e79d2e0c750c,IN-SERVICE,NON-LIQUID,-1000.0,
2026-08-12T10:15:00+08:00,COLLIE_BESS2,-54.0,-42.46,2,64d87fd9-b7c6-459d-b7a7-e79d2e0c750c,IN-SERVICE,NON-LIQUID,-42.88,
2026-08-12T10:15:00+08:00,COLLIE_BESS2,-55.0,-10.0,3,64d87fd9-b7c6-459d-b7a7-e79d2e0c750c,IN-SERVICE,NON-LIQUID,-10.1,
2026-08-12T10:15:00+08:00,COLLIE_BESS2,0.0,34.02,4,64d87fd9-b7c6-459d-b7a7-e79d2e0c750c,IN-SERVICE,NON-LIQUID,34.36,
2026-08-12T10:15:00+08:00,COLLIE_BESS2,-191.0,105.0,5,64d87fd9-b7c6-459d-b7a7-e79d2e0c750c,IN-SERVICE,NON-LIQUID,106.05,
2026-08-12T10:15:00+08:00,COLLIE_BESS2,75.0,250.0,6,64d87fd9-b7c6-459d-b7a7-e79d2e0c750c,IN-SERVICE,NON-LIQUID,252.5,
2026-08-12T10:15:00+08:00,COLLIE_BESS2,75.0,367.0,7,64d87fd9-b7c6-459d-b7a7-e79d2e0c750c,IN-SERVICE,NON-LIQUID,370.67,
2026-08-12T10:15:00+08:00,COLLIE_BESS2,150.0,622.0,8,64d87fd9-b7c6-459d-b7a7-e79d2e0c750c,IN-SERVICE,NON-LIQUID,628.22,
2026-08-12T10:15:00+08:00,COLLIE_BESS2,0.0,1188.12,9,64d87fd9-b7c6-459d-b7a7-e79d2e0c750c,IN-SERVICE,NON-LIQUID,1200.0,
2026-08-12T10:15:00+08:00,COLLIE_BESS2,0.0,1188.12,10,64d87fd9-b7c6-459d-b7a7-e79d2e0c750c,IN-SERVICE,NON-LIQUID,1200.0,
2026-08-12T10:15:00+08:00,COLLIE_ESR4,-250.0,87.53,1,96b2bb64-2400-4ed5-98f5-0a8374541d25,IN-SERVICE,NOT APPLICABLE,87.48,0.0
2026-08-12T10:15:00+08:00,COLLIE_ESR4,250.0,122.42,2,96b2bb64-2400-4ed5-98f5-0a8374541d25,IN-SERVICE,NOT APPLICABLE,122.35,0.0
2026-08-12T10:15:00+08:00,COLLIE_ESR5,-250.0,87.6,1,aeba9fa3-4bce-4ebe-8cae-7744f0e8390d,IN-SERVICE,NOT APPLICABLE,87.55,0.0
2026-08-12T10:15:00+08:00,COLLIE_ESR5,250.0,123.51,2,aeba9fa3-4bce-4ebe-8cae-7744f0e8390d,IN-SERVICE,NOT APPLICABLE,123.44,0.0
2026-08-12T10:20:00+08:00,KWINANA_ESR1,-100.0,87.84,1,94bd435d-fd74-487f-9969-f8f862b014d3,IN-SERVICE,NOT APPLICABLE,87.8,0.0
2026-08-12T10:20:00+08:00,KWINANA_ESR1,100.0,122.12,2,94bd435d-fd74-487f-9969-f8f862b014d3,IN-SERVICE,NOT APPLICABLE,122.07,0.0
2026-08-12T10:20:00+08:00,COLLIE_ESR1,0.0,-1000.0,1,ed4d1c34-b148-47ad-ae3a-c9a93178ba36,IN-SERVICE,NON-LIQUID,-999.4,
2026-08-12T10:20:00+08:00,COLLIE_ESR1,-64.0,-42.46,2,ed4d1c34-b148-47ad-ae3a-c9a93178ba36,IN-SERVICE,NON-LIQUID,-42.43,
2026-08-12T10:20:00+08:00,COLLIE_ESR1,-64.0,-10.0,3,ed4d1c34-b148-47ad-ae3a-c9a93178ba36,IN-SERVICE,NON-LIQUID,-9.99,
2026-08-12T10:20:00+08:00,COLLIE_ESR1,0.0,34.02,4,ed4d1c34-b148-47ad-ae3a-c9a93178ba36,IN-SERVICE,NON-LIQUID,34.0,
2026-08-12T10:20:00+08:00,COLLIE_ESR1,-72.0,94.56,5,ed4d1c34-b148-47ad-ae3a-c9a93178ba36,IN-SERVICE,NON-LIQUID,94.5,
2026-08-12T10:20:00+08:00,COLLIE_ESR1,50.0,250.0,6,ed4d1c34-b148-47ad-ae3a-c9a93178ba36,IN-SERVICE,NON-LIQUID,249.85,
2026-08-12T10:20:00+08:00,COLLIE_ESR1,100.0,367.0,7,ed4d1c34-b148-47ad-ae3a-c9a93178ba36,IN-SERVICE,NON-LIQUID,366.78,
2026-08-12T10:20:00+08:00,COLLIE_ESR1,50.0,622.0,8,ed4d1c34-b148-47ad-ae3a-c9a93178ba36,IN-SERVICE,NON-LIQUID,621.63,
2026-08-12T10:20:00+08:00,COLLIE_ESR1,0.0,1199.9,9,ed4d1c34-b148-47ad-ae3a-c9a93178ba36,IN-SERVICE,NON-LIQUID,1199.18,
2026-08-12T10:20:00+08:00,COLLIE_ESR1,0.0,1200.0,10,ed4d1c34-b148-47ad-ae3a-c9a93178ba36,IN-SERVICE,NON-LIQUID,1199.28,
2026-08-12T10:20:00+08:00,KWINANA_ESR2,-225.0,85.58,1,9249df25-4a34-4735-afaf-f787b1fc9687,IN-SERVICE,NOT APPLICABLE,85.49,0.0
2026-08-12T10:20:00+08:00,KWINANA_ESR2,225.0,126.74,2,9249df25-4a34-4735-afaf-f787b1fc9687,IN-SERVICE,NOT APPLICABLE,126.61,0.0
2026-08-12T10:20:00+08:00,COLLIE_BESS2,0.0,-990.1,1,8227c55b-2c16-4a08-966d-bdecb21ef2b2,IN-SERVICE,NON-LIQUID,-1000.0,
2026-08-12T10:20:00+08:00,COLLIE_BESS2,-54.0,-42.46,2,8227c55b-2c16-4a08-966d-bdecb21ef2b2,IN-SERVICE,NON-LIQUID,-42.88,
2026-08-12T10:20:00+08:00,COLLIE_BESS2,-55.0,-10.0,3,8227c55b-2c16-4a08-966d-bdecb21ef2b2,IN-SERVICE,NON-LIQUID,-10.1,
2026-08-12T10:20:00+08:00,COLLIE_BESS2,0.0,34.02,4,8227c55b-2c16-4a08-966d-bdecb21ef2b2,IN-SERVICE,NON-LIQUID,34.36,
2026-08-12T10:20:00+08:00,COLLIE_BESS2,-191.0,94.56,5,8227c55b-2c16-4a08-966d-bdecb21ef2b2,IN-SERVICE,NON-LIQUID,95.51,
2026-08-12T10:20:00+08:00,COLLIE_BESS2,75.0,250.0,6,8227c55b-2c16-4a08-966d-bdecb21ef2b2,IN-SERVICE,NON-LIQUID,252.5,
2026-08-12T10:20:00+08:00,COLLIE_BESS2,75.0,367.0,7,8227c55b-2c16-4a08-966d-bdecb21ef2b2,IN-SERVICE,NON-LIQUID,370.67,
2026-08-12T10:20:00+08:00,COLLIE_BESS2,150.0,622.0,8,8227c55b-2c16-4a08-966d-bdecb21ef2b2,IN-SERVICE,NON-LIQUID,628.22,
2026-08-12T10:20:00+08:00,COLLIE_BESS2,0.0,1188.12,9,8227c55b-2c16-4a08-966d-bdecb21ef2b2,IN-SERVICE,NON-LIQUID,1200.0,
2026-08-12T10:20:00+08:00,COLLIE_BESS2,0.0,1188.12,10,8227c55b-2c16-4a08-966d-bdecb21ef2b2,IN-SERVICE,NON-LIQUID,1200.0,
2026-08-12T10:20:00+08:00,COLLIE_ESR4,-250.0,87.58,1,9ea21eff-f59a-46be-b4e4-8b124a4178ee,IN-SERVICE,NOT APPLICABLE,87.53,0.0
2026-08-12T10:20:00+08:00,COLLIE_ESR4,250.0,123.53,2,9ea21eff-f59a-46be-b4e4-8b124a4178ee,IN-SERVICE,NOT APPLICABLE,123.46,0.0
2026-08-12T10:20:00+08:00,COLLIE_ESR5,-250.0,87.6,1,0b5f3635-0f44-4616-862b-fd2500f0a7c1,IN-SERVICE,NOT APPLICABLE,87.55,0.0
2026-08-12T10:20:00+08:00,COLLIE_ESR5,250.0,123.51,2,0b5f3635-0f44-4616-862b-fd2500f0a7c1,IN-SERVICE,NOT APPLICABLE,123.44,0.0
2026-08-12T10:25:00+08:00,KWINANA_ESR1,-100.0,87.84,1,94bd435d-fd74-487f-9969-f8f862b014d3,IN-SERVICE,NOT APPLICABLE,87.8,0.0
2026-08-12T10:25:00+08:00,KWINANA_ESR1,100.0,122.12,2,94bd435d-fd74-487f-9969-f8f862b014d3,IN-SERVICE,NOT APPLICABLE,122.07,0.0
2026-08-12T10:25:00+08:00,COLLIE_ESR1,0.0,-1000.0,1,980ce89f-8131-4139-896f-90e8d65dc92f,IN-SERVICE,NON-LIQUID,-999.4,
2026-08-12T10:25:00+08:00,COLLIE_ESR1,-24.0,-42.46,2,980ce89f-8131-4139-896f-90e8d65dc92f,IN-SERVICE,NON-LIQUID,-42.43,
2026-08-12T10:25:00+08:00,COLLIE_ESR1,-24.0,-10.0,3,980ce89f-8131-4139-896f-90e8d65dc92f,IN-SERVICE,NON-LIQUID,-9.99,
2026-08-12T10:25:00+08:00,COLLIE_ESR1,0.0,34.02,4,980ce89f-8131-4139-896f-90e8d65dc92f,IN-SERVICE,NON-LIQUID,34.0,
2026-08-12T10:25:00+08:00,COLLIE_ESR1,-152.0,108.26,5,980ce89f-8131-4139-896f-90e8d65dc92f,IN-SERVICE,NON-LIQUID,108.2,
2026-08-12T10:25:00+08:00,COLLIE_ESR1,50.0,250.0,6,980ce89f-8131-4139-896f-90e8d65dc92f,IN-SERVICE,NON-LIQUID,249.85,
2026-08-12T10:25:00+08:00,COLLIE_ESR1,100.0,367.0,7,980ce89f-8131-4139-896f-90e8d65dc92f,IN-SERVICE,NON-LIQUID,366.78,
2026-08-12T10:25:00+08:00,COLLIE_ESR1,50.0,622.0,8,980ce89f-8131-4139-896f-90e8d65dc92f,IN-SERVICE,NON-LIQUID,621.63,
2026-08-12T10:25:00+08:00,COLLIE_ESR1,0.0,1199.9,9,980ce89f-8131-4139-896f-90e8d65dc92f,IN-SERVICE,NON-LIQUID,1199.18,
2026-08-12T10:25:00+08:00,COLLIE_ESR1,0.0,1200.0,10,980ce89f-8131-4139-896f-90e8d65dc92f,IN-SERVICE,NON-LIQUID,1199.28,
2026-08-12T10:25:00+08:00,KWINANA_ESR2,-225.0,85.58,1,9249df25-4a34-4735-afaf-f787b1fc9687,IN-SERVICE,NOT APPLICABLE,85.49,0.0
2026-08-12T10:25:00+08:00,KWINANA_ESR2,225.0,126.74,2,9249df25-4a34-4735-afaf-f787b1fc9687,IN-SERVICE,NOT APPLICABLE,126.61,0.0
2026-08-12T10:25:00+08:00,COLLIE_BESS2,0.0,-990.1,1,efa4abca-1fe5-4ebb-ac01-316554edf8bf,IN-SERVICE,NON-LIQUID,-1000.0,
2026-08-12T10:25:00+08:00,COLLIE_BESS2,-54.0,-42.46,2,efa4abca-1fe5-4ebb-ac01-316554edf8bf,IN-SERVICE,NON-LIQUID,-42.88,
2026-08-12T10:25:00+08:00,COLLIE_BESS2,-55.0,-10.0,3,efa4abca-1fe5-4ebb-ac01-316554edf8bf,IN-SERVICE,NON-LIQUID,-10.1,
2026-08-12T10:25:00+08:00,COLLIE_BESS2,0.0,34.02,4,efa4abca-1fe5-4ebb-ac01-316554edf8bf,IN-SERVICE,NON-LIQUID,34.36,
2026-08-12T10:25:00+08:00,COLLIE_BESS2,-191.0,108.26,5,efa4abca-1fe5-4ebb-ac01-316554edf8bf,IN-SERVICE,NON-LIQUID,109.34,
2026-08-12T10:25:00+08:00,COLLIE_BESS2,75.0,250.0,6,efa4abca-1fe5-4ebb-ac01-316554edf8bf,IN-SERVICE,NON-LIQUID,252.5,
2026-08-12T10:25:00+08:00,COLLIE_BESS2,75.0,367.0,7,efa4abca-1fe5-4ebb-ac01-316554edf8bf,IN-SERVICE,NON-LIQUID,370.67,
2026-08-12T10:25:00+08:00,COLLIE_BESS2,150.0,622.0,8,efa4abca-1fe5-4ebb-ac01-316554edf8bf,IN-SERVICE,NON-LIQUID,628.22,
2026-08-12T10:25:00+08:00,COLLIE_BESS2,0.0,1188.12,9,efa4abca-1fe5-4ebb-ac01-316554edf8bf,IN-SERVICE,NON-LIQUID,1200.0,
2026-08-12T10:25:00+08:00,COLLIE_BESS2,0.0,1188.12,10,efa4abca-1fe5-4ebb-ac01-316554edf8bf,IN-SERVICE,NON-LIQUID,1200.0,
2026-08-12T10:25:00+08:00,COLLIE_ESR4,-250.0,87.58,1,9ea21eff-f59a-46be-b4e4-8b124a4178ee,IN-SERVICE,NOT APPLICABLE,87.53,0.0
2026-08-12T10:25:00+08:00,COLLIE_ESR4,250.0,123.53,2,9ea21eff-f59a-46be-b4e4-8b124a4178ee,IN-SERVICE,NOT APPLICABLE,123.46,0.0
2026-08-12T10:25:00+08:00,COLLIE_ESR5,-250.0,88.71,1,0b5f3635-0f44-4616-862b-fd2500f0a7c1,IN-SERVICE,NOT APPLICABLE,88.66,0.0
2026-08-12T10:25:00+08:00,COLLIE_ESR5,250.0,123.51,2,0b5f3635-0f44-4616-862b-fd2500f0a7c1,IN-SERVICE,NOT APPLICABLE,123.44,0.0
2026-08-12T10:30:00+08:00,KWINANA_ESR1,-100.0,87.84,1,94bd435d-fd74-487f-9969-f8f862b014d3,IN-SERVICE,NOT APPLICABLE,87.8,0.0
2026-08-12T10:30:00+08:00,KWINANA_ESR1,100.0,122.12,2,94bd435d-fd74-487f-9969-f8f862b014d3,IN-SERVICE,NOT APPLICABLE,122.07,0.0
2026-08-12T10:30:00+08:00,COLLIE_ESR1,0.0,-1000.0,1,d2ecfc73-0041-48cf-ac90-159a4c3dde63,IN-SERVICE,NON-LIQUID,-999.4,
2026-08-12T10:30:00+08:00,COLLIE_ESR1,-24.0,-42.46,2,d2ecfc73-0041-48cf-ac90-159a4c3dde63,IN-SERVICE,NON-LIQUID,-42.43,
2026-08-12T10:30:00+08:00,COLLIE_ESR1,-24.0,-10.0,3,d2ecfc73-0041-48cf-ac90-159a4c3dde63,IN-SERVICE,NON-LIQUID,-9.99,
2026-08-12T10:30:00+08:00,COLLIE_ESR1,0.0,34.02,4,d2ecfc73-0041-48cf-ac90-159a4c3dde63,IN-SERVICE,NON-LIQUID,34.0,
2026-08-12T10:30:00+08:00,COLLIE_ESR1,-152.0,109.05,5,d2ecfc73-0041-48cf-ac90-159a4c3dde63,IN-SERVICE,NON-LIQUID,108.98,
2026-08-12T10:30:00+08:00,COLLIE_ESR1,50.0,250.0,6,d2ecfc73-0041-48cf-ac90-159a4c3dde63,IN-SERVICE,NON-LIQUID,249.85,
2026-08-12T10:30:00+08:00,COLLIE_ESR1,100.0,367.0,7,d2ecfc73-0041-48cf-ac90-159a4c3dde63,IN-SERVICE,NON-LIQUID,366.78,
2026-08-12T10:30:00+08:00,COLLIE_ESR1,0.0,400.0,8,d2ecfc73-0041-48cf-ac90-159a4c3dde63,IN-SERVICE,NON-LIQUID,399.76,
2026-08-12T10:30:00+08:00,COLLIE_ESR1,50.0,622.0,9,d2ecfc73-0041-48cf-ac90-159a4c3dde63,IN-SERVICE,NON-LIQUID,621.63,
2026-08-12T10:30:00+08:00,COLLIE_ESR1,0.0,1200.0,10,d2ecfc73-0041-48cf-ac90-159a4c3dde63,IN-SERVICE,NON-LIQUID,1199.28,
2026-08-12T10:30:00+08:00,KWINANA_ESR2,-225.0,85.58,1,9249df25-4a34-4735-afaf-f787b1fc9687,IN-SERVICE,NOT APPLICABLE,85.49,0.0
2026-08-12T10:30:00+08:00,KWINANA_ESR2,225.0,126.74,2,9249df25-4a34-4735-afaf-f787b1fc9687,IN-SERVICE,NOT APPLICABLE,126.61,0.0
2026-08-12T10:30:00+08:00,COLLIE_BESS2,0.0,-990.1,1,1f26400f-c1b8-4609-b0d1-ff617288a5e7,IN-SERVICE,NON-LIQUID,-1000.0,
2026-08-12T10:30:00+08:00,COLLIE_BESS2,-54.0,-42.46,2,1f26400f-c1b8-4609-b0d1-ff617288a5e7,IN-SERVICE,NON-LIQUID,-42.88,
2026-08-12T10:30:00+08:00,COLLIE_BESS2,-55.0,-10.0,3,1f26400f-c1b8-4609-b0d1-ff617288a5e7,IN-SERVICE,NON-LIQUID,-10.1,
2026-08-12T10:30:00+08:00,COLLIE_BESS2,0.0,34.02,4,1f26400f-c1b8-4609-b0d1-ff617288a5e7,IN-SERVICE,NON-LIQUID,34.36,
2026-08-12T10:30:00+08:00,COLLIE_BESS2,-191.0,109.05,5,1f26400f-c1b8-4609-b0d1-ff617288a5e7,IN-SERVICE,NON-LIQUID,110.14,
2026-08-12T10:30:00+08:00,COLLIE_BESS2,75.0,250.0,6,1f26400f-c1b8-4609-b0d1-ff617288a5e7,IN-SERVICE,NON-LIQUID,252.5,
2026-08-12T10:30:00+08:00,COLLIE_BESS2,75.0,367.0,7,1f26400f-c1b8-4609-b0d1-ff617288a5e7,IN-SERVICE,NON-LIQUID,370.67,
2026-08-12T10:30:00+08:00,COLLIE_BESS2,0.0,370.77,8,1f26400f-c1b8-4609-b0d1-ff617288a5e7,IN-SERVICE,NON-LIQUID,374.48,
2026-08-12T10:30:00+08:00,COLLIE_BESS2,150.0,622.0,9,1f26400f-c1b8-4609-b0d1-ff617288a5e7,IN-SERVICE,NON-LIQUID,628.22,
2026-08-12T10:30:00+08:00,COLLIE_BESS2,0.0,1188.12,10,1f26400f-c1b8-4609-b0d1-ff617288a5e7,IN-SERVICE,NON-LIQUID,1200.0,
2026-08-12T10:30:00+08:00,COLLIE_ESR4,-250.0,87.58,1,9ea21eff-f59a-46be-b4e4-8b124a4178ee,IN-SERVICE,NOT APPLICABLE,87.53,0.0
2026-08-12T10:30:00+08:00,COLLIE_ESR4,250.0,123.53,2,9ea21eff-f59a-46be-b4e4-8b124a4178ee,IN-SERVICE,NOT APPLICABLE,123.46,0.0
2026-08-12T10:30:00+08:00,COLLIE_ESR5,-250.0,88.71,1,0b5f3635-0f44-4616-862b-fd2500f0a7c1,IN-SERVICE,NOT APPLICABLE,88.66,0.0
2026-08-12T10:30:00+08:00,COLLIE_ESR5,250.0,123.51,2,0b5f3635-0f44-4616-862b-fd2500f0a7c1,IN-SERVICE,NOT APPLICABLE,123.44,0.0
2026-08-12T10:35:00+08:00,KWINANA_ESR1,-100.0,88.95,1,ef44456c-3bc7-46b3-aa60-db1f54e2cd67,IN-SERVICE,NOT APPLICABLE,88.91,0.0
2026-08-12T10:35:00+08:00,KWINANA_ESR1,100.0,120.94,2,ef44456c-3bc7-46b3-aa60-db1f54e2cd67,IN-SERVICE,NOT APPLICABLE,120.89,0.0
2026-08-12T10:35:00+08:00,COLLIE_ESR1,0.0,-1000.0,1,c2a2c5a4-fb3e-432b-a363-86bd20f245cb,IN-SERVICE,NON-LIQUID,-999.4,
2026-08-12T10:35:00+08:00,COLLIE_ESR1,-25.0,-42.46,2,c2a2c5a4-fb3e-432b-a363-86bd20f245cb,IN-SERVICE,NON-LIQUID,-42.43,
2026-08-12T10:35:00+08:00,COLLIE_ESR1,-25.0,-10.0,3,c2a2c5a4-fb3e-432b-a363-86bd20f245cb,IN-SERVICE,NON-LIQUID,-9.99,
2026-08-12T10:35:00+08:00,COLLIE_ESR1,0.0,34.02,4,c2a2c5a4-fb3e-432b-a363-86bd20f245cb,IN-SERVICE,NON-LIQUID,34.0,
2026-08-12T10:35:00+08:00,COLLIE_ESR1,-150.0,115.34,5,c2a2c5a4-fb3e-432b-a363-86bd20f245cb,IN-SERVICE,NON-LIQUID,115.27,
2026-08-12T10:35:00+08:00,COLLIE_ESR1,50.0,250.0,6,c2a2c5a4-fb3e-432b-a363-86bd20f245cb,IN-SERVICE,NON-LIQUID,249.85,
2026-08-12T10:35:00+08:00,COLLIE_ESR1,100.0,367.0,7,c2a2c5a4-fb3e-432b-a363-86bd20f245cb,IN-SERVICE,NON-LIQUID,366.78,
2026-08-12T10:35:00+08:00,COLLIE_ESR1,0.0,400.0,8,c2a2c5a4-fb3e-432b-a363-86bd20f245cb,IN-SERVICE,NON-LIQUID,399.76,
2026-08-12T10:35:00+08:00,COLLIE_ESR1,50.0,622.0,9,c2a2c5a4-fb3e-432b-a363-86bd20f245cb,IN-SERVICE,NON-LIQUID,621.63,
2026-08-12T10:35:00+08:00,COLLIE_ESR1,0.0,1200.0,10,c2a2c5a4-fb3e-432b-a363-86bd20f245cb,IN-SERVICE,NON-LIQUID,1199.28,
2026-08-12T10:35:00+08:00,KWINANA_ESR2,-225.0,88.46,1,09ac8a41-c180-461e-9097-95fe7096ec69,IN-SERVICE,NOT APPLICABLE,88.37,0.0
2026-08-12T10:35:00+08:00,KWINANA_ESR2,225.0,129.62,2,09ac8a41-c180-461e-9097-95fe7096ec69,IN-SERVICE,NOT APPLICABLE,129.49,0.0
2026-08-12T10:35:00+08:00,COLLIE_BESS2,0.0,-990.1,1,ecc55022-41ef-4597-a470-df4d3f5d91e8,IN-SERVICE,NON-LIQUID,-1000.0,
2026-08-12T10:35:00+08:00,COLLIE_BESS2,-56.0,-42.46,2,ecc55022-41ef-4597-a470-df4d3f5d91e8,IN-SERVICE,NON-LIQUID,-42.88,
2026-08-12T10:35:00+08:00,COLLIE_BESS2,-56.0,-10.0,3,ecc55022-41ef-4597-a470-df4d3f5d91e8,IN-SERVICE,NON-LIQUID,-10.1,
2026-08-12T10:35:00+08:00,COLLIE_BESS2,0.0,34.02,4,ecc55022-41ef-4597-a470-df4d3f5d91e8,IN-SERVICE,NON-LIQUID,34.36,
2026-08-12T10:35:00+08:00,COLLIE_BESS2,-188.0,107.58,5,ecc55022-41ef-4597-a470-df4d3f5d91e8,IN-SERVICE,NON-LIQUID,108.66,
2026-08-12T10:35:00+08:00,COLLIE_BESS2,75.0,250.0,6,ecc55022-41ef-4597-a470-df4d3f5d91e8,IN-SERVICE,NON-LIQUID,252.5,
2026-08-12T10:35:00+08:00,COLLIE_BESS2,75.0,367.0,7,ecc55022-41ef-4597-a470-df4d3f5d91e8,IN-SERVICE,NON-LIQUID,370.67,
2026-08-12T10:35:00+08:00,COLLIE_BESS2,0.0,370.77,8,ecc55022-41ef-4597-a470-df4d3f5d91e8,IN-SERVICE,NON-LIQUID,374.48,
2026-08-12T10:35:00+08:00,COLLIE_BESS2,150.0,622.0,9,ecc55022-41ef-4597-a470-df4d3f5d91e8,IN-SERVICE,NON-LIQUID,628.22,
2026-08-12T10:35:00+08:00,COLLIE_BESS2,0.0,1188.12,10,ecc55022-41ef-4597-a470-df4d3f5d91e8,IN-SERVICE,NON-LIQUID,1200.0,
2026-08-12T10:35:00+08:00,COLLIE_ESR4,-250.0,91.57,1,4958d592-108c-4e7b-80e0-64ae2647022d,IN-SERVICE,NOT APPLICABLE,91.52,0.0
2026-08-12T10:35:00+08:00,COLLIE_ESR4,250.0,126.42,2,4958d592-108c-4e7b-80e0-64ae2647022d,IN-SERVICE,NOT APPLICABLE,126.34,0.0
2026-08-12T10:35:00+08:00,COLLIE_ESR5,-250.0,91.59,1,e20f4498-1fa3-48a7-ba98-0cb05dd4d6fa,IN-SERVICE,NOT APPLICABLE,91.54,0.0
2026-08-12T10:35:00+08:00,COLLIE_ESR5,250.0,126.4,2,e20f4498-1fa3-48a7-ba98-0cb05dd4d6fa,IN-SERVICE,NOT APPLICABLE,126.32,0.0
2026-08-12T10:40:00+08:00,KWINANA_ESR1,-100.0,88.95,1,ef44456c-3bc7-46b3-aa60-db1f54e2cd67,IN-SERVICE,NOT APPLICABLE,88.91,0.0
2026-08-12T10:40:00+08:00,KWINANA_ESR1,100.0,120.94,2,ef44456c-3bc7-46b3-aa60-db1f54e2cd67,IN-SERVICE,NOT APPLICABLE,120.89,0.0
2026-08-12T10:40:00+08:00,COLLIE_ESR1,0.0,-1000.0,1,c6c496fc-520d-4d2f-b082-fa2752e4e082,IN-SERVICE,NON-LIQUID,-999.4,
2026-08-12T10:40:00+08:00,COLLIE_ESR1,-25.0,-42.46,2,c6c496fc-520d-4d2f-b082-fa2752e4e082,IN-SERVICE,NON-LIQUID,-42.43,
2026-08-12T10:40:00+08:00,COLLIE_ESR1,-25.0,-10.0,3,c6c496fc-520d-4d2f-b082-fa2752e4e082,IN-SERVICE,NON-LIQUID,-9.99,
2026-08-12T10:40:00+08:00,COLLIE_ESR1,0.0,34.02,4,c6c496fc-520d-4d2f-b082-fa2752e4e082,IN-SERVICE,NON-LIQUID,34.0,
2026-08-12T10:40:00+08:00,COLLIE_ESR1,-150.0,114.56,5,c6c496fc-520d-4d2f-b082-fa2752e4e082,IN-SERVICE,NON-LIQUID,114.49,
2026-08-12T10:40:00+08:00,COLLIE_ESR1,50.0,250.0,6,c6c496fc-520d-4d2f-b082-fa2752e4e082,IN-SERVICE,NON-LIQUID,249.85,
2026-08-12T10:40:00+08:00,COLLIE_ESR1,100.0,367.0,7,c6c496fc-520d-4d2f-b082-fa2752e4e082,IN-SERVICE,NON-LIQUID,366.78,
2026-08-12T10:40:00+08:00,COLLIE_ESR1,0.0,400.0,8,c6c496fc-520d-4d2f-b082-fa2752e4e082,IN-SERVICE,NON-LIQUID,399.76,
2026-08-12T10:40:00+08:00,COLLIE_ESR1,50.0,622.0,9,c6c496fc-520d-4d2f-b082-fa2752e4e082,IN-SERVICE,NON-LIQUID,621.63,
2026-08-12T10:40:00+08:00,COLLIE_ESR1,0.0,1200.0,10,c6c496fc-520d-4d2f-b082-fa2752e4e082,IN-SERVICE,NON-LIQUID,1199.28,
2026-08-12T10:40:00+08:00,KWINANA_ESR2,-225.0,88.46,1,09ac8a41-c180-461e-9097-95fe7096ec69,IN-SERVICE,NOT APPLICABLE,88.37,0.0
2026-08-12T10:40:00+08:00,KWINANA_ESR2,225.0,129.62,2,09ac8a41-c180-461e-9097-95fe7096ec69,IN-SERVICE,NOT APPLICABLE,129.49,0.0
2026-08-12T10:40:00+08:00,COLLIE_BESS2,0.0,-990.1,1,32e10c95-3e39-43fe-b3b6-4956b0a4f405,IN-SERVICE,NON-LIQUID,-1000.0,
2026-08-12T10:40:00+08:00,COLLIE_BESS2,-56.0,-42.46,2,32e10c95-3e39-43fe-b3b6-4956b0a4f405,IN-SERVICE,NON-LIQUID,-42.88,
2026-08-12T10:40:00+08:00,COLLIE_BESS2,-56.0,-10.0,3,32e10c95-3e39-43fe-b3b6-4956b0a4f405,IN-SERVICE,NON-LIQUID,-10.1,
2026-08-12T10:40:00+08:00,COLLIE_BESS2,0.0,34.02,4,32e10c95-3e39-43fe-b3b6-4956b0a4f405,IN-SERVICE,NON-LIQUID,34.36,
2026-08-12T10:40:00+08:00,COLLIE_BESS2,-188.0,114.56,5,32e10c95-3e39-43fe-b3b6-4956b0a4f405,IN-SERVICE,NON-LIQUID,115.71,
2026-08-12T10:40:00+08:00,COLLIE_BESS2,75.0,250.0,6,32e10c95-3e39-43fe-b3b6-4956b0a4f405,IN-SERVICE,NON-LIQUID,252.5,
2026-08-12T10:40:00+08:00,COLLIE_BESS2,75.0,367.0,7,32e10c95-3e39-43fe-b3b6-4956b0a4f405,IN-SERVICE,NON-LIQUID,370.67,
2026-08-12T10:40:00+08:00,COLLIE_BESS2,0.0,370.77,8,32e10c95-3e39-43fe-b3b6-4956b0a4f405,IN-SERVICE,NON-LIQUID,374.48,
2026-08-12T10:40:00+08:00,COLLIE_BESS2,150.0,622.0,9,32e10c95-3e39-43fe-b3b6-4956b0a4f405,IN-SERVICE,NON-LIQUID,628.22,
2026-08-12T10:40:00+08:00,COLLIE_BESS2,0.0,1188.12,10,32e10c95-3e39-43fe-b3b6-4956b0a4f405,IN-SERVICE,NON-LIQUID,1200.0,
2026-08-12T10:40:00+08:00,COLLIE_ESR4,-250.0,91.57,1,4958d592-108c-4e7b-80e0-64ae2647022d,IN-SERVICE,NOT APPLICABLE,91.52,0.0
2026-08-12T10:40:00+08:00,COLLIE_ESR4,250.0,126.42,2,4958d592-108c-4e7b-80e0-64ae2647022d,IN-SERVICE,NOT APPLICABLE,126.34,0.0
2026-08-12T10:40:00+08:00,COLLIE_ESR5,-250.0,91.59,1,e20f4498-1fa3-48a7-ba98-0cb05dd4d6fa,IN-SERVICE,NOT APPLICABLE,91.54,0.0
2026-08-12T10:40:00+08:00,COLLIE_ESR5,250.0,126.4,2,e20f4498-1fa3-48a7-ba98-0cb05dd4d6fa,IN-SERVICE,NOT APPLICABLE,126.32,0.0
2026-08-12T10:45:00+08:00,KWINANA_ESR1,-100.0,88.95,1,ef44456c-3bc7-46b3-aa60-db1f54e2cd67,IN-SERVICE,NOT APPLICABLE,88.91,0.0
2026-08-12T10:45:00+08:00,KWINANA_ESR1,100.0,120.94,2,ef44456c-3bc7-46b3-aa60-db1f54e2cd67,IN-SERVICE,NOT APPLICABLE,120.89,0.0
2026-08-12T10:45:00+08:00,COLLIE_ESR1,0.0,-1000.0,1,ddec336c-8152-45ae-b942-62c4d6679f04,IN-SERVICE,NON-LIQUID,-999.4,
2026-08-12T10:45:00+08:00,COLLIE_ESR1,-25.0,-42.46,2,ddec336c-8152-45ae-b942-62c4d6679f04,IN-SERVICE,NON-LIQUID,-42.43,
2026-08-12T10:45:00+08:00,COLLIE_ESR1,-25.0,-10.0,3,ddec336c-8152-45ae-b942-62c4d6679f04,IN-SERVICE,NON-LIQUID,-9.99,
2026-08-12T10:45:00+08:00,COLLIE_ESR1,0.0,34.02,4,ddec336c-8152-45ae-b942-62c4d6679f04,IN-SERVICE,NON-LIQUID,34.0,
2026-08-12T10:45:00+08:00,COLLIE_ESR1,-150.0,109.81,5,ddec336c-8152-45ae-b942-62c4d6679f04,IN-SERVICE,NON-LIQUID,109.74,
2026-08-12T10:45:00+08:00,COLLIE_ESR1,50.0,250.0,6,ddec336c-8152-45ae-b942-62c4d6679f04,IN-SERVICE,NON-LIQUID,249.85,
2026-08-12T10:45:00+08:00,COLLIE_ESR1,100.0,367.0,7,ddec336c-8152-45ae-b942-62c4d6679f04,IN-SERVICE,NON-LIQUID,366.78,
2026-08-12T10:45:00+08:00,COLLIE_ESR1,0.0,400.0,8,ddec336c-8152-45ae-b942-62c4d6679f04,IN-SERVICE,NON-LIQUID,399.76,
2026-08-12T10:45:00+08:00,COLLIE_ESR1,50.0,622.0,9,ddec336c-8152-45ae-b942-62c4d6679f04,IN-SERVICE,NON-LIQUID,621.63,
2026-08-12T10:45:00+08:00,COLLIE_ESR1,0.0,1200.0,10,ddec336c-8152-45ae-b942-62c4d6679f04,IN-SERVICE,NON-LIQUID,1199.28,
2026-08-12T10:45:00+08:00,KWINANA_ESR2,-225.0,101.56,1,09ac8a41-c180-461e-9097-95fe7096ec69,IN-SERVICE,NOT APPLICABLE,101.46,0.0
2026-08-12T10:45:00+08:00,KWINANA_ESR2,225.0,142.72,2,09ac8a41-c180-461e-9097-95fe7096ec69,IN-SERVICE,NOT APPLICABLE,142.58,0.0
2026-08-12T10:45:00+08:00,COLLIE_BESS2,0.0,-990.1,1,fa6e51aa-22c6-492a-ac19-4d763eb43243,IN-SERVICE,NON-LIQUID,-1000.0,
2026-08-12T10:45:00+08:00,COLLIE_BESS2,-56.0,-42.46,2,fa6e51aa-22c6-492a-ac19-4d763eb43243,IN-SERVICE,NON-LIQUID,-42.88,
2026-08-12T10:45:00+08:00,COLLIE_BESS2,-56.0,-10.0,3,fa6e51aa-22c6-492a-ac19-4d763eb43243,IN-SERVICE,NON-LIQUID,-10.1,
2026-08-12T10:45:00+08:00,COLLIE_BESS2,0.0,34.02,4,fa6e51aa-22c6-492a-ac19-4d763eb43243,IN-SERVICE,NON-LIQUID,34.36,
2026-08-12T10:45:00+08:00,COLLIE_BESS2,-188.0,109.81,5,fa6e51aa-22c6-492a-ac19-4d763eb43243,IN-SERVICE,NON-LIQUID,110.91,
2026-08-12T10:45:00+08:00,COLLIE_BESS2,75.0,250.0,6,fa6e51aa-22c6-492a-ac19-4d763eb43243,IN-SERVICE,NON-LIQUID,252.5,
2026-08-12T10:45:00+08:00,COLLIE_BESS2,75.0,367.0,7,fa6e51aa-22c6-492a-ac19-4d763eb43243,IN-SERVICE,NON-LIQUID,370.67,
2026-08-12T10:45:00+08:00,COLLIE_BESS2,0.0,370.77,8,fa6e51aa-22c6-492a-ac19-4d763eb43243,IN-SERVICE,NON-LIQUID,374.48,
2026-08-12T10:45:00+08:00,COLLIE_BESS2,150.0,622.0,9,fa6e51aa-22c6-492a-ac19-4d763eb43243,IN-SERVICE,NON-LIQUID,628.22,
2026-08-12T10:45:00+08:00,COLLIE_BESS2,0.0,1188.12,10,fa6e51aa-22c6-492a-ac19-4d763eb43243,IN-SERVICE,NON-LIQUID,1200.0,
2026-08-12T10:45:00+08:00,COLLIE_ESR4,-250.0,91.57,1,4958d592-108c-4e7b-80e0-64ae2647022d,IN-SERVICE,NOT APPLICABLE,91.52,0.0
2026-08-12T10:45:00+08:00,COLLIE_ESR4,250.0,126.42,2,4958d592-108c-4e7b-80e0-64ae2647022d,IN-SERVICE,NOT APPLICABLE,126.34,0.0
2026-08-12T10:45:00+08:00,COLLIE_ESR5,-250.0,91.59,1,e20f4498-1fa3-48a7-ba98-0cb05dd4d6fa,IN-SERVICE,NOT APPLICABLE,91.54,0.0
2026-08-12T10:45:00+08:00,COLLIE_ESR5,250.0,139.49,2,e20f4498-1fa3-48a7-ba98-0cb05dd4d6fa,IN-SERVICE,NOT APPLICABLE,139.41,0.0
2026-08-12T10:50:00+08:00,KWINANA_ESR1,-100.0,114.83,1,87493777-4cde-4326-8c5f-dbac5493317d,IN-SERVICE,NOT APPLICABLE,114.78,0.0
2026-08-12T10:50:00+08:00,KWINANA_ESR1,100.0,149.09,2,87493777-4cde-4326-8c5f-dbac5493317d,IN-SERVICE,NOT APPLICABLE,149.03,0.0
2026-08-12T10:50:00+08:00,COLLIE_ESR1,0.0,-1000.0,1,35935953-ef36-49f1-a608-04404f474a3c,IN-SERVICE,NON-LIQUID,-999.4,
2026-08-12T10:50:00+08:00,COLLIE_ESR1,-100.0,-42.46,2,35935953-ef36-49f1-a608-04404f474a3c,IN-SERVICE,NON-LIQUID,-42.43,
2026-08-12T10:50:00+08:00,COLLIE_ESR1,-100.0,-10.0,3,35935953-ef36-49f1-a608-04404f474a3c,IN-SERVICE,NON-LIQUID,-9.99,
2026-08-12T10:50:00+08:00,COLLIE_ESR1,0.0,34.02,4,35935953-ef36-49f1-a608-04404f474a3c,IN-SERVICE,NON-LIQUID,34.0,
2026-08-12T10:50:00+08:00,COLLIE_ESR1,0.0,60.0,5,35935953-ef36-49f1-a608-04404f474a3c,IN-SERVICE,NON-LIQUID,59.96,
2026-08-12T10:50:00+08:00,COLLIE_ESR1,50.0,250.0,6,35935953-ef36-49f1-a608-04404f474a3c,IN-SERVICE,NON-LIQUID,249.85,
2026-08-12T10:50:00+08:00,COLLIE_ESR1,100.0,367.0,7,35935953-ef36-49f1-a608-04404f474a3c,IN-SERVICE,NON-LIQUID,366.78,
2026-08-12T10:50:00+08:00,COLLIE_ESR1,0.0,400.0,8,35935953-ef36-49f1-a608-04404f474a3c,IN-SERVICE,NON-LIQUID,399.76,
2026-08-12T10:50:00+08:00,COLLIE_ESR1,50.0,622.0,9,35935953-ef36-49f1-a608-04404f474a3c,IN-SERVICE,NON-LIQUID,621.63,
2026-08-12T10:50:00+08:00,COLLIE_ESR1,0.0,1200.0,10,35935953-ef36-49f1-a608-04404f474a3c,IN-SERVICE,NON-LIQUID,1199.28,
2026-08-12T10:50:00+08:00,KWINANA_ESR2,-225.0,112.94,1,35a8f1a4-0af2-4ffe-833d-fa6a58566c6d,IN-SERVICE,NOT APPLICABLE,112.83,0.0
2026-08-12T10:50:00+08:00,KWINANA_ESR2,225.0,154.1,2,35a8f1a4-0af2-4ffe-833d-fa6a58566c6d,IN-SERVICE,NOT APPLICABLE,153.95,0.0
2026-08-12T10:50:00+08:00,COLLIE_BESS2,0.0,-990.1,1,d1fca8ec-269e-463d-826b-894dc278ea2e,IN-SERVICE,NON-LIQUID,-1000.0,
2026-08-12T10:50:00+08:00,COLLIE_BESS2,-56.0,-42.46,2,d1fca8ec-269e-463d-826b-894dc278ea2e,IN-SERVICE,NON-LIQUID,-42.88,
2026-08-12T10:50:00+08:00,COLLIE_BESS2,-56.0,-10.0,3,d1fca8ec-269e-463d-826b-894dc278ea2e,IN-SERVICE,NON-LIQUID,-10.1,
2026-08-12T10:50:00+08:00,COLLIE_BESS2,0.0,34.02,4,d1fca8ec-269e-463d-826b-894dc278ea2e,IN-SERVICE,NON-LIQUID,34.36,
2026-08-12T10:50:00+08:00,COLLIE_BESS2,-188.0,115.9,5,d1fca8ec-269e-463d-826b-894dc278ea2e,IN-SERVICE,NON-LIQUID,117.06,
2026-08-12T10:50:00+08:00,COLLIE_BESS2,75.0,250.0,6,d1fca8ec-269e-463d-826b-894dc278ea2e,IN-SERVICE,NON-LIQUID,252.5,
2026-08-12T10:50:00+08:00,COLLIE_BESS2,75.0,367.0,7,d1fca8ec-269e-463d-826b-894dc278ea2e,IN-SERVICE,NON-LIQUID,370.67,
2026-08-12T10:50:00+08:00,COLLIE_BESS2,0.0,370.77,8,d1fca8ec-269e-463d-826b-894dc278ea2e,IN-SERVICE,NON-LIQUID,374.48,
2026-08-12T10:50:00+08:00,COLLIE_BESS2,150.0,622.0,9,d1fca8ec-269e-463d-826b-894dc278ea2e,IN-SERVICE,NON-LIQUID,628.22,
2026-08-12T10:50:00+08:00,COLLIE_BESS2,0.0,1188.12,10,d1fca8ec-269e-463d-826b-894dc278ea2e,IN-SERVICE,NON-LIQUID,1200.0,
2026-08-12T10:50:00+08:00,COLLIE_ESR4,-250.0,114.56,1,4abe6723-0e58-4b73-9152-12c55de0add5,IN-SERVICE,NOT APPLICABLE,114.49,0.0
2026-08-12T10:50:00+08:00,COLLIE_ESR4,250.0,150.89,2,4abe6723-0e58-4b73-9152-12c55de0add5,IN-SERVICE,NOT APPLICABLE,150.8,0.0
2026-08-12T10:50:00+08:00,COLLIE_ESR5,-250.0,114.6,1,e0c488c1-6f7d-4521-a054-5ec2c26d231f,IN-SERVICE,NOT APPLICABLE,114.53,0.0
2026-08-12T10:50:00+08:00,COLLIE_ESR5,250.0,150.87,2,e0c488c1-6f7d-4521-a054-5ec2c26d231f,IN-SERVICE,NOT APPLICABLE,150.78,0.0
2026-08-12T10:55:00+08:00,KWINANA_ESR1,-100.0,114.83,1,87493777-4cde-4326-8c5f-dbac5493317d,IN-SERVICE,NOT APPLICABLE,114.78,0.0
2026-08-12T10:55:00+08:00,KWINANA_ESR1,100.0,149.09,2,87493777-4cde-4326-8c5f-dbac5493317d,IN-SERVICE,NOT APPLICABLE,149.03,0.0
2026-08-12T10:55:00+08:00,COLLIE_ESR1,0.0,-1000.0,1,a70e8760-a5c9-4ee0-8d88-46a05dd37886,IN-SERVICE,NON-LIQUID,-999.4,
2026-08-12T10:55:00+08:00,COLLIE_ESR1,-20.0,-42.46,2,a70e8760-a5c9-4ee0-8d88-46a05dd37886,IN-SERVICE,NON-LIQUID,-42.43,
2026-08-12T10:55:00+08:00,COLLIE_ESR1,-20.0,-10.0,3,a70e8760-a5c9-4ee0-8d88-46a05dd37886,IN-SERVICE,NON-LIQUID,-9.99,
2026-08-12T10:55:00+08:00,COLLIE_ESR1,0.0,34.02,4,a70e8760-a5c9-4ee0-8d88-46a05dd37886,IN-SERVICE,NON-LIQUID,34.0,
2026-08-12T10:55:00+08:00,COLLIE_ESR1,-160.0,115.34,5,a70e8760-a5c9-4ee0-8d88-46a05dd37886,IN-SERVICE,NON-LIQUID,115.27,
2026-08-12T10:55:00+08:00,COLLIE_ESR1,50.0,250.0,6,a70e8760-a5c9-4ee0-8d88-46a05dd37886,IN-SERVICE,NON-LIQUID,249.85,
2026-08-12T10:55:00+08:00,COLLIE_ESR1,100.0,367.0,7,a70e8760-a5c9-4ee0-8d88-46a05dd37886,IN-SERVICE,NON-LIQUID,366.78,
2026-08-12T10:55:00+08:00,COLLIE_ESR1,0.0,400.0,8,a70e8760-a5c9-4ee0-8d88-46a05dd37886,IN-SERVICE,NON-LIQUID,399.76,
2026-08-12T10:55:00+08:00,COLLIE_ESR1,50.0,622.0,9,a70e8760-a5c9-4ee0-8d88-46a05dd37886,IN-SERVICE,NON-LIQUID,621.63,
2026-08-12T10:55:00+08:00,COLLIE_ESR1,0.0,1200.0,10,a70e8760-a5c9-4ee0-8d88-46a05dd37886,IN-SERVICE,NON-LIQUID,1199.28,
2026-08-12T10:55:00+08:00,KWINANA_ESR2,-225.0,112.94,1,35a8f1a4-0af2-4ffe-833d-fa6a58566c6d,IN-SERVICE,NOT APPLICABLE,112.83,0.0
2026-08-12T10:55:00+08:00,KWINANA_ESR2,225.0,154.1,2,35a8f1a4-0af2-4ffe-833d-fa6a58566c6d,IN-SERVICE,NOT APPLICABLE,153.95,0.0
2026-08-12T10:55:00+08:00,COLLIE_BESS2,0.0,-990.1,1,6cbdc3cf-c94e-47f8-9012-8ec2b9801f33,IN-SERVICE,NON-LIQUID,-1000.0,
2026-08-12T10:55:00+08:00,COLLIE_BESS2,-40.0,-42.46,2,6cbdc3cf-c94e-47f8-9012-8ec2b9801f33,IN-SERVICE,NON-LIQUID,-42.88,
2026-08-12T10:55:00+08:00,COLLIE_BESS2,-40.0,-10.0,3,6cbdc3cf-c94e-47f8-9012-8ec2b9801f33,IN-SERVICE,NON-LIQUID,-10.1,
2026-08-12T10:55:00+08:00,COLLIE_BESS2,0.0,34.02,4,6cbdc3cf-c94e-47f8-9012-8ec2b9801f33,IN-SERVICE,NON-LIQUID,34.36,
2026-08-12T10:55:00+08:00,COLLIE_BESS2,-220.0,115.34,5,6cbdc3cf-c94e-47f8-9012-8ec2b9801f33,IN-SERVICE,NON-LIQUID,116.49,
2026-08-12T10:55:00+08:00,COLLIE_BESS2,75.0,250.0,6,6cbdc3cf-c94e-47f8-9012-8ec2b9801f33,IN-SERVICE,NON-LIQUID,252.5,
2026-08-12T10:55:00+08:00,COLLIE_BESS2,75.0,367.0,7,6cbdc3cf-c94e-47f8-9012-8ec2b9801f33,IN-SERVICE,NON-LIQUID,370.67,
2026-08-12T10:55:00+08:00,COLLIE_BESS2,0.0,370.77,8,6cbdc3cf-c94e-47f8-9012-8ec2b9801f33,IN-SERVICE,NON-LIQUID,374.48,
2026-08-12T10:55:00+08:00,COLLIE_BESS2,150.0,622.0,9,6cbdc3cf-c94e-47f8-9012-8ec2b9801f33,IN-SERVICE,NON-LIQUID,628.22,
2026-08-12T10:55:00+08:00,COLLIE_BESS2,0.0,1188.12,10,6cbdc3cf-c94e-47f8-9012-8ec2b9801f33,IN-SERVICE,NON-LIQUID,1200.0,
2026-08-12T10:55:00+08:00,COLLIE_ESR4,-250.0,114.58,1,4abe6723-0e58-4b73-9152-12c55de0add5,IN-SERVICE,NOT APPLICABLE,114.51,0.0
2026-08-12T10:55:00+08:00,COLLIE_ESR4,250.0,150.89,2,4abe6723-0e58-4b73-9152-12c55de0add5,IN-SERVICE,NOT APPLICABLE,150.8,0.0
2026-08-12T10:55:00+08:00,COLLIE_ESR5,-250.0,116.07,1,e0c488c1-6f7d-4521-a054-5ec2c26d231f,IN-SERVICE,NOT APPLICABLE,116.0,0.0
2026-08-12T10:55:00+08:00,COLLIE_ESR5,250.0,150.87,2,e0c488c1-6f7d-4521-a054-5ec2c26d231f,IN-SERVICE,NOT APPLICABLE,150.78,0.0
2026-08-12T11:00:00+08:00,KWINANA_ESR1,-100.0,114.83,1,87493777-4cde-4326-8c5f-dbac5493317d,IN-SERVICE,NOT APPLICABLE,114.78,0.0
2026-08-12T11:00:00+08:00,KWINANA_ESR1,100.0,149.09,2,87493777-4cde-4326-8c5f-dbac5493317d,IN-SERVICE,NOT APPLICABLE,149.03,0.0
2026-08-12T11:00:00+08:00,COLLIE_ESR1,0.0,-1000.0,1,7c01ea5e-0986-4cb4-98f5-6179f5fc7225,IN-SERVICE,NON-LIQUID,-999.4,
2026-08-12T11:00:00+08:00,COLLIE_ESR1,-25.0,-42.46,2,7c01ea5e-0986-4cb4-98f5-6179f5fc7225,IN-SERVICE,NON-LIQUID,-42.43,
2026-08-12T11:00:00+08:00,COLLIE_ESR1,-25.0,-10.0,3,7c01ea5e-0986-4cb4-98f5-6179f5fc7225,IN-SERVICE,NON-LIQUID,-9.99,
2026-08-12T11:00:00+08:00,COLLIE_ESR1,0.0,34.02,4,7c01ea5e-0986-4cb4-98f5-6179f5fc7225,IN-SERVICE,NON-LIQUID,34.0,
2026-08-12T11:00:00+08:00,COLLIE_ESR1,-150.0,119.25,5,7c01ea5e-0986-4cb4-98f5-6179f5fc7225,IN-SERVICE,NON-LIQUID,119.18,
2026-08-12T11:00:00+08:00,COLLIE_ESR1,50.0,250.0,6,7c01ea5e-0986-4cb4-98f5-6179f5fc7225,IN-SERVICE,NON-LIQUID,249.85,
2026-08-12T11:00:00+08:00,COLLIE_ESR1,100.0,367.0,7,7c01ea5e-0986-4cb4-98f5-6179f5fc7225,IN-SERVICE,NON-LIQUID,366.78,
2026-08-12T11:00:00+08:00,COLLIE_ESR1,50.0,622.0,8,7c01ea5e-0986-4cb4-98f5-6179f5fc7225,IN-SERVICE,NON-LIQUID,621.63,
2026-08-12T11:00:00+08:00,COLLIE_ESR1,0.0,1199.9,9,7c01ea5e-0986-4cb4-98f5-6179f5fc7225,IN-SERVICE,NON-LIQUID,1199.18,
2026-08-12T11:00:00+08:00,COLLIE_ESR1,0.0,1200.0,10,7c01ea5e-0986-4cb4-98f5-6179f5fc7225,IN-SERVICE,NON-LIQUID,1199.28,
2026-08-12T11:00:00+08:00,KWINANA_ESR2,-225.0,116.1,1,35a8f1a4-0af2-4ffe-833d-fa6a58566c6d,IN-SERVICE,NOT APPLICABLE,115.98,0.0
2026-08-12T11:00:00+08:00,KWINANA_ESR2,225.0,157.26,2,35a8f1a4-0af2-4ffe-833d-fa6a58566c6d,IN-SERVICE,NOT APPLICABLE,157.1,0.0
2026-08-12T11:00:00+08:00,COLLIE_BESS2,0.0,-990.1,1,49490a63-93c6-426c-b3df-589d811817bb,IN-SERVICE,NON-LIQUID,-1000.0,
2026-08-12T11:00:00+08:00,COLLIE_BESS2,-56.0,-42.46,2,49490a63-93c6-426c-b3df-589d811817bb,IN-SERVICE,NON-LIQUID,-42.88,
2026-08-12T11:00:00+08:00,COLLIE_BESS2,-56.0,-10.0,3,49490a63-93c6-426c-b3df-589d811817bb,IN-SERVICE,NON-LIQUID,-10.1,
2026-08-12T11:00:00+08:00,COLLIE_BESS2,0.0,34.02,4,49490a63-93c6-426c-b3df-589d811817bb,IN-SERVICE,NON-LIQUID,34.36,
2026-08-12T11:00:00+08:00,COLLIE_BESS2,-188.0,119.25,5,49490a63-93c6-426c-b3df-589d811817bb,IN-SERVICE,NON-LIQUID,120.44,
2026-08-12T11:00:00+08:00,COLLIE_BESS2,75.0,250.0,6,49490a63-93c6-426c-b3df-589d811817bb,IN-SERVICE,NON-LIQUID,252.5,
2026-08-12T11:00:00+08:00,COLLIE_BESS2,75.0,367.0,7,49490a63-93c6-426c-b3df-589d811817bb,IN-SERVICE,NON-LIQUID,370.67,
2026-08-12T11:00:00+08:00,COLLIE_BESS2,150.0,622.0,8,49490a63-93c6-426c-b3df-589d811817bb,IN-SERVICE,NON-LIQUID,628.22,
2026-08-12T11:00:00+08:00,COLLIE_BESS2,0.0,1188.12,9,49490a63-93c6-426c-b3df-589d811817bb,IN-SERVICE,NON-LIQUID,1200.0,
2026-08-12T11:00:00+08:00,COLLIE_BESS2,0.0,1188.12,10,49490a63-93c6-426c-b3df-589d811817bb,IN-SERVICE,NON-LIQUID,1200.0,
2026-08-12T11:00:00+08:00,COLLIE_ESR4,-250.0,116.05,1,4abe6723-0e58-4b73-9152-12c55de0add5,IN-SERVICE,NOT APPLICABLE,115.98,0.0
2026-08-12T11:00:00+08:00,COLLIE_ESR4,250.0,150.89,2,4abe6723-0e58-4b73-9152-12c55de0add5,IN-SERVICE,NOT APPLICABLE,150.8,0.0
2026-08-12T11:00:00+08:00,COLLIE_ESR5,-250.0,116.07,1,e0c488c1-6f7d-4521-a054-5ec2c26d231f,IN-SERVICE,NOT APPLICABLE,116.0,0.0
2026-08-12T11:00:00+08:00,COLLIE_ESR5,250.0,154.02,2,e0c488c1-6f7d-4521-a054-5ec2c26d231f,IN-SERVICE,NOT APPLICABLE,153.93,0.0
2026-08-12T11:05:00+08:00,KWINANA_ESR1,-100.0,114.83,1,8cf7beca-b43d-4ee1-8a92-cfb12f2cd676,IN-SERVICE,NOT APPLICABLE,114.78,0.0
2026-08-12T11:05:00+08:00,KWINANA_ESR1,100.0,149.09,2,8cf7beca-b43d-4ee1-8a92-cfb12f2cd676,IN-SERVICE,NOT APPLICABLE,149.03,0.0
2026-08-12T11:05:00+08:00,COLLIE_ESR1,0.0,-1000.0,1,16ad4775-71d4-4750-b11a-41e0239ea3cb,IN-SERVICE,NON-LIQUID,-999.4,
2026-08-12T11:05:00+08:00,COLLIE_ESR1,-29.0,-42.46,2,16ad4775-71d4-4750-b11a-41e0239ea3cb,IN-SERVICE,NON-LIQUID,-42.43,
2026-08-12T11:05:00+08:00,COLLIE_ESR1,-29.0,-10.0,3,16ad4775-71d4-4750-b11a-41e0239ea3cb,IN-SERVICE,NON-LIQUID,-9.99,
2026-08-12T11:05:00+08:00,COLLIE_ESR1,0.0,34.02,4,16ad4775-71d4-4750-b11a-41e0239ea3cb,IN-SERVICE,NON-LIQUID,34.0,
2026-08-12T11:05:00+08:00,COLLIE_ESR1,-142.0,119.28,5,16ad4775-71d4-4750-b11a-41e0239ea3cb,IN-SERVICE,NON-LIQUID,119.21,
2026-08-12T11:05:00+08:00,COLLIE_ESR1,50.0,250.0,6,16ad4775-71d4-4750-b11a-41e0239ea3cb,IN-SERVICE,NON-LIQUID,249.85,
2026-08-12T11:05:00+08:00,COLLIE_ESR1,100.0,367.0,7,16ad4775-71d4-4750-b11a-41e0239ea3cb,IN-SERVICE,NON-LIQUID,366.78,
2026-08-12T11:05:00+08:00,COLLIE_ESR1,50.0,622.0,8,16ad4775-71d4-4750-b11a-41e0239ea3cb,IN-SERVICE,NON-LIQUID,621.63,
2026-08-12T11:05:00+08:00,COLLIE_ESR1,0.0,1199.9,9,16ad4775-71d4-4750-b11a-41e0239ea3cb,IN-SERVICE,NON-LIQUID,1199.18,
2026-08-12T11:05:00+08:00,COLLIE_ESR1,0.0,1200.0,10,16ad4775-71d4-4750-b11a-41e0239ea3cb,IN-SERVICE,NON-LIQUID,1199.28,
2026-08-12T11:05:00+08:00,KWINANA_ESR2,-225.0,152.36,1,caf41f64-8b2a-447d-a33a-b3d309608b99,IN-SERVICE,NOT APPLICABLE,152.21,0.0
2026-08-12T11:05:00+08:00,KWINANA_ESR2,225.0,193.52,2,caf41f64-8b2a-447d-a33a-b3d309608b99,IN-SERVICE,NOT APPLICABLE,193.33,0.0
2026-08-12T11:05:00+08:00,COLLIE_BESS2,0.0,-990.1,1,8b126e17-4d4a-4826-a276-471b52303ac4,IN-SERVICE,NON-LIQUID,-1000.0,
2026-08-12T11:05:00+08:00,COLLIE_BESS2,-53.0,-42.46,2,8b126e17-4d4a-4826-a276-471b52303ac4,IN-SERVICE,NON-LIQUID,-42.88,
2026-08-12T11:05:00+08:00,COLLIE_BESS2,-53.0,-10.0,3,8b126e17-4d4a-4826-a276-471b52303ac4,IN-SERVICE,NON-LIQUID,-10.1,
2026-08-12T11:05:00+08:00,COLLIE_BESS2,0.0,34.02,4,8b126e17-4d4a-4826-a276-471b52303ac4,IN-SERVICE,NON-LIQUID,34.36,
2026-08-12T11:05:00+08:00,COLLIE_BESS2,-194.0,119.28,5,8b126e17-4d4a-4826-a276-471b52303ac4,IN-SERVICE,NON-LIQUID,120.47,
2026-08-12T11:05:00+08:00,COLLIE_BESS2,75.0,250.0,6,8b126e17-4d4a-4826-a276-471b52303ac4,IN-SERVICE,NON-LIQUID,252.5,
2026-08-12T11:05:00+08:00,COLLIE_BESS2,75.0,367.0,7,8b126e17-4d4a-4826-a276-471b52303ac4,IN-SERVICE,NON-LIQUID,370.67,
2026-08-12T11:05:00+08:00,COLLIE_BESS2,150.0,622.0,8,8b126e17-4d4a-4826-a276-471b52303ac4,IN-SERVICE,NON-LIQUID,628.22,
2026-08-12T11:05:00+08:00,COLLIE_BESS2,0.0,1188.12,9,8b126e17-4d4a-4826-a276-471b52303ac4,IN-SERVICE,NON-LIQUID,1200.0,
2026-08-12T11:05:00+08:00,COLLIE_BESS2,0.0,1188.12,10,8b126e17-4d4a-4826-a276-471b52303ac4,IN-SERVICE,NON-LIQUID,1200.0,
2026-08-12T11:05:00+08:00,COLLIE_ESR4,-250.0,155.45,1,9ee037b1-e2f6-43a0-bca1-ab4adc6f9938,IN-SERVICE,NOT APPLICABLE,155.36,0.0
2026-08-12T11:05:00+08:00,COLLIE_ESR4,250.0,190.29,2,9ee037b1-e2f6-43a0-bca1-ab4adc6f9938,IN-SERVICE,NOT APPLICABLE,190.18,0.0
2026-08-12T11:05:00+08:00,COLLIE_ESR5,-250.0,155.47,1,7920f2ab-b551-4f34-92b7-3aa2c44d7c2f,IN-SERVICE,NOT APPLICABLE,155.38,0.0
2026-08-12T11:05:00+08:00,COLLIE_ESR5,250.0,190.27,2,7920f2ab-b551-4f34-92b7-3aa2c44d7c2f,IN-SERVICE,NOT APPLICABLE,190.16,0.0
2026-08-12T11:10:00+08:00,KWINANA_ESR1,-100.0,114.83,1,8cf7beca-b43d-4ee1-8a92-cfb12f2cd676,IN-SERVICE,NOT APPLICABLE,114.78,0.0
2026-08-12T11:10:00+08:00,KWINANA_ESR1,100.0,149.11,2,8cf7beca-b43d-4ee1-8a92-cfb12f2cd676,IN-SERVICE,NOT APPLICABLE,149.05,0.0
2026-08-12T11:10:00+08:00,COLLIE_ESR1,0.0,-1000.0,1,b57834b9-8663-4811-be1f-3fbd7931e415,IN-SERVICE,NON-LIQUID,-999.4,
2026-08-12T11:10:00+08:00,COLLIE_ESR1,-29.0,-42.46,2,b57834b9-8663-4811-be1f-3fbd7931e415,IN-SERVICE,NON-LIQUID,-42.43,
2026-08-12T11:10:00+08:00,COLLIE_ESR1,-29.0,-10.0,3,b57834b9-8663-4811-be1f-3fbd7931e415,IN-SERVICE,NON-LIQUID,-9.99,
2026-08-12T11:10:00+08:00,COLLIE_ESR1,0.0,34.02,4,b57834b9-8663-4811-be1f-3fbd7931e415,IN-SERVICE,NON-LIQUID,34.0,
2026-08-12T11:10:00+08:00,COLLIE_ESR1,-142.0,128.85,5,b57834b9-8663-4811-be1f-3fbd7931e415,IN-SERVICE,NON-LIQUID,128.77,
2026-08-12T11:10:00+08:00,COLLIE_ESR1,50.0,250.0,6,b57834b9-8663-4811-be1f-3fbd7931e415,IN-SERVICE,NON-LIQUID,249.85,
2026-08-12T11:10:00+08:00,COLLIE_ESR1,100.0,367.0,7,b57834b9-8663-4811-be1f-3fbd7931e415,IN-SERVICE,NON-LIQUID,366.78,
2026-08-12T11:10:00+08:00,COLLIE_ESR1,50.0,622.0,8,b57834b9-8663-4811-be1f-3fbd7931e415,IN-SERVICE,NON-LIQUID,621.63,
2026-08-12T11:10:00+08:00,COLLIE_ESR1,0.0,1199.9,9,b57834b9-8663-4811-be1f-3fbd7931e415,IN-SERVICE,NON-LIQUID,1199.18,
2026-08-12T11:10:00+08:00,COLLIE_ESR1,0.0,1200.0,10,b57834b9-8663-4811-be1f-3fbd7931e415,IN-SERVICE,NON-LIQUID,1199.28,
2026-08-12T11:10:00+08:00,KWINANA_ESR2,-225.0,152.36,1,caf41f64-8b2a-447d-a33a-b3d309608b99,IN-SERVICE,NOT APPLICABLE,152.21,0.0
2026-08-12T11:10:00+08:00,KWINANA_ESR2,225.0,193.52,2,caf41f64-8b2a-447d-a33a-b3d309608b99,IN-SERVICE,NOT APPLICABLE,193.33,0.0
2026-08-12T11:10:00+08:00,COLLIE_BESS2,0.0,-990.1,1,b4fbdf07-22dd-4536-9926-0c77b7b65d61,IN-SERVICE,NON-LIQUID,-1000.0,
2026-08-12T11:10:00+08:00,COLLIE_BESS2,-53.0,-42.46,2,b4fbdf07-22dd-4536-9926-0c77b7b65d61,IN-SERVICE,NON-LIQUID,-42.88,
2026-08-12T11:10:00+08:00,COLLIE_BESS2,-53.0,-10.0,3,b4fbdf07-22dd-4536-9926-0c77b7b65d61,IN-SERVICE,NON-LIQUID,-10.1,
2026-08-12T11:10:00+08:00,COLLIE_BESS2,0.0,34.02,4,b4fbdf07-22dd-4536-9926-0c77b7b65d61,IN-SERVICE,NON-LIQUID,34.36,
2026-08-12T11:10:00+08:00,COLLIE_BESS2,-194.0,128.85,5,b4fbdf07-22dd-4536-9926-0c77b7b65d61,IN-SERVICE,NON-LIQUID,130.14,
2026-08-12T11:10:00+08:00,COLLIE_BESS2,75.0,250.0,6,b4fbdf07-22dd-4536-9926-0c77b7b65d61,IN-SERVICE,NON-LIQUID,252.5,
2026-08-12T11:10:00+08:00,COLLIE_BESS2,75.0,367.0,7,b4fbdf07-22dd-4536-9926-0c77b7b65d61,IN-SERVICE,NON-LIQUID,370.67,
2026-08-12T11:10:00+08:00,COLLIE_BESS2,150.0,622.0,8,b4fbdf07-22dd-4536-9926-0c77b7b65d61,IN-SERVICE,NON-LIQUID,628.22,
2026-08-12T11:10:00+08:00,COLLIE_BESS2,0.0,1188.12,9,b4fbdf07-22dd-4536-9926-0c77b7b65d61,IN-SERVICE,NON-LIQUID,1200.0,
2026-08-12T11:10:00+08:00,COLLIE_BESS2,0.0,1188.12,10,b4fbdf07-22dd-4536-9926-0c77b7b65d61,IN-SERVICE,NON-LIQUID,1200.0,
2026-08-12T11:10:00+08:00,COLLIE_ESR4,-250.0,155.45,1,9ee037b1-e2f6-43a0-bca1-ab4adc6f9938,IN-SERVICE,NOT APPLICABLE,155.36,0.0
2026-08-12T11:10:00+08:00,COLLIE_ESR4,250.0,190.29,2,9ee037b1-e2f6-43a0-bca1-ab4adc6f9938,IN-SERVICE,NOT APPLICABLE,190.18,0.0
2026-08-12T11:10:00+08:00,COLLIE_ESR5,-250.0,155.47,1,7920f2ab-b551-4f34-92b7-3aa2c44d7c2f,IN-SERVICE,NOT APPLICABLE,155.38,0.0
2026-08-12T11:10:00+08:00,COLLIE_ESR5,250.0,190.27,2,7920f2ab-b551-4f34-92b7-3aa2c44d7c2f,IN-SERVICE,NOT APPLICABLE,190.16,0.0
2026-08-12T11:15:00+08:00,KWINANA_ESR1,-100.0,114.83,1,8cf7beca-b43d-4ee1-8a92-cfb12f2cd676,IN-SERVICE,NOT APPLICABLE,114.78,0.0
2026-08-12T11:15:00+08:00,KWINANA_ESR1,100.0,149.11,2,8cf7beca-b43d-4ee1-8a92-cfb12f2cd676,IN-SERVICE,NOT APPLICABLE,149.05,0.0
2026-08-12T11:15:00+08:00,COLLIE_ESR1,0.0,-1000.0,1,c57fc861-8e8a-418f-b469-66ffce7dd096,IN-SERVICE,NON-LIQUID,-999.4,
2026-08-12T11:15:00+08:00,COLLIE_ESR1,-100.0,-42.46,2,c57fc861-8e8a-418f-b469-66ffce7dd096,IN-SERVICE,NON-LIQUID,-42.43,
2026-08-12T11:15:00+08:00,COLLIE_ESR1,-100.0,-10.0,3,c57fc861-8e8a-418f-b469-66ffce7dd096,IN-SERVICE,NON-LIQUID,-9.99,
2026-08-12T11:15:00+08:00,COLLIE_ESR1,0.0,34.02,4,c57fc861-8e8a-418f-b469-66ffce7dd096,IN-SERVICE,NON-LIQUID,34.0,
2026-08-12T11:15:00+08:00,COLLIE_ESR1,0.0,60.0,5,c57fc861-8e8a-418f-b469-66ffce7dd096,IN-SERVICE,NON-LIQUID,59.96,
2026-08-12T11:15:00+08:00,COLLIE_ESR1,50.0,250.0,6,c57fc861-8e8a-418f-b469-66ffce7dd096,IN-SERVICE,NON-LIQUID,249.85,
2026-08-12T11:15:00+08:00,COLLIE_ESR1,100.0,367.0,7,c57fc861-8e8a-418f-b469-66ffce7dd096,IN-SERVICE,NON-LIQUID,366.78,
2026-08-12T11:15:00+08:00,COLLIE_ESR1,50.0,622.0,8,c57fc861-8e8a-418f-b469-66ffce7dd096,IN-SERVICE,NON-LIQUID,621.63,
2026-08-12T11:15:00+08:00,COLLIE_ESR1,0.0,1199.9,9,c57fc861-8e8a-418f-b469-66ffce7dd096,IN-SERVICE,NON-LIQUID,1199.18,
2026-08-12T11:15:00+08:00,COLLIE_ESR1,0.0,1200.0,10,c57fc861-8e8a-418f-b469-66ffce7dd096,IN-SERVICE,NON-LIQUID,1199.28,
2026-08-12T11:15:00+08:00,KWINANA_ESR2,-225.0,152.36,1,caf41f64-8b2a-447d-a33a-b3d309608b99,IN-SERVICE,NOT APPLICABLE,152.21,0.0
2026-08-12T11:15:00+08:00,KWINANA_ESR2,225.0,193.52,2,caf41f64-8b2a-447d-a33a-b3d309608b99,IN-SERVICE,NOT APPLICABLE,193.33,0.0
2026-08-12T11:15:00+08:00,COLLIE_BESS2,0.0,-990.1,1,f927bcfb-83f0-44ba-99ed-112af920a4a8,IN-SERVICE,NON-LIQUID,-1000.0,
2026-08-12T11:15:00+08:00,COLLIE_BESS2,-150.0,-42.46,2,f927bcfb-83f0-44ba-99ed-112af920a4a8,IN-SERVICE,NON-LIQUID,-42.88,
2026-08-12T11:15:00+08:00,COLLIE_BESS2,-150.0,-10.0,3,f927bcfb-83f0-44ba-99ed-112af920a4a8,IN-SERVICE,NON-LIQUID,-10.1,
2026-08-12T11:15:00+08:00,COLLIE_BESS2,0.0,34.02,4,f927bcfb-83f0-44ba-99ed-112af920a4a8,IN-SERVICE,NON-LIQUID,34.36,
2026-08-12T11:15:00+08:00,COLLIE_BESS2,0.0,60.0,5,f927bcfb-83f0-44ba-99ed-112af920a4a8,IN-SERVICE,NON-LIQUID,60.6,
2026-08-12T11:15:00+08:00,COLLIE_BESS2,75.0,250.0,6,f927bcfb-83f0-44ba-99ed-112af920a4a8,IN-SERVICE,NON-LIQUID,252.5,
2026-08-12T11:15:00+08:00,COLLIE_BESS2,75.0,367.0,7,f927bcfb-83f0-44ba-99ed-112af920a4a8,IN-SERVICE,NON-LIQUID,370.67,
2026-08-12T11:15:00+08:00,COLLIE_BESS2,150.0,622.0,8,f927bcfb-83f0-44ba-99ed-112af920a4a8,IN-SERVICE,NON-LIQUID,628.22,
2026-08-12T11:15:00+08:00,COLLIE_BESS2,0.0,1188.12,9,f927bcfb-83f0-44ba-99ed-112af920a4a8,IN-SERVICE,NON-LIQUID,1200.0,
2026-08-12T11:15:00+08:00,COLLIE_BESS2,0.0,1188.12,10,f927bcfb-83f0-44ba-99ed-112af920a4a8,IN-SERVICE,NON-LIQUID,1200.0,
2026-08-12T11:15:00+08:00,COLLIE_ESR4,-250.0,155.45,1,9ee037b1-e2f6-43a0-bca1-ab4adc6f9938,IN-SERVICE,NOT APPLICABLE,155.36,0.0
2026-08-12T11:15:00+08:00,COLLIE_ESR4,250.0,190.29,2,9ee037b1-e2f6-43a0-bca1-ab4adc6f9938,IN-SERVICE,NOT APPLICABLE,190.18,0.0
2026-08-12T11:15:00+08:00,COLLIE_ESR5,-250.0,155.47,1,7920f2ab-b551-4f34-92b7-3aa2c44d7c2f,IN-SERVICE,NOT APPLICABLE,155.38,0.0
2026-08-12T11:15:00+08:00,COLLIE_ESR5,250.0,190.27,2,7920f2ab-b551-4f34-92b7-3aa2c44d7c2f,IN-SERVICE,NOT APPLICABLE,190.16,0.0
2026-08-12T11:20:00+08:00,KWINANA_ESR1,-100.0,159.76,1,8269f575-2ab1-4039-8394-bdfc45c7fd1c,IN-SERVICE,NOT APPLICABLE,159.7,0.0
2026-08-12T11:20:00+08:00,KWINANA_ESR1,100.0,194.04,2,8269f575-2ab1-4039-8394-bdfc45c7fd1c,IN-SERVICE,NOT APPLICABLE,193.96,0.0
2026-08-12T11:20:00+08:00,COLLIE_ESR1,0.0,-1000.0,1,51904c7b-61d1-4c7b-b4cf-3de14634463d,IN-SERVICE,NON-LIQUID,-999.4,
2026-08-12T11:20:00+08:00,COLLIE_ESR1,-100.0,-42.46,2,51904c7b-61d1-4c7b-b4cf-3de14634463d,IN-SERVICE,NON-LIQUID,-42.43,
2026-08-12T11:20:00+08:00,COLLIE_ESR1,-100.0,-10.0,3,51904c7b-61d1-4c7b-b4cf-3de14634463d,IN-SERVICE,NON-LIQUID,-9.99,
2026-08-12T11:20:00+08:00,COLLIE_ESR1,0.0,34.02,4,51904c7b-61d1-4c7b-b4cf-3de14634463d,IN-SERVICE,NON-LIQUID,34.0,
2026-08-12T11:20:00+08:00,COLLIE_ESR1,0.0,60.0,5,51904c7b-61d1-4c7b-b4cf-3de14634463d,IN-SERVICE,NON-LIQUID,59.96,
2026-08-12T11:20:00+08:00,COLLIE_ESR1,50.0,250.0,6,51904c7b-61d1-4c7b-b4cf-3de14634463d,IN-SERVICE,NON-LIQUID,249.85,
2026-08-12T11:20:00+08:00,COLLIE_ESR1,100.0,367.0,7,51904c7b-61d1-4c7b-b4cf-3de14634463d,IN-SERVICE,NON-LIQUID,366.78,
2026-08-12T11:20:00+08:00,COLLIE_ESR1,50.0,622.0,8,51904c7b-61d1-4c7b-b4cf-3de14634463d,IN-SERVICE,NON-LIQUID,621.63,
2026-08-12T11:20:00+08:00,COLLIE_ESR1,0.0,1199.9,9,51904c7b-61d1-4c7b-b4cf-3de14634463d,IN-SERVICE,NON-LIQUID,1199.18,
2026-08-12T11:20:00+08:00,COLLIE_ESR1,0.0,1200.0,10,51904c7b-61d1-4c7b-b4cf-3de14634463d,IN-SERVICE,NON-LIQUID,1199.28,
2026-08-12T11:20:00+08:00,KWINANA_ESR2,-225.0,188.44,1,dd13ac75-c933-43c8-8ac3-0aa6eadf37c7,IN-SERVICE,NOT APPLICABLE,188.25,0.0
2026-08-12T11:20:00+08:00,KWINANA_ESR2,225.0,229.6,2,dd13ac75-c933-43c8-8ac3-0aa6eadf37c7,IN-SERVICE,NOT APPLICABLE,229.37,0.0
2026-08-12T11:20:00+08:00,COLLIE_BESS2,0.0,-990.1,1,476c5e8a-b026-48e3-8b43-fb3e1be0a805,IN-SERVICE,NON-LIQUID,-1000.0,
2026-08-12T11:20:00+08:00,COLLIE_BESS2,-150.0,-42.46,2,476c5e8a-b026-48e3-8b43-fb3e1be0a805,IN-SERVICE,NON-LIQUID,-42.88,
2026-08-12T11:20:00+08:00,COLLIE_BESS2,-150.0,-10.0,3,476c5e8a-b026-48e3-8b43-fb3e1be0a805,IN-SERVICE,NON-LIQUID,-10.1,
2026-08-12T11:20:00+08:00,COLLIE_BESS2,0.0,34.02,4,476c5e8a-b026-48e3-8b43-fb3e1be0a805,IN-SERVICE,NON-LIQUID,34.36,
2026-08-12T11:20:00+08:00,COLLIE_BESS2,0.0,60.0,5,476c5e8a-b026-48e3-8b43-fb3e1be0a805,IN-SERVICE,NON-LIQUID,60.6,
2026-08-12T11:20:00+08:00,COLLIE_BESS2,75.0,250.0,6,476c5e8a-b026-48e3-8b43-fb3e1be0a805,IN-SERVICE,NON-LIQUID,252.5,
2026-08-12T11:20:00+08:00,COLLIE_BESS2,75.0,367.0,7,476c5e8a-b026-48e3-8b43-fb3e1be0a805,IN-SERVICE,NON-LIQUID,370.67,
2026-08-12T11:20:00+08:00,COLLIE_BESS2,150.0,622.0,8,476c5e8a-b026-48e3-8b43-fb3e1be0a805,IN-SERVICE,NON-LIQUID,628.22,
2026-08-12T11:20:00+08:00,COLLIE_BESS2,0.0,1188.12,9,476c5e8a-b026-48e3-8b43-fb3e1be0a805,IN-SERVICE,NON-LIQUID,1200.0,
2026-08-12T11:20:00+08:00,COLLIE_BESS2,0.0,1188.12,10,476c5e8a-b026-48e3-8b43-fb3e1be0a805,IN-SERVICE,NON-LIQUID,1200.0,
2026-08-12T11:20:00+08:00,COLLIE_ESR4,-250.0,159.52,1,76ece6a0-7d7d-438a-9175-6702ce6a5666,IN-SERVICE,NOT APPLICABLE,159.42,0.0
2026-08-12T11:20:00+08:00,COLLIE_ESR4,250.0,206.03,2,76ece6a0-7d7d-438a-9175-6702ce6a5666,IN-SERVICE,NOT APPLICABLE,205.91,0.0
2026-08-12T11:20:00+08:00,COLLIE_ESR5,-250.0,159.54,1,17771220-9414-460a-97d8-8aee424ef678,IN-SERVICE,NOT APPLICABLE,159.44,0.0
2026-08-12T11:20:00+08:00,COLLIE_ESR5,250.0,206.01,2,17771220-9414-460a-97d8-8aee424ef678,IN-SERVICE,NOT APPLICABLE,205.89,0.0
2026-08-12T11:25:00+08:00,KWINANA_ESR1,-100.0,159.76,1,8269f575-2ab1-4039-8394-bdfc45c7fd1c,IN-SERVICE,NOT APPLICABLE,159.7,0.0
2026-08-12T11:25:00+08:00,KWINANA_ESR1,100.0,194.04,2,8269f575-2ab1-4039-8394-bdfc45c7fd1c,IN-SERVICE,NOT APPLICABLE,193.96,0.0
2026-08-12T11:25:00+08:00,COLLIE_ESR1,0.0,-1000.0,1,fd55a0ec-a0fe-44f8-a146-b26e77397cee,IN-SERVICE,NON-LIQUID,-999.4,
2026-08-12T11:25:00+08:00,COLLIE_ESR1,-100.0,-42.46,2,fd55a0ec-a0fe-44f8-a146-b26e77397cee,IN-SERVICE,NON-LIQUID,-42.43,
2026-08-12T11:25:00+08:00,COLLIE_ESR1,-100.0,-10.0,3,fd55a0ec-a0fe-44f8-a146-b26e77397cee,IN-SERVICE,NON-LIQUID,-9.99,
2026-08-12T11:25:00+08:00,COLLIE_ESR1,0.0,34.02,4,fd55a0ec-a0fe-44f8-a146-b26e77397cee,IN-SERVICE,NON-LIQUID,34.0,
2026-08-12T11:25:00+08:00,COLLIE_ESR1,0.0,60.0,5,fd55a0ec-a0fe-44f8-a146-b26e77397cee,IN-SERVICE,NON-LIQUID,59.96,
2026-08-12T11:25:00+08:00,COLLIE_ESR1,50.0,250.0,6,fd55a0ec-a0fe-44f8-a146-b26e77397cee,IN-SERVICE,NON-LIQUID,249.85,
2026-08-12T11:25:00+08:00,COLLIE_ESR1,100.0,367.0,7,fd55a0ec-a0fe-44f8-a146-b26e77397cee,IN-SERVICE,NON-LIQUID,366.78,
2026-08-12T11:25:00+08:00,COLLIE_ESR1,50.0,622.0,8,fd55a0ec-a0fe-44f8-a146-b26e77397cee,IN-SERVICE,NON-LIQUID,621.63,
2026-08-12T11:25:00+08:00,COLLIE_ESR1,0.0,1199.9,9,fd55a0ec-a0fe-44f8-a146-b26e77397cee,IN-SERVICE,NON-LIQUID,1199.18,
2026-08-12T11:25:00+08:00,COLLIE_ESR1,0.0,1200.0,10,fd55a0ec-a0fe-44f8-a146-b26e77397cee,IN-SERVICE,NON-LIQUID,1199.28,
2026-08-12T11:25:00+08:00,KWINANA_ESR2,-225.0,188.44,1,dd13ac75-c933-43c8-8ac3-0aa6eadf37c7,IN-SERVICE,NOT APPLICABLE,188.25,0.0
2026-08-12T11:25:00+08:00,KWINANA_ESR2,225.0,229.6,2,dd13ac75-c933-43c8-8ac3-0aa6eadf37c7,IN-SERVICE,NOT APPLICABLE,229.37,0.0
2026-08-12T11:25:00+08:00,COLLIE_BESS2,0.0,-990.1,1,eaf056d3-2ac5-463e-8180-81363be450d9,IN-SERVICE,NON-LIQUID,-1000.0,
2026-08-12T11:25:00+08:00,COLLIE_BESS2,-150.0,-42.46,2,eaf056d3-2ac5-463e-8180-81363be450d9,IN-SERVICE,NON-LIQUID,-42.88,
2026-08-12T11:25:00+08:00,COLLIE_BESS2,-150.0,-10.0,3,eaf056d3-2ac5-463e-8180-81363be450d9,IN-SERVICE,NON-LIQUID,-10.1,
2026-08-12T11:25:00+08:00,COLLIE_BESS2,0.0,34.02,4,eaf056d3-2ac5-463e-8180-81363be450d9,IN-SERVICE,NON-LIQUID,34.36,
2026-08-12T11:25:00+08:00,COLLIE_BESS2,0.0,60.0,5,eaf056d3-2ac5-463e-8180-81363be450d9,IN-SERVICE,NON-LIQUID,60.6,
2026-08-12T11:25:00+08:00,COLLIE_BESS2,75.0,250.0,6,eaf056d3-2ac5-463e-8180-81363be450d9,IN-SERVICE,NON-LIQUID,252.5,
2026-08-12T11:25:00+08:00,COLLIE_BESS2,75.0,367.0,7,eaf056d3-2ac5-463e-8180-81363be450d9,IN-SERVICE,NON-LIQUID,370.67,
2026-08-12T11:25:00+08:00,COLLIE_BESS2,150.0,622.0,8,eaf056d3-2ac5-463e-8180-81363be450d9,IN-SERVICE,NON-LIQUID,628.22,
2026-08-12T11:25:00+08:00,COLLIE_BESS2,0.0,1188.12,9,eaf056d3-2ac5-463e-8180-81363be450d9,IN-SERVICE,NON-LIQUID,1200.0,
2026-08-12T11:25:00+08:00,COLLIE_BESS2,0.0,1188.12,10,eaf056d3-2ac5-463e-8180-81363be450d9,IN-SERVICE,NON-LIQUID,1200.0,
2026-08-12T11:25:00+08:00,COLLIE_ESR4,-250.0,159.52,1,76ece6a0-7d7d-438a-9175-6702ce6a5666,IN-SERVICE,NOT APPLICABLE,159.42,0.0
2026-08-12T11:25:00+08:00,COLLIE_ESR4,250.0,206.03,2,76ece6a0-7d7d-438a-9175-6702ce6a5666,IN-SERVICE,NOT APPLICABLE,205.91,0.0
2026-08-12T11:25:00+08:00,COLLIE_ESR5,-250.0,159.54,1,17771220-9414-460a-97d8-8aee424ef678,IN-SERVICE,NOT APPLICABLE,159.44,0.0
2026-08-12T11:25:00+08:00,COLLIE_ESR5,250.0,206.01,2,17771220-9414-460a-97d8-8aee424ef678,IN-SERVICE,NOT APPLICABLE,205.89,0.0
2026-08-12T11:30:00+08:00,KWINANA_ESR1,-100.0,159.76,1,8269f575-2ab1-4039-8394-bdfc45c7fd1c,IN-SERVICE,NOT APPLICABLE,159.7,0.0
2026-08-12T11:30:00+08:00,KWINANA_ESR1,100.0,194.04,2,8269f575-2ab1-4039-8394-bdfc45c7fd1c,IN-SERVICE,NOT APPLICABLE,193.96,0.0
2026-08-12T11:30:00+08:00,COLLIE_ESR1,0.0,-1000.0,1,6244ad9c-1663-4a61-b8ab-2efbf2c9bbdf,IN-SERVICE,NON-LIQUID,-999.4,
2026-08-12T11:30:00+08:00,COLLIE_ESR1,-100.0,-42.46,2,6244ad9c-1663-4a61-b8ab-2efbf2c9bbdf,IN-SERVICE,NON-LIQUID,-42.43,
2026-08-12T11:30:00+08:00,COLLIE_ESR1,-100.0,-10.0,3,6244ad9c-1663-4a61-b8ab-2efbf2c9bbdf,IN-SERVICE,NON-LIQUID,-9.99,
2026-08-12T11:30:00+08:00,COLLIE_ESR1,0.0,34.02,4,6244ad9c-1663-4a61-b8ab-2efbf2c9bbdf,IN-SERVICE,NON-LIQUID,34.0,
2026-08-12T11:30:00+08:00,COLLIE_ESR1,0.0,60.0,5,6244ad9c-1663-4a61-b8ab-2efbf2c9bbdf,IN-SERVICE,NON-LIQUID,59.96,
2026-08-12T11:30:00+08:00,COLLIE_ESR1,50.0,250.0,6,6244ad9c-1663-4a61-b8ab-2efbf2c9bbdf,IN-SERVICE,NON-LIQUID,249.85,
2026-08-12T11:30:00+08:00,COLLIE_ESR1,100.0,367.0,7,6244ad9c-1663-4a61-b8ab-2efbf2c9bbdf,IN-SERVICE,NON-LIQUID,366.78,
2026-08-12T11:30:00+08:00,COLLIE_ESR1,50.0,622.0,8,6244ad9c-1663-4a61-b8ab-2efbf2c9bbdf,IN-SERVICE,NON-LIQUID,621.63,
2026-08-12T11:30:00+08:00,COLLIE_ESR1,0.0,1191.21,9,6244ad9c-1663-4a61-b8ab-2efbf2c9bbdf,IN-SERVICE,NON-LIQUID,1190.5,
2026-08-12T11:30:00+08:00,COLLIE_ESR1,0.0,1200.0,10,6244ad9c-1663-4a61-b8ab-2efbf2c9bbdf,IN-SERVICE,NON-LIQUID,1199.28,
2026-08-12T11:30:00+08:00,KWINANA_ESR2,-225.0,188.44,1,dd13ac75-c933-43c8-8ac3-0aa6eadf37c7,IN-SERVICE,NOT APPLICABLE,188.25,0.0
2026-08-12T11:30:00+08:00,KWINANA_ESR2,225.0,229.6,2,dd13ac75-c933-43c8-8ac3-0aa6eadf37c7,IN-SERVICE,NOT APPLICABLE,229.37,0.0
2026-08-12T11:30:00+08:00,COLLIE_BESS2,0.0,-990.1,1,ef3e4ce3-52fc-4f93-b625-99667e19cdff,IN-SERVICE,NON-LIQUID,-1000.0,
2026-08-12T11:30:00+08:00,COLLIE_BESS2,-150.0,-42.46,2,ef3e4ce3-52fc-4f93-b625-99667e19cdff,IN-SERVICE,NON-LIQUID,-42.88,
2026-08-12T11:30:00+08:00,COLLIE_BESS2,-150.0,-10.0,3,ef3e4ce3-52fc-4f93-b625-99667e19cdff,IN-SERVICE,NON-LIQUID,-10.1,
2026-08-12T11:30:00+08:00,COLLIE_BESS2,0.0,34.02,4,ef3e4ce3-52fc-4f93-b625-99667e19cdff,IN-SERVICE,NON-LIQUID,34.36,
2026-08-12T11:30:00+08:00,COLLIE_BESS2,0.0,60.0,5,ef3e4ce3-52fc-4f93-b625-99667e19cdff,IN-SERVICE,NON-LIQUID,60.6,
2026-08-12T11:30:00+08:00,COLLIE_BESS2,75.0,250.0,6,ef3e4ce3-52fc-4f93-b625-99667e19cdff,IN-SERVICE,NON-LIQUID,252.5,
2026-08-12T11:30:00+08:00,COLLIE_BESS2,75.0,367.0,7,ef3e4ce3-52fc-4f93-b625-99667e19cdff,IN-SERVICE,NON-LIQUID,370.67,
2026-08-12T11:30:00+08:00,COLLIE_BESS2,150.0,622.0,8,ef3e4ce3-52fc-4f93-b625-99667e19cdff,IN-SERVICE,NON-LIQUID,628.22,
2026-08-12T11:30:00+08:00,COLLIE_BESS2,0.0,1188.12,9,ef3e4ce3-52fc-4f93-b625-99667e19cdff,IN-SERVICE,NON-LIQUID,1200.0,
2026-08-12T11:30:00+08:00,COLLIE_BESS2,0.0,1188.12,10,ef3e4ce3-52fc-4f93-b625-99667e19cdff,IN-SERVICE,NON-LIQUID,1200.0,
2026-08-12T11:30:00+08:00,COLLIE_ESR4,-250.0,159.52,1,76ece6a0-7d7d-438a-9175-6702ce6a5666,IN-SERVICE,NOT APPLICABLE,159.42,0.0
2026-08-12T11:30:00+08:00,COLLIE_ESR4,250.0,206.03,2,76ece6a0-7d7d-438a-9175-6702ce6a5666,IN-SERVICE,NOT APPLICABLE,205.91,0.0
2026-08-12T11:30:00+08:00,COLLIE_ESR5,-250.0,159.54,1,17771220-9414-460a-97d8-8aee424ef678,IN-SERVICE,NOT APPLICABLE,159.44,0.0
2026-08-12T11:30:00+08:00,COLLIE_ESR5,250.0,206.01,2,17771220-9414-460a-97d8-8aee424ef678,IN-SERVICE,NOT APPLICABLE,205.89,0.0
2026-08-12T11:35:00+08:00,KWINANA_ESR1,-100.0,138.28,1,f5335e64-c00b-41cd-83f0-96713413ca2f,IN-SERVICE,NOT APPLICABLE,138.22,0.0
2026-08-12T11:35:00+08:00,KWINANA_ESR1,100.0,172.56,2,f5335e64-c00b-41cd-83f0-96713413ca2f,IN-SERVICE,NOT APPLICABLE,172.49,0.0
2026-08-12T11:35:00+08:00,COLLIE_ESR1,0.0,-1000.0,1,9e23c36b-f853-48d0-91c9-5e981c7a5f7a,IN-SERVICE,NON-LIQUID,-999.4,
2026-08-12T11:35:00+08:00,COLLIE_ESR1,-100.0,-42.46,2,9e23c36b-f853-48d0-91c9-5e981c7a5f7a,IN-SERVICE,NON-LIQUID,-42.43,
2026-08-12T11:35:00+08:00,COLLIE_ESR1,-100.0,-10.0,3,9e23c36b-f853-48d0-91c9-5e981c7a5f7a,IN-SERVICE,NON-LIQUID,-9.99,
2026-08-12T11:35:00+08:00,COLLIE_ESR1,0.0,34.02,4,9e23c36b-f853-48d0-91c9-5e981c7a5f7a,IN-SERVICE,NON-LIQUID,34.0,
2026-08-12T11:35:00+08:00,COLLIE_ESR1,0.0,60.0,5,9e23c36b-f853-48d0-91c9-5e981c7a5f7a,IN-SERVICE,NON-LIQUID,59.96,
2026-08-12T11:35:00+08:00,COLLIE_ESR1,50.0,250.0,6,9e23c36b-f853-48d0-91c9-5e981c7a5f7a,IN-SERVICE,NON-LIQUID,249.85,
2026-08-12T11:35:00+08:00,COLLIE_ESR1,100.0,367.0,7,9e23c36b-f853-48d0-91c9-5e981c7a5f7a,IN-SERVICE,NON-LIQUID,366.78,
2026-08-12T11:35:00+08:00,COLLIE_ESR1,50.0,622.0,8,9e23c36b-f853-48d0-91c9-5e981c7a5f7a,IN-SERVICE,NON-LIQUID,621.63,
2026-08-12T11:35:00+08:00,COLLIE_ESR1,0.0,1191.21,9,9e23c36b-f853-48d0-91c9-5e981c7a5f7a,IN-SERVICE,NON-LIQUID,1190.5,
2026-08-12T11:35:00+08:00,COLLIE_ESR1,0.0,1200.0,10,9e23c36b-f853-48d0-91c9-5e981c7a5f7a,IN-SERVICE,NON-LIQUID,1199.28,
2026-08-12T11:35:00+08:00,KWINANA_ESR2,-225.0,180.94,1,9a815ef1-a95d-481d-b69f-751ce125d119,IN-SERVICE,NOT APPLICABLE,180.76,0.0
2026-08-12T11:35:00+08:00,KWINANA_ESR2,225.0,222.1,2,9a815ef1-a95d-481d-b69f-751ce125d119,IN-SERVICE,NOT APPLICABLE,221.88,0.0
2026-08-12T11:35:00+08:00,COLLIE_BESS2,0.0,-990.1,1,6945dce6-3e05-4d1d-b6dc-254b1ee03ccb,IN-SERVICE,NON-LIQUID,-1000.0,
2026-08-12T11:35:00+08:00,COLLIE_BESS2,-150.0,-42.46,2,6945dce6-3e05-4d1d-b6dc-254b1ee03ccb,IN-SERVICE,NON-LIQUID,-42.88,
2026-08-12T11:35:00+08:00,COLLIE_BESS2,-150.0,-10.0,3,6945dce6-3e05-4d1d-b6dc-254b1ee03ccb,IN-SERVICE,NON-LIQUID,-10.1,
2026-08-12T11:35:00+08:00,COLLIE_BESS2,0.0,34.02,4,6945dce6-3e05-4d1d-b6dc-254b1ee03ccb,IN-SERVICE,NON-LIQUID,34.36,
2026-08-12T11:35:00+08:00,COLLIE_BESS2,0.0,60.0,5,6945dce6-3e05-4d1d-b6dc-254b1ee03ccb,IN-SERVICE,NON-LIQUID,60.6,
2026-08-12T11:35:00+08:00,COLLIE_BESS2,75.0,250.0,6,6945dce6-3e05-4d1d-b6dc-254b1ee03ccb,IN-SERVICE,NON-LIQUID,252.5,
2026-08-12T11:35:00+08:00,COLLIE_BESS2,75.0,367.0,7,6945dce6-3e05-4d1d-b6dc-254b1ee03ccb,IN-SERVICE,NON-LIQUID,370.67,
2026-08-12T11:35:00+08:00,COLLIE_BESS2,150.0,622.0,8,6945dce6-3e05-4d1d-b6dc-254b1ee03ccb,IN-SERVICE,NON-LIQUID,628.22,
2026-08-12T11:35:00+08:00,COLLIE_BESS2,0.0,1188.12,9,6945dce6-3e05-4d1d-b6dc-254b1ee03ccb,IN-SERVICE,NON-LIQUID,1200.0,
2026-08-12T11:35:00+08:00,COLLIE_BESS2,0.0,1188.12,10,6945dce6-3e05-4d1d-b6dc-254b1ee03ccb,IN-SERVICE,NON-LIQUID,1200.0,
2026-08-12T11:35:00+08:00,COLLIE_ESR4,-250.0,184.02,1,d76da5b4-6ac6-4115-967f-7a68da099f29,IN-SERVICE,NOT APPLICABLE,183.91,0.0
2026-08-12T11:35:00+08:00,COLLIE_ESR4,250.0,218.86,2,d76da5b4-6ac6-4115-967f-7a68da099f29,IN-SERVICE,NOT APPLICABLE,218.73,0.0
2026-08-12T11:35:00+08:00,COLLIE_ESR5,-250.0,184.04,1,e4f762c8-16bf-4f2e-bad2-6120b33690ff,IN-SERVICE,NOT APPLICABLE,183.93,0.0
2026-08-12T11:35:00+08:00,COLLIE_ESR5,250.0,218.84,2,e4f762c8-16bf-4f2e-bad2-6120b33690ff,IN-SERVICE,NOT APPLICABLE,218.71,0.0
2026-08-12T11:40:00+08:00,KWINANA_ESR1,-100.0,138.28,1,f5335e64-c00b-41cd-83f0-96713413ca2f,IN-SERVICE,NOT APPLICABLE,138.22,0.0
2026-08-12T11:40:00+08:00,KWINANA_ESR1,100.0,172.56,2,f5335e64-c00b-41cd-83f0-96713413ca2f,IN-SERVICE,NOT APPLICABLE,172.49,0.0
2026-08-12T11:40:00+08:00,COLLIE_ESR1,0.0,-1000.0,1,42a6d689-30c0-45b6-8ccc-4b89d9c7096c,IN-SERVICE,NON-LIQUID,-999.4,
2026-08-12T11:40:00+08:00,COLLIE_ESR1,-100.0,-42.46,2,42a6d689-30c0-45b6-8ccc-4b89d9c7096c,IN-SERVICE,NON-LIQUID,-42.43,
2026-08-12T11:40:00+08:00,COLLIE_ESR1,-100.0,-10.0,3,42a6d689-30c0-45b6-8ccc-4b89d9c7096c,IN-SERVICE,NON-LIQUID,-9.99,
2026-08-12T11:40:00+08:00,COLLIE_ESR1,0.0,34.02,4,42a6d689-30c0-45b6-8ccc-4b89d9c7096c,IN-SERVICE,NON-LIQUID,34.0,
2026-08-12T11:40:00+08:00,COLLIE_ESR1,0.0,60.0,5,42a6d689-30c0-45b6-8ccc-4b89d9c7096c,IN-SERVICE,NON-LIQUID,59.96,
2026-08-12T11:40:00+08:00,COLLIE_ESR1,50.0,250.0,6,42a6d689-30c0-45b6-8ccc-4b89d9c7096c,IN-SERVICE,NON-LIQUID,249.85,
2026-08-12T11:40:00+08:00,COLLIE_ESR1,100.0,367.0,7,42a6d689-30c0-45b6-8ccc-4b89d9c7096c,IN-SERVICE,NON-LIQUID,366.78,
2026-08-12T11:40:00+08:00,COLLIE_ESR1,50.0,622.0,8,42a6d689-30c0-45b6-8ccc-4b89d9c7096c,IN-SERVICE,NON-LIQUID,621.63,
2026-08-12T11:40:00+08:00,COLLIE_ESR1,0.0,1199.9,9,42a6d689-30c0-45b6-8ccc-4b89d9c7096c,IN-SERVICE,NON-LIQUID,1199.18,
2026-08-12T11:40:00+08:00,COLLIE_ESR1,0.0,1200.0,10,42a6d689-30c0-45b6-8ccc-4b89d9c7096c,IN-SERVICE,NON-LIQUID,1199.28,
2026-08-12T11:40:00+08:00,KWINANA_ESR2,-225.0,180.94,1,9a815ef1-a95d-481d-b69f-751ce125d119,IN-SERVICE,NOT APPLICABLE,180.76,0.0
2026-08-12T11:40:00+08:00,KWINANA_ESR2,225.0,222.1,2,9a815ef1-a95d-481d-b69f-751ce125d119,IN-SERVICE,NOT APPLICABLE,221.88,0.0
2026-08-12T11:40:00+08:00,COLLIE_BESS2,0.0,-990.1,1,23be21de-60ef-49cf-820a-6a323748fd49,IN-SERVICE,NON-LIQUID,-1000.0,
2026-08-12T11:40:00+08:00,COLLIE_BESS2,-150.0,-42.46,2,23be21de-60ef-49cf-820a-6a323748fd49,IN-SERVICE,NON-LIQUID,-42.88,
2026-08-12T11:40:00+08:00,COLLIE_BESS2,-150.0,-10.0,3,23be21de-60ef-49cf-820a-6a323748fd49,IN-SERVICE,NON-LIQUID,-10.1,
2026-08-12T11:40:00+08:00,COLLIE_BESS2,0.0,34.02,4,23be21de-60ef-49cf-820a-6a323748fd49,IN-SERVICE,NON-LIQUID,34.36,
2026-08-12T11:40:00+08:00,COLLIE_BESS2,0.0,60.0,5,23be21de-60ef-49cf-820a-6a323748fd49,IN-SERVICE,NON-LIQUID,60.6,
2026-08-12T11:40:00+08:00,COLLIE_BESS2,75.0,250.0,6,23be21de-60ef-49cf-820a-6a323748fd49,IN-SERVICE,NON-LIQUID,252.5,
2026-08-12T11:40:00+08:00,COLLIE_BESS2,75.0,367.0,7,23be21de-60ef-49cf-820a-6a323748fd49,IN-SERVICE,NON-LIQUID,370.67,
2026-08-12T11:40:00+08:00,COLLIE_BESS2,150.0,622.0,8,23be21de-60ef-49cf-820a-6a323748fd49,IN-SERVICE,NON-LIQUID,628.22,
2026-08-12T11:40:00+08:00,COLLIE_BESS2,0.0,1188.12,9,23be21de-60ef-49cf-820a-6a323748fd49,IN-SERVICE,NON-LIQUID,1200.0,
2026-08-12T11:40:00+08:00,COLLIE_BESS2,0.0,1188.12,10,23be21de-60ef-49cf-820a-6a323748fd49,IN-SERVICE,NON-LIQUID,1200.0,
2026-08-12T11:40:00+08:00,COLLIE_ESR4,-250.0,184.02,1,d76da5b4-6ac6-4115-967f-7a68da099f29,IN-SERVICE,NOT APPLICABLE,183.91,0.0
2026-08-12T11:40:00+08:00,COLLIE_ESR4,250.0,218.86,2,d76da5b4-6ac6-4115-967f-7a68da099f29,IN-SERVICE,NOT APPLICABLE,218.73,0.0
2026-08-12T11:40:00+08:00,COLLIE_ESR5,-250.0,184.04,1,e4f762c8-16bf-4f2e-bad2-6120b33690ff,IN-SERVICE,NOT APPLICABLE,183.93,0.0
2026-08-12T11:40:00+08:00,COLLIE_ESR5,250.0,218.84,2,e4f762c8-16bf-4f2e-bad2-6120b33690ff,IN-SERVICE,NOT APPLICABLE,218.71,0.0
2026-08-12T11:45:00+08:00,KWINANA_ESR1,-100.0,138.28,1,f5335e64-c00b-41cd-83f0-96713413ca2f,IN-SERVICE,NOT APPLICABLE,138.22,0.0
2026-08-12T11:45:00+08:00,KWINANA_ESR1,100.0,172.56,2,f5335e64-c00b-41cd-83f0-96713413ca2f,IN-SERVICE,NOT APPLICABLE,172.49,0.0
2026-08-12T11:45:00+08:00,COLLIE_ESR1,0.0,-1000.0,1,a7a0d266-1d53-49ee-b802-394a7f56c712,IN-SERVICE,NON-LIQUID,-999.4,
2026-08-12T11:45:00+08:00,COLLIE_ESR1,-100.0,-42.46,2,a7a0d266-1d53-49ee-b802-394a7f56c712,IN-SERVICE,NON-LIQUID,-42.43,
2026-08-12T11:45:00+08:00,COLLIE_ESR1,-100.0,-10.0,3,a7a0d266-1d53-49ee-b802-394a7f56c712,IN-SERVICE,NON-LIQUID,-9.99,
2026-08-12T11:45:00+08:00,COLLIE_ESR1,0.0,34.02,4,a7a0d266-1d53-49ee-b802-394a7f56c712,IN-SERVICE,NON-LIQUID,34.0,
2026-08-12T11:45:00+08:00,COLLIE_ESR1,0.0,60.0,5,a7a0d266-1d53-49ee-b802-394a7f56c712,IN-SERVICE,NON-LIQUID,59.96,
2026-08-12T11:45:00+08:00,COLLIE_ESR1,50.0,250.0,6,a7a0d266-1d53-49ee-b802-394a7f56c712,IN-SERVICE,NON-LIQUID,249.85,
2026-08-12T11:45:00+08:00,COLLIE_ESR1,100.0,367.0,7,a7a0d266-1d53-49ee-b802-394a7f56c712,IN-SERVICE,NON-LIQUID,366.78,
2026-08-12T11:45:00+08:00,COLLIE_ESR1,50.0,622.0,8,a7a0d266-1d53-49ee-b802-394a7f56c712,IN-SERVICE,NON-LIQUID,621.63,
2026-08-12T11:45:00+08:00,COLLIE_ESR1,0.0,1191.21,9,a7a0d266-1d53-49ee-b802-394a7f56c712,IN-SERVICE,NON-LIQUID,1190.5,
2026-08-12T11:45:00+08:00,COLLIE_ESR1,0.0,1200.0,10,a7a0d266-1d53-49ee-b802-394a7f56c712,IN-SERVICE,NON-LIQUID,1199.28,
2026-08-12T11:45:00+08:00,KWINANA_ESR2,-225.0,180.94,1,9a815ef1-a95d-481d-b69f-751ce125d119,IN-SERVICE,NOT APPLICABLE,180.76,0.0
2026-08-12T11:45:00+08:00,KWINANA_ESR2,225.0,222.1,2,9a815ef1-a95d-481d-b69f-751ce125d119,IN-SERVICE,NOT APPLICABLE,221.88,0.0
2026-08-12T11:45:00+08:00,COLLIE_BESS2,0.0,-990.1,1,8fccf9be-7220-4aac-8570-bac82cf324ce,IN-SERVICE,NON-LIQUID,-1000.0,
2026-08-12T11:45:00+08:00,COLLIE_BESS2,-49.0,-42.46,2,8fccf9be-7220-4aac-8570-bac82cf324ce,IN-SERVICE,NON-LIQUID,-42.88,
2026-08-12T11:45:00+08:00,COLLIE_BESS2,-49.0,-10.0,3,8fccf9be-7220-4aac-8570-bac82cf324ce,IN-SERVICE,NON-LIQUID,-10.1,
2026-08-12T11:45:00+08:00,COLLIE_BESS2,0.0,34.02,4,8fccf9be-7220-4aac-8570-bac82cf324ce,IN-SERVICE,NON-LIQUID,34.36,
2026-08-12T11:45:00+08:00,COLLIE_BESS2,-202.0,142.38,5,8fccf9be-7220-4aac-8570-bac82cf324ce,IN-SERVICE,NON-LIQUID,143.8,
2026-08-12T11:45:00+08:00,COLLIE_BESS2,75.0,250.0,6,8fccf9be-7220-4aac-8570-bac82cf324ce,IN-SERVICE,NON-LIQUID,252.5,
2026-08-12T11:45:00+08:00,COLLIE_BESS2,75.0,367.0,7,8fccf9be-7220-4aac-8570-bac82cf324ce,IN-SERVICE,NON-LIQUID,370.67,
2026-08-12T11:45:00+08:00,COLLIE_BESS2,150.0,622.0,8,8fccf9be-7220-4aac-8570-bac82cf324ce,IN-SERVICE,NON-LIQUID,628.22,
2026-08-12T11:45:00+08:00,COLLIE_BESS2,0.0,1188.12,9,8fccf9be-7220-4aac-8570-bac82cf324ce,IN-SERVICE,NON-LIQUID,1200.0,
2026-08-12T11:45:00+08:00,COLLIE_BESS2,0.0,1188.12,10,8fccf9be-7220-4aac-8570-bac82cf324ce,IN-SERVICE,NON-LIQUID,1200.0,
2026-08-12T11:45:00+08:00,COLLIE_ESR4,-250.0,184.02,1,d76da5b4-6ac6-4115-967f-7a68da099f29,IN-SERVICE,NOT APPLICABLE,183.91,0.0
2026-08-12T11:45:00+08:00,COLLIE_ESR4,250.0,218.86,2,d76da5b4-6ac6-4115-967f-7a68da099f29,IN-SERVICE,NOT APPLICABLE,218.73,0.0
2026-08-12T11:45:00+08:00,COLLIE_ESR5,-250.0,184.04,1,e4f762c8-16bf-4f2e-bad2-6120b33690ff,IN-SERVICE,NOT APPLICABLE,183.93,0.0
2026-08-12T11:45:00+08:00,COLLIE_ESR5,250.0,218.84,2,e4f762c8-16bf-4f2e-bad2-6120b33690ff,IN-SERVICE,NOT APPLICABLE,218.71,0.0
2026-08-12T11:50:00+08:00,KWINANA_ESR1,-100.0,154.29,1,286e9f53-efcd-4716-ba3b-f590627aade1,IN-SERVICE,NOT APPLICABLE,154.23,0.0
2026-08-12T11:50:00+08:00,KWINANA_ESR1,100.0,188.57,2,286e9f53-efcd-4716-ba3b-f590627aade1,IN-SERVICE,NOT APPLICABLE,188.49,0.0
2026-08-12T11:50:00+08:00,COLLIE_ESR1,0.0,-1000.0,1,0eae9b46-617c-4bb3-9eda-e1bf07b5dd78,IN-SERVICE,NON-LIQUID,-999.4,
2026-08-12T11:50:00+08:00,COLLIE_ESR1,-100.0,-42.46,2,0eae9b46-617c-4bb3-9eda-e1bf07b5dd78,IN-SERVICE,NON-LIQUID,-42.43,
2026-08-12T11:50:00+08:00,COLLIE_ESR1,-100.0,-10.0,3,0eae9b46-617c-4bb3-9eda-e1bf07b5dd78,IN-SERVICE,NON-LIQUID,-9.99,
2026-08-12T11:50:00+08:00,COLLIE_ESR1,0.0,34.02,4,0eae9b46-617c-4bb3-9eda-e1bf07b5dd78,IN-SERVICE,NON-LIQUID,34.0,
2026-08-12T11:50:00+08:00,COLLIE_ESR1,0.0,60.0,5,0eae9b46-617c-4bb3-9eda-e1bf07b5dd78,IN-SERVICE,NON-LIQUID,59.96,
2026-08-12T11:50:00+08:00,COLLIE_ESR1,50.0,250.0,6,0eae9b46-617c-4bb3-9eda-e1bf07b5dd78,IN-SERVICE,NON-LIQUID,249.85,
2026-08-12T11:50:00+08:00,COLLIE_ESR1,100.0,367.0,7,0eae9b46-617c-4bb3-9eda-e1bf07b5dd78,IN-SERVICE,NON-LIQUID,366.78,
2026-08-12T11:50:00+08:00,COLLIE_ESR1,50.0,622.0,8,0eae9b46-617c-4bb3-9eda-e1bf07b5dd78,IN-SERVICE,NON-LIQUID,621.63,
2026-08-12T11:50:00+08:00,COLLIE_ESR1,0.0,1191.21,9,0eae9b46-617c-4bb3-9eda-e1bf07b5dd78,IN-SERVICE,NON-LIQUID,1190.5,
2026-08-12T11:50:00+08:00,COLLIE_ESR1,0.0,1200.0,10,0eae9b46-617c-4bb3-9eda-e1bf07b5dd78,IN-SERVICE,NON-LIQUID,1199.28,
2026-08-12T11:50:00+08:00,KWINANA_ESR2,-225.0,180.94,1,74307a62-5a87-495a-b7cd-07fe108c6c98,IN-SERVICE,NOT APPLICABLE,180.76,0.0
2026-08-12T11:50:00+08:00,KWINANA_ESR2,225.0,222.1,2,74307a62-5a87-495a-b7cd-07fe108c6c98,IN-SERVICE,NOT APPLICABLE,221.88,0.0
2026-08-12T11:50:00+08:00,COLLIE_BESS2,0.0,-990.1,1,8820fe72-0c5f-4f1d-9d52-f397e2568425,IN-SERVICE,NON-LIQUID,-1000.0,
2026-08-12T11:50:00+08:00,COLLIE_BESS2,-49.0,-42.46,2,8820fe72-0c5f-4f1d-9d52-f397e2568425,IN-SERVICE,NON-LIQUID,-42.88,
2026-08-12T11:50:00+08:00,COLLIE_BESS2,-49.0,-10.0,3,8820fe72-0c5f-4f1d-9d52-f397e2568425,IN-SERVICE,NON-LIQUID,-10.1,
2026-08-12T11:50:00+08:00,COLLIE_BESS2,0.0,34.02,4,8820fe72-0c5f-4f1d-9d52-f397e2568425,IN-SERVICE,NON-LIQUID,34.36,
2026-08-12T11:50:00+08:00,COLLIE_BESS2,-202.0,144.97,5,8820fe72-0c5f-4f1d-9d52-f397e2568425,IN-SERVICE,NON-LIQUID,146.42,
2026-08-12T11:50:00+08:00,COLLIE_BESS2,75.0,250.0,6,8820fe72-0c5f-4f1d-9d52-f397e2568425,IN-SERVICE,NON-LIQUID,252.5,
2026-08-12T11:50:00+08:00,COLLIE_BESS2,75.0,367.0,7,8820fe72-0c5f-4f1d-9d52-f397e2568425,IN-SERVICE,NON-LIQUID,370.67,
2026-08-12T11:50:00+08:00,COLLIE_BESS2,150.0,622.0,8,8820fe72-0c5f-4f1d-9d52-f397e2568425,IN-SERVICE,NON-LIQUID,628.22,
2026-08-12T11:50:00+08:00,COLLIE_BESS2,0.0,1188.12,9,8820fe72-0c5f-4f1d-9d52-f397e2568425,IN-SERVICE,NON-LIQUID,1200.0,
2026-08-12T11:50:00+08:00,COLLIE_BESS2,0.0,1188.12,10,8820fe72-0c5f-4f1d-9d52-f397e2568425,IN-SERVICE,NON-LIQUID,1200.0,
2026-08-12T11:50:00+08:00,COLLIE_ESR4,-250.0,184.02,1,764c765c-643d-453b-96a4-5acc572af480,IN-SERVICE,NOT APPLICABLE,183.91,0.0
2026-08-12T11:50:00+08:00,COLLIE_ESR4,250.0,218.86,2,764c765c-643d-453b-96a4-5acc572af480,IN-SERVICE,NOT APPLICABLE,218.73,0.0
2026-08-12T11:50:00+08:00,COLLIE_ESR5,-250.0,184.04,1,c025f74f-9171-489c-b9c5-db915576fffa,IN-SERVICE,NOT APPLICABLE,183.93,0.0
2026-08-12T11:50:00+08:00,COLLIE_ESR5,250.0,218.84,2,c025f74f-9171-489c-b9c5-db915576fffa,IN-SERVICE,NOT APPLICABLE,218.71,0.0
2026-08-12T11:55:00+08:00,KWINANA_ESR1,-100.0,154.29,1,286e9f53-efcd-4716-ba3b-f590627aade1,IN-SERVICE,NOT APPLICABLE,154.23,0.0
2026-08-12T11:55:00+08:00,KWINANA_ESR1,100.0,188.57,2,286e9f53-efcd-4716-ba3b-f590627aade1,IN-SERVICE,NOT APPLICABLE,188.49,0.0
2026-08-12T11:55:00+08:00,COLLIE_ESR1,0.0,-1000.0,1,e59ea440-17c1-4c77-84c6-8a0d5d076c8c,IN-SERVICE,NON-LIQUID,-999.4,
2026-08-12T11:55:00+08:00,COLLIE_ESR1,-20.0,-42.46,2,e59ea440-17c1-4c77-84c6-8a0d5d076c8c,IN-SERVICE,NON-LIQUID,-42.43,
2026-08-12T11:55:00+08:00,COLLIE_ESR1,-20.0,-10.0,3,e59ea440-17c1-4c77-84c6-8a0d5d076c8c,IN-SERVICE,NON-LIQUID,-9.99,
2026-08-12T11:55:00+08:00,COLLIE_ESR1,0.0,34.02,4,e59ea440-17c1-4c77-84c6-8a0d5d076c8c,IN-SERVICE,NON-LIQUID,34.0,
2026-08-12T11:55:00+08:00,COLLIE_ESR1,-160.0,162.81,5,e59ea440-17c1-4c77-84c6-8a0d5d076c8c,IN-SERVICE,NON-LIQUID,162.71,
2026-08-12T11:55:00+08:00,COLLIE_ESR1,50.0,250.0,6,e59ea440-17c1-4c77-84c6-8a0d5d076c8c,IN-SERVICE,NON-LIQUID,249.85,
2026-08-12T11:55:00+08:00,COLLIE_ESR1,100.0,367.0,7,e59ea440-17c1-4c77-84c6-8a0d5d076c8c,IN-SERVICE,NON-LIQUID,366.78,
2026-08-12T11:55:00+08:00,COLLIE_ESR1,50.0,622.0,8,e59ea440-17c1-4c77-84c6-8a0d5d076c8c,IN-SERVICE,NON-LIQUID,621.63,
2026-08-12T11:55:00+08:00,COLLIE_ESR1,0.0,1191.21,9,e59ea440-17c1-4c77-84c6-8a0d5d076c8c,IN-SERVICE,NON-LIQUID,1190.5,
2026-08-12T11:55:00+08:00,COLLIE_ESR1,0.0,1200.0,10,e59ea440-17c1-4c77-84c6-8a0d5d076c8c,IN-SERVICE,NON-LIQUID,1199.28,
2026-08-12T11:55:00+08:00,KWINANA_ESR2,-225.0,180.94,1,74307a62-5a87-495a-b7cd-07fe108c6c98,IN-SERVICE,NOT APPLICABLE,180.76,0.0
2026-08-12T11:55:00+08:00,KWINANA_ESR2,225.0,222.1,2,74307a62-5a87-495a-b7cd-07fe108c6c98,IN-SERVICE,NOT APPLICABLE,221.88,0.0
2026-08-12T11:55:00+08:00,COLLIE_BESS2,0.0,-990.1,1,4fc6491d-3bcb-4f2b-a600-5d0dc7152c5a,IN-SERVICE,NON-LIQUID,-1000.0,
2026-08-12T11:55:00+08:00,COLLIE_BESS2,-40.0,-42.46,2,4fc6491d-3bcb-4f2b-a600-5d0dc7152c5a,IN-SERVICE,NON-LIQUID,-42.88,
2026-08-12T11:55:00+08:00,COLLIE_BESS2,-40.0,-10.0,3,4fc6491d-3bcb-4f2b-a600-5d0dc7152c5a,IN-SERVICE,NON-LIQUID,-10.1,
2026-08-12T11:55:00+08:00,COLLIE_BESS2,0.0,34.02,4,4fc6491d-3bcb-4f2b-a600-5d0dc7152c5a,IN-SERVICE,NON-LIQUID,34.36,
2026-08-12T11:55:00+08:00,COLLIE_BESS2,-220.0,162.81,5,4fc6491d-3bcb-4f2b-a600-5d0dc7152c5a,IN-SERVICE,NON-LIQUID,164.44,
2026-08-12T11:55:00+08:00,COLLIE_BESS2,75.0,250.0,6,4fc6491d-3bcb-4f2b-a600-5d0dc7152c5a,IN-SERVICE,NON-LIQUID,252.5,
2026-08-12T11:55:00+08:00,COLLIE_BESS2,75.0,367.0,7,4fc6491d-3bcb-4f2b-a600-5d0dc7152c5a,IN-SERVICE,NON-LIQUID,370.67,
2026-08-12T11:55:00+08:00,COLLIE_BESS2,150.0,622.0,8,4fc6491d-3bcb-4f2b-a600-5d0dc7152c5a,IN-SERVICE,NON-LIQUID,628.22,
2026-08-12T11:55:00+08:00,COLLIE_BESS2,0.0,1188.12,9,4fc6491d-3bcb-4f2b-a600-5d0dc7152c5a,IN-SERVICE,NON-LIQUID,1200.0,
2026-08-12T11:55:00+08:00,COLLIE_BESS2,0.0,1188.12,10,4fc6491d-3bcb-4f2b-a600-5d0dc7152c5a,IN-SERVICE,NON-LIQUID,1200.0,
2026-08-12T11:55:00+08:00,COLLIE_ESR4,-250.0,184.02,1,764c765c-643d-453b-96a4-5acc572af480,IN-SERVICE,NOT APPLICABLE,183.91,0.0
2026-08-12T11:55:00+08:00,COLLIE_ESR4,250.0,218.86,2,764c765c-643d-453b-96a4-5acc572af480,IN-SERVICE,NOT APPLICABLE,218.73,0.0
2026-08-12T11:55:00+08:00,COLLIE_ESR5,-250.0,184.04,1,c025f74f-9171-489c-b9c5-db915576fffa,IN-SERVICE,NOT APPLICABLE,183.93,0.0
2026-08-12T11:55:00+08:00,COLLIE_ESR5,250.0,218.84,2,c025f74f-9171-489c-b9c5-db915576fffa,IN-SERVICE,NOT APPLICABLE,218.71,0.0
2026-08-12T12:00:00+08:00,KWINANA_ESR1,-100.0,171.43,1,286e9f53-efcd-4716-ba3b-f590627aade1,IN-SERVICE,NOT APPLICABLE,171.36,0.0
2026-08-12T12:00:00+08:00,KWINANA_ESR1,100.0,188.58,2,286e9f53-efcd-4716-ba3b-f590627aade1,IN-SERVICE,NOT APPLICABLE,188.5,0.0
2026-08-12T12:00:00+08:00,COLLIE_ESR1,0.0,-1000.0,1,3fd22c6a-8498-4860-82b1-c9a0ee6efd97,IN-SERVICE,NON-LIQUID,-999.4,
2026-08-12T12:00:00+08:00,COLLIE_ESR1,-25.0,-42.46,2,3fd22c6a-8498-4860-82b1-c9a0ee6efd97,IN-SERVICE,NON-LIQUID,-42.43,
2026-08-12T12:00:00+08:00,COLLIE_ESR1,-26.0,-10.0,3,3fd22c6a-8498-4860-82b1-c9a0ee6efd97,IN-SERVICE,NON-LIQUID,-9.99,
2026-08-12T12:00:00+08:00,COLLIE_ESR1,0.0,34.02,4,3fd22c6a-8498-4860-82b1-c9a0ee6efd97,IN-SERVICE,NON-LIQUID,34.0,
2026-08-12T12:00:00+08:00,COLLIE_ESR1,-149.0,150.0,5,3fd22c6a-8498-4860-82b1-c9a0ee6efd97,IN-SERVICE,NON-LIQUID,149.91,
2026-08-12T12:00:00+08:00,COLLIE_ESR1,50.0,250.0,6,3fd22c6a-8498-4860-82b1-c9a0ee6efd97,IN-SERVICE,NON-LIQUID,249.85,
2026-08-12T12:00:00+08:00,COLLIE_ESR1,100.0,367.0,7,3fd22c6a-8498-4860-82b1-c9a0ee6efd97,IN-SERVICE,NON-LIQUID,366.78,
2026-08-12T12:00:00+08:00,COLLIE_ESR1,0.0,400.0,8,3fd22c6a-8498-4860-82b1-c9a0ee6efd97,IN-SERVICE,NON-LIQUID,399.76,
2026-08-12T12:00:00+08:00,COLLIE_ESR1,50.0,622.0,9,3fd22c6a-8498-4860-82b1-c9a0ee6efd97,IN-SERVICE,NON-LIQUID,621.63,
2026-08-12T12:00:00+08:00,COLLIE_ESR1,0.0,1200.0,10,3fd22c6a-8498-4860-82b1-c9a0ee6efd97,IN-SERVICE,NON-LIQUID,1199.28,
2026-08-12T12:00:00+08:00,KWINANA_ESR2,-225.0,180.94,1,74307a62-5a87-495a-b7cd-07fe108c6c98,IN-SERVICE,NOT APPLICABLE,180.76,0.0
2026-08-12T12:00:00+08:00,KWINANA_ESR2,225.0,222.1,2,74307a62-5a87-495a-b7cd-07fe108c6c98,IN-SERVICE,NOT APPLICABLE,221.88,0.0
2026-08-12T12:00:00+08:00,COLLIE_BESS2,0.0,-990.1,1,ce543bbf-b5be-4490-8f98-04dede5f8b51,IN-SERVICE,NON-LIQUID,-1000.0,
2026-08-12T12:00:00+08:00,COLLIE_BESS2,-49.0,-42.46,2,ce543bbf-b5be-4490-8f98-04dede5f8b51,IN-SERVICE,NON-LIQUID,-42.88,
2026-08-12T12:00:00+08:00,COLLIE_BESS2,-49.0,-10.0,3,ce543bbf-b5be-4490-8f98-04dede5f8b51,IN-SERVICE,NON-LIQUID,-10.1,
2026-08-12T12:00:00+08:00,COLLIE_BESS2,0.0,34.02,4,ce543bbf-b5be-4490-8f98-04dede5f8b51,IN-SERVICE,NON-LIQUID,34.36,
2026-08-12T12:00:00+08:00,COLLIE_BESS2,-202.0,150.0,5,ce543bbf-b5be-4490-8f98-04dede5f8b51,IN-SERVICE,NON-LIQUID,151.5,
2026-08-12T12:00:00+08:00,COLLIE_BESS2,75.0,250.0,6,ce543bbf-b5be-4490-8f98-04dede5f8b51,IN-SERVICE,NON-LIQUID,252.5,
2026-08-12T12:00:00+08:00,COLLIE_BESS2,0.0,356.06,7,ce543bbf-b5be-4490-8f98-04dede5f8b51,IN-SERVICE,NON-LIQUID,359.62,
2026-08-12T12:00:00+08:00,COLLIE_BESS2,75.0,367.0,8,ce543bbf-b5be-4490-8f98-04dede5f8b51,IN-SERVICE,NON-LIQUID,370.67,
2026-08-12T12:00:00+08:00,COLLIE_BESS2,150.0,622.0,9,ce543bbf-b5be-4490-8f98-04dede5f8b51,IN-SERVICE,NON-LIQUID,628.22,
2026-08-12T12:00:00+08:00,COLLIE_BESS2,0.0,1188.12,10,ce543bbf-b5be-4490-8f98-04dede5f8b51,IN-SERVICE,NON-LIQUID,1200.0,
2026-08-12T12:00:00+08:00,COLLIE_ESR4,-250.0,184.02,1,764c765c-643d-453b-96a4-5acc572af480,IN-SERVICE,NOT APPLICABLE,183.91,0.0
2026-08-12T12:00:00+08:00,COLLIE_ESR4,250.0,218.86,2,764c765c-643d-453b-96a4-5acc572af480,IN-SERVICE,NOT APPLICABLE,218.73,0.0
2026-08-12T12:00:00+08:00,COLLIE_ESR5,-250.0,184.04,1,c025f74f-9171-489c-b9c5-db915576fffa,IN-SERVICE,NOT APPLICABLE,183.93,0.0
2026-08-12T12:00:00+08:00,COLLIE_ESR5,250.0,218.84,2,c025f74f-9171-489c-b9c5-db915576fffa,IN-SERVICE,NOT APPLICABLE,218.71,0.0
2026-08-12T12:05:00+08:00,KWINANA_ESR1,-77.476,149.1,1,da490b5f-9cc9-44b4-a19e-f41780b71c3d,IN-SERVICE,NOT APPLICABLE,149.04,0.0
2026-08-12T12:05:00+08:00,KWINANA_ESR1,-22.524,149.63,2,da490b5f-9cc9-44b4-a19e-f41780b71c3d,IN-SERVICE,NOT APPLICABLE,149.57,0.0
2026-08-12T12:05:00+08:00,KWINANA_ESR1,100.0,183.91,3,da490b5f-9cc9-44b4-a19e-f41780b71c3d,IN-SERVICE,NOT APPLICABLE,183.84,0.0
2026-08-12T12:05:00+08:00,COLLIE_ESR1,0.0,-1000.0,1,db3049ea-2c1f-4d7e-925f-80adcc2faaf7,IN-SERVICE,NON-LIQUID,-999.4,
2026-08-12T12:05:00+08:00,COLLIE_ESR1,-29.0,-42.46,2,db3049ea-2c1f-4d7e-925f-80adcc2faaf7,IN-SERVICE,NON-LIQUID,-42.43,
2026-08-12T12:05:00+08:00,COLLIE_ESR1,-29.0,-10.0,3,db3049ea-2c1f-4d7e-925f-80adcc2faaf7,IN-SERVICE,NON-LIQUID,-9.99,
2026-08-12T12:05:00+08:00,COLLIE_ESR1,0.0,34.02,4,db3049ea-2c1f-4d7e-925f-80adcc2faaf7,IN-SERVICE,NON-LIQUID,34.0,
2026-08-12T12:05:00+08:00,COLLIE_ESR1,-142.0,182.67,5,db3049ea-2c1f-4d7e-925f-80adcc2faaf7,IN-SERVICE,NON-LIQUID,182.56,
2026-08-12T12:05:00+08:00,COLLIE_ESR1,50.0,250.0,6,db3049ea-2c1f-4d7e-925f-80adcc2faaf7,IN-SERVICE,NON-LIQUID,249.85,
2026-08-12T12:05:00+08:00,COLLIE_ESR1,100.0,367.0,7,db3049ea-2c1f-4d7e-925f-80adcc2faaf7,IN-SERVICE,NON-LIQUID,366.78,
2026-08-12T12:05:00+08:00,COLLIE_ESR1,0.0,400.0,8,db3049ea-2c1f-4d7e-925f-80adcc2faaf7,IN-SERVICE,NON-LIQUID,399.76,
2026-08-12T12:05:00+08:00,COLLIE_ESR1,50.0,622.0,9,db3049ea-2c1f-4d7e-925f-80adcc2faaf7,IN-SERVICE,NON-LIQUID,621.63,
2026-08-12T12:05:00+08:00,COLLIE_ESR1,0.0,1200.0,10,db3049ea-2c1f-4d7e-925f-80adcc2faaf7,IN-SERVICE,NON-LIQUID,1199.28,
2026-08-12T12:05:00+08:00,KWINANA_ESR2,-225.0,122.14,1,1abf0659-9096-4f9e-9481-a867e699e312,IN-SERVICE,NOT APPLICABLE,122.02,0.0
2026-08-12T12:05:00+08:00,KWINANA_ESR2,225.0,151.88,2,1abf0659-9096-4f9e-9481-a867e699e312,IN-SERVICE,NOT APPLICABLE,151.73,0.0
2026-08-12T12:05:00+08:00,COLLIE_BESS2,0.0,-990.1,1,12e76dc7-d702-437b-8f6f-778ccb9d8b9a,IN-SERVICE,NON-LIQUID,-1000.0,
2026-08-12T12:05:00+08:00,COLLIE_BESS2,-51.0,-42.46,2,12e76dc7-d702-437b-8f6f-778ccb9d8b9a,IN-SERVICE,NON-LIQUID,-42.88,
2026-08-12T12:05:00+08:00,COLLIE_BESS2,-52.0,-10.0,3,12e76dc7-d702-437b-8f6f-778ccb9d8b9a,IN-SERVICE,NON-LIQUID,-10.1,
2026-08-12T12:05:00+08:00,COLLIE_BESS2,0.0,34.02,4,12e76dc7-d702-437b-8f6f-778ccb9d8b9a,IN-SERVICE,NON-LIQUID,34.36,
2026-08-12T12:05:00+08:00,COLLIE_BESS2,-197.0,182.67,5,12e76dc7-d702-437b-8f6f-778ccb9d8b9a,IN-SERVICE,NON-LIQUID,184.5,
2026-08-12T12:05:00+08:00,COLLIE_BESS2,75.0,250.0,6,12e76dc7-d702-437b-8f6f-778ccb9d8b9a,IN-SERVICE,NON-LIQUID,252.5,
2026-08-12T12:05:00+08:00,COLLIE_BESS2,0.0,353.81,7,12e76dc7-d702-437b-8f6f-778ccb9d8b9a,IN-SERVICE,NON-LIQUID,357.35,
2026-08-12T12:05:00+08:00,COLLIE_BESS2,75.0,367.0,8,12e76dc7-d702-437b-8f6f-778ccb9d8b9a,IN-SERVICE,NON-LIQUID,370.67,
2026-08-12T12:05:00+08:00,COLLIE_BESS2,150.0,622.0,9,12e76dc7-d702-437b-8f6f-778ccb9d8b9a,IN-SERVICE,NON-LIQUID,628.22,
2026-08-12T12:05:00+08:00,COLLIE_BESS2,0.0,1188.12,10,12e76dc7-d702-437b-8f6f-778ccb9d8b9a,IN-SERVICE,NON-LIQUID,1200.0,
2026-08-12T12:05:00+08:00,COLLIE_ESR4,-250.0,125.24,1,78097537-c32a-446f-a4fd-3ddd7ce6d3c1,IN-SERVICE,NOT APPLICABLE,125.16,0.0
2026-08-12T12:05:00+08:00,COLLIE_ESR4,250.0,148.67,2,78097537-c32a-446f-a4fd-3ddd7ce6d3c1,IN-SERVICE,NOT APPLICABLE,148.58,0.0
2026-08-12T12:05:00+08:00,COLLIE_ESR5,-250.0,113.85,1,e06fdaff-d4b6-40ab-bfed-e8cc6fea8e88,IN-SERVICE,NOT APPLICABLE,113.78,0.0
2026-08-12T12:05:00+08:00,COLLIE_ESR5,250.0,148.65,2,e06fdaff-d4b6-40ab-bfed-e8cc6fea8e88,IN-SERVICE,NOT APPLICABLE,148.56,0.0
2026-08-12T12:10:00+08:00,KWINANA_ESR1,-100.0,131.96,1,da490b5f-9cc9-44b4-a19e-f41780b71c3d,IN-SERVICE,NOT APPLICABLE,131.91,0.0
2026-08-12T12:10:00+08:00,KWINANA_ESR1,66.84,166.24,2,da490b5f-9cc9-44b4-a19e-f41780b71c3d,IN-SERVICE,NOT APPLICABLE,166.17,0.0
2026-08-12T12:10:00+08:00,KWINANA_ESR1,33.16,166.77,3,da490b5f-9cc9-44b4-a19e-f41780b71c3d,IN-SERVICE,NOT APPLICABLE,166.7,0.0
2026-08-12T12:10:00+08:00,COLLIE_ESR1,0.0,-1000.0,1,9fe525bd-897f-419c-8ff3-f4a5ef2bfef7,IN-SERVICE,NON-LIQUID,-999.4,
2026-08-12T12:10:00+08:00,COLLIE_ESR1,-29.0,-42.46,2,9fe525bd-897f-419c-8ff3-f4a5ef2bfef7,IN-SERVICE,NON-LIQUID,-42.43,
2026-08-12T12:10:00+08:00,COLLIE_ESR1,-29.0,-10.0,3,9fe525bd-897f-419c-8ff3-f4a5ef2bfef7,IN-SERVICE,NON-LIQUID,-9.99,
2026-08-12T12:10:00+08:00,COLLIE_ESR1,0.0,34.02,4,9fe525bd-897f-419c-8ff3-f4a5ef2bfef7,IN-SERVICE,NON-LIQUID,34.0,
2026-08-12T12:10:00+08:00,COLLIE_ESR1,-142.0,159.54,5,9fe525bd-897f-419c-8ff3-f4a5ef2bfef7,IN-SERVICE,NON-LIQUID,159.44,
2026-08-12T12:10:00+08:00,COLLIE_ESR1,50.0,250.0,6,9fe525bd-897f-419c-8ff3-f4a5ef2bfef7,IN-SERVICE,NON-LIQUID,249.85,
2026-08-12T12:10:00+08:00,COLLIE_ESR1,100.0,367.0,7,9fe525bd-897f-419c-8ff3-f4a5ef2bfef7,IN-SERVICE,NON-LIQUID,366.78,
2026-08-12T12:10:00+08:00,COLLIE_ESR1,0.0,400.0,8,9fe525bd-897f-419c-8ff3-f4a5ef2bfef7,IN-SERVICE,NON-LIQUID,399.76,
2026-08-12T12:10:00+08:00,COLLIE_ESR1,50.0,622.0,9,9fe525bd-897f-419c-8ff3-f4a5ef2bfef7,IN-SERVICE,NON-LIQUID,621.63,
2026-08-12T12:10:00+08:00,COLLIE_ESR1,0.0,1200.0,10,9fe525bd-897f-419c-8ff3-f4a5ef2bfef7,IN-SERVICE,NON-LIQUID,1199.28,
2026-08-12T12:10:00+08:00,KWINANA_ESR2,-225.0,110.72,1,1abf0659-9096-4f9e-9481-a867e699e312,IN-SERVICE,NOT APPLICABLE,110.61,0.0
2026-08-12T12:10:00+08:00,KWINANA_ESR2,225.0,151.88,2,1abf0659-9096-4f9e-9481-a867e699e312,IN-SERVICE,NOT APPLICABLE,151.73,0.0
2026-08-12T12:10:00+08:00,COLLIE_BESS2,0.0,-990.1,1,f370c6f3-a5d6-481a-90a0-e928f6facf05,IN-SERVICE,NON-LIQUID,-1000.0,
2026-08-12T12:10:00+08:00,COLLIE_BESS2,-51.0,-42.46,2,f370c6f3-a5d6-481a-90a0-e928f6facf05,IN-SERVICE,NON-LIQUID,-42.88,
2026-08-12T12:10:00+08:00,COLLIE_BESS2,-52.0,-10.0,3,f370c6f3-a5d6-481a-90a0-e928f6facf05,IN-SERVICE,NON-LIQUID,-10.1,
2026-08-12T12:10:00+08:00,COLLIE_BESS2,0.0,34.02,4,f370c6f3-a5d6-481a-90a0-e928f6facf05,IN-SERVICE,NON-LIQUID,34.36,
2026-08-12T12:10:00+08:00,COLLIE_BESS2,-197.0,159.54,5,f370c6f3-a5d6-481a-90a0-e928f6facf05,IN-SERVICE,NON-LIQUID,161.14,
2026-08-12T12:10:00+08:00,COLLIE_BESS2,75.0,250.0,6,f370c6f3-a5d6-481a-90a0-e928f6facf05,IN-SERVICE,NON-LIQUID,252.5,
2026-08-12T12:10:00+08:00,COLLIE_BESS2,0.0,353.5,7,f370c6f3-a5d6-481a-90a0-e928f6facf05,IN-SERVICE,NON-LIQUID,357.03,
2026-08-12T12:10:00+08:00,COLLIE_BESS2,75.0,367.0,8,f370c6f3-a5d6-481a-90a0-e928f6facf05,IN-SERVICE,NON-LIQUID,370.67,
2026-08-12T12:10:00+08:00,COLLIE_BESS2,150.0,622.0,9,f370c6f3-a5d6-481a-90a0-e928f6facf05,IN-SERVICE,NON-LIQUID,628.22,
2026-08-12T12:10:00+08:00,COLLIE_BESS2,0.0,1188.12,10,f370c6f3-a5d6-481a-90a0-e928f6facf05,IN-SERVICE,NON-LIQUID,1200.0,
2026-08-12T12:10:00+08:00,COLLIE_ESR4,-250.0,113.83,1,78097537-c32a-446f-a4fd-3ddd7ce6d3c1,IN-SERVICE,NOT APPLICABLE,113.76,0.0
2026-08-12T12:10:00+08:00,COLLIE_ESR4,250.0,148.67,2,78097537-c32a-446f-a4fd-3ddd7ce6d3c1,IN-SERVICE,NOT APPLICABLE,148.58,0.0
2026-08-12T12:10:00+08:00,COLLIE_ESR5,-250.0,113.85,1,e06fdaff-d4b6-40ab-bfed-e8cc6fea8e88,IN-SERVICE,NOT APPLICABLE,113.78,0.0
2026-08-12T12:10:00+08:00,COLLIE_ESR5,250.0,148.65,2,e06fdaff-d4b6-40ab-bfed-e8cc6fea8e88,IN-SERVICE,NOT APPLICABLE,148.56,0.0
2026-08-12T12:15:00+08:00,KWINANA_ESR1,-100.0,131.96,1,da490b5f-9cc9-44b4-a19e-f41780b71c3d,IN-SERVICE,NOT APPLICABLE,131.91,0.0
2026-08-12T12:15:00+08:00,KWINANA_ESR1,100.0,166.24,2,da490b5f-9cc9-44b4-a19e-f41780b71c3d,IN-SERVICE,NOT APPLICABLE,166.17,0.0
2026-08-12T12:15:00+08:00,COLLIE_ESR1,0.0,-1000.0,1,10aa9546-aff3-4f61-bd02-3236dae0d414,IN-SERVICE,NON-LIQUID,-999.4,
2026-08-12T12:15:00+08:00,COLLIE_ESR1,-29.0,-42.46,2,10aa9546-aff3-4f61-bd02-3236dae0d414,IN-SERVICE,NON-LIQUID,-42.43,
2026-08-12T12:15:00+08:00,COLLIE_ESR1,-29.0,-10.0,3,10aa9546-aff3-4f61-bd02-3236dae0d414,IN-SERVICE,NON-LIQUID,-9.99,
2026-08-12T12:15:00+08:00,COLLIE_ESR1,0.0,34.02,4,10aa9546-aff3-4f61-bd02-3236dae0d414,IN-SERVICE,NON-LIQUID,34.0,
2026-08-12T12:15:00+08:00,COLLIE_ESR1,-142.0,117.69,5,10aa9546-aff3-4f61-bd02-3236dae0d414,IN-SERVICE,NON-LIQUID,117.62,
2026-08-12T12:15:00+08:00,COLLIE_ESR1,50.0,250.0,6,10aa9546-aff3-4f61-bd02-3236dae0d414,IN-SERVICE,NON-LIQUID,249.85,
2026-08-12T12:15:00+08:00,COLLIE_ESR1,100.0,367.0,7,10aa9546-aff3-4f61-bd02-3236dae0d414,IN-SERVICE,NON-LIQUID,366.78,
2026-08-12T12:15:00+08:00,COLLIE_ESR1,0.0,400.0,8,10aa9546-aff3-4f61-bd02-3236dae0d414,IN-SERVICE,NON-LIQUID,399.76,
2026-08-12T12:15:00+08:00,COLLIE_ESR1,50.0,622.0,9,10aa9546-aff3-4f61-bd02-3236dae0d414,IN-SERVICE,NON-LIQUID,621.63,
2026-08-12T12:15:00+08:00,COLLIE_ESR1,0.0,1200.0,10,10aa9546-aff3-4f61-bd02-3236dae0d414,IN-SERVICE,NON-LIQUID,1199.28,
2026-08-12T12:15:00+08:00,KWINANA_ESR2,-225.0,110.72,1,1abf0659-9096-4f9e-9481-a867e699e312,IN-SERVICE,NOT APPLICABLE,110.61,0.0
2026-08-12T12:15:00+08:00,KWINANA_ESR2,225.0,151.88,2,1abf0659-9096-4f9e-9481-a867e699e312,IN-SERVICE,NOT APPLICABLE,151.73,0.0
2026-08-12T12:15:00+08:00,COLLIE_BESS2,0.0,-990.1,1,6ebfd678-a758-46be-8eef-887b1d2a51b2,IN-SERVICE,NON-LIQUID,-1000.0,
2026-08-12T12:15:00+08:00,COLLIE_BESS2,-25.0,-42.46,2,6ebfd678-a758-46be-8eef-887b1d2a51b2,IN-SERVICE,NON-LIQUID,-42.88,
2026-08-12T12:15:00+08:00,COLLIE_BESS2,-25.0,-10.0,3,6ebfd678-a758-46be-8eef-887b1d2a51b2,IN-SERVICE,NON-LIQUID,-10.1,
2026-08-12T12:15:00+08:00,COLLIE_BESS2,0.0,34.02,4,6ebfd678-a758-46be-8eef-887b1d2a51b2,IN-SERVICE,NON-LIQUID,34.36,
2026-08-12T12:15:00+08:00,COLLIE_BESS2,-250.0,117.69,5,6ebfd678-a758-46be-8eef-887b1d2a51b2,IN-SERVICE,NON-LIQUID,118.87,
2026-08-12T12:15:00+08:00,COLLIE_BESS2,75.0,250.0,6,6ebfd678-a758-46be-8eef-887b1d2a51b2,IN-SERVICE,NON-LIQUID,252.5,
2026-08-12T12:15:00+08:00,COLLIE_BESS2,0.0,358.84,7,6ebfd678-a758-46be-8eef-887b1d2a51b2,IN-SERVICE,NON-LIQUID,362.43,
2026-08-12T12:15:00+08:00,COLLIE_BESS2,75.0,367.0,8,6ebfd678-a758-46be-8eef-887b1d2a51b2,IN-SERVICE,NON-LIQUID,370.67,
2026-08-12T12:15:00+08:00,COLLIE_BESS2,150.0,622.0,9,6ebfd678-a758-46be-8eef-887b1d2a51b2,IN-SERVICE,NON-LIQUID,628.22,
2026-08-12T12:15:00+08:00,COLLIE_BESS2,0.0,1188.12,10,6ebfd678-a758-46be-8eef-887b1d2a51b2,IN-SERVICE,NON-LIQUID,1200.0,
2026-08-12T12:15:00+08:00,COLLIE_ESR4,-250.0,113.83,1,78097537-c32a-446f-a4fd-3ddd7ce6d3c1,IN-SERVICE,NOT APPLICABLE,113.76,0.0
2026-08-12T12:15:00+08:00,COLLIE_ESR4,250.0,148.67,2,78097537-c32a-446f-a4fd-3ddd7ce6d3c1,IN-SERVICE,NOT APPLICABLE,148.58,0.0
2026-08-12T12:15:00+08:00,COLLIE_ESR5,-250.0,113.85,1,e06fdaff-d4b6-40ab-bfed-e8cc6fea8e88,IN-SERVICE,NOT APPLICABLE,113.78,0.0
2026-08-12T12:15:00+08:00,COLLIE_ESR5,250.0,148.65,2,e06fdaff-d4b6-40ab-bfed-e8cc6fea8e88,IN-SERVICE,NOT APPLICABLE,148.56,0.0
2026-08-12T12:20:00+08:00,KWINANA_ESR1,-100.0,89.76,1,7a5a37f2-5fac-47f1-927f-ecee06c2b6fe,IN-SERVICE,NOT APPLICABLE,89.72,0.0
2026-08-12T12:20:00+08:00,KWINANA_ESR1,100.0,124.04,2,7a5a37f2-5fac-47f1-927f-ecee06c2b6fe,IN-SERVICE,NOT APPLICABLE,123.99,0.0
2026-08-12T12:20:00+08:00,COLLIE_ESR1,0.0,-1000.0,1,5984c524-2933-4ce8-bcd3-645458e2de1f,IN-SERVICE,NON-LIQUID,-999.4,
2026-08-12T12:20:00+08:00,COLLIE_ESR1,-29.0,-42.46,2,5984c524-2933-4ce8-bcd3-645458e2de1f,IN-SERVICE,NON-LIQUID,-42.43,
2026-08-12T12:20:00+08:00,COLLIE_ESR1,-29.0,-10.0,3,5984c524-2933-4ce8-bcd3-645458e2de1f,IN-SERVICE,NON-LIQUID,-9.99,
2026-08-12T12:20:00+08:00,COLLIE_ESR1,0.0,34.02,4,5984c524-2933-4ce8-bcd3-645458e2de1f,IN-SERVICE,NON-LIQUID,34.0,
2026-08-12T12:20:00+08:00,COLLIE_ESR1,-142.0,117.82,5,5984c524-2933-4ce8-bcd3-645458e2de1f,IN-SERVICE,NON-LIQUID,117.75,
2026-08-12T12:20:00+08:00,COLLIE_ESR1,50.0,250.0,6,5984c524-2933-4ce8-bcd3-645458e2de1f,IN-SERVICE,NON-LIQUID,249.85,
2026-08-12T12:20:00+08:00,COLLIE_ESR1,100.0,367.0,7,5984c524-2933-4ce8-bcd3-645458e2de1f,IN-SERVICE,NON-LIQUID,366.78,
2026-08-12T12:20:00+08:00,COLLIE_ESR1,0.0,400.0,8,5984c524-2933-4ce8-bcd3-645458e2de1f,IN-SERVICE,NON-LIQUID,399.76,
2026-08-12T12:20:00+08:00,COLLIE_ESR1,50.0,622.0,9,5984c524-2933-4ce8-bcd3-645458e2de1f,IN-SERVICE,NON-LIQUID,621.63,
2026-08-12T12:20:00+08:00,COLLIE_ESR1,0.0,1200.0,10,5984c524-2933-4ce8-bcd3-645458e2de1f,IN-SERVICE,NON-LIQUID,1199.28,
2026-08-12T12:20:00+08:00,KWINANA_ESR2,-225.0,90.14,1,75d51050-d81b-403d-a0c3-5ef14215a011,IN-SERVICE,NOT APPLICABLE,90.05,0.0
2026-08-12T12:20:00+08:00,KWINANA_ESR2,225.0,144.95,2,75d51050-d81b-403d-a0c3-5ef14215a011,IN-SERVICE,NOT APPLICABLE,144.81,0.0
2026-08-12T12:20:00+08:00,COLLIE_BESS2,0.0,-990.1,1,964c4d94-bb40-4104-a682-b6a6eb2229f3,IN-SERVICE,NON-LIQUID,-1000.0,
2026-08-12T12:20:00+08:00,COLLIE_BESS2,-25.0,-42.46,2,964c4d94-bb40-4104-a682-b6a6eb2229f3,IN-SERVICE,NON-LIQUID,-42.88,
2026-08-12T12:20:00+08:00,COLLIE_BESS2,-25.0,-10.0,3,964c4d94-bb40-4104-a682-b6a6eb2229f3,IN-SERVICE,NON-LIQUID,-10.1,
2026-08-12T12:20:00+08:00,COLLIE_BESS2,0.0,34.02,4,964c4d94-bb40-4104-a682-b6a6eb2229f3,IN-SERVICE,NON-LIQUID,34.36,
2026-08-12T12:20:00+08:00,COLLIE_BESS2,-250.0,117.82,5,964c4d94-bb40-4104-a682-b6a6eb2229f3,IN-SERVICE,NON-LIQUID,119.0,
2026-08-12T12:20:00+08:00,COLLIE_BESS2,75.0,250.0,6,964c4d94-bb40-4104-a682-b6a6eb2229f3,IN-SERVICE,NON-LIQUID,252.5,
2026-08-12T12:20:00+08:00,COLLIE_BESS2,0.0,365.97,7,964c4d94-bb40-4104-a682-b6a6eb2229f3,IN-SERVICE,NON-LIQUID,369.63,
2026-08-12T12:20:00+08:00,COLLIE_BESS2,75.0,367.0,8,964c4d94-bb40-4104-a682-b6a6eb2229f3,IN-SERVICE,NON-LIQUID,370.67,
2026-08-12T12:20:00+08:00,COLLIE_BESS2,150.0,622.0,9,964c4d94-bb40-4104-a682-b6a6eb2229f3,IN-SERVICE,NON-LIQUID,628.22,
2026-08-12T12:20:00+08:00,COLLIE_BESS2,0.0,1188.12,10,964c4d94-bb40-4104-a682-b6a6eb2229f3,IN-SERVICE,NON-LIQUID,1200.0,
2026-08-12T12:20:00+08:00,COLLIE_ESR4,-250.0,93.26,1,ffc3b6f8-4743-4dee-9c73-722259a613ba,IN-SERVICE,NOT APPLICABLE,93.2,0.0
2026-08-12T12:20:00+08:00,COLLIE_ESR4,250.0,131.25,2,ffc3b6f8-4743-4dee-9c73-722259a613ba,IN-SERVICE,NOT APPLICABLE,131.17,0.0
2026-08-12T12:20:00+08:00,COLLIE_ESR5,-250.0,89.5,1,12ef6bd4-d531-4e66-a3ea-85e5cb730d05,IN-SERVICE,NOT APPLICABLE,89.45,0.0
2026-08-12T12:20:00+08:00,COLLIE_ESR5,250.0,124.32,2,12ef6bd4-d531-4e66-a3ea-85e5cb730d05,IN-SERVICE,NOT APPLICABLE,124.25,0.0
2026-08-12T12:25:00+08:00,KWINANA_ESR1,-100.0,89.76,1,7a5a37f2-5fac-47f1-927f-ecee06c2b6fe,IN-SERVICE,NOT APPLICABLE,89.72,0.0
2026-08-12T12:25:00+08:00,KWINANA_ESR1,100.0,124.02,2,7a5a37f2-5fac-47f1-927f-ecee06c2b6fe,IN-SERVICE,NOT APPLICABLE,123.97,0.0
2026-08-12T12:25:00+08:00,COLLIE_ESR1,0.0,-1000.0,1,a16a0a91-0fe0-499d-9ce5-35c48fa4fd33,IN-SERVICE,NON-LIQUID,-999.4,
2026-08-12T12:25:00+08:00,COLLIE_ESR1,-20.0,-42.46,2,a16a0a91-0fe0-499d-9ce5-35c48fa4fd33,IN-SERVICE,NON-LIQUID,-42.43,
2026-08-12T12:25:00+08:00,COLLIE_ESR1,-20.0,-10.0,3,a16a0a91-0fe0-499d-9ce5-35c48fa4fd33,IN-SERVICE,NON-LIQUID,-9.99,
2026-08-12T12:25:00+08:00,COLLIE_ESR1,0.0,34.02,4,a16a0a91-0fe0-499d-9ce5-35c48fa4fd33,IN-SERVICE,NON-LIQUID,34.0,
2026-08-12T12:25:00+08:00,COLLIE_ESR1,-160.0,111.58,5,a16a0a91-0fe0-499d-9ce5-35c48fa4fd33,IN-SERVICE,NON-LIQUID,111.51,
2026-08-12T12:25:00+08:00,COLLIE_ESR1,50.0,250.0,6,a16a0a91-0fe0-499d-9ce5-35c48fa4fd33,IN-SERVICE,NON-LIQUID,249.85,
2026-08-12T12:25:00+08:00,COLLIE_ESR1,100.0,367.0,7,a16a0a91-0fe0-499d-9ce5-35c48fa4fd33,IN-SERVICE,NON-LIQUID,366.78,
2026-08-12T12:25:00+08:00,COLLIE_ESR1,0.0,400.0,8,a16a0a91-0fe0-499d-9ce5-35c48fa4fd33,IN-SERVICE,NON-LIQUID,399.76,
2026-08-12T12:25:00+08:00,COLLIE_ESR1,50.0,622.0,9,a16a0a91-0fe0-499d-9ce5-35c48fa4fd33,IN-SERVICE,NON-LIQUID,621.63,
2026-08-12T12:25:00+08:00,COLLIE_ESR1,0.0,1200.0,10,a16a0a91-0fe0-499d-9ce5-35c48fa4fd33,IN-SERVICE,NON-LIQUID,1199.28,
2026-08-12T12:25:00+08:00,KWINANA_ESR2,-225.0,90.14,1,75d51050-d81b-403d-a0c3-5ef14215a011,IN-SERVICE,NOT APPLICABLE,90.05,0.0
2026-08-12T12:25:00+08:00,KWINANA_ESR2,225.0,144.95,2,75d51050-d81b-403d-a0c3-5ef14215a011,IN-SERVICE,NOT APPLICABLE,144.81,0.0
2026-08-12T12:25:00+08:00,COLLIE_BESS2,0.0,-990.1,1,1a2d4fe7-22a4-4525-a72d-edbcdbfefa31,IN-SERVICE,NON-LIQUID,-1000.0,
2026-08-12T12:25:00+08:00,COLLIE_BESS2,-25.0,-42.46,2,1a2d4fe7-22a4-4525-a72d-edbcdbfefa31,IN-SERVICE,NON-LIQUID,-42.88,
2026-08-12T12:25:00+08:00,COLLIE_BESS2,-25.0,-10.0,3,1a2d4fe7-22a4-4525-a72d-edbcdbfefa31,IN-SERVICE,NON-LIQUID,-10.1,
2026-08-12T12:25:00+08:00,COLLIE_BESS2,0.0,34.02,4,1a2d4fe7-22a4-4525-a72d-edbcdbfefa31,IN-SERVICE,NON-LIQUID,34.36,
2026-08-12T12:25:00+08:00,COLLIE_BESS2,-250.0,111.58,5,1a2d4fe7-22a4-4525-a72d-edbcdbfefa31,IN-SERVICE,NON-LIQUID,112.7,
2026-08-12T12:25:00+08:00,COLLIE_BESS2,75.0,250.0,6,1a2d4fe7-22a4-4525-a72d-edbcdbfefa31,IN-SERVICE,NON-LIQUID,252.5,
2026-08-12T12:25:00+08:00,COLLIE_BESS2,0.0,353.17,7,1a2d4fe7-22a4-4525-a72d-edbcdbfefa31,IN-SERVICE,NON-LIQUID,356.7,
2026-08-12T12:25:00+08:00,COLLIE_BESS2,75.0,367.0,8,1a2d4fe7-22a4-4525-a72d-edbcdbfefa31,IN-SERVICE,NON-LIQUID,370.67,
2026-08-12T12:25:00+08:00,COLLIE_BESS2,150.0,622.0,9,1a2d4fe7-22a4-4525-a72d-edbcdbfefa31,IN-SERVICE,NON-LIQUID,628.22,
2026-08-12T12:25:00+08:00,COLLIE_BESS2,0.0,1188.12,10,1a2d4fe7-22a4-4525-a72d-edbcdbfefa31,IN-SERVICE,NON-LIQUID,1200.0,
2026-08-12T12:25:00+08:00,COLLIE_ESR4,-250.0,93.26,1,ffc3b6f8-4743-4dee-9c73-722259a613ba,IN-SERVICE,NOT APPLICABLE,93.2,0.0
2026-08-12T12:25:00+08:00,COLLIE_ESR4,250.0,141.75,2,ffc3b6f8-4743-4dee-9c73-722259a613ba,IN-SERVICE,NOT APPLICABLE,141.67,0.0
2026-08-12T12:25:00+08:00,COLLIE_ESR5,-250.0,89.5,1,12ef6bd4-d531-4e66-a3ea-85e5cb730d05,IN-SERVICE,NOT APPLICABLE,89.45,0.0
2026-08-12T12:25:00+08:00,COLLIE_ESR5,250.0,124.32,2,12ef6bd4-d531-4e66-a3ea-85e5cb730d05,IN-SERVICE,NOT APPLICABLE,124.25,0.0
2026-08-12T12:30:00+08:00,KWINANA_ESR1,-100.0,89.76,1,7a5a37f2-5fac-47f1-927f-ecee06c2b6fe,IN-SERVICE,NOT APPLICABLE,89.72,0.0
2026-08-12T12:30:00+08:00,KWINANA_ESR1,100.0,124.02,2,7a5a37f2-5fac-47f1-927f-ecee06c2b6fe,IN-SERVICE,NOT APPLICABLE,123.97,0.0
2026-08-12T12:30:00+08:00,COLLIE_ESR1,0.0,-1000.0,1,423778f8-dc97-4fd9-826a-2b5ff7d72a9a,IN-SERVICE,NON-LIQUID,-999.4,
2026-08-12T12:30:00+08:00,COLLIE_ESR1,-29.0,-42.46,2,423778f8-dc97-4fd9-826a-2b5ff7d72a9a,IN-SERVICE,NON-LIQUID,-42.43,
2026-08-12T12:30:00+08:00,COLLIE_ESR1,-29.0,-10.0,3,423778f8-dc97-4fd9-826a-2b5ff7d72a9a,IN-SERVICE,NON-LIQUID,-9.99,
2026-08-12T12:30:00+08:00,COLLIE_ESR1,0.0,34.02,4,423778f8-dc97-4fd9-826a-2b5ff7d72a9a,IN-SERVICE,NON-LIQUID,34.0,
2026-08-12T12:30:00+08:00,COLLIE_ESR1,-142.0,104.65,5,423778f8-dc97-4fd9-826a-2b5ff7d72a9a,IN-SERVICE,NON-LIQUID,104.59,
2026-08-12T12:30:00+08:00,COLLIE_ESR1,50.0,250.0,6,423778f8-dc97-4fd9-826a-2b5ff7d72a9a,IN-SERVICE,NON-LIQUID,249.85,
2026-08-12T12:30:00+08:00,COLLIE_ESR1,100.0,367.0,7,423778f8-dc97-4fd9-826a-2b5ff7d72a9a,IN-SERVICE,NON-LIQUID,366.78,
2026-08-12T12:30:00+08:00,COLLIE_ESR1,0.0,418.08,8,423778f8-dc97-4fd9-826a-2b5ff7d72a9a,IN-SERVICE,NON-LIQUID,417.83,
2026-08-12T12:30:00+08:00,COLLIE_ESR1,50.0,622.0,9,423778f8-dc97-4fd9-826a-2b5ff7d72a9a,IN-SERVICE,NON-LIQUID,621.63,
2026-08-12T12:30:00+08:00,COLLIE_ESR1,0.0,1200.0,10,423778f8-dc97-4fd9-826a-2b5ff7d72a9a,IN-SERVICE,NON-LIQUID,1199.28,
2026-08-12T12:30:00+08:00,KWINANA_ESR2,-225.0,103.79,1,75d51050-d81b-403d-a0c3-5ef14215a011,IN-SERVICE,NOT APPLICABLE,103.69,0.0
2026-08-12T12:30:00+08:00,KWINANA_ESR2,225.0,144.95,2,75d51050-d81b-403d-a0c3-5ef14215a011,IN-SERVICE,NOT APPLICABLE,144.81,0.0
2026-08-12T12:30:00+08:00,COLLIE_BESS2,0.0,-990.1,1,748b440d-d287-4926-9e97-9a557a4c96b8,IN-SERVICE,NON-LIQUID,-1000.0,
2026-08-12T12:30:00+08:00,COLLIE_BESS2,-25.0,-42.46,2,748b440d-d287-4926-9e97-9a557a4c96b8,IN-SERVICE,NON-LIQUID,-42.88,
2026-08-12T12:30:00+08:00,COLLIE_BESS2,-25.0,-10.0,3,748b440d-d287-4926-9e97-9a557a4c96b8,IN-SERVICE,NON-LIQUID,-10.1,
2026-08-12T12:30:00+08:00,COLLIE_BESS2,0.0,34.02,4,748b440d-d287-4926-9e97-9a557a4c96b8,IN-SERVICE,NON-LIQUID,34.36,
2026-08-12T12:30:00+08:00,COLLIE_BESS2,-250.0,104.65,5,748b440d-d287-4926-9e97-9a557a4c96b8,IN-SERVICE,NON-LIQUID,105.7,
2026-08-12T12:30:00+08:00,COLLIE_BESS2,75.0,250.0,6,748b440d-d287-4926-9e97-9a557a4c96b8,IN-SERVICE,NON-LIQUID,252.5,
2026-08-12T12:30:00+08:00,COLLIE_BESS2,75.0,367.0,7,748b440d-d287-4926-9e97-9a557a4c96b8,IN-SERVICE,NON-LIQUID,370.67,
2026-08-12T12:30:00+08:00,COLLIE_BESS2,0.0,418.08,8,748b440d-d287-4926-9e97-9a557a4c96b8,IN-SERVICE,NON-LIQUID,422.26,
2026-08-12T12:30:00+08:00,COLLIE_BESS2,150.0,622.0,9,748b440d-d287-4926-9e97-9a557a4c96b8,IN-SERVICE,NON-LIQUID,628.22,
2026-08-12T12:30:00+08:00,COLLIE_BESS2,0.0,1188.12,10,748b440d-d287-4926-9e97-9a557a4c96b8,IN-SERVICE,NON-LIQUID,1200.0,
2026-08-12T12:30:00+08:00,COLLIE_ESR4,-250.0,93.26,1,ffc3b6f8-4743-4dee-9c73-722259a613ba,IN-SERVICE,NOT APPLICABLE,93.2,0.0
2026-08-12T12:30:00+08:00,COLLIE_ESR4,250.0,141.75,2,ffc3b6f8-4743-4dee-9c73-722259a613ba,IN-SERVICE,NOT APPLICABLE,141.67,0.0
2026-08-12T12:30:00+08:00,COLLIE_ESR5,-250.0,89.5,1,12ef6bd4-d531-4e66-a3ea-85e5cb730d05,IN-SERVICE,NOT APPLICABLE,89.45,0.0
2026-08-12T12:30:00+08:00,COLLIE_ESR5,250.0,124.32,2,12ef6bd4-d531-4e66-a3ea-85e5cb730d05,IN-SERVICE,NOT APPLICABLE,124.25,0.0
2026-08-12T12:35:00+08:00,KWINANA_ESR1,-100.0,93.51,1,b8c47c4f-dccf-48fd-9733-13d6b46740b9,IN-SERVICE,NOT APPLICABLE,93.47,0.0
2026-08-12T12:35:00+08:00,KWINANA_ESR1,100.0,127.79,2,b8c47c4f-dccf-48fd-9733-13d6b46740b9,IN-SERVICE,NOT APPLICABLE,127.74,0.0
2026-08-12T12:35:00+08:00,COLLIE_ESR1,0.0,-1000.0,1,1ea80b0f-fac1-4672-bb01-e7dce9e39d35,IN-SERVICE,NON-LIQUID,-999.4,
2026-08-12T12:35:00+08:00,COLLIE_ESR1,-28.0,-42.46,2,1ea80b0f-fac1-4672-bb01-e7dce9e39d35,IN-SERVICE,NON-LIQUID,-42.43,
2026-08-12T12:35:00+08:00,COLLIE_ESR1,-28.0,-10.0,3,1ea80b0f-fac1-4672-bb01-e7dce9e39d35,IN-SERVICE,NON-LIQUID,-9.99,
2026-08-12T12:35:00+08:00,COLLIE_ESR1,0.0,34.02,4,1ea80b0f-fac1-4672-bb01-e7dce9e39d35,IN-SERVICE,NON-LIQUID,34.0,
2026-08-12T12:35:00+08:00,COLLIE_ESR1,-144.0,105.0,5,1ea80b0f-fac1-4672-bb01-e7dce9e39d35,IN-SERVICE,NON-LIQUID,104.94,
2026-08-12T12:35:00+08:00,COLLIE_ESR1,50.0,250.0,6,1ea80b0f-fac1-4672-bb01-e7dce9e39d35,IN-SERVICE,NON-LIQUID,249.85,
2026-08-12T12:35:00+08:00,COLLIE_ESR1,100.0,367.0,7,1ea80b0f-fac1-4672-bb01-e7dce9e39d35,IN-SERVICE,NON-LIQUID,366.78,
2026-08-12T12:35:00+08:00,COLLIE_ESR1,0.0,418.08,8,1ea80b0f-fac1-4672-bb01-e7dce9e39d35,IN-SERVICE,NON-LIQUID,417.83,
2026-08-12T12:35:00+08:00,COLLIE_ESR1,50.0,622.0,9,1ea80b0f-fac1-4672-bb01-e7dce9e39d35,IN-SERVICE,NON-LIQUID,621.63,
2026-08-12T12:35:00+08:00,COLLIE_ESR1,0.0,1200.0,10,1ea80b0f-fac1-4672-bb01-e7dce9e39d35,IN-SERVICE,NON-LIQUID,1199.28,
2026-08-12T12:35:00+08:00,KWINANA_ESR2,-225.0,90.14,1,8aa366ba-d751-4f91-98db-3e255a83322d,IN-SERVICE,NOT APPLICABLE,90.05,0.0
2026-08-12T12:35:00+08:00,KWINANA_ESR2,225.0,132.2,2,8aa366ba-d751-4f91-98db-3e255a83322d,IN-SERVICE,NOT APPLICABLE,132.07,0.0
2026-08-12T12:35:00+08:00,COLLIE_BESS2,0.0,-990.1,1,dde42778-14b3-455d-8527-9676110a6876,IN-SERVICE,NON-LIQUID,-1000.0,
2026-08-12T12:35:00+08:00,COLLIE_BESS2,-25.0,-42.46,2,dde42778-14b3-455d-8527-9676110a6876,IN-SERVICE,NON-LIQUID,-42.88,
2026-08-12T12:35:00+08:00,COLLIE_BESS2,-25.0,-10.0,3,dde42778-14b3-455d-8527-9676110a6876,IN-SERVICE,NON-LIQUID,-10.1,
2026-08-12T12:35:00+08:00,COLLIE_BESS2,0.0,34.02,4,dde42778-14b3-455d-8527-9676110a6876,IN-SERVICE,NON-LIQUID,34.36,
2026-08-12T12:35:00+08:00,COLLIE_BESS2,-250.0,105.0,5,dde42778-14b3-455d-8527-9676110a6876,IN-SERVICE,NON-LIQUID,106.05,
2026-08-12T12:35:00+08:00,COLLIE_BESS2,75.0,250.0,6,dde42778-14b3-455d-8527-9676110a6876,IN-SERVICE,NON-LIQUID,252.5,
2026-08-12T12:35:00+08:00,COLLIE_BESS2,75.0,367.0,7,dde42778-14b3-455d-8527-9676110a6876,IN-SERVICE,NON-LIQUID,370.67,
2026-08-12T12:35:00+08:00,COLLIE_BESS2,0.0,418.08,8,dde42778-14b3-455d-8527-9676110a6876,IN-SERVICE,NON-LIQUID,422.26,
2026-08-12T12:35:00+08:00,COLLIE_BESS2,150.0,622.0,9,dde42778-14b3-455d-8527-9676110a6876,IN-SERVICE,NON-LIQUID,628.22,
2026-08-12T12:35:00+08:00,COLLIE_BESS2,0.0,1188.12,10,dde42778-14b3-455d-8527-9676110a6876,IN-SERVICE,NON-LIQUID,1200.0,
2026-08-12T12:35:00+08:00,COLLIE_ESR4,-250.0,93.26,1,892d3079-2143-44b7-aa35-86b8fd2324fe,IN-SERVICE,NOT APPLICABLE,93.2,0.0
2026-08-12T12:35:00+08:00,COLLIE_ESR4,250.0,129.0,2,892d3079-2143-44b7-aa35-86b8fd2324fe,IN-SERVICE,NOT APPLICABLE,128.92,0.0
2026-08-12T12:35:00+08:00,COLLIE_ESR5,-250.0,93.28,1,4e1c500e-5221-4c4b-8815-0a3a9b048283,IN-SERVICE,NOT APPLICABLE,93.22,0.0
2026-08-12T12:35:00+08:00,COLLIE_ESR5,250.0,128.08,2,4e1c500e-5221-4c4b-8815-0a3a9b048283,IN-SERVICE,NOT APPLICABLE,128.0,0.0
2026-08-12T12:40:00+08:00,KWINANA_ESR1,-100.0,93.51,1,b8c47c4f-dccf-48fd-9733-13d6b46740b9,IN-SERVICE,NOT APPLICABLE,93.47,0.0
2026-08-12T12:40:00+08:00,KWINANA_ESR1,100.0,127.79,2,b8c47c4f-dccf-48fd-9733-13d6b46740b9,IN-SERVICE,NOT APPLICABLE,127.74,0.0
2026-08-12T12:40:00+08:00,COLLIE_ESR1,0.0,-1000.0,1,60c6ecfa-6345-4070-a926-78407bc2f812,IN-SERVICE,NON-LIQUID,-999.4,
2026-08-12T12:40:00+08:00,COLLIE_ESR1,-28.0,-42.46,2,60c6ecfa-6345-4070-a926-78407bc2f812,IN-SERVICE,NON-LIQUID,-42.43,
2026-08-12T12:40:00+08:00,COLLIE_ESR1,-28.0,-10.0,3,60c6ecfa-6345-4070-a926-78407bc2f812,IN-SERVICE,NON-LIQUID,-9.99,
2026-08-12T12:40:00+08:00,COLLIE_ESR1,0.0,34.02,4,60c6ecfa-6345-4070-a926-78407bc2f812,IN-SERVICE,NON-LIQUID,34.0,
2026-08-12T12:40:00+08:00,COLLIE_ESR1,-144.0,104.57,5,60c6ecfa-6345-4070-a926-78407bc2f812,IN-SERVICE,NON-LIQUID,104.51,
2026-08-12T12:40:00+08:00,COLLIE_ESR1,50.0,250.0,6,60c6ecfa-6345-4070-a926-78407bc2f812,IN-SERVICE,NON-LIQUID,249.85,
2026-08-12T12:40:00+08:00,COLLIE_ESR1,100.0,367.0,7,60c6ecfa-6345-4070-a926-78407bc2f812,IN-SERVICE,NON-LIQUID,366.78,
2026-08-12T12:40:00+08:00,COLLIE_ESR1,0.0,418.08,8,60c6ecfa-6345-4070-a926-78407bc2f812,IN-SERVICE,NON-LIQUID,417.83,
2026-08-12T12:40:00+08:00,COLLIE_ESR1,50.0,622.0,9,60c6ecfa-6345-4070-a926-78407bc2f812,IN-SERVICE,NON-LIQUID,621.63,
2026-08-12T12:40:00+08:00,COLLIE_ESR1,0.0,1200.0,10,60c6ecfa-6345-4070-a926-78407bc2f812,IN-SERVICE,NON-LIQUID,1199.28,
2026-08-12T12:40:00+08:00,KWINANA_ESR2,-225.0,90.14,1,8aa366ba-d751-4f91-98db-3e255a83322d,IN-SERVICE,NOT APPLICABLE,90.05,0.0
2026-08-12T12:40:00+08:00,KWINANA_ESR2,225.0,132.2,2,8aa366ba-d751-4f91-98db-3e255a83322d,IN-SERVICE,NOT APPLICABLE,132.07,0.0
2026-08-12T12:40:00+08:00,COLLIE_BESS2,0.0,-990.1,1,e238fc1f-a0e9-4eb5-aea4-282ec8bc86fd,IN-SERVICE,NON-LIQUID,-1000.0,
2026-08-12T12:40:00+08:00,COLLIE_BESS2,-47.0,-42.46,2,e238fc1f-a0e9-4eb5-aea4-282ec8bc86fd,IN-SERVICE,NON-LIQUID,-42.88,
2026-08-12T12:40:00+08:00,COLLIE_BESS2,-47.0,-10.0,3,e238fc1f-a0e9-4eb5-aea4-282ec8bc86fd,IN-SERVICE,NON-LIQUID,-10.1,
2026-08-12T12:40:00+08:00,COLLIE_BESS2,0.0,34.02,4,e238fc1f-a0e9-4eb5-aea4-282ec8bc86fd,IN-SERVICE,NON-LIQUID,34.36,
2026-08-12T12:40:00+08:00,COLLIE_BESS2,-206.0,104.57,5,e238fc1f-a0e9-4eb5-aea4-282ec8bc86fd,IN-SERVICE,NON-LIQUID,105.62,
2026-08-12T12:40:00+08:00,COLLIE_BESS2,75.0,250.0,6,e238fc1f-a0e9-4eb5-aea4-282ec8bc86fd,IN-SERVICE,NON-LIQUID,252.5,
2026-08-12T12:40:00+08:00,COLLIE_BESS2,75.0,367.0,7,e238fc1f-a0e9-4eb5-aea4-282ec8bc86fd,IN-SERVICE,NON-LIQUID,370.67,
2026-08-12T12:40:00+08:00,COLLIE_BESS2,0.0,418.08,8,e238fc1f-a0e9-4eb5-aea4-282ec8bc86fd,IN-SERVICE,NON-LIQUID,422.26,
2026-08-12T12:40:00+08:00,COLLIE_BESS2,150.0,622.0,9,e238fc1f-a0e9-4eb5-aea4-282ec8bc86fd,IN-SERVICE,NON-LIQUID,628.22,
2026-08-12T12:40:00+08:00,COLLIE_BESS2,0.0,1188.12,10,e238fc1f-a0e9-4eb5-aea4-282ec8bc86fd,IN-SERVICE,NON-LIQUID,1200.0,
2026-08-12T12:40:00+08:00,COLLIE_ESR4,-250.0,93.26,1,892d3079-2143-44b7-aa35-86b8fd2324fe,IN-SERVICE,NOT APPLICABLE,93.2,0.0
2026-08-12T12:40:00+08:00,COLLIE_ESR4,250.0,129.0,2,892d3079-2143-44b7-aa35-86b8fd2324fe,IN-SERVICE,NOT APPLICABLE,128.92,0.0
2026-08-12T12:40:00+08:00,COLLIE_ESR5,-250.0,93.28,1,4e1c500e-5221-4c4b-8815-0a3a9b048283,IN-SERVICE,NOT APPLICABLE,93.22,0.0
2026-08-12T12:40:00+08:00,COLLIE_ESR5,250.0,128.98,2,4e1c500e-5221-4c4b-8815-0a3a9b048283,IN-SERVICE,NOT APPLICABLE,128.9,0.0
2026-08-12T12:45:00+08:00,KWINANA_ESR1,-100.0,93.51,1,b8c47c4f-dccf-48fd-9733-13d6b46740b9,IN-SERVICE,NOT APPLICABLE,93.47,0.0
2026-08-12T12:45:00+08:00,KWINANA_ESR1,100.0,127.79,2,b8c47c4f-dccf-48fd-9733-13d6b46740b9,IN-SERVICE,NOT APPLICABLE,127.74,0.0
2026-08-12T12:45:00+08:00,COLLIE_ESR1,0.0,-1000.0,1,06a5b914-2bf0-4c0e-bc48-b891d9ade652,IN-SERVICE,NON-LIQUID,-999.4,
2026-08-12T12:45:00+08:00,COLLIE_ESR1,-28.0,-42.46,2,06a5b914-2bf0-4c0e-bc48-b891d9ade652,IN-SERVICE,NON-LIQUID,-42.43,
2026-08-12T12:45:00+08:00,COLLIE_ESR1,-28.0,-10.0,3,06a5b914-2bf0-4c0e-bc48-b891d9ade652,IN-SERVICE,NON-LIQUID,-9.99,
2026-08-12T12:45:00+08:00,COLLIE_ESR1,0.0,34.02,4,06a5b914-2bf0-4c0e-bc48-b891d9ade652,IN-SERVICE,NON-LIQUID,34.0,
2026-08-12T12:45:00+08:00,COLLIE_ESR1,-144.0,98.45,5,06a5b914-2bf0-4c0e-bc48-b891d9ade652,IN-SERVICE,NON-LIQUID,98.39,
2026-08-12T12:45:00+08:00,COLLIE_ESR1,50.0,250.0,6,06a5b914-2bf0-4c0e-bc48-b891d9ade652,IN-SERVICE,NON-LIQUID,249.85,
2026-08-12T12:45:00+08:00,COLLIE_ESR1,100.0,367.0,7,06a5b914-2bf0-4c0e-bc48-b891d9ade652,IN-SERVICE,NON-LIQUID,366.78,
2026-08-12T12:45:00+08:00,COLLIE_ESR1,0.0,418.08,8,06a5b914-2bf0-4c0e-bc48-b891d9ade652,IN-SERVICE,NON-LIQUID,417.83,
2026-08-12T12:45:00+08:00,COLLIE_ESR1,50.0,622.0,9,06a5b914-2bf0-4c0e-bc48-b891d9ade652,IN-SERVICE,NON-LIQUID,621.63,
2026-08-12T12:45:00+08:00,COLLIE_ESR1,0.0,1200.0,10,06a5b914-2bf0-4c0e-bc48-b891d9ade652,IN-SERVICE,NON-LIQUID,1199.28,
2026-08-12T12:45:00+08:00,KWINANA_ESR2,-225.0,90.14,1,8aa366ba-d751-4f91-98db-3e255a83322d,IN-SERVICE,NOT APPLICABLE,90.05,0.0
2026-08-12T12:45:00+08:00,KWINANA_ESR2,225.0,132.2,2,8aa366ba-d751-4f91-98db-3e255a83322d,IN-SERVICE,NOT APPLICABLE,132.07,0.0
2026-08-12T12:45:00+08:00,COLLIE_BESS2,0.0,-990.1,1,bf598d1b-2dec-4530-b74e-3247368a9700,IN-SERVICE,NON-LIQUID,-1000.0,
2026-08-12T12:45:00+08:00,COLLIE_BESS2,-25.0,-42.46,2,bf598d1b-2dec-4530-b74e-3247368a9700,IN-SERVICE,NON-LIQUID,-42.88,
2026-08-12T12:45:00+08:00,COLLIE_BESS2,-25.0,-10.0,3,bf598d1b-2dec-4530-b74e-3247368a9700,IN-SERVICE,NON-LIQUID,-10.1,
2026-08-12T12:45:00+08:00,COLLIE_BESS2,0.0,34.02,4,bf598d1b-2dec-4530-b74e-3247368a9700,IN-SERVICE,NON-LIQUID,34.36,
2026-08-12T12:45:00+08:00,COLLIE_BESS2,-250.0,98.45,5,bf598d1b-2dec-4530-b74e-3247368a9700,IN-SERVICE,NON-LIQUID,99.43,
2026-08-12T12:45:00+08:00,COLLIE_BESS2,75.0,250.0,6,bf598d1b-2dec-4530-b74e-3247368a9700,IN-SERVICE,NON-LIQUID,252.5,
2026-08-12T12:45:00+08:00,COLLIE_BESS2,75.0,367.0,7,bf598d1b-2dec-4530-b74e-3247368a9700,IN-SERVICE,NON-LIQUID,370.67,
2026-08-12T12:45:00+08:00,COLLIE_BESS2,0.0,418.08,8,bf598d1b-2dec-4530-b74e-3247368a9700,IN-SERVICE,NON-LIQUID,422.26,
2026-08-12T12:45:00+08:00,COLLIE_BESS2,150.0,622.0,9,bf598d1b-2dec-4530-b74e-3247368a9700,IN-SERVICE,NON-LIQUID,628.22,
2026-08-12T12:45:00+08:00,COLLIE_BESS2,0.0,1188.12,10,bf598d1b-2dec-4530-b74e-3247368a9700,IN-SERVICE,NON-LIQUID,1200.0,
2026-08-12T12:45:00+08:00,COLLIE_ESR4,-250.0,93.26,1,892d3079-2143-44b7-aa35-86b8fd2324fe,IN-SERVICE,NOT APPLICABLE,93.2,0.0
2026-08-12T12:45:00+08:00,COLLIE_ESR4,250.0,129.0,2,892d3079-2143-44b7-aa35-86b8fd2324fe,IN-SERVICE,NOT APPLICABLE,128.92,0.0
2026-08-12T12:45:00+08:00,COLLIE_ESR5,-250.0,93.28,1,4e1c500e-5221-4c4b-8815-0a3a9b048283,IN-SERVICE,NOT APPLICABLE,93.22,0.0
2026-08-12T12:45:00+08:00,COLLIE_ESR5,250.0,128.98,2,4e1c500e-5221-4c4b-8815-0a3a9b048283,IN-SERVICE,NOT APPLICABLE,128.9,0.0
2026-08-12T12:50:00+08:00,KWINANA_ESR1,-100.0,84.46,1,a09ff02f-a4cf-4130-adef-3290268744c5,IN-SERVICE,NOT APPLICABLE,84.43,0.0
2026-08-12T12:50:00+08:00,KWINANA_ESR1,100.0,118.74,2,a09ff02f-a4cf-4130-adef-3290268744c5,IN-SERVICE,NOT APPLICABLE,118.69,0.0
2026-08-12T12:50:00+08:00,COLLIE_ESR1,0.0,-1000.0,1,c79f2e6b-45ba-4ea9-88cd-88a4ea88b514,IN-SERVICE,NON-LIQUID,-999.4,
2026-08-12T12:50:00+08:00,COLLIE_ESR1,-28.0,-42.46,2,c79f2e6b-45ba-4ea9-88cd-88a4ea88b514,IN-SERVICE,NON-LIQUID,-42.43,
2026-08-12T12:50:00+08:00,COLLIE_ESR1,-28.0,-10.0,3,c79f2e6b-45ba-4ea9-88cd-88a4ea88b514,IN-SERVICE,NON-LIQUID,-9.99,
2026-08-12T12:50:00+08:00,COLLIE_ESR1,0.0,34.02,4,c79f2e6b-45ba-4ea9-88cd-88a4ea88b514,IN-SERVICE,NON-LIQUID,34.0,
2026-08-12T12:50:00+08:00,COLLIE_ESR1,-144.0,99.16,5,c79f2e6b-45ba-4ea9-88cd-88a4ea88b514,IN-SERVICE,NON-LIQUID,99.1,
2026-08-12T12:50:00+08:00,COLLIE_ESR1,50.0,250.0,6,c79f2e6b-45ba-4ea9-88cd-88a4ea88b514,IN-SERVICE,NON-LIQUID,249.85,
2026-08-12T12:50:00+08:00,COLLIE_ESR1,100.0,367.0,7,c79f2e6b-45ba-4ea9-88cd-88a4ea88b514,IN-SERVICE,NON-LIQUID,366.78,
2026-08-12T12:50:00+08:00,COLLIE_ESR1,0.0,418.08,8,c79f2e6b-45ba-4ea9-88cd-88a4ea88b514,IN-SERVICE,NON-LIQUID,417.83,
2026-08-12T12:50:00+08:00,COLLIE_ESR1,50.0,622.0,9,c79f2e6b-45ba-4ea9-88cd-88a4ea88b514,IN-SERVICE,NON-LIQUID,621.63,
2026-08-12T12:50:00+08:00,COLLIE_ESR1,0.0,1200.0,10,c79f2e6b-45ba-4ea9-88cd-88a4ea88b514,IN-SERVICE,NON-LIQUID,1199.28,
2026-08-12T12:50:00+08:00,KWINANA_ESR2,-225.0,91.41,1,d2a4c999-6dcd-4da0-86a0-919a858de414,IN-SERVICE,NOT APPLICABLE,91.32,0.0
2026-08-12T12:50:00+08:00,KWINANA_ESR2,225.0,162.93,2,d2a4c999-6dcd-4da0-86a0-919a858de414,IN-SERVICE,NOT APPLICABLE,162.77,0.0
2026-08-12T12:50:00+08:00,COLLIE_BESS2,0.0,-990.1,1,8938c72f-54a1-4572-8dd1-8b408d3af4fa,IN-SERVICE,NON-LIQUID,-1000.0,
2026-08-12T12:50:00+08:00,COLLIE_BESS2,-25.0,-42.46,2,8938c72f-54a1-4572-8dd1-8b408d3af4fa,IN-SERVICE,NON-LIQUID,-42.88,
2026-08-12T12:50:00+08:00,COLLIE_BESS2,-25.0,-10.0,3,8938c72f-54a1-4572-8dd1-8b408d3af4fa,IN-SERVICE,NON-LIQUID,-10.1,
2026-08-12T12:50:00+08:00,COLLIE_BESS2,0.0,34.02,4,8938c72f-54a1-4572-8dd1-8b408d3af4fa,IN-SERVICE,NON-LIQUID,34.36,
2026-08-12T12:50:00+08:00,COLLIE_BESS2,-250.0,99.16,5,8938c72f-54a1-4572-8dd1-8b408d3af4fa,IN-SERVICE,NON-LIQUID,100.15,
2026-08-12T12:50:00+08:00,COLLIE_BESS2,75.0,250.0,6,8938c72f-54a1-4572-8dd1-8b408d3af4fa,IN-SERVICE,NON-LIQUID,252.5,
2026-08-12T12:50:00+08:00,COLLIE_BESS2,75.0,367.0,7,8938c72f-54a1-4572-8dd1-8b408d3af4fa,IN-SERVICE,NON-LIQUID,370.67,
2026-08-12T12:50:00+08:00,COLLIE_BESS2,0.0,418.08,8,8938c72f-54a1-4572-8dd1-8b408d3af4fa,IN-SERVICE,NON-LIQUID,422.26,
2026-08-12T12:50:00+08:00,COLLIE_BESS2,150.0,622.0,9,8938c72f-54a1-4572-8dd1-8b408d3af4fa,IN-SERVICE,NON-LIQUID,628.22,
2026-08-12T12:50:00+08:00,COLLIE_BESS2,0.0,1188.12,10,8938c72f-54a1-4572-8dd1-8b408d3af4fa,IN-SERVICE,NON-LIQUID,1200.0,
2026-08-12T12:50:00+08:00,COLLIE_ESR4,-250.0,91.69,1,b1c8bb27-69f8-4af9-8569-5975b5fb729a,IN-SERVICE,NOT APPLICABLE,91.64,0.0
2026-08-12T12:50:00+08:00,COLLIE_ESR4,250.0,129.37,2,b1c8bb27-69f8-4af9-8569-5975b5fb729a,IN-SERVICE,NOT APPLICABLE,129.29,0.0
2026-08-12T12:50:00+08:00,COLLIE_ESR5,-250.0,91.71,1,f8d29806-4fc9-4061-8597-235e3f77e101,IN-SERVICE,NOT APPLICABLE,91.66,0.0
2026-08-12T12:50:00+08:00,COLLIE_ESR5,250.0,126.52,2,f8d29806-4fc9-4061-8597-235e3f77e101,IN-SERVICE,NOT APPLICABLE,126.44,0.0
2026-08-12T12:55:00+08:00,KWINANA_ESR1,-100.0,84.46,1,a09ff02f-a4cf-4130-adef-3290268744c5,IN-SERVICE,NOT APPLICABLE,84.43,0.0
2026-08-12T12:55:00+08:00,KWINANA_ESR1,100.0,118.74,2,a09ff02f-a4cf-4130-adef-3290268744c5,IN-SERVICE,NOT APPLICABLE,118.69,0.0
2026-08-12T12:55:00+08:00,COLLIE_ESR1,0.0,-1000.0,1,e8e48ec6-3d2b-40f8-9c21-6d93c452ad99,IN-SERVICE,NON-LIQUID,-999.4,
2026-08-12T12:55:00+08:00,COLLIE_ESR1,-28.0,-42.46,2,e8e48ec6-3d2b-40f8-9c21-6d93c452ad99,IN-SERVICE,NON-LIQUID,-42.43,
2026-08-12T12:55:00+08:00,COLLIE_ESR1,-28.0,-10.0,3,e8e48ec6-3d2b-40f8-9c21-6d93c452ad99,IN-SERVICE,NON-LIQUID,-9.99,
2026-08-12T12:55:00+08:00,COLLIE_ESR1,0.0,34.02,4,e8e48ec6-3d2b-40f8-9c21-6d93c452ad99,IN-SERVICE,NON-LIQUID,34.0,
2026-08-12T12:55:00+08:00,COLLIE_ESR1,-144.0,98.97,5,e8e48ec6-3d2b-40f8-9c21-6d93c452ad99,IN-SERVICE,NON-LIQUID,98.91,
2026-08-12T12:55:00+08:00,COLLIE_ESR1,50.0,250.0,6,e8e48ec6-3d2b-40f8-9c21-6d93c452ad99,IN-SERVICE,NON-LIQUID,249.85,
2026-08-12T12:55:00+08:00,COLLIE_ESR1,100.0,367.0,7,e8e48ec6-3d2b-40f8-9c21-6d93c452ad99,IN-SERVICE,NON-LIQUID,366.78,
2026-08-12T12:55:00+08:00,COLLIE_ESR1,0.0,418.08,8,e8e48ec6-3d2b-40f8-9c21-6d93c452ad99,IN-SERVICE,NON-LIQUID,417.83,
2026-08-12T12:55:00+08:00,COLLIE_ESR1,50.0,622.0,9,e8e48ec6-3d2b-40f8-9c21-6d93c452ad99,IN-SERVICE,NON-LIQUID,621.63,
2026-08-12T12:55:00+08:00,COLLIE_ESR1,0.0,1200.0,10,e8e48ec6-3d2b-40f8-9c21-6d93c452ad99,IN-SERVICE,NON-LIQUID,1199.28,
2026-08-12T12:55:00+08:00,KWINANA_ESR2,-225.0,91.41,1,d2a4c999-6dcd-4da0-86a0-919a858de414,IN-SERVICE,NOT APPLICABLE,91.32,0.0
2026-08-12T12:55:00+08:00,KWINANA_ESR2,225.0,162.93,2,d2a4c999-6dcd-4da0-86a0-919a858de414,IN-SERVICE,NOT APPLICABLE,162.77,0.0
2026-08-12T12:55:00+08:00,COLLIE_BESS2,0.0,-990.1,1,9c3073f1-557e-47d9-be9e-f4f6890945bf,IN-SERVICE,NON-LIQUID,-1000.0,
2026-08-12T12:55:00+08:00,COLLIE_BESS2,-25.0,-42.46,2,9c3073f1-557e-47d9-be9e-f4f6890945bf,IN-SERVICE,NON-LIQUID,-42.88,
2026-08-12T12:55:00+08:00,COLLIE_BESS2,-25.0,-10.0,3,9c3073f1-557e-47d9-be9e-f4f6890945bf,IN-SERVICE,NON-LIQUID,-10.1,
2026-08-12T12:55:00+08:00,COLLIE_BESS2,0.0,34.02,4,9c3073f1-557e-47d9-be9e-f4f6890945bf,IN-SERVICE,NON-LIQUID,34.36,
2026-08-12T12:55:00+08:00,COLLIE_BESS2,-250.0,98.97,5,9c3073f1-557e-47d9-be9e-f4f6890945bf,IN-SERVICE,NON-LIQUID,99.96,
2026-08-12T12:55:00+08:00,COLLIE_BESS2,75.0,250.0,6,9c3073f1-557e-47d9-be9e-f4f6890945bf,IN-SERVICE,NON-LIQUID,252.5,
2026-08-12T12:55:00+08:00,COLLIE_BESS2,75.0,367.0,7,9c3073f1-557e-47d9-be9e-f4f6890945bf,IN-SERVICE,NON-LIQUID,370.67,
2026-08-12T12:55:00+08:00,COLLIE_BESS2,0.0,418.08,8,9c3073f1-557e-47d9-be9e-f4f6890945bf,IN-SERVICE,NON-LIQUID,422.26,
2026-08-12T12:55:00+08:00,COLLIE_BESS2,150.0,622.0,9,9c3073f1-557e-47d9-be9e-f4f6890945bf,IN-SERVICE,NON-LIQUID,628.22,
2026-08-12T12:55:00+08:00,COLLIE_BESS2,0.0,1188.12,10,9c3073f1-557e-47d9-be9e-f4f6890945bf,IN-SERVICE,NON-LIQUID,1200.0,
2026-08-12T12:55:00+08:00,COLLIE_ESR4,-250.0,91.69,1,b1c8bb27-69f8-4af9-8569-5975b5fb729a,IN-SERVICE,NOT APPLICABLE,91.64,0.0
2026-08-12T12:55:00+08:00,COLLIE_ESR4,250.0,159.72,2,b1c8bb27-69f8-4af9-8569-5975b5fb729a,IN-SERVICE,NOT APPLICABLE,159.62,0.0
2026-08-12T12:55:00+08:00,COLLIE_ESR5,-250.0,91.71,1,f8d29806-4fc9-4061-8597-235e3f77e101,IN-SERVICE,NOT APPLICABLE,91.66,0.0
2026-08-12T12:55:00+08:00,COLLIE_ESR5,250.0,126.52,2,f8d29806-4fc9-4061-8597-235e3f77e101,IN-SERVICE,NOT APPLICABLE,126.44,0.0
2026-08-12T13:00:00+08:00,KWINANA_ESR1,-100.0,84.46,1,a09ff02f-a4cf-4130-adef-3290268744c5,IN-SERVICE,NOT APPLICABLE,84.43,0.0
2026-08-12T13:00:00+08:00,KWINANA_ESR1,100.0,118.74,2,a09ff02f-a4cf-4130-adef-3290268744c5,IN-SERVICE,NOT APPLICABLE,118.69,0.0
2026-08-12T13:00:00+08:00,COLLIE_ESR1,0.0,-1000.0,1,26b89877-991e-4977-bcae-3ab67bc24f61,IN-SERVICE,NON-LIQUID,-999.4,
2026-08-12T13:00:00+08:00,COLLIE_ESR1,-28.0,-42.46,2,26b89877-991e-4977-bcae-3ab67bc24f61,IN-SERVICE,NON-LIQUID,-42.43,
2026-08-12T13:00:00+08:00,COLLIE_ESR1,-28.0,-10.0,3,26b89877-991e-4977-bcae-3ab67bc24f61,IN-SERVICE,NON-LIQUID,-9.99,
2026-08-12T13:00:00+08:00,COLLIE_ESR1,0.0,34.02,4,26b89877-991e-4977-bcae-3ab67bc24f61,IN-SERVICE,NON-LIQUID,34.0,
2026-08-12T13:00:00+08:00,COLLIE_ESR1,-144.0,107.04,5,26b89877-991e-4977-bcae-3ab67bc24f61,IN-SERVICE,NON-LIQUID,106.98,
2026-08-12T13:00:00+08:00,COLLIE_ESR1,50.0,250.0,6,26b89877-991e-4977-bcae-3ab67bc24f61,IN-SERVICE,NON-LIQUID,249.85,
2026-08-12T13:00:00+08:00,COLLIE_ESR1,100.0,367.0,7,26b89877-991e-4977-bcae-3ab67bc24f61,IN-SERVICE,NON-LIQUID,366.78,
2026-08-12T13:00:00+08:00,COLLIE_ESR1,0.0,400.0,8,26b89877-991e-4977-bcae-3ab67bc24f61,IN-SERVICE,NON-LIQUID,399.76,
2026-08-12T13:00:00+08:00,COLLIE_ESR1,50.0,622.0,9,26b89877-991e-4977-bcae-3ab67bc24f61,IN-SERVICE,NON-LIQUID,621.63,
2026-08-12T13:00:00+08:00,COLLIE_ESR1,0.0,1200.0,10,26b89877-991e-4977-bcae-3ab67bc24f61,IN-SERVICE,NON-LIQUID,1199.28,
2026-08-12T13:00:00+08:00,KWINANA_ESR2,-225.0,121.77,1,d2a4c999-6dcd-4da0-86a0-919a858de414,IN-SERVICE,NOT APPLICABLE,121.65,0.0
2026-08-12T13:00:00+08:00,KWINANA_ESR2,225.0,170.68,2,d2a4c999-6dcd-4da0-86a0-919a858de414,IN-SERVICE,NOT APPLICABLE,170.51,0.0
2026-08-12T13:00:00+08:00,COLLIE_BESS2,0.0,-990.1,1,1e0d12cb-99cc-46eb-948e-908bcf784ca4,IN-SERVICE,NON-LIQUID,-1000.0,
2026-08-12T13:00:00+08:00,COLLIE_BESS2,-47.0,-42.46,2,1e0d12cb-99cc-46eb-948e-908bcf784ca4,IN-SERVICE,NON-LIQUID,-42.88,
2026-08-12T13:00:00+08:00,COLLIE_BESS2,-47.0,-10.0,3,1e0d12cb-99cc-46eb-948e-908bcf784ca4,IN-SERVICE,NON-LIQUID,-10.1,
2026-08-12T13:00:00+08:00,COLLIE_BESS2,0.0,34.02,4,1e0d12cb-99cc-46eb-948e-908bcf784ca4,IN-SERVICE,NON-LIQUID,34.36,
2026-08-12T13:00:00+08:00,COLLIE_BESS2,-206.0,105.0,5,1e0d12cb-99cc-46eb-948e-908bcf784ca4,IN-SERVICE,NON-LIQUID,106.05,
2026-08-12T13:00:00+08:00,COLLIE_BESS2,75.0,250.0,6,1e0d12cb-99cc-46eb-948e-908bcf784ca4,IN-SERVICE,NON-LIQUID,252.5,
2026-08-12T13:00:00+08:00,COLLIE_BESS2,75.0,367.0,7,1e0d12cb-99cc-46eb-948e-908bcf784ca4,IN-SERVICE,NON-LIQUID,370.67,
2026-08-12T13:00:00+08:00,COLLIE_BESS2,0.0,388.18,8,1e0d12cb-99cc-46eb-948e-908bcf784ca4,IN-SERVICE,NON-LIQUID,392.06,
2026-08-12T13:00:00+08:00,COLLIE_BESS2,150.0,622.0,9,1e0d12cb-99cc-46eb-948e-908bcf784ca4,IN-SERVICE,NON-LIQUID,628.22,
2026-08-12T13:00:00+08:00,COLLIE_BESS2,0.0,1188.12,10,1e0d12cb-99cc-46eb-948e-908bcf784ca4,IN-SERVICE,NON-LIQUID,1200.0,
2026-08-12T13:00:00+08:00,COLLIE_ESR4,-250.0,91.69,1,b1c8bb27-69f8-4af9-8569-5975b5fb729a,IN-SERVICE,NOT APPLICABLE,91.64,0.0
2026-08-12T13:00:00+08:00,COLLIE_ESR4,250.0,159.72,2,b1c8bb27-69f8-4af9-8569-5975b5fb729a,IN-SERVICE,NOT APPLICABLE,159.62,0.0
2026-08-12T13:00:00+08:00,COLLIE_ESR5,-250.0,91.71,1,f8d29806-4fc9-4061-8597-235e3f77e101,IN-SERVICE,NOT APPLICABLE,91.66,0.0
2026-08-12T13:00:00+08:00,COLLIE_ESR5,250.0,126.52,2,f8d29806-4fc9-4061-8597-235e3f77e101,IN-SERVICE,NOT APPLICABLE,126.44,0.0
2026-08-12T13:05:00+08:00,KWINANA_ESR1,-100.0,88.95,1,84d0d9ae-8053-4828-8d01-f0670eec4335,IN-SERVICE,NOT APPLICABLE,88.91,0.0
2026-08-12T13:05:00+08:00,KWINANA_ESR1,100.0,123.23,2,84d0d9ae-8053-4828-8d01-f0670eec4335,IN-SERVICE,NOT APPLICABLE,123.18,0.0
2026-08-12T13:05:00+08:00,COLLIE_ESR1,0.0,-1000.0,1,48a18372-2bc6-4377-8cac-5be575a97807,IN-SERVICE,NON-LIQUID,-999.4,
2026-08-12T13:05:00+08:00,COLLIE_ESR1,-24.0,-42.46,2,48a18372-2bc6-4377-8cac-5be575a97807,IN-SERVICE,NON-LIQUID,-42.43,
2026-08-12T13:05:00+08:00,COLLIE_ESR1,-25.0,-10.0,3,48a18372-2bc6-4377-8cac-5be575a97807,IN-SERVICE,NON-LIQUID,-9.99,
2026-08-12T13:05:00+08:00,COLLIE_ESR1,0.0,34.02,4,48a18372-2bc6-4377-8cac-5be575a97807,IN-SERVICE,NON-LIQUID,34.0,
2026-08-12T13:05:00+08:00,COLLIE_ESR1,-151.0,107.2,5,48a18372-2bc6-4377-8cac-5be575a97807,IN-SERVICE,NON-LIQUID,107.14,
2026-08-12T13:05:00+08:00,COLLIE_ESR1,50.0,250.0,6,48a18372-2bc6-4377-8cac-5be575a97807,IN-SERVICE,NON-LIQUID,249.85,
2026-08-12T13:05:00+08:00,COLLIE_ESR1,100.0,367.0,7,48a18372-2bc6-4377-8cac-5be575a97807,IN-SERVICE,NON-LIQUID,366.78,
2026-08-12T13:05:00+08:00,COLLIE_ESR1,0.0,400.0,8,48a18372-2bc6-4377-8cac-5be575a97807,IN-SERVICE,NON-LIQUID,399.76,
2026-08-12T13:05:00+08:00,COLLIE_ESR1,50.0,622.0,9,48a18372-2bc6-4377-8cac-5be575a97807,IN-SERVICE,NON-LIQUID,621.63,
2026-08-12T13:05:00+08:00,COLLIE_ESR1,0.0,1200.0,10,48a18372-2bc6-4377-8cac-5be575a97807,IN-SERVICE,NON-LIQUID,1199.28,
2026-08-12T13:05:00+08:00,KWINANA_ESR2,-225.0,124.72,1,00a9f94e-ed4c-451d-b58a-8c55fc46cf92,IN-SERVICE,NOT APPLICABLE,124.6,0.0
2026-08-12T13:05:00+08:00,KWINANA_ESR2,225.0,167.55,2,00a9f94e-ed4c-451d-b58a-8c55fc46cf92,IN-SERVICE,NOT APPLICABLE,167.38,0.0
2026-08-12T13:05:00+08:00,COLLIE_BESS2,0.0,-990.1,1,bcebc5b3-f79e-4233-9cfa-746a9a24a627,IN-SERVICE,NON-LIQUID,-1000.0,
2026-08-12T13:05:00+08:00,COLLIE_BESS2,-50.0,-42.46,2,bcebc5b3-f79e-4233-9cfa-746a9a24a627,IN-SERVICE,NON-LIQUID,-42.88,
2026-08-12T13:05:00+08:00,COLLIE_BESS2,-51.0,-10.0,3,bcebc5b3-f79e-4233-9cfa-746a9a24a627,IN-SERVICE,NON-LIQUID,-10.1,
2026-08-12T13:05:00+08:00,COLLIE_BESS2,0.0,34.02,4,bcebc5b3-f79e-4233-9cfa-746a9a24a627,IN-SERVICE,NON-LIQUID,34.36,
2026-08-12T13:05:00+08:00,COLLIE_BESS2,-199.0,105.0,5,bcebc5b3-f79e-4233-9cfa-746a9a24a627,IN-SERVICE,NON-LIQUID,106.05,
2026-08-12T13:05:00+08:00,COLLIE_BESS2,75.0,250.0,6,bcebc5b3-f79e-4233-9cfa-746a9a24a627,IN-SERVICE,NON-LIQUID,252.5,
2026-08-12T13:05:00+08:00,COLLIE_BESS2,75.0,367.0,7,bcebc5b3-f79e-4233-9cfa-746a9a24a627,IN-SERVICE,NON-LIQUID,370.67,
2026-08-12T13:05:00+08:00,COLLIE_BESS2,0.0,388.18,8,bcebc5b3-f79e-4233-9cfa-746a9a24a627,IN-SERVICE,NON-LIQUID,392.06,
2026-08-12T13:05:00+08:00,COLLIE_BESS2,150.0,622.0,9,bcebc5b3-f79e-4233-9cfa-746a9a24a627,IN-SERVICE,NON-LIQUID,628.22,
2026-08-12T13:05:00+08:00,COLLIE_BESS2,0.0,1188.12,10,bcebc5b3-f79e-4233-9cfa-746a9a24a627,IN-SERVICE,NON-LIQUID,1200.0,
2026-08-12T13:05:00+08:00,COLLIE_ESR4,-250.0,127.83,1,0f2898c3-7f2f-465d-a9d6-a35d0dde597d,IN-SERVICE,NOT APPLICABLE,127.75,0.0
2026-08-12T13:05:00+08:00,COLLIE_ESR4,250.0,162.67,2,0f2898c3-7f2f-465d-a9d6-a35d0dde597d,IN-SERVICE,NOT APPLICABLE,162.57,0.0
2026-08-12T13:05:00+08:00,COLLIE_ESR5,-250.0,127.19,1,16b6e550-b263-47b3-be87-3ee1877f6754,IN-SERVICE,NOT APPLICABLE,127.11,0.0
2026-08-12T13:05:00+08:00,COLLIE_ESR5,250.0,162.65,2,16b6e550-b263-47b3-be87-3ee1877f6754,IN-SERVICE,NOT APPLICABLE,162.55,0.0
2026-08-12T13:10:00+08:00,KWINANA_ESR1,-100.0,88.95,1,84d0d9ae-8053-4828-8d01-f0670eec4335,IN-SERVICE,NOT APPLICABLE,88.91,0.0
2026-08-12T13:10:00+08:00,KWINANA_ESR1,100.0,123.23,2,84d0d9ae-8053-4828-8d01-f0670eec4335,IN-SERVICE,NOT APPLICABLE,123.18,0.0
2026-08-12T13:10:00+08:00,COLLIE_ESR1,0.0,-1000.0,1,374955c7-6c01-4b00-a520-d79cdbc4139f,IN-SERVICE,NON-LIQUID,-999.4,
2026-08-12T13:10:00+08:00,COLLIE_ESR1,-24.0,-42.46,2,374955c7-6c01-4b00-a520-d79cdbc4139f,IN-SERVICE,NON-LIQUID,-42.43,
2026-08-12T13:10:00+08:00,COLLIE_ESR1,-25.0,-10.0,3,374955c7-6c01-4b00-a520-d79cdbc4139f,IN-SERVICE,NON-LIQUID,-9.99,
2026-08-12T13:10:00+08:00,COLLIE_ESR1,0.0,34.02,4,374955c7-6c01-4b00-a520-d79cdbc4139f,IN-SERVICE,NON-LIQUID,34.0,
2026-08-12T13:10:00+08:00,COLLIE_ESR1,-151.0,102.42,5,374955c7-6c01-4b00-a520-d79cdbc4139f,IN-SERVICE,NON-LIQUID,102.36,
2026-08-12T13:10:00+08:00,COLLIE_ESR1,50.0,250.0,6,374955c7-6c01-4b00-a520-d79cdbc4139f,IN-SERVICE,NON-LIQUID,249.85,
2026-08-12T13:10:00+08:00,COLLIE_ESR1,100.0,367.0,7,374955c7-6c01-4b00-a520-d79cdbc4139f,IN-SERVICE,NON-LIQUID,366.78,
2026-08-12T13:10:00+08:00,COLLIE_ESR1,0.0,400.0,8,374955c7-6c01-4b00-a520-d79cdbc4139f,IN-SERVICE,NON-LIQUID,399.76,
2026-08-12T13:10:00+08:00,COLLIE_ESR1,50.0,622.0,9,374955c7-6c01-4b00-a520-d79cdbc4139f,IN-SERVICE,NON-LIQUID,621.63,
2026-08-12T13:10:00+08:00,COLLIE_ESR1,0.0,1200.0,10,374955c7-6c01-4b00-a520-d79cdbc4139f,IN-SERVICE,NON-LIQUID,1199.28,
2026-08-12T13:10:00+08:00,KWINANA_ESR2,-225.0,124.72,1,00a9f94e-ed4c-451d-b58a-8c55fc46cf92,IN-SERVICE,NOT APPLICABLE,124.6,0.0
2026-08-12T13:10:00+08:00,KWINANA_ESR2,225.0,167.55,2,00a9f94e-ed4c-451d-b58a-8c55fc46cf92,IN-SERVICE,NOT APPLICABLE,167.38,0.0
2026-08-12T13:10:00+08:00,COLLIE_BESS2,0.0,-990.1,1,90e11f6e-ff3e-46f9-9bbc-cfc370085c8c,IN-SERVICE,NON-LIQUID,-1000.0,
2026-08-12T13:10:00+08:00,COLLIE_BESS2,-50.0,-42.46,2,90e11f6e-ff3e-46f9-9bbc-cfc370085c8c,IN-SERVICE,NON-LIQUID,-42.88,
2026-08-12T13:10:00+08:00,COLLIE_BESS2,-51.0,-10.0,3,90e11f6e-ff3e-46f9-9bbc-cfc370085c8c,IN-SERVICE,NON-LIQUID,-10.1,
2026-08-12T13:10:00+08:00,COLLIE_BESS2,0.0,34.02,4,90e11f6e-ff3e-46f9-9bbc-cfc370085c8c,IN-SERVICE,NON-LIQUID,34.36,
2026-08-12T13:10:00+08:00,COLLIE_BESS2,-199.0,102.42,5,90e11f6e-ff3e-46f9-9bbc-cfc370085c8c,IN-SERVICE,NON-LIQUID,103.44,
2026-08-12T13:10:00+08:00,COLLIE_BESS2,75.0,250.0,6,90e11f6e-ff3e-46f9-9bbc-cfc370085c8c,IN-SERVICE,NON-LIQUID,252.5,
2026-08-12T13:10:00+08:00,COLLIE_BESS2,75.0,367.0,7,90e11f6e-ff3e-46f9-9bbc-cfc370085c8c,IN-SERVICE,NON-LIQUID,370.67,
2026-08-12T13:10:00+08:00,COLLIE_BESS2,0.0,388.18,8,90e11f6e-ff3e-46f9-9bbc-cfc370085c8c,IN-SERVICE,NON-LIQUID,392.06,
2026-08-12T13:10:00+08:00,COLLIE_BESS2,150.0,622.0,9,90e11f6e-ff3e-46f9-9bbc-cfc370085c8c,IN-SERVICE,NON-LIQUID,628.22,
2026-08-12T13:10:00+08:00,COLLIE_BESS2,0.0,1188.12,10,90e11f6e-ff3e-46f9-9bbc-cfc370085c8c,IN-SERVICE,NON-LIQUID,1200.0,
2026-08-12T13:10:00+08:00,COLLIE_ESR4,-250.0,127.83,1,0f2898c3-7f2f-465d-a9d6-a35d0dde597d,IN-SERVICE,NOT APPLICABLE,127.75,0.0
2026-08-12T13:10:00+08:00,COLLIE_ESR4,250.0,164.33,2,0f2898c3-7f2f-465d-a9d6-a35d0dde597d,IN-SERVICE,NOT APPLICABLE,164.23,0.0
2026-08-12T13:10:00+08:00,COLLIE_ESR5,-250.0,127.85,1,16b6e550-b263-47b3-be87-3ee1877f6754,IN-SERVICE,NOT APPLICABLE,127.77,0.0
2026-08-12T13:10:00+08:00,COLLIE_ESR5,250.0,162.65,2,16b6e550-b263-47b3-be87-3ee1877f6754,IN-SERVICE,NOT APPLICABLE,162.55,0.0
2026-08-12T13:15:00+08:00,KWINANA_ESR1,-100.0,99.32,1,84d0d9ae-8053-4828-8d01-f0670eec4335,IN-SERVICE,NOT APPLICABLE,99.28,0.0
2026-08-12T13:15:00+08:00,KWINANA_ESR1,100.0,133.6,2,84d0d9ae-8053-4828-8d01-f0670eec4335,IN-SERVICE,NOT APPLICABLE,133.55,0.0
2026-08-12T13:15:00+08:00,COLLIE_ESR1,0.0,-1000.0,1,95c134af-9801-4c0a-9506-4b9d1f3c1f2a,IN-SERVICE,NON-LIQUID,-999.4,
2026-08-12T13:15:00+08:00,COLLIE_ESR1,-24.0,-42.46,2,95c134af-9801-4c0a-9506-4b9d1f3c1f2a,IN-SERVICE,NON-LIQUID,-42.43,
2026-08-12T13:15:00+08:00,COLLIE_ESR1,-25.0,-10.0,3,95c134af-9801-4c0a-9506-4b9d1f3c1f2a,IN-SERVICE,NON-LIQUID,-9.99,
2026-08-12T13:15:00+08:00,COLLIE_ESR1,0.0,34.02,4,95c134af-9801-4c0a-9506-4b9d1f3c1f2a,IN-SERVICE,NON-LIQUID,34.0,
2026-08-12T13:15:00+08:00,COLLIE_ESR1,-151.0,128.85,5,95c134af-9801-4c0a-9506-4b9d1f3c1f2a,IN-SERVICE,NON-LIQUID,128.77,
2026-08-12T13:15:00+08:00,COLLIE_ESR1,50.0,250.0,6,95c134af-9801-4c0a-9506-4b9d1f3c1f2a,IN-SERVICE,NON-LIQUID,249.85,
2026-08-12T13:15:00+08:00,COLLIE_ESR1,100.0,367.0,7,95c134af-9801-4c0a-9506-4b9d1f3c1f2a,IN-SERVICE,NON-LIQUID,366.78,
2026-08-12T13:15:00+08:00,COLLIE_ESR1,0.0,400.0,8,95c134af-9801-4c0a-9506-4b9d1f3c1f2a,IN-SERVICE,NON-LIQUID,399.76,
2026-08-12T13:15:00+08:00,COLLIE_ESR1,50.0,622.0,9,95c134af-9801-4c0a-9506-4b9d1f3c1f2a,IN-SERVICE,NON-LIQUID,621.63,
2026-08-12T13:15:00+08:00,COLLIE_ESR1,0.0,1200.0,10,95c134af-9801-4c0a-9506-4b9d1f3c1f2a,IN-SERVICE,NON-LIQUID,1199.28,
2026-08-12T13:15:00+08:00,KWINANA_ESR2,-225.0,124.72,1,00a9f94e-ed4c-451d-b58a-8c55fc46cf92,IN-SERVICE,NOT APPLICABLE,124.6,0.0
2026-08-12T13:15:00+08:00,KWINANA_ESR2,225.0,167.55,2,00a9f94e-ed4c-451d-b58a-8c55fc46cf92,IN-SERVICE,NOT APPLICABLE,167.38,0.0
2026-08-12T13:15:00+08:00,COLLIE_BESS2,0.0,-990.1,1,f6e84cba-1f5d-43a5-a23e-63fdd31e25b9,IN-SERVICE,NON-LIQUID,-1000.0,
2026-08-12T13:15:00+08:00,COLLIE_BESS2,-150.0,-42.46,2,f6e84cba-1f5d-43a5-a23e-63fdd31e25b9,IN-SERVICE,NON-LIQUID,-42.88,
2026-08-12T13:15:00+08:00,COLLIE_BESS2,-150.0,-10.0,3,f6e84cba-1f5d-43a5-a23e-63fdd31e25b9,IN-SERVICE,NON-LIQUID,-10.1,
2026-08-12T13:15:00+08:00,COLLIE_BESS2,0.0,34.02,4,f6e84cba-1f5d-43a5-a23e-63fdd31e25b9,IN-SERVICE,NON-LIQUID,34.36,
2026-08-12T13:15:00+08:00,COLLIE_BESS2,0.0,46.58,5,f6e84cba-1f5d-43a5-a23e-63fdd31e25b9,IN-SERVICE,NON-LIQUID,47.05,
2026-08-12T13:15:00+08:00,COLLIE_BESS2,75.0,250.0,6,f6e84cba-1f5d-43a5-a23e-63fdd31e25b9,IN-SERVICE,NON-LIQUID,252.5,
2026-08-12T13:15:00+08:00,COLLIE_BESS2,75.0,367.0,7,f6e84cba-1f5d-43a5-a23e-63fdd31e25b9,IN-SERVICE,NON-LIQUID,370.67,
2026-08-12T13:15:00+08:00,COLLIE_BESS2,0.0,388.18,8,f6e84cba-1f5d-43a5-a23e-63fdd31e25b9,IN-SERVICE,NON-LIQUID,392.06,
2026-08-12T13:15:00+08:00,COLLIE_BESS2,150.0,622.0,9,f6e84cba-1f5d-43a5-a23e-63fdd31e25b9,IN-SERVICE,NON-LIQUID,628.22,
2026-08-12T13:15:00+08:00,COLLIE_BESS2,0.0,1188.12,10,f6e84cba-1f5d-43a5-a23e-63fdd31e25b9,IN-SERVICE,NON-LIQUID,1200.0,
2026-08-12T13:15:00+08:00,COLLIE_ESR4,-250.0,127.83,1,0f2898c3-7f2f-465d-a9d6-a35d0dde597d,IN-SERVICE,NOT APPLICABLE,127.75,0.0
2026-08-12T13:15:00+08:00,COLLIE_ESR4,250.0,164.33,2,0f2898c3-7f2f-465d-a9d6-a35d0dde597d,IN-SERVICE,NOT APPLICABLE,164.23,0.0
2026-08-12T13:15:00+08:00,COLLIE_ESR5,-250.0,127.85,1,16b6e550-b263-47b3-be87-3ee1877f6754,IN-SERVICE,NOT APPLICABLE,127.77,0.0
2026-08-12T13:15:00+08:00,COLLIE_ESR5,250.0,162.65,2,16b6e550-b263-47b3-be87-3ee1877f6754,IN-SERVICE,NOT APPLICABLE,162.55,0.0
2026-08-12T13:20:00+08:00,KWINANA_ESR1,-100.0,120.34,1,f6fe1944-6137-48a6-92f9-ce46fbc5f754,IN-SERVICE,NOT APPLICABLE,120.29,0.0
2026-08-12T13:20:00+08:00,KWINANA_ESR1,100.0,154.63,2,f6fe1944-6137-48a6-92f9-ce46fbc5f754,IN-SERVICE,NOT APPLICABLE,154.57,0.0
2026-08-12T13:20:00+08:00,COLLIE_ESR1,0.0,-1000.0,1,b8861c0e-03b5-4270-8066-6d88d1368660,IN-SERVICE,NON-LIQUID,-999.4,
2026-08-12T13:20:00+08:00,COLLIE_ESR1,-100.0,-42.46,2,b8861c0e-03b5-4270-8066-6d88d1368660,IN-SERVICE,NON-LIQUID,-42.43,
2026-08-12T13:20:00+08:00,COLLIE_ESR1,-100.0,-10.0,3,b8861c0e-03b5-4270-8066-6d88d1368660,IN-SERVICE,NON-LIQUID,-9.99,
2026-08-12T13:20:00+08:00,COLLIE_ESR1,0.0,34.02,4,b8861c0e-03b5-4270-8066-6d88d1368660,IN-SERVICE,NON-LIQUID,34.0,
2026-08-12T13:20:00+08:00,COLLIE_ESR1,0.0,46.58,5,b8861c0e-03b5-4270-8066-6d88d1368660,IN-SERVICE,NON-LIQUID,46.55,
2026-08-12T13:20:00+08:00,COLLIE_ESR1,50.0,250.0,6,b8861c0e-03b5-4270-8066-6d88d1368660,IN-SERVICE,NON-LIQUID,249.85,
2026-08-12T13:20:00+08:00,COLLIE_ESR1,100.0,367.0,7,b8861c0e-03b5-4270-8066-6d88d1368660,IN-SERVICE,NON-LIQUID,366.78,
2026-08-12T13:20:00+08:00,COLLIE_ESR1,0.0,400.0,8,b8861c0e-03b5-4270-8066-6d88d1368660,IN-SERVICE,NON-LIQUID,399.76,
2026-08-12T13:20:00+08:00,COLLIE_ESR1,50.0,622.0,9,b8861c0e-03b5-4270-8066-6d88d1368660,IN-SERVICE,NON-LIQUID,621.63,
2026-08-12T13:20:00+08:00,COLLIE_ESR1,0.0,1200.0,10,b8861c0e-03b5-4270-8066-6d88d1368660,IN-SERVICE,NON-LIQUID,1199.28,
2026-08-12T13:20:00+08:00,KWINANA_ESR2,-225.0,126.39,1,a4b6cc29-f80d-49d5-b27d-fd7d60dbe2fd,IN-SERVICE,NOT APPLICABLE,126.26,0.0
2026-08-12T13:20:00+08:00,KWINANA_ESR2,225.0,167.55,2,a4b6cc29-f80d-49d5-b27d-fd7d60dbe2fd,IN-SERVICE,NOT APPLICABLE,167.38,0.0
2026-08-12T13:20:00+08:00,COLLIE_BESS2,0.0,-990.1,1,e19d196e-c525-4040-9e50-4641fb918b4e,IN-SERVICE,NON-LIQUID,-1000.0,
2026-08-12T13:20:00+08:00,COLLIE_BESS2,-150.0,-42.46,2,e19d196e-c525-4040-9e50-4641fb918b4e,IN-SERVICE,NON-LIQUID,-42.88,
2026-08-12T13:20:00+08:00,COLLIE_BESS2,-150.0,-10.0,3,e19d196e-c525-4040-9e50-4641fb918b4e,IN-SERVICE,NON-LIQUID,-10.1,
2026-08-12T13:20:00+08:00,COLLIE_BESS2,0.0,34.02,4,e19d196e-c525-4040-9e50-4641fb918b4e,IN-SERVICE,NON-LIQUID,34.36,
2026-08-12T13:20:00+08:00,COLLIE_BESS2,0.0,46.58,5,e19d196e-c525-4040-9e50-4641fb918b4e,IN-SERVICE,NON-LIQUID,47.05,
2026-08-12T13:20:00+08:00,COLLIE_BESS2,75.0,250.0,6,e19d196e-c525-4040-9e50-4641fb918b4e,IN-SERVICE,NON-LIQUID,252.5,
2026-08-12T13:20:00+08:00,COLLIE_BESS2,75.0,367.0,7,e19d196e-c525-4040-9e50-4641fb918b4e,IN-SERVICE,NON-LIQUID,370.67,
2026-08-12T13:20:00+08:00,COLLIE_BESS2,0.0,388.18,8,e19d196e-c525-4040-9e50-4641fb918b4e,IN-SERVICE,NON-LIQUID,392.06,
2026-08-12T13:20:00+08:00,COLLIE_BESS2,150.0,622.0,9,e19d196e-c525-4040-9e50-4641fb918b4e,IN-SERVICE,NON-LIQUID,628.22,
2026-08-12T13:20:00+08:00,COLLIE_BESS2,0.0,1188.12,10,e19d196e-c525-4040-9e50-4641fb918b4e,IN-SERVICE,NON-LIQUID,1200.0,
2026-08-12T13:20:00+08:00,COLLIE_ESR4,-250.0,127.83,1,badfb928-99f3-49ce-ab11-6dc56b7a3219,IN-SERVICE,NOT APPLICABLE,127.75,0.0
2026-08-12T13:20:00+08:00,COLLIE_ESR4,250.0,164.33,2,badfb928-99f3-49ce-ab11-6dc56b7a3219,IN-SERVICE,NOT APPLICABLE,164.23,0.0
2026-08-12T13:20:00+08:00,COLLIE_ESR5,-250.0,127.19,1,2d8aeff3-c23f-436e-b3db-09c49737f160,IN-SERVICE,NOT APPLICABLE,127.11,0.0
2026-08-12T13:20:00+08:00,COLLIE_ESR5,250.0,162.65,2,2d8aeff3-c23f-436e-b3db-09c49737f160,IN-SERVICE,NOT APPLICABLE,162.55,0.0
2026-08-12T13:25:00+08:00,KWINANA_ESR1,-100.0,120.57,1,f6fe1944-6137-48a6-92f9-ce46fbc5f754,IN-SERVICE,NOT APPLICABLE,120.52,0.0
2026-08-12T13:25:00+08:00,KWINANA_ESR1,100.0,154.86,2,f6fe1944-6137-48a6-92f9-ce46fbc5f754,IN-SERVICE,NOT APPLICABLE,154.8,0.0
2026-08-12T13:25:00+08:00,COLLIE_ESR1,0.0,-1000.0,1,3e1852c7-9bd2-469b-ac28-c2a3d26dc034,IN-SERVICE,NON-LIQUID,-999.4,
2026-08-12T13:25:00+08:00,COLLIE_ESR1,-20.0,-42.46,2,3e1852c7-9bd2-469b-ac28-c2a3d26dc034,IN-SERVICE,NON-LIQUID,-42.43,
2026-08-12T13:25:00+08:00,COLLIE_ESR1,-20.0,-10.0,3,3e1852c7-9bd2-469b-ac28-c2a3d26dc034,IN-SERVICE,NON-LIQUID,-9.99,
2026-08-12T13:25:00+08:00,COLLIE_ESR1,0.0,34.02,4,3e1852c7-9bd2-469b-ac28-c2a3d26dc034,IN-SERVICE,NON-LIQUID,34.0,
2026-08-12T13:25:00+08:00,COLLIE_ESR1,-160.0,129.68,5,3e1852c7-9bd2-469b-ac28-c2a3d26dc034,IN-SERVICE,NON-LIQUID,129.6,
2026-08-12T13:25:00+08:00,COLLIE_ESR1,50.0,250.0,6,3e1852c7-9bd2-469b-ac28-c2a3d26dc034,IN-SERVICE,NON-LIQUID,249.85,
2026-08-12T13:25:00+08:00,COLLIE_ESR1,100.0,367.0,7,3e1852c7-9bd2-469b-ac28-c2a3d26dc034,IN-SERVICE,NON-LIQUID,366.78,
2026-08-12T13:25:00+08:00,COLLIE_ESR1,0.0,400.0,8,3e1852c7-9bd2-469b-ac28-c2a3d26dc034,IN-SERVICE,NON-LIQUID,399.76,
2026-08-12T13:25:00+08:00,COLLIE_ESR1,50.0,622.0,9,3e1852c7-9bd2-469b-ac28-c2a3d26dc034,IN-SERVICE,NON-LIQUID,621.63,
2026-08-12T13:25:00+08:00,COLLIE_ESR1,0.0,1200.0,10,3e1852c7-9bd2-469b-ac28-c2a3d26dc034,IN-SERVICE,NON-LIQUID,1199.28,
2026-08-12T13:25:00+08:00,KWINANA_ESR2,-225.0,126.39,1,a4b6cc29-f80d-49d5-b27d-fd7d60dbe2fd,IN-SERVICE,NOT APPLICABLE,126.26,0.0
2026-08-12T13:25:00+08:00,KWINANA_ESR2,225.0,167.55,2,a4b6cc29-f80d-49d5-b27d-fd7d60dbe2fd,IN-SERVICE,NOT APPLICABLE,167.38,0.0
2026-08-12T13:25:00+08:00,COLLIE_BESS2,0.0,-990.1,1,71dd8119-d1d8-402e-83d7-23aea15b052b,IN-SERVICE,NON-LIQUID,-1000.0,
2026-08-12T13:25:00+08:00,COLLIE_BESS2,-150.0,-42.46,2,71dd8119-d1d8-402e-83d7-23aea15b052b,IN-SERVICE,NON-LIQUID,-42.88,
2026-08-12T13:25:00+08:00,COLLIE_BESS2,-150.0,-10.0,3,71dd8119-d1d8-402e-83d7-23aea15b052b,IN-SERVICE,NON-LIQUID,-10.1,
2026-08-12T13:25:00+08:00,COLLIE_BESS2,0.0,34.02,4,71dd8119-d1d8-402e-83d7-23aea15b052b,IN-SERVICE,NON-LIQUID,34.36,
2026-08-12T13:25:00+08:00,COLLIE_BESS2,0.0,46.58,5,71dd8119-d1d8-402e-83d7-23aea15b052b,IN-SERVICE,NON-LIQUID,47.05,
2026-08-12T13:25:00+08:00,COLLIE_BESS2,75.0,250.0,6,71dd8119-d1d8-402e-83d7-23aea15b052b,IN-SERVICE,NON-LIQUID,252.5,
2026-08-12T13:25:00+08:00,COLLIE_BESS2,75.0,367.0,7,71dd8119-d1d8-402e-83d7-23aea15b052b,IN-SERVICE,NON-LIQUID,370.67,
2026-08-12T13:25:00+08:00,COLLIE_BESS2,0.0,388.18,8,71dd8119-d1d8-402e-83d7-23aea15b052b,IN-SERVICE,NON-LIQUID,392.06,
2026-08-12T13:25:00+08:00,COLLIE_BESS2,150.0,622.0,9,71dd8119-d1d8-402e-83d7-23aea15b052b,IN-SERVICE,NON-LIQUID,628.22,
2026-08-12T13:25:00+08:00,COLLIE_BESS2,0.0,1188.12,10,71dd8119-d1d8-402e-83d7-23aea15b052b,IN-SERVICE,NON-LIQUID,1200.0,
2026-08-12T13:25:00+08:00,COLLIE_ESR4,-250.0,127.83,1,badfb928-99f3-49ce-ab11-6dc56b7a3219,IN-SERVICE,NOT APPLICABLE,127.75,0.0
2026-08-12T13:25:00+08:00,COLLIE_ESR4,250.0,164.33,2,badfb928-99f3-49ce-ab11-6dc56b7a3219,IN-SERVICE,NOT APPLICABLE,164.23,0.0
2026-08-12T13:25:00+08:00,COLLIE_ESR5,-250.0,127.19,1,2d8aeff3-c23f-436e-b3db-09c49737f160,IN-SERVICE,NOT APPLICABLE,127.11,0.0
2026-08-12T13:25:00+08:00,COLLIE_ESR5,250.0,162.65,2,2d8aeff3-c23f-436e-b3db-09c49737f160,IN-SERVICE,NOT APPLICABLE,162.55,0.0
2026-08-12T13:30:00+08:00,KWINANA_ESR1,-100.0,122.01,1,f6fe1944-6137-48a6-92f9-ce46fbc5f754,IN-SERVICE,NOT APPLICABLE,121.96,0.0
2026-08-12T13:30:00+08:00,KWINANA_ESR1,100.0,156.29,2,f6fe1944-6137-48a6-92f9-ce46fbc5f754,IN-SERVICE,NOT APPLICABLE,156.23,0.0
2026-08-12T13:30:00+08:00,COLLIE_ESR1,0.0,-1000.0,1,d0e4e3b6-d0c0-4aea-999e-53b6df03a869,IN-SERVICE,NON-LIQUID,-999.4,
2026-08-12T13:30:00+08:00,COLLIE_ESR1,-24.0,-42.46,2,d0e4e3b6-d0c0-4aea-999e-53b6df03a869,IN-SERVICE,NON-LIQUID,-42.43,
2026-08-12T13:30:00+08:00,COLLIE_ESR1,-25.0,-10.0,3,d0e4e3b6-d0c0-4aea-999e-53b6df03a869,IN-SERVICE,NON-LIQUID,-9.99,
2026-08-12T13:30:00+08:00,COLLIE_ESR1,0.0,34.02,4,d0e4e3b6-d0c0-4aea-999e-53b6df03a869,IN-SERVICE,NON-LIQUID,34.0,
2026-08-12T13:30:00+08:00,COLLIE_ESR1,-151.0,129.24,5,d0e4e3b6-d0c0-4aea-999e-53b6df03a869,IN-SERVICE,NON-LIQUID,129.16,
2026-08-12T13:30:00+08:00,COLLIE_ESR1,50.0,250.0,6,d0e4e3b6-d0c0-4aea-999e-53b6df03a869,IN-SERVICE,NON-LIQUID,249.85,
2026-08-12T13:30:00+08:00,COLLIE_ESR1,100.0,367.0,7,d0e4e3b6-d0c0-4aea-999e-53b6df03a869,IN-SERVICE,NON-LIQUID,366.78,
2026-08-12T13:30:00+08:00,COLLIE_ESR1,0.0,402.87,8,d0e4e3b6-d0c0-4aea-999e-53b6df03a869,IN-SERVICE,NON-LIQUID,402.63,
2026-08-12T13:30:00+08:00,COLLIE_ESR1,50.0,622.0,9,d0e4e3b6-d0c0-4aea-999e-53b6df03a869,IN-SERVICE,NON-LIQUID,621.63,
2026-08-12T13:30:00+08:00,COLLIE_ESR1,0.0,1200.0,10,d0e4e3b6-d0c0-4aea-999e-53b6df03a869,IN-SERVICE,NON-LIQUID,1199.28,
2026-08-12T13:30:00+08:00,KWINANA_ESR2,-225.0,126.39,1,a4b6cc29-f80d-49d5-b27d-fd7d60dbe2fd,IN-SERVICE,NOT APPLICABLE,126.26,0.0
2026-08-12T13:30:00+08:00,KWINANA_ESR2,225.0,167.55,2,a4b6cc29-f80d-49d5-b27d-fd7d60dbe2fd,IN-SERVICE,NOT APPLICABLE,167.38,0.0
2026-08-12T13:30:00+08:00,COLLIE_BESS2,0.0,-990.1,1,b38f6ff9-ad3b-4a32-9291-bcc31404b211,IN-SERVICE,NON-LIQUID,-1000.0,
2026-08-12T13:30:00+08:00,COLLIE_BESS2,-50.0,-42.46,2,b38f6ff9-ad3b-4a32-9291-bcc31404b211,IN-SERVICE,NON-LIQUID,-42.88,
2026-08-12T13:30:00+08:00,COLLIE_BESS2,-51.0,-10.0,3,b38f6ff9-ad3b-4a32-9291-bcc31404b211,IN-SERVICE,NON-LIQUID,-10.1,
2026-08-12T13:30:00+08:00,COLLIE_BESS2,0.0,34.02,4,b38f6ff9-ad3b-4a32-9291-bcc31404b211,IN-SERVICE,NON-LIQUID,34.36,
2026-08-12T13:30:00+08:00,COLLIE_BESS2,-199.0,129.24,5,b38f6ff9-ad3b-4a32-9291-bcc31404b211,IN-SERVICE,NON-LIQUID,130.53,
2026-08-12T13:30:00+08:00,COLLIE_BESS2,75.0,250.0,6,b38f6ff9-ad3b-4a32-9291-bcc31404b211,IN-SERVICE,NON-LIQUID,252.5,
2026-08-12T13:30:00+08:00,COLLIE_BESS2,75.0,367.0,7,b38f6ff9-ad3b-4a32-9291-bcc31404b211,IN-SERVICE,NON-LIQUID,370.67,
2026-08-12T13:30:00+08:00,COLLIE_BESS2,0.0,402.87,8,b38f6ff9-ad3b-4a32-9291-bcc31404b211,IN-SERVICE,NON-LIQUID,406.9,
2026-08-12T13:30:00+08:00,COLLIE_BESS2,150.0,622.0,9,b38f6ff9-ad3b-4a32-9291-bcc31404b211,IN-SERVICE,NON-LIQUID,628.22,
2026-08-12T13:30:00+08:00,COLLIE_BESS2,0.0,1188.12,10,b38f6ff9-ad3b-4a32-9291-bcc31404b211,IN-SERVICE,NON-LIQUID,1200.0,
2026-08-12T13:30:00+08:00,COLLIE_ESR4,-250.0,127.83,1,badfb928-99f3-49ce-ab11-6dc56b7a3219,IN-SERVICE,NOT APPLICABLE,127.75,0.0
2026-08-12T13:30:00+08:00,COLLIE_ESR4,250.0,164.33,2,badfb928-99f3-49ce-ab11-6dc56b7a3219,IN-SERVICE,NOT APPLICABLE,164.23,0.0
2026-08-12T13:30:00+08:00,COLLIE_ESR5,-250.0,127.19,1,2d8aeff3-c23f-436e-b3db-09c49737f160,IN-SERVICE,NOT APPLICABLE,127.11,0.0
2026-08-12T13:30:00+08:00,COLLIE_ESR5,250.0,162.65,2,2d8aeff3-c23f-436e-b3db-09c49737f160,IN-SERVICE,NOT APPLICABLE,162.55,0.0
2026-08-12T13:35:00+08:00,KWINANA_ESR1,-100.0,119.79,1,9794438b-ebba-48f2-9745-e895dbb3218a,IN-SERVICE,NOT APPLICABLE,119.74,0.0
2026-08-12T13:35:00+08:00,KWINANA_ESR1,100.0,154.08,2,9794438b-ebba-48f2-9745-e895dbb3218a,IN-SERVICE,NOT APPLICABLE,154.02,0.0
2026-08-12T13:35:00+08:00,COLLIE_ESR1,0.0,-1000.0,1,1808e2a4-eecb-44df-9130-260e14bc72a8,IN-SERVICE,NON-LIQUID,-999.4,
2026-08-12T13:35:00+08:00,COLLIE_ESR1,-25.0,-42.46,2,1808e2a4-eecb-44df-9130-260e14bc72a8,IN-SERVICE,NON-LIQUID,-42.43,
2026-08-12T13:35:00+08:00,COLLIE_ESR1,-26.0,-10.0,3,1808e2a4-eecb-44df-9130-260e14bc72a8,IN-SERVICE,NON-LIQUID,-9.99,
2026-08-12T13:35:00+08:00,COLLIE_ESR1,0.0,34.02,4,1808e2a4-eecb-44df-9130-260e14bc72a8,IN-SERVICE,NON-LIQUID,34.0,
2026-08-12T13:35:00+08:00,COLLIE_ESR1,-149.0,128.52,5,1808e2a4-eecb-44df-9130-260e14bc72a8,IN-SERVICE,NON-LIQUID,128.44,
2026-08-12T13:35:00+08:00,COLLIE_ESR1,50.0,250.0,6,1808e2a4-eecb-44df-9130-260e14bc72a8,IN-SERVICE,NON-LIQUID,249.85,
2026-08-12T13:35:00+08:00,COLLIE_ESR1,100.0,367.0,7,1808e2a4-eecb-44df-9130-260e14bc72a8,IN-SERVICE,NON-LIQUID,366.78,
2026-08-12T13:35:00+08:00,COLLIE_ESR1,0.0,402.87,8,1808e2a4-eecb-44df-9130-260e14bc72a8,IN-SERVICE,NON-LIQUID,402.63,
2026-08-12T13:35:00+08:00,COLLIE_ESR1,50.0,622.0,9,1808e2a4-eecb-44df-9130-260e14bc72a8,IN-SERVICE,NON-LIQUID,621.63,
2026-08-12T13:35:00+08:00,COLLIE_ESR1,0.0,1200.0,10,1808e2a4-eecb-44df-9130-260e14bc72a8,IN-SERVICE,NON-LIQUID,1199.28,
2026-08-12T13:35:00+08:00,KWINANA_ESR2,-225.0,116.99,1,e4415208-31ed-401c-979e-6ebcf0eeab45,IN-SERVICE,NOT APPLICABLE,116.87,0.0
2026-08-12T13:35:00+08:00,KWINANA_ESR2,225.0,158.15,2,e4415208-31ed-401c-979e-6ebcf0eeab45,IN-SERVICE,NOT APPLICABLE,157.99,0.0
2026-08-12T13:35:00+08:00,COLLIE_BESS2,0.0,-990.1,1,d418b1ab-8f9f-4808-bf2a-74bea9245bdd,IN-SERVICE,NON-LIQUID,-1000.0,
2026-08-12T13:35:00+08:00,COLLIE_BESS2,-46.0,-42.46,2,d418b1ab-8f9f-4808-bf2a-74bea9245bdd,IN-SERVICE,NON-LIQUID,-42.88,
2026-08-12T13:35:00+08:00,COLLIE_BESS2,-46.0,-10.0,3,d418b1ab-8f9f-4808-bf2a-74bea9245bdd,IN-SERVICE,NON-LIQUID,-10.1,
2026-08-12T13:35:00+08:00,COLLIE_BESS2,0.0,34.02,4,d418b1ab-8f9f-4808-bf2a-74bea9245bdd,IN-SERVICE,NON-LIQUID,34.36,
2026-08-12T13:35:00+08:00,COLLIE_BESS2,-208.0,128.52,5,d418b1ab-8f9f-4808-bf2a-74bea9245bdd,IN-SERVICE,NON-LIQUID,129.81,
2026-08-12T13:35:00+08:00,COLLIE_BESS2,75.0,250.0,6,d418b1ab-8f9f-4808-bf2a-74bea9245bdd,IN-SERVICE,NON-LIQUID,252.5,
2026-08-12T13:35:00+08:00,COLLIE_BESS2,75.0,367.0,7,d418b1ab-8f9f-4808-bf2a-74bea9245bdd,IN-SERVICE,NON-LIQUID,370.67,
2026-08-12T13:35:00+08:00,COLLIE_BESS2,0.0,402.87,8,d418b1ab-8f9f-4808-bf2a-74bea9245bdd,IN-SERVICE,NON-LIQUID,406.9,
2026-08-12T13:35:00+08:00,COLLIE_BESS2,150.0,622.0,9,d418b1ab-8f9f-4808-bf2a-74bea9245bdd,IN-SERVICE,NON-LIQUID,628.22,
2026-08-12T13:35:00+08:00,COLLIE_BESS2,0.0,1188.12,10,d418b1ab-8f9f-4808-bf2a-74bea9245bdd,IN-SERVICE,NON-LIQUID,1200.0,
2026-08-12T13:35:00+08:00,COLLIE_ESR4,-250.0,119.54,1,74887017-a13f-41b5-a9bb-a68ab4e0fd90,IN-SERVICE,NOT APPLICABLE,119.47,0.0
2026-08-12T13:35:00+08:00,COLLIE_ESR4,250.0,154.38,2,74887017-a13f-41b5-a9bb-a68ab4e0fd90,IN-SERVICE,NOT APPLICABLE,154.29,0.0
2026-08-12T13:35:00+08:00,COLLIE_ESR5,-250.0,119.56,1,0751e26c-1c34-4bc8-9c08-528faa23f6c9,IN-SERVICE,NOT APPLICABLE,119.49,0.0
2026-08-12T13:35:00+08:00,COLLIE_ESR5,250.0,154.36,2,0751e26c-1c34-4bc8-9c08-528faa23f6c9,IN-SERVICE,NOT APPLICABLE,154.27,0.0
2026-08-12T13:40:00+08:00,KWINANA_ESR1,-100.0,119.79,1,9794438b-ebba-48f2-9745-e895dbb3218a,IN-SERVICE,NOT APPLICABLE,119.74,0.0
2026-08-12T13:40:00+08:00,KWINANA_ESR1,100.0,154.08,2,9794438b-ebba-48f2-9745-e895dbb3218a,IN-SERVICE,NOT APPLICABLE,154.02,0.0
2026-08-12T13:40:00+08:00,COLLIE_ESR1,0.0,-1000.0,1,d6af1bfe-57d0-44e3-aa1e-208dce60b760,IN-SERVICE,NON-LIQUID,-999.4,
2026-08-12T13:40:00+08:00,COLLIE_ESR1,-25.0,-42.46,2,d6af1bfe-57d0-44e3-aa1e-208dce60b760,IN-SERVICE,NON-LIQUID,-42.43,
2026-08-12T13:40:00+08:00,COLLIE_ESR1,-26.0,-10.0,3,d6af1bfe-57d0-44e3-aa1e-208dce60b760,IN-SERVICE,NON-LIQUID,-9.99,
2026-08-12T13:40:00+08:00,COLLIE_ESR1,0.0,34.02,4,d6af1bfe-57d0-44e3-aa1e-208dce60b760,IN-SERVICE,NON-LIQUID,34.0,
2026-08-12T13:40:00+08:00,COLLIE_ESR1,-149.0,132.05,5,d6af1bfe-57d0-44e3-aa1e-208dce60b760,IN-SERVICE,NON-LIQUID,131.97,
2026-08-12T13:40:00+08:00,COLLIE_ESR1,50.0,250.0,6,d6af1bfe-57d0-44e3-aa1e-208dce60b760,IN-SERVICE,NON-LIQUID,249.85,
2026-08-12T13:40:00+08:00,COLLIE_ESR1,100.0,367.0,7,d6af1bfe-57d0-44e3-aa1e-208dce60b760,IN-SERVICE,NON-LIQUID,366.78,
2026-08-12T13:40:00+08:00,COLLIE_ESR1,0.0,402.87,8,d6af1bfe-57d0-44e3-aa1e-208dce60b760,IN-SERVICE,NON-LIQUID,402.63,
2026-08-12T13:40:00+08:00,COLLIE_ESR1,50.0,622.0,9,d6af1bfe-57d0-44e3-aa1e-208dce60b760,IN-SERVICE,NON-LIQUID,621.63,
2026-08-12T13:40:00+08:00,COLLIE_ESR1,0.0,1200.0,10,d6af1bfe-57d0-44e3-aa1e-208dce60b760,IN-SERVICE,NON-LIQUID,1199.28,
2026-08-12T13:40:00+08:00,KWINANA_ESR2,-225.0,116.99,1,e4415208-31ed-401c-979e-6ebcf0eeab45,IN-SERVICE,NOT APPLICABLE,116.87,0.0
2026-08-12T13:40:00+08:00,KWINANA_ESR2,225.0,167.27,2,e4415208-31ed-401c-979e-6ebcf0eeab45,IN-SERVICE,NOT APPLICABLE,167.1,0.0
2026-08-12T13:40:00+08:00,COLLIE_BESS2,0.0,-990.1,1,4e2bf943-2def-4f72-8855-a912249246bb,IN-SERVICE,NON-LIQUID,-1000.0,
2026-08-12T13:40:00+08:00,COLLIE_BESS2,-46.0,-42.46,2,4e2bf943-2def-4f72-8855-a912249246bb,IN-SERVICE,NON-LIQUID,-42.88,
2026-08-12T13:40:00+08:00,COLLIE_BESS2,-46.0,-10.0,3,4e2bf943-2def-4f72-8855-a912249246bb,IN-SERVICE,NON-LIQUID,-10.1,
2026-08-12T13:40:00+08:00,COLLIE_BESS2,0.0,34.02,4,4e2bf943-2def-4f72-8855-a912249246bb,IN-SERVICE,NON-LIQUID,34.36,
2026-08-12T13:40:00+08:00,COLLIE_BESS2,-208.0,132.05,5,4e2bf943-2def-4f72-8855-a912249246bb,IN-SERVICE,NON-LIQUID,133.37,
2026-08-12T13:40:00+08:00,COLLIE_BESS2,75.0,250.0,6,4e2bf943-2def-4f72-8855-a912249246bb,IN-SERVICE,NON-LIQUID,252.5,
2026-08-12T13:40:00+08:00,COLLIE_BESS2,75.0,367.0,7,4e2bf943-2def-4f72-8855-a912249246bb,IN-SERVICE,NON-LIQUID,370.67,
2026-08-12T13:40:00+08:00,COLLIE_BESS2,0.0,402.87,8,4e2bf943-2def-4f72-8855-a912249246bb,IN-SERVICE,NON-LIQUID,406.9,
2026-08-12T13:40:00+08:00,COLLIE_BESS2,150.0,622.0,9,4e2bf943-2def-4f72-8855-a912249246bb,IN-SERVICE,NON-LIQUID,628.22,
2026-08-12T13:40:00+08:00,COLLIE_BESS2,0.0,1188.12,10,4e2bf943-2def-4f72-8855-a912249246bb,IN-SERVICE,NON-LIQUID,1200.0,
2026-08-12T13:40:00+08:00,COLLIE_ESR4,-250.0,119.54,1,74887017-a13f-41b5-a9bb-a68ab4e0fd90,IN-SERVICE,NOT APPLICABLE,119.47,0.0
2026-08-12T13:40:00+08:00,COLLIE_ESR4,250.0,154.38,2,74887017-a13f-41b5-a9bb-a68ab4e0fd90,IN-SERVICE,NOT APPLICABLE,154.29,0.0
2026-08-12T13:40:00+08:00,COLLIE_ESR5,-250.0,119.56,1,0751e26c-1c34-4bc8-9c08-528faa23f6c9,IN-SERVICE,NOT APPLICABLE,119.49,0.0
2026-08-12T13:40:00+08:00,COLLIE_ESR5,250.0,154.36,2,0751e26c-1c34-4bc8-9c08-528faa23f6c9,IN-SERVICE,NOT APPLICABLE,154.27,0.0
2026-08-12T13:45:00+08:00,KWINANA_ESR1,-100.0,119.79,1,9794438b-ebba-48f2-9745-e895dbb3218a,IN-SERVICE,NOT APPLICABLE,119.74,0.0
2026-08-12T13:45:00+08:00,KWINANA_ESR1,100.0,154.08,2,9794438b-ebba-48f2-9745-e895dbb3218a,IN-SERVICE,NOT APPLICABLE,154.02,0.0
2026-08-12T13:45:00+08:00,COLLIE_ESR1,0.0,-1000.0,1,37336405-36c6-4714-a85f-5d30215abf5d,IN-SERVICE,NON-LIQUID,-999.4,
2026-08-12T13:45:00+08:00,COLLIE_ESR1,-25.0,-42.46,2,37336405-36c6-4714-a85f-5d30215abf5d,IN-SERVICE,NON-LIQUID,-42.43,
2026-08-12T13:45:00+08:00,COLLIE_ESR1,-26.0,-10.0,3,37336405-36c6-4714-a85f-5d30215abf5d,IN-SERVICE,NON-LIQUID,-9.99,
2026-08-12T13:45:00+08:00,COLLIE_ESR1,0.0,34.02,4,37336405-36c6-4714-a85f-5d30215abf5d,IN-SERVICE,NON-LIQUID,34.0,
2026-08-12T13:45:00+08:00,COLLIE_ESR1,-149.0,125.26,5,37336405-36c6-4714-a85f-5d30215abf5d,IN-SERVICE,NON-LIQUID,125.18,
2026-08-12T13:45:00+08:00,COLLIE_ESR1,50.0,250.0,6,37336405-36c6-4714-a85f-5d30215abf5d,IN-SERVICE,NON-LIQUID,249.85,
2026-08-12T13:45:00+08:00,COLLIE_ESR1,100.0,367.0,7,37336405-36c6-4714-a85f-5d30215abf5d,IN-SERVICE,NON-LIQUID,366.78,
2026-08-12T13:45:00+08:00,COLLIE_ESR1,0.0,402.87,8,37336405-36c6-4714-a85f-5d30215abf5d,IN-SERVICE,NON-LIQUID,402.63,
2026-08-12T13:45:00+08:00,COLLIE_ESR1,50.0,622.0,9,37336405-36c6-4714-a85f-5d30215abf5d,IN-SERVICE,NON-LIQUID,621.63,
2026-08-12T13:45:00+08:00,COLLIE_ESR1,0.0,1200.0,10,37336405-36c6-4714-a85f-5d30215abf5d,IN-SERVICE,NON-LIQUID,1199.28,
2026-08-12T13:45:00+08:00,KWINANA_ESR2,-225.0,116.99,1,e4415208-31ed-401c-979e-6ebcf0eeab45,IN-SERVICE,NOT APPLICABLE,116.87,0.0
2026-08-12T13:45:00+08:00,KWINANA_ESR2,225.0,167.27,2,e4415208-31ed-401c-979e-6ebcf0eeab45,IN-SERVICE,NOT APPLICABLE,167.1,0.0
2026-08-12T13:45:00+08:00,COLLIE_BESS2,0.0,-990.1,1,a57ba02f-8871-4537-9374-20a3394ac4df,IN-SERVICE,NON-LIQUID,-1000.0,
2026-08-12T13:45:00+08:00,COLLIE_BESS2,-46.0,-42.46,2,a57ba02f-8871-4537-9374-20a3394ac4df,IN-SERVICE,NON-LIQUID,-42.88,
2026-08-12T13:45:00+08:00,COLLIE_BESS2,-46.0,-10.0,3,a57ba02f-8871-4537-9374-20a3394ac4df,IN-SERVICE,NON-LIQUID,-10.1,
2026-08-12T13:45:00+08:00,COLLIE_BESS2,0.0,34.02,4,a57ba02f-8871-4537-9374-20a3394ac4df,IN-SERVICE,NON-LIQUID,34.36,
2026-08-12T13:45:00+08:00,COLLIE_BESS2,-208.0,118.55,5,a57ba02f-8871-4537-9374-20a3394ac4df,IN-SERVICE,NON-LIQUID,119.74,
2026-08-12T13:45:00+08:00,COLLIE_BESS2,75.0,250.0,6,a57ba02f-8871-4537-9374-20a3394ac4df,IN-SERVICE,NON-LIQUID,252.5,
2026-08-12T13:45:00+08:00,COLLIE_BESS2,75.0,367.0,7,a57ba02f-8871-4537-9374-20a3394ac4df,IN-SERVICE,NON-LIQUID,370.67,
2026-08-12T13:45:00+08:00,COLLIE_BESS2,0.0,402.87,8,a57ba02f-8871-4537-9374-20a3394ac4df,IN-SERVICE,NON-LIQUID,406.9,
2026-08-12T13:45:00+08:00,COLLIE_BESS2,150.0,622.0,9,a57ba02f-8871-4537-9374-20a3394ac4df,IN-SERVICE,NON-LIQUID,628.22,
2026-08-12T13:45:00+08:00,COLLIE_BESS2,0.0,1188.12,10,a57ba02f-8871-4537-9374-20a3394ac4df,IN-SERVICE,NON-LIQUID,1200.0,
2026-08-12T13:45:00+08:00,COLLIE_ESR4,-250.0,119.54,1,74887017-a13f-41b5-a9bb-a68ab4e0fd90,IN-SERVICE,NOT APPLICABLE,119.47,0.0
2026-08-12T13:45:00+08:00,COLLIE_ESR4,250.0,154.38,2,74887017-a13f-41b5-a9bb-a68ab4e0fd90,IN-SERVICE,NOT APPLICABLE,154.29,0.0
2026-08-12T13:45:00+08:00,COLLIE_ESR5,-250.0,119.56,1,0751e26c-1c34-4bc8-9c08-528faa23f6c9,IN-SERVICE,NOT APPLICABLE,119.49,0.0
2026-08-12T13:45:00+08:00,COLLIE_ESR5,250.0,154.36,2,0751e26c-1c34-4bc8-9c08-528faa23f6c9,IN-SERVICE,NOT APPLICABLE,154.27,0.0
2026-08-12T13:50:00+08:00,KWINANA_ESR1,-100.0,112.42,1,d781bdbf-0a06-44ab-91ae-7078889c6dbe,IN-SERVICE,NOT APPLICABLE,112.38,0.0
2026-08-12T13:50:00+08:00,KWINANA_ESR1,100.0,146.7,2,d781bdbf-0a06-44ab-91ae-7078889c6dbe,IN-SERVICE,NOT APPLICABLE,146.64,0.0
2026-08-12T13:50:00+08:00,COLLIE_ESR1,0.0,-1000.0,1,662aa1c4-a658-49b2-9b2c-5c17f5a3e888,IN-SERVICE,NON-LIQUID,-999.4,
2026-08-12T13:50:00+08:00,COLLIE_ESR1,-25.0,-42.46,2,662aa1c4-a658-49b2-9b2c-5c17f5a3e888,IN-SERVICE,NON-LIQUID,-42.43,
2026-08-12T13:50:00+08:00,COLLIE_ESR1,-26.0,-10.0,3,662aa1c4-a658-49b2-9b2c-5c17f5a3e888,IN-SERVICE,NON-LIQUID,-9.99,
2026-08-12T13:50:00+08:00,COLLIE_ESR1,0.0,34.02,4,662aa1c4-a658-49b2-9b2c-5c17f5a3e888,IN-SERVICE,NON-LIQUID,34.0,
2026-08-12T13:50:00+08:00,COLLIE_ESR1,-149.0,132.07,5,662aa1c4-a658-49b2-9b2c-5c17f5a3e888,IN-SERVICE,NON-LIQUID,131.99,
2026-08-12T13:50:00+08:00,COLLIE_ESR1,50.0,250.0,6,662aa1c4-a658-49b2-9b2c-5c17f5a3e888,IN-SERVICE,NON-LIQUID,249.85,
2026-08-12T13:50:00+08:00,COLLIE_ESR1,100.0,367.0,7,662aa1c4-a658-49b2-9b2c-5c17f5a3e888,IN-SERVICE,NON-LIQUID,366.78,
2026-08-12T13:50:00+08:00,COLLIE_ESR1,0.0,402.87,8,662aa1c4-a658-49b2-9b2c-5c17f5a3e888,IN-SERVICE,NON-LIQUID,402.63,
2026-08-12T13:50:00+08:00,COLLIE_ESR1,50.0,622.0,9,662aa1c4-a658-49b2-9b2c-5c17f5a3e888,IN-SERVICE,NON-LIQUID,621.63,
2026-08-12T13:50:00+08:00,COLLIE_ESR1,0.0,1200.0,10,662aa1c4-a658-49b2-9b2c-5c17f5a3e888,IN-SERVICE,NON-LIQUID,1199.28,
2026-08-12T13:50:00+08:00,KWINANA_ESR2,-225.0,126.11,1,4e9369b9-b2bb-4dca-afdc-3fd25fd75482,IN-SERVICE,NOT APPLICABLE,125.98,0.0
2026-08-12T13:50:00+08:00,KWINANA_ESR2,225.0,167.27,2,4e9369b9-b2bb-4dca-afdc-3fd25fd75482,IN-SERVICE,NOT APPLICABLE,167.1,0.0
2026-08-12T13:50:00+08:00,COLLIE_BESS2,0.0,-990.1,1,299680e4-66ba-45c1-8f2d-d9f6d0843986,IN-SERVICE,NON-LIQUID,-1000.0,
2026-08-12T13:50:00+08:00,COLLIE_BESS2,-46.0,-42.46,2,299680e4-66ba-45c1-8f2d-d9f6d0843986,IN-SERVICE,NON-LIQUID,-42.88,
2026-08-12T13:50:00+08:00,COLLIE_BESS2,-46.0,-10.0,3,299680e4-66ba-45c1-8f2d-d9f6d0843986,IN-SERVICE,NON-LIQUID,-10.1,
2026-08-12T13:50:00+08:00,COLLIE_BESS2,0.0,34.02,4,299680e4-66ba-45c1-8f2d-d9f6d0843986,IN-SERVICE,NON-LIQUID,34.36,
2026-08-12T13:50:00+08:00,COLLIE_BESS2,-208.0,125.65,5,299680e4-66ba-45c1-8f2d-d9f6d0843986,IN-SERVICE,NON-LIQUID,126.91,
2026-08-12T13:50:00+08:00,COLLIE_BESS2,75.0,250.0,6,299680e4-66ba-45c1-8f2d-d9f6d0843986,IN-SERVICE,NON-LIQUID,252.5,
2026-08-12T13:50:00+08:00,COLLIE_BESS2,75.0,367.0,7,299680e4-66ba-45c1-8f2d-d9f6d0843986,IN-SERVICE,NON-LIQUID,370.67,
2026-08-12T13:50:00+08:00,COLLIE_BESS2,0.0,402.87,8,299680e4-66ba-45c1-8f2d-d9f6d0843986,IN-SERVICE,NON-LIQUID,406.9,
2026-08-12T13:50:00+08:00,COLLIE_BESS2,150.0,622.0,9,299680e4-66ba-45c1-8f2d-d9f6d0843986,IN-SERVICE,NON-LIQUID,628.22,
2026-08-12T13:50:00+08:00,COLLIE_BESS2,0.0,1188.12,10,299680e4-66ba-45c1-8f2d-d9f6d0843986,IN-SERVICE,NON-LIQUID,1200.0,
2026-08-12T13:50:00+08:00,COLLIE_ESR4,-250.0,121.96,1,7039aedc-5e1f-4ab7-ba14-447d5e6cc403,IN-SERVICE,NOT APPLICABLE,121.89,0.0
2026-08-12T13:50:00+08:00,COLLIE_ESR4,250.0,158.28,2,7039aedc-5e1f-4ab7-ba14-447d5e6cc403,IN-SERVICE,NOT APPLICABLE,158.19,0.0
2026-08-12T13:50:00+08:00,COLLIE_ESR5,-250.0,118.89,1,ece19053-7328-42d0-a50a-4a0b29b0d50f,IN-SERVICE,NOT APPLICABLE,118.82,0.0
2026-08-12T13:50:00+08:00,COLLIE_ESR5,250.0,156.78,2,ece19053-7328-42d0-a50a-4a0b29b0d50f,IN-SERVICE,NOT APPLICABLE,156.69,0.0
2026-08-12T13:55:00+08:00,KWINANA_ESR1,-100.0,115.17,1,d781bdbf-0a06-44ab-91ae-7078889c6dbe,IN-SERVICE,NOT APPLICABLE,115.12,0.0
2026-08-12T13:55:00+08:00,KWINANA_ESR1,100.0,149.45,2,d781bdbf-0a06-44ab-91ae-7078889c6dbe,IN-SERVICE,NOT APPLICABLE,149.39,0.0
2026-08-12T13:55:00+08:00,COLLIE_ESR1,0.0,-1000.0,1,185967df-03eb-48f2-b4dd-45aff21e2aef,IN-SERVICE,NON-LIQUID,-999.4,
2026-08-12T13:55:00+08:00,COLLIE_ESR1,-25.0,-42.46,2,185967df-03eb-48f2-b4dd-45aff21e2aef,IN-SERVICE,NON-LIQUID,-42.43,
2026-08-12T13:55:00+08:00,COLLIE_ESR1,-26.0,-10.0,3,185967df-03eb-48f2-b4dd-45aff21e2aef,IN-SERVICE,NON-LIQUID,-9.99,
2026-08-12T13:55:00+08:00,COLLIE_ESR1,0.0,34.02,4,185967df-03eb-48f2-b4dd-45aff21e2aef,IN-SERVICE,NON-LIQUID,34.0,
2026-08-12T13:55:00+08:00,COLLIE_ESR1,-149.0,131.04,5,185967df-03eb-48f2-b4dd-45aff21e2aef,IN-SERVICE,NON-LIQUID,130.96,
2026-08-12T13:55:00+08:00,COLLIE_ESR1,50.0,250.0,6,185967df-03eb-48f2-b4dd-45aff21e2aef,IN-SERVICE,NON-LIQUID,249.85,
2026-08-12T13:55:00+08:00,COLLIE_ESR1,100.0,367.0,7,185967df-03eb-48f2-b4dd-45aff21e2aef,IN-SERVICE,NON-LIQUID,366.78,
2026-08-12T13:55:00+08:00,COLLIE_ESR1,0.0,402.87,8,185967df-03eb-48f2-b4dd-45aff21e2aef,IN-SERVICE,NON-LIQUID,402.63,
2026-08-12T13:55:00+08:00,COLLIE_ESR1,50.0,622.0,9,185967df-03eb-48f2-b4dd-45aff21e2aef,IN-SERVICE,NON-LIQUID,621.63,
2026-08-12T13:55:00+08:00,COLLIE_ESR1,0.0,1200.0,10,185967df-03eb-48f2-b4dd-45aff21e2aef,IN-SERVICE,NON-LIQUID,1199.28,
2026-08-12T13:55:00+08:00,KWINANA_ESR2,-225.0,126.11,1,4e9369b9-b2bb-4dca-afdc-3fd25fd75482,IN-SERVICE,NOT APPLICABLE,125.98,0.0
2026-08-12T13:55:00+08:00,KWINANA_ESR2,225.0,167.27,2,4e9369b9-b2bb-4dca-afdc-3fd25fd75482,IN-SERVICE,NOT APPLICABLE,167.1,0.0
2026-08-12T13:55:00+08:00,COLLIE_BESS2,0.0,-990.1,1,c3baae93-f566-4c60-833a-5a70093e2837,IN-SERVICE,NON-LIQUID,-1000.0,
2026-08-12T13:55:00+08:00,COLLIE_BESS2,-46.0,-42.46,2,c3baae93-f566-4c60-833a-5a70093e2837,IN-SERVICE,NON-LIQUID,-42.88,
2026-08-12T13:55:00+08:00,COLLIE_BESS2,-46.0,-10.0,3,c3baae93-f566-4c60-833a-5a70093e2837,IN-SERVICE,NON-LIQUID,-10.1,
2026-08-12T13:55:00+08:00,COLLIE_BESS2,0.0,34.02,4,c3baae93-f566-4c60-833a-5a70093e2837,IN-SERVICE,NON-LIQUID,34.36,
2026-08-12T13:55:00+08:00,COLLIE_BESS2,-208.0,131.04,5,c3baae93-f566-4c60-833a-5a70093e2837,IN-SERVICE,NON-LIQUID,132.35,
2026-08-12T13:55:00+08:00,COLLIE_BESS2,75.0,250.0,6,c3baae93-f566-4c60-833a-5a70093e2837,IN-SERVICE,NON-LIQUID,252.5,
2026-08-12T13:55:00+08:00,COLLIE_BESS2,75.0,367.0,7,c3baae93-f566-4c60-833a-5a70093e2837,IN-SERVICE,NON-LIQUID,370.67,
2026-08-12T13:55:00+08:00,COLLIE_BESS2,0.0,402.87,8,c3baae93-f566-4c60-833a-5a70093e2837,IN-SERVICE,NON-LIQUID,406.9,
2026-08-12T13:55:00+08:00,COLLIE_BESS2,150.0,622.0,9,c3baae93-f566-4c60-833a-5a70093e2837,IN-SERVICE,NON-LIQUID,628.22,
2026-08-12T13:55:00+08:00,COLLIE_BESS2,0.0,1188.12,10,c3baae93-f566-4c60-833a-5a70093e2837,IN-SERVICE,NON-LIQUID,1200.0,
2026-08-12T13:55:00+08:00,COLLIE_ESR4,-250.0,121.96,1,7039aedc-5e1f-4ab7-ba14-447d5e6cc403,IN-SERVICE,NOT APPLICABLE,121.89,0.0
2026-08-12T13:55:00+08:00,COLLIE_ESR4,250.0,159.84,2,7039aedc-5e1f-4ab7-ba14-447d5e6cc403,IN-SERVICE,NOT APPLICABLE,159.74,0.0
2026-08-12T13:55:00+08:00,COLLIE_ESR5,-250.0,119.56,1,ece19053-7328-42d0-a50a-4a0b29b0d50f,IN-SERVICE,NOT APPLICABLE,119.49,0.0
2026-08-12T13:55:00+08:00,COLLIE_ESR5,250.0,156.78,2,ece19053-7328-42d0-a50a-4a0b29b0d50f,IN-SERVICE,NOT APPLICABLE,156.69,0.0
2026-08-12T14:00:00+08:00,KWINANA_ESR1,-100.0,126.05,1,d781bdbf-0a06-44ab-91ae-7078889c6dbe,IN-SERVICE,NOT APPLICABLE,126.0,0.0
2026-08-12T14:00:00+08:00,KWINANA_ESR1,100.0,140.79,2,d781bdbf-0a06-44ab-91ae-7078889c6dbe,IN-SERVICE,NOT APPLICABLE,140.73,0.0
2026-08-12T14:00:00+08:00,COLLIE_ESR1,0.0,-1000.0,1,b63ad601-ffe3-46ac-91f8-38dac388d61c,IN-SERVICE,NON-LIQUID,-999.4,
2026-08-12T14:00:00+08:00,COLLIE_ESR1,-25.0,-42.46,2,b63ad601-ffe3-46ac-91f8-38dac388d61c,IN-SERVICE,NON-LIQUID,-42.43,
2026-08-12T14:00:00+08:00,COLLIE_ESR1,-26.0,-10.0,3,b63ad601-ffe3-46ac-91f8-38dac388d61c,IN-SERVICE,NON-LIQUID,-9.99,
2026-08-12T14:00:00+08:00,COLLIE_ESR1,0.0,34.02,4,b63ad601-ffe3-46ac-91f8-38dac388d61c,IN-SERVICE,NON-LIQUID,34.0,
2026-08-12T14:00:00+08:00,COLLIE_ESR1,-149.0,137.28,5,b63ad601-ffe3-46ac-91f8-38dac388d61c,IN-SERVICE,NON-LIQUID,137.2,
2026-08-12T14:00:00+08:00,COLLIE_ESR1,50.0,250.0,6,b63ad601-ffe3-46ac-91f8-38dac388d61c,IN-SERVICE,NON-LIQUID,249.85,
2026-08-12T14:00:00+08:00,COLLIE_ESR1,100.0,367.0,7,b63ad601-ffe3-46ac-91f8-38dac388d61c,IN-SERVICE,NON-LIQUID,366.78,
2026-08-12T14:00:00+08:00,COLLIE_ESR1,0.0,400.0,8,b63ad601-ffe3-46ac-91f8-38dac388d61c,IN-SERVICE,NON-LIQUID,399.76,
2026-08-12T14:00:00+08:00,COLLIE_ESR1,50.0,622.0,9,b63ad601-ffe3-46ac-91f8-38dac388d61c,IN-SERVICE,NON-LIQUID,621.63,
2026-08-12T14:00:00+08:00,COLLIE_ESR1,0.0,1200.0,10,b63ad601-ffe3-46ac-91f8-38dac388d61c,IN-SERVICE,NON-LIQUID,1199.28,
2026-08-12T14:00:00+08:00,KWINANA_ESR2,-225.0,139.19,1,4e9369b9-b2bb-4dca-afdc-3fd25fd75482,IN-SERVICE,NOT APPLICABLE,139.05,0.0
2026-08-12T14:00:00+08:00,KWINANA_ESR2,225.0,154.19,2,4e9369b9-b2bb-4dca-afdc-3fd25fd75482,IN-SERVICE,NOT APPLICABLE,154.04,0.0
2026-08-12T14:00:00+08:00,COLLIE_BESS2,0.0,-990.1,1,141c788c-a6a6-457e-9d1b-74a5b843367b,IN-SERVICE,NON-LIQUID,-1000.0,
2026-08-12T14:00:00+08:00,COLLIE_BESS2,-46.0,-42.46,2,141c788c-a6a6-457e-9d1b-74a5b843367b,IN-SERVICE,NON-LIQUID,-42.88,
2026-08-12T14:00:00+08:00,COLLIE_BESS2,-46.0,-10.0,3,141c788c-a6a6-457e-9d1b-74a5b843367b,IN-SERVICE,NON-LIQUID,-10.1,
2026-08-12T14:00:00+08:00,COLLIE_BESS2,0.0,34.02,4,141c788c-a6a6-457e-9d1b-74a5b843367b,IN-SERVICE,NON-LIQUID,34.36,
2026-08-12T14:00:00+08:00,COLLIE_BESS2,-208.0,137.28,5,141c788c-a6a6-457e-9d1b-74a5b843367b,IN-SERVICE,NON-LIQUID,138.65,
2026-08-12T14:00:00+08:00,COLLIE_BESS2,75.0,250.0,6,141c788c-a6a6-457e-9d1b-74a5b843367b,IN-SERVICE,NON-LIQUID,252.5,
2026-08-12T14:00:00+08:00,COLLIE_BESS2,75.0,367.0,7,141c788c-a6a6-457e-9d1b-74a5b843367b,IN-SERVICE,NON-LIQUID,370.67,
2026-08-12T14:00:00+08:00,COLLIE_BESS2,0.0,388.18,8,141c788c-a6a6-457e-9d1b-74a5b843367b,IN-SERVICE,NON-LIQUID,392.06,
2026-08-12T14:00:00+08:00,COLLIE_BESS2,150.0,622.0,9,141c788c-a6a6-457e-9d1b-74a5b843367b,IN-SERVICE,NON-LIQUID,628.22,
2026-08-12T14:00:00+08:00,COLLIE_BESS2,0.0,1188.12,10,141c788c-a6a6-457e-9d1b-74a5b843367b,IN-SERVICE,NON-LIQUID,1200.0,
2026-08-12T14:00:00+08:00,COLLIE_ESR4,-250.0,133.11,1,7039aedc-5e1f-4ab7-ba14-447d5e6cc403,IN-SERVICE,NOT APPLICABLE,133.03,0.0
2026-08-12T14:00:00+08:00,COLLIE_ESR4,250.0,150.16,2,7039aedc-5e1f-4ab7-ba14-447d5e6cc403,IN-SERVICE,NOT APPLICABLE,150.07,0.0
2026-08-12T14:00:00+08:00,COLLIE_ESR5,-250.0,133.22,1,ece19053-7328-42d0-a50a-4a0b29b0d50f,IN-SERVICE,NOT APPLICABLE,133.14,0.0
2026-08-12T14:00:00+08:00,COLLIE_ESR5,250.0,148.49,2,ece19053-7328-42d0-a50a-4a0b29b0d50f,IN-SERVICE,NOT APPLICABLE,148.4,0.0
2026-08-12T14:05:00+08:00,KWINANA_ESR1,-100.0,133.1,1,36dbd470-f17f-47e7-b254-01453bdef163,IN-SERVICE,NOT APPLICABLE,133.05,0.0
2026-08-12T14:05:00+08:00,KWINANA_ESR1,100.0,147.84,2,36dbd470-f17f-47e7-b254-01453bdef163,IN-SERVICE,NOT APPLICABLE,147.78,0.0
2026-08-12T14:05:00+08:00,COLLIE_ESR1,0.0,-1000.0,1,36110a94-1c6f-4783-97f7-4d0161359d70,IN-SERVICE,NON-LIQUID,-999.4,
2026-08-12T14:05:00+08:00,COLLIE_ESR1,-28.0,-42.46,2,36110a94-1c6f-4783-97f7-4d0161359d70,IN-SERVICE,NON-LIQUID,-42.43,
2026-08-12T14:05:00+08:00,COLLIE_ESR1,-28.0,-10.0,3,36110a94-1c6f-4783-97f7-4d0161359d70,IN-SERVICE,NON-LIQUID,-9.99,
2026-08-12T14:05:00+08:00,COLLIE_ESR1,0.0,34.02,4,36110a94-1c6f-4783-97f7-4d0161359d70,IN-SERVICE,NON-LIQUID,34.0,
2026-08-12T14:05:00+08:00,COLLIE_ESR1,-144.0,135.64,5,36110a94-1c6f-4783-97f7-4d0161359d70,IN-SERVICE,NON-LIQUID,135.56,
2026-08-12T14:05:00+08:00,COLLIE_ESR1,50.0,250.0,6,36110a94-1c6f-4783-97f7-4d0161359d70,IN-SERVICE,NON-LIQUID,249.85,
2026-08-12T14:05:00+08:00,COLLIE_ESR1,100.0,367.0,7,36110a94-1c6f-4783-97f7-4d0161359d70,IN-SERVICE,NON-LIQUID,366.78,
2026-08-12T14:05:00+08:00,COLLIE_ESR1,0.0,400.0,8,36110a94-1c6f-4783-97f7-4d0161359d70,IN-SERVICE,NON-LIQUID,399.76,
2026-08-12T14:05:00+08:00,COLLIE_ESR1,50.0,622.0,9,36110a94-1c6f-4783-97f7-4d0161359d70,IN-SERVICE,NON-LIQUID,621.63,
2026-08-12T14:05:00+08:00,COLLIE_ESR1,0.0,1200.0,10,36110a94-1c6f-4783-97f7-4d0161359d70,IN-SERVICE,NON-LIQUID,1199.28,
2026-08-12T14:05:00+08:00,KWINANA_ESR2,-225.0,144.31,1,500d7ece-d00f-44b9-8691-ebfeb23d616d,IN-SERVICE,NOT APPLICABLE,144.17,0.0
2026-08-12T14:05:00+08:00,KWINANA_ESR2,225.0,159.31,2,500d7ece-d00f-44b9-8691-ebfeb23d616d,IN-SERVICE,NOT APPLICABLE,159.15,0.0
2026-08-12T14:05:00+08:00,COLLIE_BESS2,0.0,-990.1,1,afa5d54c-be68-44e9-97b0-f4ffdc5e9dd1,IN-SERVICE,NON-LIQUID,-1000.0,
2026-08-12T14:05:00+08:00,COLLIE_BESS2,-50.0,-42.46,2,afa5d54c-be68-44e9-97b0-f4ffdc5e9dd1,IN-SERVICE,NON-LIQUID,-42.88,
2026-08-12T14:05:00+08:00,COLLIE_BESS2,-51.0,-10.0,3,afa5d54c-be68-44e9-97b0-f4ffdc5e9dd1,IN-SERVICE,NON-LIQUID,-10.1,
2026-08-12T14:05:00+08:00,COLLIE_BESS2,0.0,34.02,4,afa5d54c-be68-44e9-97b0-f4ffdc5e9dd1,IN-SERVICE,NON-LIQUID,34.36,
2026-08-12T14:05:00+08:00,COLLIE_BESS2,-199.0,135.64,5,afa5d54c-be68-44e9-97b0-f4ffdc5e9dd1,IN-SERVICE,NON-LIQUID,137.0,
2026-08-12T14:05:00+08:00,COLLIE_BESS2,75.0,250.0,6,afa5d54c-be68-44e9-97b0-f4ffdc5e9dd1,IN-SERVICE,NON-LIQUID,252.5,
2026-08-12T14:05:00+08:00,COLLIE_BESS2,75.0,367.0,7,afa5d54c-be68-44e9-97b0-f4ffdc5e9dd1,IN-SERVICE,NON-LIQUID,370.67,
2026-08-12T14:05:00+08:00,COLLIE_BESS2,0.0,388.18,8,afa5d54c-be68-44e9-97b0-f4ffdc5e9dd1,IN-SERVICE,NON-LIQUID,392.06,
2026-08-12T14:05:00+08:00,COLLIE_BESS2,150.0,622.0,9,afa5d54c-be68-44e9-97b0-f4ffdc5e9dd1,IN-SERVICE,NON-LIQUID,628.22,
2026-08-12T14:05:00+08:00,COLLIE_BESS2,0.0,1188.12,10,afa5d54c-be68-44e9-97b0-f4ffdc5e9dd1,IN-SERVICE,NON-LIQUID,1200.0,
2026-08-12T14:05:00+08:00,COLLIE_ESR4,-250.0,144.01,1,bb0037bf-f741-4a3a-96ae-13554660dc8e,IN-SERVICE,NOT APPLICABLE,143.92,0.0
2026-08-12T14:05:00+08:00,COLLIE_ESR4,250.0,159.49,2,bb0037bf-f741-4a3a-96ae-13554660dc8e,IN-SERVICE,NOT APPLICABLE,159.39,0.0
2026-08-12T14:05:00+08:00,COLLIE_ESR5,-250.0,134.64,1,4ef3aa33-cffb-4777-9a0f-de742cb0e135,IN-SERVICE,NOT APPLICABLE,134.56,0.0
2026-08-12T14:05:00+08:00,COLLIE_ESR5,250.0,156.93,2,4ef3aa33-cffb-4777-9a0f-de742cb0e135,IN-SERVICE,NOT APPLICABLE,156.84,0.0
2026-08-12T14:10:00+08:00,KWINANA_ESR1,-100.0,133.1,1,36dbd470-f17f-47e7-b254-01453bdef163,IN-SERVICE,NOT APPLICABLE,133.05,0.0
2026-08-12T14:10:00+08:00,KWINANA_ESR1,100.0,147.84,2,36dbd470-f17f-47e7-b254-01453bdef163,IN-SERVICE,NOT APPLICABLE,147.78,0.0
2026-08-12T14:10:00+08:00,COLLIE_ESR1,0.0,-1000.0,1,8d82ae5c-d4d2-43e7-91b1-a1c81503d355,IN-SERVICE,NON-LIQUID,-999.4,
2026-08-12T14:10:00+08:00,COLLIE_ESR1,-28.0,-42.46,2,8d82ae5c-d4d2-43e7-91b1-a1c81503d355,IN-SERVICE,NON-LIQUID,-42.43,
2026-08-12T14:10:00+08:00,COLLIE_ESR1,-28.0,-10.0,3,8d82ae5c-d4d2-43e7-91b1-a1c81503d355,IN-SERVICE,NON-LIQUID,-9.99,
2026-08-12T14:10:00+08:00,COLLIE_ESR1,0.0,34.02,4,8d82ae5c-d4d2-43e7-91b1-a1c81503d355,IN-SERVICE,NON-LIQUID,34.0,
2026-08-12T14:10:00+08:00,COLLIE_ESR1,-144.0,136.02,5,8d82ae5c-d4d2-43e7-91b1-a1c81503d355,IN-SERVICE,NON-LIQUID,135.94,
2026-08-12T14:10:00+08:00,COLLIE_ESR1,50.0,250.0,6,8d82ae5c-d4d2-43e7-91b1-a1c81503d355,IN-SERVICE,NON-LIQUID,249.85,
2026-08-12T14:10:00+08:00,COLLIE_ESR1,100.0,367.0,7,8d82ae5c-d4d2-43e7-91b1-a1c81503d355,IN-SERVICE,NON-LIQUID,366.78,
2026-08-12T14:10:00+08:00,COLLIE_ESR1,0.0,400.0,8,8d82ae5c-d4d2-43e7-91b1-a1c81503d355,IN-SERVICE,NON-LIQUID,399.76,
2026-08-12T14:10:00+08:00,COLLIE_ESR1,50.0,622.0,9,8d82ae5c-d4d2-43e7-91b1-a1c81503d355,IN-SERVICE,NON-LIQUID,621.63,
2026-08-12T14:10:00+08:00,COLLIE_ESR1,0.0,1200.0,10,8d82ae5c-d4d2-43e7-91b1-a1c81503d355,IN-SERVICE,NON-LIQUID,1199.28,
2026-08-12T14:10:00+08:00,KWINANA_ESR2,-225.0,144.31,1,500d7ece-d00f-44b9-8691-ebfeb23d616d,IN-SERVICE,NOT APPLICABLE,144.17,0.0
2026-08-12T14:10:00+08:00,KWINANA_ESR2,225.0,159.31,2,500d7ece-d00f-44b9-8691-ebfeb23d616d,IN-SERVICE,NOT APPLICABLE,159.15,0.0
2026-08-12T14:10:00+08:00,COLLIE_BESS2,0.0,-990.1,1,04c2f307-b54c-469b-b270-379dce9db50d,IN-SERVICE,NON-LIQUID,-1000.0,
2026-08-12T14:10:00+08:00,COLLIE_BESS2,-50.0,-42.46,2,04c2f307-b54c-469b-b270-379dce9db50d,IN-SERVICE,NON-LIQUID,-42.88,
2026-08-12T14:10:00+08:00,COLLIE_BESS2,-51.0,-10.0,3,04c2f307-b54c-469b-b270-379dce9db50d,IN-SERVICE,NON-LIQUID,-10.1,
2026-08-12T14:10:00+08:00,COLLIE_BESS2,0.0,34.02,4,04c2f307-b54c-469b-b270-379dce9db50d,IN-SERVICE,NON-LIQUID,34.36,
2026-08-12T14:10:00+08:00,COLLIE_BESS2,-199.0,136.02,5,04c2f307-b54c-469b-b270-379dce9db50d,IN-SERVICE,NON-LIQUID,137.38,
2026-08-12T14:10:00+08:00,COLLIE_BESS2,75.0,250.0,6,04c2f307-b54c-469b-b270-379dce9db50d,IN-SERVICE,NON-LIQUID,252.5,
2026-08-12T14:10:00+08:00,COLLIE_BESS2,75.0,367.0,7,04c2f307-b54c-469b-b270-379dce9db50d,IN-SERVICE,NON-LIQUID,370.67,
2026-08-12T14:10:00+08:00,COLLIE_BESS2,0.0,388.18,8,04c2f307-b54c-469b-b270-379dce9db50d,IN-SERVICE,NON-LIQUID,392.06,
2026-08-12T14:10:00+08:00,COLLIE_BESS2,150.0,622.0,9,04c2f307-b54c-469b-b270-379dce9db50d,IN-SERVICE,NON-LIQUID,628.22,
2026-08-12T14:10:00+08:00,COLLIE_BESS2,0.0,1188.12,10,04c2f307-b54c-469b-b270-379dce9db50d,IN-SERVICE,NON-LIQUID,1200.0,
2026-08-12T14:10:00+08:00,COLLIE_ESR4,-250.0,144.01,1,bb0037bf-f741-4a3a-96ae-13554660dc8e,IN-SERVICE,NOT APPLICABLE,143.92,0.0
2026-08-12T14:10:00+08:00,COLLIE_ESR4,250.0,159.49,2,bb0037bf-f741-4a3a-96ae-13554660dc8e,IN-SERVICE,NOT APPLICABLE,159.39,0.0
2026-08-12T14:10:00+08:00,COLLIE_ESR5,-250.0,134.64,1,4ef3aa33-cffb-4777-9a0f-de742cb0e135,IN-SERVICE,NOT APPLICABLE,134.56,0.0
2026-08-12T14:10:00+08:00,COLLIE_ESR5,250.0,156.93,2,4ef3aa33-cffb-4777-9a0f-de742cb0e135,IN-SERVICE,NOT APPLICABLE,156.84,0.0
2026-08-12T14:15:00+08:00,KWINANA_ESR1,-100.0,134.58,1,36dbd470-f17f-47e7-b254-01453bdef163,IN-SERVICE,NOT APPLICABLE,134.53,0.0
2026-08-12T14:15:00+08:00,KWINANA_ESR1,100.0,149.32,2,36dbd470-f17f-47e7-b254-01453bdef163,IN-SERVICE,NOT APPLICABLE,149.26,0.0
2026-08-12T14:15:00+08:00,COLLIE_ESR1,0.0,-1000.0,1,e2bb2592-3783-4796-89e8-9e589453c8ca,IN-SERVICE,NON-LIQUID,-999.4,
2026-08-12T14:15:00+08:00,COLLIE_ESR1,-28.0,-42.46,2,e2bb2592-3783-4796-89e8-9e589453c8ca,IN-SERVICE,NON-LIQUID,-42.43,
2026-08-12T14:15:00+08:00,COLLIE_ESR1,-28.0,-10.0,3,e2bb2592-3783-4796-89e8-9e589453c8ca,IN-SERVICE,NON-LIQUID,-9.99,
2026-08-12T14:15:00+08:00,COLLIE_ESR1,0.0,34.02,4,e2bb2592-3783-4796-89e8-9e589453c8ca,IN-SERVICE,NON-LIQUID,34.0,
2026-08-12T14:15:00+08:00,COLLIE_ESR1,-144.0,135.66,5,e2bb2592-3783-4796-89e8-9e589453c8ca,IN-SERVICE,NON-LIQUID,135.58,
2026-08-12T14:15:00+08:00,COLLIE_ESR1,50.0,250.0,6,e2bb2592-3783-4796-89e8-9e589453c8ca,IN-SERVICE,NON-LIQUID,249.85,
2026-08-12T14:15:00+08:00,COLLIE_ESR1,100.0,367.0,7,e2bb2592-3783-4796-89e8-9e589453c8ca,IN-SERVICE,NON-LIQUID,366.78,
2026-08-12T14:15:00+08:00,COLLIE_ESR1,0.0,400.0,8,e2bb2592-3783-4796-89e8-9e589453c8ca,IN-SERVICE,NON-LIQUID,399.76,
2026-08-12T14:15:00+08:00,COLLIE_ESR1,50.0,622.0,9,e2bb2592-3783-4796-89e8-9e589453c8ca,IN-SERVICE,NON-LIQUID,621.63,
2026-08-12T14:15:00+08:00,COLLIE_ESR1,0.0,1200.0,10,e2bb2592-3783-4796-89e8-9e589453c8ca,IN-SERVICE,NON-LIQUID,1199.28,
2026-08-12T14:15:00+08:00,KWINANA_ESR2,-225.0,144.31,1,500d7ece-d00f-44b9-8691-ebfeb23d616d,IN-SERVICE,NOT APPLICABLE,144.17,0.0
2026-08-12T14:15:00+08:00,KWINANA_ESR2,225.0,159.31,2,500d7ece-d00f-44b9-8691-ebfeb23d616d,IN-SERVICE,NOT APPLICABLE,159.15,0.0
2026-08-12T14:15:00+08:00,COLLIE_BESS2,0.0,-990.1,1,2fccb41b-5113-4f1d-b596-8e6c18277d8f,IN-SERVICE,NON-LIQUID,-1000.0,
2026-08-12T14:15:00+08:00,COLLIE_BESS2,-50.0,-42.46,2,2fccb41b-5113-4f1d-b596-8e6c18277d8f,IN-SERVICE,NON-LIQUID,-42.88,
2026-08-12T14:15:00+08:00,COLLIE_BESS2,-51.0,-10.0,3,2fccb41b-5113-4f1d-b596-8e6c18277d8f,IN-SERVICE,NON-LIQUID,-10.1,
2026-08-12T14:15:00+08:00,COLLIE_BESS2,0.0,34.02,4,2fccb41b-5113-4f1d-b596-8e6c18277d8f,IN-SERVICE,NON-LIQUID,34.36,
2026-08-12T14:15:00+08:00,COLLIE_BESS2,-199.0,135.66,5,2fccb41b-5113-4f1d-b596-8e6c18277d8f,IN-SERVICE,NON-LIQUID,137.02,
2026-08-12T14:15:00+08:00,COLLIE_BESS2,75.0,250.0,6,2fccb41b-5113-4f1d-b596-8e6c18277d8f,IN-SERVICE,NON-LIQUID,252.5,
2026-08-12T14:15:00+08:00,COLLIE_BESS2,75.0,367.0,7,2fccb41b-5113-4f1d-b596-8e6c18277d8f,IN-SERVICE,NON-LIQUID,370.67,
2026-08-12T14:15:00+08:00,COLLIE_BESS2,0.0,388.18,8,2fccb41b-5113-4f1d-b596-8e6c18277d8f,IN-SERVICE,NON-LIQUID,392.06,
2026-08-12T14:15:00+08:00,COLLIE_BESS2,150.0,622.0,9,2fccb41b-5113-4f1d-b596-8e6c18277d8f,IN-SERVICE,NON-LIQUID,628.22,
2026-08-12T14:15:00+08:00,COLLIE_BESS2,0.0,1188.12,10,2fccb41b-5113-4f1d-b596-8e6c18277d8f,IN-SERVICE,NON-LIQUID,1200.0,
2026-08-12T14:15:00+08:00,COLLIE_ESR4,-250.0,144.01,1,bb0037bf-f741-4a3a-96ae-13554660dc8e,IN-SERVICE,NOT APPLICABLE,143.92,0.0
2026-08-12T14:15:00+08:00,COLLIE_ESR4,250.0,159.49,2,bb0037bf-f741-4a3a-96ae-13554660dc8e,IN-SERVICE,NOT APPLICABLE,159.39,0.0
2026-08-12T14:15:00+08:00,COLLIE_ESR5,-250.0,134.64,1,4ef3aa33-cffb-4777-9a0f-de742cb0e135,IN-SERVICE,NOT APPLICABLE,134.56,0.0
2026-08-12T14:15:00+08:00,COLLIE_ESR5,250.0,156.93,2,4ef3aa33-cffb-4777-9a0f-de742cb0e135,IN-SERVICE,NOT APPLICABLE,156.84,0.0
2026-08-12T14:20:00+08:00,KWINANA_ESR1,-100.0,136.86,1,4624800f-bcbe-4346-affe-a9a23ff3b38f,IN-SERVICE,NOT APPLICABLE,136.81,0.0
2026-08-12T14:20:00+08:00,KWINANA_ESR1,100.0,151.6,2,4624800f-bcbe-4346-affe-a9a23ff3b38f,IN-SERVICE,NOT APPLICABLE,151.54,0.0
2026-08-12T14:20:00+08:00,COLLIE_ESR1,0.0,-1000.0,1,12ac8f2c-c65e-4575-a6eb-5024a53d4ab8,IN-SERVICE,NON-LIQUID,-999.4,
2026-08-12T14:20:00+08:00,COLLIE_ESR1,-28.0,-42.46,2,12ac8f2c-c65e-4575-a6eb-5024a53d4ab8,IN-SERVICE,NON-LIQUID,-42.43,
2026-08-12T14:20:00+08:00,COLLIE_ESR1,-28.0,-10.0,3,12ac8f2c-c65e-4575-a6eb-5024a53d4ab8,IN-SERVICE,NON-LIQUID,-9.99,
2026-08-12T14:20:00+08:00,COLLIE_ESR1,0.0,34.02,4,12ac8f2c-c65e-4575-a6eb-5024a53d4ab8,IN-SERVICE,NON-LIQUID,34.0,
2026-08-12T14:20:00+08:00,COLLIE_ESR1,-144.0,147.4,5,12ac8f2c-c65e-4575-a6eb-5024a53d4ab8,IN-SERVICE,NON-LIQUID,147.31,
2026-08-12T14:20:00+08:00,COLLIE_ESR1,50.0,250.0,6,12ac8f2c-c65e-4575-a6eb-5024a53d4ab8,IN-SERVICE,NON-LIQUID,249.85,
2026-08-12T14:20:00+08:00,COLLIE_ESR1,100.0,367.0,7,12ac8f2c-c65e-4575-a6eb-5024a53d4ab8,IN-SERVICE,NON-LIQUID,366.78,
2026-08-12T14:20:00+08:00,COLLIE_ESR1,0.0,400.0,8,12ac8f2c-c65e-4575-a6eb-5024a53d4ab8,IN-SERVICE,NON-LIQUID,399.76,
2026-08-12T14:20:00+08:00,COLLIE_ESR1,50.0,622.0,9,12ac8f2c-c65e-4575-a6eb-5024a53d4ab8,IN-SERVICE,NON-LIQUID,621.63,
2026-08-12T14:20:00+08:00,COLLIE_ESR1,0.0,1200.0,10,12ac8f2c-c65e-4575-a6eb-5024a53d4ab8,IN-SERVICE,NON-LIQUID,1199.28,
2026-08-12T14:20:00+08:00,KWINANA_ESR2,-225.0,144.31,1,056a29a1-4a15-4ab1-a2ee-e01e24585f68,IN-SERVICE,NOT APPLICABLE,144.17,0.0
2026-08-12T14:20:00+08:00,KWINANA_ESR2,225.0,159.31,2,056a29a1-4a15-4ab1-a2ee-e01e24585f68,IN-SERVICE,NOT APPLICABLE,159.15,0.0
2026-08-12T14:20:00+08:00,COLLIE_BESS2,0.0,-990.1,1,5da36b89-2693-4653-a4e6-645f3501e402,IN-SERVICE,NON-LIQUID,-1000.0,
2026-08-12T14:20:00+08:00,COLLIE_BESS2,-50.0,-42.46,2,5da36b89-2693-4653-a4e6-645f3501e402,IN-SERVICE,NON-LIQUID,-42.88,
2026-08-12T14:20:00+08:00,COLLIE_BESS2,-51.0,-10.0,3,5da36b89-2693-4653-a4e6-645f3501e402,IN-SERVICE,NON-LIQUID,-10.1,
2026-08-12T14:20:00+08:00,COLLIE_BESS2,0.0,34.02,4,5da36b89-2693-4653-a4e6-645f3501e402,IN-SERVICE,NON-LIQUID,34.36,
2026-08-12T14:20:00+08:00,COLLIE_BESS2,-199.0,147.4,5,5da36b89-2693-4653-a4e6-645f3501e402,IN-SERVICE,NON-LIQUID,148.87,
2026-08-12T14:20:00+08:00,COLLIE_BESS2,75.0,250.0,6,5da36b89-2693-4653-a4e6-645f3501e402,IN-SERVICE,NON-LIQUID,252.5,
2026-08-12T14:20:00+08:00,COLLIE_BESS2,75.0,367.0,7,5da36b89-2693-4653-a4e6-645f3501e402,IN-SERVICE,NON-LIQUID,370.67,
2026-08-12T14:20:00+08:00,COLLIE_BESS2,0.0,388.18,8,5da36b89-2693-4653-a4e6-645f3501e402,IN-SERVICE,NON-LIQUID,392.06,
2026-08-12T14:20:00+08:00,COLLIE_BESS2,150.0,622.0,9,5da36b89-2693-4653-a4e6-645f3501e402,IN-SERVICE,NON-LIQUID,628.22,
2026-08-12T14:20:00+08:00,COLLIE_BESS2,0.0,1188.12,10,5da36b89-2693-4653-a4e6-645f3501e402,IN-SERVICE,NON-LIQUID,1200.0,
2026-08-12T14:20:00+08:00,COLLIE_ESR4,-250.0,144.01,1,b1d32c1f-fc0a-40ec-a709-efb46b1b3a94,IN-SERVICE,NOT APPLICABLE,143.92,0.0
2026-08-12T14:20:00+08:00,COLLIE_ESR4,250.0,159.49,2,b1d32c1f-fc0a-40ec-a709-efb46b1b3a94,IN-SERVICE,NOT APPLICABLE,159.39,0.0
2026-08-12T14:20:00+08:00,COLLIE_ESR5,-250.0,139.41,1,5c5cbce2-64b6-4e02-898e-f95c5e194583,IN-SERVICE,NOT APPLICABLE,139.33,0.0
2026-08-12T14:20:00+08:00,COLLIE_ESR5,250.0,159.38,2,5c5cbce2-64b6-4e02-898e-f95c5e194583,IN-SERVICE,NOT APPLICABLE,159.28,0.0
2026-08-12T14:25:00+08:00,KWINANA_ESR1,-100.0,137.12,1,4624800f-bcbe-4346-affe-a9a23ff3b38f,IN-SERVICE,NOT APPLICABLE,137.07,0.0
2026-08-12T14:25:00+08:00,KWINANA_ESR1,100.0,151.6,2,4624800f-bcbe-4346-affe-a9a23ff3b38f,IN-SERVICE,NOT APPLICABLE,151.54,0.0
2026-08-12T14:25:00+08:00,COLLIE_ESR1,0.0,-1000.0,1,ddfe9f2a-a99e-4bed-88be-62d3bded01b5,IN-SERVICE,NON-LIQUID,-999.4,
2026-08-12T14:25:00+08:00,COLLIE_ESR1,-28.0,-42.46,2,ddfe9f2a-a99e-4bed-88be-62d3bded01b5,IN-SERVICE,NON-LIQUID,-42.43,
2026-08-12T14:25:00+08:00,COLLIE_ESR1,-28.0,-10.0,3,ddfe9f2a-a99e-4bed-88be-62d3bded01b5,IN-SERVICE,NON-LIQUID,-9.99,
2026-08-12T14:25:00+08:00,COLLIE_ESR1,0.0,34.02,4,ddfe9f2a-a99e-4bed-88be-62d3bded01b5,IN-SERVICE,NON-LIQUID,34.0,
2026-08-12T14:25:00+08:00,COLLIE_ESR1,-144.0,140.09,5,ddfe9f2a-a99e-4bed-88be-62d3bded01b5,IN-SERVICE,NON-LIQUID,140.01,
2026-08-12T14:25:00+08:00,COLLIE_ESR1,50.0,250.0,6,ddfe9f2a-a99e-4bed-88be-62d3bded01b5,IN-SERVICE,NON-LIQUID,249.85,
2026-08-12T14:25:00+08:00,COLLIE_ESR1,100.0,367.0,7,ddfe9f2a-a99e-4bed-88be-62d3bded01b5,IN-SERVICE,NON-LIQUID,366.78,
2026-08-12T14:25:00+08:00,COLLIE_ESR1,0.0,400.0,8,ddfe9f2a-a99e-4bed-88be-62d3bded01b5,IN-SERVICE,NON-LIQUID,399.76,
2026-08-12T14:25:00+08:00,COLLIE_ESR1,50.0,622.0,9,ddfe9f2a-a99e-4bed-88be-62d3bded01b5,IN-SERVICE,NON-LIQUID,621.63,
2026-08-12T14:25:00+08:00,COLLIE_ESR1,0.0,1200.0,10,ddfe9f2a-a99e-4bed-88be-62d3bded01b5,IN-SERVICE,NON-LIQUID,1199.28,
2026-08-12T14:25:00+08:00,KWINANA_ESR2,-225.0,144.31,1,056a29a1-4a15-4ab1-a2ee-e01e24585f68,IN-SERVICE,NOT APPLICABLE,144.17,0.0
2026-08-12T14:25:00+08:00,KWINANA_ESR2,225.0,159.31,2,056a29a1-4a15-4ab1-a2ee-e01e24585f68,IN-SERVICE,NOT APPLICABLE,159.15,0.0
2026-08-12T14:25:00+08:00,COLLIE_BESS2,0.0,-990.1,1,dfbcbb51-4eef-4ba0-8f5b-db2c5d4bf5ef,IN-SERVICE,NON-LIQUID,-1000.0,
2026-08-12T14:25:00+08:00,COLLIE_BESS2,-50.0,-42.46,2,dfbcbb51-4eef-4ba0-8f5b-db2c5d4bf5ef,IN-SERVICE,NON-LIQUID,-42.88,
2026-08-12T14:25:00+08:00,COLLIE_BESS2,-51.0,-10.0,3,dfbcbb51-4eef-4ba0-8f5b-db2c5d4bf5ef,IN-SERVICE,NON-LIQUID,-10.1,
2026-08-12T14:25:00+08:00,COLLIE_BESS2,0.0,34.02,4,dfbcbb51-4eef-4ba0-8f5b-db2c5d4bf5ef,IN-SERVICE,NON-LIQUID,34.36,
2026-08-12T14:25:00+08:00,COLLIE_BESS2,-199.0,140.09,5,dfbcbb51-4eef-4ba0-8f5b-db2c5d4bf5ef,IN-SERVICE,NON-LIQUID,141.49,
2026-08-12T14:25:00+08:00,COLLIE_BESS2,75.0,250.0,6,dfbcbb51-4eef-4ba0-8f5b-db2c5d4bf5ef,IN-SERVICE,NON-LIQUID,252.5,
2026-08-12T14:25:00+08:00,COLLIE_BESS2,75.0,367.0,7,dfbcbb51-4eef-4ba0-8f5b-db2c5d4bf5ef,IN-SERVICE,NON-LIQUID,370.67,
2026-08-12T14:25:00+08:00,COLLIE_BESS2,0.0,388.18,8,dfbcbb51-4eef-4ba0-8f5b-db2c5d4bf5ef,IN-SERVICE,NON-LIQUID,392.06,
2026-08-12T14:25:00+08:00,COLLIE_BESS2,150.0,622.0,9,dfbcbb51-4eef-4ba0-8f5b-db2c5d4bf5ef,IN-SERVICE,NON-LIQUID,628.22,
2026-08-12T14:25:00+08:00,COLLIE_BESS2,0.0,1188.12,10,dfbcbb51-4eef-4ba0-8f5b-db2c5d4bf5ef,IN-SERVICE,NON-LIQUID,1200.0,
2026-08-12T14:25:00+08:00,COLLIE_ESR4,-250.0,144.01,1,b1d32c1f-fc0a-40ec-a709-efb46b1b3a94,IN-SERVICE,NOT APPLICABLE,143.92,0.0
2026-08-12T14:25:00+08:00,COLLIE_ESR4,250.0,159.49,2,b1d32c1f-fc0a-40ec-a709-efb46b1b3a94,IN-SERVICE,NOT APPLICABLE,159.39,0.0
2026-08-12T14:25:00+08:00,COLLIE_ESR5,-250.0,144.12,1,5c5cbce2-64b6-4e02-898e-f95c5e194583,IN-SERVICE,NOT APPLICABLE,144.03,0.0
2026-08-12T14:25:00+08:00,COLLIE_ESR5,250.0,159.38,2,5c5cbce2-64b6-4e02-898e-f95c5e194583,IN-SERVICE,NOT APPLICABLE,159.28,0.0
2026-08-12T14:30:00+08:00,KWINANA_ESR1,-100.0,137.8,1,4624800f-bcbe-4346-affe-a9a23ff3b38f,IN-SERVICE,NOT APPLICABLE,137.74,0.0
2026-08-12T14:30:00+08:00,KWINANA_ESR1,100.0,151.86,2,4624800f-bcbe-4346-affe-a9a23ff3b38f,IN-SERVICE,NOT APPLICABLE,151.8,0.0
2026-08-12T14:30:00+08:00,COLLIE_ESR1,0.0,-1000.0,1,a563408f-506f-40aa-b41c-8db7074a8dfb,IN-SERVICE,NON-LIQUID,-999.4,
2026-08-12T14:30:00+08:00,COLLIE_ESR1,-28.0,-42.46,2,a563408f-506f-40aa-b41c-8db7074a8dfb,IN-SERVICE,NON-LIQUID,-42.43,
2026-08-12T14:30:00+08:00,COLLIE_ESR1,-28.0,-10.0,3,a563408f-506f-40aa-b41c-8db7074a8dfb,IN-SERVICE,NON-LIQUID,-9.99,
2026-08-12T14:30:00+08:00,COLLIE_ESR1,0.0,34.02,4,a563408f-506f-40aa-b41c-8db7074a8dfb,IN-SERVICE,NON-LIQUID,34.0,
2026-08-12T14:30:00+08:00,COLLIE_ESR1,-144.0,144.52,5,a563408f-506f-40aa-b41c-8db7074a8dfb,IN-SERVICE,NON-LIQUID,144.43,
2026-08-12T14:30:00+08:00,COLLIE_ESR1,50.0,250.0,6,a563408f-506f-40aa-b41c-8db7074a8dfb,IN-SERVICE,NON-LIQUID,249.85,
2026-08-12T14:30:00+08:00,COLLIE_ESR1,100.0,367.0,7,a563408f-506f-40aa-b41c-8db7074a8dfb,IN-SERVICE,NON-LIQUID,366.78,
2026-08-12T14:30:00+08:00,COLLIE_ESR1,0.0,400.0,8,a563408f-506f-40aa-b41c-8db7074a8dfb,IN-SERVICE,NON-LIQUID,399.76,
2026-08-12T14:30:00+08:00,COLLIE_ESR1,50.0,622.0,9,a563408f-506f-40aa-b41c-8db7074a8dfb,IN-SERVICE,NON-LIQUID,621.63,
2026-08-12T14:30:00+08:00,COLLIE_ESR1,0.0,1200.0,10,a563408f-506f-40aa-b41c-8db7074a8dfb,IN-SERVICE,NON-LIQUID,1199.28,
2026-08-12T14:30:00+08:00,KWINANA_ESR2,-225.0,144.31,1,056a29a1-4a15-4ab1-a2ee-e01e24585f68,IN-SERVICE,NOT APPLICABLE,144.17,0.0
2026-08-12T14:30:00+08:00,KWINANA_ESR2,225.0,159.31,2,056a29a1-4a15-4ab1-a2ee-e01e24585f68,IN-SERVICE,NOT APPLICABLE,159.15,0.0
2026-08-12T14:30:00+08:00,COLLIE_BESS2,0.0,-990.1,1,decce1a3-05a1-44a7-8dc0-83014a00d928,IN-SERVICE,NON-LIQUID,-1000.0,
2026-08-12T14:30:00+08:00,COLLIE_BESS2,-50.0,-42.46,2,decce1a3-05a1-44a7-8dc0-83014a00d928,IN-SERVICE,NON-LIQUID,-42.88,
2026-08-12T14:30:00+08:00,COLLIE_BESS2,-51.0,-10.0,3,decce1a3-05a1-44a7-8dc0-83014a00d928,IN-SERVICE,NON-LIQUID,-10.1,
2026-08-12T14:30:00+08:00,COLLIE_BESS2,0.0,34.02,4,decce1a3-05a1-44a7-8dc0-83014a00d928,IN-SERVICE,NON-LIQUID,34.36,
2026-08-12T14:30:00+08:00,COLLIE_BESS2,-199.0,144.52,5,decce1a3-05a1-44a7-8dc0-83014a00d928,IN-SERVICE,NON-LIQUID,145.97,
2026-08-12T14:30:00+08:00,COLLIE_BESS2,75.0,250.0,6,decce1a3-05a1-44a7-8dc0-83014a00d928,IN-SERVICE,NON-LIQUID,252.5,
2026-08-12T14:30:00+08:00,COLLIE_BESS2,75.0,367.0,7,decce1a3-05a1-44a7-8dc0-83014a00d928,IN-SERVICE,NON-LIQUID,370.67,
2026-08-12T14:30:00+08:00,COLLIE_BESS2,0.0,388.18,8,decce1a3-05a1-44a7-8dc0-83014a00d928,IN-SERVICE,NON-LIQUID,392.06,
2026-08-12T14:30:00+08:00,COLLIE_BESS2,150.0,622.0,9,decce1a3-05a1-44a7-8dc0-83014a00d928,IN-SERVICE,NON-LIQUID,628.22,
2026-08-12T14:30:00+08:00,COLLIE_BESS2,0.0,1188.12,10,decce1a3-05a1-44a7-8dc0-83014a00d928,IN-SERVICE,NON-LIQUID,1200.0,
2026-08-12T14:30:00+08:00,COLLIE_ESR4,-250.0,144.01,1,b1d32c1f-fc0a-40ec-a709-efb46b1b3a94,IN-SERVICE,NOT APPLICABLE,143.92,0.0
2026-08-12T14:30:00+08:00,COLLIE_ESR4,250.0,159.49,2,b1d32c1f-fc0a-40ec-a709-efb46b1b3a94,IN-SERVICE,NOT APPLICABLE,159.39,0.0
2026-08-12T14:30:00+08:00,COLLIE_ESR5,-250.0,144.12,1,5c5cbce2-64b6-4e02-898e-f95c5e194583,IN-SERVICE,NOT APPLICABLE,144.03,0.0
2026-08-12T14:30:00+08:00,COLLIE_ESR5,250.0,159.38,2,5c5cbce2-64b6-4e02-898e-f95c5e194583,IN-SERVICE,NOT APPLICABLE,159.28,0.0
2026-08-12T14:35:00+08:00,KWINANA_ESR1,-100.0,136.72,1,ed372c29-bb79-4d94-bab7-07beaa39d5ab,IN-SERVICE,NOT APPLICABLE,136.67,0.0
2026-08-12T14:35:00+08:00,KWINANA_ESR1,100.0,151.46,2,ed372c29-bb79-4d94-bab7-07beaa39d5ab,IN-SERVICE,NOT APPLICABLE,151.4,0.0
2026-08-12T14:35:00+08:00,COLLIE_ESR1,0.0,-1000.0,1,87423c30-c8ff-44c2-b29c-ef95fcd4cea6,IN-SERVICE,NON-LIQUID,-999.4,
2026-08-12T14:35:00+08:00,COLLIE_ESR1,-24.0,-42.46,2,87423c30-c8ff-44c2-b29c-ef95fcd4cea6,IN-SERVICE,NON-LIQUID,-42.43,
2026-08-12T14:35:00+08:00,COLLIE_ESR1,-25.0,-10.0,3,87423c30-c8ff-44c2-b29c-ef95fcd4cea6,IN-SERVICE,NON-LIQUID,-9.99,
2026-08-12T14:35:00+08:00,COLLIE_ESR1,0.0,34.02,4,87423c30-c8ff-44c2-b29c-ef95fcd4cea6,IN-SERVICE,NON-LIQUID,34.0,
2026-08-12T14:35:00+08:00,COLLIE_ESR1,-151.0,149.19,5,87423c30-c8ff-44c2-b29c-ef95fcd4cea6,IN-SERVICE,NON-LIQUID,149.1,
2026-08-12T14:35:00+08:00,COLLIE_ESR1,50.0,250.0,6,87423c30-c8ff-44c2-b29c-ef95fcd4cea6,IN-SERVICE,NON-LIQUID,249.85,
2026-08-12T14:35:00+08:00,COLLIE_ESR1,100.0,367.0,7,87423c30-c8ff-44c2-b29c-ef95fcd4cea6,IN-SERVICE,NON-LIQUID,366.78,
2026-08-12T14:35:00+08:00,COLLIE_ESR1,0.0,400.0,8,87423c30-c8ff-44c2-b29c-ef95fcd4cea6,IN-SERVICE,NON-LIQUID,399.76,
2026-08-12T14:35:00+08:00,COLLIE_ESR1,50.0,622.0,9,87423c30-c8ff-44c2-b29c-ef95fcd4cea6,IN-SERVICE,NON-LIQUID,621.63,
2026-08-12T14:35:00+08:00,COLLIE_ESR1,0.0,1200.0,10,87423c30-c8ff-44c2-b29c-ef95fcd4cea6,IN-SERVICE,NON-LIQUID,1199.28,
2026-08-12T14:35:00+08:00,KWINANA_ESR2,-225.0,137.77,1,2948690d-919d-48b0-885b-b0d82d6db257,IN-SERVICE,NOT APPLICABLE,137.63,0.0
2026-08-12T14:35:00+08:00,KWINANA_ESR2,225.0,152.78,2,2948690d-919d-48b0-885b-b0d82d6db257,IN-SERVICE,NOT APPLICABLE,152.63,0.0
2026-08-12T14:35:00+08:00,COLLIE_BESS2,0.0,-990.1,1,62960e75-2e79-4043-a0a8-2554e6704ff6,IN-SERVICE,NON-LIQUID,-1000.0,
2026-08-12T14:35:00+08:00,COLLIE_BESS2,-47.0,-42.46,2,62960e75-2e79-4043-a0a8-2554e6704ff6,IN-SERVICE,NON-LIQUID,-42.88,
2026-08-12T14:35:00+08:00,COLLIE_BESS2,-47.0,-10.0,3,62960e75-2e79-4043-a0a8-2554e6704ff6,IN-SERVICE,NON-LIQUID,-10.1,
2026-08-12T14:35:00+08:00,COLLIE_BESS2,0.0,34.02,4,62960e75-2e79-4043-a0a8-2554e6704ff6,IN-SERVICE,NON-LIQUID,34.36,
2026-08-12T14:35:00+08:00,COLLIE_BESS2,-206.0,149.19,5,62960e75-2e79-4043-a0a8-2554e6704ff6,IN-SERVICE,NON-LIQUID,150.68,
2026-08-12T14:35:00+08:00,COLLIE_BESS2,75.0,250.0,6,62960e75-2e79-4043-a0a8-2554e6704ff6,IN-SERVICE,NON-LIQUID,252.5,
2026-08-12T14:35:00+08:00,COLLIE_BESS2,0.0,334.0,7,62960e75-2e79-4043-a0a8-2554e6704ff6,IN-SERVICE,NON-LIQUID,337.34,
2026-08-12T14:35:00+08:00,COLLIE_BESS2,75.0,367.0,8,62960e75-2e79-4043-a0a8-2554e6704ff6,IN-SERVICE,NON-LIQUID,370.67,
2026-08-12T14:35:00+08:00,COLLIE_BESS2,150.0,622.0,9,62960e75-2e79-4043-a0a8-2554e6704ff6,IN-SERVICE,NON-LIQUID,628.22,
2026-08-12T14:35:00+08:00,COLLIE_BESS2,0.0,1188.12,10,62960e75-2e79-4043-a0a8-2554e6704ff6,IN-SERVICE,NON-LIQUID,1200.0,
2026-08-12T14:35:00+08:00,COLLIE_ESR4,-250.0,144.56,1,2422f1eb-d2b4-42b3-b8c8-63066405cbfc,IN-SERVICE,NOT APPLICABLE,144.47,0.0
2026-08-12T14:35:00+08:00,COLLIE_ESR4,250.0,152.96,2,2422f1eb-d2b4-42b3-b8c8-63066405cbfc,IN-SERVICE,NOT APPLICABLE,152.87,0.0
2026-08-12T14:35:00+08:00,COLLIE_ESR5,-250.0,137.59,1,2ae33c4f-466c-4b24-8416-7533aecdeb65,IN-SERVICE,NOT APPLICABLE,137.51,0.0
2026-08-12T14:35:00+08:00,COLLIE_ESR5,250.0,152.85,2,2ae33c4f-466c-4b24-8416-7533aecdeb65,IN-SERVICE,NOT APPLICABLE,152.76,0.0
2026-08-12T14:40:00+08:00,KWINANA_ESR1,-100.0,136.72,1,ed372c29-bb79-4d94-bab7-07beaa39d5ab,IN-SERVICE,NOT APPLICABLE,136.67,0.0
2026-08-12T14:40:00+08:00,KWINANA_ESR1,100.0,151.46,2,ed372c29-bb79-4d94-bab7-07beaa39d5ab,IN-SERVICE,NOT APPLICABLE,151.4,0.0
2026-08-12T14:40:00+08:00,COLLIE_ESR1,0.0,-1000.0,1,fd6b5ce7-c52c-4092-a3e3-cc09f248809c,IN-SERVICE,NON-LIQUID,-999.4,
2026-08-12T14:40:00+08:00,COLLIE_ESR1,-24.0,-42.46,2,fd6b5ce7-c52c-4092-a3e3-cc09f248809c,IN-SERVICE,NON-LIQUID,-42.43,
2026-08-12T14:40:00+08:00,COLLIE_ESR1,-25.0,-10.0,3,fd6b5ce7-c52c-4092-a3e3-cc09f248809c,IN-SERVICE,NON-LIQUID,-9.99,
2026-08-12T14:40:00+08:00,COLLIE_ESR1,0.0,34.02,4,fd6b5ce7-c52c-4092-a3e3-cc09f248809c,IN-SERVICE,NON-LIQUID,34.0,
2026-08-12T14:40:00+08:00,COLLIE_ESR1,-151.0,149.13,5,fd6b5ce7-c52c-4092-a3e3-cc09f248809c,IN-SERVICE,NON-LIQUID,149.04,
2026-08-12T14:40:00+08:00,COLLIE_ESR1,50.0,250.0,6,fd6b5ce7-c52c-4092-a3e3-cc09f248809c,IN-SERVICE,NON-LIQUID,249.85,
2026-08-12T14:40:00+08:00,COLLIE_ESR1,100.0,367.0,7,fd6b5ce7-c52c-4092-a3e3-cc09f248809c,IN-SERVICE,NON-LIQUID,366.78,
2026-08-12T14:40:00+08:00,COLLIE_ESR1,0.0,400.0,8,fd6b5ce7-c52c-4092-a3e3-cc09f248809c,IN-SERVICE,NON-LIQUID,399.76,
2026-08-12T14:40:00+08:00,COLLIE_ESR1,50.0,622.0,9,fd6b5ce7-c52c-4092-a3e3-cc09f248809c,IN-SERVICE,NON-LIQUID,621.63,
2026-08-12T14:40:00+08:00,COLLIE_ESR1,0.0,1200.0,10,fd6b5ce7-c52c-4092-a3e3-cc09f248809c,IN-SERVICE,NON-LIQUID,1199.28,
2026-08-12T14:40:00+08:00,KWINANA_ESR2,-225.0,137.77,1,2948690d-919d-48b0-885b-b0d82d6db257,IN-SERVICE,NOT APPLICABLE,137.63,0.0
2026-08-12T14:40:00+08:00,KWINANA_ESR2,225.0,152.78,2,2948690d-919d-48b0-885b-b0d82d6db257,IN-SERVICE,NOT APPLICABLE,152.63,0.0
2026-08-12T14:40:00+08:00,COLLIE_BESS2,0.0,-990.1,1,325da310-1f2d-4278-a250-cd86dbf3e019,IN-SERVICE,NON-LIQUID,-1000.0,
2026-08-12T14:40:00+08:00,COLLIE_BESS2,-47.0,-42.46,2,325da310-1f2d-4278-a250-cd86dbf3e019,IN-SERVICE,NON-LIQUID,-42.88,
2026-08-12T14:40:00+08:00,COLLIE_BESS2,-47.0,-10.0,3,325da310-1f2d-4278-a250-cd86dbf3e019,IN-SERVICE,NON-LIQUID,-10.1,
2026-08-12T14:40:00+08:00,COLLIE_BESS2,0.0,34.02,4,325da310-1f2d-4278-a250-cd86dbf3e019,IN-SERVICE,NON-LIQUID,34.36,
2026-08-12T14:40:00+08:00,COLLIE_BESS2,-206.0,149.13,5,325da310-1f2d-4278-a250-cd86dbf3e019,IN-SERVICE,NON-LIQUID,150.62,
2026-08-12T14:40:00+08:00,COLLIE_BESS2,75.0,250.0,6,325da310-1f2d-4278-a250-cd86dbf3e019,IN-SERVICE,NON-LIQUID,252.5,
2026-08-12T14:40:00+08:00,COLLIE_BESS2,0.0,334.0,7,325da310-1f2d-4278-a250-cd86dbf3e019,IN-SERVICE,NON-LIQUID,337.34,
2026-08-12T14:40:00+08:00,COLLIE_BESS2,75.0,367.0,8,325da310-1f2d-4278-a250-cd86dbf3e019,IN-SERVICE,NON-LIQUID,370.67,
2026-08-12T14:40:00+08:00,COLLIE_BESS2,150.0,622.0,9,325da310-1f2d-4278-a250-cd86dbf3e019,IN-SERVICE,NON-LIQUID,628.22,
2026-08-12T14:40:00+08:00,COLLIE_BESS2,0.0,1188.12,10,325da310-1f2d-4278-a250-cd86dbf3e019,IN-SERVICE,NON-LIQUID,1200.0,
2026-08-12T14:40:00+08:00,COLLIE_ESR4,-250.0,144.56,1,2422f1eb-d2b4-42b3-b8c8-63066405cbfc,IN-SERVICE,NOT APPLICABLE,144.47,0.0
2026-08-12T14:40:00+08:00,COLLIE_ESR4,250.0,152.96,2,2422f1eb-d2b4-42b3-b8c8-63066405cbfc,IN-SERVICE,NOT APPLICABLE,152.87,0.0
2026-08-12T14:40:00+08:00,COLLIE_ESR5,-250.0,137.59,1,2ae33c4f-466c-4b24-8416-7533aecdeb65,IN-SERVICE,NOT APPLICABLE,137.51,0.0
2026-08-12T14:40:00+08:00,COLLIE_ESR5,250.0,152.85,2,2ae33c4f-466c-4b24-8416-7533aecdeb65,IN-SERVICE,NOT APPLICABLE,152.76,0.0
2026-08-12T14:45:00+08:00,KWINANA_ESR1,-100.0,136.73,1,ed372c29-bb79-4d94-bab7-07beaa39d5ab,IN-SERVICE,NOT APPLICABLE,136.68,0.0
2026-08-12T14:45:00+08:00,KWINANA_ESR1,100.0,151.46,2,ed372c29-bb79-4d94-bab7-07beaa39d5ab,IN-SERVICE,NOT APPLICABLE,151.4,0.0
2026-08-12T14:45:00+08:00,COLLIE_ESR1,0.0,-1000.0,1,13db3c43-7fe5-4298-8b9c-1085b1a45381,IN-SERVICE,NON-LIQUID,-999.4,
2026-08-12T14:45:00+08:00,COLLIE_ESR1,-24.0,-42.46,2,13db3c43-7fe5-4298-8b9c-1085b1a45381,IN-SERVICE,NON-LIQUID,-42.43,
2026-08-12T14:45:00+08:00,COLLIE_ESR1,-25.0,-10.0,3,13db3c43-7fe5-4298-8b9c-1085b1a45381,IN-SERVICE,NON-LIQUID,-9.99,
2026-08-12T14:45:00+08:00,COLLIE_ESR1,0.0,34.02,4,13db3c43-7fe5-4298-8b9c-1085b1a45381,IN-SERVICE,NON-LIQUID,34.0,
2026-08-12T14:45:00+08:00,COLLIE_ESR1,-151.0,148.36,5,13db3c43-7fe5-4298-8b9c-1085b1a45381,IN-SERVICE,NON-LIQUID,148.27,
2026-08-12T14:45:00+08:00,COLLIE_ESR1,50.0,250.0,6,13db3c43-7fe5-4298-8b9c-1085b1a45381,IN-SERVICE,NON-LIQUID,249.85,
2026-08-12T14:45:00+08:00,COLLIE_ESR1,100.0,367.0,7,13db3c43-7fe5-4298-8b9c-1085b1a45381,IN-SERVICE,NON-LIQUID,366.78,
2026-08-12T14:45:00+08:00,COLLIE_ESR1,0.0,400.0,8,13db3c43-7fe5-4298-8b9c-1085b1a45381,IN-SERVICE,NON-LIQUID,399.76,
2026-08-12T14:45:00+08:00,COLLIE_ESR1,50.0,622.0,9,13db3c43-7fe5-4298-8b9c-1085b1a45381,IN-SERVICE,NON-LIQUID,621.63,
2026-08-12T14:45:00+08:00,COLLIE_ESR1,0.0,1200.0,10,13db3c43-7fe5-4298-8b9c-1085b1a45381,IN-SERVICE,NON-LIQUID,1199.28,
2026-08-12T14:45:00+08:00,KWINANA_ESR2,-225.0,137.77,1,2948690d-919d-48b0-885b-b0d82d6db257,IN-SERVICE,NOT APPLICABLE,137.63,0.0
2026-08-12T14:45:00+08:00,KWINANA_ESR2,225.0,152.78,2,2948690d-919d-48b0-885b-b0d82d6db257,IN-SERVICE,NOT APPLICABLE,152.63,0.0
2026-08-12T14:45:00+08:00,COLLIE_BESS2,0.0,-990.1,1,45e455d9-e634-4a36-afe3-b0a9558fd064,IN-SERVICE,NON-LIQUID,-1000.0,
2026-08-12T14:45:00+08:00,COLLIE_BESS2,-47.0,-42.46,2,45e455d9-e634-4a36-afe3-b0a9558fd064,IN-SERVICE,NON-LIQUID,-42.88,
2026-08-12T14:45:00+08:00,COLLIE_BESS2,-47.0,-10.0,3,45e455d9-e634-4a36-afe3-b0a9558fd064,IN-SERVICE,NON-LIQUID,-10.1,
2026-08-12T14:45:00+08:00,COLLIE_BESS2,0.0,34.02,4,45e455d9-e634-4a36-afe3-b0a9558fd064,IN-SERVICE,NON-LIQUID,34.36,
2026-08-12T14:45:00+08:00,COLLIE_BESS2,-206.0,148.36,5,45e455d9-e634-4a36-afe3-b0a9558fd064,IN-SERVICE,NON-LIQUID,149.84,
2026-08-12T14:45:00+08:00,COLLIE_BESS2,75.0,250.0,6,45e455d9-e634-4a36-afe3-b0a9558fd064,IN-SERVICE,NON-LIQUID,252.5,
2026-08-12T14:45:00+08:00,COLLIE_BESS2,0.0,334.0,7,45e455d9-e634-4a36-afe3-b0a9558fd064,IN-SERVICE,NON-LIQUID,337.34,
2026-08-12T14:45:00+08:00,COLLIE_BESS2,75.0,367.0,8,45e455d9-e634-4a36-afe3-b0a9558fd064,IN-SERVICE,NON-LIQUID,370.67,
2026-08-12T14:45:00+08:00,COLLIE_BESS2,150.0,622.0,9,45e455d9-e634-4a36-afe3-b0a9558fd064,IN-SERVICE,NON-LIQUID,628.22,
2026-08-12T14:45:00+08:00,COLLIE_BESS2,0.0,1188.12,10,45e455d9-e634-4a36-afe3-b0a9558fd064,IN-SERVICE,NON-LIQUID,1200.0,
2026-08-12T14:45:00+08:00,COLLIE_ESR4,-250.0,144.56,1,2422f1eb-d2b4-42b3-b8c8-63066405cbfc,IN-SERVICE,NOT APPLICABLE,144.47,0.0
2026-08-12T14:45:00+08:00,COLLIE_ESR4,250.0,160.04,2,2422f1eb-d2b4-42b3-b8c8-63066405cbfc,IN-SERVICE,NOT APPLICABLE,159.94,0.0
2026-08-12T14:45:00+08:00,COLLIE_ESR5,-250.0,137.59,1,2ae33c4f-466c-4b24-8416-7533aecdeb65,IN-SERVICE,NOT APPLICABLE,137.51,0.0
2026-08-12T14:45:00+08:00,COLLIE_ESR5,250.0,152.85,2,2ae33c4f-466c-4b24-8416-7533aecdeb65,IN-SERVICE,NOT APPLICABLE,152.76,0.0
2026-08-12T14:50:00+08:00,KWINANA_ESR1,-100.0,137.41,1,a847bd05-927b-4153-b321-21bf9b76f47b,IN-SERVICE,NOT APPLICABLE,137.36,0.0
2026-08-12T14:50:00+08:00,KWINANA_ESR1,100.0,152.15,2,a847bd05-927b-4153-b321-21bf9b76f47b,IN-SERVICE,NOT APPLICABLE,152.09,0.0
2026-08-12T14:50:00+08:00,COLLIE_ESR1,0.0,-1000.0,1,bb699634-d15f-4aab-bb9b-de2dab092e08,IN-SERVICE,NON-LIQUID,-999.4,
2026-08-12T14:50:00+08:00,COLLIE_ESR1,-24.0,-42.46,2,bb699634-d15f-4aab-bb9b-de2dab092e08,IN-SERVICE,NON-LIQUID,-42.43,
2026-08-12T14:50:00+08:00,COLLIE_ESR1,-25.0,-10.0,3,bb699634-d15f-4aab-bb9b-de2dab092e08,IN-SERVICE,NON-LIQUID,-9.99,
2026-08-12T14:50:00+08:00,COLLIE_ESR1,0.0,34.02,4,bb699634-d15f-4aab-bb9b-de2dab092e08,IN-SERVICE,NON-LIQUID,34.0,
2026-08-12T14:50:00+08:00,COLLIE_ESR1,-151.0,149.13,5,bb699634-d15f-4aab-bb9b-de2dab092e08,IN-SERVICE,NON-LIQUID,149.04,
2026-08-12T14:50:00+08:00,COLLIE_ESR1,50.0,250.0,6,bb699634-d15f-4aab-bb9b-de2dab092e08,IN-SERVICE,NON-LIQUID,249.85,
2026-08-12T14:50:00+08:00,COLLIE_ESR1,100.0,367.0,7,bb699634-d15f-4aab-bb9b-de2dab092e08,IN-SERVICE,NON-LIQUID,366.78,
2026-08-12T14:50:00+08:00,COLLIE_ESR1,0.0,400.0,8,bb699634-d15f-4aab-bb9b-de2dab092e08,IN-SERVICE,NON-LIQUID,399.76,
2026-08-12T14:50:00+08:00,COLLIE_ESR1,50.0,622.0,9,bb699634-d15f-4aab-bb9b-de2dab092e08,IN-SERVICE,NON-LIQUID,621.63,
2026-08-12T14:50:00+08:00,COLLIE_ESR1,0.0,1200.0,10,bb699634-d15f-4aab-bb9b-de2dab092e08,IN-SERVICE,NON-LIQUID,1199.28,
2026-08-12T14:50:00+08:00,KWINANA_ESR2,-225.0,139.6,1,1c26071c-ccbe-4a0b-ac3b-a8350629c530,IN-SERVICE,NOT APPLICABLE,139.46,0.0
2026-08-12T14:50:00+08:00,KWINANA_ESR2,225.0,159.86,2,1c26071c-ccbe-4a0b-ac3b-a8350629c530,IN-SERVICE,NOT APPLICABLE,159.7,0.0
2026-08-12T14:50:00+08:00,COLLIE_BESS2,0.0,-990.1,1,ced9d015-1421-4b36-a3bb-0eb1036fd519,IN-SERVICE,NON-LIQUID,-1000.0,
2026-08-12T14:50:00+08:00,COLLIE_BESS2,-47.0,-42.46,2,ced9d015-1421-4b36-a3bb-0eb1036fd519,IN-SERVICE,NON-LIQUID,-42.88,
2026-08-12T14:50:00+08:00,COLLIE_BESS2,-47.0,-10.0,3,ced9d015-1421-4b36-a3bb-0eb1036fd519,IN-SERVICE,NON-LIQUID,-10.1,
2026-08-12T14:50:00+08:00,COLLIE_BESS2,0.0,34.02,4,ced9d015-1421-4b36-a3bb-0eb1036fd519,IN-SERVICE,NON-LIQUID,34.36,
2026-08-12T14:50:00+08:00,COLLIE_BESS2,-206.0,149.13,5,ced9d015-1421-4b36-a3bb-0eb1036fd519,IN-SERVICE,NON-LIQUID,150.62,
2026-08-12T14:50:00+08:00,COLLIE_BESS2,75.0,250.0,6,ced9d015-1421-4b36-a3bb-0eb1036fd519,IN-SERVICE,NON-LIQUID,252.5,
2026-08-12T14:50:00+08:00,COLLIE_BESS2,0.0,334.0,7,ced9d015-1421-4b36-a3bb-0eb1036fd519,IN-SERVICE,NON-LIQUID,337.34,
2026-08-12T14:50:00+08:00,COLLIE_BESS2,75.0,367.0,8,ced9d015-1421-4b36-a3bb-0eb1036fd519,IN-SERVICE,NON-LIQUID,370.67,
2026-08-12T14:50:00+08:00,COLLIE_BESS2,150.0,622.0,9,ced9d015-1421-4b36-a3bb-0eb1036fd519,IN-SERVICE,NON-LIQUID,628.22,
2026-08-12T14:50:00+08:00,COLLIE_BESS2,0.0,1188.12,10,ced9d015-1421-4b36-a3bb-0eb1036fd519,IN-SERVICE,NON-LIQUID,1200.0,
2026-08-12T14:50:00+08:00,COLLIE_ESR4,-250.0,137.19,1,39b107d6-d073-4424-87a2-191a0cb56d9b,IN-SERVICE,NOT APPLICABLE,137.11,0.0
2026-08-12T14:50:00+08:00,COLLIE_ESR4,250.0,154.78,2,39b107d6-d073-4424-87a2-191a0cb56d9b,IN-SERVICE,NOT APPLICABLE,154.69,0.0
2026-08-12T14:50:00+08:00,COLLIE_ESR5,-250.0,139.04,1,296df393-24e4-4939-80ba-7edbc345c500,IN-SERVICE,NOT APPLICABLE,138.96,0.0
2026-08-12T14:50:00+08:00,COLLIE_ESR5,250.0,159.93,2,296df393-24e4-4939-80ba-7edbc345c500,IN-SERVICE,NOT APPLICABLE,159.83,0.0
2026-08-12T14:55:00+08:00,KWINANA_ESR1,-100.0,137.41,1,a847bd05-927b-4153-b321-21bf9b76f47b,IN-SERVICE,NOT APPLICABLE,137.36,0.0
2026-08-12T14:55:00+08:00,KWINANA_ESR1,100.0,152.15,2,a847bd05-927b-4153-b321-21bf9b76f47b,IN-SERVICE,NOT APPLICABLE,152.09,0.0
2026-08-12T14:55:00+08:00,COLLIE_ESR1,0.0,-1000.0,1,dc6b37cb-e642-4c19-be31-7b207c21f37b,IN-SERVICE,NON-LIQUID,-999.4,
2026-08-12T14:55:00+08:00,COLLIE_ESR1,-24.0,-42.46,2,dc6b37cb-e642-4c19-be31-7b207c21f37b,IN-SERVICE,NON-LIQUID,-42.43,
2026-08-12T14:55:00+08:00,COLLIE_ESR1,-25.0,-10.0,3,dc6b37cb-e642-4c19-be31-7b207c21f37b,IN-SERVICE,NON-LIQUID,-9.99,
2026-08-12T14:55:00+08:00,COLLIE_ESR1,0.0,34.02,4,dc6b37cb-e642-4c19-be31-7b207c21f37b,IN-SERVICE,NON-LIQUID,34.0,
2026-08-12T14:55:00+08:00,COLLIE_ESR1,-151.0,147.13,5,dc6b37cb-e642-4c19-be31-7b207c21f37b,IN-SERVICE,NON-LIQUID,147.04,
2026-08-12T14:55:00+08:00,COLLIE_ESR1,50.0,250.0,6,dc6b37cb-e642-4c19-be31-7b207c21f37b,IN-SERVICE,NON-LIQUID,249.85,
2026-08-12T14:55:00+08:00,COLLIE_ESR1,100.0,367.0,7,dc6b37cb-e642-4c19-be31-7b207c21f37b,IN-SERVICE,NON-LIQUID,366.78,
2026-08-12T14:55:00+08:00,COLLIE_ESR1,0.0,400.0,8,dc6b37cb-e642-4c19-be31-7b207c21f37b,IN-SERVICE,NON-LIQUID,399.76,
2026-08-12T14:55:00+08:00,COLLIE_ESR1,50.0,622.0,9,dc6b37cb-e642-4c19-be31-7b207c21f37b,IN-SERVICE,NON-LIQUID,621.63,
2026-08-12T14:55:00+08:00,COLLIE_ESR1,0.0,1200.0,10,dc6b37cb-e642-4c19-be31-7b207c21f37b,IN-SERVICE,NON-LIQUID,1199.28,
2026-08-12T14:55:00+08:00,KWINANA_ESR2,-225.0,144.86,1,1c26071c-ccbe-4a0b-ac3b-a8350629c530,IN-SERVICE,NOT APPLICABLE,144.72,0.0
2026-08-12T14:55:00+08:00,KWINANA_ESR2,225.0,159.86,2,1c26071c-ccbe-4a0b-ac3b-a8350629c530,IN-SERVICE,NOT APPLICABLE,159.7,0.0
2026-08-12T14:55:00+08:00,COLLIE_BESS2,0.0,-990.1,1,843c1fa0-cb09-408c-a9c3-62a131b4b2ea,IN-SERVICE,NON-LIQUID,-1000.0,
2026-08-12T14:55:00+08:00,COLLIE_BESS2,-47.0,-42.46,2,843c1fa0-cb09-408c-a9c3-62a131b4b2ea,IN-SERVICE,NON-LIQUID,-42.88,
2026-08-12T14:55:00+08:00,COLLIE_BESS2,-47.0,-10.0,3,843c1fa0-cb09-408c-a9c3-62a131b4b2ea,IN-SERVICE,NON-LIQUID,-10.1,
2026-08-12T14:55:00+08:00,COLLIE_BESS2,0.0,34.02,4,843c1fa0-cb09-408c-a9c3-62a131b4b2ea,IN-SERVICE,NON-LIQUID,34.36,
2026-08-12T14:55:00+08:00,COLLIE_BESS2,-206.0,147.13,5,843c1fa0-cb09-408c-a9c3-62a131b4b2ea,IN-SERVICE,NON-LIQUID,148.6,
2026-08-12T14:55:00+08:00,COLLIE_BESS2,75.0,250.0,6,843c1fa0-cb09-408c-a9c3-62a131b4b2ea,IN-SERVICE,NON-LIQUID,252.5,
2026-08-12T14:55:00+08:00,COLLIE_BESS2,0.0,334.0,7,843c1fa0-cb09-408c-a9c3-62a131b4b2ea,IN-SERVICE,NON-LIQUID,337.34,
2026-08-12T14:55:00+08:00,COLLIE_BESS2,75.0,367.0,8,843c1fa0-cb09-408c-a9c3-62a131b4b2ea,IN-SERVICE,NON-LIQUID,370.67,
2026-08-12T14:55:00+08:00,COLLIE_BESS2,150.0,622.0,9,843c1fa0-cb09-408c-a9c3-62a131b4b2ea,IN-SERVICE,NON-LIQUID,628.22,
2026-08-12T14:55:00+08:00,COLLIE_BESS2,0.0,1188.12,10,843c1fa0-cb09-408c-a9c3-62a131b4b2ea,IN-SERVICE,NON-LIQUID,1200.0,
2026-08-12T14:55:00+08:00,COLLIE_ESR4,-250.0,137.19,1,39b107d6-d073-4424-87a2-191a0cb56d9b,IN-SERVICE,NOT APPLICABLE,137.11,0.0
2026-08-12T14:55:00+08:00,COLLIE_ESR4,250.0,154.78,2,39b107d6-d073-4424-87a2-191a0cb56d9b,IN-SERVICE,NOT APPLICABLE,154.69,0.0
2026-08-12T14:55:00+08:00,COLLIE_ESR5,-250.0,139.41,1,296df393-24e4-4939-80ba-7edbc345c500,IN-SERVICE,NOT APPLICABLE,139.33,0.0
2026-08-12T14:55:00+08:00,COLLIE_ESR5,250.0,159.93,2,296df393-24e4-4939-80ba-7edbc345c500,IN-SERVICE,NOT APPLICABLE,159.83,0.0
2026-08-12T15:00:00+08:00,KWINANA_ESR1,-100.0,137.53,1,a847bd05-927b-4153-b321-21bf9b76f47b,IN-SERVICE,NOT APPLICABLE,137.48,0.0
2026-08-12T15:00:00+08:00,KWINANA_ESR1,100.0,152.15,2,a847bd05-927b-4153-b321-21bf9b76f47b,IN-SERVICE,NOT APPLICABLE,152.09,0.0
2026-08-12T15:00:00+08:00,COLLIE_ESR1,0.0,-1000.0,1,b2bd2d95-e27b-4daa-8645-4075b35bfac2,IN-SERVICE,NON-LIQUID,-999.4,
2026-08-12T15:00:00+08:00,COLLIE_ESR1,-24.0,-42.46,2,b2bd2d95-e27b-4daa-8645-4075b35bfac2,IN-SERVICE,NON-LIQUID,-42.43,
2026-08-12T15:00:00+08:00,COLLIE_ESR1,-25.0,-10.0,3,b2bd2d95-e27b-4daa-8645-4075b35bfac2,IN-SERVICE,NON-LIQUID,-9.99,
2026-08-12T15:00:00+08:00,COLLIE_ESR1,0.0,34.02,4,b2bd2d95-e27b-4daa-8645-4075b35bfac2,IN-SERVICE,NON-LIQUID,34.0,
2026-08-12T15:00:00+08:00,COLLIE_ESR1,-151.0,149.13,5,b2bd2d95-e27b-4daa-8645-4075b35bfac2,IN-SERVICE,NON-LIQUID,149.04,
2026-08-12T15:00:00+08:00,COLLIE_ESR1,50.0,250.0,6,b2bd2d95-e27b-4daa-8645-4075b35bfac2,IN-SERVICE,NON-LIQUID,249.85,
2026-08-12T15:00:00+08:00,COLLIE_ESR1,100.0,367.0,7,b2bd2d95-e27b-4daa-8645-4075b35bfac2,IN-SERVICE,NON-LIQUID,366.78,
2026-08-12T15:00:00+08:00,COLLIE_ESR1,0.0,400.0,8,b2bd2d95-e27b-4daa-8645-4075b35bfac2,IN-SERVICE,NON-LIQUID,399.76,
2026-08-12T15:00:00+08:00,COLLIE_ESR1,50.0,622.0,9,b2bd2d95-e27b-4daa-8645-4075b35bfac2,IN-SERVICE,NON-LIQUID,621.63,
2026-08-12T15:00:00+08:00,COLLIE_ESR1,0.0,1200.0,10,b2bd2d95-e27b-4daa-8645-4075b35bfac2,IN-SERVICE,NON-LIQUID,1199.28,
2026-08-12T15:00:00+08:00,KWINANA_ESR2,-225.0,144.86,1,1c26071c-ccbe-4a0b-ac3b-a8350629c530,IN-SERVICE,NOT APPLICABLE,144.72,0.0
2026-08-12T15:00:00+08:00,KWINANA_ESR2,225.0,159.86,2,1c26071c-ccbe-4a0b-ac3b-a8350629c530,IN-SERVICE,NOT APPLICABLE,159.7,0.0
2026-08-12T15:00:00+08:00,COLLIE_BESS2,0.0,-990.1,1,7e9887cd-3840-4f24-a525-cd1d2ad0915a,IN-SERVICE,NON-LIQUID,-1000.0,
2026-08-12T15:00:00+08:00,COLLIE_BESS2,-47.0,-42.46,2,7e9887cd-3840-4f24-a525-cd1d2ad0915a,IN-SERVICE,NON-LIQUID,-42.88,
2026-08-12T15:00:00+08:00,COLLIE_BESS2,-47.0,-10.0,3,7e9887cd-3840-4f24-a525-cd1d2ad0915a,IN-SERVICE,NON-LIQUID,-10.1,
2026-08-12T15:00:00+08:00,COLLIE_BESS2,0.0,34.02,4,7e9887cd-3840-4f24-a525-cd1d2ad0915a,IN-SERVICE,NON-LIQUID,34.36,
2026-08-12T15:00:00+08:00,COLLIE_BESS2,-206.0,149.13,5,7e9887cd-3840-4f24-a525-cd1d2ad0915a,IN-SERVICE,NON-LIQUID,150.62,
2026-08-12T15:00:00+08:00,COLLIE_BESS2,75.0,250.0,6,7e9887cd-3840-4f24-a525-cd1d2ad0915a,IN-SERVICE,NON-LIQUID,252.5,
2026-08-12T15:00:00+08:00,COLLIE_BESS2,0.0,334.0,7,7e9887cd-3840-4f24-a525-cd1d2ad0915a,IN-SERVICE,NON-LIQUID,337.34,
2026-08-12T15:00:00+08:00,COLLIE_BESS2,75.0,367.0,8,7e9887cd-3840-4f24-a525-cd1d2ad0915a,IN-SERVICE,NON-LIQUID,370.67,
2026-08-12T15:00:00+08:00,COLLIE_BESS2,150.0,622.0,9,7e9887cd-3840-4f24-a525-cd1d2ad0915a,IN-SERVICE,NON-LIQUID,628.22,
2026-08-12T15:00:00+08:00,COLLIE_BESS2,0.0,1188.12,10,7e9887cd-3840-4f24-a525-cd1d2ad0915a,IN-SERVICE,NON-LIQUID,1200.0,
2026-08-12T15:00:00+08:00,COLLIE_ESR4,-250.0,137.19,1,39b107d6-d073-4424-87a2-191a0cb56d9b,IN-SERVICE,NOT APPLICABLE,137.11,0.0
2026-08-12T15:00:00+08:00,COLLIE_ESR4,250.0,154.78,2,39b107d6-d073-4424-87a2-191a0cb56d9b,IN-SERVICE,NOT APPLICABLE,154.69,0.0
2026-08-12T15:00:00+08:00,COLLIE_ESR5,-250.0,144.67,1,296df393-24e4-4939-80ba-7edbc345c500,IN-SERVICE,NOT APPLICABLE,144.58,0.0
2026-08-12T15:00:00+08:00,COLLIE_ESR5,250.0,159.93,2,296df393-24e4-4939-80ba-7edbc345c500,IN-SERVICE,NOT APPLICABLE,159.83,0.0
2026-08-12T15:05:00+08:00,KWINANA_ESR1,-100.0,139.38,1,34f71810-8b37-4b3b-9ac1-9b7501124b53,IN-SERVICE,NOT APPLICABLE,139.32,0.0
2026-08-12T15:05:00+08:00,KWINANA_ESR1,100.0,154.12,2,34f71810-8b37-4b3b-9ac1-9b7501124b53,IN-SERVICE,NOT APPLICABLE,154.06,0.0
2026-08-12T15:05:00+08:00,COLLIE_ESR1,0.0,-1000.0,1,bd9edaf1-506b-4dcd-9560-0d1ebf0742e0,IN-SERVICE,NON-LIQUID,-999.4,
2026-08-12T15:05:00+08:00,COLLIE_ESR1,-23.0,-42.46,2,bd9edaf1-506b-4dcd-9560-0d1ebf0742e0,IN-SERVICE,NON-LIQUID,-42.43,
2026-08-12T15:05:00+08:00,COLLIE_ESR1,-23.0,-10.0,3,bd9edaf1-506b-4dcd-9560-0d1ebf0742e0,IN-SERVICE,NON-LIQUID,-9.99,
2026-08-12T15:05:00+08:00,COLLIE_ESR1,0.0,34.02,4,bd9edaf1-506b-4dcd-9560-0d1ebf0742e0,IN-SERVICE,NON-LIQUID,34.0,
2026-08-12T15:05:00+08:00,COLLIE_ESR1,-154.0,147.54,5,bd9edaf1-506b-4dcd-9560-0d1ebf0742e0,IN-SERVICE,NON-LIQUID,147.45,
2026-08-12T15:05:00+08:00,COLLIE_ESR1,50.0,250.0,6,bd9edaf1-506b-4dcd-9560-0d1ebf0742e0,IN-SERVICE,NON-LIQUID,249.85,
2026-08-12T15:05:00+08:00,COLLIE_ESR1,100.0,367.0,7,bd9edaf1-506b-4dcd-9560-0d1ebf0742e0,IN-SERVICE,NON-LIQUID,366.78,
2026-08-12T15:05:00+08:00,COLLIE_ESR1,0.0,400.0,8,bd9edaf1-506b-4dcd-9560-0d1ebf0742e0,IN-SERVICE,NON-LIQUID,399.76,
2026-08-12T15:05:00+08:00,COLLIE_ESR1,50.0,622.0,9,bd9edaf1-506b-4dcd-9560-0d1ebf0742e0,IN-SERVICE,NON-LIQUID,621.63,
2026-08-12T15:05:00+08:00,COLLIE_ESR1,0.0,1200.0,10,bd9edaf1-506b-4dcd-9560-0d1ebf0742e0,IN-SERVICE,NON-LIQUID,1199.28,
2026-08-12T15:05:00+08:00,KWINANA_ESR2,-225.0,139.47,1,28a601ed-d03c-4558-82fe-85793ca2e2a8,IN-SERVICE,NOT APPLICABLE,139.33,0.0
2026-08-12T15:05:00+08:00,KWINANA_ESR2,225.0,161.97,2,28a601ed-d03c-4558-82fe-85793ca2e2a8,IN-SERVICE,NOT APPLICABLE,161.81,0.0
2026-08-12T15:05:00+08:00,COLLIE_BESS2,0.0,-990.1,1,d381e2a9-2e12-4f0b-825c-a361b734d41a,IN-SERVICE,NON-LIQUID,-1000.0,
2026-08-12T15:05:00+08:00,COLLIE_BESS2,-46.0,-42.46,2,d381e2a9-2e12-4f0b-825c-a361b734d41a,IN-SERVICE,NON-LIQUID,-42.88,
2026-08-12T15:05:00+08:00,COLLIE_BESS2,-46.0,-10.0,3,d381e2a9-2e12-4f0b-825c-a361b734d41a,IN-SERVICE,NON-LIQUID,-10.1,
2026-08-12T15:05:00+08:00,COLLIE_BESS2,0.0,34.02,4,d381e2a9-2e12-4f0b-825c-a361b734d41a,IN-SERVICE,NON-LIQUID,34.36,
2026-08-12T15:05:00+08:00,COLLIE_BESS2,-208.0,147.54,5,d381e2a9-2e12-4f0b-825c-a361b734d41a,IN-SERVICE,NON-LIQUID,149.02,
2026-08-12T15:05:00+08:00,COLLIE_BESS2,75.0,250.0,6,d381e2a9-2e12-4f0b-825c-a361b734d41a,IN-SERVICE,NON-LIQUID,252.5,
2026-08-12T15:05:00+08:00,COLLIE_BESS2,0.0,334.0,7,d381e2a9-2e12-4f0b-825c-a361b734d41a,IN-SERVICE,NON-LIQUID,337.34,
2026-08-12T15:05:00+08:00,COLLIE_BESS2,75.0,367.0,8,d381e2a9-2e12-4f0b-825c-a361b734d41a,IN-SERVICE,NON-LIQUID,370.67,
2026-08-12T15:05:00+08:00,COLLIE_BESS2,150.0,622.0,9,d381e2a9-2e12-4f0b-825c-a361b734d41a,IN-SERVICE,NON-LIQUID,628.22,
2026-08-12T15:05:00+08:00,COLLIE_BESS2,0.0,1188.12,10,d381e2a9-2e12-4f0b-825c-a361b734d41a,IN-SERVICE,NON-LIQUID,1200.0,
2026-08-12T15:05:00+08:00,COLLIE_ESR4,-250.0,146.67,1,46638942-1396-4b75-b198-32bcfec7bb1a,IN-SERVICE,NOT APPLICABLE,146.58,0.0
2026-08-12T15:05:00+08:00,COLLIE_ESR4,250.0,162.15,2,46638942-1396-4b75-b198-32bcfec7bb1a,IN-SERVICE,NOT APPLICABLE,162.05,0.0
2026-08-12T15:05:00+08:00,COLLIE_ESR5,-250.0,146.78,1,65c52fd6-cc39-45ae-be22-6d09bd196434,IN-SERVICE,NOT APPLICABLE,146.69,0.0
2026-08-12T15:05:00+08:00,COLLIE_ESR5,250.0,167.43,2,65c52fd6-cc39-45ae-be22-6d09bd196434,IN-SERVICE,NOT APPLICABLE,167.33,0.0
2026-08-12T15:10:00+08:00,KWINANA_ESR1,-100.0,139.38,1,34f71810-8b37-4b3b-9ac1-9b7501124b53,IN-SERVICE,NOT APPLICABLE,139.32,0.0
2026-08-12T15:10:00+08:00,KWINANA_ESR1,100.0,154.12,2,34f71810-8b37-4b3b-9ac1-9b7501124b53,IN-SERVICE,NOT APPLICABLE,154.06,0.0
2026-08-12T15:10:00+08:00,COLLIE_ESR1,0.0,-1000.0,1,79737d8b-1992-4c26-87a3-40c27995752b,IN-SERVICE,NON-LIQUID,-999.4,
2026-08-12T15:10:00+08:00,COLLIE_ESR1,-23.0,-42.46,2,79737d8b-1992-4c26-87a3-40c27995752b,IN-SERVICE,NON-LIQUID,-42.43,
2026-08-12T15:10:00+08:00,COLLIE_ESR1,-23.0,-10.0,3,79737d8b-1992-4c26-87a3-40c27995752b,IN-SERVICE,NON-LIQUID,-9.99,
2026-08-12T15:10:00+08:00,COLLIE_ESR1,0.0,34.02,4,79737d8b-1992-4c26-87a3-40c27995752b,IN-SERVICE,NON-LIQUID,34.0,
2026-08-12T15:10:00+08:00,COLLIE_ESR1,-154.0,148.23,5,79737d8b-1992-4c26-87a3-40c27995752b,IN-SERVICE,NON-LIQUID,148.14,
2026-08-12T15:10:00+08:00,COLLIE_ESR1,50.0,250.0,6,79737d8b-1992-4c26-87a3-40c27995752b,IN-SERVICE,NON-LIQUID,249.85,
2026-08-12T15:10:00+08:00,COLLIE_ESR1,100.0,367.0,7,79737d8b-1992-4c26-87a3-40c27995752b,IN-SERVICE,NON-LIQUID,366.78,
2026-08-12T15:10:00+08:00,COLLIE_ESR1,0.0,400.0,8,79737d8b-1992-4c26-87a3-40c27995752b,IN-SERVICE,NON-LIQUID,399.76,
2026-08-12T15:10:00+08:00,COLLIE_ESR1,50.0,622.0,9,79737d8b-1992-4c26-87a3-40c27995752b,IN-SERVICE,NON-LIQUID,621.63,
2026-08-12T15:10:00+08:00,COLLIE_ESR1,0.0,1200.0,10,79737d8b-1992-4c26-87a3-40c27995752b,IN-SERVICE,NON-LIQUID,1199.28,
2026-08-12T15:10:00+08:00,KWINANA_ESR2,-225.0,139.47,1,28a601ed-d03c-4558-82fe-85793ca2e2a8,IN-SERVICE,NOT APPLICABLE,139.33,0.0
2026-08-12T15:10:00+08:00,KWINANA_ESR2,225.0,161.97,2,28a601ed-d03c-4558-82fe-85793ca2e2a8,IN-SERVICE,NOT APPLICABLE,161.81,0.0
2026-08-12T15:10:00+08:00,COLLIE_BESS2,0.0,-990.1,1,ae23c3aa-2b34-48ae-8d72-88232cc00f24,IN-SERVICE,NON-LIQUID,-1000.0,
2026-08-12T15:10:00+08:00,COLLIE_BESS2,-46.0,-42.46,2,ae23c3aa-2b34-48ae-8d72-88232cc00f24,IN-SERVICE,NON-LIQUID,-42.88,
2026-08-12T15:10:00+08:00,COLLIE_BESS2,-46.0,-10.0,3,ae23c3aa-2b34-48ae-8d72-88232cc00f24,IN-SERVICE,NON-LIQUID,-10.1,
2026-08-12T15:10:00+08:00,COLLIE_BESS2,0.0,34.02,4,ae23c3aa-2b34-48ae-8d72-88232cc00f24,IN-SERVICE,NON-LIQUID,34.36,
2026-08-12T15:10:00+08:00,COLLIE_BESS2,-208.0,148.23,5,ae23c3aa-2b34-48ae-8d72-88232cc00f24,IN-SERVICE,NON-LIQUID,149.71,
2026-08-12T15:10:00+08:00,COLLIE_BESS2,75.0,250.0,6,ae23c3aa-2b34-48ae-8d72-88232cc00f24,IN-SERVICE,NON-LIQUID,252.5,
2026-08-12T15:10:00+08:00,COLLIE_BESS2,0.0,334.0,7,ae23c3aa-2b34-48ae-8d72-88232cc00f24,IN-SERVICE,NON-LIQUID,337.34,
2026-08-12T15:10:00+08:00,COLLIE_BESS2,75.0,367.0,8,ae23c3aa-2b34-48ae-8d72-88232cc00f24,IN-SERVICE,NON-LIQUID,370.67,
2026-08-12T15:10:00+08:00,COLLIE_BESS2,150.0,622.0,9,ae23c3aa-2b34-48ae-8d72-88232cc00f24,IN-SERVICE,NON-LIQUID,628.22,
2026-08-12T15:10:00+08:00,COLLIE_BESS2,0.0,1188.12,10,ae23c3aa-2b34-48ae-8d72-88232cc00f24,IN-SERVICE,NON-LIQUID,1200.0,
2026-08-12T15:10:00+08:00,COLLIE_ESR4,-250.0,146.67,1,46638942-1396-4b75-b198-32bcfec7bb1a,IN-SERVICE,NOT APPLICABLE,146.58,0.0
2026-08-12T15:10:00+08:00,COLLIE_ESR4,250.0,162.15,2,46638942-1396-4b75-b198-32bcfec7bb1a,IN-SERVICE,NOT APPLICABLE,162.05,0.0
2026-08-12T15:10:00+08:00,COLLIE_ESR5,-250.0,146.78,1,65c52fd6-cc39-45ae-be22-6d09bd196434,IN-SERVICE,NOT APPLICABLE,146.69,0.0
2026-08-12T15:10:00+08:00,COLLIE_ESR5,250.0,167.43,2,65c52fd6-cc39-45ae-be22-6d09bd196434,IN-SERVICE,NOT APPLICABLE,167.33,0.0
2026-08-12T15:15:00+08:00,KWINANA_ESR1,-100.0,139.51,1,34f71810-8b37-4b3b-9ac1-9b7501124b53,IN-SERVICE,NOT APPLICABLE,139.45,0.0
2026-08-12T15:15:00+08:00,KWINANA_ESR1,100.0,154.12,2,34f71810-8b37-4b3b-9ac1-9b7501124b53,IN-SERVICE,NOT APPLICABLE,154.06,0.0
2026-08-12T15:15:00+08:00,COLLIE_ESR1,0.0,-1000.0,1,78c7d9a8-960d-4748-9592-347f7ecbcf40,IN-SERVICE,NON-LIQUID,-999.4,
2026-08-12T15:15:00+08:00,COLLIE_ESR1,-23.0,-42.46,2,78c7d9a8-960d-4748-9592-347f7ecbcf40,IN-SERVICE,NON-LIQUID,-42.43,
2026-08-12T15:15:00+08:00,COLLIE_ESR1,-23.0,-10.0,3,78c7d9a8-960d-4748-9592-347f7ecbcf40,IN-SERVICE,NON-LIQUID,-9.99,
2026-08-12T15:15:00+08:00,COLLIE_ESR1,0.0,34.02,4,78c7d9a8-960d-4748-9592-347f7ecbcf40,IN-SERVICE,NON-LIQUID,34.0,
2026-08-12T15:15:00+08:00,COLLIE_ESR1,-154.0,147.62,5,78c7d9a8-960d-4748-9592-347f7ecbcf40,IN-SERVICE,NON-LIQUID,147.53,
2026-08-12T15:15:00+08:00,COLLIE_ESR1,50.0,250.0,6,78c7d9a8-960d-4748-9592-347f7ecbcf40,IN-SERVICE,NON-LIQUID,249.85,
2026-08-12T15:15:00+08:00,COLLIE_ESR1,100.0,367.0,7,78c7d9a8-960d-4748-9592-347f7ecbcf40,IN-SERVICE,NON-LIQUID,366.78,
2026-08-12T15:15:00+08:00,COLLIE_ESR1,0.0,400.0,8,78c7d9a8-960d-4748-9592-347f7ecbcf40,IN-SERVICE,NON-LIQUID,399.76,
2026-08-12T15:15:00+08:00,COLLIE_ESR1,50.0,622.0,9,78c7d9a8-960d-4748-9592-347f7ecbcf40,IN-SERVICE,NON-LIQUID,621.63,
2026-08-12T15:15:00+08:00,COLLIE_ESR1,0.0,1200.0,10,78c7d9a8-960d-4748-9592-347f7ecbcf40,IN-SERVICE,NON-LIQUID,1199.28,
2026-08-12T15:15:00+08:00,KWINANA_ESR2,-225.0,139.47,1,28a601ed-d03c-4558-82fe-85793ca2e2a8,IN-SERVICE,NOT APPLICABLE,139.33,0.0
2026-08-12T15:15:00+08:00,KWINANA_ESR2,225.0,161.97,2,28a601ed-d03c-4558-82fe-85793ca2e2a8,IN-SERVICE,NOT APPLICABLE,161.81,0.0
2026-08-12T15:15:00+08:00,COLLIE_BESS2,0.0,-990.1,1,7f284aba-3557-4900-a5d9-1045d64a5648,IN-SERVICE,NON-LIQUID,-1000.0,
2026-08-12T15:15:00+08:00,COLLIE_BESS2,-46.0,-42.46,2,7f284aba-3557-4900-a5d9-1045d64a5648,IN-SERVICE,NON-LIQUID,-42.88,
2026-08-12T15:15:00+08:00,COLLIE_BESS2,-46.0,-10.0,3,7f284aba-3557-4900-a5d9-1045d64a5648,IN-SERVICE,NON-LIQUID,-10.1,
2026-08-12T15:15:00+08:00,COLLIE_BESS2,0.0,34.02,4,7f284aba-3557-4900-a5d9-1045d64a5648,IN-SERVICE,NON-LIQUID,34.36,
2026-08-12T15:15:00+08:00,COLLIE_BESS2,-208.0,147.62,5,7f284aba-3557-4900-a5d9-1045d64a5648,IN-SERVICE,NON-LIQUID,149.1,
2026-08-12T15:15:00+08:00,COLLIE_BESS2,75.0,250.0,6,7f284aba-3557-4900-a5d9-1045d64a5648,IN-SERVICE,NON-LIQUID,252.5,
2026-08-12T15:15:00+08:00,COLLIE_BESS2,0.0,334.0,7,7f284aba-3557-4900-a5d9-1045d64a5648,IN-SERVICE,NON-LIQUID,337.34,
2026-08-12T15:15:00+08:00,COLLIE_BESS2,75.0,367.0,8,7f284aba-3557-4900-a5d9-1045d64a5648,IN-SERVICE,NON-LIQUID,370.67,
2026-08-12T15:15:00+08:00,COLLIE_BESS2,150.0,622.0,9,7f284aba-3557-4900-a5d9-1045d64a5648,IN-SERVICE,NON-LIQUID,628.22,
2026-08-12T15:15:00+08:00,COLLIE_BESS2,0.0,1188.12,10,7f284aba-3557-4900-a5d9-1045d64a5648,IN-SERVICE,NON-LIQUID,1200.0,
2026-08-12T15:15:00+08:00,COLLIE_ESR4,-250.0,146.67,1,46638942-1396-4b75-b198-32bcfec7bb1a,IN-SERVICE,NOT APPLICABLE,146.58,0.0
2026-08-12T15:15:00+08:00,COLLIE_ESR4,250.0,162.15,2,46638942-1396-4b75-b198-32bcfec7bb1a,IN-SERVICE,NOT APPLICABLE,162.05,0.0
2026-08-12T15:15:00+08:00,COLLIE_ESR5,-250.0,146.78,1,65c52fd6-cc39-45ae-be22-6d09bd196434,IN-SERVICE,NOT APPLICABLE,146.69,0.0
2026-08-12T15:15:00+08:00,COLLIE_ESR5,250.0,167.43,2,65c52fd6-cc39-45ae-be22-6d09bd196434,IN-SERVICE,NOT APPLICABLE,167.33,0.0
2026-08-12T15:20:00+08:00,KWINANA_ESR1,-100.0,139.38,1,2ffe7d22-2dab-46c6-b906-ce0d472170c9,IN-SERVICE,NOT APPLICABLE,139.32,0.0
2026-08-12T15:20:00+08:00,KWINANA_ESR1,100.0,154.12,2,2ffe7d22-2dab-46c6-b906-ce0d472170c9,IN-SERVICE,NOT APPLICABLE,154.06,0.0
2026-08-12T15:20:00+08:00,COLLIE_ESR1,0.0,-1000.0,1,7475ca08-5259-47cb-b8ac-4186ef75cb38,IN-SERVICE,NON-LIQUID,-999.4,
2026-08-12T15:20:00+08:00,COLLIE_ESR1,-23.0,-42.46,2,7475ca08-5259-47cb-b8ac-4186ef75cb38,IN-SERVICE,NON-LIQUID,-42.43,
2026-08-12T15:20:00+08:00,COLLIE_ESR1,-23.0,-10.0,3,7475ca08-5259-47cb-b8ac-4186ef75cb38,IN-SERVICE,NON-LIQUID,-9.99,
2026-08-12T15:20:00+08:00,COLLIE_ESR1,0.0,34.02,4,7475ca08-5259-47cb-b8ac-4186ef75cb38,IN-SERVICE,NON-LIQUID,34.0,
2026-08-12T15:20:00+08:00,COLLIE_ESR1,-154.0,149.41,5,7475ca08-5259-47cb-b8ac-4186ef75cb38,IN-SERVICE,NON-LIQUID,149.32,
2026-08-12T15:20:00+08:00,COLLIE_ESR1,50.0,250.0,6,7475ca08-5259-47cb-b8ac-4186ef75cb38,IN-SERVICE,NON-LIQUID,249.85,
2026-08-12T15:20:00+08:00,COLLIE_ESR1,100.0,367.0,7,7475ca08-5259-47cb-b8ac-4186ef75cb38,IN-SERVICE,NON-LIQUID,366.78,
2026-08-12T15:20:00+08:00,COLLIE_ESR1,0.0,400.0,8,7475ca08-5259-47cb-b8ac-4186ef75cb38,IN-SERVICE,NON-LIQUID,399.76,
2026-08-12T15:20:00+08:00,COLLIE_ESR1,50.0,622.0,9,7475ca08-5259-47cb-b8ac-4186ef75cb38,IN-SERVICE,NON-LIQUID,621.63,
2026-08-12T15:20:00+08:00,COLLIE_ESR1,0.0,1200.0,10,7475ca08-5259-47cb-b8ac-4186ef75cb38,IN-SERVICE,NON-LIQUID,1199.28,
2026-08-12T15:20:00+08:00,KWINANA_ESR2,-225.0,146.97,1,4fb3ff16-5bc9-4157-ad72-3dbe2ac3b543,IN-SERVICE,NOT APPLICABLE,146.82,0.0
2026-08-12T15:20:00+08:00,KWINANA_ESR2,225.0,161.97,2,4fb3ff16-5bc9-4157-ad72-3dbe2ac3b543,IN-SERVICE,NOT APPLICABLE,161.81,0.0
2026-08-12T15:20:00+08:00,COLLIE_BESS2,0.0,-990.1,1,cfdca74e-3fab-4d9b-ba6a-28f9c1f4e130,IN-SERVICE,NON-LIQUID,-1000.0,
2026-08-12T15:20:00+08:00,COLLIE_BESS2,-46.0,-42.46,2,cfdca74e-3fab-4d9b-ba6a-28f9c1f4e130,IN-SERVICE,NON-LIQUID,-42.88,
2026-08-12T15:20:00+08:00,COLLIE_BESS2,-46.0,-10.0,3,cfdca74e-3fab-4d9b-ba6a-28f9c1f4e130,IN-SERVICE,NON-LIQUID,-10.1,
2026-08-12T15:20:00+08:00,COLLIE_BESS2,0.0,34.02,4,cfdca74e-3fab-4d9b-ba6a-28f9c1f4e130,IN-SERVICE,NON-LIQUID,34.36,
2026-08-12T15:20:00+08:00,COLLIE_BESS2,-208.0,149.41,5,cfdca74e-3fab-4d9b-ba6a-28f9c1f4e130,IN-SERVICE,NON-LIQUID,150.9,
2026-08-12T15:20:00+08:00,COLLIE_BESS2,75.0,250.0,6,cfdca74e-3fab-4d9b-ba6a-28f9c1f4e130,IN-SERVICE,NON-LIQUID,252.5,
2026-08-12T15:20:00+08:00,COLLIE_BESS2,0.0,334.0,7,cfdca74e-3fab-4d9b-ba6a-28f9c1f4e130,IN-SERVICE,NON-LIQUID,337.34,
2026-08-12T15:20:00+08:00,COLLIE_BESS2,75.0,367.0,8,cfdca74e-3fab-4d9b-ba6a-28f9c1f4e130,IN-SERVICE,NON-LIQUID,370.67,
2026-08-12T15:20:00+08:00,COLLIE_BESS2,150.0,622.0,9,cfdca74e-3fab-4d9b-ba6a-28f9c1f4e130,IN-SERVICE,NON-LIQUID,628.22,
2026-08-12T15:20:00+08:00,COLLIE_BESS2,0.0,1188.12,10,cfdca74e-3fab-4d9b-ba6a-28f9c1f4e130,IN-SERVICE,NON-LIQUID,1200.0,
2026-08-12T15:20:00+08:00,COLLIE_ESR4,-250.0,139.04,1,1fe41814-9f68-4fa3-8d15-16b913c1202e,IN-SERVICE,NOT APPLICABLE,138.96,0.0
2026-08-12T15:20:00+08:00,COLLIE_ESR4,250.0,159.33,2,1fe41814-9f68-4fa3-8d15-16b913c1202e,IN-SERVICE,NOT APPLICABLE,159.23,0.0
2026-08-12T15:20:00+08:00,COLLIE_ESR5,-250.0,143.96,1,dc05bb5a-f83e-462f-8b8f-aca127214176,IN-SERVICE,NOT APPLICABLE,143.87,0.0
2026-08-12T15:20:00+08:00,COLLIE_ESR5,250.0,160.29,2,dc05bb5a-f83e-462f-8b8f-aca127214176,IN-SERVICE,NOT APPLICABLE,160.19,0.0
2026-08-12T15:25:00+08:00,KWINANA_ESR1,-100.0,139.38,1,2ffe7d22-2dab-46c6-b906-ce0d472170c9,IN-SERVICE,NOT APPLICABLE,139.32,0.0
2026-08-12T15:25:00+08:00,KWINANA_ESR1,100.0,154.12,2,2ffe7d22-2dab-46c6-b906-ce0d472170c9,IN-SERVICE,NOT APPLICABLE,154.06,0.0
2026-08-12T15:25:00+08:00,COLLIE_ESR1,0.0,-1000.0,1,fc6db91a-ef5e-43f6-85bf-b42e61c16c5b,IN-SERVICE,NON-LIQUID,-999.4,
2026-08-12T15:25:00+08:00,COLLIE_ESR1,-23.0,-42.46,2,fc6db91a-ef5e-43f6-85bf-b42e61c16c5b,IN-SERVICE,NON-LIQUID,-42.43,
2026-08-12T15:25:00+08:00,COLLIE_ESR1,-23.0,-10.0,3,fc6db91a-ef5e-43f6-85bf-b42e61c16c5b,IN-SERVICE,NON-LIQUID,-9.99,
2026-08-12T15:25:00+08:00,COLLIE_ESR1,0.0,34.02,4,fc6db91a-ef5e-43f6-85bf-b42e61c16c5b,IN-SERVICE,NON-LIQUID,34.0,
2026-08-12T15:25:00+08:00,COLLIE_ESR1,-154.0,148.45,5,fc6db91a-ef5e-43f6-85bf-b42e61c16c5b,IN-SERVICE,NON-LIQUID,148.36,
2026-08-12T15:25:00+08:00,COLLIE_ESR1,50.0,250.0,6,fc6db91a-ef5e-43f6-85bf-b42e61c16c5b,IN-SERVICE,NON-LIQUID,249.85,
2026-08-12T15:25:00+08:00,COLLIE_ESR1,100.0,367.0,7,fc6db91a-ef5e-43f6-85bf-b42e61c16c5b,IN-SERVICE,NON-LIQUID,366.78,
2026-08-12T15:25:00+08:00,COLLIE_ESR1,0.0,400.0,8,fc6db91a-ef5e-43f6-85bf-b42e61c16c5b,IN-SERVICE,NON-LIQUID,399.76,
2026-08-12T15:25:00+08:00,COLLIE_ESR1,50.0,622.0,9,fc6db91a-ef5e-43f6-85bf-b42e61c16c5b,IN-SERVICE,NON-LIQUID,621.63,
2026-08-12T15:25:00+08:00,COLLIE_ESR1,0.0,1200.0,10,fc6db91a-ef5e-43f6-85bf-b42e61c16c5b,IN-SERVICE,NON-LIQUID,1199.28,
2026-08-12T15:25:00+08:00,KWINANA_ESR2,-225.0,146.97,1,4fb3ff16-5bc9-4157-ad72-3dbe2ac3b543,IN-SERVICE,NOT APPLICABLE,146.82,0.0
2026-08-12T15:25:00+08:00,KWINANA_ESR2,225.0,161.97,2,4fb3ff16-5bc9-4157-ad72-3dbe2ac3b543,IN-SERVICE,NOT APPLICABLE,161.81,0.0
2026-08-12T15:25:00+08:00,COLLIE_BESS2,0.0,-990.1,1,b55bd856-9f63-4c0d-86a9-104be523a4f9,IN-SERVICE,NON-LIQUID,-1000.0,
2026-08-12T15:25:00+08:00,COLLIE_BESS2,-46.0,-42.46,2,b55bd856-9f63-4c0d-86a9-104be523a4f9,IN-SERVICE,NON-LIQUID,-42.88,
2026-08-12T15:25:00+08:00,COLLIE_BESS2,-46.0,-10.0,3,b55bd856-9f63-4c0d-86a9-104be523a4f9,IN-SERVICE,NON-LIQUID,-10.1,
2026-08-12T15:25:00+08:00,COLLIE_BESS2,0.0,34.02,4,b55bd856-9f63-4c0d-86a9-104be523a4f9,IN-SERVICE,NON-LIQUID,34.36,
2026-08-12T15:25:00+08:00,COLLIE_BESS2,-208.0,148.45,5,b55bd856-9f63-4c0d-86a9-104be523a4f9,IN-SERVICE,NON-LIQUID,149.93,
2026-08-12T15:25:00+08:00,COLLIE_BESS2,75.0,250.0,6,b55bd856-9f63-4c0d-86a9-104be523a4f9,IN-SERVICE,NON-LIQUID,252.5,
2026-08-12T15:25:00+08:00,COLLIE_BESS2,0.0,334.0,7,b55bd856-9f63-4c0d-86a9-104be523a4f9,IN-SERVICE,NON-LIQUID,337.34,
2026-08-12T15:25:00+08:00,COLLIE_BESS2,75.0,367.0,8,b55bd856-9f63-4c0d-86a9-104be523a4f9,IN-SERVICE,NON-LIQUID,370.67,
2026-08-12T15:25:00+08:00,COLLIE_BESS2,150.0,622.0,9,b55bd856-9f63-4c0d-86a9-104be523a4f9,IN-SERVICE,NON-LIQUID,628.22,
2026-08-12T15:25:00+08:00,COLLIE_BESS2,0.0,1188.12,10,b55bd856-9f63-4c0d-86a9-104be523a4f9,IN-SERVICE,NON-LIQUID,1200.0,
2026-08-12T15:25:00+08:00,COLLIE_ESR4,-250.0,143.85,1,1fe41814-9f68-4fa3-8d15-16b913c1202e,IN-SERVICE,NOT APPLICABLE,143.76,0.0
2026-08-12T15:25:00+08:00,COLLIE_ESR4,250.0,160.4,2,1fe41814-9f68-4fa3-8d15-16b913c1202e,IN-SERVICE,NOT APPLICABLE,160.3,0.0
2026-08-12T15:25:00+08:00,COLLIE_ESR5,-250.0,143.96,1,dc05bb5a-f83e-462f-8b8f-aca127214176,IN-SERVICE,NOT APPLICABLE,143.87,0.0
2026-08-12T15:25:00+08:00,COLLIE_ESR5,250.0,160.29,2,dc05bb5a-f83e-462f-8b8f-aca127214176,IN-SERVICE,NOT APPLICABLE,160.19,0.0
2026-08-12T15:30:00+08:00,KWINANA_ESR1,-100.0,144.19,1,2ffe7d22-2dab-46c6-b906-ce0d472170c9,IN-SERVICE,NOT APPLICABLE,144.13,0.0
2026-08-12T15:30:00+08:00,KWINANA_ESR1,100.0,154.12,2,2ffe7d22-2dab-46c6-b906-ce0d472170c9,IN-SERVICE,NOT APPLICABLE,154.06,0.0
2026-08-12T15:30:00+08:00,COLLIE_ESR1,0.0,-1000.0,1,1ef5a845-dbfe-471f-b5d5-3c4e3bd2eb4a,IN-SERVICE,NON-LIQUID,-999.4,
2026-08-12T15:30:00+08:00,COLLIE_ESR1,-23.0,-42.46,2,1ef5a845-dbfe-471f-b5d5-3c4e3bd2eb4a,IN-SERVICE,NON-LIQUID,-42.43,
2026-08-12T15:30:00+08:00,COLLIE_ESR1,-23.0,-10.0,3,1ef5a845-dbfe-471f-b5d5-3c4e3bd2eb4a,IN-SERVICE,NON-LIQUID,-9.99,
2026-08-12T15:30:00+08:00,COLLIE_ESR1,0.0,34.02,4,1ef5a845-dbfe-471f-b5d5-3c4e3bd2eb4a,IN-SERVICE,NON-LIQUID,34.0,
2026-08-12T15:30:00+08:00,COLLIE_ESR1,-154.0,150.0,5,1ef5a845-dbfe-471f-b5d5-3c4e3bd2eb4a,IN-SERVICE,NON-LIQUID,149.91,
2026-08-12T15:30:00+08:00,COLLIE_ESR1,50.0,250.0,6,1ef5a845-dbfe-471f-b5d5-3c4e3bd2eb4a,IN-SERVICE,NON-LIQUID,249.85,
2026-08-12T15:30:00+08:00,COLLIE_ESR1,100.0,367.0,7,1ef5a845-dbfe-471f-b5d5-3c4e3bd2eb4a,IN-SERVICE,NON-LIQUID,366.78,
2026-08-12T15:30:00+08:00,COLLIE_ESR1,50.0,622.0,8,1ef5a845-dbfe-471f-b5d5-3c4e3bd2eb4a,IN-SERVICE,NON-LIQUID,621.63,
2026-08-12T15:30:00+08:00,COLLIE_ESR1,0.0,1199.9,9,1ef5a845-dbfe-471f-b5d5-3c4e3bd2eb4a,IN-SERVICE,NON-LIQUID,1199.18,
2026-08-12T15:30:00+08:00,COLLIE_ESR1,0.0,1200.0,10,1ef5a845-dbfe-471f-b5d5-3c4e3bd2eb4a,IN-SERVICE,NON-LIQUID,1199.28,
2026-08-12T15:30:00+08:00,KWINANA_ESR2,-225.0,146.97,1,4fb3ff16-5bc9-4157-ad72-3dbe2ac3b543,IN-SERVICE,NOT APPLICABLE,146.82,0.0
2026-08-12T15:30:00+08:00,KWINANA_ESR2,225.0,161.97,2,4fb3ff16-5bc9-4157-ad72-3dbe2ac3b543,IN-SERVICE,NOT APPLICABLE,161.81,0.0
2026-08-12T15:30:00+08:00,COLLIE_BESS2,0.0,-990.1,1,0a1cdf80-1b3b-4453-86f9-37f9fab62606,IN-SERVICE,NON-LIQUID,-1000.0,
2026-08-12T15:30:00+08:00,COLLIE_BESS2,-46.0,-42.46,2,0a1cdf80-1b3b-4453-86f9-37f9fab62606,IN-SERVICE,NON-LIQUID,-42.88,
2026-08-12T15:30:00+08:00,COLLIE_BESS2,-46.0,-10.0,3,0a1cdf80-1b3b-4453-86f9-37f9fab62606,IN-SERVICE,NON-LIQUID,-10.1,
2026-08-12T15:30:00+08:00,COLLIE_BESS2,0.0,34.02,4,0a1cdf80-1b3b-4453-86f9-37f9fab62606,IN-SERVICE,NON-LIQUID,34.36,
2026-08-12T15:30:00+08:00,COLLIE_BESS2,-208.0,150.0,5,0a1cdf80-1b3b-4453-86f9-37f9fab62606,IN-SERVICE,NON-LIQUID,151.5,
2026-08-12T15:30:00+08:00,COLLIE_BESS2,75.0,250.0,6,0a1cdf80-1b3b-4453-86f9-37f9fab62606,IN-SERVICE,NON-LIQUID,252.5,
2026-08-12T15:30:00+08:00,COLLIE_BESS2,75.0,367.0,7,0a1cdf80-1b3b-4453-86f9-37f9fab62606,IN-SERVICE,NON-LIQUID,370.67,
2026-08-12T15:30:00+08:00,COLLIE_BESS2,150.0,622.0,8,0a1cdf80-1b3b-4453-86f9-37f9fab62606,IN-SERVICE,NON-LIQUID,628.22,
2026-08-12T15:30:00+08:00,COLLIE_BESS2,0.0,1188.12,9,0a1cdf80-1b3b-4453-86f9-37f9fab62606,IN-SERVICE,NON-LIQUID,1200.0,
2026-08-12T15:30:00+08:00,COLLIE_BESS2,0.0,1188.12,10,0a1cdf80-1b3b-4453-86f9-37f9fab62606,IN-SERVICE,NON-LIQUID,1200.0,
2026-08-12T15:30:00+08:00,COLLIE_ESR4,-250.0,143.85,1,1fe41814-9f68-4fa3-8d15-16b913c1202e,IN-SERVICE,NOT APPLICABLE,143.76,0.0
2026-08-12T15:30:00+08:00,COLLIE_ESR4,250.0,162.15,2,1fe41814-9f68-4fa3-8d15-16b913c1202e,IN-SERVICE,NOT APPLICABLE,162.05,0.0
2026-08-12T15:30:00+08:00,COLLIE_ESR5,-250.0,143.96,1,dc05bb5a-f83e-462f-8b8f-aca127214176,IN-SERVICE,NOT APPLICABLE,143.87,0.0
2026-08-12T15:30:00+08:00,COLLIE_ESR5,250.0,160.29,2,dc05bb5a-f83e-462f-8b8f-aca127214176,IN-SERVICE,NOT APPLICABLE,160.19,0.0
2026-08-12T15:35:00+08:00,KWINANA_ESR1,-100.0,139.51,1,f3ec9f34-e1cc-4695-9c76-7c194e47e4f4,IN-SERVICE,NOT APPLICABLE,139.45,0.0
2026-08-12T15:35:00+08:00,KWINANA_ESR1,100.0,154.25,2,f3ec9f34-e1cc-4695-9c76-7c194e47e4f4,IN-SERVICE,NOT APPLICABLE,154.19,0.0
2026-08-12T15:35:00+08:00,COLLIE_ESR1,0.0,-1000.0,1,2b143978-18fa-4d4d-b63b-9d302915628d,IN-SERVICE,NON-LIQUID,-999.4,
2026-08-12T15:35:00+08:00,COLLIE_ESR1,-24.0,-42.46,2,2b143978-18fa-4d4d-b63b-9d302915628d,IN-SERVICE,NON-LIQUID,-42.43,
2026-08-12T15:35:00+08:00,COLLIE_ESR1,-25.0,-10.0,3,2b143978-18fa-4d4d-b63b-9d302915628d,IN-SERVICE,NON-LIQUID,-9.99,
2026-08-12T15:35:00+08:00,COLLIE_ESR1,0.0,34.02,4,2b143978-18fa-4d4d-b63b-9d302915628d,IN-SERVICE,NON-LIQUID,34.0,
2026-08-12T15:35:00+08:00,COLLIE_ESR1,-151.0,150.0,5,2b143978-18fa-4d4d-b63b-9d302915628d,IN-SERVICE,NON-LIQUID,149.91,
2026-08-12T15:35:00+08:00,COLLIE_ESR1,50.0,250.0,6,2b143978-18fa-4d4d-b63b-9d302915628d,IN-SERVICE,NON-LIQUID,249.85,
2026-08-12T15:35:00+08:00,COLLIE_ESR1,100.0,367.0,7,2b143978-18fa-4d4d-b63b-9d302915628d,IN-SERVICE,NON-LIQUID,366.78,
2026-08-12T15:35:00+08:00,COLLIE_ESR1,50.0,622.0,8,2b143978-18fa-4d4d-b63b-9d302915628d,IN-SERVICE,NON-LIQUID,621.63,
2026-08-12T15:35:00+08:00,COLLIE_ESR1,0.0,1199.9,9,2b143978-18fa-4d4d-b63b-9d302915628d,IN-SERVICE,NON-LIQUID,1199.18,
2026-08-12T15:35:00+08:00,COLLIE_ESR1,0.0,1200.0,10,2b143978-18fa-4d4d-b63b-9d302915628d,IN-SERVICE,NON-LIQUID,1199.28,
2026-08-12T15:35:00+08:00,KWINANA_ESR2,-225.0,135.68,1,655c9beb-8872-466e-9a2f-ec6c67e57888,IN-SERVICE,NOT APPLICABLE,135.54,0.0
2026-08-12T15:35:00+08:00,KWINANA_ESR2,225.0,151.4,2,655c9beb-8872-466e-9a2f-ec6c67e57888,IN-SERVICE,NOT APPLICABLE,151.25,0.0
2026-08-12T15:35:00+08:00,COLLIE_BESS2,0.0,-990.1,1,2e6d5443-02b7-4e82-95a4-de8fe6104688,IN-SERVICE,NON-LIQUID,-1000.0,
2026-08-12T15:35:00+08:00,COLLIE_BESS2,-49.0,-42.46,2,2e6d5443-02b7-4e82-95a4-de8fe6104688,IN-SERVICE,NON-LIQUID,-42.88,
2026-08-12T15:35:00+08:00,COLLIE_BESS2,-50.0,-10.0,3,2e6d5443-02b7-4e82-95a4-de8fe6104688,IN-SERVICE,NON-LIQUID,-10.1,
2026-08-12T15:35:00+08:00,COLLIE_BESS2,0.0,34.02,4,2e6d5443-02b7-4e82-95a4-de8fe6104688,IN-SERVICE,NON-LIQUID,34.36,
2026-08-12T15:35:00+08:00,COLLIE_BESS2,-201.0,150.0,5,2e6d5443-02b7-4e82-95a4-de8fe6104688,IN-SERVICE,NON-LIQUID,151.5,
2026-08-12T15:35:00+08:00,COLLIE_BESS2,75.0,250.0,6,2e6d5443-02b7-4e82-95a4-de8fe6104688,IN-SERVICE,NON-LIQUID,252.5,
2026-08-12T15:35:00+08:00,COLLIE_BESS2,75.0,367.0,7,2e6d5443-02b7-4e82-95a4-de8fe6104688,IN-SERVICE,NON-LIQUID,370.67,
2026-08-12T15:35:00+08:00,COLLIE_BESS2,150.0,622.0,8,2e6d5443-02b7-4e82-95a4-de8fe6104688,IN-SERVICE,NON-LIQUID,628.22,
2026-08-12T15:35:00+08:00,COLLIE_BESS2,0.0,1188.12,9,2e6d5443-02b7-4e82-95a4-de8fe6104688,IN-SERVICE,NON-LIQUID,1200.0,
2026-08-12T15:35:00+08:00,COLLIE_BESS2,0.0,1188.12,10,2e6d5443-02b7-4e82-95a4-de8fe6104688,IN-SERVICE,NON-LIQUID,1200.0,
2026-08-12T15:35:00+08:00,COLLIE_ESR4,-250.0,135.39,1,6f8846ef-7a14-4c91-866f-aee699d825d5,IN-SERVICE,NOT APPLICABLE,135.31,0.0
2026-08-12T15:35:00+08:00,COLLIE_ESR4,250.0,151.7,2,6f8846ef-7a14-4c91-866f-aee699d825d5,IN-SERVICE,NOT APPLICABLE,151.61,0.0
2026-08-12T15:35:00+08:00,COLLIE_ESR5,-250.0,136.22,1,63260564-248b-46e9-b37e-4ca9a05d0c8b,IN-SERVICE,NOT APPLICABLE,136.14,0.0
2026-08-12T15:35:00+08:00,COLLIE_ESR5,250.0,153.6,2,63260564-248b-46e9-b37e-4ca9a05d0c8b,IN-SERVICE,NOT APPLICABLE,153.51,0.0
2026-08-12T15:40:00+08:00,KWINANA_ESR1,-100.0,139.51,1,f3ec9f34-e1cc-4695-9c76-7c194e47e4f4,IN-SERVICE,NOT APPLICABLE,139.45,0.0
2026-08-12T15:40:00+08:00,KWINANA_ESR1,100.0,154.25,2,f3ec9f34-e1cc-4695-9c76-7c194e47e4f4,IN-SERVICE,NOT APPLICABLE,154.19,0.0
2026-08-12T15:40:00+08:00,COLLIE_ESR1,0.0,-1000.0,1,d6e0bd95-5652-46c4-8c7a-653f4c24aeb9,IN-SERVICE,NON-LIQUID,-999.4,
2026-08-12T15:40:00+08:00,COLLIE_ESR1,-24.0,-42.46,2,d6e0bd95-5652-46c4-8c7a-653f4c24aeb9,IN-SERVICE,NON-LIQUID,-42.43,
2026-08-12T15:40:00+08:00,COLLIE_ESR1,-25.0,-10.0,3,d6e0bd95-5652-46c4-8c7a-653f4c24aeb9,IN-SERVICE,NON-LIQUID,-9.99,
2026-08-12T15:40:00+08:00,COLLIE_ESR1,0.0,34.02,4,d6e0bd95-5652-46c4-8c7a-653f4c24aeb9,IN-SERVICE,NON-LIQUID,34.0,
2026-08-12T15:40:00+08:00,COLLIE_ESR1,-151.0,150.0,5,d6e0bd95-5652-46c4-8c7a-653f4c24aeb9,IN-SERVICE,NON-LIQUID,149.91,
2026-08-12T15:40:00+08:00,COLLIE_ESR1,50.0,250.0,6,d6e0bd95-5652-46c4-8c7a-653f4c24aeb9,IN-SERVICE,NON-LIQUID,249.85,
2026-08-12T15:40:00+08:00,COLLIE_ESR1,100.0,367.0,7,d6e0bd95-5652-46c4-8c7a-653f4c24aeb9,IN-SERVICE,NON-LIQUID,366.78,
2026-08-12T15:40:00+08:00,COLLIE_ESR1,50.0,622.0,8,d6e0bd95-5652-46c4-8c7a-653f4c24aeb9,IN-SERVICE,NON-LIQUID,621.63,
2026-08-12T15:40:00+08:00,COLLIE_ESR1,0.0,1199.9,9,d6e0bd95-5652-46c4-8c7a-653f4c24aeb9,IN-SERVICE,NON-LIQUID,1199.18,
2026-08-12T15:40:00+08:00,COLLIE_ESR1,0.0,1200.0,10,d6e0bd95-5652-46c4-8c7a-653f4c24aeb9,IN-SERVICE,NON-LIQUID,1199.28,
2026-08-12T15:40:00+08:00,KWINANA_ESR2,-225.0,128.06,1,655c9beb-8872-466e-9a2f-ec6c67e57888,IN-SERVICE,NOT APPLICABLE,127.93,0.0
2026-08-12T15:40:00+08:00,KWINANA_ESR2,225.0,151.4,2,655c9beb-8872-466e-9a2f-ec6c67e57888,IN-SERVICE,NOT APPLICABLE,151.25,0.0
2026-08-12T15:40:00+08:00,COLLIE_BESS2,0.0,-990.1,1,ac6580e8-f24e-45e7-a628-3b94df8ff4dd,IN-SERVICE,NON-LIQUID,-1000.0,
2026-08-12T15:40:00+08:00,COLLIE_BESS2,-49.0,-42.46,2,ac6580e8-f24e-45e7-a628-3b94df8ff4dd,IN-SERVICE,NON-LIQUID,-42.88,
2026-08-12T15:40:00+08:00,COLLIE_BESS2,-50.0,-10.0,3,ac6580e8-f24e-45e7-a628-3b94df8ff4dd,IN-SERVICE,NON-LIQUID,-10.1,
2026-08-12T15:40:00+08:00,COLLIE_BESS2,0.0,34.02,4,ac6580e8-f24e-45e7-a628-3b94df8ff4dd,IN-SERVICE,NON-LIQUID,34.36,
2026-08-12T15:40:00+08:00,COLLIE_BESS2,-201.0,150.0,5,ac6580e8-f24e-45e7-a628-3b94df8ff4dd,IN-SERVICE,NON-LIQUID,151.5,
2026-08-12T15:40:00+08:00,COLLIE_BESS2,75.0,250.0,6,ac6580e8-f24e-45e7-a628-3b94df8ff4dd,IN-SERVICE,NON-LIQUID,252.5,
2026-08-12T15:40:00+08:00,COLLIE_BESS2,75.0,367.0,7,ac6580e8-f24e-45e7-a628-3b94df8ff4dd,IN-SERVICE,NON-LIQUID,370.67,
2026-08-12T15:40:00+08:00,COLLIE_BESS2,150.0,622.0,8,ac6580e8-f24e-45e7-a628-3b94df8ff4dd,IN-SERVICE,NON-LIQUID,628.22,
2026-08-12T15:40:00+08:00,COLLIE_BESS2,0.0,1188.12,9,ac6580e8-f24e-45e7-a628-3b94df8ff4dd,IN-SERVICE,NON-LIQUID,1200.0,
2026-08-12T15:40:00+08:00,COLLIE_BESS2,0.0,1188.12,10,ac6580e8-f24e-45e7-a628-3b94df8ff4dd,IN-SERVICE,NON-LIQUID,1200.0,
2026-08-12T15:40:00+08:00,COLLIE_ESR4,-250.0,127.77,1,6f8846ef-7a14-4c91-866f-aee699d825d5,IN-SERVICE,NOT APPLICABLE,127.69,0.0
2026-08-12T15:40:00+08:00,COLLIE_ESR4,250.0,151.59,2,6f8846ef-7a14-4c91-866f-aee699d825d5,IN-SERVICE,NOT APPLICABLE,151.5,0.0
2026-08-12T15:40:00+08:00,COLLIE_ESR5,-250.0,136.22,1,63260564-248b-46e9-b37e-4ca9a05d0c8b,IN-SERVICE,NOT APPLICABLE,136.14,0.0
2026-08-12T15:40:00+08:00,COLLIE_ESR5,250.0,152.82,2,63260564-248b-46e9-b37e-4ca9a05d0c8b,IN-SERVICE,NOT APPLICABLE,152.73,0.0
2026-08-12T15:45:00+08:00,KWINANA_ESR1,-100.0,139.51,1,f3ec9f34-e1cc-4695-9c76-7c194e47e4f4,IN-SERVICE,NOT APPLICABLE,139.45,0.0
2026-08-12T15:45:00+08:00,KWINANA_ESR1,100.0,154.25,2,f3ec9f34-e1cc-4695-9c76-7c194e47e4f4,IN-SERVICE,NOT APPLICABLE,154.19,0.0
2026-08-12T15:45:00+08:00,COLLIE_ESR1,0.0,-1000.0,1,0eebd8ef-9cb0-4d22-9122-1cc5a499e433,IN-SERVICE,NON-LIQUID,-999.4,
2026-08-12T15:45:00+08:00,COLLIE_ESR1,-24.0,-42.46,2,0eebd8ef-9cb0-4d22-9122-1cc5a499e433,IN-SERVICE,NON-LIQUID,-42.43,
2026-08-12T15:45:00+08:00,COLLIE_ESR1,-25.0,-10.0,3,0eebd8ef-9cb0-4d22-9122-1cc5a499e433,IN-SERVICE,NON-LIQUID,-9.99,
2026-08-12T15:45:00+08:00,COLLIE_ESR1,0.0,34.02,4,0eebd8ef-9cb0-4d22-9122-1cc5a499e433,IN-SERVICE,NON-LIQUID,34.0,
2026-08-12T15:45:00+08:00,COLLIE_ESR1,-151.0,141.59,5,0eebd8ef-9cb0-4d22-9122-1cc5a499e433,IN-SERVICE,NON-LIQUID,141.51,
2026-08-12T15:45:00+08:00,COLLIE_ESR1,50.0,250.0,6,0eebd8ef-9cb0-4d22-9122-1cc5a499e433,IN-SERVICE,NON-LIQUID,249.85,
2026-08-12T15:45:00+08:00,COLLIE_ESR1,100.0,367.0,7,0eebd8ef-9cb0-4d22-9122-1cc5a499e433,IN-SERVICE,NON-LIQUID,366.78,
2026-08-12T15:45:00+08:00,COLLIE_ESR1,50.0,622.0,8,0eebd8ef-9cb0-4d22-9122-1cc5a499e433,IN-SERVICE,NON-LIQUID,621.63,
2026-08-12T15:45:00+08:00,COLLIE_ESR1,0.0,1199.9,9,0eebd8ef-9cb0-4d22-9122-1cc5a499e433,IN-SERVICE,NON-LIQUID,1199.18,
2026-08-12T15:45:00+08:00,COLLIE_ESR1,0.0,1200.0,10,0eebd8ef-9cb0-4d22-9122-1cc5a499e433,IN-SERVICE,NON-LIQUID,1199.28,
2026-08-12T15:45:00+08:00,KWINANA_ESR2,-225.0,128.06,1,655c9beb-8872-466e-9a2f-ec6c67e57888,IN-SERVICE,NOT APPLICABLE,127.93,0.0
2026-08-12T15:45:00+08:00,KWINANA_ESR2,225.0,143.07,2,655c9beb-8872-466e-9a2f-ec6c67e57888,IN-SERVICE,NOT APPLICABLE,142.93,0.0
2026-08-12T15:45:00+08:00,COLLIE_BESS2,0.0,-990.1,1,3e7834e6-3a15-4eca-a350-d9a49a5e1060,IN-SERVICE,NON-LIQUID,-1000.0,
2026-08-12T15:45:00+08:00,COLLIE_BESS2,-49.0,-42.46,2,3e7834e6-3a15-4eca-a350-d9a49a5e1060,IN-SERVICE,NON-LIQUID,-42.88,
2026-08-12T15:45:00+08:00,COLLIE_BESS2,-50.0,-10.0,3,3e7834e6-3a15-4eca-a350-d9a49a5e1060,IN-SERVICE,NON-LIQUID,-10.1,
2026-08-12T15:45:00+08:00,COLLIE_BESS2,0.0,34.02,4,3e7834e6-3a15-4eca-a350-d9a49a5e1060,IN-SERVICE,NON-LIQUID,34.36,
2026-08-12T15:45:00+08:00,COLLIE_BESS2,-201.0,141.59,5,3e7834e6-3a15-4eca-a350-d9a49a5e1060,IN-SERVICE,NON-LIQUID,143.01,
2026-08-12T15:45:00+08:00,COLLIE_BESS2,75.0,250.0,6,3e7834e6-3a15-4eca-a350-d9a49a5e1060,IN-SERVICE,NON-LIQUID,252.5,
2026-08-12T15:45:00+08:00,COLLIE_BESS2,75.0,367.0,7,3e7834e6-3a15-4eca-a350-d9a49a5e1060,IN-SERVICE,NON-LIQUID,370.67,
2026-08-12T15:45:00+08:00,COLLIE_BESS2,150.0,622.0,8,3e7834e6-3a15-4eca-a350-d9a49a5e1060,IN-SERVICE,NON-LIQUID,628.22,
2026-08-12T15:45:00+08:00,COLLIE_BESS2,0.0,1188.12,9,3e7834e6-3a15-4eca-a350-d9a49a5e1060,IN-SERVICE,NON-LIQUID,1200.0,
2026-08-12T15:45:00+08:00,COLLIE_BESS2,0.0,1188.12,10,3e7834e6-3a15-4eca-a350-d9a49a5e1060,IN-SERVICE,NON-LIQUID,1200.0,
2026-08-12T15:45:00+08:00,COLLIE_ESR4,-250.0,127.77,1,6f8846ef-7a14-4c91-866f-aee699d825d5,IN-SERVICE,NOT APPLICABLE,127.69,0.0
2026-08-12T15:45:00+08:00,COLLIE_ESR4,250.0,151.59,2,6f8846ef-7a14-4c91-866f-aee699d825d5,IN-SERVICE,NOT APPLICABLE,151.5,0.0
2026-08-12T15:45:00+08:00,COLLIE_ESR5,-250.0,136.22,1,63260564-248b-46e9-b37e-4ca9a05d0c8b,IN-SERVICE,NOT APPLICABLE,136.14,0.0
2026-08-12T15:45:00+08:00,COLLIE_ESR5,250.0,151.59,2,63260564-248b-46e9-b37e-4ca9a05d0c8b,IN-SERVICE,NOT APPLICABLE,151.5,0.0
2026-08-12T15:50:00+08:00,KWINANA_ESR1,-100.0,135.62,1,f8f98df8-a547-49c4-8612-0e770dc1f57c,IN-SERVICE,NOT APPLICABLE,135.57,0.0
2026-08-12T15:50:00+08:00,KWINANA_ESR1,100.0,150.36,2,f8f98df8-a547-49c4-8612-0e770dc1f57c,IN-SERVICE,NOT APPLICABLE,150.3,0.0
2026-08-12T15:50:00+08:00,COLLIE_ESR1,0.0,-1000.0,1,e363e186-a4b9-486a-b451-38af141b1613,IN-SERVICE,NON-LIQUID,-999.4,
2026-08-12T15:50:00+08:00,COLLIE_ESR1,-24.0,-42.46,2,e363e186-a4b9-486a-b451-38af141b1613,IN-SERVICE,NON-LIQUID,-42.43,
2026-08-12T15:50:00+08:00,COLLIE_ESR1,-25.0,-10.0,3,e363e186-a4b9-486a-b451-38af141b1613,IN-SERVICE,NON-LIQUID,-9.99,
2026-08-12T15:50:00+08:00,COLLIE_ESR1,0.0,34.02,4,e363e186-a4b9-486a-b451-38af141b1613,IN-SERVICE,NON-LIQUID,34.0,
2026-08-12T15:50:00+08:00,COLLIE_ESR1,-151.0,142.31,5,e363e186-a4b9-486a-b451-38af141b1613,IN-SERVICE,NON-LIQUID,142.22,
2026-08-12T15:50:00+08:00,COLLIE_ESR1,50.0,250.0,6,e363e186-a4b9-486a-b451-38af141b1613,IN-SERVICE,NON-LIQUID,249.85,
2026-08-12T15:50:00+08:00,COLLIE_ESR1,100.0,367.0,7,e363e186-a4b9-486a-b451-38af141b1613,IN-SERVICE,NON-LIQUID,366.78,
2026-08-12T15:50:00+08:00,COLLIE_ESR1,50.0,622.0,8,e363e186-a4b9-486a-b451-38af141b1613,IN-SERVICE,NON-LIQUID,621.63,
2026-08-12T15:50:00+08:00,COLLIE_ESR1,0.0,1199.9,9,e363e186-a4b9-486a-b451-38af141b1613,IN-SERVICE,NON-LIQUID,1199.18,
2026-08-12T15:50:00+08:00,COLLIE_ESR1,0.0,1200.0,10,e363e186-a4b9-486a-b451-38af141b1613,IN-SERVICE,NON-LIQUID,1199.28,
2026-08-12T15:50:00+08:00,KWINANA_ESR2,-225.0,128.06,1,90cc51e6-ae1f-4c6d-b394-38c9c60f3435,IN-SERVICE,NOT APPLICABLE,127.93,0.0
2026-08-12T15:50:00+08:00,KWINANA_ESR2,225.0,144.26,2,90cc51e6-ae1f-4c6d-b394-38c9c60f3435,IN-SERVICE,NOT APPLICABLE,144.12,0.0
2026-08-12T15:50:00+08:00,COLLIE_BESS2,0.0,-990.1,1,f87b73cd-9dcd-4e2d-95de-82b6b47dda10,IN-SERVICE,NON-LIQUID,-1000.0,
2026-08-12T15:50:00+08:00,COLLIE_BESS2,-49.0,-42.46,2,f87b73cd-9dcd-4e2d-95de-82b6b47dda10,IN-SERVICE,NON-LIQUID,-42.88,
2026-08-12T15:50:00+08:00,COLLIE_BESS2,-50.0,-10.0,3,f87b73cd-9dcd-4e2d-95de-82b6b47dda10,IN-SERVICE,NON-LIQUID,-10.1,
2026-08-12T15:50:00+08:00,COLLIE_BESS2,0.0,34.02,4,f87b73cd-9dcd-4e2d-95de-82b6b47dda10,IN-SERVICE,NON-LIQUID,34.36,
2026-08-12T15:50:00+08:00,COLLIE_BESS2,-201.0,142.31,5,f87b73cd-9dcd-4e2d-95de-82b6b47dda10,IN-SERVICE,NON-LIQUID,143.73,
2026-08-12T15:50:00+08:00,COLLIE_BESS2,75.0,250.0,6,f87b73cd-9dcd-4e2d-95de-82b6b47dda10,IN-SERVICE,NON-LIQUID,252.5,
2026-08-12T15:50:00+08:00,COLLIE_BESS2,75.0,367.0,7,f87b73cd-9dcd-4e2d-95de-82b6b47dda10,IN-SERVICE,NON-LIQUID,370.67,
2026-08-12T15:50:00+08:00,COLLIE_BESS2,150.0,622.0,8,f87b73cd-9dcd-4e2d-95de-82b6b47dda10,IN-SERVICE,NON-LIQUID,628.22,
2026-08-12T15:50:00+08:00,COLLIE_BESS2,0.0,1188.12,9,f87b73cd-9dcd-4e2d-95de-82b6b47dda10,IN-SERVICE,NON-LIQUID,1200.0,
2026-08-12T15:50:00+08:00,COLLIE_BESS2,0.0,1188.12,10,f87b73cd-9dcd-4e2d-95de-82b6b47dda10,IN-SERVICE,NON-LIQUID,1200.0,
2026-08-12T15:50:00+08:00,COLLIE_ESR4,-250.0,127.77,1,f0a7e32e-405b-46da-b50d-cc4cd9fccd50,IN-SERVICE,NOT APPLICABLE,127.69,0.0
2026-08-12T15:50:00+08:00,COLLIE_ESR4,250.0,144.44,2,f0a7e32e-405b-46da-b50d-cc4cd9fccd50,IN-SERVICE,NOT APPLICABLE,144.35,0.0
2026-08-12T15:50:00+08:00,COLLIE_ESR5,-250.0,127.88,1,f74c554d-21d9-46fd-af41-4c4c65d41787,IN-SERVICE,NOT APPLICABLE,127.8,0.0
2026-08-12T15:50:00+08:00,COLLIE_ESR5,250.0,144.34,2,f74c554d-21d9-46fd-af41-4c4c65d41787,IN-SERVICE,NOT APPLICABLE,144.25,0.0
2026-08-12T15:55:00+08:00,KWINANA_ESR1,-100.0,135.62,1,f8f98df8-a547-49c4-8612-0e770dc1f57c,IN-SERVICE,NOT APPLICABLE,135.57,0.0
2026-08-12T15:55:00+08:00,KWINANA_ESR1,100.0,150.36,2,f8f98df8-a547-49c4-8612-0e770dc1f57c,IN-SERVICE,NOT APPLICABLE,150.3,0.0
2026-08-12T15:55:00+08:00,COLLIE_ESR1,0.0,-1000.0,1,4c0b3d79-7c1a-47d5-8714-87e4268ac909,IN-SERVICE,NON-LIQUID,-999.4,
2026-08-12T15:55:00+08:00,COLLIE_ESR1,-24.0,-42.46,2,4c0b3d79-7c1a-47d5-8714-87e4268ac909,IN-SERVICE,NON-LIQUID,-42.43,
2026-08-12T15:55:00+08:00,COLLIE_ESR1,-25.0,-10.0,3,4c0b3d79-7c1a-47d5-8714-87e4268ac909,IN-SERVICE,NON-LIQUID,-9.99,
2026-08-12T15:55:00+08:00,COLLIE_ESR1,0.0,34.02,4,4c0b3d79-7c1a-47d5-8714-87e4268ac909,IN-SERVICE,NON-LIQUID,34.0,
2026-08-12T15:55:00+08:00,COLLIE_ESR1,-151.0,141.59,5,4c0b3d79-7c1a-47d5-8714-87e4268ac909,IN-SERVICE,NON-LIQUID,141.51,
2026-08-12T15:55:00+08:00,COLLIE_ESR1,50.0,250.0,6,4c0b3d79-7c1a-47d5-8714-87e4268ac909,IN-SERVICE,NON-LIQUID,249.85,
2026-08-12T15:55:00+08:00,COLLIE_ESR1,100.0,367.0,7,4c0b3d79-7c1a-47d5-8714-87e4268ac909,IN-SERVICE,NON-LIQUID,366.78,
2026-08-12T15:55:00+08:00,COLLIE_ESR1,50.0,622.0,8,4c0b3d79-7c1a-47d5-8714-87e4268ac909,IN-SERVICE,NON-LIQUID,621.63,
2026-08-12T15:55:00+08:00,COLLIE_ESR1,0.0,1199.9,9,4c0b3d79-7c1a-47d5-8714-87e4268ac909,IN-SERVICE,NON-LIQUID,1199.18,
2026-08-12T15:55:00+08:00,COLLIE_ESR1,0.0,1200.0,10,4c0b3d79-7c1a-47d5-8714-87e4268ac909,IN-SERVICE,NON-LIQUID,1199.28,
2026-08-12T15:55:00+08:00,KWINANA_ESR2,-225.0,128.06,1,90cc51e6-ae1f-4c6d-b394-38c9c60f3435,IN-SERVICE,NOT APPLICABLE,127.93,0.0
2026-08-12T15:55:00+08:00,KWINANA_ESR2,225.0,143.07,2,90cc51e6-ae1f-4c6d-b394-38c9c60f3435,IN-SERVICE,NOT APPLICABLE,142.93,0.0
2026-08-12T15:55:00+08:00,COLLIE_BESS2,0.0,-990.1,1,bffb36a0-b170-4dbc-aac8-3ed4c4da7247,IN-SERVICE,NON-LIQUID,-1000.0,
2026-08-12T15:55:00+08:00,COLLIE_BESS2,-49.0,-42.46,2,bffb36a0-b170-4dbc-aac8-3ed4c4da7247,IN-SERVICE,NON-LIQUID,-42.88,
2026-08-12T15:55:00+08:00,COLLIE_BESS2,-50.0,-10.0,3,bffb36a0-b170-4dbc-aac8-3ed4c4da7247,IN-SERVICE,NON-LIQUID,-10.1,
2026-08-12T15:55:00+08:00,COLLIE_BESS2,0.0,34.02,4,bffb36a0-b170-4dbc-aac8-3ed4c4da7247,IN-SERVICE,NON-LIQUID,34.36,
2026-08-12T15:55:00+08:00,COLLIE_BESS2,-201.0,141.59,5,bffb36a0-b170-4dbc-aac8-3ed4c4da7247,IN-SERVICE,NON-LIQUID,143.01,
2026-08-12T15:55:00+08:00,COLLIE_BESS2,75.0,250.0,6,bffb36a0-b170-4dbc-aac8-3ed4c4da7247,IN-SERVICE,NON-LIQUID,252.5,
2026-08-12T15:55:00+08:00,COLLIE_BESS2,75.0,367.0,7,bffb36a0-b170-4dbc-aac8-3ed4c4da7247,IN-SERVICE,NON-LIQUID,370.67,
2026-08-12T15:55:00+08:00,COLLIE_BESS2,150.0,622.0,8,bffb36a0-b170-4dbc-aac8-3ed4c4da7247,IN-SERVICE,NON-LIQUID,628.22,
2026-08-12T15:55:00+08:00,COLLIE_BESS2,0.0,1188.12,9,bffb36a0-b170-4dbc-aac8-3ed4c4da7247,IN-SERVICE,NON-LIQUID,1200.0,
2026-08-12T15:55:00+08:00,COLLIE_BESS2,0.0,1188.12,10,bffb36a0-b170-4dbc-aac8-3ed4c4da7247,IN-SERVICE,NON-LIQUID,1200.0,
2026-08-12T15:55:00+08:00,COLLIE_ESR4,-250.0,127.77,1,f0a7e32e-405b-46da-b50d-cc4cd9fccd50,IN-SERVICE,NOT APPLICABLE,127.69,0.0
2026-08-12T15:55:00+08:00,COLLIE_ESR4,250.0,143.25,2,f0a7e32e-405b-46da-b50d-cc4cd9fccd50,IN-SERVICE,NOT APPLICABLE,143.16,0.0
2026-08-12T15:55:00+08:00,COLLIE_ESR5,-250.0,127.88,1,f74c554d-21d9-46fd-af41-4c4c65d41787,IN-SERVICE,NOT APPLICABLE,127.8,0.0
2026-08-12T15:55:00+08:00,COLLIE_ESR5,250.0,144.34,2,f74c554d-21d9-46fd-af41-4c4c65d41787,IN-SERVICE,NOT APPLICABLE,144.25,0.0
2026-08-12T16:00:00+08:00,KWINANA_ESR1,-100.0,135.62,1,f8f98df8-a547-49c4-8612-0e770dc1f57c,IN-SERVICE,NOT APPLICABLE,135.57,0.0
2026-08-12T16:00:00+08:00,KWINANA_ESR1,100.0,150.36,2,f8f98df8-a547-49c4-8612-0e770dc1f57c,IN-SERVICE,NOT APPLICABLE,150.3,0.0
2026-08-12T16:00:00+08:00,COLLIE_ESR1,0.0,-1000.0,1,578f71f3-1a79-4537-be19-dfaf939bd8f9,IN-SERVICE,NON-LIQUID,-999.4,
2026-08-12T16:00:00+08:00,COLLIE_ESR1,-24.0,-42.46,2,578f71f3-1a79-4537-be19-dfaf939bd8f9,IN-SERVICE,NON-LIQUID,-42.43,
2026-08-12T16:00:00+08:00,COLLIE_ESR1,-25.0,-10.0,3,578f71f3-1a79-4537-be19-dfaf939bd8f9,IN-SERVICE,NON-LIQUID,-9.99,
2026-08-12T16:00:00+08:00,COLLIE_ESR1,0.0,34.02,4,578f71f3-1a79-4537-be19-dfaf939bd8f9,IN-SERVICE,NON-LIQUID,34.0,
2026-08-12T16:00:00+08:00,COLLIE_ESR1,-151.0,139.56,5,578f71f3-1a79-4537-be19-dfaf939bd8f9,IN-SERVICE,NON-LIQUID,139.48,
2026-08-12T16:00:00+08:00,COLLIE_ESR1,50.0,250.0,6,578f71f3-1a79-4537-be19-dfaf939bd8f9,IN-SERVICE,NON-LIQUID,249.85,
2026-08-12T16:00:00+08:00,COLLIE_ESR1,100.0,367.0,7,578f71f3-1a79-4537-be19-dfaf939bd8f9,IN-SERVICE,NON-LIQUID,366.78,
2026-08-12T16:00:00+08:00,COLLIE_ESR1,0.0,400.0,8,578f71f3-1a79-4537-be19-dfaf939bd8f9,IN-SERVICE,NON-LIQUID,399.76,
2026-08-12T16:00:00+08:00,COLLIE_ESR1,50.0,622.0,9,578f71f3-1a79-4537-be19-dfaf939bd8f9,IN-SERVICE,NON-LIQUID,621.63,
2026-08-12T16:00:00+08:00,COLLIE_ESR1,0.0,1200.0,10,578f71f3-1a79-4537-be19-dfaf939bd8f9,IN-SERVICE,NON-LIQUID,1199.28,
2026-08-12T16:00:00+08:00,KWINANA_ESR2,-225.0,128.06,1,90cc51e6-ae1f-4c6d-b394-38c9c60f3435,IN-SERVICE,NOT APPLICABLE,127.93,0.0
2026-08-12T16:00:00+08:00,KWINANA_ESR2,225.0,143.07,2,90cc51e6-ae1f-4c6d-b394-38c9c60f3435,IN-SERVICE,NOT APPLICABLE,142.93,0.0
2026-08-12T16:00:00+08:00,COLLIE_BESS2,0.0,-990.1,1,48246544-0473-491d-b030-f6af42874f73,IN-SERVICE,NON-LIQUID,-1000.0,
2026-08-12T16:00:00+08:00,COLLIE_BESS2,-150.0,-42.46,2,48246544-0473-491d-b030-f6af42874f73,IN-SERVICE,NON-LIQUID,-42.88,
2026-08-12T16:00:00+08:00,COLLIE_BESS2,-150.0,-10.0,3,48246544-0473-491d-b030-f6af42874f73,IN-SERVICE,NON-LIQUID,-10.1,
2026-08-12T16:00:00+08:00,COLLIE_BESS2,0.0,34.02,4,48246544-0473-491d-b030-f6af42874f73,IN-SERVICE,NON-LIQUID,34.36,
2026-08-12T16:00:00+08:00,COLLIE_BESS2,0.0,60.0,5,48246544-0473-491d-b030-f6af42874f73,IN-SERVICE,NON-LIQUID,60.6,
2026-08-12T16:00:00+08:00,COLLIE_BESS2,75.0,250.0,6,48246544-0473-491d-b030-f6af42874f73,IN-SERVICE,NON-LIQUID,252.5,
2026-08-12T16:00:00+08:00,COLLIE_BESS2,75.0,367.0,7,48246544-0473-491d-b030-f6af42874f73,IN-SERVICE,NON-LIQUID,370.67,
2026-08-12T16:00:00+08:00,COLLIE_BESS2,0.0,380.81,8,48246544-0473-491d-b030-f6af42874f73,IN-SERVICE,NON-LIQUID,384.62,
2026-08-12T16:00:00+08:00,COLLIE_BESS2,150.0,622.0,9,48246544-0473-491d-b030-f6af42874f73,IN-SERVICE,NON-LIQUID,628.22,
2026-08-12T16:00:00+08:00,COLLIE_BESS2,0.0,1188.12,10,48246544-0473-491d-b030-f6af42874f73,IN-SERVICE,NON-LIQUID,1200.0,
2026-08-12T16:00:00+08:00,COLLIE_ESR4,-250.0,127.77,1,f0a7e32e-405b-46da-b50d-cc4cd9fccd50,IN-SERVICE,NOT APPLICABLE,127.69,0.0
2026-08-12T16:00:00+08:00,COLLIE_ESR4,250.0,143.25,2,f0a7e32e-405b-46da-b50d-cc4cd9fccd50,IN-SERVICE,NOT APPLICABLE,143.16,0.0
2026-08-12T16:00:00+08:00,COLLIE_ESR5,-250.0,127.88,1,f74c554d-21d9-46fd-af41-4c4c65d41787,IN-SERVICE,NOT APPLICABLE,127.8,0.0
2026-08-12T16:00:00+08:00,COLLIE_ESR5,250.0,143.14,2,f74c554d-21d9-46fd-af41-4c4c65d41787,IN-SERVICE,NOT APPLICABLE,143.05,0.0
2026-08-12T16:05:00+08:00,KWINANA_ESR1,-100.0,135.62,1,5b7bbb29-66eb-4d7b-8987-3af7bea48686,IN-SERVICE,NOT APPLICABLE,135.57,0.0
2026-08-12T16:05:00+08:00,KWINANA_ESR1,100.0,150.36,2,5b7bbb29-66eb-4d7b-8987-3af7bea48686,IN-SERVICE,NOT APPLICABLE,150.3,0.0
2026-08-12T16:05:00+08:00,COLLIE_ESR1,0.0,-1000.0,1,09003f23-a25a-456f-b0d7-668a78be2c1f,IN-SERVICE,NON-LIQUID,-999.4,
2026-08-12T16:05:00+08:00,COLLIE_ESR1,-23.0,-42.46,2,09003f23-a25a-456f-b0d7-668a78be2c1f,IN-SERVICE,NON-LIQUID,-42.43,
2026-08-12T16:05:00+08:00,COLLIE_ESR1,-24.0,-10.0,3,09003f23-a25a-456f-b0d7-668a78be2c1f,IN-SERVICE,NON-LIQUID,-9.99,
2026-08-12T16:05:00+08:00,COLLIE_ESR1,0.0,34.02,4,09003f23-a25a-456f-b0d7-668a78be2c1f,IN-SERVICE,NON-LIQUID,34.0,
2026-08-12T16:05:00+08:00,COLLIE_ESR1,-153.0,140.16,5,09003f23-a25a-456f-b0d7-668a78be2c1f,IN-SERVICE,NON-LIQUID,140.08,
2026-08-12T16:05:00+08:00,COLLIE_ESR1,50.0,250.0,6,09003f23-a25a-456f-b0d7-668a78be2c1f,IN-SERVICE,NON-LIQUID,249.85,
2026-08-12T16:05:00+08:00,COLLIE_ESR1,100.0,367.0,7,09003f23-a25a-456f-b0d7-668a78be2c1f,IN-SERVICE,NON-LIQUID,366.78,
2026-08-12T16:05:00+08:00,COLLIE_ESR1,0.0,400.0,8,09003f23-a25a-456f-b0d7-668a78be2c1f,IN-SERVICE,NON-LIQUID,399.76,
2026-08-12T16:05:00+08:00,COLLIE_ESR1,50.0,622.0,9,09003f23-a25a-456f-b0d7-668a78be2c1f,IN-SERVICE,NON-LIQUID,621.63,
2026-08-12T16:05:00+08:00,COLLIE_ESR1,0.0,1200.0,10,09003f23-a25a-456f-b0d7-668a78be2c1f,IN-SERVICE,NON-LIQUID,1199.28,
2026-08-12T16:05:00+08:00,KWINANA_ESR2,-225.0,135.69,1,1766c922-6750-4051-af6f-1bf4ff73d5b2,IN-SERVICE,NOT APPLICABLE,135.55,0.0
2026-08-12T16:05:00+08:00,KWINANA_ESR2,225.0,150.69,2,1766c922-6750-4051-af6f-1bf4ff73d5b2,IN-SERVICE,NOT APPLICABLE,150.54,0.0
2026-08-12T16:05:00+08:00,COLLIE_BESS2,0.0,-990.1,1,3ebfc1f1-06ec-4312-aa75-20099a898951,IN-SERVICE,NON-LIQUID,-1000.0,
2026-08-12T16:05:00+08:00,COLLIE_BESS2,-150.0,-42.46,2,3ebfc1f1-06ec-4312-aa75-20099a898951,IN-SERVICE,NON-LIQUID,-42.88,
2026-08-12T16:05:00+08:00,COLLIE_BESS2,-150.0,-10.0,3,3ebfc1f1-06ec-4312-aa75-20099a898951,IN-SERVICE,NON-LIQUID,-10.1,
2026-08-12T16:05:00+08:00,COLLIE_BESS2,0.0,34.02,4,3ebfc1f1-06ec-4312-aa75-20099a898951,IN-SERVICE,NON-LIQUID,34.36,
2026-08-12T16:05:00+08:00,COLLIE_BESS2,0.0,60.0,5,3ebfc1f1-06ec-4312-aa75-20099a898951,IN-SERVICE,NON-LIQUID,60.6,
2026-08-12T16:05:00+08:00,COLLIE_BESS2,75.0,250.0,6,3ebfc1f1-06ec-4312-aa75-20099a898951,IN-SERVICE,NON-LIQUID,252.5,
2026-08-12T16:05:00+08:00,COLLIE_BESS2,75.0,367.0,7,3ebfc1f1-06ec-4312-aa75-20099a898951,IN-SERVICE,NON-LIQUID,370.67,
2026-08-12T16:05:00+08:00,COLLIE_BESS2,0.0,380.81,8,3ebfc1f1-06ec-4312-aa75-20099a898951,IN-SERVICE,NON-LIQUID,384.62,
2026-08-12T16:05:00+08:00,COLLIE_BESS2,150.0,622.0,9,3ebfc1f1-06ec-4312-aa75-20099a898951,IN-SERVICE,NON-LIQUID,628.22,
2026-08-12T16:05:00+08:00,COLLIE_BESS2,0.0,1188.12,10,3ebfc1f1-06ec-4312-aa75-20099a898951,IN-SERVICE,NON-LIQUID,1200.0,
2026-08-12T16:05:00+08:00,COLLIE_ESR4,-250.0,135.4,1,c875c4a1-c249-46aa-bae8-7a7f59c5c1b0,IN-SERVICE,NOT APPLICABLE,135.32,0.0
2026-08-12T16:05:00+08:00,COLLIE_ESR4,250.0,150.88,2,c875c4a1-c249-46aa-bae8-7a7f59c5c1b0,IN-SERVICE,NOT APPLICABLE,150.79,0.0
2026-08-12T16:05:00+08:00,COLLIE_ESR5,-250.0,135.51,1,3c1ec68b-b220-4638-81c2-6ba0ea5b4d2a,IN-SERVICE,NOT APPLICABLE,135.43,0.0
2026-08-12T16:05:00+08:00,COLLIE_ESR5,250.0,150.77,2,3c1ec68b-b220-4638-81c2-6ba0ea5b4d2a,IN-SERVICE,NOT APPLICABLE,150.68,0.0
2026-08-12T16:10:00+08:00,KWINANA_ESR1,-100.0,135.74,1,5b7bbb29-66eb-4d7b-8987-3af7bea48686,IN-SERVICE,NOT APPLICABLE,135.69,0.0
2026-08-12T16:10:00+08:00,KWINANA_ESR1,100.0,150.36,2,5b7bbb29-66eb-4d7b-8987-3af7bea48686,IN-SERVICE,NOT APPLICABLE,150.3,0.0
2026-08-12T16:10:00+08:00,COLLIE_ESR1,0.0,-1000.0,1,d9fc93f0-1907-45e0-8847-b6bd71ce6296,IN-SERVICE,NON-LIQUID,-999.4,
2026-08-12T16:10:00+08:00,COLLIE_ESR1,-23.0,-42.46,2,d9fc93f0-1907-45e0-8847-b6bd71ce6296,IN-SERVICE,NON-LIQUID,-42.43,
2026-08-12T16:10:00+08:00,COLLIE_ESR1,-24.0,-10.0,3,d9fc93f0-1907-45e0-8847-b6bd71ce6296,IN-SERVICE,NON-LIQUID,-9.99,
2026-08-12T16:10:00+08:00,COLLIE_ESR1,0.0,34.02,4,d9fc93f0-1907-45e0-8847-b6bd71ce6296,IN-SERVICE,NON-LIQUID,34.0,
2026-08-12T16:10:00+08:00,COLLIE_ESR1,-153.0,132.27,5,d9fc93f0-1907-45e0-8847-b6bd71ce6296,IN-SERVICE,NON-LIQUID,132.19,
2026-08-12T16:10:00+08:00,COLLIE_ESR1,50.0,250.0,6,d9fc93f0-1907-45e0-8847-b6bd71ce6296,IN-SERVICE,NON-LIQUID,249.85,
2026-08-12T16:10:00+08:00,COLLIE_ESR1,100.0,367.0,7,d9fc93f0-1907-45e0-8847-b6bd71ce6296,IN-SERVICE,NON-LIQUID,366.78,
2026-08-12T16:10:00+08:00,COLLIE_ESR1,0.0,400.0,8,d9fc93f0-1907-45e0-8847-b6bd71ce6296,IN-SERVICE,NON-LIQUID,399.76,
2026-08-12T16:10:00+08:00,COLLIE_ESR1,50.0,622.0,9,d9fc93f0-1907-45e0-8847-b6bd71ce6296,IN-SERVICE,NON-LIQUID,621.63,
2026-08-12T16:10:00+08:00,COLLIE_ESR1,0.0,1200.0,10,d9fc93f0-1907-45e0-8847-b6bd71ce6296,IN-SERVICE,NON-LIQUID,1199.28,
2026-08-12T16:10:00+08:00,KWINANA_ESR2,-225.0,135.69,1,1766c922-6750-4051-af6f-1bf4ff73d5b2,IN-SERVICE,NOT APPLICABLE,135.55,0.0
2026-08-12T16:10:00+08:00,KWINANA_ESR2,225.0,150.69,2,1766c922-6750-4051-af6f-1bf4ff73d5b2,IN-SERVICE,NOT APPLICABLE,150.54,0.0
2026-08-12T16:10:00+08:00,COLLIE_BESS2,0.0,-990.1,1,3123234b-27dd-4080-ba2f-11ca0bec6484,IN-SERVICE,NON-LIQUID,-1000.0,
2026-08-12T16:10:00+08:00,COLLIE_BESS2,-150.0,-42.46,2,3123234b-27dd-4080-ba2f-11ca0bec6484,IN-SERVICE,NON-LIQUID,-42.88,
2026-08-12T16:10:00+08:00,COLLIE_BESS2,-150.0,-10.0,3,3123234b-27dd-4080-ba2f-11ca0bec6484,IN-SERVICE,NON-LIQUID,-10.1,
2026-08-12T16:10:00+08:00,COLLIE_BESS2,0.0,34.02,4,3123234b-27dd-4080-ba2f-11ca0bec6484,IN-SERVICE,NON-LIQUID,34.36,
2026-08-12T16:10:00+08:00,COLLIE_BESS2,0.0,60.0,5,3123234b-27dd-4080-ba2f-11ca0bec6484,IN-SERVICE,NON-LIQUID,60.6,
2026-08-12T16:10:00+08:00,COLLIE_BESS2,75.0,250.0,6,3123234b-27dd-4080-ba2f-11ca0bec6484,IN-SERVICE,NON-LIQUID,252.5,
2026-08-12T16:10:00+08:00,COLLIE_BESS2,75.0,367.0,7,3123234b-27dd-4080-ba2f-11ca0bec6484,IN-SERVICE,NON-LIQUID,370.67,
2026-08-12T16:10:00+08:00,COLLIE_BESS2,0.0,380.81,8,3123234b-27dd-4080-ba2f-11ca0bec6484,IN-SERVICE,NON-LIQUID,384.62,
2026-08-12T16:10:00+08:00,COLLIE_BESS2,150.0,622.0,9,3123234b-27dd-4080-ba2f-11ca0bec6484,IN-SERVICE,NON-LIQUID,628.22,
2026-08-12T16:10:00+08:00,COLLIE_BESS2,0.0,1188.12,10,3123234b-27dd-4080-ba2f-11ca0bec6484,IN-SERVICE,NON-LIQUID,1200.0,
2026-08-12T16:10:00+08:00,COLLIE_ESR4,-250.0,135.4,1,c875c4a1-c249-46aa-bae8-7a7f59c5c1b0,IN-SERVICE,NOT APPLICABLE,135.32,0.0
2026-08-12T16:10:00+08:00,COLLIE_ESR4,250.0,150.88,2,c875c4a1-c249-46aa-bae8-7a7f59c5c1b0,IN-SERVICE,NOT APPLICABLE,150.79,0.0
2026-08-12T16:10:00+08:00,COLLIE_ESR5,-250.0,135.51,1,3c1ec68b-b220-4638-81c2-6ba0ea5b4d2a,IN-SERVICE,NOT APPLICABLE,135.43,0.0
2026-08-12T16:10:00+08:00,COLLIE_ESR5,250.0,150.77,2,3c1ec68b-b220-4638-81c2-6ba0ea5b4d2a,IN-SERVICE,NOT APPLICABLE,150.68,0.0
2026-08-12T16:15:00+08:00,KWINANA_ESR1,-100.0,135.74,1,5b7bbb29-66eb-4d7b-8987-3af7bea48686,IN-SERVICE,NOT APPLICABLE,135.69,0.0
2026-08-12T16:15:00+08:00,KWINANA_ESR1,100.0,150.36,2,5b7bbb29-66eb-4d7b-8987-3af7bea48686,IN-SERVICE,NOT APPLICABLE,150.3,0.0
2026-08-12T16:15:00+08:00,COLLIE_ESR1,0.0,-1000.0,1,fa010d73-d5c0-4963-a39b-99ddc1f41fa4,IN-SERVICE,NON-LIQUID,-999.4,
2026-08-12T16:15:00+08:00,COLLIE_ESR1,-23.0,-42.46,2,fa010d73-d5c0-4963-a39b-99ddc1f41fa4,IN-SERVICE,NON-LIQUID,-42.43,
2026-08-12T16:15:00+08:00,COLLIE_ESR1,-24.0,-10.0,3,fa010d73-d5c0-4963-a39b-99ddc1f41fa4,IN-SERVICE,NON-LIQUID,-9.99,
2026-08-12T16:15:00+08:00,COLLIE_ESR1,0.0,34.02,4,fa010d73-d5c0-4963-a39b-99ddc1f41fa4,IN-SERVICE,NON-LIQUID,34.0,
2026-08-12T16:15:00+08:00,COLLIE_ESR1,-153.0,137.12,5,fa010d73-d5c0-4963-a39b-99ddc1f41fa4,IN-SERVICE,NON-LIQUID,137.04,
2026-08-12T16:15:00+08:00,COLLIE_ESR1,50.0,250.0,6,fa010d73-d5c0-4963-a39b-99ddc1f41fa4,IN-SERVICE,NON-LIQUID,249.85,
2026-08-12T16:15:00+08:00,COLLIE_ESR1,100.0,367.0,7,fa010d73-d5c0-4963-a39b-99ddc1f41fa4,IN-SERVICE,NON-LIQUID,366.78,
2026-08-12T16:15:00+08:00,COLLIE_ESR1,0.0,400.0,8,fa010d73-d5c0-4963-a39b-99ddc1f41fa4,IN-SERVICE,NON-LIQUID,399.76,
2026-08-12T16:15:00+08:00,COLLIE_ESR1,50.0,622.0,9,fa010d73-d5c0-4963-a39b-99ddc1f41fa4,IN-SERVICE,NON-LIQUID,621.63,
2026-08-12T16:15:00+08:00,COLLIE_ESR1,0.0,1200.0,10,fa010d73-d5c0-4963-a39b-99ddc1f41fa4,IN-SERVICE,NON-LIQUID,1199.28,
2026-08-12T16:15:00+08:00,KWINANA_ESR2,-225.0,135.69,1,1766c922-6750-4051-af6f-1bf4ff73d5b2,IN-SERVICE,NOT APPLICABLE,135.55,0.0
2026-08-12T16:15:00+08:00,KWINANA_ESR2,225.0,150.69,2,1766c922-6750-4051-af6f-1bf4ff73d5b2,IN-SERVICE,NOT APPLICABLE,150.54,0.0
2026-08-12T16:15:00+08:00,COLLIE_BESS2,0.0,-990.1,1,086ae4d0-d378-4fa3-bf84-dc185ea72fac,IN-SERVICE,NON-LIQUID,-1000.0,
2026-08-12T16:15:00+08:00,COLLIE_BESS2,-150.0,-42.46,2,086ae4d0-d378-4fa3-bf84-dc185ea72fac,IN-SERVICE,NON-LIQUID,-42.88,
2026-08-12T16:15:00+08:00,COLLIE_BESS2,-150.0,-10.0,3,086ae4d0-d378-4fa3-bf84-dc185ea72fac,IN-SERVICE,NON-LIQUID,-10.1,
2026-08-12T16:15:00+08:00,COLLIE_BESS2,0.0,34.02,4,086ae4d0-d378-4fa3-bf84-dc185ea72fac,IN-SERVICE,NON-LIQUID,34.36,
2026-08-12T16:15:00+08:00,COLLIE_BESS2,0.0,60.0,5,086ae4d0-d378-4fa3-bf84-dc185ea72fac,IN-SERVICE,NON-LIQUID,60.6,
2026-08-12T16:15:00+08:00,COLLIE_BESS2,75.0,250.0,6,086ae4d0-d378-4fa3-bf84-dc185ea72fac,IN-SERVICE,NON-LIQUID,252.5,
2026-08-12T16:15:00+08:00,COLLIE_BESS2,75.0,367.0,7,086ae4d0-d378-4fa3-bf84-dc185ea72fac,IN-SERVICE,NON-LIQUID,370.67,
2026-08-12T16:15:00+08:00,COLLIE_BESS2,0.0,380.81,8,086ae4d0-d378-4fa3-bf84-dc185ea72fac,IN-SERVICE,NON-LIQUID,384.62,
2026-08-12T16:15:00+08:00,COLLIE_BESS2,150.0,622.0,9,086ae4d0-d378-4fa3-bf84-dc185ea72fac,IN-SERVICE,NON-LIQUID,628.22,
2026-08-12T16:15:00+08:00,COLLIE_BESS2,0.0,1188.12,10,086ae4d0-d378-4fa3-bf84-dc185ea72fac,IN-SERVICE,NON-LIQUID,1200.0,
2026-08-12T16:15:00+08:00,COLLIE_ESR4,-250.0,135.4,1,c875c4a1-c249-46aa-bae8-7a7f59c5c1b0,IN-SERVICE,NOT APPLICABLE,135.32,0.0
2026-08-12T16:15:00+08:00,COLLIE_ESR4,250.0,150.88,2,c875c4a1-c249-46aa-bae8-7a7f59c5c1b0,IN-SERVICE,NOT APPLICABLE,150.79,0.0
2026-08-12T16:15:00+08:00,COLLIE_ESR5,-250.0,135.51,1,3c1ec68b-b220-4638-81c2-6ba0ea5b4d2a,IN-SERVICE,NOT APPLICABLE,135.43,0.0
2026-08-12T16:15:00+08:00,COLLIE_ESR5,250.0,150.77,2,3c1ec68b-b220-4638-81c2-6ba0ea5b4d2a,IN-SERVICE,NOT APPLICABLE,150.68,0.0
2026-08-12T16:20:00+08:00,KWINANA_ESR1,-100.0,143.74,1,d0cee665-96e6-4788-89ec-ba2b62736154,IN-SERVICE,NOT APPLICABLE,143.68,0.0
2026-08-12T16:20:00+08:00,KWINANA_ESR1,100.0,157.96,2,d0cee665-96e6-4788-89ec-ba2b62736154,IN-SERVICE,NOT APPLICABLE,157.9,0.0
2026-08-12T16:20:00+08:00,COLLIE_ESR1,0.0,-1000.0,1,eda7f47e-93b3-4b72-ac67-5f759e928f46,IN-SERVICE,NON-LIQUID,-999.4,
2026-08-12T16:20:00+08:00,COLLIE_ESR1,-100.0,-42.46,2,eda7f47e-93b3-4b72-ac67-5f759e928f46,IN-SERVICE,NON-LIQUID,-42.43,
2026-08-12T16:20:00+08:00,COLLIE_ESR1,-100.0,-10.0,3,eda7f47e-93b3-4b72-ac67-5f759e928f46,IN-SERVICE,NON-LIQUID,-9.99,
2026-08-12T16:20:00+08:00,COLLIE_ESR1,0.0,34.02,4,eda7f47e-93b3-4b72-ac67-5f759e928f46,IN-SERVICE,NON-LIQUID,34.0,
2026-08-12T16:20:00+08:00,COLLIE_ESR1,0.0,60.0,5,eda7f47e-93b3-4b72-ac67-5f759e928f46,IN-SERVICE,NON-LIQUID,59.96,
2026-08-12T16:20:00+08:00,COLLIE_ESR1,50.0,250.0,6,eda7f47e-93b3-4b72-ac67-5f759e928f46,IN-SERVICE,NON-LIQUID,249.85,
2026-08-12T16:20:00+08:00,COLLIE_ESR1,100.0,367.0,7,eda7f47e-93b3-4b72-ac67-5f759e928f46,IN-SERVICE,NON-LIQUID,366.78,
2026-08-12T16:20:00+08:00,COLLIE_ESR1,0.0,400.0,8,eda7f47e-93b3-4b72-ac67-5f759e928f46,IN-SERVICE,NON-LIQUID,399.76,
2026-08-12T16:20:00+08:00,COLLIE_ESR1,50.0,622.0,9,eda7f47e-93b3-4b72-ac67-5f759e928f46,IN-SERVICE,NON-LIQUID,621.63,
2026-08-12T16:20:00+08:00,COLLIE_ESR1,0.0,1200.0,10,eda7f47e-93b3-4b72-ac67-5f759e928f46,IN-SERVICE,NON-LIQUID,1199.28,
2026-08-12T16:20:00+08:00,KWINANA_ESR2,-225.0,136.33,1,03da7ab5-65d1-430e-a08e-61dd80b1903b,IN-SERVICE,NOT APPLICABLE,136.19,0.0
2026-08-12T16:20:00+08:00,KWINANA_ESR2,225.0,151.33,2,03da7ab5-65d1-430e-a08e-61dd80b1903b,IN-SERVICE,NOT APPLICABLE,151.18,0.0
2026-08-12T16:20:00+08:00,COLLIE_BESS2,0.0,-990.1,1,fecef43f-eda8-4b60-95f5-278d86195ab5,IN-SERVICE,NON-LIQUID,-1000.0,
2026-08-12T16:20:00+08:00,COLLIE_BESS2,-150.0,-42.46,2,fecef43f-eda8-4b60-95f5-278d86195ab5,IN-SERVICE,NON-LIQUID,-42.88,
2026-08-12T16:20:00+08:00,COLLIE_BESS2,-150.0,-10.0,3,fecef43f-eda8-4b60-95f5-278d86195ab5,IN-SERVICE,NON-LIQUID,-10.1,
2026-08-12T16:20:00+08:00,COLLIE_BESS2,0.0,34.02,4,fecef43f-eda8-4b60-95f5-278d86195ab5,IN-SERVICE,NON-LIQUID,34.36,
2026-08-12T16:20:00+08:00,COLLIE_BESS2,0.0,60.0,5,fecef43f-eda8-4b60-95f5-278d86195ab5,IN-SERVICE,NON-LIQUID,60.6,
2026-08-12T16:20:00+08:00,COLLIE_BESS2,75.0,250.0,6,fecef43f-eda8-4b60-95f5-278d86195ab5,IN-SERVICE,NON-LIQUID,252.5,
2026-08-12T16:20:00+08:00,COLLIE_BESS2,75.0,367.0,7,fecef43f-eda8-4b60-95f5-278d86195ab5,IN-SERVICE,NON-LIQUID,370.67,
2026-08-12T16:20:00+08:00,COLLIE_BESS2,0.0,380.81,8,fecef43f-eda8-4b60-95f5-278d86195ab5,IN-SERVICE,NON-LIQUID,384.62,
2026-08-12T16:20:00+08:00,COLLIE_BESS2,150.0,622.0,9,fecef43f-eda8-4b60-95f5-278d86195ab5,IN-SERVICE,NON-LIQUID,628.22,
2026-08-12T16:20:00+08:00,COLLIE_BESS2,0.0,1188.12,10,fecef43f-eda8-4b60-95f5-278d86195ab5,IN-SERVICE,NON-LIQUID,1200.0,
2026-08-12T16:20:00+08:00,COLLIE_ESR4,-250.0,136.04,1,7310471f-3663-460c-ad30-9ba2418761a3,IN-SERVICE,NOT APPLICABLE,135.96,0.0
2026-08-12T16:20:00+08:00,COLLIE_ESR4,250.0,158.25,2,7310471f-3663-460c-ad30-9ba2418761a3,IN-SERVICE,NOT APPLICABLE,158.16,0.0
2026-08-12T16:20:00+08:00,COLLIE_ESR5,-250.0,136.15,1,aae619a2-99e5-4198-8e00-e773c8908d76,IN-SERVICE,NOT APPLICABLE,136.07,0.0
2026-08-12T16:20:00+08:00,COLLIE_ESR5,250.0,158.14,2,aae619a2-99e5-4198-8e00-e773c8908d76,IN-SERVICE,NOT APPLICABLE,158.05,0.0
2026-08-12T16:25:00+08:00,KWINANA_ESR1,-100.0,143.74,1,d0cee665-96e6-4788-89ec-ba2b62736154,IN-SERVICE,NOT APPLICABLE,143.68,0.0
2026-08-12T16:25:00+08:00,KWINANA_ESR1,100.0,157.96,2,d0cee665-96e6-4788-89ec-ba2b62736154,IN-SERVICE,NOT APPLICABLE,157.9,0.0
2026-08-12T16:25:00+08:00,COLLIE_ESR1,0.0,-1000.0,1,51a639c4-2498-4b39-aa60-e75dae9d386e,IN-SERVICE,NON-LIQUID,-999.4,
2026-08-12T16:25:00+08:00,COLLIE_ESR1,-100.0,-42.46,2,51a639c4-2498-4b39-aa60-e75dae9d386e,IN-SERVICE,NON-LIQUID,-42.43,
2026-08-12T16:25:00+08:00,COLLIE_ESR1,-100.0,-10.0,3,51a639c4-2498-4b39-aa60-e75dae9d386e,IN-SERVICE,NON-LIQUID,-9.99,
2026-08-12T16:25:00+08:00,COLLIE_ESR1,0.0,34.02,4,51a639c4-2498-4b39-aa60-e75dae9d386e,IN-SERVICE,NON-LIQUID,34.0,
2026-08-12T16:25:00+08:00,COLLIE_ESR1,0.0,60.0,5,51a639c4-2498-4b39-aa60-e75dae9d386e,IN-SERVICE,NON-LIQUID,59.96,
2026-08-12T16:25:00+08:00,COLLIE_ESR1,50.0,250.0,6,51a639c4-2498-4b39-aa60-e75dae9d386e,IN-SERVICE,NON-LIQUID,249.85,
2026-08-12T16:25:00+08:00,COLLIE_ESR1,100.0,367.0,7,51a639c4-2498-4b39-aa60-e75dae9d386e,IN-SERVICE,NON-LIQUID,366.78,
2026-08-12T16:25:00+08:00,COLLIE_ESR1,0.0,400.0,8,51a639c4-2498-4b39-aa60-e75dae9d386e,IN-SERVICE,NON-LIQUID,399.76,
2026-08-12T16:25:00+08:00,COLLIE_ESR1,50.0,622.0,9,51a639c4-2498-4b39-aa60-e75dae9d386e,IN-SERVICE,NON-LIQUID,621.63,
2026-08-12T16:25:00+08:00,COLLIE_ESR1,0.0,1200.0,10,51a639c4-2498-4b39-aa60-e75dae9d386e,IN-SERVICE,NON-LIQUID,1199.28,
2026-08-12T16:25:00+08:00,KWINANA_ESR2,-225.0,136.33,1,03da7ab5-65d1-430e-a08e-61dd80b1903b,IN-SERVICE,NOT APPLICABLE,136.19,0.0
2026-08-12T16:25:00+08:00,KWINANA_ESR2,225.0,151.33,2,03da7ab5-65d1-430e-a08e-61dd80b1903b,IN-SERVICE,NOT APPLICABLE,151.18,0.0
2026-08-12T16:25:00+08:00,COLLIE_BESS2,0.0,-990.1,1,77102ed2-fcc0-4447-8add-0f3ba15fe03e,IN-SERVICE,NON-LIQUID,-1000.0,
2026-08-12T16:25:00+08:00,COLLIE_BESS2,-150.0,-42.46,2,77102ed2-fcc0-4447-8add-0f3ba15fe03e,IN-SERVICE,NON-LIQUID,-42.88,
2026-08-12T16:25:00+08:00,COLLIE_BESS2,-150.0,-10.0,3,77102ed2-fcc0-4447-8add-0f3ba15fe03e,IN-SERVICE,NON-LIQUID,-10.1,
2026-08-12T16:25:00+08:00,COLLIE_BESS2,0.0,34.02,4,77102ed2-fcc0-4447-8add-0f3ba15fe03e,IN-SERVICE,NON-LIQUID,34.36,
2026-08-12T16:25:00+08:00,COLLIE_BESS2,0.0,60.0,5,77102ed2-fcc0-4447-8add-0f3ba15fe03e,IN-SERVICE,NON-LIQUID,60.6,
2026-08-12T16:25:00+08:00,COLLIE_BESS2,75.0,250.0,6,77102ed2-fcc0-4447-8add-0f3ba15fe03e,IN-SERVICE,NON-LIQUID,252.5,
2026-08-12T16:25:00+08:00,COLLIE_BESS2,75.0,367.0,7,77102ed2-fcc0-4447-8add-0f3ba15fe03e,IN-SERVICE,NON-LIQUID,370.67,
2026-08-12T16:25:00+08:00,COLLIE_BESS2,0.0,380.81,8,77102ed2-fcc0-4447-8add-0f3ba15fe03e,IN-SERVICE,NON-LIQUID,384.62,
2026-08-12T16:25:00+08:00,COLLIE_BESS2,150.0,622.0,9,77102ed2-fcc0-4447-8add-0f3ba15fe03e,IN-SERVICE,NON-LIQUID,628.22,
2026-08-12T16:25:00+08:00,COLLIE_BESS2,0.0,1188.12,10,77102ed2-fcc0-4447-8add-0f3ba15fe03e,IN-SERVICE,NON-LIQUID,1200.0,
2026-08-12T16:25:00+08:00,COLLIE_ESR4,-250.0,142.77,1,7310471f-3663-460c-ad30-9ba2418761a3,IN-SERVICE,NOT APPLICABLE,142.68,0.0
2026-08-12T16:25:00+08:00,COLLIE_ESR4,250.0,158.25,2,7310471f-3663-460c-ad30-9ba2418761a3,IN-SERVICE,NOT APPLICABLE,158.16,0.0
2026-08-12T16:25:00+08:00,COLLIE_ESR5,-250.0,136.15,1,aae619a2-99e5-4198-8e00-e773c8908d76,IN-SERVICE,NOT APPLICABLE,136.07,0.0
2026-08-12T16:25:00+08:00,COLLIE_ESR5,250.0,158.25,2,aae619a2-99e5-4198-8e00-e773c8908d76,IN-SERVICE,NOT APPLICABLE,158.16,0.0
2026-08-12T16:30:00+08:00,KWINANA_ESR1,-100.0,143.74,1,d0cee665-96e6-4788-89ec-ba2b62736154,IN-SERVICE,NOT APPLICABLE,143.68,0.0
2026-08-12T16:30:00+08:00,KWINANA_ESR1,100.0,157.96,2,d0cee665-96e6-4788-89ec-ba2b62736154,IN-SERVICE,NOT APPLICABLE,157.9,0.0
2026-08-12T16:30:00+08:00,COLLIE_ESR1,0.0,-1000.0,1,27ecc2a4-44ab-4ab4-89fb-67451466682e,IN-SERVICE,NON-LIQUID,-999.4,
2026-08-12T16:30:00+08:00,COLLIE_ESR1,-100.0,-42.46,2,27ecc2a4-44ab-4ab4-89fb-67451466682e,IN-SERVICE,NON-LIQUID,-42.43,
2026-08-12T16:30:00+08:00,COLLIE_ESR1,-100.0,-10.0,3,27ecc2a4-44ab-4ab4-89fb-67451466682e,IN-SERVICE,NON-LIQUID,-9.99,
2026-08-12T16:30:00+08:00,COLLIE_ESR1,0.0,34.02,4,27ecc2a4-44ab-4ab4-89fb-67451466682e,IN-SERVICE,NON-LIQUID,34.0,
2026-08-12T16:30:00+08:00,COLLIE_ESR1,0.0,60.0,5,27ecc2a4-44ab-4ab4-89fb-67451466682e,IN-SERVICE,NON-LIQUID,59.96,
2026-08-12T16:30:00+08:00,COLLIE_ESR1,50.0,250.0,6,27ecc2a4-44ab-4ab4-89fb-67451466682e,IN-SERVICE,NON-LIQUID,249.85,
2026-08-12T16:30:00+08:00,COLLIE_ESR1,100.0,367.0,7,27ecc2a4-44ab-4ab4-89fb-67451466682e,IN-SERVICE,NON-LIQUID,366.78,
2026-08-12T16:30:00+08:00,COLLIE_ESR1,0.0,402.87,8,27ecc2a4-44ab-4ab4-89fb-67451466682e,IN-SERVICE,NON-LIQUID,402.63,
2026-08-12T16:30:00+08:00,COLLIE_ESR1,50.0,622.0,9,27ecc2a4-44ab-4ab4-89fb-67451466682e,IN-SERVICE,NON-LIQUID,621.63,
2026-08-12T16:30:00+08:00,COLLIE_ESR1,0.0,1200.0,10,27ecc2a4-44ab-4ab4-89fb-67451466682e,IN-SERVICE,NON-LIQUID,1199.28,
2026-08-12T16:30:00+08:00,KWINANA_ESR2,-225.0,136.33,1,03da7ab5-65d1-430e-a08e-61dd80b1903b,IN-SERVICE,NOT APPLICABLE,136.19,0.0
2026-08-12T16:30:00+08:00,KWINANA_ESR2,225.0,151.33,2,03da7ab5-65d1-430e-a08e-61dd80b1903b,IN-SERVICE,NOT APPLICABLE,151.18,0.0
2026-08-12T16:30:00+08:00,COLLIE_BESS2,0.0,-990.1,1,88078238-f0d7-45bc-805f-07bae078e6b9,IN-SERVICE,NON-LIQUID,-1000.0,
2026-08-12T16:30:00+08:00,COLLIE_BESS2,-150.0,-42.46,2,88078238-f0d7-45bc-805f-07bae078e6b9,IN-SERVICE,NON-LIQUID,-42.88,
2026-08-12T16:30:00+08:00,COLLIE_BESS2,-150.0,-10.0,3,88078238-f0d7-45bc-805f-07bae078e6b9,IN-SERVICE,NON-LIQUID,-10.1,
2026-08-12T16:30:00+08:00,COLLIE_BESS2,0.0,34.02,4,88078238-f0d7-45bc-805f-07bae078e6b9,IN-SERVICE,NON-LIQUID,34.36,
2026-08-12T16:30:00+08:00,COLLIE_BESS2,0.0,60.0,5,88078238-f0d7-45bc-805f-07bae078e6b9,IN-SERVICE,NON-LIQUID,60.6,
2026-08-12T16:30:00+08:00,COLLIE_BESS2,75.0,250.0,6,88078238-f0d7-45bc-805f-07bae078e6b9,IN-SERVICE,NON-LIQUID,252.5,
2026-08-12T16:30:00+08:00,COLLIE_BESS2,75.0,367.0,7,88078238-f0d7-45bc-805f-07bae078e6b9,IN-SERVICE,NON-LIQUID,370.67,
2026-08-12T16:30:00+08:00,COLLIE_BESS2,0.0,402.87,8,88078238-f0d7-45bc-805f-07bae078e6b9,IN-SERVICE,NON-LIQUID,406.9,
2026-08-12T16:30:00+08:00,COLLIE_BESS2,150.0,622.0,9,88078238-f0d7-45bc-805f-07bae078e6b9,IN-SERVICE,NON-LIQUID,628.22,
2026-08-12T16:30:00+08:00,COLLIE_BESS2,0.0,1188.12,10,88078238-f0d7-45bc-805f-07bae078e6b9,IN-SERVICE,NON-LIQUID,1200.0,
2026-08-12T16:30:00+08:00,COLLIE_ESR4,-250.0,142.77,1,7310471f-3663-460c-ad30-9ba2418761a3,IN-SERVICE,NOT APPLICABLE,142.68,0.0
2026-08-12T16:30:00+08:00,COLLIE_ESR4,250.0,158.36,2,7310471f-3663-460c-ad30-9ba2418761a3,IN-SERVICE,NOT APPLICABLE,158.27,0.0
2026-08-12T16:30:00+08:00,COLLIE_ESR5,-250.0,142.88,1,aae619a2-99e5-4198-8e00-e773c8908d76,IN-SERVICE,NOT APPLICABLE,142.79,0.0
2026-08-12T16:30:00+08:00,COLLIE_ESR5,250.0,158.71,2,aae619a2-99e5-4198-8e00-e773c8908d76,IN-SERVICE,NOT APPLICABLE,158.61,0.0
2026-08-12T16:35:00+08:00,KWINANA_ESR1,-100.0,143.87,1,f79504d3-4885-452b-829e-f2e2f78e7e36,IN-SERVICE,NOT APPLICABLE,143.81,0.0
2026-08-12T16:35:00+08:00,KWINANA_ESR1,100.0,158.61,2,f79504d3-4885-452b-829e-f2e2f78e7e36,IN-SERVICE,NOT APPLICABLE,158.55,0.0
2026-08-12T16:35:00+08:00,COLLIE_ESR1,0.0,-1000.0,1,e72c3baa-713a-4b09-965c-6b3671aee9f4,IN-SERVICE,NON-LIQUID,-999.4,
2026-08-12T16:35:00+08:00,COLLIE_ESR1,-100.0,-42.46,2,e72c3baa-713a-4b09-965c-6b3671aee9f4,IN-SERVICE,NON-LIQUID,-42.43,
2026-08-12T16:35:00+08:00,COLLIE_ESR1,-100.0,-10.0,3,e72c3baa-713a-4b09-965c-6b3671aee9f4,IN-SERVICE,NON-LIQUID,-9.99,
2026-08-12T16:35:00+08:00,COLLIE_ESR1,0.0,34.02,4,e72c3baa-713a-4b09-965c-6b3671aee9f4,IN-SERVICE,NON-LIQUID,34.0,
2026-08-12T16:35:00+08:00,COLLIE_ESR1,0.0,60.0,5,e72c3baa-713a-4b09-965c-6b3671aee9f4,IN-SERVICE,NON-LIQUID,59.96,
2026-08-12T16:35:00+08:00,COLLIE_ESR1,50.0,250.0,6,e72c3baa-713a-4b09-965c-6b3671aee9f4,IN-SERVICE,NON-LIQUID,249.85,
2026-08-12T16:35:00+08:00,COLLIE_ESR1,100.0,367.0,7,e72c3baa-713a-4b09-965c-6b3671aee9f4,IN-SERVICE,NON-LIQUID,366.78,
2026-08-12T16:35:00+08:00,COLLIE_ESR1,0.0,402.87,8,e72c3baa-713a-4b09-965c-6b3671aee9f4,IN-SERVICE,NON-LIQUID,402.63,
2026-08-12T16:35:00+08:00,COLLIE_ESR1,50.0,622.0,9,e72c3baa-713a-4b09-965c-6b3671aee9f4,IN-SERVICE,NON-LIQUID,621.63,
2026-08-12T16:35:00+08:00,COLLIE_ESR1,0.0,1200.0,10,e72c3baa-713a-4b09-965c-6b3671aee9f4,IN-SERVICE,NON-LIQUID,1199.28,
2026-08-12T16:35:00+08:00,KWINANA_ESR2,-225.0,150.22,1,0afd0722-e332-4fa0-b9f4-a5264647fa56,IN-SERVICE,NOT APPLICABLE,150.07,0.0
2026-08-12T16:35:00+08:00,KWINANA_ESR2,225.0,165.22,2,0afd0722-e332-4fa0-b9f4-a5264647fa56,IN-SERVICE,NOT APPLICABLE,165.05,0.0
2026-08-12T16:35:00+08:00,COLLIE_BESS2,0.0,-990.1,1,d7fb0654-a68a-4d4c-b14c-c8d553fef60a,IN-SERVICE,NON-LIQUID,-1000.0,
2026-08-12T16:35:00+08:00,COLLIE_BESS2,-150.0,-42.46,2,d7fb0654-a68a-4d4c-b14c-c8d553fef60a,IN-SERVICE,NON-LIQUID,-42.88,
2026-08-12T16:35:00+08:00,COLLIE_BESS2,-150.0,-10.0,3,d7fb0654-a68a-4d4c-b14c-c8d553fef60a,IN-SERVICE,NON-LIQUID,-10.1,
2026-08-12T16:35:00+08:00,COLLIE_BESS2,0.0,34.02,4,d7fb0654-a68a-4d4c-b14c-c8d553fef60a,IN-SERVICE,NON-LIQUID,34.36,
2026-08-12T16:35:00+08:00,COLLIE_BESS2,0.0,60.0,5,d7fb0654-a68a-4d4c-b14c-c8d553fef60a,IN-SERVICE,NON-LIQUID,60.6,
2026-08-12T16:35:00+08:00,COLLIE_BESS2,75.0,250.0,6,d7fb0654-a68a-4d4c-b14c-c8d553fef60a,IN-SERVICE,NON-LIQUID,252.5,
2026-08-12T16:35:00+08:00,COLLIE_BESS2,75.0,367.0,7,d7fb0654-a68a-4d4c-b14c-c8d553fef60a,IN-SERVICE,NON-LIQUID,370.67,
2026-08-12T16:35:00+08:00,COLLIE_BESS2,0.0,402.87,8,d7fb0654-a68a-4d4c-b14c-c8d553fef60a,IN-SERVICE,NON-LIQUID,406.9,
2026-08-12T16:35:00+08:00,COLLIE_BESS2,150.0,622.0,9,d7fb0654-a68a-4d4c-b14c-c8d553fef60a,IN-SERVICE,NON-LIQUID,628.22,
2026-08-12T16:35:00+08:00,COLLIE_BESS2,0.0,1188.12,10,d7fb0654-a68a-4d4c-b14c-c8d553fef60a,IN-SERVICE,NON-LIQUID,1200.0,
2026-08-12T16:35:00+08:00,COLLIE_ESR4,-250.0,149.91,1,f63afbb6-07b6-4971-8a7e-6f68651700cc,IN-SERVICE,NOT APPLICABLE,149.82,0.0
2026-08-12T16:35:00+08:00,COLLIE_ESR4,250.0,166.56,2,f63afbb6-07b6-4971-8a7e-6f68651700cc,IN-SERVICE,NOT APPLICABLE,166.46,0.0
2026-08-12T16:35:00+08:00,COLLIE_ESR5,-250.0,150.02,1,3be1b4a1-b925-4b56-b4ec-bd9a54360875,IN-SERVICE,NOT APPLICABLE,149.93,0.0
2026-08-12T16:35:00+08:00,COLLIE_ESR5,250.0,166.45,2,3be1b4a1-b925-4b56-b4ec-bd9a54360875,IN-SERVICE,NOT APPLICABLE,166.35,0.0
2026-08-12T16:40:00+08:00,KWINANA_ESR1,-100.0,143.87,1,f79504d3-4885-452b-829e-f2e2f78e7e36,IN-SERVICE,NOT APPLICABLE,143.81,0.0
2026-08-12T16:40:00+08:00,KWINANA_ESR1,100.0,158.61,2,f79504d3-4885-452b-829e-f2e2f78e7e36,IN-SERVICE,NOT APPLICABLE,158.55,0.0
2026-08-12T16:40:00+08:00,COLLIE_ESR1,0.0,-1000.0,1,ac5c05d8-e210-4869-bdd8-0a314cca3aa3,IN-SERVICE,NON-LIQUID,-999.4,
2026-08-12T16:40:00+08:00,COLLIE_ESR1,-100.0,-42.46,2,ac5c05d8-e210-4869-bdd8-0a314cca3aa3,IN-SERVICE,NON-LIQUID,-42.43,
2026-08-12T16:40:00+08:00,COLLIE_ESR1,-100.0,-10.0,3,ac5c05d8-e210-4869-bdd8-0a314cca3aa3,IN-SERVICE,NON-LIQUID,-9.99,
2026-08-12T16:40:00+08:00,COLLIE_ESR1,0.0,34.02,4,ac5c05d8-e210-4869-bdd8-0a314cca3aa3,IN-SERVICE,NON-LIQUID,34.0,
2026-08-12T16:40:00+08:00,COLLIE_ESR1,0.0,60.0,5,ac5c05d8-e210-4869-bdd8-0a314cca3aa3,IN-SERVICE,NON-LIQUID,59.96,
2026-08-12T16:40:00+08:00,COLLIE_ESR1,50.0,250.0,6,ac5c05d8-e210-4869-bdd8-0a314cca3aa3,IN-SERVICE,NON-LIQUID,249.85,
2026-08-12T16:40:00+08:00,COLLIE_ESR1,100.0,367.0,7,ac5c05d8-e210-4869-bdd8-0a314cca3aa3,IN-SERVICE,NON-LIQUID,366.78,
2026-08-12T16:40:00+08:00,COLLIE_ESR1,0.0,402.87,8,ac5c05d8-e210-4869-bdd8-0a314cca3aa3,IN-SERVICE,NON-LIQUID,402.63,
2026-08-12T16:40:00+08:00,COLLIE_ESR1,50.0,622.0,9,ac5c05d8-e210-4869-bdd8-0a314cca3aa3,IN-SERVICE,NON-LIQUID,621.63,
2026-08-12T16:40:00+08:00,COLLIE_ESR1,0.0,1200.0,10,ac5c05d8-e210-4869-bdd8-0a314cca3aa3,IN-SERVICE,NON-LIQUID,1199.28,
2026-08-12T16:40:00+08:00,KWINANA_ESR2,-225.0,150.22,1,0afd0722-e332-4fa0-b9f4-a5264647fa56,IN-SERVICE,NOT APPLICABLE,150.07,0.0
2026-08-12T16:40:00+08:00,KWINANA_ESR2,225.0,165.22,2,0afd0722-e332-4fa0-b9f4-a5264647fa56,IN-SERVICE,NOT APPLICABLE,165.05,0.0
2026-08-12T16:40:00+08:00,COLLIE_BESS2,0.0,-990.1,1,8f42242a-eb50-4503-9148-1dbbf3355fec,IN-SERVICE,NON-LIQUID,-1000.0,
2026-08-12T16:40:00+08:00,COLLIE_BESS2,-150.0,-42.46,2,8f42242a-eb50-4503-9148-1dbbf3355fec,IN-SERVICE,NON-LIQUID,-42.88,
2026-08-12T16:40:00+08:00,COLLIE_BESS2,-150.0,-10.0,3,8f42242a-eb50-4503-9148-1dbbf3355fec,IN-SERVICE,NON-LIQUID,-10.1,
2026-08-12T16:40:00+08:00,COLLIE_BESS2,0.0,34.02,4,8f42242a-eb50-4503-9148-1dbbf3355fec,IN-SERVICE,NON-LIQUID,34.36,
2026-08-12T16:40:00+08:00,COLLIE_BESS2,0.0,60.0,5,8f42242a-eb50-4503-9148-1dbbf3355fec,IN-SERVICE,NON-LIQUID,60.6,
2026-08-12T16:40:00+08:00,COLLIE_BESS2,75.0,250.0,6,8f42242a-eb50-4503-9148-1dbbf3355fec,IN-SERVICE,NON-LIQUID,252.5,
2026-08-12T16:40:00+08:00,COLLIE_BESS2,75.0,367.0,7,8f42242a-eb50-4503-9148-1dbbf3355fec,IN-SERVICE,NON-LIQUID,370.67,
2026-08-12T16:40:00+08:00,COLLIE_BESS2,0.0,402.87,8,8f42242a-eb50-4503-9148-1dbbf3355fec,IN-SERVICE,NON-LIQUID,406.9,
2026-08-12T16:40:00+08:00,COLLIE_BESS2,150.0,622.0,9,8f42242a-eb50-4503-9148-1dbbf3355fec,IN-SERVICE,NON-LIQUID,628.22,
2026-08-12T16:40:00+08:00,COLLIE_BESS2,0.0,1188.12,10,8f42242a-eb50-4503-9148-1dbbf3355fec,IN-SERVICE,NON-LIQUID,1200.0,
2026-08-12T16:40:00+08:00,COLLIE_ESR4,-250.0,149.91,1,f63afbb6-07b6-4971-8a7e-6f68651700cc,IN-SERVICE,NOT APPLICABLE,149.82,0.0
2026-08-12T16:40:00+08:00,COLLIE_ESR4,250.0,166.56,2,f63afbb6-07b6-4971-8a7e-6f68651700cc,IN-SERVICE,NOT APPLICABLE,166.46,0.0
2026-08-12T16:40:00+08:00,COLLIE_ESR5,-250.0,150.02,1,3be1b4a1-b925-4b56-b4ec-bd9a54360875,IN-SERVICE,NOT APPLICABLE,149.93,0.0
2026-08-12T16:40:00+08:00,COLLIE_ESR5,250.0,166.45,2,3be1b4a1-b925-4b56-b4ec-bd9a54360875,IN-SERVICE,NOT APPLICABLE,166.35,0.0
2026-08-12T16:45:00+08:00,KWINANA_ESR1,-100.0,143.87,1,f79504d3-4885-452b-829e-f2e2f78e7e36,IN-SERVICE,NOT APPLICABLE,143.81,0.0
2026-08-12T16:45:00+08:00,KWINANA_ESR1,100.0,158.61,2,f79504d3-4885-452b-829e-f2e2f78e7e36,IN-SERVICE,NOT APPLICABLE,158.55,0.0
2026-08-12T16:45:00+08:00,COLLIE_ESR1,0.0,-1000.0,1,8dcc7510-7ae2-46d4-a0e8-8c860fc4da98,IN-SERVICE,NON-LIQUID,-999.4,
2026-08-12T16:45:00+08:00,COLLIE_ESR1,-100.0,-42.46,2,8dcc7510-7ae2-46d4-a0e8-8c860fc4da98,IN-SERVICE,NON-LIQUID,-42.43,
2026-08-12T16:45:00+08:00,COLLIE_ESR1,-100.0,-10.0,3,8dcc7510-7ae2-46d4-a0e8-8c860fc4da98,IN-SERVICE,NON-LIQUID,-9.99,
2026-08-12T16:45:00+08:00,COLLIE_ESR1,0.0,34.02,4,8dcc7510-7ae2-46d4-a0e8-8c860fc4da98,IN-SERVICE,NON-LIQUID,34.0,
2026-08-12T16:45:00+08:00,COLLIE_ESR1,0.0,60.0,5,8dcc7510-7ae2-46d4-a0e8-8c860fc4da98,IN-SERVICE,NON-LIQUID,59.96,
2026-08-12T16:45:00+08:00,COLLIE_ESR1,50.0,250.0,6,8dcc7510-7ae2-46d4-a0e8-8c860fc4da98,IN-SERVICE,NON-LIQUID,249.85,
2026-08-12T16:45:00+08:00,COLLIE_ESR1,100.0,367.0,7,8dcc7510-7ae2-46d4-a0e8-8c860fc4da98,IN-SERVICE,NON-LIQUID,366.78,
2026-08-12T16:45:00+08:00,COLLIE_ESR1,0.0,402.87,8,8dcc7510-7ae2-46d4-a0e8-8c860fc4da98,IN-SERVICE,NON-LIQUID,402.63,
2026-08-12T16:45:00+08:00,COLLIE_ESR1,50.0,622.0,9,8dcc7510-7ae2-46d4-a0e8-8c860fc4da98,IN-SERVICE,NON-LIQUID,621.63,
2026-08-12T16:45:00+08:00,COLLIE_ESR1,0.0,1200.0,10,8dcc7510-7ae2-46d4-a0e8-8c860fc4da98,IN-SERVICE,NON-LIQUID,1199.28,
2026-08-12T16:45:00+08:00,KWINANA_ESR2,-225.0,150.22,1,0afd0722-e332-4fa0-b9f4-a5264647fa56,IN-SERVICE,NOT APPLICABLE,150.07,0.0
2026-08-12T16:45:00+08:00,KWINANA_ESR2,225.0,165.22,2,0afd0722-e332-4fa0-b9f4-a5264647fa56,IN-SERVICE,NOT APPLICABLE,165.05,0.0
2026-08-12T16:45:00+08:00,COLLIE_BESS2,0.0,-990.1,1,f7ec93aa-84a5-40f0-922e-8d6dc9191b23,IN-SERVICE,NON-LIQUID,-1000.0,
2026-08-12T16:45:00+08:00,COLLIE_BESS2,-150.0,-42.46,2,f7ec93aa-84a5-40f0-922e-8d6dc9191b23,IN-SERVICE,NON-LIQUID,-42.88,
2026-08-12T16:45:00+08:00,COLLIE_BESS2,-150.0,-10.0,3,f7ec93aa-84a5-40f0-922e-8d6dc9191b23,IN-SERVICE,NON-LIQUID,-10.1,
2026-08-12T16:45:00+08:00,COLLIE_BESS2,0.0,34.02,4,f7ec93aa-84a5-40f0-922e-8d6dc9191b23,IN-SERVICE,NON-LIQUID,34.36,
2026-08-12T16:45:00+08:00,COLLIE_BESS2,0.0,60.0,5,f7ec93aa-84a5-40f0-922e-8d6dc9191b23,IN-SERVICE,NON-LIQUID,60.6,
2026-08-12T16:45:00+08:00,COLLIE_BESS2,75.0,250.0,6,f7ec93aa-84a5-40f0-922e-8d6dc9191b23,IN-SERVICE,NON-LIQUID,252.5,
2026-08-12T16:45:00+08:00,COLLIE_BESS2,75.0,367.0,7,f7ec93aa-84a5-40f0-922e-8d6dc9191b23,IN-SERVICE,NON-LIQUID,370.67,
2026-08-12T16:45:00+08:00,COLLIE_BESS2,0.0,402.87,8,f7ec93aa-84a5-40f0-922e-8d6dc9191b23,IN-SERVICE,NON-LIQUID,406.9,
2026-08-12T16:45:00+08:00,COLLIE_BESS2,150.0,622.0,9,f7ec93aa-84a5-40f0-922e-8d6dc9191b23,IN-SERVICE,NON-LIQUID,628.22,
2026-08-12T16:45:00+08:00,COLLIE_BESS2,0.0,1188.12,10,f7ec93aa-84a5-40f0-922e-8d6dc9191b23,IN-SERVICE,NON-LIQUID,1200.0,
2026-08-12T16:45:00+08:00,COLLIE_ESR4,-250.0,149.91,1,f63afbb6-07b6-4971-8a7e-6f68651700cc,IN-SERVICE,NOT APPLICABLE,149.82,0.0
2026-08-12T16:45:00+08:00,COLLIE_ESR4,250.0,166.56,2,f63afbb6-07b6-4971-8a7e-6f68651700cc,IN-SERVICE,NOT APPLICABLE,166.46,0.0
2026-08-12T16:45:00+08:00,COLLIE_ESR5,-250.0,150.02,1,3be1b4a1-b925-4b56-b4ec-bd9a54360875,IN-SERVICE,NOT APPLICABLE,149.93,0.0
2026-08-12T16:45:00+08:00,COLLIE_ESR5,250.0,166.45,2,3be1b4a1-b925-4b56-b4ec-bd9a54360875,IN-SERVICE,NOT APPLICABLE,166.35,0.0
2026-08-12T16:50:00+08:00,KWINANA_ESR1,-100.0,151.49,1,fd4d7a1b-171c-434f-996e-34b8664635a7,IN-SERVICE,NOT APPLICABLE,151.43,0.0
2026-08-12T16:50:00+08:00,KWINANA_ESR1,100.0,166.12,2,fd4d7a1b-171c-434f-996e-34b8664635a7,IN-SERVICE,NOT APPLICABLE,166.05,0.0
2026-08-12T16:50:00+08:00,COLLIE_ESR1,0.0,-1000.0,1,57afd459-bb71-4602-81d0-c403a4679499,IN-SERVICE,NON-LIQUID,-999.4,
2026-08-12T16:50:00+08:00,COLLIE_ESR1,-100.0,-42.46,2,57afd459-bb71-4602-81d0-c403a4679499,IN-SERVICE,NON-LIQUID,-42.43,
2026-08-12T16:50:00+08:00,COLLIE_ESR1,-100.0,-10.0,3,57afd459-bb71-4602-81d0-c403a4679499,IN-SERVICE,NON-LIQUID,-9.99,
2026-08-12T16:50:00+08:00,COLLIE_ESR1,0.0,34.02,4,57afd459-bb71-4602-81d0-c403a4679499,IN-SERVICE,NON-LIQUID,34.0,
2026-08-12T16:50:00+08:00,COLLIE_ESR1,0.0,60.0,5,57afd459-bb71-4602-81d0-c403a4679499,IN-SERVICE,NON-LIQUID,59.96,
2026-08-12T16:50:00+08:00,COLLIE_ESR1,50.0,250.0,6,57afd459-bb71-4602-81d0-c403a4679499,IN-SERVICE,NON-LIQUID,249.85,
2026-08-12T16:50:00+08:00,COLLIE_ESR1,100.0,367.0,7,57afd459-bb71-4602-81d0-c403a4679499,IN-SERVICE,NON-LIQUID,366.78,
2026-08-12T16:50:00+08:00,COLLIE_ESR1,0.0,402.87,8,57afd459-bb71-4602-81d0-c403a4679499,IN-SERVICE,NON-LIQUID,402.63,
2026-08-12T16:50:00+08:00,COLLIE_ESR1,50.0,622.0,9,57afd459-bb71-4602-81d0-c403a4679499,IN-SERVICE,NON-LIQUID,621.63,
2026-08-12T16:50:00+08:00,COLLIE_ESR1,0.0,1200.0,10,57afd459-bb71-4602-81d0-c403a4679499,IN-SERVICE,NON-LIQUID,1199.28,
2026-08-12T16:50:00+08:00,KWINANA_ESR2,-225.0,157.71,1,24f6aa51-48c8-4827-83c1-35dc63b2eb17,IN-SERVICE,NOT APPLICABLE,157.55,0.0
2026-08-12T16:50:00+08:00,KWINANA_ESR2,225.0,172.72,2,24f6aa51-48c8-4827-83c1-35dc63b2eb17,IN-SERVICE,NOT APPLICABLE,172.55,0.0
2026-08-12T16:50:00+08:00,COLLIE_BESS2,0.0,-990.1,1,39c4d507-7fc0-4176-99f1-daf5f9074ff7,IN-SERVICE,NON-LIQUID,-1000.0,
2026-08-12T16:50:00+08:00,COLLIE_BESS2,-150.0,-42.46,2,39c4d507-7fc0-4176-99f1-daf5f9074ff7,IN-SERVICE,NON-LIQUID,-42.88,
2026-08-12T16:50:00+08:00,COLLIE_BESS2,-150.0,-10.0,3,39c4d507-7fc0-4176-99f1-daf5f9074ff7,IN-SERVICE,NON-LIQUID,-10.1,
2026-08-12T16:50:00+08:00,COLLIE_BESS2,0.0,34.02,4,39c4d507-7fc0-4176-99f1-daf5f9074ff7,IN-SERVICE,NON-LIQUID,34.36,
2026-08-12T16:50:00+08:00,COLLIE_BESS2,0.0,60.0,5,39c4d507-7fc0-4176-99f1-daf5f9074ff7,IN-SERVICE,NON-LIQUID,60.6,
2026-08-12T16:50:00+08:00,COLLIE_BESS2,75.0,250.0,6,39c4d507-7fc0-4176-99f1-daf5f9074ff7,IN-SERVICE,NON-LIQUID,252.5,
2026-08-12T16:50:00+08:00,COLLIE_BESS2,75.0,367.0,7,39c4d507-7fc0-4176-99f1-daf5f9074ff7,IN-SERVICE,NON-LIQUID,370.67,
2026-08-12T16:50:00+08:00,COLLIE_BESS2,0.0,402.87,8,39c4d507-7fc0-4176-99f1-daf5f9074ff7,IN-SERVICE,NON-LIQUID,406.9,
2026-08-12T16:50:00+08:00,COLLIE_BESS2,150.0,622.0,9,39c4d507-7fc0-4176-99f1-daf5f9074ff7,IN-SERVICE,NON-LIQUID,628.22,
2026-08-12T16:50:00+08:00,COLLIE_BESS2,0.0,1188.12,10,39c4d507-7fc0-4176-99f1-daf5f9074ff7,IN-SERVICE,NON-LIQUID,1200.0,
2026-08-12T16:50:00+08:00,COLLIE_ESR4,-250.0,157.41,1,8f676293-5ebb-44ec-8819-dfee146982c7,IN-SERVICE,NOT APPLICABLE,157.32,0.0
2026-08-12T16:50:00+08:00,COLLIE_ESR4,250.0,172.89,2,8f676293-5ebb-44ec-8819-dfee146982c7,IN-SERVICE,NOT APPLICABLE,172.79,0.0
2026-08-12T16:50:00+08:00,COLLIE_ESR5,-250.0,157.52,1,7e58d108-f079-4270-8279-4039422b53b5,IN-SERVICE,NOT APPLICABLE,157.43,0.0
2026-08-12T16:50:00+08:00,COLLIE_ESR5,250.0,172.78,2,7e58d108-f079-4270-8279-4039422b53b5,IN-SERVICE,NOT APPLICABLE,172.68,0.0
2026-08-12T16:55:00+08:00,KWINANA_ESR1,-100.0,151.95,1,fd4d7a1b-171c-434f-996e-34b8664635a7,IN-SERVICE,NOT APPLICABLE,151.89,0.0
2026-08-12T16:55:00+08:00,KWINANA_ESR1,100.0,166.23,2,fd4d7a1b-171c-434f-996e-34b8664635a7,IN-SERVICE,NOT APPLICABLE,166.16,0.0
2026-08-12T16:55:00+08:00,COLLIE_ESR1,0.0,-1000.0,1,5e9f81a8-a420-4fae-b2b0-8306cf8b621e,IN-SERVICE,NON-LIQUID,-999.4,
2026-08-12T16:55:00+08:00,COLLIE_ESR1,-100.0,-42.46,2,5e9f81a8-a420-4fae-b2b0-8306cf8b621e,IN-SERVICE,NON-LIQUID,-42.43,
2026-08-12T16:55:00+08:00,COLLIE_ESR1,-100.0,-10.0,3,5e9f81a8-a420-4fae-b2b0-8306cf8b621e,IN-SERVICE,NON-LIQUID,-9.99,
2026-08-12T16:55:00+08:00,COLLIE_ESR1,0.0,34.02,4,5e9f81a8-a420-4fae-b2b0-8306cf8b621e,IN-SERVICE,NON-LIQUID,34.0,
2026-08-12T16:55:00+08:00,COLLIE_ESR1,0.0,60.0,5,5e9f81a8-a420-4fae-b2b0-8306cf8b621e,IN-SERVICE,NON-LIQUID,59.96,
2026-08-12T16:55:00+08:00,COLLIE_ESR1,50.0,250.0,6,5e9f81a8-a420-4fae-b2b0-8306cf8b621e,IN-SERVICE,NON-LIQUID,249.85,
2026-08-12T16:55:00+08:00,COLLIE_ESR1,100.0,367.0,7,5e9f81a8-a420-4fae-b2b0-8306cf8b621e,IN-SERVICE,NON-LIQUID,366.78,
2026-08-12T16:55:00+08:00,COLLIE_ESR1,0.0,402.87,8,5e9f81a8-a420-4fae-b2b0-8306cf8b621e,IN-SERVICE,NON-LIQUID,402.63,
2026-08-12T16:55:00+08:00,COLLIE_ESR1,50.0,622.0,9,5e9f81a8-a420-4fae-b2b0-8306cf8b621e,IN-SERVICE,NON-LIQUID,621.63,
2026-08-12T16:55:00+08:00,COLLIE_ESR1,0.0,1200.0,10,5e9f81a8-a420-4fae-b2b0-8306cf8b621e,IN-SERVICE,NON-LIQUID,1199.28,
2026-08-12T16:55:00+08:00,KWINANA_ESR2,-225.0,157.71,1,24f6aa51-48c8-4827-83c1-35dc63b2eb17,IN-SERVICE,NOT APPLICABLE,157.55,0.0
2026-08-12T16:55:00+08:00,KWINANA_ESR2,225.0,172.72,2,24f6aa51-48c8-4827-83c1-35dc63b2eb17,IN-SERVICE,NOT APPLICABLE,172.55,0.0
2026-08-12T16:55:00+08:00,COLLIE_BESS2,0.0,-990.1,1,e08677f8-2eaa-47c3-919d-3cf8f8e0bd1f,IN-SERVICE,NON-LIQUID,-1000.0,
2026-08-12T16:55:00+08:00,COLLIE_BESS2,-150.0,-42.46,2,e08677f8-2eaa-47c3-919d-3cf8f8e0bd1f,IN-SERVICE,NON-LIQUID,-42.88,
2026-08-12T16:55:00+08:00,COLLIE_BESS2,-150.0,-10.0,3,e08677f8-2eaa-47c3-919d-3cf8f8e0bd1f,IN-SERVICE,NON-LIQUID,-10.1,
2026-08-12T16:55:00+08:00,COLLIE_BESS2,0.0,34.02,4,e08677f8-2eaa-47c3-919d-3cf8f8e0bd1f,IN-SERVICE,NON-LIQUID,34.36,
2026-08-12T16:55:00+08:00,COLLIE_BESS2,0.0,60.0,5,e08677f8-2eaa-47c3-919d-3cf8f8e0bd1f,IN-SERVICE,NON-LIQUID,60.6,
2026-08-12T16:55:00+08:00,COLLIE_BESS2,75.0,250.0,6,e08677f8-2eaa-47c3-919d-3cf8f8e0bd1f,IN-SERVICE,NON-LIQUID,252.5,
2026-08-12T16:55:00+08:00,COLLIE_BESS2,75.0,367.0,7,e08677f8-2eaa-47c3-919d-3cf8f8e0bd1f,IN-SERVICE,NON-LIQUID,370.67,
2026-08-12T16:55:00+08:00,COLLIE_BESS2,0.0,402.87,8,e08677f8-2eaa-47c3-919d-3cf8f8e0bd1f,IN-SERVICE,NON-LIQUID,406.9,
2026-08-12T16:55:00+08:00,COLLIE_BESS2,150.0,622.0,9,e08677f8-2eaa-47c3-919d-3cf8f8e0bd1f,IN-SERVICE,NON-LIQUID,628.22,
2026-08-12T16:55:00+08:00,COLLIE_BESS2,0.0,1188.12,10,e08677f8-2eaa-47c3-919d-3cf8f8e0bd1f,IN-SERVICE,NON-LIQUID,1200.0,
2026-08-12T16:55:00+08:00,COLLIE_ESR4,-250.0,157.41,1,8f676293-5ebb-44ec-8819-dfee146982c7,IN-SERVICE,NOT APPLICABLE,157.32,0.0
2026-08-12T16:55:00+08:00,COLLIE_ESR4,250.0,172.89,2,8f676293-5ebb-44ec-8819-dfee146982c7,IN-SERVICE,NOT APPLICABLE,172.79,0.0
2026-08-12T16:55:00+08:00,COLLIE_ESR5,-250.0,157.52,1,7e58d108-f079-4270-8279-4039422b53b5,IN-SERVICE,NOT APPLICABLE,157.43,0.0
2026-08-12T16:55:00+08:00,COLLIE_ESR5,250.0,172.78,2,7e58d108-f079-4270-8279-4039422b53b5,IN-SERVICE,NOT APPLICABLE,172.68,0.0
2026-08-12T17:00:00+08:00,KWINANA_ESR1,-100.0,153.85,1,fd4d7a1b-171c-434f-996e-34b8664635a7,IN-SERVICE,NOT APPLICABLE,153.79,0.0
2026-08-12T17:00:00+08:00,KWINANA_ESR1,100.0,166.69,2,fd4d7a1b-171c-434f-996e-34b8664635a7,IN-SERVICE,NOT APPLICABLE,166.62,0.0
2026-08-12T17:00:00+08:00,COLLIE_ESR1,0.0,-1000.0,1,bd532c69-566f-478c-9ffc-57a82891bc59,IN-SERVICE,NON-LIQUID,-999.4,
2026-08-12T17:00:00+08:00,COLLIE_ESR1,-100.0,-42.46,2,bd532c69-566f-478c-9ffc-57a82891bc59,IN-SERVICE,NON-LIQUID,-42.43,
2026-08-12T17:00:00+08:00,COLLIE_ESR1,-100.0,-10.0,3,bd532c69-566f-478c-9ffc-57a82891bc59,IN-SERVICE,NON-LIQUID,-9.99,
2026-08-12T17:00:00+08:00,COLLIE_ESR1,0.0,34.02,4,bd532c69-566f-478c-9ffc-57a82891bc59,IN-SERVICE,NON-LIQUID,34.0,
2026-08-12T17:00:00+08:00,COLLIE_ESR1,0.0,60.0,5,bd532c69-566f-478c-9ffc-57a82891bc59,IN-SERVICE,NON-LIQUID,59.96,
2026-08-12T17:00:00+08:00,COLLIE_ESR1,100.0,141.12,6,bd532c69-566f-478c-9ffc-57a82891bc59,IN-SERVICE,NON-LIQUID,141.04,
2026-08-12T17:00:00+08:00,COLLIE_ESR1,100.0,148.93,7,bd532c69-566f-478c-9ffc-57a82891bc59,IN-SERVICE,NON-LIQUID,148.84,
2026-08-12T17:00:00+08:00,COLLIE_ESR1,0.0,511.05,8,bd532c69-566f-478c-9ffc-57a82891bc59,IN-SERVICE,NON-LIQUID,510.74,
2026-08-12T17:00:00+08:00,COLLIE_ESR1,0.0,622.0,9,bd532c69-566f-478c-9ffc-57a82891bc59,IN-SERVICE,NON-LIQUID,621.63,
2026-08-12T17:00:00+08:00,COLLIE_ESR1,0.0,1200.0,10,bd532c69-566f-478c-9ffc-57a82891bc59,IN-SERVICE,NON-LIQUID,1199.28,
2026-08-12T17:00:00+08:00,KWINANA_ESR2,-225.0,157.71,1,24f6aa51-48c8-4827-83c1-35dc63b2eb17,IN-SERVICE,NOT APPLICABLE,157.55,0.0
2026-08-12T17:00:00+08:00,KWINANA_ESR2,225.0,172.72,2,24f6aa51-48c8-4827-83c1-35dc63b2eb17,IN-SERVICE,NOT APPLICABLE,172.55,0.0
2026-08-12T17:00:00+08:00,COLLIE_BESS2,0.0,-990.1,1,a535a330-70d1-4b10-b64e-248d7f1c1172,IN-SERVICE,NON-LIQUID,-1000.0,
2026-08-12T17:00:00+08:00,COLLIE_BESS2,-150.0,-42.46,2,a535a330-70d1-4b10-b64e-248d7f1c1172,IN-SERVICE,NON-LIQUID,-42.88,
2026-08-12T17:00:00+08:00,COLLIE_BESS2,-150.0,-10.0,3,a535a330-70d1-4b10-b64e-248d7f1c1172,IN-SERVICE,NON-LIQUID,-10.1,
2026-08-12T17:00:00+08:00,COLLIE_BESS2,0.0,60.0,4,a535a330-70d1-4b10-b64e-248d7f1c1172,IN-SERVICE,NON-LIQUID,60.6,
2026-08-12T17:00:00+08:00,COLLIE_BESS2,111.0,141.12,5,a535a330-70d1-4b10-b64e-248d7f1c1172,IN-SERVICE,NON-LIQUID,142.53,
2026-08-12T17:00:00+08:00,COLLIE_BESS2,110.0,148.93,6,a535a330-70d1-4b10-b64e-248d7f1c1172,IN-SERVICE,NON-LIQUID,150.42,
2026-08-12T17:00:00+08:00,COLLIE_BESS2,19.0,250.0,7,a535a330-70d1-4b10-b64e-248d7f1c1172,IN-SERVICE,NON-LIQUID,252.5,
2026-08-12T17:00:00+08:00,COLLIE_BESS2,19.0,367.0,8,a535a330-70d1-4b10-b64e-248d7f1c1172,IN-SERVICE,NON-LIQUID,370.67,
2026-08-12T17:00:00+08:00,COLLIE_BESS2,41.0,622.0,9,a535a330-70d1-4b10-b64e-248d7f1c1172,IN-SERVICE,NON-LIQUID,628.22,
2026-08-12T17:00:00+08:00,COLLIE_BESS2,0.0,1188.12,10,a535a330-70d1-4b10-b64e-248d7f1c1172,IN-SERVICE,NON-LIQUID,1200.0,
2026-08-12T17:00:00+08:00,COLLIE_ESR4,-250.0,157.41,1,8f676293-5ebb-44ec-8819-dfee146982c7,IN-SERVICE,NOT APPLICABLE,157.32,0.0
2026-08-12T17:00:00+08:00,COLLIE_ESR4,250.0,172.89,2,8f676293-5ebb-44ec-8819-dfee146982c7,IN-SERVICE,NOT APPLICABLE,172.79,0.0
2026-08-12T17:00:00+08:00,COLLIE_ESR5,-250.0,157.52,1,7e58d108-f079-4270-8279-4039422b53b5,IN-SERVICE,NOT APPLICABLE,157.43,0.0
2026-08-12T17:00:00+08:00,COLLIE_ESR5,250.0,172.78,2,7e58d108-f079-4270-8279-4039422b53b5,IN-SERVICE,NOT APPLICABLE,172.68,0.0
2026-08-12T17:05:00+08:00,KWINANA_ESR1,-100.0,165.25,1,319f0b8c-c667-48f8-bbbe-240d3b800b37,IN-SERVICE,NOT APPLICABLE,165.18,0.0
2026-08-12T17:05:00+08:00,KWINANA_ESR1,100.0,179.99,2,319f0b8c-c667-48f8-bbbe-240d3b800b37,IN-SERVICE,NOT APPLICABLE,179.92,0.0
2026-08-12T17:05:00+08:00,COLLIE_ESR1,0.0,-1000.0,1,b9015f56-e4f5-4da2-9785-77e27003ab5d,IN-SERVICE,NON-LIQUID,-999.4,
2026-08-12T17:05:00+08:00,COLLIE_ESR1,-100.0,-42.46,2,b9015f56-e4f5-4da2-9785-77e27003ab5d,IN-SERVICE,NON-LIQUID,-42.43,
2026-08-12T17:05:00+08:00,COLLIE_ESR1,-100.0,-10.0,3,b9015f56-e4f5-4da2-9785-77e27003ab5d,IN-SERVICE,NON-LIQUID,-9.99,
2026-08-12T17:05:00+08:00,COLLIE_ESR1,0.0,34.02,4,b9015f56-e4f5-4da2-9785-77e27003ab5d,IN-SERVICE,NON-LIQUID,34.0,
2026-08-12T17:05:00+08:00,COLLIE_ESR1,0.0,60.0,5,b9015f56-e4f5-4da2-9785-77e27003ab5d,IN-SERVICE,NON-LIQUID,59.96,
2026-08-12T17:05:00+08:00,COLLIE_ESR1,100.0,155.28,6,b9015f56-e4f5-4da2-9785-77e27003ab5d,IN-SERVICE,NON-LIQUID,155.19,
2026-08-12T17:05:00+08:00,COLLIE_ESR1,100.0,164.95,7,b9015f56-e4f5-4da2-9785-77e27003ab5d,IN-SERVICE,NON-LIQUID,164.85,
2026-08-12T17:05:00+08:00,COLLIE_ESR1,0.0,511.05,8,b9015f56-e4f5-4da2-9785-77e27003ab5d,IN-SERVICE,NON-LIQUID,510.74,
2026-08-12T17:05:00+08:00,COLLIE_ESR1,0.0,622.0,9,b9015f56-e4f5-4da2-9785-77e27003ab5d,IN-SERVICE,NON-LIQUID,621.63,
2026-08-12T17:05:00+08:00,COLLIE_ESR1,0.0,1200.0,10,b9015f56-e4f5-4da2-9785-77e27003ab5d,IN-SERVICE,NON-LIQUID,1199.28,
2026-08-12T17:05:00+08:00,KWINANA_ESR2,-225.0,157.71,1,1de9d6e4-816f-4dd6-9f25-02a4cf6c7014,IN-SERVICE,NOT APPLICABLE,157.55,0.0
2026-08-12T17:05:00+08:00,KWINANA_ESR2,225.0,172.72,2,1de9d6e4-816f-4dd6-9f25-02a4cf6c7014,IN-SERVICE,NOT APPLICABLE,172.55,0.0
2026-08-12T17:05:00+08:00,COLLIE_BESS2,0.0,-990.1,1,b4377201-ff74-41f1-8d4b-33f8997587d7,IN-SERVICE,NON-LIQUID,-1000.0,
2026-08-12T17:05:00+08:00,COLLIE_BESS2,-150.0,-42.46,2,b4377201-ff74-41f1-8d4b-33f8997587d7,IN-SERVICE,NON-LIQUID,-42.88,
2026-08-12T17:05:00+08:00,COLLIE_BESS2,-150.0,-10.0,3,b4377201-ff74-41f1-8d4b-33f8997587d7,IN-SERVICE,NON-LIQUID,-10.1,
2026-08-12T17:05:00+08:00,COLLIE_BESS2,0.0,60.0,4,b4377201-ff74-41f1-8d4b-33f8997587d7,IN-SERVICE,NON-LIQUID,60.6,
2026-08-12T17:05:00+08:00,COLLIE_BESS2,115.0,155.28,5,b4377201-ff74-41f1-8d4b-33f8997587d7,IN-SERVICE,NON-LIQUID,156.83,
2026-08-12T17:05:00+08:00,COLLIE_BESS2,115.0,164.95,6,b4377201-ff74-41f1-8d4b-33f8997587d7,IN-SERVICE,NON-LIQUID,166.6,
2026-08-12T17:05:00+08:00,COLLIE_BESS2,17.0,250.0,7,b4377201-ff74-41f1-8d4b-33f8997587d7,IN-SERVICE,NON-LIQUID,252.5,
2026-08-12T17:05:00+08:00,COLLIE_BESS2,17.0,367.0,8,b4377201-ff74-41f1-8d4b-33f8997587d7,IN-SERVICE,NON-LIQUID,370.67,
2026-08-12T17:05:00+08:00,COLLIE_BESS2,36.0,622.0,9,b4377201-ff74-41f1-8d4b-33f8997587d7,IN-SERVICE,NON-LIQUID,628.22,
2026-08-12T17:05:00+08:00,COLLIE_BESS2,0.0,1188.12,10,b4377201-ff74-41f1-8d4b-33f8997587d7,IN-SERVICE,NON-LIQUID,1200.0,
2026-08-12T17:05:00+08:00,COLLIE_ESR4,-250.0,157.55,1,a9ad14da-82f5-4bd6-9266-89929a43a1d5,IN-SERVICE,NOT APPLICABLE,157.46,0.0
2026-08-12T17:05:00+08:00,COLLIE_ESR4,250.0,173.03,2,a9ad14da-82f5-4bd6-9266-89929a43a1d5,IN-SERVICE,NOT APPLICABLE,172.93,0.0
2026-08-12T17:05:00+08:00,COLLIE_ESR5,-250.0,157.52,1,678334ba-36a8-447b-bd39-cc1e4a04fe6b,IN-SERVICE,NOT APPLICABLE,157.43,0.0
2026-08-12T17:05:00+08:00,COLLIE_ESR5,250.0,172.92,2,678334ba-36a8-447b-bd39-cc1e4a04fe6b,IN-SERVICE,NOT APPLICABLE,172.82,0.0
2026-08-12T17:10:00+08:00,KWINANA_ESR1,-100.0,165.38,1,319f0b8c-c667-48f8-bbbe-240d3b800b37,IN-SERVICE,NOT APPLICABLE,165.31,0.0
2026-08-12T17:10:00+08:00,KWINANA_ESR1,100.0,180.12,2,319f0b8c-c667-48f8-bbbe-240d3b800b37,IN-SERVICE,NOT APPLICABLE,180.05,0.0
2026-08-12T17:10:00+08:00,COLLIE_ESR1,0.0,-1000.0,1,a12f9cb7-2cdb-47b4-abf4-c377f4b4db31,IN-SERVICE,NON-LIQUID,-999.4,
2026-08-12T17:10:00+08:00,COLLIE_ESR1,-100.0,-42.46,2,a12f9cb7-2cdb-47b4-abf4-c377f4b4db31,IN-SERVICE,NON-LIQUID,-42.43,
2026-08-12T17:10:00+08:00,COLLIE_ESR1,-100.0,-10.0,3,a12f9cb7-2cdb-47b4-abf4-c377f4b4db31,IN-SERVICE,NON-LIQUID,-9.99,
2026-08-12T17:10:00+08:00,COLLIE_ESR1,0.0,34.02,4,a12f9cb7-2cdb-47b4-abf4-c377f4b4db31,IN-SERVICE,NON-LIQUID,34.0,
2026-08-12T17:10:00+08:00,COLLIE_ESR1,0.0,60.0,5,a12f9cb7-2cdb-47b4-abf4-c377f4b4db31,IN-SERVICE,NON-LIQUID,59.96,
2026-08-12T17:10:00+08:00,COLLIE_ESR1,50.0,250.0,6,a12f9cb7-2cdb-47b4-abf4-c377f4b4db31,IN-SERVICE,NON-LIQUID,249.85,
2026-08-12T17:10:00+08:00,COLLIE_ESR1,100.0,367.0,7,a12f9cb7-2cdb-47b4-abf4-c377f4b4db31,IN-SERVICE,NON-LIQUID,366.78,
2026-08-12T17:10:00+08:00,COLLIE_ESR1,0.0,511.05,8,a12f9cb7-2cdb-47b4-abf4-c377f4b4db31,IN-SERVICE,NON-LIQUID,510.74,
2026-08-12T17:10:00+08:00,COLLIE_ESR1,50.0,622.0,9,a12f9cb7-2cdb-47b4-abf4-c377f4b4db31,IN-SERVICE,NON-LIQUID,621.63,
2026-08-12T17:10:00+08:00,COLLIE_ESR1,0.0,1200.0,10,a12f9cb7-2cdb-47b4-abf4-c377f4b4db31,IN-SERVICE,NON-LIQUID,1199.28,
2026-08-12T17:10:00+08:00,KWINANA_ESR2,-225.0,157.71,1,1de9d6e4-816f-4dd6-9f25-02a4cf6c7014,IN-SERVICE,NOT APPLICABLE,157.55,0.0
2026-08-12T17:10:00+08:00,KWINANA_ESR2,225.0,172.72,2,1de9d6e4-816f-4dd6-9f25-02a4cf6c7014,IN-SERVICE,NOT APPLICABLE,172.55,0.0
2026-08-12T17:10:00+08:00,COLLIE_BESS2,0.0,-990.1,1,8076eef8-8ca5-446e-ba84-91f62793842c,IN-SERVICE,NON-LIQUID,-1000.0,
2026-08-12T17:10:00+08:00,COLLIE_BESS2,-150.0,-42.46,2,8076eef8-8ca5-446e-ba84-91f62793842c,IN-SERVICE,NON-LIQUID,-42.88,
2026-08-12T17:10:00+08:00,COLLIE_BESS2,-150.0,-10.0,3,8076eef8-8ca5-446e-ba84-91f62793842c,IN-SERVICE,NON-LIQUID,-10.1,
2026-08-12T17:10:00+08:00,COLLIE_BESS2,0.0,60.0,4,8076eef8-8ca5-446e-ba84-91f62793842c,IN-SERVICE,NON-LIQUID,60.6,
2026-08-12T17:10:00+08:00,COLLIE_BESS2,115.0,148.93,5,8076eef8-8ca5-446e-ba84-91f62793842c,IN-SERVICE,NON-LIQUID,150.42,
2026-08-12T17:10:00+08:00,COLLIE_BESS2,115.0,157.22,6,8076eef8-8ca5-446e-ba84-91f62793842c,IN-SERVICE,NON-LIQUID,158.79,
2026-08-12T17:10:00+08:00,COLLIE_BESS2,17.0,250.0,7,8076eef8-8ca5-446e-ba84-91f62793842c,IN-SERVICE,NON-LIQUID,252.5,
2026-08-12T17:10:00+08:00,COLLIE_BESS2,17.0,367.0,8,8076eef8-8ca5-446e-ba84-91f62793842c,IN-SERVICE,NON-LIQUID,370.67,
2026-08-12T17:10:00+08:00,COLLIE_BESS2,36.0,622.0,9,8076eef8-8ca5-446e-ba84-91f62793842c,IN-SERVICE,NON-LIQUID,628.22,
2026-08-12T17:10:00+08:00,COLLIE_BESS2,0.0,1188.12,10,8076eef8-8ca5-446e-ba84-91f62793842c,IN-SERVICE,NON-LIQUID,1200.0,
2026-08-12T17:10:00+08:00,COLLIE_ESR4,-250.0,157.55,1,a9ad14da-82f5-4bd6-9266-89929a43a1d5,IN-SERVICE,NOT APPLICABLE,157.46,0.0
2026-08-12T17:10:00+08:00,COLLIE_ESR4,250.0,173.03,2,a9ad14da-82f5-4bd6-9266-89929a43a1d5,IN-SERVICE,NOT APPLICABLE,172.93,0.0
2026-08-12T17:10:00+08:00,COLLIE_ESR5,-250.0,157.52,1,678334ba-36a8-447b-bd39-cc1e4a04fe6b,IN-SERVICE,NOT APPLICABLE,157.43,0.0
2026-08-12T17:10:00+08:00,COLLIE_ESR5,250.0,172.92,2,678334ba-36a8-447b-bd39-cc1e4a04fe6b,IN-SERVICE,NOT APPLICABLE,172.82,0.0
2026-08-12T17:15:00+08:00,KWINANA_ESR1,-100.0,165.38,1,319f0b8c-c667-48f8-bbbe-240d3b800b37,IN-SERVICE,NOT APPLICABLE,165.31,0.0
2026-08-12T17:15:00+08:00,KWINANA_ESR1,100.0,180.12,2,319f0b8c-c667-48f8-bbbe-240d3b800b37,IN-SERVICE,NOT APPLICABLE,180.05,0.0
2026-08-12T17:15:00+08:00,COLLIE_ESR1,0.0,-1000.0,1,28fd5fec-79e7-4589-a6ca-167c0485f0b2,IN-SERVICE,NON-LIQUID,-999.4,
2026-08-12T17:15:00+08:00,COLLIE_ESR1,-100.0,-42.46,2,28fd5fec-79e7-4589-a6ca-167c0485f0b2,IN-SERVICE,NON-LIQUID,-42.43,
2026-08-12T17:15:00+08:00,COLLIE_ESR1,-100.0,-10.0,3,28fd5fec-79e7-4589-a6ca-167c0485f0b2,IN-SERVICE,NON-LIQUID,-9.99,
2026-08-12T17:15:00+08:00,COLLIE_ESR1,0.0,34.02,4,28fd5fec-79e7-4589-a6ca-167c0485f0b2,IN-SERVICE,NON-LIQUID,34.0,
2026-08-12T17:15:00+08:00,COLLIE_ESR1,0.0,60.0,5,28fd5fec-79e7-4589-a6ca-167c0485f0b2,IN-SERVICE,NON-LIQUID,59.96,
2026-08-12T17:15:00+08:00,COLLIE_ESR1,50.0,250.0,6,28fd5fec-79e7-4589-a6ca-167c0485f0b2,IN-SERVICE,NON-LIQUID,249.85,
2026-08-12T17:15:00+08:00,COLLIE_ESR1,100.0,367.0,7,28fd5fec-79e7-4589-a6ca-167c0485f0b2,IN-SERVICE,NON-LIQUID,366.78,
2026-08-12T17:15:00+08:00,COLLIE_ESR1,0.0,511.05,8,28fd5fec-79e7-4589-a6ca-167c0485f0b2,IN-SERVICE,NON-LIQUID,510.74,
2026-08-12T17:15:00+08:00,COLLIE_ESR1,50.0,622.0,9,28fd5fec-79e7-4589-a6ca-167c0485f0b2,IN-SERVICE,NON-LIQUID,621.63,
2026-08-12T17:15:00+08:00,COLLIE_ESR1,0.0,1200.0,10,28fd5fec-79e7-4589-a6ca-167c0485f0b2,IN-SERVICE,NON-LIQUID,1199.28,
2026-08-12T17:15:00+08:00,KWINANA_ESR2,-225.0,157.71,1,1de9d6e4-816f-4dd6-9f25-02a4cf6c7014,IN-SERVICE,NOT APPLICABLE,157.55,0.0
2026-08-12T17:15:00+08:00,KWINANA_ESR2,225.0,172.86,2,1de9d6e4-816f-4dd6-9f25-02a4cf6c7014,IN-SERVICE,NOT APPLICABLE,172.69,0.0
2026-08-12T17:15:00+08:00,COLLIE_BESS2,0.0,-990.1,1,5a994867-581e-498c-a2af-aad7e848c77a,IN-SERVICE,NON-LIQUID,-1000.0,
2026-08-12T17:15:00+08:00,COLLIE_BESS2,-150.0,-42.46,2,5a994867-581e-498c-a2af-aad7e848c77a,IN-SERVICE,NON-LIQUID,-42.88,
2026-08-12T17:15:00+08:00,COLLIE_BESS2,-150.0,-10.0,3,5a994867-581e-498c-a2af-aad7e848c77a,IN-SERVICE,NON-LIQUID,-10.1,
2026-08-12T17:15:00+08:00,COLLIE_BESS2,0.0,60.0,4,5a994867-581e-498c-a2af-aad7e848c77a,IN-SERVICE,NON-LIQUID,60.6,
2026-08-12T17:15:00+08:00,COLLIE_BESS2,115.0,148.93,5,5a994867-581e-498c-a2af-aad7e848c77a,IN-SERVICE,NON-LIQUID,150.42,
2026-08-12T17:15:00+08:00,COLLIE_BESS2,115.0,157.22,6,5a994867-581e-498c-a2af-aad7e848c77a,IN-SERVICE,NON-LIQUID,158.79,
2026-08-12T17:15:00+08:00,COLLIE_BESS2,17.0,250.0,7,5a994867-581e-498c-a2af-aad7e848c77a,IN-SERVICE,NON-LIQUID,252.5,
2026-08-12T17:15:00+08:00,COLLIE_BESS2,17.0,367.0,8,5a994867-581e-498c-a2af-aad7e848c77a,IN-SERVICE,NON-LIQUID,370.67,
2026-08-12T17:15:00+08:00,COLLIE_BESS2,36.0,622.0,9,5a994867-581e-498c-a2af-aad7e848c77a,IN-SERVICE,NON-LIQUID,628.22,
2026-08-12T17:15:00+08:00,COLLIE_BESS2,0.0,1188.12,10,5a994867-581e-498c-a2af-aad7e848c77a,IN-SERVICE,NON-LIQUID,1200.0,
2026-08-12T17:15:00+08:00,COLLIE_ESR4,-250.0,157.55,1,a9ad14da-82f5-4bd6-9266-89929a43a1d5,IN-SERVICE,NOT APPLICABLE,157.46,0.0
2026-08-12T17:15:00+08:00,COLLIE_ESR4,250.0,173.03,2,a9ad14da-82f5-4bd6-9266-89929a43a1d5,IN-SERVICE,NOT APPLICABLE,172.93,0.0
2026-08-12T17:15:00+08:00,COLLIE_ESR5,-250.0,157.52,1,678334ba-36a8-447b-bd39-cc1e4a04fe6b,IN-SERVICE,NOT APPLICABLE,157.43,0.0
2026-08-12T17:15:00+08:00,COLLIE_ESR5,250.0,172.92,2,678334ba-36a8-447b-bd39-cc1e4a04fe6b,IN-SERVICE,NOT APPLICABLE,172.82,0.0
2026-08-12T17:20:00+08:00,KWINANA_ESR1,-100.0,158.01,1,a01f8e95-6515-4ddc-9eb5-cf7a7eaa0a65,IN-SERVICE,NOT APPLICABLE,157.95,0.0
2026-08-12T17:20:00+08:00,KWINANA_ESR1,83.592,172.59,2,a01f8e95-6515-4ddc-9eb5-cf7a7eaa0a65,IN-SERVICE,NOT APPLICABLE,172.52,0.0
2026-08-12T17:20:00+08:00,KWINANA_ESR1,16.408,172.62,3,a01f8e95-6515-4ddc-9eb5-cf7a7eaa0a65,IN-SERVICE,NOT APPLICABLE,172.55,0.0
2026-08-12T17:20:00+08:00,COLLIE_ESR1,0.0,-1000.0,1,27d307ba-623c-4634-8f61-c8993cd7330e,IN-SERVICE,NON-LIQUID,-999.4,
2026-08-12T17:20:00+08:00,COLLIE_ESR1,-100.0,-42.46,2,27d307ba-623c-4634-8f61-c8993cd7330e,IN-SERVICE,NON-LIQUID,-42.43,
2026-08-12T17:20:00+08:00,COLLIE_ESR1,-100.0,-10.0,3,27d307ba-623c-4634-8f61-c8993cd7330e,IN-SERVICE,NON-LIQUID,-9.99,
2026-08-12T17:20:00+08:00,COLLIE_ESR1,0.0,34.02,4,27d307ba-623c-4634-8f61-c8993cd7330e,IN-SERVICE,NON-LIQUID,34.0,
2026-08-12T17:20:00+08:00,COLLIE_ESR1,0.0,60.0,5,27d307ba-623c-4634-8f61-c8993cd7330e,IN-SERVICE,NON-LIQUID,59.96,
2026-08-12T17:20:00+08:00,COLLIE_ESR1,50.0,250.0,6,27d307ba-623c-4634-8f61-c8993cd7330e,IN-SERVICE,NON-LIQUID,249.85,
2026-08-12T17:20:00+08:00,COLLIE_ESR1,100.0,367.0,7,27d307ba-623c-4634-8f61-c8993cd7330e,IN-SERVICE,NON-LIQUID,366.78,
2026-08-12T17:20:00+08:00,COLLIE_ESR1,0.0,511.05,8,27d307ba-623c-4634-8f61-c8993cd7330e,IN-SERVICE,NON-LIQUID,510.74,
2026-08-12T17:20:00+08:00,COLLIE_ESR1,50.0,622.0,9,27d307ba-623c-4634-8f61-c8993cd7330e,IN-SERVICE,NON-LIQUID,621.63,
2026-08-12T17:20:00+08:00,COLLIE_ESR1,0.0,1200.0,10,27d307ba-623c-4634-8f61-c8993cd7330e,IN-SERVICE,NON-LIQUID,1199.28,
2026-08-12T17:20:00+08:00,KWINANA_ESR2,-225.0,157.85,1,8f7a1e29-731b-4383-ad40-98378639bff0,IN-SERVICE,NOT APPLICABLE,157.69,0.0
2026-08-12T17:20:00+08:00,KWINANA_ESR2,225.0,172.86,2,8f7a1e29-731b-4383-ad40-98378639bff0,IN-SERVICE,NOT APPLICABLE,172.69,0.0
2026-08-12T17:20:00+08:00,COLLIE_BESS2,0.0,-990.1,1,a23b97f1-2f6c-447c-bd52-5080df6fcced,IN-SERVICE,NON-LIQUID,-1000.0,
2026-08-12T17:20:00+08:00,COLLIE_BESS2,-150.0,-42.46,2,a23b97f1-2f6c-447c-bd52-5080df6fcced,IN-SERVICE,NON-LIQUID,-42.88,
2026-08-12T17:20:00+08:00,COLLIE_BESS2,-150.0,-10.0,3,a23b97f1-2f6c-447c-bd52-5080df6fcced,IN-SERVICE,NON-LIQUID,-10.1,
2026-08-12T17:20:00+08:00,COLLIE_BESS2,0.0,60.0,4,a23b97f1-2f6c-447c-bd52-5080df6fcced,IN-SERVICE,NON-LIQUID,60.6,
2026-08-12T17:20:00+08:00,COLLIE_BESS2,115.0,148.78,5,a23b97f1-2f6c-447c-bd52-5080df6fcced,IN-SERVICE,NON-LIQUID,150.27,
2026-08-12T17:20:00+08:00,COLLIE_BESS2,115.0,158.86,6,a23b97f1-2f6c-447c-bd52-5080df6fcced,IN-SERVICE,NON-LIQUID,160.45,
2026-08-12T17:20:00+08:00,COLLIE_BESS2,17.0,250.0,7,a23b97f1-2f6c-447c-bd52-5080df6fcced,IN-SERVICE,NON-LIQUID,252.5,
2026-08-12T17:20:00+08:00,COLLIE_BESS2,17.0,367.0,8,a23b97f1-2f6c-447c-bd52-5080df6fcced,IN-SERVICE,NON-LIQUID,370.67,
2026-08-12T17:20:00+08:00,COLLIE_BESS2,36.0,622.0,9,a23b97f1-2f6c-447c-bd52-5080df6fcced,IN-SERVICE,NON-LIQUID,628.22,
2026-08-12T17:20:00+08:00,COLLIE_BESS2,0.0,1188.12,10,a23b97f1-2f6c-447c-bd52-5080df6fcced,IN-SERVICE,NON-LIQUID,1200.0,
2026-08-12T17:20:00+08:00,COLLIE_ESR4,-250.0,157.55,1,84626198-be7e-4308-948e-6f5ed177ad51,IN-SERVICE,NOT APPLICABLE,157.46,0.0
2026-08-12T17:20:00+08:00,COLLIE_ESR4,250.0,173.03,2,84626198-be7e-4308-948e-6f5ed177ad51,IN-SERVICE,NOT APPLICABLE,172.93,0.0
2026-08-12T17:20:00+08:00,COLLIE_ESR5,-250.0,157.66,1,08e5f48f-88dc-40af-b6a7-5914f05ecf39,IN-SERVICE,NOT APPLICABLE,157.57,0.0
2026-08-12T17:20:00+08:00,COLLIE_ESR5,250.0,172.92,2,08e5f48f-88dc-40af-b6a7-5914f05ecf39,IN-SERVICE,NOT APPLICABLE,172.82,0.0
2026-08-12T17:25:00+08:00,KWINANA_ESR1,-100.0,157.75,1,a01f8e95-6515-4ddc-9eb5-cf7a7eaa0a65,IN-SERVICE,NOT APPLICABLE,157.69,0.0
2026-08-12T17:25:00+08:00,KWINANA_ESR1,100.0,172.49,2,a01f8e95-6515-4ddc-9eb5-cf7a7eaa0a65,IN-SERVICE,NOT APPLICABLE,172.42,0.0
2026-08-12T17:25:00+08:00,COLLIE_ESR1,0.0,-1000.0,1,5ba06913-3012-4837-93c8-f4e7aa0eb36a,IN-SERVICE,NON-LIQUID,-999.4,
2026-08-12T17:25:00+08:00,COLLIE_ESR1,-100.0,-42.46,2,5ba06913-3012-4837-93c8-f4e7aa0eb36a,IN-SERVICE,NON-LIQUID,-42.43,
2026-08-12T17:25:00+08:00,COLLIE_ESR1,-100.0,-10.0,3,5ba06913-3012-4837-93c8-f4e7aa0eb36a,IN-SERVICE,NON-LIQUID,-9.99,
2026-08-12T17:25:00+08:00,COLLIE_ESR1,0.0,34.02,4,5ba06913-3012-4837-93c8-f4e7aa0eb36a,IN-SERVICE,NON-LIQUID,34.0,
2026-08-12T17:25:00+08:00,COLLIE_ESR1,0.0,60.0,5,5ba06913-3012-4837-93c8-f4e7aa0eb36a,IN-SERVICE,NON-LIQUID,59.96,
2026-08-12T17:25:00+08:00,COLLIE_ESR1,50.0,250.0,6,5ba06913-3012-4837-93c8-f4e7aa0eb36a,IN-SERVICE,NON-LIQUID,249.85,
2026-08-12T17:25:00+08:00,COLLIE_ESR1,100.0,367.0,7,5ba06913-3012-4837-93c8-f4e7aa0eb36a,IN-SERVICE,NON-LIQUID,366.78,
2026-08-12T17:25:00+08:00,COLLIE_ESR1,0.0,511.05,8,5ba06913-3012-4837-93c8-f4e7aa0eb36a,IN-SERVICE,NON-LIQUID,510.74,
2026-08-12T17:25:00+08:00,COLLIE_ESR1,50.0,622.0,9,5ba06913-3012-4837-93c8-f4e7aa0eb36a,IN-SERVICE,NON-LIQUID,621.63,
2026-08-12T17:25:00+08:00,COLLIE_ESR1,0.0,1200.0,10,5ba06913-3012-4837-93c8-f4e7aa0eb36a,IN-SERVICE,NON-LIQUID,1199.28,
2026-08-12T17:25:00+08:00,KWINANA_ESR2,-225.0,157.85,1,8f7a1e29-731b-4383-ad40-98378639bff0,IN-SERVICE,NOT APPLICABLE,157.69,0.0
2026-08-12T17:25:00+08:00,KWINANA_ESR2,225.0,172.86,2,8f7a1e29-731b-4383-ad40-98378639bff0,IN-SERVICE,NOT APPLICABLE,172.69,0.0
2026-08-12T17:25:00+08:00,COLLIE_BESS2,0.0,-990.1,1,e7e9a25c-9ce7-4f39-9a9f-1baa256adf34,IN-SERVICE,NON-LIQUID,-1000.0,
2026-08-12T17:25:00+08:00,COLLIE_BESS2,-150.0,-42.46,2,e7e9a25c-9ce7-4f39-9a9f-1baa256adf34,IN-SERVICE,NON-LIQUID,-42.88,
2026-08-12T17:25:00+08:00,COLLIE_BESS2,-150.0,-10.0,3,e7e9a25c-9ce7-4f39-9a9f-1baa256adf34,IN-SERVICE,NON-LIQUID,-10.1,
2026-08-12T17:25:00+08:00,COLLIE_BESS2,0.0,60.0,4,e7e9a25c-9ce7-4f39-9a9f-1baa256adf34,IN-SERVICE,NON-LIQUID,60.6,
2026-08-12T17:25:00+08:00,COLLIE_BESS2,125.0,142.58,5,e7e9a25c-9ce7-4f39-9a9f-1baa256adf34,IN-SERVICE,NON-LIQUID,144.01,
2026-08-12T17:25:00+08:00,COLLIE_BESS2,125.0,153.5,6,e7e9a25c-9ce7-4f39-9a9f-1baa256adf34,IN-SERVICE,NON-LIQUID,155.03,
2026-08-12T17:25:00+08:00,COLLIE_BESS2,12.0,250.0,7,e7e9a25c-9ce7-4f39-9a9f-1baa256adf34,IN-SERVICE,NON-LIQUID,252.5,
2026-08-12T17:25:00+08:00,COLLIE_BESS2,12.0,367.0,8,e7e9a25c-9ce7-4f39-9a9f-1baa256adf34,IN-SERVICE,NON-LIQUID,370.67,
2026-08-12T17:25:00+08:00,COLLIE_BESS2,26.0,622.0,9,e7e9a25c-9ce7-4f39-9a9f-1baa256adf34,IN-SERVICE,NON-LIQUID,628.22,
2026-08-12T17:25:00+08:00,COLLIE_BESS2,0.0,1188.12,10,e7e9a25c-9ce7-4f39-9a9f-1baa256adf34,IN-SERVICE,NON-LIQUID,1200.0,
2026-08-12T17:25:00+08:00,COLLIE_ESR4,-250.0,157.55,1,84626198-be7e-4308-948e-6f5ed177ad51,IN-SERVICE,NOT APPLICABLE,157.46,0.0
2026-08-12T17:25:00+08:00,COLLIE_ESR4,250.0,173.03,2,84626198-be7e-4308-948e-6f5ed177ad51,IN-SERVICE,NOT APPLICABLE,172.93,0.0
2026-08-12T17:25:00+08:00,COLLIE_ESR5,-250.0,157.66,1,08e5f48f-88dc-40af-b6a7-5914f05ecf39,IN-SERVICE,NOT APPLICABLE,157.57,0.0
2026-08-12T17:25:00+08:00,COLLIE_ESR5,250.0,172.92,2,08e5f48f-88dc-40af-b6a7-5914f05ecf39,IN-SERVICE,NOT APPLICABLE,172.82,0.0
2026-08-12T17:30:00+08:00,KWINANA_ESR1,-100.0,157.75,1,a01f8e95-6515-4ddc-9eb5-cf7a7eaa0a65,IN-SERVICE,NOT APPLICABLE,157.69,0.0
2026-08-12T17:30:00+08:00,KWINANA_ESR1,100.0,172.49,2,a01f8e95-6515-4ddc-9eb5-cf7a7eaa0a65,IN-SERVICE,NOT APPLICABLE,172.42,0.0
2026-08-12T17:30:00+08:00,COLLIE_ESR1,0.0,-1000.0,1,ac3b356f-75b3-41cf-bb99-23a03ae89c25,IN-SERVICE,NON-LIQUID,-999.4,
2026-08-12T17:30:00+08:00,COLLIE_ESR1,-100.0,-42.46,2,ac3b356f-75b3-41cf-bb99-23a03ae89c25,IN-SERVICE,NON-LIQUID,-42.43,
2026-08-12T17:30:00+08:00,COLLIE_ESR1,-100.0,-10.0,3,ac3b356f-75b3-41cf-bb99-23a03ae89c25,IN-SERVICE,NON-LIQUID,-9.99,
2026-08-12T17:30:00+08:00,COLLIE_ESR1,0.0,34.02,4,ac3b356f-75b3-41cf-bb99-23a03ae89c25,IN-SERVICE,NON-LIQUID,34.0,
2026-08-12T17:30:00+08:00,COLLIE_ESR1,0.0,51.0,5,ac3b356f-75b3-41cf-bb99-23a03ae89c25,IN-SERVICE,NON-LIQUID,50.97,
2026-08-12T17:30:00+08:00,COLLIE_ESR1,100.0,147.93,6,ac3b356f-75b3-41cf-bb99-23a03ae89c25,IN-SERVICE,NON-LIQUID,147.84,
2026-08-12T17:30:00+08:00,COLLIE_ESR1,100.0,158.66,7,ac3b356f-75b3-41cf-bb99-23a03ae89c25,IN-SERVICE,NON-LIQUID,158.56,
2026-08-12T17:30:00+08:00,COLLIE_ESR1,0.0,1107.61,8,ac3b356f-75b3-41cf-bb99-23a03ae89c25,IN-SERVICE,NON-LIQUID,1106.95,
2026-08-12T17:30:00+08:00,COLLIE_ESR1,0.0,1191.56,9,ac3b356f-75b3-41cf-bb99-23a03ae89c25,IN-SERVICE,NON-LIQUID,1190.85,
2026-08-12T17:30:00+08:00,COLLIE_ESR1,0.0,1200.0,10,ac3b356f-75b3-41cf-bb99-23a03ae89c25,IN-SERVICE,NON-LIQUID,1199.28,
2026-08-12T17:30:00+08:00,KWINANA_ESR2,-225.0,157.85,1,8f7a1e29-731b-4383-ad40-98378639bff0,IN-SERVICE,NOT APPLICABLE,157.69,0.0
2026-08-12T17:30:00+08:00,KWINANA_ESR2,225.0,172.86,2,8f7a1e29-731b-4383-ad40-98378639bff0,IN-SERVICE,NOT APPLICABLE,172.69,0.0
2026-08-12T17:30:00+08:00,COLLIE_BESS2,0.0,-990.1,1,2410f670-8bd5-46e2-bd05-fc6f5d57fe94,IN-SERVICE,NON-LIQUID,-1000.0,
2026-08-12T17:30:00+08:00,COLLIE_BESS2,-150.0,-42.46,2,2410f670-8bd5-46e2-bd05-fc6f5d57fe94,IN-SERVICE,NON-LIQUID,-42.88,
2026-08-12T17:30:00+08:00,COLLIE_BESS2,-150.0,-10.0,3,2410f670-8bd5-46e2-bd05-fc6f5d57fe94,IN-SERVICE,NON-LIQUID,-10.1,
2026-08-12T17:30:00+08:00,COLLIE_BESS2,0.0,51.0,4,2410f670-8bd5-46e2-bd05-fc6f5d57fe94,IN-SERVICE,NON-LIQUID,51.51,
2026-08-12T17:30:00+08:00,COLLIE_BESS2,115.0,139.23,5,2410f670-8bd5-46e2-bd05-fc6f5d57fe94,IN-SERVICE,NON-LIQUID,140.62,
2026-08-12T17:30:00+08:00,COLLIE_BESS2,115.0,147.93,6,2410f670-8bd5-46e2-bd05-fc6f5d57fe94,IN-SERVICE,NON-LIQUID,149.41,
2026-08-12T17:30:00+08:00,COLLIE_BESS2,17.0,250.0,7,2410f670-8bd5-46e2-bd05-fc6f5d57fe94,IN-SERVICE,NON-LIQUID,252.5,
2026-08-12T17:30:00+08:00,COLLIE_BESS2,17.0,367.0,8,2410f670-8bd5-46e2-bd05-fc6f5d57fe94,IN-SERVICE,NON-LIQUID,370.67,
2026-08-12T17:30:00+08:00,COLLIE_BESS2,36.0,622.0,9,2410f670-8bd5-46e2-bd05-fc6f5d57fe94,IN-SERVICE,NON-LIQUID,628.22,
2026-08-12T17:30:00+08:00,COLLIE_BESS2,0.0,1188.12,10,2410f670-8bd5-46e2-bd05-fc6f5d57fe94,IN-SERVICE,NON-LIQUID,1200.0,
2026-08-12T17:30:00+08:00,COLLIE_ESR4,-250.0,157.55,1,84626198-be7e-4308-948e-6f5ed177ad51,IN-SERVICE,NOT APPLICABLE,157.46,0.0
2026-08-12T17:30:00+08:00,COLLIE_ESR4,250.0,173.03,2,84626198-be7e-4308-948e-6f5ed177ad51,IN-SERVICE,NOT APPLICABLE,172.93,0.0
2026-08-12T17:30:00+08:00,COLLIE_ESR5,-250.0,157.66,1,08e5f48f-88dc-40af-b6a7-5914f05ecf39,IN-SERVICE,NOT APPLICABLE,157.57,0.0
2026-08-12T17:30:00+08:00,COLLIE_ESR5,250.0,173.03,2,08e5f48f-88dc-40af-b6a7-5914f05ecf39,IN-SERVICE,NOT APPLICABLE,172.93,0.0
2026-08-12T17:35:00+08:00,KWINANA_ESR1,-100.0,165.49,1,c8b46e58-07f0-47b2-af9c-c885825ebe22,IN-SERVICE,NOT APPLICABLE,165.42,0.0
2026-08-12T17:35:00+08:00,KWINANA_ESR1,100.0,180.23,2,c8b46e58-07f0-47b2-af9c-c885825ebe22,IN-SERVICE,NOT APPLICABLE,180.16,0.0
2026-08-12T17:35:00+08:00,COLLIE_ESR1,0.0,-1000.0,1,041c2911-425f-4c25-82c2-a4c082acdda0,IN-SERVICE,NON-LIQUID,-999.4,
2026-08-12T17:35:00+08:00,COLLIE_ESR1,-100.0,-42.46,2,041c2911-425f-4c25-82c2-a4c082acdda0,IN-SERVICE,NON-LIQUID,-42.43,
2026-08-12T17:35:00+08:00,COLLIE_ESR1,-100.0,-10.0,3,041c2911-425f-4c25-82c2-a4c082acdda0,IN-SERVICE,NON-LIQUID,-9.99,
2026-08-12T17:35:00+08:00,COLLIE_ESR1,0.0,34.02,4,041c2911-425f-4c25-82c2-a4c082acdda0,IN-SERVICE,NON-LIQUID,34.0,
2026-08-12T17:35:00+08:00,COLLIE_ESR1,0.0,51.0,5,041c2911-425f-4c25-82c2-a4c082acdda0,IN-SERVICE,NON-LIQUID,50.97,
2026-08-12T17:35:00+08:00,COLLIE_ESR1,100.0,148.28,6,041c2911-425f-4c25-82c2-a4c082acdda0,IN-SERVICE,NON-LIQUID,148.19,
2026-08-12T17:35:00+08:00,COLLIE_ESR1,100.0,159.32,7,041c2911-425f-4c25-82c2-a4c082acdda0,IN-SERVICE,NON-LIQUID,159.22,
2026-08-12T17:35:00+08:00,COLLIE_ESR1,0.0,1107.61,8,041c2911-425f-4c25-82c2-a4c082acdda0,IN-SERVICE,NON-LIQUID,1106.95,
2026-08-12T17:35:00+08:00,COLLIE_ESR1,0.0,1191.56,9,041c2911-425f-4c25-82c2-a4c082acdda0,IN-SERVICE,NON-LIQUID,1190.85,
2026-08-12T17:35:00+08:00,COLLIE_ESR1,0.0,1200.0,10,041c2911-425f-4c25-82c2-a4c082acdda0,IN-SERVICE,NON-LIQUID,1199.28,
2026-08-12T17:35:00+08:00,KWINANA_ESR2,-225.0,141.0,1,c0f87425-7397-44a5-a5f4-69fea4083a0a,IN-SERVICE,NOT APPLICABLE,140.86,0.0
2026-08-12T17:35:00+08:00,KWINANA_ESR2,225.0,157.84,2,c0f87425-7397-44a5-a5f4-69fea4083a0a,IN-SERVICE,NOT APPLICABLE,157.68,0.0
2026-08-12T17:35:00+08:00,COLLIE_BESS2,0.0,-990.1,1,06647b6e-fc00-44a7-ae37-490874a64b8a,IN-SERVICE,NON-LIQUID,-1000.0,
2026-08-12T17:35:00+08:00,COLLIE_BESS2,-150.0,-42.46,2,06647b6e-fc00-44a7-ae37-490874a64b8a,IN-SERVICE,NON-LIQUID,-42.88,
2026-08-12T17:35:00+08:00,COLLIE_BESS2,-150.0,-10.0,3,06647b6e-fc00-44a7-ae37-490874a64b8a,IN-SERVICE,NON-LIQUID,-10.1,
2026-08-12T17:35:00+08:00,COLLIE_BESS2,0.0,51.0,4,06647b6e-fc00-44a7-ae37-490874a64b8a,IN-SERVICE,NON-LIQUID,51.51,
2026-08-12T17:35:00+08:00,COLLIE_BESS2,119.0,148.28,5,06647b6e-fc00-44a7-ae37-490874a64b8a,IN-SERVICE,NON-LIQUID,149.76,
2026-08-12T17:35:00+08:00,COLLIE_BESS2,118.0,159.32,6,06647b6e-fc00-44a7-ae37-490874a64b8a,IN-SERVICE,NON-LIQUID,160.91,
2026-08-12T17:35:00+08:00,COLLIE_BESS2,15.0,250.0,7,06647b6e-fc00-44a7-ae37-490874a64b8a,IN-SERVICE,NON-LIQUID,252.5,
2026-08-12T17:35:00+08:00,COLLIE_BESS2,15.0,367.0,8,06647b6e-fc00-44a7-ae37-490874a64b8a,IN-SERVICE,NON-LIQUID,370.67,
2026-08-12T17:35:00+08:00,COLLIE_BESS2,33.0,622.0,9,06647b6e-fc00-44a7-ae37-490874a64b8a,IN-SERVICE,NON-LIQUID,628.22,
2026-08-12T17:35:00+08:00,COLLIE_BESS2,0.0,1188.12,10,06647b6e-fc00-44a7-ae37-490874a64b8a,IN-SERVICE,NON-LIQUID,1200.0,
2026-08-12T17:35:00+08:00,COLLIE_ESR4,-250.0,142.54,1,770f159a-9c3a-4d81-88c3-730c2a0055a9,IN-SERVICE,NOT APPLICABLE,142.45,0.0
2026-08-12T17:35:00+08:00,COLLIE_ESR4,250.0,158.02,2,770f159a-9c3a-4d81-88c3-730c2a0055a9,IN-SERVICE,NOT APPLICABLE,157.93,0.0
2026-08-12T17:35:00+08:00,COLLIE_ESR5,-250.0,142.65,1,02bcccac-5a74-4725-8eeb-c91459997725,IN-SERVICE,NOT APPLICABLE,142.56,0.0
2026-08-12T17:35:00+08:00,COLLIE_ESR5,250.0,157.91,2,02bcccac-5a74-4725-8eeb-c91459997725,IN-SERVICE,NOT APPLICABLE,157.82,0.0
2026-08-12T17:40:00+08:00,KWINANA_ESR1,-100.0,165.49,1,c8b46e58-07f0-47b2-af9c-c885825ebe22,IN-SERVICE,NOT APPLICABLE,165.42,0.0
2026-08-12T17:40:00+08:00,KWINANA_ESR1,100.0,180.23,2,c8b46e58-07f0-47b2-af9c-c885825ebe22,IN-SERVICE,NOT APPLICABLE,180.16,0.0
2026-08-12T17:40:00+08:00,COLLIE_ESR1,0.0,-1000.0,1,d455f48f-c569-4cd4-803f-05dd862c98a5,IN-SERVICE,NON-LIQUID,-999.4,
2026-08-12T17:40:00+08:00,COLLIE_ESR1,-100.0,-42.46,2,d455f48f-c569-4cd4-803f-05dd862c98a5,IN-SERVICE,NON-LIQUID,-42.43,
2026-08-12T17:40:00+08:00,COLLIE_ESR1,-100.0,-10.0,3,d455f48f-c569-4cd4-803f-05dd862c98a5,IN-SERVICE,NON-LIQUID,-9.99,
2026-08-12T17:40:00+08:00,COLLIE_ESR1,0.0,34.02,4,d455f48f-c569-4cd4-803f-05dd862c98a5,IN-SERVICE,NON-LIQUID,34.0,
2026-08-12T17:40:00+08:00,COLLIE_ESR1,0.0,51.0,5,d455f48f-c569-4cd4-803f-05dd862c98a5,IN-SERVICE,NON-LIQUID,50.97,
2026-08-12T17:40:00+08:00,COLLIE_ESR1,100.0,150.8,6,d455f48f-c569-4cd4-803f-05dd862c98a5,IN-SERVICE,NON-LIQUID,150.71,
2026-08-12T17:40:00+08:00,COLLIE_ESR1,100.0,162.42,7,d455f48f-c569-4cd4-803f-05dd862c98a5,IN-SERVICE,NON-LIQUID,162.32,
2026-08-12T17:40:00+08:00,COLLIE_ESR1,0.0,1107.61,8,d455f48f-c569-4cd4-803f-05dd862c98a5,IN-SERVICE,NON-LIQUID,1106.95,
2026-08-12T17:40:00+08:00,COLLIE_ESR1,0.0,1191.56,9,d455f48f-c569-4cd4-803f-05dd862c98a5,IN-SERVICE,NON-LIQUID,1190.85,
2026-08-12T17:40:00+08:00,COLLIE_ESR1,0.0,1200.0,10,d455f48f-c569-4cd4-803f-05dd862c98a5,IN-SERVICE,NON-LIQUID,1199.28,
2026-08-12T17:40:00+08:00,KWINANA_ESR2,-225.0,141.0,1,c0f87425-7397-44a5-a5f4-69fea4083a0a,IN-SERVICE,NOT APPLICABLE,140.86,0.0
2026-08-12T17:40:00+08:00,KWINANA_ESR2,225.0,156.0,2,c0f87425-7397-44a5-a5f4-69fea4083a0a,IN-SERVICE,NOT APPLICABLE,155.84,0.0
2026-08-12T17:40:00+08:00,COLLIE_BESS2,0.0,-990.1,1,774598c6-4ce5-4737-ab49-88e848f94915,IN-SERVICE,NON-LIQUID,-1000.0,
2026-08-12T17:40:00+08:00,COLLIE_BESS2,-150.0,-42.46,2,774598c6-4ce5-4737-ab49-88e848f94915,IN-SERVICE,NON-LIQUID,-42.88,
2026-08-12T17:40:00+08:00,COLLIE_BESS2,-150.0,-10.0,3,774598c6-4ce5-4737-ab49-88e848f94915,IN-SERVICE,NON-LIQUID,-10.1,
2026-08-12T17:40:00+08:00,COLLIE_BESS2,0.0,51.0,4,774598c6-4ce5-4737-ab49-88e848f94915,IN-SERVICE,NON-LIQUID,51.51,
2026-08-12T17:40:00+08:00,COLLIE_BESS2,119.0,150.8,5,774598c6-4ce5-4737-ab49-88e848f94915,IN-SERVICE,NON-LIQUID,152.31,
2026-08-12T17:40:00+08:00,COLLIE_BESS2,118.0,162.42,6,774598c6-4ce5-4737-ab49-88e848f94915,IN-SERVICE,NON-LIQUID,164.04,
2026-08-12T17:40:00+08:00,COLLIE_BESS2,15.0,250.0,7,774598c6-4ce5-4737-ab49-88e848f94915,IN-SERVICE,NON-LIQUID,252.5,
2026-08-12T17:40:00+08:00,COLLIE_BESS2,15.0,367.0,8,774598c6-4ce5-4737-ab49-88e848f94915,IN-SERVICE,NON-LIQUID,370.67,
2026-08-12T17:40:00+08:00,COLLIE_BESS2,33.0,622.0,9,774598c6-4ce5-4737-ab49-88e848f94915,IN-SERVICE,NON-LIQUID,628.22,
2026-08-12T17:40:00+08:00,COLLIE_BESS2,0.0,1188.12,10,774598c6-4ce5-4737-ab49-88e848f94915,IN-SERVICE,NON-LIQUID,1200.0,
2026-08-12T17:40:00+08:00,COLLIE_ESR4,-250.0,140.7,1,770f159a-9c3a-4d81-88c3-730c2a0055a9,IN-SERVICE,NOT APPLICABLE,140.62,0.0
2026-08-12T17:40:00+08:00,COLLIE_ESR4,250.0,158.02,2,770f159a-9c3a-4d81-88c3-730c2a0055a9,IN-SERVICE,NOT APPLICABLE,157.93,0.0
2026-08-12T17:40:00+08:00,COLLIE_ESR5,-250.0,142.65,1,02bcccac-5a74-4725-8eeb-c91459997725,IN-SERVICE,NOT APPLICABLE,142.56,0.0
2026-08-12T17:40:00+08:00,COLLIE_ESR5,250.0,157.91,2,02bcccac-5a74-4725-8eeb-c91459997725,IN-SERVICE,NOT APPLICABLE,157.82,0.0
2026-08-12T17:45:00+08:00,KWINANA_ESR1,-100.0,165.49,1,c8b46e58-07f0-47b2-af9c-c885825ebe22,IN-SERVICE,NOT APPLICABLE,165.42,0.0
2026-08-12T17:45:00+08:00,KWINANA_ESR1,100.0,180.23,2,c8b46e58-07f0-47b2-af9c-c885825ebe22,IN-SERVICE,NOT APPLICABLE,180.16,0.0
2026-08-12T17:45:00+08:00,COLLIE_ESR1,0.0,-1000.0,1,51953c9f-06db-4c5c-99a0-d07b6d1e9fe7,IN-SERVICE,NON-LIQUID,-999.4,
2026-08-12T17:45:00+08:00,COLLIE_ESR1,-100.0,-42.46,2,51953c9f-06db-4c5c-99a0-d07b6d1e9fe7,IN-SERVICE,NON-LIQUID,-42.43,
2026-08-12T17:45:00+08:00,COLLIE_ESR1,-100.0,-10.0,3,51953c9f-06db-4c5c-99a0-d07b6d1e9fe7,IN-SERVICE,NON-LIQUID,-9.99,
2026-08-12T17:45:00+08:00,COLLIE_ESR1,0.0,34.02,4,51953c9f-06db-4c5c-99a0-d07b6d1e9fe7,IN-SERVICE,NON-LIQUID,34.0,
2026-08-12T17:45:00+08:00,COLLIE_ESR1,0.0,51.0,5,51953c9f-06db-4c5c-99a0-d07b6d1e9fe7,IN-SERVICE,NON-LIQUID,50.97,
2026-08-12T17:45:00+08:00,COLLIE_ESR1,100.0,141.19,6,51953c9f-06db-4c5c-99a0-d07b6d1e9fe7,IN-SERVICE,NON-LIQUID,141.11,
2026-08-12T17:45:00+08:00,COLLIE_ESR1,100.0,151.7,7,51953c9f-06db-4c5c-99a0-d07b6d1e9fe7,IN-SERVICE,NON-LIQUID,151.61,
2026-08-12T17:45:00+08:00,COLLIE_ESR1,0.0,1107.61,8,51953c9f-06db-4c5c-99a0-d07b6d1e9fe7,IN-SERVICE,NON-LIQUID,1106.95,
2026-08-12T17:45:00+08:00,COLLIE_ESR1,0.0,1191.56,9,51953c9f-06db-4c5c-99a0-d07b6d1e9fe7,IN-SERVICE,NON-LIQUID,1190.85,
2026-08-12T17:45:00+08:00,COLLIE_ESR1,0.0,1200.0,10,51953c9f-06db-4c5c-99a0-d07b6d1e9fe7,IN-SERVICE,NON-LIQUID,1199.28,
2026-08-12T17:45:00+08:00,KWINANA_ESR2,-225.0,141.0,1,c0f87425-7397-44a5-a5f4-69fea4083a0a,IN-SERVICE,NOT APPLICABLE,140.86,0.0
2026-08-12T17:45:00+08:00,KWINANA_ESR2,225.0,156.0,2,c0f87425-7397-44a5-a5f4-69fea4083a0a,IN-SERVICE,NOT APPLICABLE,155.84,0.0
2026-08-12T17:45:00+08:00,COLLIE_BESS2,0.0,-990.1,1,b7ad56e2-85e5-497c-a26b-ecd37604f233,IN-SERVICE,NON-LIQUID,-1000.0,
2026-08-12T17:45:00+08:00,COLLIE_BESS2,-150.0,-42.46,2,b7ad56e2-85e5-497c-a26b-ecd37604f233,IN-SERVICE,NON-LIQUID,-42.88,
2026-08-12T17:45:00+08:00,COLLIE_BESS2,-150.0,-10.0,3,b7ad56e2-85e5-497c-a26b-ecd37604f233,IN-SERVICE,NON-LIQUID,-10.1,
2026-08-12T17:45:00+08:00,COLLIE_BESS2,0.0,51.0,4,b7ad56e2-85e5-497c-a26b-ecd37604f233,IN-SERVICE,NON-LIQUID,51.51,
2026-08-12T17:45:00+08:00,COLLIE_BESS2,119.0,141.19,5,b7ad56e2-85e5-497c-a26b-ecd37604f233,IN-SERVICE,NON-LIQUID,142.6,
2026-08-12T17:45:00+08:00,COLLIE_BESS2,118.0,151.7,6,b7ad56e2-85e5-497c-a26b-ecd37604f233,IN-SERVICE,NON-LIQUID,153.22,
2026-08-12T17:45:00+08:00,COLLIE_BESS2,15.0,250.0,7,b7ad56e2-85e5-497c-a26b-ecd37604f233,IN-SERVICE,NON-LIQUID,252.5,
2026-08-12T17:45:00+08:00,COLLIE_BESS2,15.0,367.0,8,b7ad56e2-85e5-497c-a26b-ecd37604f233,IN-SERVICE,NON-LIQUID,370.67,
2026-08-12T17:45:00+08:00,COLLIE_BESS2,33.0,622.0,9,b7ad56e2-85e5-497c-a26b-ecd37604f233,IN-SERVICE,NON-LIQUID,628.22,
2026-08-12T17:45:00+08:00,COLLIE_BESS2,0.0,1188.12,10,b7ad56e2-85e5-497c-a26b-ecd37604f233,IN-SERVICE,NON-LIQUID,1200.0,
2026-08-12T17:45:00+08:00,COLLIE_ESR4,-250.0,140.7,1,770f159a-9c3a-4d81-88c3-730c2a0055a9,IN-SERVICE,NOT APPLICABLE,140.62,0.0
2026-08-12T17:45:00+08:00,COLLIE_ESR4,250.0,158.02,2,770f159a-9c3a-4d81-88c3-730c2a0055a9,IN-SERVICE,NOT APPLICABLE,157.93,0.0
2026-08-12T17:45:00+08:00,COLLIE_ESR5,-250.0,140.81,1,02bcccac-5a74-4725-8eeb-c91459997725,IN-SERVICE,NOT APPLICABLE,140.73,0.0
2026-08-12T17:45:00+08:00,COLLIE_ESR5,250.0,157.91,2,02bcccac-5a74-4725-8eeb-c91459997725,IN-SERVICE,NOT APPLICABLE,157.82,0.0
2026-08-12T17:50:00+08:00,KWINANA_ESR1,-100.0,148.53,1,fd3451a1-065c-49a9-bd24-2b893ef0d18a,IN-SERVICE,NOT APPLICABLE,148.47,0.0
2026-08-12T17:50:00+08:00,KWINANA_ESR1,100.0,163.27,2,fd3451a1-065c-49a9-bd24-2b893ef0d18a,IN-SERVICE,NOT APPLICABLE,163.2,0.0
2026-08-12T17:50:00+08:00,COLLIE_ESR1,0.0,-1000.0,1,45ef971c-991f-402e-a953-d69c926c49b5,IN-SERVICE,NON-LIQUID,-999.4,
2026-08-12T17:50:00+08:00,COLLIE_ESR1,-100.0,-42.46,2,45ef971c-991f-402e-a953-d69c926c49b5,IN-SERVICE,NON-LIQUID,-42.43,
2026-08-12T17:50:00+08:00,COLLIE_ESR1,-100.0,-10.0,3,45ef971c-991f-402e-a953-d69c926c49b5,IN-SERVICE,NON-LIQUID,-9.99,
2026-08-12T17:50:00+08:00,COLLIE_ESR1,0.0,34.02,4,45ef971c-991f-402e-a953-d69c926c49b5,IN-SERVICE,NON-LIQUID,34.0,
2026-08-12T17:50:00+08:00,COLLIE_ESR1,0.0,51.0,5,45ef971c-991f-402e-a953-d69c926c49b5,IN-SERVICE,NON-LIQUID,50.97,
2026-08-12T17:50:00+08:00,COLLIE_ESR1,100.0,141.75,6,45ef971c-991f-402e-a953-d69c926c49b5,IN-SERVICE,NON-LIQUID,141.67,
2026-08-12T17:50:00+08:00,COLLIE_ESR1,100.0,152.09,7,45ef971c-991f-402e-a953-d69c926c49b5,IN-SERVICE,NON-LIQUID,152.0,
2026-08-12T17:50:00+08:00,COLLIE_ESR1,0.0,1107.61,8,45ef971c-991f-402e-a953-d69c926c49b5,IN-SERVICE,NON-LIQUID,1106.95,
2026-08-12T17:50:00+08:00,COLLIE_ESR1,0.0,1191.56,9,45ef971c-991f-402e-a953-d69c926c49b5,IN-SERVICE,NON-LIQUID,1190.85,
2026-08-12T17:50:00+08:00,COLLIE_ESR1,0.0,1200.0,10,45ef971c-991f-402e-a953-d69c926c49b5,IN-SERVICE,NON-LIQUID,1199.28,
2026-08-12T17:50:00+08:00,KWINANA_ESR2,-225.0,141.0,1,560e3a6f-6ff8-4a6a-b070-ee2b676106d7,IN-SERVICE,NOT APPLICABLE,140.86,0.0
2026-08-12T17:50:00+08:00,KWINANA_ESR2,225.0,156.0,2,560e3a6f-6ff8-4a6a-b070-ee2b676106d7,IN-SERVICE,NOT APPLICABLE,155.84,0.0
2026-08-12T17:50:00+08:00,COLLIE_BESS2,0.0,-990.1,1,b28feede-b4c6-4998-9db3-8b8f45758c32,IN-SERVICE,NON-LIQUID,-1000.0,
2026-08-12T17:50:00+08:00,COLLIE_BESS2,-150.0,-42.46,2,b28feede-b4c6-4998-9db3-8b8f45758c32,IN-SERVICE,NON-LIQUID,-42.88,
2026-08-12T17:50:00+08:00,COLLIE_BESS2,-150.0,-10.0,3,b28feede-b4c6-4998-9db3-8b8f45758c32,IN-SERVICE,NON-LIQUID,-10.1,
2026-08-12T17:50:00+08:00,COLLIE_BESS2,0.0,51.0,4,b28feede-b4c6-4998-9db3-8b8f45758c32,IN-SERVICE,NON-LIQUID,51.51,
2026-08-12T17:50:00+08:00,COLLIE_BESS2,119.0,141.75,5,b28feede-b4c6-4998-9db3-8b8f45758c32,IN-SERVICE,NON-LIQUID,143.17,
2026-08-12T17:50:00+08:00,COLLIE_BESS2,118.0,152.09,6,b28feede-b4c6-4998-9db3-8b8f45758c32,IN-SERVICE,NON-LIQUID,153.61,
2026-08-12T17:50:00+08:00,COLLIE_BESS2,15.0,250.0,7,b28feede-b4c6-4998-9db3-8b8f45758c32,IN-SERVICE,NON-LIQUID,252.5,
2026-08-12T17:50:00+08:00,COLLIE_BESS2,15.0,367.0,8,b28feede-b4c6-4998-9db3-8b8f45758c32,IN-SERVICE,NON-LIQUID,370.67,
2026-08-12T17:50:00+08:00,COLLIE_BESS2,33.0,622.0,9,b28feede-b4c6-4998-9db3-8b8f45758c32,IN-SERVICE,NON-LIQUID,628.22,
2026-08-12T17:50:00+08:00,COLLIE_BESS2,0.0,1188.12,10,b28feede-b4c6-4998-9db3-8b8f45758c32,IN-SERVICE,NON-LIQUID,1200.0,
2026-08-12T17:50:00+08:00,COLLIE_ESR4,-250.0,140.7,1,33576955-3d8f-4a22-8d79-324a05cd2976,IN-SERVICE,NOT APPLICABLE,140.62,0.0
2026-08-12T17:50:00+08:00,COLLIE_ESR4,250.0,158.02,2,33576955-3d8f-4a22-8d79-324a05cd2976,IN-SERVICE,NOT APPLICABLE,157.93,0.0
2026-08-12T17:50:00+08:00,COLLIE_ESR5,-250.0,140.81,1,1732a9d1-42af-48e3-8e36-7738a4f9ef67,IN-SERVICE,NOT APPLICABLE,140.73,0.0
2026-08-12T17:50:00+08:00,COLLIE_ESR5,250.0,157.91,2,1732a9d1-42af-48e3-8e36-7738a4f9ef67,IN-SERVICE,NOT APPLICABLE,157.82,0.0
2026-08-12T17:55:00+08:00,KWINANA_ESR1,-100.0,148.53,1,fd3451a1-065c-49a9-bd24-2b893ef0d18a,IN-SERVICE,NOT APPLICABLE,148.47,0.0
2026-08-12T17:55:00+08:00,KWINANA_ESR1,100.0,163.27,2,fd3451a1-065c-49a9-bd24-2b893ef0d18a,IN-SERVICE,NOT APPLICABLE,163.2,0.0
2026-08-12T17:55:00+08:00,COLLIE_ESR1,0.0,-1000.0,1,1b03f1e1-038e-430b-b1ba-0e3cc9da6f30,IN-SERVICE,NON-LIQUID,-999.4,
2026-08-12T17:55:00+08:00,COLLIE_ESR1,-100.0,-42.46,2,1b03f1e1-038e-430b-b1ba-0e3cc9da6f30,IN-SERVICE,NON-LIQUID,-42.43,
2026-08-12T17:55:00+08:00,COLLIE_ESR1,-100.0,-10.0,3,1b03f1e1-038e-430b-b1ba-0e3cc9da6f30,IN-SERVICE,NON-LIQUID,-9.99,
2026-08-12T17:55:00+08:00,COLLIE_ESR1,0.0,34.02,4,1b03f1e1-038e-430b-b1ba-0e3cc9da6f30,IN-SERVICE,NON-LIQUID,34.0,
2026-08-12T17:55:00+08:00,COLLIE_ESR1,0.0,51.0,5,1b03f1e1-038e-430b-b1ba-0e3cc9da6f30,IN-SERVICE,NON-LIQUID,50.97,
2026-08-12T17:55:00+08:00,COLLIE_ESR1,100.0,141.39,6,1b03f1e1-038e-430b-b1ba-0e3cc9da6f30,IN-SERVICE,NON-LIQUID,141.31,
2026-08-12T17:55:00+08:00,COLLIE_ESR1,100.0,150.8,7,1b03f1e1-038e-430b-b1ba-0e3cc9da6f30,IN-SERVICE,NON-LIQUID,150.71,
2026-08-12T17:55:00+08:00,COLLIE_ESR1,0.0,1107.61,8,1b03f1e1-038e-430b-b1ba-0e3cc9da6f30,IN-SERVICE,NON-LIQUID,1106.95,
2026-08-12T17:55:00+08:00,COLLIE_ESR1,0.0,1191.56,9,1b03f1e1-038e-430b-b1ba-0e3cc9da6f30,IN-SERVICE,NON-LIQUID,1190.85,
2026-08-12T17:55:00+08:00,COLLIE_ESR1,0.0,1200.0,10,1b03f1e1-038e-430b-b1ba-0e3cc9da6f30,IN-SERVICE,NON-LIQUID,1199.28,
2026-08-12T17:55:00+08:00,KWINANA_ESR2,-225.0,141.0,1,560e3a6f-6ff8-4a6a-b070-ee2b676106d7,IN-SERVICE,NOT APPLICABLE,140.86,0.0
2026-08-12T17:55:00+08:00,KWINANA_ESR2,225.0,156.0,2,560e3a6f-6ff8-4a6a-b070-ee2b676106d7,IN-SERVICE,NOT APPLICABLE,155.84,0.0
2026-08-12T17:55:00+08:00,COLLIE_BESS2,0.0,-990.1,1,0d84baea-836b-433c-aaac-5bedc3f4f0f2,IN-SERVICE,NON-LIQUID,-1000.0,
2026-08-12T17:55:00+08:00,COLLIE_BESS2,-150.0,-42.46,2,0d84baea-836b-433c-aaac-5bedc3f4f0f2,IN-SERVICE,NON-LIQUID,-42.88,
2026-08-12T17:55:00+08:00,COLLIE_BESS2,-150.0,-10.0,3,0d84baea-836b-433c-aaac-5bedc3f4f0f2,IN-SERVICE,NON-LIQUID,-10.1,
2026-08-12T17:55:00+08:00,COLLIE_BESS2,0.0,51.0,4,0d84baea-836b-433c-aaac-5bedc3f4f0f2,IN-SERVICE,NON-LIQUID,51.51,
2026-08-12T17:55:00+08:00,COLLIE_BESS2,125.0,141.39,5,0d84baea-836b-433c-aaac-5bedc3f4f0f2,IN-SERVICE,NON-LIQUID,142.8,
2026-08-12T17:55:00+08:00,COLLIE_BESS2,125.0,150.8,6,0d84baea-836b-433c-aaac-5bedc3f4f0f2,IN-SERVICE,NON-LIQUID,152.31,
2026-08-12T17:55:00+08:00,COLLIE_BESS2,12.0,250.0,7,0d84baea-836b-433c-aaac-5bedc3f4f0f2,IN-SERVICE,NON-LIQUID,252.5,
2026-08-12T17:55:00+08:00,COLLIE_BESS2,12.0,367.0,8,0d84baea-836b-433c-aaac-5bedc3f4f0f2,IN-SERVICE,NON-LIQUID,370.67,
2026-08-12T17:55:00+08:00,COLLIE_BESS2,26.0,622.0,9,0d84baea-836b-433c-aaac-5bedc3f4f0f2,IN-SERVICE,NON-LIQUID,628.22,
2026-08-12T17:55:00+08:00,COLLIE_BESS2,0.0,1188.12,10,0d84baea-836b-433c-aaac-5bedc3f4f0f2,IN-SERVICE,NON-LIQUID,1200.0,
2026-08-12T17:55:00+08:00,COLLIE_ESR4,-250.0,140.7,1,33576955-3d8f-4a22-8d79-324a05cd2976,IN-SERVICE,NOT APPLICABLE,140.62,0.0
2026-08-12T17:55:00+08:00,COLLIE_ESR4,250.0,158.02,2,33576955-3d8f-4a22-8d79-324a05cd2976,IN-SERVICE,NOT APPLICABLE,157.93,0.0
2026-08-12T17:55:00+08:00,COLLIE_ESR5,-250.0,140.81,1,1732a9d1-42af-48e3-8e36-7738a4f9ef67,IN-SERVICE,NOT APPLICABLE,140.73,0.0
2026-08-12T17:55:00+08:00,COLLIE_ESR5,250.0,157.91,2,1732a9d1-42af-48e3-8e36-7738a4f9ef67,IN-SERVICE,NOT APPLICABLE,157.82,0.0
2026-08-12T18:00:00+08:00,KWINANA_ESR1,-100.0,148.53,1,fd3451a1-065c-49a9-bd24-2b893ef0d18a,IN-SERVICE,NOT APPLICABLE,148.47,0.0
2026-08-12T18:00:00+08:00,KWINANA_ESR1,100.0,163.27,2,fd3451a1-065c-49a9-bd24-2b893ef0d18a,IN-SERVICE,NOT APPLICABLE,163.2,0.0
2026-08-12T18:00:00+08:00,COLLIE_ESR1,0.0,-1000.0,1,a2d0ed2a-bfaf-42c8-b20c-4af06248288d,IN-SERVICE,NON-LIQUID,-999.4,
2026-08-12T18:00:00+08:00,COLLIE_ESR1,-100.0,-42.46,2,a2d0ed2a-bfaf-42c8-b20c-4af06248288d,IN-SERVICE,NON-LIQUID,-42.43,
2026-08-12T18:00:00+08:00,COLLIE_ESR1,-100.0,-10.0,3,a2d0ed2a-bfaf-42c8-b20c-4af06248288d,IN-SERVICE,NON-LIQUID,-9.99,
2026-08-12T18:00:00+08:00,COLLIE_ESR1,0.0,34.02,4,a2d0ed2a-bfaf-42c8-b20c-4af06248288d,IN-SERVICE,NON-LIQUID,34.0,
2026-08-12T18:00:00+08:00,COLLIE_ESR1,0.0,60.0,5,a2d0ed2a-bfaf-42c8-b20c-4af06248288d,IN-SERVICE,NON-LIQUID,59.96,
2026-08-12T18:00:00+08:00,COLLIE_ESR1,100.0,140.2,6,a2d0ed2a-bfaf-42c8-b20c-4af06248288d,IN-SERVICE,NON-LIQUID,140.12,
2026-08-12T18:00:00+08:00,COLLIE_ESR1,100.0,149.41,7,a2d0ed2a-bfaf-42c8-b20c-4af06248288d,IN-SERVICE,NON-LIQUID,149.32,
2026-08-12T18:00:00+08:00,COLLIE_ESR1,0.0,628.32,8,a2d0ed2a-bfaf-42c8-b20c-4af06248288d,IN-SERVICE,NON-LIQUID,627.94,
2026-08-12T18:00:00+08:00,COLLIE_ESR1,0.0,1191.21,9,a2d0ed2a-bfaf-42c8-b20c-4af06248288d,IN-SERVICE,NON-LIQUID,1190.5,
2026-08-12T18:00:00+08:00,COLLIE_ESR1,0.0,1200.0,10,a2d0ed2a-bfaf-42c8-b20c-4af06248288d,IN-SERVICE,NON-LIQUID,1199.28,
2026-08-12T18:00:00+08:00,KWINANA_ESR2,-225.0,141.0,1,560e3a6f-6ff8-4a6a-b070-ee2b676106d7,IN-SERVICE,NOT APPLICABLE,140.86,0.0
2026-08-12T18:00:00+08:00,KWINANA_ESR2,225.0,156.0,2,560e3a6f-6ff8-4a6a-b070-ee2b676106d7,IN-SERVICE,NOT APPLICABLE,155.84,0.0
2026-08-12T18:00:00+08:00,COLLIE_BESS2,0.0,-990.1,1,50e18542-dafa-4051-a7f6-e9df3ac293b8,IN-SERVICE,NON-LIQUID,-1000.0,
2026-08-12T18:00:00+08:00,COLLIE_BESS2,-150.0,-42.46,2,50e18542-dafa-4051-a7f6-e9df3ac293b8,IN-SERVICE,NON-LIQUID,-42.88,
2026-08-12T18:00:00+08:00,COLLIE_BESS2,-150.0,-10.0,3,50e18542-dafa-4051-a7f6-e9df3ac293b8,IN-SERVICE,NON-LIQUID,-10.1,
2026-08-12T18:00:00+08:00,COLLIE_BESS2,0.0,60.0,4,50e18542-dafa-4051-a7f6-e9df3ac293b8,IN-SERVICE,NON-LIQUID,60.6,
2026-08-12T18:00:00+08:00,COLLIE_BESS2,119.0,140.2,5,50e18542-dafa-4051-a7f6-e9df3ac293b8,IN-SERVICE,NON-LIQUID,141.6,
2026-08-12T18:00:00+08:00,COLLIE_BESS2,118.0,149.41,6,50e18542-dafa-4051-a7f6-e9df3ac293b8,IN-SERVICE,NON-LIQUID,150.9,
2026-08-12T18:00:00+08:00,COLLIE_BESS2,15.0,250.0,7,50e18542-dafa-4051-a7f6-e9df3ac293b8,IN-SERVICE,NON-LIQUID,252.5,
2026-08-12T18:00:00+08:00,COLLIE_BESS2,15.0,367.0,8,50e18542-dafa-4051-a7f6-e9df3ac293b8,IN-SERVICE,NON-LIQUID,370.67,
2026-08-12T18:00:00+08:00,COLLIE_BESS2,33.0,622.0,9,50e18542-dafa-4051-a7f6-e9df3ac293b8,IN-SERVICE,NON-LIQUID,628.22,
2026-08-12T18:00:00+08:00,COLLIE_BESS2,0.0,1188.12,10,50e18542-dafa-4051-a7f6-e9df3ac293b8,IN-SERVICE,NON-LIQUID,1200.0,
2026-08-12T18:00:00+08:00,COLLIE_ESR4,-250.0,140.7,1,33576955-3d8f-4a22-8d79-324a05cd2976,IN-SERVICE,NOT APPLICABLE,140.62,0.0
2026-08-12T18:00:00+08:00,COLLIE_ESR4,250.0,156.18,2,33576955-3d8f-4a22-8d79-324a05cd2976,IN-SERVICE,NOT APPLICABLE,156.09,0.0
2026-08-12T18:00:00+08:00,COLLIE_ESR5,-250.0,140.81,1,1732a9d1-42af-48e3-8e36-7738a4f9ef67,IN-SERVICE,NOT APPLICABLE,140.73,0.0
2026-08-12T18:00:00+08:00,COLLIE_ESR5,250.0,156.07,2,1732a9d1-42af-48e3-8e36-7738a4f9ef67,IN-SERVICE,NOT APPLICABLE,155.98,0.0
2026-08-12T18:05:00+08:00,KWINANA_ESR1,-100.0,147.01,1,0f76490a-a822-4d90-999c-d986163c4a66,IN-SERVICE,NOT APPLICABLE,146.95,0.0
2026-08-12T18:05:00+08:00,KWINANA_ESR1,100.0,161.75,2,0f76490a-a822-4d90-999c-d986163c4a66,IN-SERVICE,NOT APPLICABLE,161.69,0.0
2026-08-12T18:05:00+08:00,COLLIE_ESR1,0.0,-1000.0,1,f5cd6d30-f074-41ee-b3b7-3aa613081a77,IN-SERVICE,NON-LIQUID,-999.4,
2026-08-12T18:05:00+08:00,COLLIE_ESR1,-100.0,-42.46,2,f5cd6d30-f074-41ee-b3b7-3aa613081a77,IN-SERVICE,NON-LIQUID,-42.43,
2026-08-12T18:05:00+08:00,COLLIE_ESR1,-100.0,-10.0,3,f5cd6d30-f074-41ee-b3b7-3aa613081a77,IN-SERVICE,NON-LIQUID,-9.99,
2026-08-12T18:05:00+08:00,COLLIE_ESR1,0.0,34.02,4,f5cd6d30-f074-41ee-b3b7-3aa613081a77,IN-SERVICE,NON-LIQUID,34.0,
2026-08-12T18:05:00+08:00,COLLIE_ESR1,0.0,60.0,5,f5cd6d30-f074-41ee-b3b7-3aa613081a77,IN-SERVICE,NON-LIQUID,59.96,
2026-08-12T18:05:00+08:00,COLLIE_ESR1,100.0,141.39,6,f5cd6d30-f074-41ee-b3b7-3aa613081a77,IN-SERVICE,NON-LIQUID,141.31,
2026-08-12T18:05:00+08:00,COLLIE_ESR1,100.0,149.97,7,f5cd6d30-f074-41ee-b3b7-3aa613081a77,IN-SERVICE,NON-LIQUID,149.88,
2026-08-12T18:05:00+08:00,COLLIE_ESR1,0.0,628.32,8,f5cd6d30-f074-41ee-b3b7-3aa613081a77,IN-SERVICE,NON-LIQUID,627.94,
2026-08-12T18:05:00+08:00,COLLIE_ESR1,0.0,1191.21,9,f5cd6d30-f074-41ee-b3b7-3aa613081a77,IN-SERVICE,NON-LIQUID,1190.5,
2026-08-12T18:05:00+08:00,COLLIE_ESR1,0.0,1200.0,10,f5cd6d30-f074-41ee-b3b7-3aa613081a77,IN-SERVICE,NON-LIQUID,1199.28,
2026-08-12T18:05:00+08:00,KWINANA_ESR2,-225.0,133.64,1,ed293c61-9c60-4c1a-a568-0a1c18d5c215,IN-SERVICE,NOT APPLICABLE,133.51,0.0
2026-08-12T18:05:00+08:00,KWINANA_ESR2,225.0,148.64,2,ed293c61-9c60-4c1a-a568-0a1c18d5c215,IN-SERVICE,NOT APPLICABLE,148.49,0.0
2026-08-12T18:05:00+08:00,COLLIE_BESS2,0.0,-990.1,1,2a43ff80-c5c1-47bf-843e-c9b33e44c572,IN-SERVICE,NON-LIQUID,-1000.0,
2026-08-12T18:05:00+08:00,COLLIE_BESS2,-150.0,-42.46,2,2a43ff80-c5c1-47bf-843e-c9b33e44c572,IN-SERVICE,NON-LIQUID,-42.88,
2026-08-12T18:05:00+08:00,COLLIE_BESS2,-150.0,-10.0,3,2a43ff80-c5c1-47bf-843e-c9b33e44c572,IN-SERVICE,NON-LIQUID,-10.1,
2026-08-12T18:05:00+08:00,COLLIE_BESS2,0.0,60.0,4,2a43ff80-c5c1-47bf-843e-c9b33e44c572,IN-SERVICE,NON-LIQUID,60.6,
2026-08-12T18:05:00+08:00,COLLIE_BESS2,113.0,141.39,5,2a43ff80-c5c1-47bf-843e-c9b33e44c572,IN-SERVICE,NON-LIQUID,142.8,
2026-08-12T18:05:00+08:00,COLLIE_BESS2,112.0,149.97,6,2a43ff80-c5c1-47bf-843e-c9b33e44c572,IN-SERVICE,NON-LIQUID,151.47,
2026-08-12T18:05:00+08:00,COLLIE_BESS2,18.0,250.0,7,2a43ff80-c5c1-47bf-843e-c9b33e44c572,IN-SERVICE,NON-LIQUID,252.5,
2026-08-12T18:05:00+08:00,COLLIE_BESS2,18.0,367.0,8,2a43ff80-c5c1-47bf-843e-c9b33e44c572,IN-SERVICE,NON-LIQUID,370.67,
2026-08-12T18:05:00+08:00,COLLIE_BESS2,39.0,622.0,9,2a43ff80-c5c1-47bf-843e-c9b33e44c572,IN-SERVICE,NON-LIQUID,628.22,
2026-08-12T18:05:00+08:00,COLLIE_BESS2,0.0,1188.12,10,2a43ff80-c5c1-47bf-843e-c9b33e44c572,IN-SERVICE,NON-LIQUID,1200.0,
2026-08-12T18:05:00+08:00,COLLIE_ESR4,-250.0,133.34,1,8bdefa91-cad4-4add-b1ab-a35f85dee921,IN-SERVICE,NOT APPLICABLE,133.26,0.0
2026-08-12T18:05:00+08:00,COLLIE_ESR4,250.0,148.83,2,8bdefa91-cad4-4add-b1ab-a35f85dee921,IN-SERVICE,NOT APPLICABLE,148.74,0.0
2026-08-12T18:05:00+08:00,COLLIE_ESR5,-250.0,133.45,1,4fc70bb1-66e3-4ae2-8da9-6531712c0d74,IN-SERVICE,NOT APPLICABLE,133.37,0.0
2026-08-12T18:05:00+08:00,COLLIE_ESR5,250.0,148.72,2,4fc70bb1-66e3-4ae2-8da9-6531712c0d74,IN-SERVICE,NOT APPLICABLE,148.63,0.0
2026-08-12T18:10:00+08:00,KWINANA_ESR1,-100.0,147.01,1,0f76490a-a822-4d90-999c-d986163c4a66,IN-SERVICE,NOT APPLICABLE,146.95,0.0
2026-08-12T18:10:00+08:00,KWINANA_ESR1,100.0,161.71,2,0f76490a-a822-4d90-999c-d986163c4a66,IN-SERVICE,NOT APPLICABLE,161.65,0.0
2026-08-12T18:10:00+08:00,COLLIE_ESR1,0.0,-1000.0,1,755cc649-afcd-456f-a7bb-a7f3bec173b3,IN-SERVICE,NON-LIQUID,-999.4,
2026-08-12T18:10:00+08:00,COLLIE_ESR1,-100.0,-42.46,2,755cc649-afcd-456f-a7bb-a7f3bec173b3,IN-SERVICE,NON-LIQUID,-42.43,
2026-08-12T18:10:00+08:00,COLLIE_ESR1,-100.0,-10.0,3,755cc649-afcd-456f-a7bb-a7f3bec173b3,IN-SERVICE,NON-LIQUID,-9.99,
2026-08-12T18:10:00+08:00,COLLIE_ESR1,0.0,34.02,4,755cc649-afcd-456f-a7bb-a7f3bec173b3,IN-SERVICE,NON-LIQUID,34.0,
2026-08-12T18:10:00+08:00,COLLIE_ESR1,0.0,60.0,5,755cc649-afcd-456f-a7bb-a7f3bec173b3,IN-SERVICE,NON-LIQUID,59.96,
2026-08-12T18:10:00+08:00,COLLIE_ESR1,100.0,141.38,6,755cc649-afcd-456f-a7bb-a7f3bec173b3,IN-SERVICE,NON-LIQUID,141.3,
2026-08-12T18:10:00+08:00,COLLIE_ESR1,100.0,149.51,7,755cc649-afcd-456f-a7bb-a7f3bec173b3,IN-SERVICE,NON-LIQUID,149.42,
2026-08-12T18:10:00+08:00,COLLIE_ESR1,0.0,628.32,8,755cc649-afcd-456f-a7bb-a7f3bec173b3,IN-SERVICE,NON-LIQUID,627.94,
2026-08-12T18:10:00+08:00,COLLIE_ESR1,0.0,1191.21,9,755cc649-afcd-456f-a7bb-a7f3bec173b3,IN-SERVICE,NON-LIQUID,1190.5,
2026-08-12T18:10:00+08:00,COLLIE_ESR1,0.0,1200.0,10,755cc649-afcd-456f-a7bb-a7f3bec173b3,IN-SERVICE,NON-LIQUID,1199.28,
2026-08-12T18:10:00+08:00,KWINANA_ESR2,-225.0,122.54,1,ed293c61-9c60-4c1a-a568-0a1c18d5c215,IN-SERVICE,NOT APPLICABLE,122.42,0.0
2026-08-12T18:10:00+08:00,KWINANA_ESR2,225.0,148.64,2,ed293c61-9c60-4c1a-a568-0a1c18d5c215,IN-SERVICE,NOT APPLICABLE,148.49,0.0
2026-08-12T18:10:00+08:00,COLLIE_BESS2,0.0,-990.1,1,f04d5b8a-fbd0-4c9a-a8d9-9919e4d4837d,IN-SERVICE,NON-LIQUID,-1000.0,
2026-08-12T18:10:00+08:00,COLLIE_BESS2,-150.0,-42.46,2,f04d5b8a-fbd0-4c9a-a8d9-9919e4d4837d,IN-SERVICE,NON-LIQUID,-42.88,
2026-08-12T18:10:00+08:00,COLLIE_BESS2,-150.0,-10.0,3,f04d5b8a-fbd0-4c9a-a8d9-9919e4d4837d,IN-SERVICE,NON-LIQUID,-10.1,
2026-08-12T18:10:00+08:00,COLLIE_BESS2,0.0,60.0,4,f04d5b8a-fbd0-4c9a-a8d9-9919e4d4837d,IN-SERVICE,NON-LIQUID,60.6,
2026-08-12T18:10:00+08:00,COLLIE_BESS2,113.0,141.38,5,f04d5b8a-fbd0-4c9a-a8d9-9919e4d4837d,IN-SERVICE,NON-LIQUID,142.79,
2026-08-12T18:10:00+08:00,COLLIE_BESS2,112.0,149.51,6,f04d5b8a-fbd0-4c9a-a8d9-9919e4d4837d,IN-SERVICE,NON-LIQUID,151.0,
2026-08-12T18:10:00+08:00,COLLIE_BESS2,18.0,250.0,7,f04d5b8a-fbd0-4c9a-a8d9-9919e4d4837d,IN-SERVICE,NON-LIQUID,252.5,
2026-08-12T18:10:00+08:00,COLLIE_BESS2,18.0,367.0,8,f04d5b8a-fbd0-4c9a-a8d9-9919e4d4837d,IN-SERVICE,NON-LIQUID,370.67,
2026-08-12T18:10:00+08:00,COLLIE_BESS2,39.0,622.0,9,f04d5b8a-fbd0-4c9a-a8d9-9919e4d4837d,IN-SERVICE,NON-LIQUID,628.22,
2026-08-12T18:10:00+08:00,COLLIE_BESS2,0.0,1188.12,10,f04d5b8a-fbd0-4c9a-a8d9-9919e4d4837d,IN-SERVICE,NON-LIQUID,1200.0,
2026-08-12T18:10:00+08:00,COLLIE_ESR4,-250.0,122.25,1,8bdefa91-cad4-4add-b1ab-a35f85dee921,IN-SERVICE,NOT APPLICABLE,122.18,0.0
2026-08-12T18:10:00+08:00,COLLIE_ESR4,250.0,148.83,2,8bdefa91-cad4-4add-b1ab-a35f85dee921,IN-SERVICE,NOT APPLICABLE,148.74,0.0
2026-08-12T18:10:00+08:00,COLLIE_ESR5,-250.0,133.45,1,4fc70bb1-66e3-4ae2-8da9-6531712c0d74,IN-SERVICE,NOT APPLICABLE,133.37,0.0
2026-08-12T18:10:00+08:00,COLLIE_ESR5,250.0,148.72,2,4fc70bb1-66e3-4ae2-8da9-6531712c0d74,IN-SERVICE,NOT APPLICABLE,148.63,0.0
2026-08-12T18:15:00+08:00,KWINANA_ESR1,-25.132,146.15,1,0f76490a-a822-4d90-999c-d986163c4a66,IN-SERVICE,NOT APPLICABLE,146.09,0.0
2026-08-12T18:15:00+08:00,KWINANA_ESR1,-74.868,146.97,2,0f76490a-a822-4d90-999c-d986163c4a66,IN-SERVICE,NOT APPLICABLE,146.91,0.0
2026-08-12T18:15:00+08:00,KWINANA_ESR1,100.0,158.06,3,0f76490a-a822-4d90-999c-d986163c4a66,IN-SERVICE,NOT APPLICABLE,158.0,0.0
2026-08-12T18:15:00+08:00,COLLIE_ESR1,0.0,-1000.0,1,f2c8e35d-70ed-4dce-aab0-51ac11e513bf,IN-SERVICE,NON-LIQUID,-999.4,
2026-08-12T18:15:00+08:00,COLLIE_ESR1,-100.0,-42.46,2,f2c8e35d-70ed-4dce-aab0-51ac11e513bf,IN-SERVICE,NON-LIQUID,-42.43,
2026-08-12T18:15:00+08:00,COLLIE_ESR1,-100.0,-10.0,3,f2c8e35d-70ed-4dce-aab0-51ac11e513bf,IN-SERVICE,NON-LIQUID,-9.99,
2026-08-12T18:15:00+08:00,COLLIE_ESR1,0.0,34.02,4,f2c8e35d-70ed-4dce-aab0-51ac11e513bf,IN-SERVICE,NON-LIQUID,34.0,
2026-08-12T18:15:00+08:00,COLLIE_ESR1,0.0,60.0,5,f2c8e35d-70ed-4dce-aab0-51ac11e513bf,IN-SERVICE,NON-LIQUID,59.96,
2026-08-12T18:15:00+08:00,COLLIE_ESR1,50.0,250.0,6,f2c8e35d-70ed-4dce-aab0-51ac11e513bf,IN-SERVICE,NON-LIQUID,249.85,
2026-08-12T18:15:00+08:00,COLLIE_ESR1,100.0,367.0,7,f2c8e35d-70ed-4dce-aab0-51ac11e513bf,IN-SERVICE,NON-LIQUID,366.78,
2026-08-12T18:15:00+08:00,COLLIE_ESR1,50.0,622.0,8,f2c8e35d-70ed-4dce-aab0-51ac11e513bf,IN-SERVICE,NON-LIQUID,621.63,
2026-08-12T18:15:00+08:00,COLLIE_ESR1,0.0,1191.21,9,f2c8e35d-70ed-4dce-aab0-51ac11e513bf,IN-SERVICE,NON-LIQUID,1190.5,
2026-08-12T18:15:00+08:00,COLLIE_ESR1,0.0,1200.0,10,f2c8e35d-70ed-4dce-aab0-51ac11e513bf,IN-SERVICE,NON-LIQUID,1199.28,
2026-08-12T18:15:00+08:00,KWINANA_ESR2,-225.0,122.54,1,ed293c61-9c60-4c1a-a568-0a1c18d5c215,IN-SERVICE,NOT APPLICABLE,122.42,0.0
2026-08-12T18:15:00+08:00,KWINANA_ESR2,225.0,148.64,2,ed293c61-9c60-4c1a-a568-0a1c18d5c215,IN-SERVICE,NOT APPLICABLE,148.49,0.0
2026-08-12T18:15:00+08:00,COLLIE_BESS2,0.0,-990.1,1,01fec87b-8a71-4a73-a47d-6b617ee4ea3d,IN-SERVICE,NON-LIQUID,-1000.0,
2026-08-12T18:15:00+08:00,COLLIE_BESS2,-150.0,-42.46,2,01fec87b-8a71-4a73-a47d-6b617ee4ea3d,IN-SERVICE,NON-LIQUID,-42.88,
2026-08-12T18:15:00+08:00,COLLIE_BESS2,-150.0,-10.0,3,01fec87b-8a71-4a73-a47d-6b617ee4ea3d,IN-SERVICE,NON-LIQUID,-10.1,
2026-08-12T18:15:00+08:00,COLLIE_BESS2,0.0,34.02,4,01fec87b-8a71-4a73-a47d-6b617ee4ea3d,IN-SERVICE,NON-LIQUID,34.36,
2026-08-12T18:15:00+08:00,COLLIE_BESS2,0.0,60.0,5,01fec87b-8a71-4a73-a47d-6b617ee4ea3d,IN-SERVICE,NON-LIQUID,60.6,
2026-08-12T18:15:00+08:00,COLLIE_BESS2,75.0,250.0,6,01fec87b-8a71-4a73-a47d-6b617ee4ea3d,IN-SERVICE,NON-LIQUID,252.5,
2026-08-12T18:15:00+08:00,COLLIE_BESS2,75.0,367.0,7,01fec87b-8a71-4a73-a47d-6b617ee4ea3d,IN-SERVICE,NON-LIQUID,370.67,
2026-08-12T18:15:00+08:00,COLLIE_BESS2,150.0,622.0,8,01fec87b-8a71-4a73-a47d-6b617ee4ea3d,IN-SERVICE,NON-LIQUID,628.22,
2026-08-12T18:15:00+08:00,COLLIE_BESS2,0.0,1188.12,9,01fec87b-8a71-4a73-a47d-6b617ee4ea3d,IN-SERVICE,NON-LIQUID,1200.0,
2026-08-12T18:15:00+08:00,COLLIE_BESS2,0.0,1188.12,10,01fec87b-8a71-4a73-a47d-6b617ee4ea3d,IN-SERVICE,NON-LIQUID,1200.0,
2026-08-12T18:15:00+08:00,COLLIE_ESR4,-250.0,122.25,1,8bdefa91-cad4-4add-b1ab-a35f85dee921,IN-SERVICE,NOT APPLICABLE,122.18,0.0
2026-08-12T18:15:00+08:00,COLLIE_ESR4,250.0,148.83,2,8bdefa91-cad4-4add-b1ab-a35f85dee921,IN-SERVICE,NOT APPLICABLE,148.74,0.0
2026-08-12T18:15:00+08:00,COLLIE_ESR5,-250.0,122.36,1,4fc70bb1-66e3-4ae2-8da9-6531712c0d74,IN-SERVICE,NOT APPLICABLE,122.29,0.0
2026-08-12T18:15:00+08:00,COLLIE_ESR5,250.0,148.72,2,4fc70bb1-66e3-4ae2-8da9-6531712c0d74,IN-SERVICE,NOT APPLICABLE,148.63,0.0
2026-08-12T18:20:00+08:00,KWINANA_ESR1,-100.0,134.7,1,e963011e-b8c8-4bcc-b683-145b134f43a5,IN-SERVICE,NOT APPLICABLE,134.65,0.0
2026-08-12T18:20:00+08:00,KWINANA_ESR1,100.0,149.44,2,e963011e-b8c8-4bcc-b683-145b134f43a5,IN-SERVICE,NOT APPLICABLE,149.38,0.0
2026-08-12T18:20:00+08:00,COLLIE_ESR1,0.0,-1000.0,1,2234180c-5e7b-4daa-a3de-1e3d9c0ea992,IN-SERVICE,NON-LIQUID,-999.4,
2026-08-12T18:20:00+08:00,COLLIE_ESR1,-100.0,-42.46,2,2234180c-5e7b-4daa-a3de-1e3d9c0ea992,IN-SERVICE,NON-LIQUID,-42.43,
2026-08-12T18:20:00+08:00,COLLIE_ESR1,-100.0,-10.0,3,2234180c-5e7b-4daa-a3de-1e3d9c0ea992,IN-SERVICE,NON-LIQUID,-9.99,
2026-08-12T18:20:00+08:00,COLLIE_ESR1,0.0,34.02,4,2234180c-5e7b-4daa-a3de-1e3d9c0ea992,IN-SERVICE,NON-LIQUID,34.0,
2026-08-12T18:20:00+08:00,COLLIE_ESR1,0.0,60.0,5,2234180c-5e7b-4daa-a3de-1e3d9c0ea992,IN-SERVICE,NON-LIQUID,59.96,
2026-08-12T18:20:00+08:00,COLLIE_ESR1,50.0,250.0,6,2234180c-5e7b-4daa-a3de-1e3d9c0ea992,IN-SERVICE,NON-LIQUID,249.85,
2026-08-12T18:20:00+08:00,COLLIE_ESR1,100.0,367.0,7,2234180c-5e7b-4daa-a3de-1e3d9c0ea992,IN-SERVICE,NON-LIQUID,366.78,
2026-08-12T18:20:00+08:00,COLLIE_ESR1,50.0,622.0,8,2234180c-5e7b-4daa-a3de-1e3d9c0ea992,IN-SERVICE,NON-LIQUID,621.63,
2026-08-12T18:20:00+08:00,COLLIE_ESR1,0.0,1191.21,9,2234180c-5e7b-4daa-a3de-1e3d9c0ea992,IN-SERVICE,NON-LIQUID,1190.5,
2026-08-12T18:20:00+08:00,COLLIE_ESR1,0.0,1200.0,10,2234180c-5e7b-4daa-a3de-1e3d9c0ea992,IN-SERVICE,NON-LIQUID,1199.28,
2026-08-12T18:20:00+08:00,KWINANA_ESR2,-225.0,130.29,1,9d4f0d00-2127-45b1-9af3-0a7c747fe9af,IN-SERVICE,NOT APPLICABLE,130.16,0.0
2026-08-12T18:20:00+08:00,KWINANA_ESR2,225.0,145.29,2,9d4f0d00-2127-45b1-9af3-0a7c747fe9af,IN-SERVICE,NOT APPLICABLE,145.14,0.0
2026-08-12T18:20:00+08:00,COLLIE_BESS2,0.0,-990.1,1,1a557562-ea42-40f0-95eb-02d5e7faa84f,IN-SERVICE,NON-LIQUID,-1000.0,
2026-08-12T18:20:00+08:00,COLLIE_BESS2,-150.0,-42.46,2,1a557562-ea42-40f0-95eb-02d5e7faa84f,IN-SERVICE,NON-LIQUID,-42.88,
2026-08-12T18:20:00+08:00,COLLIE_BESS2,-150.0,-10.0,3,1a557562-ea42-40f0-95eb-02d5e7faa84f,IN-SERVICE,NON-LIQUID,-10.1,
2026-08-12T18:20:00+08:00,COLLIE_BESS2,0.0,34.02,4,1a557562-ea42-40f0-95eb-02d5e7faa84f,IN-SERVICE,NON-LIQUID,34.36,
2026-08-12T18:20:00+08:00,COLLIE_BESS2,0.0,60.0,5,1a557562-ea42-40f0-95eb-02d5e7faa84f,IN-SERVICE,NON-LIQUID,60.6,
2026-08-12T18:20:00+08:00,COLLIE_BESS2,75.0,250.0,6,1a557562-ea42-40f0-95eb-02d5e7faa84f,IN-SERVICE,NON-LIQUID,252.5,
2026-08-12T18:20:00+08:00,COLLIE_BESS2,75.0,367.0,7,1a557562-ea42-40f0-95eb-02d5e7faa84f,IN-SERVICE,NON-LIQUID,370.67,
2026-08-12T18:20:00+08:00,COLLIE_BESS2,150.0,622.0,8,1a557562-ea42-40f0-95eb-02d5e7faa84f,IN-SERVICE,NON-LIQUID,628.22,
2026-08-12T18:20:00+08:00,COLLIE_BESS2,0.0,1188.12,9,1a557562-ea42-40f0-95eb-02d5e7faa84f,IN-SERVICE,NON-LIQUID,1200.0,
2026-08-12T18:20:00+08:00,COLLIE_BESS2,0.0,1188.12,10,1a557562-ea42-40f0-95eb-02d5e7faa84f,IN-SERVICE,NON-LIQUID,1200.0,
2026-08-12T18:20:00+08:00,COLLIE_ESR4,-250.0,122.25,1,90a973c8-0f22-4f98-98ab-689c1f3052b1,IN-SERVICE,NOT APPLICABLE,122.18,0.0
2026-08-12T18:20:00+08:00,COLLIE_ESR4,250.0,145.47,2,90a973c8-0f22-4f98-98ab-689c1f3052b1,IN-SERVICE,NOT APPLICABLE,145.38,0.0
2026-08-12T18:20:00+08:00,COLLIE_ESR5,-156.076,129.99,1,9f75c2fb-e3fc-4ea1-b98d-64a3bf944c1c,IN-SERVICE,NOT APPLICABLE,129.91,0.0
2026-08-12T18:20:00+08:00,COLLIE_ESR5,-93.924,130.1,2,9f75c2fb-e3fc-4ea1-b98d-64a3bf944c1c,IN-SERVICE,NOT APPLICABLE,130.02,0.0
2026-08-12T18:20:00+08:00,COLLIE_ESR5,250.0,145.36,3,9f75c2fb-e3fc-4ea1-b98d-64a3bf944c1c,IN-SERVICE,NOT APPLICABLE,145.27,0.0
2026-08-12T18:25:00+08:00,KWINANA_ESR1,-100.0,134.7,1,e963011e-b8c8-4bcc-b683-145b134f43a5,IN-SERVICE,NOT APPLICABLE,134.65,0.0
2026-08-12T18:25:00+08:00,KWINANA_ESR1,100.0,149.44,2,e963011e-b8c8-4bcc-b683-145b134f43a5,IN-SERVICE,NOT APPLICABLE,149.38,0.0
2026-08-12T18:25:00+08:00,COLLIE_ESR1,0.0,-1000.0,1,2234180c-5e7b-4daa-a3de-1e3d9c0ea992,IN-SERVICE,NON-LIQUID,-999.4,
2026-08-12T18:25:00+08:00,COLLIE_ESR1,-100.0,-42.46,2,2234180c-5e7b-4daa-a3de-1e3d9c0ea992,IN-SERVICE,NON-LIQUID,-42.43,
2026-08-12T18:25:00+08:00,COLLIE_ESR1,-100.0,-10.0,3,2234180c-5e7b-4daa-a3de-1e3d9c0ea992,IN-SERVICE,NON-LIQUID,-9.99,
2026-08-12T18:25:00+08:00,COLLIE_ESR1,0.0,34.02,4,2234180c-5e7b-4daa-a3de-1e3d9c0ea992,IN-SERVICE,NON-LIQUID,34.0,
2026-08-12T18:25:00+08:00,COLLIE_ESR1,0.0,60.0,5,2234180c-5e7b-4daa-a3de-1e3d9c0ea992,IN-SERVICE,NON-LIQUID,59.96,
2026-08-12T18:25:00+08:00,COLLIE_ESR1,100.0,141.02,6,2234180c-5e7b-4daa-a3de-1e3d9c0ea992,IN-SERVICE,NON-LIQUID,140.94,
2026-08-12T18:25:00+08:00,COLLIE_ESR1,100.0,149.67,7,2234180c-5e7b-4daa-a3de-1e3d9c0ea992,IN-SERVICE,NON-LIQUID,149.58,
2026-08-12T18:25:00+08:00,COLLIE_ESR1,0.0,628.32,8,2234180c-5e7b-4daa-a3de-1e3d9c0ea992,IN-SERVICE,NON-LIQUID,627.94,
2026-08-12T18:25:00+08:00,COLLIE_ESR1,0.0,1191.21,9,2234180c-5e7b-4daa-a3de-1e3d9c0ea992,IN-SERVICE,NON-LIQUID,1190.5,
2026-08-12T18:25:00+08:00,COLLIE_ESR1,0.0,1200.0,10,2234180c-5e7b-4daa-a3de-1e3d9c0ea992,IN-SERVICE,NON-LIQUID,1199.28,
2026-08-12T18:25:00+08:00,KWINANA_ESR2,-225.0,130.29,1,9d4f0d00-2127-45b1-9af3-0a7c747fe9af,IN-SERVICE,NOT APPLICABLE,130.16,0.0
2026-08-12T18:25:00+08:00,KWINANA_ESR2,225.0,145.29,2,9d4f0d00-2127-45b1-9af3-0a7c747fe9af,IN-SERVICE,NOT APPLICABLE,145.14,0.0
2026-08-12T18:25:00+08:00,COLLIE_BESS2,0.0,-990.1,1,1a557562-ea42-40f0-95eb-02d5e7faa84f,IN-SERVICE,NON-LIQUID,-1000.0,
2026-08-12T18:25:00+08:00,COLLIE_BESS2,-150.0,-42.46,2,1a557562-ea42-40f0-95eb-02d5e7faa84f,IN-SERVICE,NON-LIQUID,-42.88,
2026-08-12T18:25:00+08:00,COLLIE_BESS2,-150.0,-10.0,3,1a557562-ea42-40f0-95eb-02d5e7faa84f,IN-SERVICE,NON-LIQUID,-10.1,
2026-08-12T18:25:00+08:00,COLLIE_BESS2,0.0,60.0,4,1a557562-ea42-40f0-95eb-02d5e7faa84f,IN-SERVICE,NON-LIQUID,60.6,
2026-08-12T18:25:00+08:00,COLLIE_BESS2,125.0,131.46,5,1a557562-ea42-40f0-95eb-02d5e7faa84f,IN-SERVICE,NON-LIQUID,132.77,
2026-08-12T18:25:00+08:00,COLLIE_BESS2,125.0,141.02,6,1a557562-ea42-40f0-95eb-02d5e7faa84f,IN-SERVICE,NON-LIQUID,142.43,
2026-08-12T18:25:00+08:00,COLLIE_BESS2,12.0,250.0,7,1a557562-ea42-40f0-95eb-02d5e7faa84f,IN-SERVICE,NON-LIQUID,252.5,
2026-08-12T18:25:00+08:00,COLLIE_BESS2,12.0,367.0,8,1a557562-ea42-40f0-95eb-02d5e7faa84f,IN-SERVICE,NON-LIQUID,370.67,
2026-08-12T18:25:00+08:00,COLLIE_BESS2,26.0,622.0,9,1a557562-ea42-40f0-95eb-02d5e7faa84f,IN-SERVICE,NON-LIQUID,628.22,
2026-08-12T18:25:00+08:00,COLLIE_BESS2,0.0,1188.12,10,1a557562-ea42-40f0-95eb-02d5e7faa84f,IN-SERVICE,NON-LIQUID,1200.0,
2026-08-12T18:25:00+08:00,COLLIE_ESR4,-250.0,122.25,1,90a973c8-0f22-4f98-98ab-689c1f3052b1,IN-SERVICE,NOT APPLICABLE,122.18,0.0
2026-08-12T18:25:00+08:00,COLLIE_ESR4,250.0,145.47,2,90a973c8-0f22-4f98-98ab-689c1f3052b1,IN-SERVICE,NOT APPLICABLE,145.38,0.0
2026-08-12T18:25:00+08:00,COLLIE_ESR5,-164.572,129.99,1,9f75c2fb-e3fc-4ea1-b98d-64a3bf944c1c,IN-SERVICE,NOT APPLICABLE,129.91,0.0
2026-08-12T18:25:00+08:00,COLLIE_ESR5,-85.428,130.1,2,9f75c2fb-e3fc-4ea1-b98d-64a3bf944c1c,IN-SERVICE,NOT APPLICABLE,130.02,0.0
2026-08-12T18:25:00+08:00,COLLIE_ESR5,250.0,145.36,3,9f75c2fb-e3fc-4ea1-b98d-64a3bf944c1c,IN-SERVICE,NOT APPLICABLE,145.27,0.0
2026-08-12T18:30:00+08:00,KWINANA_ESR1,-100.0,134.7,1,e963011e-b8c8-4bcc-b683-145b134f43a5,IN-SERVICE,NOT APPLICABLE,134.65,0.0
2026-08-12T18:30:00+08:00,KWINANA_ESR1,100.0,149.44,2,e963011e-b8c8-4bcc-b683-145b134f43a5,IN-SERVICE,NOT APPLICABLE,149.38,0.0
2026-08-12T18:30:00+08:00,COLLIE_ESR1,0.0,-1000.0,1,65da58a2-2b55-4568-ac38-7d345a82e041,IN-SERVICE,NON-LIQUID,-999.4,
2026-08-12T18:30:00+08:00,COLLIE_ESR1,-100.0,-42.46,2,65da58a2-2b55-4568-ac38-7d345a82e041,IN-SERVICE,NON-LIQUID,-42.43,
2026-08-12T18:30:00+08:00,COLLIE_ESR1,-100.0,-10.0,3,65da58a2-2b55-4568-ac38-7d345a82e041,IN-SERVICE,NON-LIQUID,-9.99,
2026-08-12T18:30:00+08:00,COLLIE_ESR1,0.0,34.02,4,65da58a2-2b55-4568-ac38-7d345a82e041,IN-SERVICE,NON-LIQUID,34.0,
2026-08-12T18:30:00+08:00,COLLIE_ESR1,0.0,60.0,5,65da58a2-2b55-4568-ac38-7d345a82e041,IN-SERVICE,NON-LIQUID,59.96,
2026-08-12T18:30:00+08:00,COLLIE_ESR1,100.0,131.76,6,65da58a2-2b55-4568-ac38-7d345a82e041,IN-SERVICE,NON-LIQUID,131.68,
2026-08-12T18:30:00+08:00,COLLIE_ESR1,100.0,141.39,7,65da58a2-2b55-4568-ac38-7d345a82e041,IN-SERVICE,NON-LIQUID,141.31,
2026-08-12T18:30:00+08:00,COLLIE_ESR1,0.0,628.32,8,65da58a2-2b55-4568-ac38-7d345a82e041,IN-SERVICE,NON-LIQUID,627.94,
2026-08-12T18:30:00+08:00,COLLIE_ESR1,0.0,1191.21,9,65da58a2-2b55-4568-ac38-7d345a82e041,IN-SERVICE,NON-LIQUID,1190.5,
2026-08-12T18:30:00+08:00,COLLIE_ESR1,0.0,1200.0,10,65da58a2-2b55-4568-ac38-7d345a82e041,IN-SERVICE,NON-LIQUID,1199.28,
2026-08-12T18:30:00+08:00,KWINANA_ESR2,-225.0,130.29,1,9d4f0d00-2127-45b1-9af3-0a7c747fe9af,IN-SERVICE,NOT APPLICABLE,130.16,0.0
2026-08-12T18:30:00+08:00,KWINANA_ESR2,225.0,145.29,2,9d4f0d00-2127-45b1-9af3-0a7c747fe9af,IN-SERVICE,NOT APPLICABLE,145.14,0.0
2026-08-12T18:30:00+08:00,COLLIE_BESS2,0.0,-990.1,1,1a557562-ea42-40f0-95eb-02d5e7faa84f,IN-SERVICE,NON-LIQUID,-1000.0,
2026-08-12T18:30:00+08:00,COLLIE_BESS2,-150.0,-42.46,2,1a557562-ea42-40f0-95eb-02d5e7faa84f,IN-SERVICE,NON-LIQUID,-42.88,
2026-08-12T18:30:00+08:00,COLLIE_BESS2,-150.0,-10.0,3,1a557562-ea42-40f0-95eb-02d5e7faa84f,IN-SERVICE,NON-LIQUID,-10.1,
2026-08-12T18:30:00+08:00,COLLIE_BESS2,0.0,60.0,4,1a557562-ea42-40f0-95eb-02d5e7faa84f,IN-SERVICE,NON-LIQUID,60.6,
2026-08-12T18:30:00+08:00,COLLIE_BESS2,50.0,141.02,5,1a557562-ea42-40f0-95eb-02d5e7faa84f,IN-SERVICE,NON-LIQUID,142.43,
2026-08-12T18:30:00+08:00,COLLIE_BESS2,50.0,149.67,6,1a557562-ea42-40f0-95eb-02d5e7faa84f,IN-SERVICE,NON-LIQUID,151.17,
2026-08-12T18:30:00+08:00,COLLIE_BESS2,50.0,250.0,7,1a557562-ea42-40f0-95eb-02d5e7faa84f,IN-SERVICE,NON-LIQUID,252.5,
2026-08-12T18:30:00+08:00,COLLIE_BESS2,50.0,367.0,8,1a557562-ea42-40f0-95eb-02d5e7faa84f,IN-SERVICE,NON-LIQUID,370.67,
2026-08-12T18:30:00+08:00,COLLIE_BESS2,100.0,622.0,9,1a557562-ea42-40f0-95eb-02d5e7faa84f,IN-SERVICE,NON-LIQUID,628.22,
2026-08-12T18:30:00+08:00,COLLIE_BESS2,0.0,1188.12,10,1a557562-ea42-40f0-95eb-02d5e7faa84f,IN-SERVICE,NON-LIQUID,1200.0,
2026-08-12T18:30:00+08:00,COLLIE_ESR4,-250.0,122.25,1,90a973c8-0f22-4f98-98ab-689c1f3052b1,IN-SERVICE,NOT APPLICABLE,122.18,0.0
2026-08-12T18:30:00+08:00,COLLIE_ESR4,250.0,145.47,2,90a973c8-0f22-4f98-98ab-689c1f3052b1,IN-SERVICE,NOT APPLICABLE,145.38,0.0
2026-08-12T18:30:00+08:00,COLLIE_ESR5,-173.068,129.99,1,9f75c2fb-e3fc-4ea1-b98d-64a3bf944c1c,IN-SERVICE,NOT APPLICABLE,129.91,0.0
2026-08-12T18:30:00+08:00,COLLIE_ESR5,-76.932,130.1,2,9f75c2fb-e3fc-4ea1-b98d-64a3bf944c1c,IN-SERVICE,NOT APPLICABLE,130.02,0.0
2026-08-12T18:30:00+08:00,COLLIE_ESR5,250.0,145.36,3,9f75c2fb-e3fc-4ea1-b98d-64a3bf944c1c,IN-SERVICE,NOT APPLICABLE,145.27,0.0
2026-08-12T18:35:00+08:00,KWINANA_ESR1,-100.0,138.07,1,da1492fb-79d4-4815-ab4c-9918b13d70ee,IN-SERVICE,NOT APPLICABLE,138.01,0.0
2026-08-12T18:35:00+08:00,KWINANA_ESR1,100.0,152.81,2,da1492fb-79d4-4815-ab4c-9918b13d70ee,IN-SERVICE,NOT APPLICABLE,152.75,0.0
2026-08-12T18:35:00+08:00,COLLIE_ESR1,0.0,-1000.0,1,7a456e9c-5d25-4150-bfc0-fea4c9c8ed73,IN-SERVICE,NON-LIQUID,-999.4,
2026-08-12T18:35:00+08:00,COLLIE_ESR1,-100.0,-42.46,2,7a456e9c-5d25-4150-bfc0-fea4c9c8ed73,IN-SERVICE,NON-LIQUID,-42.43,
2026-08-12T18:35:00+08:00,COLLIE_ESR1,-100.0,-10.0,3,7a456e9c-5d25-4150-bfc0-fea4c9c8ed73,IN-SERVICE,NON-LIQUID,-9.99,
2026-08-12T18:35:00+08:00,COLLIE_ESR1,0.0,34.02,4,7a456e9c-5d25-4150-bfc0-fea4c9c8ed73,IN-SERVICE,NON-LIQUID,34.0,
2026-08-12T18:35:00+08:00,COLLIE_ESR1,0.0,60.0,5,7a456e9c-5d25-4150-bfc0-fea4c9c8ed73,IN-SERVICE,NON-LIQUID,59.96,
2026-08-12T18:35:00+08:00,COLLIE_ESR1,100.0,131.38,6,7a456e9c-5d25-4150-bfc0-fea4c9c8ed73,IN-SERVICE,NON-LIQUID,131.3,
2026-08-12T18:35:00+08:00,COLLIE_ESR1,100.0,143.7,7,7a456e9c-5d25-4150-bfc0-fea4c9c8ed73,IN-SERVICE,NON-LIQUID,143.61,
2026-08-12T18:35:00+08:00,COLLIE_ESR1,0.0,628.32,8,7a456e9c-5d25-4150-bfc0-fea4c9c8ed73,IN-SERVICE,NON-LIQUID,627.94,
2026-08-12T18:35:00+08:00,COLLIE_ESR1,0.0,1199.9,9,7a456e9c-5d25-4150-bfc0-fea4c9c8ed73,IN-SERVICE,NON-LIQUID,1199.18,
2026-08-12T18:35:00+08:00,COLLIE_ESR1,0.0,1200.0,10,7a456e9c-5d25-4150-bfc0-fea4c9c8ed73,IN-SERVICE,NON-LIQUID,1199.28,
2026-08-12T18:35:00+08:00,KWINANA_ESR2,-225.0,129.8,1,80dfb96c-fc34-4c23-9658-41c485aea4cf,IN-SERVICE,NOT APPLICABLE,129.67,0.0
2026-08-12T18:35:00+08:00,KWINANA_ESR2,225.0,142.39,2,80dfb96c-fc34-4c23-9658-41c485aea4cf,IN-SERVICE,NOT APPLICABLE,142.25,0.0
2026-08-12T18:35:00+08:00,COLLIE_BESS2,0.0,-990.1,1,276b5ed9-d2e6-492f-9dab-314662b7e660,IN-SERVICE,NON-LIQUID,-1000.0,
2026-08-12T18:35:00+08:00,COLLIE_BESS2,-150.0,-42.46,2,276b5ed9-d2e6-492f-9dab-314662b7e660,IN-SERVICE,NON-LIQUID,-42.88,
2026-08-12T18:35:00+08:00,COLLIE_BESS2,-150.0,-10.0,3,276b5ed9-d2e6-492f-9dab-314662b7e660,IN-SERVICE,NON-LIQUID,-10.1,
2026-08-12T18:35:00+08:00,COLLIE_BESS2,0.0,60.0,4,276b5ed9-d2e6-492f-9dab-314662b7e660,IN-SERVICE,NON-LIQUID,60.6,
2026-08-12T18:35:00+08:00,COLLIE_BESS2,113.0,131.38,5,276b5ed9-d2e6-492f-9dab-314662b7e660,IN-SERVICE,NON-LIQUID,132.69,
2026-08-12T18:35:00+08:00,COLLIE_BESS2,113.0,143.7,6,276b5ed9-d2e6-492f-9dab-314662b7e660,IN-SERVICE,NON-LIQUID,145.14,
2026-08-12T18:35:00+08:00,COLLIE_BESS2,18.0,250.0,7,276b5ed9-d2e6-492f-9dab-314662b7e660,IN-SERVICE,NON-LIQUID,252.5,
2026-08-12T18:35:00+08:00,COLLIE_BESS2,18.0,367.0,8,276b5ed9-d2e6-492f-9dab-314662b7e660,IN-SERVICE,NON-LIQUID,370.67,
2026-08-12T18:35:00+08:00,COLLIE_BESS2,38.0,622.0,9,276b5ed9-d2e6-492f-9dab-314662b7e660,IN-SERVICE,NON-LIQUID,628.22,
2026-08-12T18:35:00+08:00,COLLIE_BESS2,0.0,1188.12,10,276b5ed9-d2e6-492f-9dab-314662b7e660,IN-SERVICE,NON-LIQUID,1200.0,
2026-08-12T18:35:00+08:00,COLLIE_ESR4,-250.0,127.09,1,f62e96e1-85af-485c-8624-3e1f210b225f,IN-SERVICE,NOT APPLICABLE,127.01,0.0
2026-08-12T18:35:00+08:00,COLLIE_ESR4,250.0,144.98,2,f62e96e1-85af-485c-8624-3e1f210b225f,IN-SERVICE,NOT APPLICABLE,144.89,0.0
2026-08-12T18:35:00+08:00,COLLIE_ESR5,-250.0,127.2,1,33f74c4b-6d52-43eb-b442-7f01d9bbbd0b,IN-SERVICE,NOT APPLICABLE,127.12,0.0
2026-08-12T18:35:00+08:00,COLLIE_ESR5,250.0,142.46,2,33f74c4b-6d52-43eb-b442-7f01d9bbbd0b,IN-SERVICE,NOT APPLICABLE,142.37,0.0
2026-08-12T18:40:00+08:00,KWINANA_ESR1,-100.0,138.07,1,da1492fb-79d4-4815-ab4c-9918b13d70ee,IN-SERVICE,NOT APPLICABLE,138.01,0.0
2026-08-12T18:40:00+08:00,KWINANA_ESR1,100.0,152.81,2,da1492fb-79d4-4815-ab4c-9918b13d70ee,IN-SERVICE,NOT APPLICABLE,152.75,0.0
2026-08-12T18:40:00+08:00,COLLIE_ESR1,0.0,-1000.0,1,2062a13e-625a-4695-8638-5610934748fb,IN-SERVICE,NON-LIQUID,-999.4,
2026-08-12T18:40:00+08:00,COLLIE_ESR1,-100.0,-42.46,2,2062a13e-625a-4695-8638-5610934748fb,IN-SERVICE,NON-LIQUID,-42.43,
2026-08-12T18:40:00+08:00,COLLIE_ESR1,-100.0,-10.0,3,2062a13e-625a-4695-8638-5610934748fb,IN-SERVICE,NON-LIQUID,-9.99,
2026-08-12T18:40:00+08:00,COLLIE_ESR1,0.0,34.02,4,2062a13e-625a-4695-8638-5610934748fb,IN-SERVICE,NON-LIQUID,34.0,
2026-08-12T18:40:00+08:00,COLLIE_ESR1,0.0,60.0,5,2062a13e-625a-4695-8638-5610934748fb,IN-SERVICE,NON-LIQUID,59.96,
2026-08-12T18:40:00+08:00,COLLIE_ESR1,50.0,250.0,6,2062a13e-625a-4695-8638-5610934748fb,IN-SERVICE,NON-LIQUID,249.85,
2026-08-12T18:40:00+08:00,COLLIE_ESR1,100.0,367.0,7,2062a13e-625a-4695-8638-5610934748fb,IN-SERVICE,NON-LIQUID,366.78,
2026-08-12T18:40:00+08:00,COLLIE_ESR1,50.0,622.0,8,2062a13e-625a-4695-8638-5610934748fb,IN-SERVICE,NON-LIQUID,621.63,
2026-08-12T18:40:00+08:00,COLLIE_ESR1,0.0,1199.9,9,2062a13e-625a-4695-8638-5610934748fb,IN-SERVICE,NON-LIQUID,1199.18,
2026-08-12T18:40:00+08:00,COLLIE_ESR1,0.0,1200.0,10,2062a13e-625a-4695-8638-5610934748fb,IN-SERVICE,NON-LIQUID,1199.28,
2026-08-12T18:40:00+08:00,KWINANA_ESR2,-225.0,129.8,1,80dfb96c-fc34-4c23-9658-41c485aea4cf,IN-SERVICE,NOT APPLICABLE,129.67,0.0
2026-08-12T18:40:00+08:00,KWINANA_ESR2,225.0,142.39,2,80dfb96c-fc34-4c23-9658-41c485aea4cf,IN-SERVICE,NOT APPLICABLE,142.25,0.0
2026-08-12T18:40:00+08:00,COLLIE_BESS2,0.0,-990.1,1,eaa2c1b5-ea4a-4798-ba04-7dfae652a67b,IN-SERVICE,NON-LIQUID,-1000.0,
2026-08-12T18:40:00+08:00,COLLIE_BESS2,-150.0,-42.46,2,eaa2c1b5-ea4a-4798-ba04-7dfae652a67b,IN-SERVICE,NON-LIQUID,-42.88,
2026-08-12T18:40:00+08:00,COLLIE_BESS2,-150.0,-10.0,3,eaa2c1b5-ea4a-4798-ba04-7dfae652a67b,IN-SERVICE,NON-LIQUID,-10.1,
2026-08-12T18:40:00+08:00,COLLIE_BESS2,0.0,60.0,4,eaa2c1b5-ea4a-4798-ba04-7dfae652a67b,IN-SERVICE,NON-LIQUID,60.6,
2026-08-12T18:40:00+08:00,COLLIE_BESS2,100.0,130.71,5,eaa2c1b5-ea4a-4798-ba04-7dfae652a67b,IN-SERVICE,NON-LIQUID,132.02,
2026-08-12T18:40:00+08:00,COLLIE_BESS2,100.0,142.37,6,eaa2c1b5-ea4a-4798-ba04-7dfae652a67b,IN-SERVICE,NON-LIQUID,143.79,
2026-08-12T18:40:00+08:00,COLLIE_BESS2,25.0,250.0,7,eaa2c1b5-ea4a-4798-ba04-7dfae652a67b,IN-SERVICE,NON-LIQUID,252.5,
2026-08-12T18:40:00+08:00,COLLIE_BESS2,25.0,367.0,8,eaa2c1b5-ea4a-4798-ba04-7dfae652a67b,IN-SERVICE,NON-LIQUID,370.67,
2026-08-12T18:40:00+08:00,COLLIE_BESS2,50.0,622.0,9,eaa2c1b5-ea4a-4798-ba04-7dfae652a67b,IN-SERVICE,NON-LIQUID,628.22,
2026-08-12T18:40:00+08:00,COLLIE_BESS2,0.0,1188.12,10,eaa2c1b5-ea4a-4798-ba04-7dfae652a67b,IN-SERVICE,NON-LIQUID,1200.0,
2026-08-12T18:40:00+08:00,COLLIE_ESR4,-250.0,127.09,1,f62e96e1-85af-485c-8624-3e1f210b225f,IN-SERVICE,NOT APPLICABLE,127.01,0.0
2026-08-12T18:40:00+08:00,COLLIE_ESR4,250.0,142.57,2,f62e96e1-85af-485c-8624-3e1f210b225f,IN-SERVICE,NOT APPLICABLE,142.48,0.0
2026-08-12T18:40:00+08:00,COLLIE_ESR5,-250.0,127.2,1,33f74c4b-6d52-43eb-b442-7f01d9bbbd0b,IN-SERVICE,NOT APPLICABLE,127.12,0.0
2026-08-12T18:40:00+08:00,COLLIE_ESR5,250.0,142.46,2,33f74c4b-6d52-43eb-b442-7f01d9bbbd0b,IN-SERVICE,NOT APPLICABLE,142.37,0.0
2026-08-12T18:45:00+08:00,KWINANA_ESR1,-29.932,137.21,1,da1492fb-79d4-4815-ab4c-9918b13d70ee,IN-SERVICE,NOT APPLICABLE,137.16,0.0
2026-08-12T18:45:00+08:00,KWINANA_ESR1,-70.068,138.07,2,da1492fb-79d4-4815-ab4c-9918b13d70ee,IN-SERVICE,NOT APPLICABLE,138.01,0.0
2026-08-12T18:45:00+08:00,KWINANA_ESR1,100.0,152.57,3,da1492fb-79d4-4815-ab4c-9918b13d70ee,IN-SERVICE,NOT APPLICABLE,152.51,0.0
2026-08-12T18:45:00+08:00,COLLIE_ESR1,0.0,-1000.0,1,24c618ff-159b-4300-b989-3bfabf665fbe,IN-SERVICE,NON-LIQUID,-999.4,
2026-08-12T18:45:00+08:00,COLLIE_ESR1,-100.0,-42.46,2,24c618ff-159b-4300-b989-3bfabf665fbe,IN-SERVICE,NON-LIQUID,-42.43,
2026-08-12T18:45:00+08:00,COLLIE_ESR1,-100.0,-10.0,3,24c618ff-159b-4300-b989-3bfabf665fbe,IN-SERVICE,NON-LIQUID,-9.99,
2026-08-12T18:45:00+08:00,COLLIE_ESR1,0.0,34.02,4,24c618ff-159b-4300-b989-3bfabf665fbe,IN-SERVICE,NON-LIQUID,34.0,
2026-08-12T18:45:00+08:00,COLLIE_ESR1,0.0,60.0,5,24c618ff-159b-4300-b989-3bfabf665fbe,IN-SERVICE,NON-LIQUID,59.96,
2026-08-12T18:45:00+08:00,COLLIE_ESR1,50.0,250.0,6,24c618ff-159b-4300-b989-3bfabf665fbe,IN-SERVICE,NON-LIQUID,249.85,
2026-08-12T18:45:00+08:00,COLLIE_ESR1,100.0,367.0,7,24c618ff-159b-4300-b989-3bfabf665fbe,IN-SERVICE,NON-LIQUID,366.78,
2026-08-12T18:45:00+08:00,COLLIE_ESR1,50.0,622.0,8,24c618ff-159b-4300-b989-3bfabf665fbe,IN-SERVICE,NON-LIQUID,621.63,
2026-08-12T18:45:00+08:00,COLLIE_ESR1,0.0,1199.9,9,24c618ff-159b-4300-b989-3bfabf665fbe,IN-SERVICE,NON-LIQUID,1199.18,
2026-08-12T18:45:00+08:00,COLLIE_ESR1,0.0,1200.0,10,24c618ff-159b-4300-b989-3bfabf665fbe,IN-SERVICE,NON-LIQUID,1199.28,
2026-08-12T18:45:00+08:00,KWINANA_ESR2,-225.0,129.8,1,80dfb96c-fc34-4c23-9658-41c485aea4cf,IN-SERVICE,NOT APPLICABLE,129.67,0.0
2026-08-12T18:45:00+08:00,KWINANA_ESR2,225.0,142.39,2,80dfb96c-fc34-4c23-9658-41c485aea4cf,IN-SERVICE,NOT APPLICABLE,142.25,0.0
2026-08-12T18:45:00+08:00,COLLIE_BESS2,0.0,-990.1,1,0a06230f-01c4-4ea6-a484-6bf9f05be0de,IN-SERVICE,NON-LIQUID,-1000.0,
2026-08-12T18:45:00+08:00,COLLIE_BESS2,-150.0,-42.46,2,0a06230f-01c4-4ea6-a484-6bf9f05be0de,IN-SERVICE,NON-LIQUID,-42.88,
2026-08-12T18:45:00+08:00,COLLIE_BESS2,-150.0,-10.0,3,0a06230f-01c4-4ea6-a484-6bf9f05be0de,IN-SERVICE,NON-LIQUID,-10.1,
2026-08-12T18:45:00+08:00,COLLIE_BESS2,0.0,34.02,4,0a06230f-01c4-4ea6-a484-6bf9f05be0de,IN-SERVICE,NON-LIQUID,34.36,
2026-08-12T18:45:00+08:00,COLLIE_BESS2,0.0,60.0,5,0a06230f-01c4-4ea6-a484-6bf9f05be0de,IN-SERVICE,NON-LIQUID,60.6,
2026-08-12T18:45:00+08:00,COLLIE_BESS2,75.0,250.0,6,0a06230f-01c4-4ea6-a484-6bf9f05be0de,IN-SERVICE,NON-LIQUID,252.5,
2026-08-12T18:45:00+08:00,COLLIE_BESS2,75.0,367.0,7,0a06230f-01c4-4ea6-a484-6bf9f05be0de,IN-SERVICE,NON-LIQUID,370.67,
2026-08-12T18:45:00+08:00,COLLIE_BESS2,150.0,622.0,8,0a06230f-01c4-4ea6-a484-6bf9f05be0de,IN-SERVICE,NON-LIQUID,628.22,
2026-08-12T18:45:00+08:00,COLLIE_BESS2,0.0,1188.12,9,0a06230f-01c4-4ea6-a484-6bf9f05be0de,IN-SERVICE,NON-LIQUID,1200.0,
2026-08-12T18:45:00+08:00,COLLIE_BESS2,0.0,1188.12,10,0a06230f-01c4-4ea6-a484-6bf9f05be0de,IN-SERVICE,NON-LIQUID,1200.0,
2026-08-12T18:45:00+08:00,COLLIE_ESR4,-250.0,127.09,1,f62e96e1-85af-485c-8624-3e1f210b225f,IN-SERVICE,NOT APPLICABLE,127.01,0.0
2026-08-12T18:45:00+08:00,COLLIE_ESR4,250.0,142.57,2,f62e96e1-85af-485c-8624-3e1f210b225f,IN-SERVICE,NOT APPLICABLE,142.48,0.0
2026-08-12T18:45:00+08:00,COLLIE_ESR5,-250.0,127.2,1,33f74c4b-6d52-43eb-b442-7f01d9bbbd0b,IN-SERVICE,NOT APPLICABLE,127.12,0.0
2026-08-12T18:45:00+08:00,COLLIE_ESR5,250.0,142.46,2,33f74c4b-6d52-43eb-b442-7f01d9bbbd0b,IN-SERVICE,NOT APPLICABLE,142.37,0.0
2026-08-12T18:50:00+08:00,KWINANA_ESR1,-100.0,135.06,1,ee050611-3b19-45af-9e65-385e82357bc1,IN-SERVICE,NOT APPLICABLE,135.01,0.0
2026-08-12T18:50:00+08:00,KWINANA_ESR1,100.0,149.71,2,ee050611-3b19-45af-9e65-385e82357bc1,IN-SERVICE,NOT APPLICABLE,149.65,0.0
2026-08-12T18:50:00+08:00,COLLIE_ESR1,0.0,-1000.0,1,d5fd5f81-df3e-4b34-8035-fc58de118a13,IN-SERVICE,NON-LIQUID,-999.4,
2026-08-12T18:50:00+08:00,COLLIE_ESR1,-100.0,-42.46,2,d5fd5f81-df3e-4b34-8035-fc58de118a13,IN-SERVICE,NON-LIQUID,-42.43,
2026-08-12T18:50:00+08:00,COLLIE_ESR1,-100.0,-10.0,3,d5fd5f81-df3e-4b34-8035-fc58de118a13,IN-SERVICE,NON-LIQUID,-9.99,
2026-08-12T18:50:00+08:00,COLLIE_ESR1,0.0,34.02,4,d5fd5f81-df3e-4b34-8035-fc58de118a13,IN-SERVICE,NON-LIQUID,34.0,
2026-08-12T18:50:00+08:00,COLLIE_ESR1,0.0,60.0,5,d5fd5f81-df3e-4b34-8035-fc58de118a13,IN-SERVICE,NON-LIQUID,59.96,
2026-08-12T18:50:00+08:00,COLLIE_ESR1,50.0,250.0,6,d5fd5f81-df3e-4b34-8035-fc58de118a13,IN-SERVICE,NON-LIQUID,249.85,
2026-08-12T18:50:00+08:00,COLLIE_ESR1,100.0,367.0,7,d5fd5f81-df3e-4b34-8035-fc58de118a13,IN-SERVICE,NON-LIQUID,366.78,
2026-08-12T18:50:00+08:00,COLLIE_ESR1,50.0,622.0,8,d5fd5f81-df3e-4b34-8035-fc58de118a13,IN-SERVICE,NON-LIQUID,621.63,
2026-08-12T18:50:00+08:00,COLLIE_ESR1,0.0,1199.9,9,d5fd5f81-df3e-4b34-8035-fc58de118a13,IN-SERVICE,NON-LIQUID,1199.18,
2026-08-12T18:50:00+08:00,COLLIE_ESR1,0.0,1200.0,10,d5fd5f81-df3e-4b34-8035-fc58de118a13,IN-SERVICE,NON-LIQUID,1199.28,
2026-08-12T18:50:00+08:00,KWINANA_ESR2,-225.0,129.8,1,5bdd8f4c-0c00-4c41-affc-9830cd8cfad4,IN-SERVICE,NOT APPLICABLE,129.67,0.0
2026-08-12T18:50:00+08:00,KWINANA_ESR2,225.0,142.39,2,5bdd8f4c-0c00-4c41-affc-9830cd8cfad4,IN-SERVICE,NOT APPLICABLE,142.25,0.0
2026-08-12T18:50:00+08:00,COLLIE_BESS2,0.0,-990.1,1,d045ffee-2a6e-4dd8-955e-57ce699e08ad,IN-SERVICE,NON-LIQUID,-1000.0,
2026-08-12T18:50:00+08:00,COLLIE_BESS2,-150.0,-42.46,2,d045ffee-2a6e-4dd8-955e-57ce699e08ad,IN-SERVICE,NON-LIQUID,-42.88,
2026-08-12T18:50:00+08:00,COLLIE_BESS2,-150.0,-10.0,3,d045ffee-2a6e-4dd8-955e-57ce699e08ad,IN-SERVICE,NON-LIQUID,-10.1,
2026-08-12T18:50:00+08:00,COLLIE_BESS2,0.0,34.02,4,d045ffee-2a6e-4dd8-955e-57ce699e08ad,IN-SERVICE,NON-LIQUID,34.36,
2026-08-12T18:50:00+08:00,COLLIE_BESS2,0.0,60.0,5,d045ffee-2a6e-4dd8-955e-57ce699e08ad,IN-SERVICE,NON-LIQUID,60.6,
2026-08-12T18:50:00+08:00,COLLIE_BESS2,75.0,250.0,6,d045ffee-2a6e-4dd8-955e-57ce699e08ad,IN-SERVICE,NON-LIQUID,252.5,
2026-08-12T18:50:00+08:00,COLLIE_BESS2,75.0,367.0,7,d045ffee-2a6e-4dd8-955e-57ce699e08ad,IN-SERVICE,NON-LIQUID,370.67,
2026-08-12T18:50:00+08:00,COLLIE_BESS2,150.0,622.0,8,d045ffee-2a6e-4dd8-955e-57ce699e08ad,IN-SERVICE,NON-LIQUID,628.22,
2026-08-12T18:50:00+08:00,COLLIE_BESS2,0.0,1188.12,9,d045ffee-2a6e-4dd8-955e-57ce699e08ad,IN-SERVICE,NON-LIQUID,1200.0,
2026-08-12T18:50:00+08:00,COLLIE_BESS2,0.0,1188.12,10,d045ffee-2a6e-4dd8-955e-57ce699e08ad,IN-SERVICE,NON-LIQUID,1200.0,
2026-08-12T18:50:00+08:00,COLLIE_ESR4,-250.0,127.09,1,72550584-86d7-4d0e-a410-b6c59528dcd0,IN-SERVICE,NOT APPLICABLE,127.01,0.0
2026-08-12T18:50:00+08:00,COLLIE_ESR4,250.0,142.57,2,72550584-86d7-4d0e-a410-b6c59528dcd0,IN-SERVICE,NOT APPLICABLE,142.48,0.0
2026-08-12T18:50:00+08:00,COLLIE_ESR5,-250.0,127.2,1,c450fb6a-ef7e-4089-9e1a-eaf2063f2b8f,IN-SERVICE,NOT APPLICABLE,127.12,0.0
2026-08-12T18:50:00+08:00,COLLIE_ESR5,250.0,144.87,2,c450fb6a-ef7e-4089-9e1a-eaf2063f2b8f,IN-SERVICE,NOT APPLICABLE,144.78,0.0
2026-08-12T18:55:00+08:00,KWINANA_ESR1,-100.0,134.97,1,ee050611-3b19-45af-9e65-385e82357bc1,IN-SERVICE,NOT APPLICABLE,134.92,0.0
2026-08-12T18:55:00+08:00,KWINANA_ESR1,100.0,149.71,2,ee050611-3b19-45af-9e65-385e82357bc1,IN-SERVICE,NOT APPLICABLE,149.65,0.0
2026-08-12T18:55:00+08:00,COLLIE_ESR1,0.0,-1000.0,1,8f2dcfe3-0eb5-4b4c-9383-79b602077bc7,IN-SERVICE,NON-LIQUID,-999.4,
2026-08-12T18:55:00+08:00,COLLIE_ESR1,-100.0,-42.46,2,8f2dcfe3-0eb5-4b4c-9383-79b602077bc7,IN-SERVICE,NON-LIQUID,-42.43,
2026-08-12T18:55:00+08:00,COLLIE_ESR1,-100.0,-10.0,3,8f2dcfe3-0eb5-4b4c-9383-79b602077bc7,IN-SERVICE,NON-LIQUID,-9.99,
2026-08-12T18:55:00+08:00,COLLIE_ESR1,0.0,34.02,4,8f2dcfe3-0eb5-4b4c-9383-79b602077bc7,IN-SERVICE,NON-LIQUID,34.0,
2026-08-12T18:55:00+08:00,COLLIE_ESR1,0.0,60.0,5,8f2dcfe3-0eb5-4b4c-9383-79b602077bc7,IN-SERVICE,NON-LIQUID,59.96,
2026-08-12T18:55:00+08:00,COLLIE_ESR1,50.0,250.0,6,8f2dcfe3-0eb5-4b4c-9383-79b602077bc7,IN-SERVICE,NON-LIQUID,249.85,
2026-08-12T18:55:00+08:00,COLLIE_ESR1,100.0,367.0,7,8f2dcfe3-0eb5-4b4c-9383-79b602077bc7,IN-SERVICE,NON-LIQUID,366.78,
2026-08-12T18:55:00+08:00,COLLIE_ESR1,50.0,622.0,8,8f2dcfe3-0eb5-4b4c-9383-79b602077bc7,IN-SERVICE,NON-LIQUID,621.63,
2026-08-12T18:55:00+08:00,COLLIE_ESR1,0.0,1199.9,9,8f2dcfe3-0eb5-4b4c-9383-79b602077bc7,IN-SERVICE,NON-LIQUID,1199.18,
2026-08-12T18:55:00+08:00,COLLIE_ESR1,0.0,1200.0,10,8f2dcfe3-0eb5-4b4c-9383-79b602077bc7,IN-SERVICE,NON-LIQUID,1199.28,
2026-08-12T18:55:00+08:00,KWINANA_ESR2,-225.0,129.8,1,5bdd8f4c-0c00-4c41-affc-9830cd8cfad4,IN-SERVICE,NOT APPLICABLE,129.67,0.0
2026-08-12T18:55:00+08:00,KWINANA_ESR2,225.0,142.39,2,5bdd8f4c-0c00-4c41-affc-9830cd8cfad4,IN-SERVICE,NOT APPLICABLE,142.25,0.0
2026-08-12T18:55:00+08:00,COLLIE_BESS2,0.0,-990.1,1,b5ce8145-f326-499e-bba3-2e549e461ae1,IN-SERVICE,NON-LIQUID,-1000.0,
2026-08-12T18:55:00+08:00,COLLIE_BESS2,-150.0,-42.46,2,b5ce8145-f326-499e-bba3-2e549e461ae1,IN-SERVICE,NON-LIQUID,-42.88,
2026-08-12T18:55:00+08:00,COLLIE_BESS2,-150.0,-10.0,3,b5ce8145-f326-499e-bba3-2e549e461ae1,IN-SERVICE,NON-LIQUID,-10.1,
2026-08-12T18:55:00+08:00,COLLIE_BESS2,0.0,60.0,4,b5ce8145-f326-499e-bba3-2e549e461ae1,IN-SERVICE,NON-LIQUID,60.6,
2026-08-12T18:55:00+08:00,COLLIE_BESS2,50.0,120.54,5,b5ce8145-f326-499e-bba3-2e549e461ae1,IN-SERVICE,NON-LIQUID,121.75,
2026-08-12T18:55:00+08:00,COLLIE_BESS2,50.0,133.04,6,b5ce8145-f326-499e-bba3-2e549e461ae1,IN-SERVICE,NON-LIQUID,134.37,
2026-08-12T18:55:00+08:00,COLLIE_BESS2,50.0,250.0,7,b5ce8145-f326-499e-bba3-2e549e461ae1,IN-SERVICE,NON-LIQUID,252.5,
2026-08-12T18:55:00+08:00,COLLIE_BESS2,50.0,367.0,8,b5ce8145-f326-499e-bba3-2e549e461ae1,IN-SERVICE,NON-LIQUID,370.67,
2026-08-12T18:55:00+08:00,COLLIE_BESS2,100.0,622.0,9,b5ce8145-f326-499e-bba3-2e549e461ae1,IN-SERVICE,NON-LIQUID,628.22,
2026-08-12T18:55:00+08:00,COLLIE_BESS2,0.0,1188.12,10,b5ce8145-f326-499e-bba3-2e549e461ae1,IN-SERVICE,NON-LIQUID,1200.0,
2026-08-12T18:55:00+08:00,COLLIE_ESR4,-250.0,127.09,1,72550584-86d7-4d0e-a410-b6c59528dcd0,IN-SERVICE,NOT APPLICABLE,127.01,0.0
2026-08-12T18:55:00+08:00,COLLIE_ESR4,250.0,142.57,2,72550584-86d7-4d0e-a410-b6c59528dcd0,IN-SERVICE,NOT APPLICABLE,142.48,0.0
2026-08-12T18:55:00+08:00,COLLIE_ESR5,-250.0,127.2,1,c450fb6a-ef7e-4089-9e1a-eaf2063f2b8f,IN-SERVICE,NOT APPLICABLE,127.12,0.0
2026-08-12T18:55:00+08:00,COLLIE_ESR5,250.0,144.87,2,c450fb6a-ef7e-4089-9e1a-eaf2063f2b8f,IN-SERVICE,NOT APPLICABLE,144.78,0.0
2026-08-12T19:00:00+08:00,KWINANA_ESR1,-100.0,134.97,1,ee050611-3b19-45af-9e65-385e82357bc1,IN-SERVICE,NOT APPLICABLE,134.92,0.0
2026-08-12T19:00:00+08:00,KWINANA_ESR1,100.0,149.71,2,ee050611-3b19-45af-9e65-385e82357bc1,IN-SERVICE,NOT APPLICABLE,149.65,0.0
2026-08-12T19:00:00+08:00,COLLIE_ESR1,0.0,-1000.0,1,8c752430-a639-4f00-bb3c-d030541ce584,IN-SERVICE,NON-LIQUID,-999.4,
2026-08-12T19:00:00+08:00,COLLIE_ESR1,-100.0,-42.46,2,8c752430-a639-4f00-bb3c-d030541ce584,IN-SERVICE,NON-LIQUID,-42.43,
2026-08-12T19:00:00+08:00,COLLIE_ESR1,-100.0,-10.0,3,8c752430-a639-4f00-bb3c-d030541ce584,IN-SERVICE,NON-LIQUID,-9.99,
2026-08-12T19:00:00+08:00,COLLIE_ESR1,0.0,60.0,4,8c752430-a639-4f00-bb3c-d030541ce584,IN-SERVICE,NON-LIQUID,59.96,
2026-08-12T19:00:00+08:00,COLLIE_ESR1,50.0,140.25,5,8c752430-a639-4f00-bb3c-d030541ce584,IN-SERVICE,NON-LIQUID,140.17,
2026-08-12T19:00:00+08:00,COLLIE_ESR1,50.0,148.33,6,8c752430-a639-4f00-bb3c-d030541ce584,IN-SERVICE,NON-LIQUID,148.24,
2026-08-12T19:00:00+08:00,COLLIE_ESR1,25.0,250.0,7,8c752430-a639-4f00-bb3c-d030541ce584,IN-SERVICE,NON-LIQUID,249.85,
2026-08-12T19:00:00+08:00,COLLIE_ESR1,50.0,367.0,8,8c752430-a639-4f00-bb3c-d030541ce584,IN-SERVICE,NON-LIQUID,366.78,
2026-08-12T19:00:00+08:00,COLLIE_ESR1,25.0,622.0,9,8c752430-a639-4f00-bb3c-d030541ce584,IN-SERVICE,NON-LIQUID,621.63,
2026-08-12T19:00:00+08:00,COLLIE_ESR1,0.0,1200.0,10,8c752430-a639-4f00-bb3c-d030541ce584,IN-SERVICE,NON-LIQUID,1199.28,
2026-08-12T19:00:00+08:00,KWINANA_ESR2,-225.0,129.8,1,5bdd8f4c-0c00-4c41-affc-9830cd8cfad4,IN-SERVICE,NOT APPLICABLE,129.67,0.0
2026-08-12T19:00:00+08:00,KWINANA_ESR2,225.0,142.39,2,5bdd8f4c-0c00-4c41-affc-9830cd8cfad4,IN-SERVICE,NOT APPLICABLE,142.25,0.0
2026-08-12T19:00:00+08:00,COLLIE_BESS2,0.0,-990.1,1,33f3c52c-baec-4d06-9d60-f172e6eb1047,IN-SERVICE,NON-LIQUID,-1000.0,
2026-08-12T19:00:00+08:00,COLLIE_BESS2,-150.0,-42.46,2,33f3c52c-baec-4d06-9d60-f172e6eb1047,IN-SERVICE,NON-LIQUID,-42.88,
2026-08-12T19:00:00+08:00,COLLIE_BESS2,-150.0,-10.0,3,33f3c52c-baec-4d06-9d60-f172e6eb1047,IN-SERVICE,NON-LIQUID,-10.1,
2026-08-12T19:00:00+08:00,COLLIE_BESS2,0.0,60.0,4,33f3c52c-baec-4d06-9d60-f172e6eb1047,IN-SERVICE,NON-LIQUID,60.6,
2026-08-12T19:00:00+08:00,COLLIE_BESS2,100.0,140.25,5,33f3c52c-baec-4d06-9d60-f172e6eb1047,IN-SERVICE,NON-LIQUID,141.65,
2026-08-12T19:00:00+08:00,COLLIE_BESS2,100.0,148.33,6,33f3c52c-baec-4d06-9d60-f172e6eb1047,IN-SERVICE,NON-LIQUID,149.81,
2026-08-12T19:00:00+08:00,COLLIE_BESS2,25.0,250.0,7,33f3c52c-baec-4d06-9d60-f172e6eb1047,IN-SERVICE,NON-LIQUID,252.5,
2026-08-12T19:00:00+08:00,COLLIE_BESS2,25.0,367.0,8,33f3c52c-baec-4d06-9d60-f172e6eb1047,IN-SERVICE,NON-LIQUID,370.67,
2026-08-12T19:00:00+08:00,COLLIE_BESS2,50.0,622.0,9,33f3c52c-baec-4d06-9d60-f172e6eb1047,IN-SERVICE,NON-LIQUID,628.22,
2026-08-12T19:00:00+08:00,COLLIE_BESS2,0.0,1188.12,10,33f3c52c-baec-4d06-9d60-f172e6eb1047,IN-SERVICE,NON-LIQUID,1200.0,
2026-08-12T19:00:00+08:00,COLLIE_ESR4,-250.0,111.58,1,72550584-86d7-4d0e-a410-b6c59528dcd0,IN-SERVICE,NOT APPLICABLE,111.51,0.0
2026-08-12T19:00:00+08:00,COLLIE_ESR4,250.0,142.57,2,72550584-86d7-4d0e-a410-b6c59528dcd0,IN-SERVICE,NOT APPLICABLE,142.48,0.0
2026-08-12T19:00:00+08:00,COLLIE_ESR5,-250.0,127.2,1,c450fb6a-ef7e-4089-9e1a-eaf2063f2b8f,IN-SERVICE,NOT APPLICABLE,127.12,0.0
2026-08-12T19:00:00+08:00,COLLIE_ESR5,250.0,144.87,2,c450fb6a-ef7e-4089-9e1a-eaf2063f2b8f,IN-SERVICE,NOT APPLICABLE,144.78,0.0
2026-08-12T19:05:00+08:00,KWINANA_ESR1,-68.164,134.42,1,8694558b-20cd-4ad9-a775-252e9cdd31df,IN-SERVICE,NOT APPLICABLE,134.37,0.0
2026-08-12T19:05:00+08:00,KWINANA_ESR1,-31.836,134.8,2,8694558b-20cd-4ad9-a775-252e9cdd31df,IN-SERVICE,NOT APPLICABLE,134.75,0.0
2026-08-12T19:05:00+08:00,KWINANA_ESR1,100.0,149.54,3,8694558b-20cd-4ad9-a775-252e9cdd31df,IN-SERVICE,NOT APPLICABLE,149.48,0.0
2026-08-12T19:05:00+08:00,COLLIE_ESR1,0.0,-1000.0,1,7ca902e2-86fa-438a-985f-16a082dd2a04,IN-SERVICE,NON-LIQUID,-999.4,
2026-08-12T19:05:00+08:00,COLLIE_ESR1,-100.0,-42.46,2,7ca902e2-86fa-438a-985f-16a082dd2a04,IN-SERVICE,NON-LIQUID,-42.43,
2026-08-12T19:05:00+08:00,COLLIE_ESR1,-100.0,-10.0,3,7ca902e2-86fa-438a-985f-16a082dd2a04,IN-SERVICE,NON-LIQUID,-9.99,
2026-08-12T19:05:00+08:00,COLLIE_ESR1,0.0,34.02,4,7ca902e2-86fa-438a-985f-16a082dd2a04,IN-SERVICE,NON-LIQUID,34.0,
2026-08-12T19:05:00+08:00,COLLIE_ESR1,0.0,60.0,5,7ca902e2-86fa-438a-985f-16a082dd2a04,IN-SERVICE,NON-LIQUID,59.96,
2026-08-12T19:05:00+08:00,COLLIE_ESR1,50.0,250.0,6,7ca902e2-86fa-438a-985f-16a082dd2a04,IN-SERVICE,NON-LIQUID,249.85,
2026-08-12T19:05:00+08:00,COLLIE_ESR1,100.0,367.0,7,7ca902e2-86fa-438a-985f-16a082dd2a04,IN-SERVICE,NON-LIQUID,366.78,
2026-08-12T19:05:00+08:00,COLLIE_ESR1,50.0,622.0,8,7ca902e2-86fa-438a-985f-16a082dd2a04,IN-SERVICE,NON-LIQUID,621.63,
2026-08-12T19:05:00+08:00,COLLIE_ESR1,0.0,1199.9,9,7ca902e2-86fa-438a-985f-16a082dd2a04,IN-SERVICE,NON-LIQUID,1199.18,
2026-08-12T19:05:00+08:00,COLLIE_ESR1,0.0,1200.0,10,7ca902e2-86fa-438a-985f-16a082dd2a04,IN-SERVICE,NON-LIQUID,1199.28,
2026-08-12T19:05:00+08:00,KWINANA_ESR2,-225.0,119.37,1,2cb14f5a-f598-421c-a621-ad0877113112,IN-SERVICE,NOT APPLICABLE,119.25,0.0
2026-08-12T19:05:00+08:00,KWINANA_ESR2,225.0,134.88,2,2cb14f5a-f598-421c-a621-ad0877113112,IN-SERVICE,NOT APPLICABLE,134.75,0.0
2026-08-12T19:05:00+08:00,COLLIE_BESS2,0.0,-990.1,1,3436c87a-7c91-4fda-a72a-3294e57ae2c8,IN-SERVICE,NON-LIQUID,-1000.0,
2026-08-12T19:05:00+08:00,COLLIE_BESS2,-150.0,-42.46,2,3436c87a-7c91-4fda-a72a-3294e57ae2c8,IN-SERVICE,NON-LIQUID,-42.88,
2026-08-12T19:05:00+08:00,COLLIE_BESS2,-150.0,-10.0,3,3436c87a-7c91-4fda-a72a-3294e57ae2c8,IN-SERVICE,NON-LIQUID,-10.1,
2026-08-12T19:05:00+08:00,COLLIE_BESS2,0.0,60.0,4,3436c87a-7c91-4fda-a72a-3294e57ae2c8,IN-SERVICE,NON-LIQUID,60.6,
2026-08-12T19:05:00+08:00,COLLIE_BESS2,50.0,142.13,5,3436c87a-7c91-4fda-a72a-3294e57ae2c8,IN-SERVICE,NON-LIQUID,143.55,
2026-08-12T19:05:00+08:00,COLLIE_BESS2,50.0,151.7,6,3436c87a-7c91-4fda-a72a-3294e57ae2c8,IN-SERVICE,NON-LIQUID,153.22,
2026-08-12T19:05:00+08:00,COLLIE_BESS2,50.0,250.0,7,3436c87a-7c91-4fda-a72a-3294e57ae2c8,IN-SERVICE,NON-LIQUID,252.5,
2026-08-12T19:05:00+08:00,COLLIE_BESS2,50.0,367.0,8,3436c87a-7c91-4fda-a72a-3294e57ae2c8,IN-SERVICE,NON-LIQUID,370.67,
2026-08-12T19:05:00+08:00,COLLIE_BESS2,100.0,622.0,9,3436c87a-7c91-4fda-a72a-3294e57ae2c8,IN-SERVICE,NON-LIQUID,628.22,
2026-08-12T19:05:00+08:00,COLLIE_BESS2,0.0,1188.12,10,3436c87a-7c91-4fda-a72a-3294e57ae2c8,IN-SERVICE,NON-LIQUID,1200.0,
2026-08-12T19:05:00+08:00,COLLIE_ESR4,-250.0,119.08,1,3e0fa343-2668-4572-836c-c431f8a04656,IN-SERVICE,NOT APPLICABLE,119.01,0.0
2026-08-12T19:05:00+08:00,COLLIE_ESR4,250.0,134.56,2,3e0fa343-2668-4572-836c-c431f8a04656,IN-SERVICE,NOT APPLICABLE,134.48,0.0
2026-08-12T19:05:00+08:00,COLLIE_ESR5,-250.0,119.19,1,fe083c9b-3b65-4f10-99de-55c8996102a5,IN-SERVICE,NOT APPLICABLE,119.12,0.0
2026-08-12T19:05:00+08:00,COLLIE_ESR5,250.0,134.96,2,fe083c9b-3b65-4f10-99de-55c8996102a5,IN-SERVICE,NOT APPLICABLE,134.88,0.0
2026-08-12T19:10:00+08:00,KWINANA_ESR1,-100.0,127.05,1,8694558b-20cd-4ad9-a775-252e9cdd31df,IN-SERVICE,NOT APPLICABLE,127.0,0.0
2026-08-12T19:10:00+08:00,KWINANA_ESR1,7.392,141.79,2,8694558b-20cd-4ad9-a775-252e9cdd31df,IN-SERVICE,NOT APPLICABLE,141.73,0.0
2026-08-12T19:10:00+08:00,KWINANA_ESR1,92.608,142.17,3,8694558b-20cd-4ad9-a775-252e9cdd31df,IN-SERVICE,NOT APPLICABLE,142.11,0.0
2026-08-12T19:10:00+08:00,COLLIE_ESR1,0.0,-1000.0,1,76b0cef3-01e5-41b8-a2d4-288fede5f64f,IN-SERVICE,NON-LIQUID,-999.4,
2026-08-12T19:10:00+08:00,COLLIE_ESR1,-100.0,-42.46,2,76b0cef3-01e5-41b8-a2d4-288fede5f64f,IN-SERVICE,NON-LIQUID,-42.43,
2026-08-12T19:10:00+08:00,COLLIE_ESR1,-100.0,-10.0,3,76b0cef3-01e5-41b8-a2d4-288fede5f64f,IN-SERVICE,NON-LIQUID,-9.99,
2026-08-12T19:10:00+08:00,COLLIE_ESR1,0.0,34.02,4,76b0cef3-01e5-41b8-a2d4-288fede5f64f,IN-SERVICE,NON-LIQUID,34.0,
2026-08-12T19:10:00+08:00,COLLIE_ESR1,0.0,60.0,5,76b0cef3-01e5-41b8-a2d4-288fede5f64f,IN-SERVICE,NON-LIQUID,59.96,
2026-08-12T19:10:00+08:00,COLLIE_ESR1,50.0,250.0,6,76b0cef3-01e5-41b8-a2d4-288fede5f64f,IN-SERVICE,NON-LIQUID,249.85,
2026-08-12T19:10:00+08:00,COLLIE_ESR1,100.0,367.0,7,76b0cef3-01e5-41b8-a2d4-288fede5f64f,IN-SERVICE,NON-LIQUID,366.78,
2026-08-12T19:10:00+08:00,COLLIE_ESR1,50.0,622.0,8,76b0cef3-01e5-41b8-a2d4-288fede5f64f,IN-SERVICE,NON-LIQUID,621.63,
2026-08-12T19:10:00+08:00,COLLIE_ESR1,0.0,1199.9,9,76b0cef3-01e5-41b8-a2d4-288fede5f64f,IN-SERVICE,NON-LIQUID,1199.18,
2026-08-12T19:10:00+08:00,COLLIE_ESR1,0.0,1200.0,10,76b0cef3-01e5-41b8-a2d4-288fede5f64f,IN-SERVICE,NON-LIQUID,1199.28,
2026-08-12T19:10:00+08:00,KWINANA_ESR2,-225.0,119.37,1,2cb14f5a-f598-421c-a621-ad0877113112,IN-SERVICE,NOT APPLICABLE,119.25,0.0
2026-08-12T19:10:00+08:00,KWINANA_ESR2,225.0,134.88,2,2cb14f5a-f598-421c-a621-ad0877113112,IN-SERVICE,NOT APPLICABLE,134.75,0.0
2026-08-12T19:10:00+08:00,COLLIE_BESS2,0.0,-990.1,1,a827160e-ce2a-40c2-821e-c65093719816,IN-SERVICE,NON-LIQUID,-1000.0,
2026-08-12T19:10:00+08:00,COLLIE_BESS2,-150.0,-42.46,2,a827160e-ce2a-40c2-821e-c65093719816,IN-SERVICE,NON-LIQUID,-42.88,
2026-08-12T19:10:00+08:00,COLLIE_BESS2,-150.0,-10.0,3,a827160e-ce2a-40c2-821e-c65093719816,IN-SERVICE,NON-LIQUID,-10.1,
2026-08-12T19:10:00+08:00,COLLIE_BESS2,0.0,60.0,4,a827160e-ce2a-40c2-821e-c65093719816,IN-SERVICE,NON-LIQUID,60.6,
2026-08-12T19:10:00+08:00,COLLIE_BESS2,50.0,130.46,5,a827160e-ce2a-40c2-821e-c65093719816,IN-SERVICE,NON-LIQUID,131.76,
2026-08-12T19:10:00+08:00,COLLIE_BESS2,50.0,140.64,6,a827160e-ce2a-40c2-821e-c65093719816,IN-SERVICE,NON-LIQUID,142.05,
2026-08-12T19:10:00+08:00,COLLIE_BESS2,50.0,250.0,7,a827160e-ce2a-40c2-821e-c65093719816,IN-SERVICE,NON-LIQUID,252.5,
2026-08-12T19:10:00+08:00,COLLIE_BESS2,50.0,367.0,8,a827160e-ce2a-40c2-821e-c65093719816,IN-SERVICE,NON-LIQUID,370.67,
2026-08-12T19:10:00+08:00,COLLIE_BESS2,100.0,622.0,9,a827160e-ce2a-40c2-821e-c65093719816,IN-SERVICE,NON-LIQUID,628.22,
2026-08-12T19:10:00+08:00,COLLIE_BESS2,0.0,1188.12,10,a827160e-ce2a-40c2-821e-c65093719816,IN-SERVICE,NON-LIQUID,1200.0,
2026-08-12T19:10:00+08:00,COLLIE_ESR4,-250.0,119.08,1,3e0fa343-2668-4572-836c-c431f8a04656,IN-SERVICE,NOT APPLICABLE,119.01,0.0
2026-08-12T19:10:00+08:00,COLLIE_ESR4,250.0,134.56,2,3e0fa343-2668-4572-836c-c431f8a04656,IN-SERVICE,NOT APPLICABLE,134.48,0.0
2026-08-12T19:10:00+08:00,COLLIE_ESR5,-250.0,119.19,1,fe083c9b-3b65-4f10-99de-55c8996102a5,IN-SERVICE,NOT APPLICABLE,119.12,0.0
2026-08-12T19:10:00+08:00,COLLIE_ESR5,250.0,134.96,2,fe083c9b-3b65-4f10-99de-55c8996102a5,IN-SERVICE,NOT APPLICABLE,134.88,0.0
2026-08-12T19:15:00+08:00,KWINANA_ESR1,-100.0,127.05,1,8694558b-20cd-4ad9-a775-252e9cdd31df,IN-SERVICE,NOT APPLICABLE,127.0,0.0
2026-08-12T19:15:00+08:00,KWINANA_ESR1,26.592,141.79,2,8694558b-20cd-4ad9-a775-252e9cdd31df,IN-SERVICE,NOT APPLICABLE,141.73,0.0
2026-08-12T19:15:00+08:00,KWINANA_ESR1,73.408,142.17,3,8694558b-20cd-4ad9-a775-252e9cdd31df,IN-SERVICE,NOT APPLICABLE,142.11,0.0
2026-08-12T19:15:00+08:00,COLLIE_ESR1,0.0,-1000.0,1,1c57989e-9d74-4831-a87a-756b9ed18d55,IN-SERVICE,NON-LIQUID,-999.4,
2026-08-12T19:15:00+08:00,COLLIE_ESR1,-100.0,-42.46,2,1c57989e-9d74-4831-a87a-756b9ed18d55,IN-SERVICE,NON-LIQUID,-42.43,
2026-08-12T19:15:00+08:00,COLLIE_ESR1,-100.0,-10.0,3,1c57989e-9d74-4831-a87a-756b9ed18d55,IN-SERVICE,NON-LIQUID,-9.99,
2026-08-12T19:15:00+08:00,COLLIE_ESR1,0.0,34.02,4,1c57989e-9d74-4831-a87a-756b9ed18d55,IN-SERVICE,NON-LIQUID,34.0,
2026-08-12T19:15:00+08:00,COLLIE_ESR1,0.0,60.0,5,1c57989e-9d74-4831-a87a-756b9ed18d55,IN-SERVICE,NON-LIQUID,59.96,
2026-08-12T19:15:00+08:00,COLLIE_ESR1,50.0,250.0,6,1c57989e-9d74-4831-a87a-756b9ed18d55,IN-SERVICE,NON-LIQUID,249.85,
2026-08-12T19:15:00+08:00,COLLIE_ESR1,100.0,367.0,7,1c57989e-9d74-4831-a87a-756b9ed18d55,IN-SERVICE,NON-LIQUID,366.78,
2026-08-12T19:15:00+08:00,COLLIE_ESR1,50.0,622.0,8,1c57989e-9d74-4831-a87a-756b9ed18d55,IN-SERVICE,NON-LIQUID,621.63,
2026-08-12T19:15:00+08:00,COLLIE_ESR1,0.0,1199.9,9,1c57989e-9d74-4831-a87a-756b9ed18d55,IN-SERVICE,NON-LIQUID,1199.18,
2026-08-12T19:15:00+08:00,COLLIE_ESR1,0.0,1200.0,10,1c57989e-9d74-4831-a87a-756b9ed18d55,IN-SERVICE,NON-LIQUID,1199.28,
2026-08-12T19:15:00+08:00,KWINANA_ESR2,-225.0,119.37,1,2cb14f5a-f598-421c-a621-ad0877113112,IN-SERVICE,NOT APPLICABLE,119.25,0.0
2026-08-12T19:15:00+08:00,KWINANA_ESR2,225.0,134.88,2,2cb14f5a-f598-421c-a621-ad0877113112,IN-SERVICE,NOT APPLICABLE,134.75,0.0
2026-08-12T19:15:00+08:00,COLLIE_BESS2,0.0,-990.1,1,53b373df-23a6-4f3b-aa64-7fbb74b69a36,IN-SERVICE,NON-LIQUID,-1000.0,
2026-08-12T19:15:00+08:00,COLLIE_BESS2,-150.0,-42.46,2,53b373df-23a6-4f3b-aa64-7fbb74b69a36,IN-SERVICE,NON-LIQUID,-42.88,
2026-08-12T19:15:00+08:00,COLLIE_BESS2,-150.0,-10.0,3,53b373df-23a6-4f3b-aa64-7fbb74b69a36,IN-SERVICE,NON-LIQUID,-10.1,
2026-08-12T19:15:00+08:00,COLLIE_BESS2,0.0,34.02,4,53b373df-23a6-4f3b-aa64-7fbb74b69a36,IN-SERVICE,NON-LIQUID,34.36,
2026-08-12T19:15:00+08:00,COLLIE_BESS2,0.0,60.0,5,53b373df-23a6-4f3b-aa64-7fbb74b69a36,IN-SERVICE,NON-LIQUID,60.6,
2026-08-12T19:15:00+08:00,COLLIE_BESS2,75.0,250.0,6,53b373df-23a6-4f3b-aa64-7fbb74b69a36,IN-SERVICE,NON-LIQUID,252.5,
2026-08-12T19:15:00+08:00,COLLIE_BESS2,75.0,367.0,7,53b373df-23a6-4f3b-aa64-7fbb74b69a36,IN-SERVICE,NON-LIQUID,370.67,
2026-08-12T19:15:00+08:00,COLLIE_BESS2,150.0,622.0,8,53b373df-23a6-4f3b-aa64-7fbb74b69a36,IN-SERVICE,NON-LIQUID,628.22,
2026-08-12T19:15:00+08:00,COLLIE_BESS2,0.0,1188.12,9,53b373df-23a6-4f3b-aa64-7fbb74b69a36,IN-SERVICE,NON-LIQUID,1200.0,
2026-08-12T19:15:00+08:00,COLLIE_BESS2,0.0,1188.12,10,53b373df-23a6-4f3b-aa64-7fbb74b69a36,IN-SERVICE,NON-LIQUID,1200.0,
2026-08-12T19:15:00+08:00,COLLIE_ESR4,-250.0,119.08,1,3e0fa343-2668-4572-836c-c431f8a04656,IN-SERVICE,NOT APPLICABLE,119.01,0.0
2026-08-12T19:15:00+08:00,COLLIE_ESR4,250.0,134.56,2,3e0fa343-2668-4572-836c-c431f8a04656,IN-SERVICE,NOT APPLICABLE,134.48,0.0
2026-08-12T19:15:00+08:00,COLLIE_ESR5,-250.0,119.19,1,fe083c9b-3b65-4f10-99de-55c8996102a5,IN-SERVICE,NOT APPLICABLE,119.12,0.0
2026-08-12T19:15:00+08:00,COLLIE_ESR5,250.0,134.96,2,fe083c9b-3b65-4f10-99de-55c8996102a5,IN-SERVICE,NOT APPLICABLE,134.88,0.0
2026-08-12T19:20:00+08:00,KWINANA_ESR1,-100.0,127.43,1,81cfc420-4f9c-438a-a471-66c976338922,IN-SERVICE,NOT APPLICABLE,127.38,0.0
2026-08-12T19:20:00+08:00,KWINANA_ESR1,100.0,142.17,2,81cfc420-4f9c-438a-a471-66c976338922,IN-SERVICE,NOT APPLICABLE,142.11,0.0
2026-08-12T19:20:00+08:00,COLLIE_ESR1,0.0,-1000.0,1,ce447614-f9a2-4f39-9667-0fa2dbc5b2c1,IN-SERVICE,NON-LIQUID,-999.4,
2026-08-12T19:20:00+08:00,COLLIE_ESR1,-100.0,-42.46,2,ce447614-f9a2-4f39-9667-0fa2dbc5b2c1,IN-SERVICE,NON-LIQUID,-42.43,
2026-08-12T19:20:00+08:00,COLLIE_ESR1,-100.0,-10.0,3,ce447614-f9a2-4f39-9667-0fa2dbc5b2c1,IN-SERVICE,NON-LIQUID,-9.99,
2026-08-12T19:20:00+08:00,COLLIE_ESR1,0.0,34.02,4,ce447614-f9a2-4f39-9667-0fa2dbc5b2c1,IN-SERVICE,NON-LIQUID,34.0,
2026-08-12T19:20:00+08:00,COLLIE_ESR1,0.0,60.0,5,ce447614-f9a2-4f39-9667-0fa2dbc5b2c1,IN-SERVICE,NON-LIQUID,59.96,
2026-08-12T19:20:00+08:00,COLLIE_ESR1,50.0,250.0,6,ce447614-f9a2-4f39-9667-0fa2dbc5b2c1,IN-SERVICE,NON-LIQUID,249.85,
2026-08-12T19:20:00+08:00,COLLIE_ESR1,100.0,367.0,7,ce447614-f9a2-4f39-9667-0fa2dbc5b2c1,IN-SERVICE,NON-LIQUID,366.78,
2026-08-12T19:20:00+08:00,COLLIE_ESR1,50.0,622.0,8,ce447614-f9a2-4f39-9667-0fa2dbc5b2c1,IN-SERVICE,NON-LIQUID,621.63,
2026-08-12T19:20:00+08:00,COLLIE_ESR1,0.0,1199.9,9,ce447614-f9a2-4f39-9667-0fa2dbc5b2c1,IN-SERVICE,NON-LIQUID,1199.18,
2026-08-12T19:20:00+08:00,COLLIE_ESR1,0.0,1200.0,10,ce447614-f9a2-4f39-9667-0fa2dbc5b2c1,IN-SERVICE,NON-LIQUID,1199.28,
2026-08-12T19:20:00+08:00,KWINANA_ESR2,-225.0,119.37,1,309188d7-80aa-4541-9b32-e93627d4e2cf,IN-SERVICE,NOT APPLICABLE,119.25,0.0
2026-08-12T19:20:00+08:00,KWINANA_ESR2,225.0,142.39,2,309188d7-80aa-4541-9b32-e93627d4e2cf,IN-SERVICE,NOT APPLICABLE,142.25,0.0
2026-08-12T19:20:00+08:00,COLLIE_BESS2,0.0,-990.1,1,b1aaade2-5b1f-418d-907d-c381a9869eb0,IN-SERVICE,NON-LIQUID,-1000.0,
2026-08-12T19:20:00+08:00,COLLIE_BESS2,-150.0,-42.46,2,b1aaade2-5b1f-418d-907d-c381a9869eb0,IN-SERVICE,NON-LIQUID,-42.88,
2026-08-12T19:20:00+08:00,COLLIE_BESS2,-150.0,-10.0,3,b1aaade2-5b1f-418d-907d-c381a9869eb0,IN-SERVICE,NON-LIQUID,-10.1,
2026-08-12T19:20:00+08:00,COLLIE_BESS2,0.0,34.02,4,b1aaade2-5b1f-418d-907d-c381a9869eb0,IN-SERVICE,NON-LIQUID,34.36,
2026-08-12T19:20:00+08:00,COLLIE_BESS2,0.0,60.0,5,b1aaade2-5b1f-418d-907d-c381a9869eb0,IN-SERVICE,NON-LIQUID,60.6,
2026-08-12T19:20:00+08:00,COLLIE_BESS2,75.0,250.0,6,b1aaade2-5b1f-418d-907d-c381a9869eb0,IN-SERVICE,NON-LIQUID,252.5,
2026-08-12T19:20:00+08:00,COLLIE_BESS2,75.0,367.0,7,b1aaade2-5b1f-418d-907d-c381a9869eb0,IN-SERVICE,NON-LIQUID,370.67,
2026-08-12T19:20:00+08:00,COLLIE_BESS2,150.0,622.0,8,b1aaade2-5b1f-418d-907d-c381a9869eb0,IN-SERVICE,NON-LIQUID,628.22,
2026-08-12T19:20:00+08:00,COLLIE_BESS2,0.0,1188.12,9,b1aaade2-5b1f-418d-907d-c381a9869eb0,IN-SERVICE,NON-LIQUID,1200.0,
2026-08-12T19:20:00+08:00,COLLIE_BESS2,0.0,1188.12,10,b1aaade2-5b1f-418d-907d-c381a9869eb0,IN-SERVICE,NON-LIQUID,1200.0,
2026-08-12T19:20:00+08:00,COLLIE_ESR4,-250.0,119.08,1,05a13466-4b52-423f-b4f6-3d87e327b727,IN-SERVICE,NOT APPLICABLE,119.01,0.0
2026-08-12T19:20:00+08:00,COLLIE_ESR4,250.0,134.56,2,05a13466-4b52-423f-b4f6-3d87e327b727,IN-SERVICE,NOT APPLICABLE,134.48,0.0
2026-08-12T19:20:00+08:00,COLLIE_ESR5,-250.0,119.19,1,e89df58c-b311-480a-a47e-836aa25b4467,IN-SERVICE,NOT APPLICABLE,119.12,0.0
2026-08-12T19:20:00+08:00,COLLIE_ESR5,250.0,142.46,2,e89df58c-b311-480a-a47e-836aa25b4467,IN-SERVICE,NOT APPLICABLE,142.37,0.0
2026-08-12T19:25:00+08:00,KWINANA_ESR1,-100.0,127.43,1,81cfc420-4f9c-438a-a471-66c976338922,IN-SERVICE,NOT APPLICABLE,127.38,0.0
2026-08-12T19:25:00+08:00,KWINANA_ESR1,100.0,142.17,2,81cfc420-4f9c-438a-a471-66c976338922,IN-SERVICE,NOT APPLICABLE,142.11,0.0
2026-08-12T19:25:00+08:00,COLLIE_ESR1,0.0,-1000.0,1,ce447614-f9a2-4f39-9667-0fa2dbc5b2c1,IN-SERVICE,NON-LIQUID,-999.4,
2026-08-12T19:25:00+08:00,COLLIE_ESR1,-100.0,-42.46,2,ce447614-f9a2-4f39-9667-0fa2dbc5b2c1,IN-SERVICE,NON-LIQUID,-42.43,
2026-08-12T19:25:00+08:00,COLLIE_ESR1,-100.0,-10.0,3,ce447614-f9a2-4f39-9667-0fa2dbc5b2c1,IN-SERVICE,NON-LIQUID,-9.99,
2026-08-12T19:25:00+08:00,COLLIE_ESR1,0.0,34.02,4,ce447614-f9a2-4f39-9667-0fa2dbc5b2c1,IN-SERVICE,NON-LIQUID,34.0,
2026-08-12T19:25:00+08:00,COLLIE_ESR1,0.0,60.0,5,ce447614-f9a2-4f39-9667-0fa2dbc5b2c1,IN-SERVICE,NON-LIQUID,59.96,
2026-08-12T19:25:00+08:00,COLLIE_ESR1,50.0,250.0,6,ce447614-f9a2-4f39-9667-0fa2dbc5b2c1,IN-SERVICE,NON-LIQUID,249.85,
2026-08-12T19:25:00+08:00,COLLIE_ESR1,100.0,367.0,7,ce447614-f9a2-4f39-9667-0fa2dbc5b2c1,IN-SERVICE,NON-LIQUID,366.78,
2026-08-12T19:25:00+08:00,COLLIE_ESR1,50.0,622.0,8,ce447614-f9a2-4f39-9667-0fa2dbc5b2c1,IN-SERVICE,NON-LIQUID,621.63,
2026-08-12T19:25:00+08:00,COLLIE_ESR1,0.0,1199.9,9,ce447614-f9a2-4f39-9667-0fa2dbc5b2c1,IN-SERVICE,NON-LIQUID,1199.18,
2026-08-12T19:25:00+08:00,COLLIE_ESR1,0.0,1200.0,10,ce447614-f9a2-4f39-9667-0fa2dbc5b2c1,IN-SERVICE,NON-LIQUID,1199.28,
2026-08-12T19:25:00+08:00,KWINANA_ESR2,-225.0,119.37,1,309188d7-80aa-4541-9b32-e93627d4e2cf,IN-SERVICE,NOT APPLICABLE,119.25,0.0
2026-08-12T19:25:00+08:00,KWINANA_ESR2,225.0,142.39,2,309188d7-80aa-4541-9b32-e93627d4e2cf,IN-SERVICE,NOT APPLICABLE,142.25,0.0
2026-08-12T19:25:00+08:00,COLLIE_BESS2,0.0,-990.1,1,b1aaade2-5b1f-418d-907d-c381a9869eb0,IN-SERVICE,NON-LIQUID,-1000.0,
2026-08-12T19:25:00+08:00,COLLIE_BESS2,-150.0,-42.46,2,b1aaade2-5b1f-418d-907d-c381a9869eb0,IN-SERVICE,NON-LIQUID,-42.88,
2026-08-12T19:25:00+08:00,COLLIE_BESS2,-150.0,-10.0,3,b1aaade2-5b1f-418d-907d-c381a9869eb0,IN-SERVICE,NON-LIQUID,-10.1,
2026-08-12T19:25:00+08:00,COLLIE_BESS2,0.0,34.02,4,b1aaade2-5b1f-418d-907d-c381a9869eb0,IN-SERVICE,NON-LIQUID,34.36,
2026-08-12T19:25:00+08:00,COLLIE_BESS2,0.0,60.0,5,b1aaade2-5b1f-418d-907d-c381a9869eb0,IN-SERVICE,NON-LIQUID,60.6,
2026-08-12T19:25:00+08:00,COLLIE_BESS2,75.0,250.0,6,b1aaade2-5b1f-418d-907d-c381a9869eb0,IN-SERVICE,NON-LIQUID,252.5,
2026-08-12T19:25:00+08:00,COLLIE_BESS2,75.0,367.0,7,b1aaade2-5b1f-418d-907d-c381a9869eb0,IN-SERVICE,NON-LIQUID,370.67,
2026-08-12T19:25:00+08:00,COLLIE_BESS2,150.0,622.0,8,b1aaade2-5b1f-418d-907d-c381a9869eb0,IN-SERVICE,NON-LIQUID,628.22,
2026-08-12T19:25:00+08:00,COLLIE_BESS2,0.0,1188.12,9,b1aaade2-5b1f-418d-907d-c381a9869eb0,IN-SERVICE,NON-LIQUID,1200.0,
2026-08-12T19:25:00+08:00,COLLIE_BESS2,0.0,1188.12,10,b1aaade2-5b1f-418d-907d-c381a9869eb0,IN-SERVICE,NON-LIQUID,1200.0,
2026-08-12T19:25:00+08:00,COLLIE_ESR4,-250.0,119.08,1,05a13466-4b52-423f-b4f6-3d87e327b727,IN-SERVICE,NOT APPLICABLE,119.01,0.0
2026-08-12T19:25:00+08:00,COLLIE_ESR4,250.0,134.56,2,05a13466-4b52-423f-b4f6-3d87e327b727,IN-SERVICE,NOT APPLICABLE,134.48,0.0
2026-08-12T19:25:00+08:00,COLLIE_ESR5,-250.0,119.19,1,e89df58c-b311-480a-a47e-836aa25b4467,IN-SERVICE,NOT APPLICABLE,119.12,0.0
2026-08-12T19:25:00+08:00,COLLIE_ESR5,250.0,142.46,2,e89df58c-b311-480a-a47e-836aa25b4467,IN-SERVICE,NOT APPLICABLE,142.37,0.0
2026-08-12T19:30:00+08:00,KWINANA_ESR1,-100.0,127.43,1,81cfc420-4f9c-438a-a471-66c976338922,IN-SERVICE,NOT APPLICABLE,127.38,0.0
2026-08-12T19:30:00+08:00,KWINANA_ESR1,100.0,142.17,2,81cfc420-4f9c-438a-a471-66c976338922,IN-SERVICE,NOT APPLICABLE,142.11,0.0
2026-08-12T19:30:00+08:00,COLLIE_ESR1,0.0,-1000.0,1,92f7c5e8-dcda-4121-8a24-7a34dd04908b,IN-SERVICE,NON-LIQUID,-999.4,
2026-08-12T19:30:00+08:00,COLLIE_ESR1,-100.0,-42.46,2,92f7c5e8-dcda-4121-8a24-7a34dd04908b,IN-SERVICE,NON-LIQUID,-42.43,
2026-08-12T19:30:00+08:00,COLLIE_ESR1,-100.0,-10.0,3,92f7c5e8-dcda-4121-8a24-7a34dd04908b,IN-SERVICE,NON-LIQUID,-9.99,
2026-08-12T19:30:00+08:00,COLLIE_ESR1,0.0,60.0,4,92f7c5e8-dcda-4121-8a24-7a34dd04908b,IN-SERVICE,NON-LIQUID,59.96,
2026-08-12T19:30:00+08:00,COLLIE_ESR1,50.0,131.77,5,92f7c5e8-dcda-4121-8a24-7a34dd04908b,IN-SERVICE,NON-LIQUID,131.69,
2026-08-12T19:30:00+08:00,COLLIE_ESR1,50.0,140.65,6,92f7c5e8-dcda-4121-8a24-7a34dd04908b,IN-SERVICE,NON-LIQUID,140.57,
2026-08-12T19:30:00+08:00,COLLIE_ESR1,25.0,250.0,7,92f7c5e8-dcda-4121-8a24-7a34dd04908b,IN-SERVICE,NON-LIQUID,249.85,
2026-08-12T19:30:00+08:00,COLLIE_ESR1,50.0,367.0,8,92f7c5e8-dcda-4121-8a24-7a34dd04908b,IN-SERVICE,NON-LIQUID,366.78,
2026-08-12T19:30:00+08:00,COLLIE_ESR1,25.0,622.0,9,92f7c5e8-dcda-4121-8a24-7a34dd04908b,IN-SERVICE,NON-LIQUID,621.63,
2026-08-12T19:30:00+08:00,COLLIE_ESR1,0.0,1200.0,10,92f7c5e8-dcda-4121-8a24-7a34dd04908b,IN-SERVICE,NON-LIQUID,1199.28,
2026-08-12T19:30:00+08:00,KWINANA_ESR2,-225.0,119.37,1,309188d7-80aa-4541-9b32-e93627d4e2cf,IN-SERVICE,NOT APPLICABLE,119.25,0.0
2026-08-12T19:30:00+08:00,KWINANA_ESR2,225.0,142.39,2,309188d7-80aa-4541-9b32-e93627d4e2cf,IN-SERVICE,NOT APPLICABLE,142.25,0.0
2026-08-12T19:30:00+08:00,COLLIE_BESS2,0.0,-990.1,1,b1aaade2-5b1f-418d-907d-c381a9869eb0,IN-SERVICE,NON-LIQUID,-1000.0,
2026-08-12T19:30:00+08:00,COLLIE_BESS2,-150.0,-42.46,2,b1aaade2-5b1f-418d-907d-c381a9869eb0,IN-SERVICE,NON-LIQUID,-42.88,
2026-08-12T19:30:00+08:00,COLLIE_BESS2,-150.0,-10.0,3,b1aaade2-5b1f-418d-907d-c381a9869eb0,IN-SERVICE,NON-LIQUID,-10.1,
2026-08-12T19:30:00+08:00,COLLIE_BESS2,0.0,34.02,4,b1aaade2-5b1f-418d-907d-c381a9869eb0,IN-SERVICE,NON-LIQUID,34.36,
2026-08-12T19:30:00+08:00,COLLIE_BESS2,0.0,60.0,5,b1aaade2-5b1f-418d-907d-c381a9869eb0,IN-SERVICE,NON-LIQUID,60.6,
2026-08-12T19:30:00+08:00,COLLIE_BESS2,75.0,250.0,6,b1aaade2-5b1f-418d-907d-c381a9869eb0,IN-SERVICE,NON-LIQUID,252.5,
2026-08-12T19:30:00+08:00,COLLIE_BESS2,75.0,367.0,7,b1aaade2-5b1f-418d-907d-c381a9869eb0,IN-SERVICE,NON-LIQUID,370.67,
2026-08-12T19:30:00+08:00,COLLIE_BESS2,150.0,622.0,8,b1aaade2-5b1f-418d-907d-c381a9869eb0,IN-SERVICE,NON-LIQUID,628.22,
2026-08-12T19:30:00+08:00,COLLIE_BESS2,0.0,1188.12,9,b1aaade2-5b1f-418d-907d-c381a9869eb0,IN-SERVICE,NON-LIQUID,1200.0,
2026-08-12T19:30:00+08:00,COLLIE_BESS2,0.0,1188.12,10,b1aaade2-5b1f-418d-907d-c381a9869eb0,IN-SERVICE,NON-LIQUID,1200.0,
2026-08-12T19:30:00+08:00,COLLIE_ESR4,-250.0,119.08,1,05a13466-4b52-423f-b4f6-3d87e327b727,IN-SERVICE,NOT APPLICABLE,119.01,0.0
2026-08-12T19:30:00+08:00,COLLIE_ESR4,250.0,134.56,2,05a13466-4b52-423f-b4f6-3d87e327b727,IN-SERVICE,NOT APPLICABLE,134.48,0.0
2026-08-12T19:30:00+08:00,COLLIE_ESR5,-250.0,119.19,1,e89df58c-b311-480a-a47e-836aa25b4467,IN-SERVICE,NOT APPLICABLE,119.12,0.0
2026-08-12T19:30:00+08:00,COLLIE_ESR5,250.0,140.09,2,e89df58c-b311-480a-a47e-836aa25b4467,IN-SERVICE,NOT APPLICABLE,140.01,0.0
2026-08-12T19:35:00+08:00,KWINANA_ESR1,-100.0,139.64,1,db6f3ad8-5251-4977-a772-23e853672d54,IN-SERVICE,NOT APPLICABLE,139.58,0.0
2026-08-12T19:35:00+08:00,KWINANA_ESR1,100.0,152.14,2,db6f3ad8-5251-4977-a772-23e853672d54,IN-SERVICE,NOT APPLICABLE,152.08,0.0
2026-08-12T19:35:00+08:00,COLLIE_ESR1,0.0,-1000.0,1,2bb82a96-29ab-4dcf-a96e-ec0ed7774341,IN-SERVICE,NON-LIQUID,-999.4,
2026-08-12T19:35:00+08:00,COLLIE_ESR1,-100.0,-42.46,2,2bb82a96-29ab-4dcf-a96e-ec0ed7774341,IN-SERVICE,NON-LIQUID,-42.43,
2026-08-12T19:35:00+08:00,COLLIE_ESR1,-100.0,-10.0,3,2bb82a96-29ab-4dcf-a96e-ec0ed7774341,IN-SERVICE,NON-LIQUID,-9.99,
2026-08-12T19:35:00+08:00,COLLIE_ESR1,0.0,34.02,4,2bb82a96-29ab-4dcf-a96e-ec0ed7774341,IN-SERVICE,NON-LIQUID,34.0,
2026-08-12T19:35:00+08:00,COLLIE_ESR1,0.0,60.0,5,2bb82a96-29ab-4dcf-a96e-ec0ed7774341,IN-SERVICE,NON-LIQUID,59.96,
2026-08-12T19:35:00+08:00,COLLIE_ESR1,100.0,131.34,6,2bb82a96-29ab-4dcf-a96e-ec0ed7774341,IN-SERVICE,NON-LIQUID,131.26,
2026-08-12T19:35:00+08:00,COLLIE_ESR1,100.0,140.04,7,2bb82a96-29ab-4dcf-a96e-ec0ed7774341,IN-SERVICE,NON-LIQUID,139.96,
2026-08-12T19:35:00+08:00,COLLIE_ESR1,0.0,714.8,8,2bb82a96-29ab-4dcf-a96e-ec0ed7774341,IN-SERVICE,NON-LIQUID,714.37,
2026-08-12T19:35:00+08:00,COLLIE_ESR1,0.0,715.0,9,2bb82a96-29ab-4dcf-a96e-ec0ed7774341,IN-SERVICE,NON-LIQUID,714.57,
2026-08-12T19:35:00+08:00,COLLIE_ESR1,0.0,1200.0,10,2bb82a96-29ab-4dcf-a96e-ec0ed7774341,IN-SERVICE,NON-LIQUID,1199.28,
2026-08-12T19:35:00+08:00,KWINANA_ESR2,-225.0,268.25,1,d322d39a-8438-4cc2-86d4-5b571a176e6c,IN-SERVICE,NOT APPLICABLE,267.98,0.0
2026-08-12T19:35:00+08:00,KWINANA_ESR2,225.0,283.26,2,d322d39a-8438-4cc2-86d4-5b571a176e6c,IN-SERVICE,NOT APPLICABLE,282.98,0.0
2026-08-12T19:35:00+08:00,COLLIE_BESS2,0.0,-990.1,1,26b02b9a-270c-4319-836d-48246f703f9d,IN-SERVICE,NON-LIQUID,-1000.0,
2026-08-12T19:35:00+08:00,COLLIE_BESS2,-150.0,-42.46,2,26b02b9a-270c-4319-836d-48246f703f9d,IN-SERVICE,NON-LIQUID,-42.88,
2026-08-12T19:35:00+08:00,COLLIE_BESS2,-150.0,-10.0,3,26b02b9a-270c-4319-836d-48246f703f9d,IN-SERVICE,NON-LIQUID,-10.1,
2026-08-12T19:35:00+08:00,COLLIE_BESS2,0.0,60.0,4,26b02b9a-270c-4319-836d-48246f703f9d,IN-SERVICE,NON-LIQUID,60.6,
2026-08-12T19:35:00+08:00,COLLIE_BESS2,119.0,131.34,5,26b02b9a-270c-4319-836d-48246f703f9d,IN-SERVICE,NON-LIQUID,132.65,
2026-08-12T19:35:00+08:00,COLLIE_BESS2,119.0,140.04,6,26b02b9a-270c-4319-836d-48246f703f9d,IN-SERVICE,NON-LIQUID,141.44,
2026-08-12T19:35:00+08:00,COLLIE_BESS2,15.0,250.0,7,26b02b9a-270c-4319-836d-48246f703f9d,IN-SERVICE,NON-LIQUID,252.5,
2026-08-12T19:35:00+08:00,COLLIE_BESS2,15.0,367.0,8,26b02b9a-270c-4319-836d-48246f703f9d,IN-SERVICE,NON-LIQUID,370.67,
2026-08-12T19:35:00+08:00,COLLIE_BESS2,32.0,622.0,9,26b02b9a-270c-4319-836d-48246f703f9d,IN-SERVICE,NON-LIQUID,628.22,
2026-08-12T19:35:00+08:00,COLLIE_BESS2,0.0,1188.12,10,26b02b9a-270c-4319-836d-48246f703f9d,IN-SERVICE,NON-LIQUID,1200.0,
2026-08-12T19:35:00+08:00,COLLIE_ESR4,-250.0,267.9,1,83a25bc7-72a7-48b3-bd36-f2d8566d8670,IN-SERVICE,NOT APPLICABLE,267.74,0.0
2026-08-12T19:35:00+08:00,COLLIE_ESR4,250.0,283.39,2,83a25bc7-72a7-48b3-bd36-f2d8566d8670,IN-SERVICE,NOT APPLICABLE,283.22,0.0
2026-08-12T19:35:00+08:00,COLLIE_ESR5,-250.0,268.01,1,7d2ee99e-fe98-474a-b432-201ccef9bd03,IN-SERVICE,NOT APPLICABLE,267.85,0.0
2026-08-12T19:35:00+08:00,COLLIE_ESR5,250.0,283.28,2,7d2ee99e-fe98-474a-b432-201ccef9bd03,IN-SERVICE,NOT APPLICABLE,283.11,0.0
2026-08-12T19:40:00+08:00,KWINANA_ESR1,-20.032,144.77,1,db6f3ad8-5251-4977-a772-23e853672d54,IN-SERVICE,NOT APPLICABLE,144.71,0.0
2026-08-12T19:40:00+08:00,KWINANA_ESR1,-79.968,147.01,2,db6f3ad8-5251-4977-a772-23e853672d54,IN-SERVICE,NOT APPLICABLE,146.95,0.0
2026-08-12T19:40:00+08:00,KWINANA_ESR1,100.0,154.79,3,db6f3ad8-5251-4977-a772-23e853672d54,IN-SERVICE,NOT APPLICABLE,154.73,0.0
2026-08-12T19:40:00+08:00,COLLIE_ESR1,0.0,-1000.0,1,c88bd975-e8ab-4f86-b73d-6bb449387a77,IN-SERVICE,NON-LIQUID,-999.4,
2026-08-12T19:40:00+08:00,COLLIE_ESR1,-100.0,-42.46,2,c88bd975-e8ab-4f86-b73d-6bb449387a77,IN-SERVICE,NON-LIQUID,-42.43,
2026-08-12T19:40:00+08:00,COLLIE_ESR1,-100.0,-10.0,3,c88bd975-e8ab-4f86-b73d-6bb449387a77,IN-SERVICE,NON-LIQUID,-9.99,
2026-08-12T19:40:00+08:00,COLLIE_ESR1,0.0,60.0,4,c88bd975-e8ab-4f86-b73d-6bb449387a77,IN-SERVICE,NON-LIQUID,59.96,
2026-08-12T19:40:00+08:00,COLLIE_ESR1,50.0,130.25,5,c88bd975-e8ab-4f86-b73d-6bb449387a77,IN-SERVICE,NON-LIQUID,130.17,
2026-08-12T19:40:00+08:00,COLLIE_ESR1,50.0,139.36,6,c88bd975-e8ab-4f86-b73d-6bb449387a77,IN-SERVICE,NON-LIQUID,139.28,
2026-08-12T19:40:00+08:00,COLLIE_ESR1,25.0,250.0,7,c88bd975-e8ab-4f86-b73d-6bb449387a77,IN-SERVICE,NON-LIQUID,249.85,
2026-08-12T19:40:00+08:00,COLLIE_ESR1,50.0,367.0,8,c88bd975-e8ab-4f86-b73d-6bb449387a77,IN-SERVICE,NON-LIQUID,366.78,
2026-08-12T19:40:00+08:00,COLLIE_ESR1,25.0,622.0,9,c88bd975-e8ab-4f86-b73d-6bb449387a77,IN-SERVICE,NON-LIQUID,621.63,
2026-08-12T19:40:00+08:00,COLLIE_ESR1,0.0,1200.0,10,c88bd975-e8ab-4f86-b73d-6bb449387a77,IN-SERVICE,NON-LIQUID,1199.28,
2026-08-12T19:40:00+08:00,KWINANA_ESR2,-225.0,268.25,1,d322d39a-8438-4cc2-86d4-5b571a176e6c,IN-SERVICE,NOT APPLICABLE,267.98,0.0
2026-08-12T19:40:00+08:00,KWINANA_ESR2,225.0,283.26,2,d322d39a-8438-4cc2-86d4-5b571a176e6c,IN-SERVICE,NOT APPLICABLE,282.98,0.0
2026-08-12T19:40:00+08:00,COLLIE_BESS2,0.0,-990.1,1,9cf17271-d8ad-44b3-ae3d-b79483e662cf,IN-SERVICE,NON-LIQUID,-1000.0,
2026-08-12T19:40:00+08:00,COLLIE_BESS2,-150.0,-42.46,2,9cf17271-d8ad-44b3-ae3d-b79483e662cf,IN-SERVICE,NON-LIQUID,-42.88,
2026-08-12T19:40:00+08:00,COLLIE_BESS2,-150.0,-10.0,3,9cf17271-d8ad-44b3-ae3d-b79483e662cf,IN-SERVICE,NON-LIQUID,-10.1,
2026-08-12T19:40:00+08:00,COLLIE_BESS2,0.0,60.0,4,9cf17271-d8ad-44b3-ae3d-b79483e662cf,IN-SERVICE,NON-LIQUID,60.6,
2026-08-12T19:40:00+08:00,COLLIE_BESS2,100.0,121.1,5,9cf17271-d8ad-44b3-ae3d-b79483e662cf,IN-SERVICE,NON-LIQUID,122.31,
2026-08-12T19:40:00+08:00,COLLIE_BESS2,100.0,130.25,6,9cf17271-d8ad-44b3-ae3d-b79483e662cf,IN-SERVICE,NON-LIQUID,131.55,
2026-08-12T19:40:00+08:00,COLLIE_BESS2,25.0,250.0,7,9cf17271-d8ad-44b3-ae3d-b79483e662cf,IN-SERVICE,NON-LIQUID,252.5,
2026-08-12T19:40:00+08:00,COLLIE_BESS2,25.0,367.0,8,9cf17271-d8ad-44b3-ae3d-b79483e662cf,IN-SERVICE,NON-LIQUID,370.67,
2026-08-12T19:40:00+08:00,COLLIE_BESS2,50.0,622.0,9,9cf17271-d8ad-44b3-ae3d-b79483e662cf,IN-SERVICE,NON-LIQUID,628.22,
2026-08-12T19:40:00+08:00,COLLIE_BESS2,0.0,1188.12,10,9cf17271-d8ad-44b3-ae3d-b79483e662cf,IN-SERVICE,NON-LIQUID,1200.0,
2026-08-12T19:40:00+08:00,COLLIE_ESR4,-250.0,267.9,1,83a25bc7-72a7-48b3-bd36-f2d8566d8670,IN-SERVICE,NOT APPLICABLE,267.74,0.0
2026-08-12T19:40:00+08:00,COLLIE_ESR4,250.0,283.39,2,83a25bc7-72a7-48b3-bd36-f2d8566d8670,IN-SERVICE,NOT APPLICABLE,283.22,0.0
2026-08-12T19:40:00+08:00,COLLIE_ESR5,-250.0,268.01,1,7d2ee99e-fe98-474a-b432-201ccef9bd03,IN-SERVICE,NOT APPLICABLE,267.85,0.0
2026-08-12T19:40:00+08:00,COLLIE_ESR5,250.0,283.28,2,7d2ee99e-fe98-474a-b432-201ccef9bd03,IN-SERVICE,NOT APPLICABLE,283.11,0.0
2026-08-12T19:45:00+08:00,KWINANA_ESR1,-100.0,147.01,1,db6f3ad8-5251-4977-a772-23e853672d54,IN-SERVICE,NOT APPLICABLE,146.95,0.0
2026-08-12T19:45:00+08:00,KWINANA_ESR1,35.376,161.75,2,db6f3ad8-5251-4977-a772-23e853672d54,IN-SERVICE,NOT APPLICABLE,161.69,0.0
2026-08-12T19:45:00+08:00,KWINANA_ESR1,64.624,234.45,3,db6f3ad8-5251-4977-a772-23e853672d54,IN-SERVICE,NOT APPLICABLE,234.36,0.0
2026-08-12T19:45:00+08:00,COLLIE_ESR1,0.0,-1000.0,1,98a4be92-932c-4764-83e0-cab0d00d3a26,IN-SERVICE,NON-LIQUID,-999.4,
2026-08-12T19:45:00+08:00,COLLIE_ESR1,-100.0,-42.46,2,98a4be92-932c-4764-83e0-cab0d00d3a26,IN-SERVICE,NON-LIQUID,-42.43,
2026-08-12T19:45:00+08:00,COLLIE_ESR1,-100.0,-10.0,3,98a4be92-932c-4764-83e0-cab0d00d3a26,IN-SERVICE,NON-LIQUID,-9.99,
2026-08-12T19:45:00+08:00,COLLIE_ESR1,0.0,34.02,4,98a4be92-932c-4764-83e0-cab0d00d3a26,IN-SERVICE,NON-LIQUID,34.0,
2026-08-12T19:45:00+08:00,COLLIE_ESR1,0.0,60.0,5,98a4be92-932c-4764-83e0-cab0d00d3a26,IN-SERVICE,NON-LIQUID,59.96,
2026-08-12T19:45:00+08:00,COLLIE_ESR1,100.0,250.0,6,98a4be92-932c-4764-83e0-cab0d00d3a26,IN-SERVICE,NON-LIQUID,249.85,
2026-08-12T19:45:00+08:00,COLLIE_ESR1,100.0,250.69,7,98a4be92-932c-4764-83e0-cab0d00d3a26,IN-SERVICE,NON-LIQUID,250.54,
2026-08-12T19:45:00+08:00,COLLIE_ESR1,0.0,714.8,8,98a4be92-932c-4764-83e0-cab0d00d3a26,IN-SERVICE,NON-LIQUID,714.37,
2026-08-12T19:45:00+08:00,COLLIE_ESR1,0.0,715.0,9,98a4be92-932c-4764-83e0-cab0d00d3a26,IN-SERVICE,NON-LIQUID,714.57,
2026-08-12T19:45:00+08:00,COLLIE_ESR1,0.0,1200.0,10,98a4be92-932c-4764-83e0-cab0d00d3a26,IN-SERVICE,NON-LIQUID,1199.28,
2026-08-12T19:45:00+08:00,KWINANA_ESR2,-225.0,268.25,1,d322d39a-8438-4cc2-86d4-5b571a176e6c,IN-SERVICE,NOT APPLICABLE,267.98,0.0
2026-08-12T19:45:00+08:00,KWINANA_ESR2,225.0,283.26,2,d322d39a-8438-4cc2-86d4-5b571a176e6c,IN-SERVICE,NOT APPLICABLE,282.98,0.0
2026-08-12T19:45:00+08:00,COLLIE_BESS2,0.0,-990.1,1,6eb32d5e-7ecb-4f04-8831-a6d62ab1cd34,IN-SERVICE,NON-LIQUID,-1000.0,
2026-08-12T19:45:00+08:00,COLLIE_BESS2,-150.0,-42.46,2,6eb32d5e-7ecb-4f04-8831-a6d62ab1cd34,IN-SERVICE,NON-LIQUID,-42.88,
2026-08-12T19:45:00+08:00,COLLIE_BESS2,-150.0,-10.0,3,6eb32d5e-7ecb-4f04-8831-a6d62ab1cd34,IN-SERVICE,NON-LIQUID,-10.1,
2026-08-12T19:45:00+08:00,COLLIE_BESS2,0.0,34.02,4,6eb32d5e-7ecb-4f04-8831-a6d62ab1cd34,IN-SERVICE,NON-LIQUID,34.36,
2026-08-12T19:45:00+08:00,COLLIE_BESS2,0.0,60.0,5,6eb32d5e-7ecb-4f04-8831-a6d62ab1cd34,IN-SERVICE,NON-LIQUID,60.6,
2026-08-12T19:45:00+08:00,COLLIE_BESS2,150.0,250.0,6,6eb32d5e-7ecb-4f04-8831-a6d62ab1cd34,IN-SERVICE,NON-LIQUID,252.5,
2026-08-12T19:45:00+08:00,COLLIE_BESS2,150.0,250.69,7,6eb32d5e-7ecb-4f04-8831-a6d62ab1cd34,IN-SERVICE,NON-LIQUID,253.2,
2026-08-12T19:45:00+08:00,COLLIE_BESS2,0.0,714.8,8,6eb32d5e-7ecb-4f04-8831-a6d62ab1cd34,IN-SERVICE,NON-LIQUID,721.95,
2026-08-12T19:45:00+08:00,COLLIE_BESS2,0.0,715.0,9,6eb32d5e-7ecb-4f04-8831-a6d62ab1cd34,IN-SERVICE,NON-LIQUID,722.15,
2026-08-12T19:45:00+08:00,COLLIE_BESS2,0.0,1188.12,10,6eb32d5e-7ecb-4f04-8831-a6d62ab1cd34,IN-SERVICE,NON-LIQUID,1200.0,
2026-08-12T19:45:00+08:00,COLLIE_ESR4,-250.0,267.9,1,83a25bc7-72a7-48b3-bd36-f2d8566d8670,IN-SERVICE,NOT APPLICABLE,267.74,0.0
2026-08-12T19:45:00+08:00,COLLIE_ESR4,250.0,283.39,2,83a25bc7-72a7-48b3-bd36-f2d8566d8670,IN-SERVICE,NOT APPLICABLE,283.22,0.0
2026-08-12T19:45:00+08:00,COLLIE_ESR5,-250.0,268.01,1,7d2ee99e-fe98-474a-b432-201ccef9bd03,IN-SERVICE,NOT APPLICABLE,267.85,0.0
2026-08-12T19:45:00+08:00,COLLIE_ESR5,250.0,283.28,2,7d2ee99e-fe98-474a-b432-201ccef9bd03,IN-SERVICE,NOT APPLICABLE,283.11,0.0
2026-08-12T19:50:00+08:00,KWINANA_ESR1,-100.0,260.72,1,829820a2-5dfc-488f-8e55-48b4a097a2ac,IN-SERVICE,NOT APPLICABLE,260.62,0.0
2026-08-12T19:50:00+08:00,KWINANA_ESR1,100.0,275.46,2,829820a2-5dfc-488f-8e55-48b4a097a2ac,IN-SERVICE,NOT APPLICABLE,275.35,0.0
2026-08-12T19:50:00+08:00,COLLIE_ESR1,0.0,-1000.0,1,033984f4-97ce-4c72-b32d-4bb80c9b6bfc,IN-SERVICE,NON-LIQUID,-999.4,
2026-08-12T19:50:00+08:00,COLLIE_ESR1,-100.0,-42.46,2,033984f4-97ce-4c72-b32d-4bb80c9b6bfc,IN-SERVICE,NON-LIQUID,-42.43,
2026-08-12T19:50:00+08:00,COLLIE_ESR1,-100.0,-10.0,3,033984f4-97ce-4c72-b32d-4bb80c9b6bfc,IN-SERVICE,NON-LIQUID,-9.99,
2026-08-12T19:50:00+08:00,COLLIE_ESR1,0.0,34.02,4,033984f4-97ce-4c72-b32d-4bb80c9b6bfc,IN-SERVICE,NON-LIQUID,34.0,
2026-08-12T19:50:00+08:00,COLLIE_ESR1,0.0,60.0,5,033984f4-97ce-4c72-b32d-4bb80c9b6bfc,IN-SERVICE,NON-LIQUID,59.96,
2026-08-12T19:50:00+08:00,COLLIE_ESR1,100.0,250.0,6,033984f4-97ce-4c72-b32d-4bb80c9b6bfc,IN-SERVICE,NON-LIQUID,249.85,
2026-08-12T19:50:00+08:00,COLLIE_ESR1,100.0,250.89,7,033984f4-97ce-4c72-b32d-4bb80c9b6bfc,IN-SERVICE,NON-LIQUID,250.74,
2026-08-12T19:50:00+08:00,COLLIE_ESR1,0.0,714.8,8,033984f4-97ce-4c72-b32d-4bb80c9b6bfc,IN-SERVICE,NON-LIQUID,714.37,
2026-08-12T19:50:00+08:00,COLLIE_ESR1,0.0,715.0,9,033984f4-97ce-4c72-b32d-4bb80c9b6bfc,IN-SERVICE,NON-LIQUID,714.57,
2026-08-12T19:50:00+08:00,COLLIE_ESR1,0.0,1200.0,10,033984f4-97ce-4c72-b32d-4bb80c9b6bfc,IN-SERVICE,NON-LIQUID,1199.28,
2026-08-12T19:50:00+08:00,KWINANA_ESR2,-225.0,268.25,1,666c4e9d-6c8f-4af2-8c44-60ac9a594f65,IN-SERVICE,NOT APPLICABLE,267.98,0.0
2026-08-12T19:50:00+08:00,KWINANA_ESR2,225.0,283.26,2,666c4e9d-6c8f-4af2-8c44-60ac9a594f65,IN-SERVICE,NOT APPLICABLE,282.98,0.0
2026-08-12T19:50:00+08:00,COLLIE_BESS2,0.0,-990.1,1,ac12e021-0d5d-4968-b98c-0c199efda076,IN-SERVICE,NON-LIQUID,-1000.0,
2026-08-12T19:50:00+08:00,COLLIE_BESS2,-150.0,-42.46,2,ac12e021-0d5d-4968-b98c-0c199efda076,IN-SERVICE,NON-LIQUID,-42.88,
2026-08-12T19:50:00+08:00,COLLIE_BESS2,-150.0,-10.0,3,ac12e021-0d5d-4968-b98c-0c199efda076,IN-SERVICE,NON-LIQUID,-10.1,
2026-08-12T19:50:00+08:00,COLLIE_BESS2,0.0,34.02,4,ac12e021-0d5d-4968-b98c-0c199efda076,IN-SERVICE,NON-LIQUID,34.36,
2026-08-12T19:50:00+08:00,COLLIE_BESS2,0.0,60.0,5,ac12e021-0d5d-4968-b98c-0c199efda076,IN-SERVICE,NON-LIQUID,60.6,
2026-08-12T19:50:00+08:00,COLLIE_BESS2,150.0,250.0,6,ac12e021-0d5d-4968-b98c-0c199efda076,IN-SERVICE,NON-LIQUID,252.5,
2026-08-12T19:50:00+08:00,COLLIE_BESS2,150.0,250.89,7,ac12e021-0d5d-4968-b98c-0c199efda076,IN-SERVICE,NON-LIQUID,253.4,
2026-08-12T19:50:00+08:00,COLLIE_BESS2,0.0,714.8,8,ac12e021-0d5d-4968-b98c-0c199efda076,IN-SERVICE,NON-LIQUID,721.95,
2026-08-12T19:50:00+08:00,COLLIE_BESS2,0.0,715.0,9,ac12e021-0d5d-4968-b98c-0c199efda076,IN-SERVICE,NON-LIQUID,722.15,
2026-08-12T19:50:00+08:00,COLLIE_BESS2,0.0,1188.12,10,ac12e021-0d5d-4968-b98c-0c199efda076,IN-SERVICE,NON-LIQUID,1200.0,
2026-08-12T19:50:00+08:00,COLLIE_ESR4,-250.0,267.9,1,43341355-d5a9-46b8-b897-cac1b57aa8aa,IN-SERVICE,NOT APPLICABLE,267.74,0.0
2026-08-12T19:50:00+08:00,COLLIE_ESR4,250.0,283.39,2,43341355-d5a9-46b8-b897-cac1b57aa8aa,IN-SERVICE,NOT APPLICABLE,283.22,0.0
2026-08-12T19:50:00+08:00,COLLIE_ESR5,-250.0,268.01,1,f8987d2f-d2b5-4861-9a51-093407ff541a,IN-SERVICE,NOT APPLICABLE,267.85,0.0
2026-08-12T19:50:00+08:00,COLLIE_ESR5,250.0,283.28,2,f8987d2f-d2b5-4861-9a51-093407ff541a,IN-SERVICE,NOT APPLICABLE,283.11,0.0
2026-08-12T19:55:00+08:00,KWINANA_ESR1,-100.0,260.72,1,829820a2-5dfc-488f-8e55-48b4a097a2ac,IN-SERVICE,NOT APPLICABLE,260.62,0.0
2026-08-12T19:55:00+08:00,KWINANA_ESR1,100.0,275.46,2,829820a2-5dfc-488f-8e55-48b4a097a2ac,IN-SERVICE,NOT APPLICABLE,275.35,0.0
2026-08-12T19:55:00+08:00,COLLIE_ESR1,0.0,-1000.0,1,71e039d0-3743-41c4-8061-6bc736110269,IN-SERVICE,NON-LIQUID,-999.4,
2026-08-12T19:55:00+08:00,COLLIE_ESR1,-100.0,-42.46,2,71e039d0-3743-41c4-8061-6bc736110269,IN-SERVICE,NON-LIQUID,-42.43,
2026-08-12T19:55:00+08:00,COLLIE_ESR1,-100.0,-10.0,3,71e039d0-3743-41c4-8061-6bc736110269,IN-SERVICE,NON-LIQUID,-9.99,
2026-08-12T19:55:00+08:00,COLLIE_ESR1,0.0,34.02,4,71e039d0-3743-41c4-8061-6bc736110269,IN-SERVICE,NON-LIQUID,34.0,
2026-08-12T19:55:00+08:00,COLLIE_ESR1,0.0,60.0,5,71e039d0-3743-41c4-8061-6bc736110269,IN-SERVICE,NON-LIQUID,59.96,
2026-08-12T19:55:00+08:00,COLLIE_ESR1,100.0,250.0,6,71e039d0-3743-41c4-8061-6bc736110269,IN-SERVICE,NON-LIQUID,249.85,
2026-08-12T19:55:00+08:00,COLLIE_ESR1,100.0,251.41,7,71e039d0-3743-41c4-8061-6bc736110269,IN-SERVICE,NON-LIQUID,251.26,
2026-08-12T19:55:00+08:00,COLLIE_ESR1,0.0,714.8,8,71e039d0-3743-41c4-8061-6bc736110269,IN-SERVICE,NON-LIQUID,714.37,
2026-08-12T19:55:00+08:00,COLLIE_ESR1,0.0,715.0,9,71e039d0-3743-41c4-8061-6bc736110269,IN-SERVICE,NON-LIQUID,714.57,
2026-08-12T19:55:00+08:00,COLLIE_ESR1,0.0,1200.0,10,71e039d0-3743-41c4-8061-6bc736110269,IN-SERVICE,NON-LIQUID,1199.28,
2026-08-12T19:55:00+08:00,KWINANA_ESR2,-225.0,268.25,1,666c4e9d-6c8f-4af2-8c44-60ac9a594f65,IN-SERVICE,NOT APPLICABLE,267.98,0.0
2026-08-12T19:55:00+08:00,KWINANA_ESR2,225.0,283.26,2,666c4e9d-6c8f-4af2-8c44-60ac9a594f65,IN-SERVICE,NOT APPLICABLE,282.98,0.0
2026-08-12T19:55:00+08:00,COLLIE_BESS2,0.0,-990.1,1,6cc8c250-32e1-466c-bda0-0403dd88afa1,IN-SERVICE,NON-LIQUID,-1000.0,
2026-08-12T19:55:00+08:00,COLLIE_BESS2,-150.0,-42.46,2,6cc8c250-32e1-466c-bda0-0403dd88afa1,IN-SERVICE,NON-LIQUID,-42.88,
2026-08-12T19:55:00+08:00,COLLIE_BESS2,-150.0,-10.0,3,6cc8c250-32e1-466c-bda0-0403dd88afa1,IN-SERVICE,NON-LIQUID,-10.1,
2026-08-12T19:55:00+08:00,COLLIE_BESS2,0.0,34.02,4,6cc8c250-32e1-466c-bda0-0403dd88afa1,IN-SERVICE,NON-LIQUID,34.36,
2026-08-12T19:55:00+08:00,COLLIE_BESS2,0.0,60.0,5,6cc8c250-32e1-466c-bda0-0403dd88afa1,IN-SERVICE,NON-LIQUID,60.6,
2026-08-12T19:55:00+08:00,COLLIE_BESS2,150.0,250.0,6,6cc8c250-32e1-466c-bda0-0403dd88afa1,IN-SERVICE,NON-LIQUID,252.5,
2026-08-12T19:55:00+08:00,COLLIE_BESS2,150.0,251.41,7,6cc8c250-32e1-466c-bda0-0403dd88afa1,IN-SERVICE,NON-LIQUID,253.92,
2026-08-12T19:55:00+08:00,COLLIE_BESS2,0.0,714.8,8,6cc8c250-32e1-466c-bda0-0403dd88afa1,IN-SERVICE,NON-LIQUID,721.95,
2026-08-12T19:55:00+08:00,COLLIE_BESS2,0.0,715.0,9,6cc8c250-32e1-466c-bda0-0403dd88afa1,IN-SERVICE,NON-LIQUID,722.15,
2026-08-12T19:55:00+08:00,COLLIE_BESS2,0.0,1188.12,10,6cc8c250-32e1-466c-bda0-0403dd88afa1,IN-SERVICE,NON-LIQUID,1200.0,
2026-08-12T19:55:00+08:00,COLLIE_ESR4,-250.0,267.9,1,43341355-d5a9-46b8-b897-cac1b57aa8aa,IN-SERVICE,NOT APPLICABLE,267.74,0.0
2026-08-12T19:55:00+08:00,COLLIE_ESR4,250.0,283.39,2,43341355-d5a9-46b8-b897-cac1b57aa8aa,IN-SERVICE,NOT APPLICABLE,283.22,0.0
2026-08-12T19:55:00+08:00,COLLIE_ESR5,-250.0,268.01,1,f8987d2f-d2b5-4861-9a51-093407ff541a,IN-SERVICE,NOT APPLICABLE,267.85,0.0
2026-08-12T19:55:00+08:00,COLLIE_ESR5,250.0,283.28,2,f8987d2f-d2b5-4861-9a51-093407ff541a,IN-SERVICE,NOT APPLICABLE,283.11,0.0
2026-08-12T20:00:00+08:00,KWINANA_ESR1,-100.0,260.72,1,829820a2-5dfc-488f-8e55-48b4a097a2ac,IN-SERVICE,NOT APPLICABLE,260.62,0.0
2026-08-12T20:00:00+08:00,KWINANA_ESR1,100.0,275.46,2,829820a2-5dfc-488f-8e55-48b4a097a2ac,IN-SERVICE,NOT APPLICABLE,275.35,0.0
2026-08-12T20:00:00+08:00,COLLIE_ESR1,0.0,-1000.0,1,df0106dd-29cf-45fd-b93a-84a20990d356,IN-SERVICE,NON-LIQUID,-999.4,
2026-08-12T20:00:00+08:00,COLLIE_ESR1,-100.0,-42.46,2,df0106dd-29cf-45fd-b93a-84a20990d356,IN-SERVICE,NON-LIQUID,-42.43,
2026-08-12T20:00:00+08:00,COLLIE_ESR1,-100.0,-10.0,3,df0106dd-29cf-45fd-b93a-84a20990d356,IN-SERVICE,NON-LIQUID,-9.99,
2026-08-12T20:00:00+08:00,COLLIE_ESR1,0.0,34.02,4,df0106dd-29cf-45fd-b93a-84a20990d356,IN-SERVICE,NON-LIQUID,34.0,
2026-08-12T20:00:00+08:00,COLLIE_ESR1,0.0,60.0,5,df0106dd-29cf-45fd-b93a-84a20990d356,IN-SERVICE,NON-LIQUID,59.96,
2026-08-12T20:00:00+08:00,COLLIE_ESR1,100.0,250.0,6,df0106dd-29cf-45fd-b93a-84a20990d356,IN-SERVICE,NON-LIQUID,249.85,
2026-08-12T20:00:00+08:00,COLLIE_ESR1,100.0,253.51,7,df0106dd-29cf-45fd-b93a-84a20990d356,IN-SERVICE,NON-LIQUID,253.36,
2026-08-12T20:00:00+08:00,COLLIE_ESR1,0.0,714.8,8,df0106dd-29cf-45fd-b93a-84a20990d356,IN-SERVICE,NON-LIQUID,714.37,
2026-08-12T20:00:00+08:00,COLLIE_ESR1,0.0,715.0,9,df0106dd-29cf-45fd-b93a-84a20990d356,IN-SERVICE,NON-LIQUID,714.57,
2026-08-12T20:00:00+08:00,COLLIE_ESR1,0.0,1200.0,10,df0106dd-29cf-45fd-b93a-84a20990d356,IN-SERVICE,NON-LIQUID,1199.28,
2026-08-12T20:00:00+08:00,KWINANA_ESR2,-225.0,268.25,1,666c4e9d-6c8f-4af2-8c44-60ac9a594f65,IN-SERVICE,NOT APPLICABLE,267.98,0.0
2026-08-12T20:00:00+08:00,KWINANA_ESR2,225.0,283.26,2,666c4e9d-6c8f-4af2-8c44-60ac9a594f65,IN-SERVICE,NOT APPLICABLE,282.98,0.0
2026-08-12T20:00:00+08:00,COLLIE_BESS2,0.0,-990.1,1,c04040e3-8874-4a68-8a15-fd035674b27b,IN-SERVICE,NON-LIQUID,-1000.0,
2026-08-12T20:00:00+08:00,COLLIE_BESS2,-150.0,-42.46,2,c04040e3-8874-4a68-8a15-fd035674b27b,IN-SERVICE,NON-LIQUID,-42.88,
2026-08-12T20:00:00+08:00,COLLIE_BESS2,-150.0,-10.0,3,c04040e3-8874-4a68-8a15-fd035674b27b,IN-SERVICE,NON-LIQUID,-10.1,
2026-08-12T20:00:00+08:00,COLLIE_BESS2,0.0,34.02,4,c04040e3-8874-4a68-8a15-fd035674b27b,IN-SERVICE,NON-LIQUID,34.36,
2026-08-12T20:00:00+08:00,COLLIE_BESS2,0.0,60.0,5,c04040e3-8874-4a68-8a15-fd035674b27b,IN-SERVICE,NON-LIQUID,60.6,
2026-08-12T20:00:00+08:00,COLLIE_BESS2,150.0,250.0,6,c04040e3-8874-4a68-8a15-fd035674b27b,IN-SERVICE,NON-LIQUID,252.5,
2026-08-12T20:00:00+08:00,COLLIE_BESS2,150.0,253.51,7,c04040e3-8874-4a68-8a15-fd035674b27b,IN-SERVICE,NON-LIQUID,256.04,
2026-08-12T20:00:00+08:00,COLLIE_BESS2,0.0,714.8,8,c04040e3-8874-4a68-8a15-fd035674b27b,IN-SERVICE,NON-LIQUID,721.95,
2026-08-12T20:00:00+08:00,COLLIE_BESS2,0.0,715.0,9,c04040e3-8874-4a68-8a15-fd035674b27b,IN-SERVICE,NON-LIQUID,722.15,
2026-08-12T20:00:00+08:00,COLLIE_BESS2,0.0,1188.12,10,c04040e3-8874-4a68-8a15-fd035674b27b,IN-SERVICE,NON-LIQUID,1200.0,
2026-08-12T20:00:00+08:00,COLLIE_ESR4,-250.0,267.9,1,43341355-d5a9-46b8-b897-cac1b57aa8aa,IN-SERVICE,NOT APPLICABLE,267.74,0.0
2026-08-12T20:00:00+08:00,COLLIE_ESR4,250.0,283.39,2,43341355-d5a9-46b8-b897-cac1b57aa8aa,IN-SERVICE,NOT APPLICABLE,283.22,0.0
2026-08-12T20:00:00+08:00,COLLIE_ESR5,-250.0,268.01,1,f8987d2f-d2b5-4861-9a51-093407ff541a,IN-SERVICE,NOT APPLICABLE,267.85,0.0
2026-08-12T20:00:00+08:00,COLLIE_ESR5,250.0,283.28,2,f8987d2f-d2b5-4861-9a51-093407ff541a,IN-SERVICE,NOT APPLICABLE,283.11,0.0
2026-08-12T20:05:00+08:00,KWINANA_ESR1,-100.0,260.72,1,e7612b48-706d-4da8-83f9-f8a800d224e8,IN-SERVICE,NOT APPLICABLE,260.62,0.0
2026-08-12T20:05:00+08:00,KWINANA_ESR1,100.0,275.46,2,e7612b48-706d-4da8-83f9-f8a800d224e8,IN-SERVICE,NOT APPLICABLE,275.35,0.0
2026-08-12T20:05:00+08:00,COLLIE_ESR1,0.0,-1000.0,1,3e362c04-7a7d-44a0-8159-5923a31e5985,IN-SERVICE,NON-LIQUID,-999.4,
2026-08-12T20:05:00+08:00,COLLIE_ESR1,-100.0,-42.46,2,3e362c04-7a7d-44a0-8159-5923a31e5985,IN-SERVICE,NON-LIQUID,-42.43,
2026-08-12T20:05:00+08:00,COLLIE_ESR1,-100.0,-10.0,3,3e362c04-7a7d-44a0-8159-5923a31e5985,IN-SERVICE,NON-LIQUID,-9.99,
2026-08-12T20:05:00+08:00,COLLIE_ESR1,0.0,34.02,4,3e362c04-7a7d-44a0-8159-5923a31e5985,IN-SERVICE,NON-LIQUID,34.0,
2026-08-12T20:05:00+08:00,COLLIE_ESR1,0.0,60.0,5,3e362c04-7a7d-44a0-8159-5923a31e5985,IN-SERVICE,NON-LIQUID,59.96,
2026-08-12T20:05:00+08:00,COLLIE_ESR1,100.0,250.0,6,3e362c04-7a7d-44a0-8159-5923a31e5985,IN-SERVICE,NON-LIQUID,249.85,
2026-08-12T20:05:00+08:00,COLLIE_ESR1,100.0,254.52,7,3e362c04-7a7d-44a0-8159-5923a31e5985,IN-SERVICE,NON-LIQUID,254.37,
2026-08-12T20:05:00+08:00,COLLIE_ESR1,0.0,671.92,8,3e362c04-7a7d-44a0-8159-5923a31e5985,IN-SERVICE,NON-LIQUID,671.52,
2026-08-12T20:05:00+08:00,COLLIE_ESR1,0.0,684.2,9,3e362c04-7a7d-44a0-8159-5923a31e5985,IN-SERVICE,NON-LIQUID,683.79,
2026-08-12T20:05:00+08:00,COLLIE_ESR1,0.0,1200.0,10,3e362c04-7a7d-44a0-8159-5923a31e5985,IN-SERVICE,NON-LIQUID,1199.28,
2026-08-12T20:05:00+08:00,KWINANA_ESR2,-225.0,260.62,1,69d7016a-eb65-40e8-ab01-7cbc650f2dde,IN-SERVICE,NOT APPLICABLE,260.36,0.0
2026-08-12T20:05:00+08:00,KWINANA_ESR2,225.0,275.51,2,69d7016a-eb65-40e8-ab01-7cbc650f2dde,IN-SERVICE,NOT APPLICABLE,275.23,0.0
2026-08-12T20:05:00+08:00,COLLIE_BESS2,0.0,-990.1,1,184a989f-a21e-44ac-be51-687cb5463f1f,IN-SERVICE,NON-LIQUID,-1000.0,
2026-08-12T20:05:00+08:00,COLLIE_BESS2,-150.0,-42.46,2,184a989f-a21e-44ac-be51-687cb5463f1f,IN-SERVICE,NON-LIQUID,-42.88,
2026-08-12T20:05:00+08:00,COLLIE_BESS2,-150.0,-10.0,3,184a989f-a21e-44ac-be51-687cb5463f1f,IN-SERVICE,NON-LIQUID,-10.1,
2026-08-12T20:05:00+08:00,COLLIE_BESS2,0.0,34.02,4,184a989f-a21e-44ac-be51-687cb5463f1f,IN-SERVICE,NON-LIQUID,34.36,
2026-08-12T20:05:00+08:00,COLLIE_BESS2,0.0,60.0,5,184a989f-a21e-44ac-be51-687cb5463f1f,IN-SERVICE,NON-LIQUID,60.6,
2026-08-12T20:05:00+08:00,COLLIE_BESS2,150.0,250.0,6,184a989f-a21e-44ac-be51-687cb5463f1f,IN-SERVICE,NON-LIQUID,252.5,
2026-08-12T20:05:00+08:00,COLLIE_BESS2,150.0,254.52,7,184a989f-a21e-44ac-be51-687cb5463f1f,IN-SERVICE,NON-LIQUID,257.06,
2026-08-12T20:05:00+08:00,COLLIE_BESS2,0.0,671.92,8,184a989f-a21e-44ac-be51-687cb5463f1f,IN-SERVICE,NON-LIQUID,678.64,
2026-08-12T20:05:00+08:00,COLLIE_BESS2,0.0,684.2,9,184a989f-a21e-44ac-be51-687cb5463f1f,IN-SERVICE,NON-LIQUID,691.04,
2026-08-12T20:05:00+08:00,COLLIE_BESS2,0.0,1188.12,10,184a989f-a21e-44ac-be51-687cb5463f1f,IN-SERVICE,NON-LIQUID,1200.0,
2026-08-12T20:05:00+08:00,COLLIE_ESR4,-250.0,260.16,1,9ae6b27f-b05e-408d-8151-740c3c838fb3,IN-SERVICE,NOT APPLICABLE,260.0,0.0
2026-08-12T20:05:00+08:00,COLLIE_ESR4,250.0,275.75,2,9ae6b27f-b05e-408d-8151-740c3c838fb3,IN-SERVICE,NOT APPLICABLE,275.58,0.0
2026-08-12T20:05:00+08:00,COLLIE_ESR5,-250.0,260.27,1,0fc606ea-22e1-4c6d-876f-7bf5948eee93,IN-SERVICE,NOT APPLICABLE,260.11,0.0
2026-08-12T20:05:00+08:00,COLLIE_ESR5,250.0,275.53,2,0fc606ea-22e1-4c6d-876f-7bf5948eee93,IN-SERVICE,NOT APPLICABLE,275.36,0.0
2026-08-12T20:10:00+08:00,KWINANA_ESR1,-100.0,260.72,1,e7612b48-706d-4da8-83f9-f8a800d224e8,IN-SERVICE,NOT APPLICABLE,260.62,0.0
2026-08-12T20:10:00+08:00,KWINANA_ESR1,100.0,275.33,2,e7612b48-706d-4da8-83f9-f8a800d224e8,IN-SERVICE,NOT APPLICABLE,275.22,0.0
2026-08-12T20:10:00+08:00,COLLIE_ESR1,0.0,-1000.0,1,6de18477-742a-430c-89b1-9e9c810bb857,IN-SERVICE,NON-LIQUID,-999.4,
2026-08-12T20:10:00+08:00,COLLIE_ESR1,-100.0,-42.46,2,6de18477-742a-430c-89b1-9e9c810bb857,IN-SERVICE,NON-LIQUID,-42.43,
2026-08-12T20:10:00+08:00,COLLIE_ESR1,-100.0,-10.0,3,6de18477-742a-430c-89b1-9e9c810bb857,IN-SERVICE,NON-LIQUID,-9.99,
2026-08-12T20:10:00+08:00,COLLIE_ESR1,0.0,34.02,4,6de18477-742a-430c-89b1-9e9c810bb857,IN-SERVICE,NON-LIQUID,34.0,
2026-08-12T20:10:00+08:00,COLLIE_ESR1,0.0,60.0,5,6de18477-742a-430c-89b1-9e9c810bb857,IN-SERVICE,NON-LIQUID,59.96,
2026-08-12T20:10:00+08:00,COLLIE_ESR1,100.0,250.0,6,6de18477-742a-430c-89b1-9e9c810bb857,IN-SERVICE,NON-LIQUID,249.85,
2026-08-12T20:10:00+08:00,COLLIE_ESR1,100.0,255.45,7,6de18477-742a-430c-89b1-9e9c810bb857,IN-SERVICE,NON-LIQUID,255.3,
2026-08-12T20:10:00+08:00,COLLIE_ESR1,0.0,671.92,8,6de18477-742a-430c-89b1-9e9c810bb857,IN-SERVICE,NON-LIQUID,671.52,
2026-08-12T20:10:00+08:00,COLLIE_ESR1,0.0,684.2,9,6de18477-742a-430c-89b1-9e9c810bb857,IN-SERVICE,NON-LIQUID,683.79,
2026-08-12T20:10:00+08:00,COLLIE_ESR1,0.0,1200.0,10,6de18477-742a-430c-89b1-9e9c810bb857,IN-SERVICE,NON-LIQUID,1199.28,
2026-08-12T20:10:00+08:00,KWINANA_ESR2,-225.0,260.51,1,69d7016a-eb65-40e8-ab01-7cbc650f2dde,IN-SERVICE,NOT APPLICABLE,260.25,0.0
2026-08-12T20:10:00+08:00,KWINANA_ESR2,225.0,275.51,2,69d7016a-eb65-40e8-ab01-7cbc650f2dde,IN-SERVICE,NOT APPLICABLE,275.23,0.0
2026-08-12T20:10:00+08:00,COLLIE_BESS2,0.0,-990.1,1,65ecb479-6150-4c67-978d-45b9efa93f00,IN-SERVICE,NON-LIQUID,-1000.0,
2026-08-12T20:10:00+08:00,COLLIE_BESS2,-150.0,-42.46,2,65ecb479-6150-4c67-978d-45b9efa93f00,IN-SERVICE,NON-LIQUID,-42.88,
2026-08-12T20:10:00+08:00,COLLIE_BESS2,-150.0,-10.0,3,65ecb479-6150-4c67-978d-45b9efa93f00,IN-SERVICE,NON-LIQUID,-10.1,
2026-08-12T20:10:00+08:00,COLLIE_BESS2,0.0,34.02,4,65ecb479-6150-4c67-978d-45b9efa93f00,IN-SERVICE,NON-LIQUID,34.36,
2026-08-12T20:10:00+08:00,COLLIE_BESS2,0.0,60.0,5,65ecb479-6150-4c67-978d-45b9efa93f00,IN-SERVICE,NON-LIQUID,60.6,
2026-08-12T20:10:00+08:00,COLLIE_BESS2,150.0,250.0,6,65ecb479-6150-4c67-978d-45b9efa93f00,IN-SERVICE,NON-LIQUID,252.5,
2026-08-12T20:10:00+08:00,COLLIE_BESS2,150.0,255.45,7,65ecb479-6150-4c67-978d-45b9efa93f00,IN-SERVICE,NON-LIQUID,258.0,
2026-08-12T20:10:00+08:00,COLLIE_BESS2,0.0,671.92,8,65ecb479-6150-4c67-978d-45b9efa93f00,IN-SERVICE,NON-LIQUID,678.64,
2026-08-12T20:10:00+08:00,COLLIE_BESS2,0.0,684.2,9,65ecb479-6150-4c67-978d-45b9efa93f00,IN-SERVICE,NON-LIQUID,691.04,
2026-08-12T20:10:00+08:00,COLLIE_BESS2,0.0,1188.12,10,65ecb479-6150-4c67-978d-45b9efa93f00,IN-SERVICE,NON-LIQUID,1200.0,
2026-08-12T20:10:00+08:00,COLLIE_ESR4,-250.0,260.16,1,9ae6b27f-b05e-408d-8151-740c3c838fb3,IN-SERVICE,NOT APPLICABLE,260.0,0.0
2026-08-12T20:10:00+08:00,COLLIE_ESR4,250.0,275.64,2,9ae6b27f-b05e-408d-8151-740c3c838fb3,IN-SERVICE,NOT APPLICABLE,275.47,0.0
2026-08-12T20:10:00+08:00,COLLIE_ESR5,-250.0,260.27,1,0fc606ea-22e1-4c6d-876f-7bf5948eee93,IN-SERVICE,NOT APPLICABLE,260.11,0.0
2026-08-12T20:10:00+08:00,COLLIE_ESR5,250.0,275.53,2,0fc606ea-22e1-4c6d-876f-7bf5948eee93,IN-SERVICE,NOT APPLICABLE,275.36,0.0
2026-08-12T20:15:00+08:00,KWINANA_ESR1,-100.0,260.59,1,e7612b48-706d-4da8-83f9-f8a800d224e8,IN-SERVICE,NOT APPLICABLE,260.49,0.0
2026-08-12T20:15:00+08:00,KWINANA_ESR1,100.0,275.33,2,e7612b48-706d-4da8-83f9-f8a800d224e8,IN-SERVICE,NOT APPLICABLE,275.22,0.0
2026-08-12T20:15:00+08:00,COLLIE_ESR1,0.0,-1000.0,1,663c26bd-8b5e-4209-a67a-5aa08981605e,IN-SERVICE,NON-LIQUID,-999.4,
2026-08-12T20:15:00+08:00,COLLIE_ESR1,-100.0,-42.46,2,663c26bd-8b5e-4209-a67a-5aa08981605e,IN-SERVICE,NON-LIQUID,-42.43,
2026-08-12T20:15:00+08:00,COLLIE_ESR1,-100.0,-10.0,3,663c26bd-8b5e-4209-a67a-5aa08981605e,IN-SERVICE,NON-LIQUID,-9.99,
2026-08-12T20:15:00+08:00,COLLIE_ESR1,0.0,34.02,4,663c26bd-8b5e-4209-a67a-5aa08981605e,IN-SERVICE,NON-LIQUID,34.0,
2026-08-12T20:15:00+08:00,COLLIE_ESR1,0.0,60.0,5,663c26bd-8b5e-4209-a67a-5aa08981605e,IN-SERVICE,NON-LIQUID,59.96,
2026-08-12T20:15:00+08:00,COLLIE_ESR1,100.0,250.0,6,663c26bd-8b5e-4209-a67a-5aa08981605e,IN-SERVICE,NON-LIQUID,249.85,
2026-08-12T20:15:00+08:00,COLLIE_ESR1,100.0,251.72,7,663c26bd-8b5e-4209-a67a-5aa08981605e,IN-SERVICE,NON-LIQUID,251.57,
2026-08-12T20:15:00+08:00,COLLIE_ESR1,0.0,671.92,8,663c26bd-8b5e-4209-a67a-5aa08981605e,IN-SERVICE,NON-LIQUID,671.52,
2026-08-12T20:15:00+08:00,COLLIE_ESR1,0.0,684.2,9,663c26bd-8b5e-4209-a67a-5aa08981605e,IN-SERVICE,NON-LIQUID,683.79,
2026-08-12T20:15:00+08:00,COLLIE_ESR1,0.0,1200.0,10,663c26bd-8b5e-4209-a67a-5aa08981605e,IN-SERVICE,NON-LIQUID,1199.28,
2026-08-12T20:15:00+08:00,KWINANA_ESR2,-225.0,260.51,1,69d7016a-eb65-40e8-ab01-7cbc650f2dde,IN-SERVICE,NOT APPLICABLE,260.25,0.0
2026-08-12T20:15:00+08:00,KWINANA_ESR2,225.0,275.51,2,69d7016a-eb65-40e8-ab01-7cbc650f2dde,IN-SERVICE,NOT APPLICABLE,275.23,0.0
2026-08-12T20:15:00+08:00,COLLIE_BESS2,0.0,-990.1,1,84fa2d57-ca02-437c-bfa9-327cbfb1e001,IN-SERVICE,NON-LIQUID,-1000.0,
2026-08-12T20:15:00+08:00,COLLIE_BESS2,-150.0,-42.46,2,84fa2d57-ca02-437c-bfa9-327cbfb1e001,IN-SERVICE,NON-LIQUID,-42.88,
2026-08-12T20:15:00+08:00,COLLIE_BESS2,-150.0,-10.0,3,84fa2d57-ca02-437c-bfa9-327cbfb1e001,IN-SERVICE,NON-LIQUID,-10.1,
2026-08-12T20:15:00+08:00,COLLIE_BESS2,0.0,34.02,4,84fa2d57-ca02-437c-bfa9-327cbfb1e001,IN-SERVICE,NON-LIQUID,34.36,
2026-08-12T20:15:00+08:00,COLLIE_BESS2,0.0,60.0,5,84fa2d57-ca02-437c-bfa9-327cbfb1e001,IN-SERVICE,NON-LIQUID,60.6,
2026-08-12T20:15:00+08:00,COLLIE_BESS2,150.0,250.0,6,84fa2d57-ca02-437c-bfa9-327cbfb1e001,IN-SERVICE,NON-LIQUID,252.5,
2026-08-12T20:15:00+08:00,COLLIE_BESS2,150.0,251.72,7,84fa2d57-ca02-437c-bfa9-327cbfb1e001,IN-SERVICE,NON-LIQUID,254.24,
2026-08-12T20:15:00+08:00,COLLIE_BESS2,0.0,671.92,8,84fa2d57-ca02-437c-bfa9-327cbfb1e001,IN-SERVICE,NON-LIQUID,678.64,
2026-08-12T20:15:00+08:00,COLLIE_BESS2,0.0,684.2,9,84fa2d57-ca02-437c-bfa9-327cbfb1e001,IN-SERVICE,NON-LIQUID,691.04,
2026-08-12T20:15:00+08:00,COLLIE_BESS2,0.0,1188.12,10,84fa2d57-ca02-437c-bfa9-327cbfb1e001,IN-SERVICE,NON-LIQUID,1200.0,
2026-08-12T20:15:00+08:00,COLLIE_ESR4,-250.0,260.16,1,9ae6b27f-b05e-408d-8151-740c3c838fb3,IN-SERVICE,NOT APPLICABLE,260.0,0.0
2026-08-12T20:15:00+08:00,COLLIE_ESR4,250.0,275.64,2,9ae6b27f-b05e-408d-8151-740c3c838fb3,IN-SERVICE,NOT APPLICABLE,275.47,0.0
2026-08-12T20:15:00+08:00,COLLIE_ESR5,-250.0,260.27,1,0fc606ea-22e1-4c6d-876f-7bf5948eee93,IN-SERVICE,NOT APPLICABLE,260.11,0.0
2026-08-12T20:15:00+08:00,COLLIE_ESR5,250.0,275.53,2,0fc606ea-22e1-4c6d-876f-7bf5948eee93,IN-SERVICE,NOT APPLICABLE,275.36,0.0
2026-08-12T20:20:00+08:00,KWINANA_ESR1,-76.396,249.95,1,2dc43b12-00fa-4625-bc4e-3ced8e404e19,IN-SERVICE,NOT APPLICABLE,249.85,0.0
2026-08-12T20:20:00+08:00,KWINANA_ESR1,-23.604,252.73,2,2dc43b12-00fa-4625-bc4e-3ced8e404e19,IN-SERVICE,NOT APPLICABLE,252.63,0.0
2026-08-12T20:20:00+08:00,KWINANA_ESR1,100.0,267.47,3,2dc43b12-00fa-4625-bc4e-3ced8e404e19,IN-SERVICE,NOT APPLICABLE,267.36,0.0
2026-08-12T20:20:00+08:00,COLLIE_ESR1,0.0,-1000.0,1,56920019-7db3-4bf3-bb27-04e94e5164eb,IN-SERVICE,NON-LIQUID,-999.4,
2026-08-12T20:20:00+08:00,COLLIE_ESR1,-100.0,-42.46,2,56920019-7db3-4bf3-bb27-04e94e5164eb,IN-SERVICE,NON-LIQUID,-42.43,
2026-08-12T20:20:00+08:00,COLLIE_ESR1,-100.0,-10.0,3,56920019-7db3-4bf3-bb27-04e94e5164eb,IN-SERVICE,NON-LIQUID,-9.99,
2026-08-12T20:20:00+08:00,COLLIE_ESR1,0.0,34.02,4,56920019-7db3-4bf3-bb27-04e94e5164eb,IN-SERVICE,NON-LIQUID,34.0,
2026-08-12T20:20:00+08:00,COLLIE_ESR1,0.0,60.0,5,56920019-7db3-4bf3-bb27-04e94e5164eb,IN-SERVICE,NON-LIQUID,59.96,
2026-08-12T20:20:00+08:00,COLLIE_ESR1,100.0,250.0,6,56920019-7db3-4bf3-bb27-04e94e5164eb,IN-SERVICE,NON-LIQUID,249.85,
2026-08-12T20:20:00+08:00,COLLIE_ESR1,100.0,251.19,7,56920019-7db3-4bf3-bb27-04e94e5164eb,IN-SERVICE,NON-LIQUID,251.04,
2026-08-12T20:20:00+08:00,COLLIE_ESR1,0.0,671.92,8,56920019-7db3-4bf3-bb27-04e94e5164eb,IN-SERVICE,NON-LIQUID,671.52,
2026-08-12T20:20:00+08:00,COLLIE_ESR1,0.0,684.2,9,56920019-7db3-4bf3-bb27-04e94e5164eb,IN-SERVICE,NON-LIQUID,683.79,
2026-08-12T20:20:00+08:00,COLLIE_ESR1,0.0,1200.0,10,56920019-7db3-4bf3-bb27-04e94e5164eb,IN-SERVICE,NON-LIQUID,1199.28,
2026-08-12T20:20:00+08:00,KWINANA_ESR2,-225.0,252.87,1,51d64f0d-fe9d-4acd-990c-38af64691ad6,IN-SERVICE,NOT APPLICABLE,252.62,0.0
2026-08-12T20:20:00+08:00,KWINANA_ESR2,225.0,267.87,2,51d64f0d-fe9d-4acd-990c-38af64691ad6,IN-SERVICE,NOT APPLICABLE,267.6,0.0
2026-08-12T20:20:00+08:00,COLLIE_BESS2,0.0,-990.1,1,06b76b1c-a401-4c75-8c15-fe001bbf9b03,IN-SERVICE,NON-LIQUID,-1000.0,
2026-08-12T20:20:00+08:00,COLLIE_BESS2,-150.0,-42.46,2,06b76b1c-a401-4c75-8c15-fe001bbf9b03,IN-SERVICE,NON-LIQUID,-42.88,
2026-08-12T20:20:00+08:00,COLLIE_BESS2,-150.0,-10.0,3,06b76b1c-a401-4c75-8c15-fe001bbf9b03,IN-SERVICE,NON-LIQUID,-10.1,
2026-08-12T20:20:00+08:00,COLLIE_BESS2,0.0,34.02,4,06b76b1c-a401-4c75-8c15-fe001bbf9b03,IN-SERVICE,NON-LIQUID,34.36,
2026-08-12T20:20:00+08:00,COLLIE_BESS2,0.0,60.0,5,06b76b1c-a401-4c75-8c15-fe001bbf9b03,IN-SERVICE,NON-LIQUID,60.6,
2026-08-12T20:20:00+08:00,COLLIE_BESS2,150.0,250.0,6,06b76b1c-a401-4c75-8c15-fe001bbf9b03,IN-SERVICE,NON-LIQUID,252.5,
2026-08-12T20:20:00+08:00,COLLIE_BESS2,150.0,251.19,7,06b76b1c-a401-4c75-8c15-fe001bbf9b03,IN-SERVICE,NON-LIQUID,253.7,
2026-08-12T20:20:00+08:00,COLLIE_BESS2,0.0,671.92,8,06b76b1c-a401-4c75-8c15-fe001bbf9b03,IN-SERVICE,NON-LIQUID,678.64,
2026-08-12T20:20:00+08:00,COLLIE_BESS2,0.0,684.2,9,06b76b1c-a401-4c75-8c15-fe001bbf9b03,IN-SERVICE,NON-LIQUID,691.04,
2026-08-12T20:20:00+08:00,COLLIE_BESS2,0.0,1188.12,10,06b76b1c-a401-4c75-8c15-fe001bbf9b03,IN-SERVICE,NON-LIQUID,1200.0,
2026-08-12T20:20:00+08:00,COLLIE_ESR4,-250.0,234.51,1,a2a74e17-c5a6-4447-bf33-abe251a5429d,IN-SERVICE,NOT APPLICABLE,234.37,0.0
2026-08-12T20:20:00+08:00,COLLIE_ESR4,250.0,268.01,2,a2a74e17-c5a6-4447-bf33-abe251a5429d,IN-SERVICE,NOT APPLICABLE,267.85,0.0
2026-08-12T20:20:00+08:00,COLLIE_ESR5,-250.0,252.64,1,37f5d13c-c984-46e9-b7f6-6046e020b014,IN-SERVICE,NOT APPLICABLE,252.49,0.0
2026-08-12T20:20:00+08:00,COLLIE_ESR5,250.0,267.9,2,37f5d13c-c984-46e9-b7f6-6046e020b014,IN-SERVICE,NOT APPLICABLE,267.74,0.0
2026-08-12T20:25:00+08:00,KWINANA_ESR1,-56.596,242.21,1,2dc43b12-00fa-4625-bc4e-3ced8e404e19,IN-SERVICE,NOT APPLICABLE,242.11,0.0
2026-08-12T20:25:00+08:00,KWINANA_ESR1,-43.404,242.58,2,2dc43b12-00fa-4625-bc4e-3ced8e404e19,IN-SERVICE,NOT APPLICABLE,242.48,0.0
2026-08-12T20:25:00+08:00,KWINANA_ESR1,51.396,257.32,3,2dc43b12-00fa-4625-bc4e-3ced8e404e19,IN-SERVICE,NOT APPLICABLE,257.22,0.0
2026-08-12T20:25:00+08:00,KWINANA_ESR1,48.604,260.1,4,2dc43b12-00fa-4625-bc4e-3ced8e404e19,IN-SERVICE,NOT APPLICABLE,260.0,0.0
2026-08-12T20:25:00+08:00,COLLIE_ESR1,0.0,-1000.0,1,3a9b269c-b5a1-4598-b721-42a763bb8d48,IN-SERVICE,NON-LIQUID,-999.4,
2026-08-12T20:25:00+08:00,COLLIE_ESR1,-100.0,-42.46,2,3a9b269c-b5a1-4598-b721-42a763bb8d48,IN-SERVICE,NON-LIQUID,-42.43,
2026-08-12T20:25:00+08:00,COLLIE_ESR1,-100.0,-10.0,3,3a9b269c-b5a1-4598-b721-42a763bb8d48,IN-SERVICE,NON-LIQUID,-9.99,
2026-08-12T20:25:00+08:00,COLLIE_ESR1,0.0,34.02,4,3a9b269c-b5a1-4598-b721-42a763bb8d48,IN-SERVICE,NON-LIQUID,34.0,
2026-08-12T20:25:00+08:00,COLLIE_ESR1,0.0,60.0,5,3a9b269c-b5a1-4598-b721-42a763bb8d48,IN-SERVICE,NON-LIQUID,59.96,
2026-08-12T20:25:00+08:00,COLLIE_ESR1,100.0,248.71,6,3a9b269c-b5a1-4598-b721-42a763bb8d48,IN-SERVICE,NON-LIQUID,248.56,
2026-08-12T20:25:00+08:00,COLLIE_ESR1,100.0,250.0,7,3a9b269c-b5a1-4598-b721-42a763bb8d48,IN-SERVICE,NON-LIQUID,249.85,
2026-08-12T20:25:00+08:00,COLLIE_ESR1,0.0,671.92,8,3a9b269c-b5a1-4598-b721-42a763bb8d48,IN-SERVICE,NON-LIQUID,671.52,
2026-08-12T20:25:00+08:00,COLLIE_ESR1,0.0,684.2,9,3a9b269c-b5a1-4598-b721-42a763bb8d48,IN-SERVICE,NON-LIQUID,683.79,
2026-08-12T20:25:00+08:00,COLLIE_ESR1,0.0,1200.0,10,3a9b269c-b5a1-4598-b721-42a763bb8d48,IN-SERVICE,NON-LIQUID,1199.28,
2026-08-12T20:25:00+08:00,KWINANA_ESR2,-225.0,242.6,1,51d64f0d-fe9d-4acd-990c-38af64691ad6,IN-SERVICE,NOT APPLICABLE,242.36,0.0
2026-08-12T20:25:00+08:00,KWINANA_ESR2,225.0,267.76,2,51d64f0d-fe9d-4acd-990c-38af64691ad6,IN-SERVICE,NOT APPLICABLE,267.49,0.0
2026-08-12T20:25:00+08:00,COLLIE_BESS2,0.0,-990.1,1,ae906d1f-cd12-4f52-ab71-b8d1a148ffce,IN-SERVICE,NON-LIQUID,-1000.0,
2026-08-12T20:25:00+08:00,COLLIE_BESS2,-150.0,-42.46,2,ae906d1f-cd12-4f52-ab71-b8d1a148ffce,IN-SERVICE,NON-LIQUID,-42.88,
2026-08-12T20:25:00+08:00,COLLIE_BESS2,-150.0,-10.0,3,ae906d1f-cd12-4f52-ab71-b8d1a148ffce,IN-SERVICE,NON-LIQUID,-10.1,
2026-08-12T20:25:00+08:00,COLLIE_BESS2,0.0,34.02,4,ae906d1f-cd12-4f52-ab71-b8d1a148ffce,IN-SERVICE,NON-LIQUID,34.36,
2026-08-12T20:25:00+08:00,COLLIE_BESS2,0.0,60.0,5,ae906d1f-cd12-4f52-ab71-b8d1a148ffce,IN-SERVICE,NON-LIQUID,60.6,
2026-08-12T20:25:00+08:00,COLLIE_BESS2,150.0,248.71,6,ae906d1f-cd12-4f52-ab71-b8d1a148ffce,IN-SERVICE,NON-LIQUID,251.2,
2026-08-12T20:25:00+08:00,COLLIE_BESS2,150.0,250.0,7,ae906d1f-cd12-4f52-ab71-b8d1a148ffce,IN-SERVICE,NON-LIQUID,252.5,
2026-08-12T20:25:00+08:00,COLLIE_BESS2,0.0,671.92,8,ae906d1f-cd12-4f52-ab71-b8d1a148ffce,IN-SERVICE,NON-LIQUID,678.64,
2026-08-12T20:25:00+08:00,COLLIE_BESS2,0.0,684.2,9,ae906d1f-cd12-4f52-ab71-b8d1a148ffce,IN-SERVICE,NON-LIQUID,691.04,
2026-08-12T20:25:00+08:00,COLLIE_BESS2,0.0,1188.12,10,ae906d1f-cd12-4f52-ab71-b8d1a148ffce,IN-SERVICE,NON-LIQUID,1200.0,
2026-08-12T20:25:00+08:00,COLLIE_ESR4,-250.0,217.88,1,a2a74e17-c5a6-4447-bf33-abe251a5429d,IN-SERVICE,NOT APPLICABLE,217.75,0.0
2026-08-12T20:25:00+08:00,COLLIE_ESR4,250.0,268.01,2,a2a74e17-c5a6-4447-bf33-abe251a5429d,IN-SERVICE,NOT APPLICABLE,267.85,0.0
2026-08-12T20:25:00+08:00,COLLIE_ESR5,-233.656,250.0,1,37f5d13c-c984-46e9-b7f6-6046e020b014,IN-SERVICE,NOT APPLICABLE,249.85,0.0
2026-08-12T20:25:00+08:00,COLLIE_ESR5,-16.344,252.53,2,37f5d13c-c984-46e9-b7f6-6046e020b014,IN-SERVICE,NOT APPLICABLE,252.38,0.0
2026-08-12T20:25:00+08:00,COLLIE_ESR5,250.0,267.79,3,37f5d13c-c984-46e9-b7f6-6046e020b014,IN-SERVICE,NOT APPLICABLE,267.63,0.0
2026-08-12T20:30:00+08:00,KWINANA_ESR1,-36.808,225.58,1,2dc43b12-00fa-4625-bc4e-3ced8e404e19,IN-SERVICE,NOT APPLICABLE,225.49,0.0
2026-08-12T20:30:00+08:00,KWINANA_ESR1,-63.192,234.84,2,2dc43b12-00fa-4625-bc4e-3ced8e404e19,IN-SERVICE,NOT APPLICABLE,234.75,0.0
2026-08-12T20:30:00+08:00,KWINANA_ESR1,31.608,249.58,3,2dc43b12-00fa-4625-bc4e-3ced8e404e19,IN-SERVICE,NOT APPLICABLE,249.48,0.0
2026-08-12T20:30:00+08:00,KWINANA_ESR1,68.392,249.95,4,2dc43b12-00fa-4625-bc4e-3ced8e404e19,IN-SERVICE,NOT APPLICABLE,249.85,0.0
2026-08-12T20:30:00+08:00,COLLIE_ESR1,0.0,-1000.0,1,18d913a3-9654-4b67-bc86-daf1f72bd9d4,IN-SERVICE,NON-LIQUID,-999.4,
2026-08-12T20:30:00+08:00,COLLIE_ESR1,-100.0,-42.46,2,18d913a3-9654-4b67-bc86-daf1f72bd9d4,IN-SERVICE,NON-LIQUID,-42.43,
2026-08-12T20:30:00+08:00,COLLIE_ESR1,-100.0,-10.0,3,18d913a3-9654-4b67-bc86-daf1f72bd9d4,IN-SERVICE,NON-LIQUID,-9.99,
2026-08-12T20:30:00+08:00,COLLIE_ESR1,0.0,34.02,4,18d913a3-9654-4b67-bc86-daf1f72bd9d4,IN-SERVICE,NON-LIQUID,34.0,
2026-08-12T20:30:00+08:00,COLLIE_ESR1,0.0,60.0,5,18d913a3-9654-4b67-bc86-daf1f72bd9d4,IN-SERVICE,NON-LIQUID,59.96,
2026-08-12T20:30:00+08:00,COLLIE_ESR1,100.0,206.79,6,18d913a3-9654-4b67-bc86-daf1f72bd9d4,IN-SERVICE,NON-LIQUID,206.67,
2026-08-12T20:30:00+08:00,COLLIE_ESR1,100.0,249.5,7,18d913a3-9654-4b67-bc86-daf1f72bd9d4,IN-SERVICE,NON-LIQUID,249.35,
2026-08-12T20:30:00+08:00,COLLIE_ESR1,0.0,671.92,8,18d913a3-9654-4b67-bc86-daf1f72bd9d4,IN-SERVICE,NON-LIQUID,671.52,
2026-08-12T20:30:00+08:00,COLLIE_ESR1,0.0,684.2,9,18d913a3-9654-4b67-bc86-daf1f72bd9d4,IN-SERVICE,NON-LIQUID,683.79,
2026-08-12T20:30:00+08:00,COLLIE_ESR1,0.0,1200.0,10,18d913a3-9654-4b67-bc86-daf1f72bd9d4,IN-SERVICE,NON-LIQUID,1199.28,
2026-08-12T20:30:00+08:00,KWINANA_ESR2,-225.0,218.21,1,51d64f0d-fe9d-4acd-990c-38af64691ad6,IN-SERVICE,NOT APPLICABLE,217.99,0.0
2026-08-12T20:30:00+08:00,KWINANA_ESR2,225.0,249.85,2,51d64f0d-fe9d-4acd-990c-38af64691ad6,IN-SERVICE,NOT APPLICABLE,249.6,0.0
2026-08-12T20:30:00+08:00,COLLIE_BESS2,0.0,-990.1,1,0a2f1030-d69a-4303-b39c-e7f1f69af032,IN-SERVICE,NON-LIQUID,-1000.0,
2026-08-12T20:30:00+08:00,COLLIE_BESS2,-150.0,-42.46,2,0a2f1030-d69a-4303-b39c-e7f1f69af032,IN-SERVICE,NON-LIQUID,-42.88,
2026-08-12T20:30:00+08:00,COLLIE_BESS2,-150.0,-10.0,3,0a2f1030-d69a-4303-b39c-e7f1f69af032,IN-SERVICE,NON-LIQUID,-10.1,
2026-08-12T20:30:00+08:00,COLLIE_BESS2,0.0,60.0,4,0a2f1030-d69a-4303-b39c-e7f1f69af032,IN-SERVICE,NON-LIQUID,60.6,
2026-08-12T20:30:00+08:00,COLLIE_BESS2,119.0,180.0,5,0a2f1030-d69a-4303-b39c-e7f1f69af032,IN-SERVICE,NON-LIQUID,181.8,
2026-08-12T20:30:00+08:00,COLLIE_BESS2,119.0,206.79,6,0a2f1030-d69a-4303-b39c-e7f1f69af032,IN-SERVICE,NON-LIQUID,208.86,
2026-08-12T20:30:00+08:00,COLLIE_BESS2,15.0,250.0,7,0a2f1030-d69a-4303-b39c-e7f1f69af032,IN-SERVICE,NON-LIQUID,252.5,
2026-08-12T20:30:00+08:00,COLLIE_BESS2,15.0,367.0,8,0a2f1030-d69a-4303-b39c-e7f1f69af032,IN-SERVICE,NON-LIQUID,370.67,
2026-08-12T20:30:00+08:00,COLLIE_BESS2,32.0,622.0,9,0a2f1030-d69a-4303-b39c-e7f1f69af032,IN-SERVICE,NON-LIQUID,628.22,
2026-08-12T20:30:00+08:00,COLLIE_BESS2,0.0,1188.12,10,0a2f1030-d69a-4303-b39c-e7f1f69af032,IN-SERVICE,NON-LIQUID,1200.0,
2026-08-12T20:30:00+08:00,COLLIE_ESR4,-250.0,199.27,1,a2a74e17-c5a6-4447-bf33-abe251a5429d,IN-SERVICE,NOT APPLICABLE,199.15,0.0
2026-08-12T20:30:00+08:00,COLLIE_ESR4,250.0,267.9,2,a2a74e17-c5a6-4447-bf33-abe251a5429d,IN-SERVICE,NOT APPLICABLE,267.74,0.0
2026-08-12T20:30:00+08:00,COLLIE_ESR5,-229.648,242.26,1,37f5d13c-c984-46e9-b7f6-6046e020b014,IN-SERVICE,NOT APPLICABLE,242.11,0.0
2026-08-12T20:30:00+08:00,COLLIE_ESR5,-20.352,242.37,2,37f5d13c-c984-46e9-b7f6-6046e020b014,IN-SERVICE,NOT APPLICABLE,242.22,0.0
2026-08-12T20:30:00+08:00,COLLIE_ESR5,5.0,257.63,3,37f5d13c-c984-46e9-b7f6-6046e020b014,IN-SERVICE,NOT APPLICABLE,257.48,0.0
2026-08-12T20:30:00+08:00,COLLIE_ESR5,245.0,260.16,4,37f5d13c-c984-46e9-b7f6-6046e020b014,IN-SERVICE,NOT APPLICABLE,260.0,0.0
2026-08-12T20:35:00+08:00,KWINANA_ESR1,-100.0,133.84,1,ff83dab8-392a-454e-aa7b-40d8ce46f20c,IN-SERVICE,NOT APPLICABLE,133.79,0.0
2026-08-12T20:35:00+08:00,KWINANA_ESR1,100.0,148.58,2,ff83dab8-392a-454e-aa7b-40d8ce46f20c,IN-SERVICE,NOT APPLICABLE,148.52,0.0
2026-08-12T20:35:00+08:00,COLLIE_ESR1,0.0,-1000.0,1,ba9e5dbb-7d70-4d24-ac3c-ae579e39da86,IN-SERVICE,NON-LIQUID,-999.4,
2026-08-12T20:35:00+08:00,COLLIE_ESR1,-100.0,-42.46,2,ba9e5dbb-7d70-4d24-ac3c-ae579e39da86,IN-SERVICE,NON-LIQUID,-42.43,
2026-08-12T20:35:00+08:00,COLLIE_ESR1,-100.0,-10.0,3,ba9e5dbb-7d70-4d24-ac3c-ae579e39da86,IN-SERVICE,NON-LIQUID,-9.99,
2026-08-12T20:35:00+08:00,COLLIE_ESR1,0.0,34.02,4,ba9e5dbb-7d70-4d24-ac3c-ae579e39da86,IN-SERVICE,NON-LIQUID,34.0,
2026-08-12T20:35:00+08:00,COLLIE_ESR1,0.0,60.0,5,ba9e5dbb-7d70-4d24-ac3c-ae579e39da86,IN-SERVICE,NON-LIQUID,59.96,
2026-08-12T20:35:00+08:00,COLLIE_ESR1,100.0,180.0,6,ba9e5dbb-7d70-4d24-ac3c-ae579e39da86,IN-SERVICE,NON-LIQUID,179.89,
2026-08-12T20:35:00+08:00,COLLIE_ESR1,100.0,206.79,7,ba9e5dbb-7d70-4d24-ac3c-ae579e39da86,IN-SERVICE,NON-LIQUID,206.67,
2026-08-12T20:35:00+08:00,COLLIE_ESR1,0.0,671.92,8,ba9e5dbb-7d70-4d24-ac3c-ae579e39da86,IN-SERVICE,NON-LIQUID,671.52,
2026-08-12T20:35:00+08:00,COLLIE_ESR1,0.0,684.2,9,ba9e5dbb-7d70-4d24-ac3c-ae579e39da86,IN-SERVICE,NON-LIQUID,683.79,
2026-08-12T20:35:00+08:00,COLLIE_ESR1,0.0,1200.0,10,ba9e5dbb-7d70-4d24-ac3c-ae579e39da86,IN-SERVICE,NON-LIQUID,1199.28,
2026-08-12T20:35:00+08:00,KWINANA_ESR2,-225.0,90.15,1,9ea02e99-e9b5-4efa-a4f6-7d2d290746ef,IN-SERVICE,NOT APPLICABLE,90.06,0.0
2026-08-12T20:35:00+08:00,KWINANA_ESR2,225.0,121.77,2,9ea02e99-e9b5-4efa-a4f6-7d2d290746ef,IN-SERVICE,NOT APPLICABLE,121.65,0.0
2026-08-12T20:35:00+08:00,COLLIE_BESS2,0.0,-990.1,1,8a28c83b-3860-47f7-bfb8-ff2e54bbcd71,IN-SERVICE,NON-LIQUID,-1000.0,
2026-08-12T20:35:00+08:00,COLLIE_BESS2,-150.0,-42.46,2,8a28c83b-3860-47f7-bfb8-ff2e54bbcd71,IN-SERVICE,NON-LIQUID,-42.88,
2026-08-12T20:35:00+08:00,COLLIE_BESS2,-150.0,-10.0,3,8a28c83b-3860-47f7-bfb8-ff2e54bbcd71,IN-SERVICE,NON-LIQUID,-10.1,
2026-08-12T20:35:00+08:00,COLLIE_BESS2,0.0,60.0,4,8a28c83b-3860-47f7-bfb8-ff2e54bbcd71,IN-SERVICE,NON-LIQUID,60.6,
2026-08-12T20:35:00+08:00,COLLIE_BESS2,105.0,180.0,5,8a28c83b-3860-47f7-bfb8-ff2e54bbcd71,IN-SERVICE,NON-LIQUID,181.8,
2026-08-12T20:35:00+08:00,COLLIE_BESS2,105.0,206.79,6,8a28c83b-3860-47f7-bfb8-ff2e54bbcd71,IN-SERVICE,NON-LIQUID,208.86,
2026-08-12T20:35:00+08:00,COLLIE_BESS2,22.0,250.0,7,8a28c83b-3860-47f7-bfb8-ff2e54bbcd71,IN-SERVICE,NON-LIQUID,252.5,
2026-08-12T20:35:00+08:00,COLLIE_BESS2,22.0,367.0,8,8a28c83b-3860-47f7-bfb8-ff2e54bbcd71,IN-SERVICE,NON-LIQUID,370.67,
2026-08-12T20:35:00+08:00,COLLIE_BESS2,46.0,622.0,9,8a28c83b-3860-47f7-bfb8-ff2e54bbcd71,IN-SERVICE,NON-LIQUID,628.22,
2026-08-12T20:35:00+08:00,COLLIE_BESS2,0.0,1188.12,10,8a28c83b-3860-47f7-bfb8-ff2e54bbcd71,IN-SERVICE,NON-LIQUID,1200.0,
2026-08-12T20:35:00+08:00,COLLIE_ESR4,-250.0,89.87,1,8ad8ff2e-db3f-4046-a2c4-0139781e8ac0,IN-SERVICE,NOT APPLICABLE,89.82,0.0
2026-08-12T20:35:00+08:00,COLLIE_ESR4,250.0,129.34,2,8ad8ff2e-db3f-4046-a2c4-0139781e8ac0,IN-SERVICE,NOT APPLICABLE,129.26,0.0
2026-08-12T20:35:00+08:00,COLLIE_ESR5,-250.0,106.6,1,dc5d074b-e96d-4578-beec-fa0764c64694,IN-SERVICE,NOT APPLICABLE,106.54,0.0
2026-08-12T20:35:00+08:00,COLLIE_ESR5,250.0,131.96,2,dc5d074b-e96d-4578-beec-fa0764c64694,IN-SERVICE,NOT APPLICABLE,131.88,0.0
2026-08-12T20:40:00+08:00,KWINANA_ESR1,-100.0,127.24,1,ff83dab8-392a-454e-aa7b-40d8ce46f20c,IN-SERVICE,NOT APPLICABLE,127.19,0.0
2026-08-12T20:40:00+08:00,KWINANA_ESR1,100.0,141.98,2,ff83dab8-392a-454e-aa7b-40d8ce46f20c,IN-SERVICE,NOT APPLICABLE,141.92,0.0
2026-08-12T20:40:00+08:00,COLLIE_ESR1,0.0,-1000.0,1,708cf3ea-ac12-4112-906e-bc89a95f1898,IN-SERVICE,NON-LIQUID,-999.4,
2026-08-12T20:40:00+08:00,COLLIE_ESR1,-100.0,-42.46,2,708cf3ea-ac12-4112-906e-bc89a95f1898,IN-SERVICE,NON-LIQUID,-42.43,
2026-08-12T20:40:00+08:00,COLLIE_ESR1,-100.0,-10.0,3,708cf3ea-ac12-4112-906e-bc89a95f1898,IN-SERVICE,NON-LIQUID,-9.99,
2026-08-12T20:40:00+08:00,COLLIE_ESR1,0.0,34.02,4,708cf3ea-ac12-4112-906e-bc89a95f1898,IN-SERVICE,NON-LIQUID,34.0,
2026-08-12T20:40:00+08:00,COLLIE_ESR1,0.0,60.0,5,708cf3ea-ac12-4112-906e-bc89a95f1898,IN-SERVICE,NON-LIQUID,59.96,
2026-08-12T20:40:00+08:00,COLLIE_ESR1,100.0,176.6,6,708cf3ea-ac12-4112-906e-bc89a95f1898,IN-SERVICE,NON-LIQUID,176.49,
2026-08-12T20:40:00+08:00,COLLIE_ESR1,100.0,180.0,7,708cf3ea-ac12-4112-906e-bc89a95f1898,IN-SERVICE,NON-LIQUID,179.89,
2026-08-12T20:40:00+08:00,COLLIE_ESR1,0.0,671.92,8,708cf3ea-ac12-4112-906e-bc89a95f1898,IN-SERVICE,NON-LIQUID,671.52,
2026-08-12T20:40:00+08:00,COLLIE_ESR1,0.0,684.2,9,708cf3ea-ac12-4112-906e-bc89a95f1898,IN-SERVICE,NON-LIQUID,683.79,
2026-08-12T20:40:00+08:00,COLLIE_ESR1,0.0,1200.0,10,708cf3ea-ac12-4112-906e-bc89a95f1898,IN-SERVICE,NON-LIQUID,1199.28,
2026-08-12T20:40:00+08:00,KWINANA_ESR2,-225.0,90.15,1,9ea02e99-e9b5-4efa-a4f6-7d2d290746ef,IN-SERVICE,NOT APPLICABLE,90.06,0.0
2026-08-12T20:40:00+08:00,KWINANA_ESR2,225.0,121.77,2,9ea02e99-e9b5-4efa-a4f6-7d2d290746ef,IN-SERVICE,NOT APPLICABLE,121.65,0.0
2026-08-12T20:40:00+08:00,COLLIE_BESS2,0.0,-990.1,1,1bfc5253-4a2f-48e8-a275-a805305a256d,IN-SERVICE,NON-LIQUID,-1000.0,
2026-08-12T20:40:00+08:00,COLLIE_BESS2,-150.0,-42.46,2,1bfc5253-4a2f-48e8-a275-a805305a256d,IN-SERVICE,NON-LIQUID,-42.88,
2026-08-12T20:40:00+08:00,COLLIE_BESS2,-150.0,-10.0,3,1bfc5253-4a2f-48e8-a275-a805305a256d,IN-SERVICE,NON-LIQUID,-10.1,
2026-08-12T20:40:00+08:00,COLLIE_BESS2,0.0,60.0,4,1bfc5253-4a2f-48e8-a275-a805305a256d,IN-SERVICE,NON-LIQUID,60.6,
2026-08-12T20:40:00+08:00,COLLIE_BESS2,105.0,176.6,5,1bfc5253-4a2f-48e8-a275-a805305a256d,IN-SERVICE,NON-LIQUID,178.37,
2026-08-12T20:40:00+08:00,COLLIE_BESS2,105.0,180.0,6,1bfc5253-4a2f-48e8-a275-a805305a256d,IN-SERVICE,NON-LIQUID,181.8,
2026-08-12T20:40:00+08:00,COLLIE_BESS2,22.0,250.0,7,1bfc5253-4a2f-48e8-a275-a805305a256d,IN-SERVICE,NON-LIQUID,252.5,
2026-08-12T20:40:00+08:00,COLLIE_BESS2,22.0,367.0,8,1bfc5253-4a2f-48e8-a275-a805305a256d,IN-SERVICE,NON-LIQUID,370.67,
2026-08-12T20:40:00+08:00,COLLIE_BESS2,46.0,622.0,9,1bfc5253-4a2f-48e8-a275-a805305a256d,IN-SERVICE,NON-LIQUID,628.22,
2026-08-12T20:40:00+08:00,COLLIE_BESS2,0.0,1188.12,10,1bfc5253-4a2f-48e8-a275-a805305a256d,IN-SERVICE,NON-LIQUID,1200.0,
2026-08-12T20:40:00+08:00,COLLIE_ESR4,-250.0,89.87,1,8ad8ff2e-db3f-4046-a2c4-0139781e8ac0,IN-SERVICE,NOT APPLICABLE,89.82,0.0
2026-08-12T20:40:00+08:00,COLLIE_ESR4,250.0,121.97,2,8ad8ff2e-db3f-4046-a2c4-0139781e8ac0,IN-SERVICE,NOT APPLICABLE,121.9,0.0
2026-08-12T20:40:00+08:00,COLLIE_ESR5,-250.0,89.98,1,dc5d074b-e96d-4578-beec-fa0764c64694,IN-SERVICE,NOT APPLICABLE,89.93,0.0
2026-08-12T20:40:00+08:00,COLLIE_ESR5,250.0,131.96,2,dc5d074b-e96d-4578-beec-fa0764c64694,IN-SERVICE,NOT APPLICABLE,131.88,0.0
2026-08-12T20:45:00+08:00,KWINANA_ESR1,-100.0,125.57,1,ff83dab8-392a-454e-aa7b-40d8ce46f20c,IN-SERVICE,NOT APPLICABLE,125.52,0.0
2026-08-12T20:45:00+08:00,KWINANA_ESR1,100.0,140.31,2,ff83dab8-392a-454e-aa7b-40d8ce46f20c,IN-SERVICE,NOT APPLICABLE,140.25,0.0
2026-08-12T20:45:00+08:00,COLLIE_ESR1,0.0,-1000.0,1,c2dddd62-e94d-426b-9923-af3489b5c943,IN-SERVICE,NON-LIQUID,-999.4,
2026-08-12T20:45:00+08:00,COLLIE_ESR1,-100.0,-42.46,2,c2dddd62-e94d-426b-9923-af3489b5c943,IN-SERVICE,NON-LIQUID,-42.43,
2026-08-12T20:45:00+08:00,COLLIE_ESR1,-100.0,-10.0,3,c2dddd62-e94d-426b-9923-af3489b5c943,IN-SERVICE,NON-LIQUID,-9.99,
2026-08-12T20:45:00+08:00,COLLIE_ESR1,0.0,34.02,4,c2dddd62-e94d-426b-9923-af3489b5c943,IN-SERVICE,NON-LIQUID,34.0,
2026-08-12T20:45:00+08:00,COLLIE_ESR1,0.0,60.0,5,c2dddd62-e94d-426b-9923-af3489b5c943,IN-SERVICE,NON-LIQUID,59.96,
2026-08-12T20:45:00+08:00,COLLIE_ESR1,100.0,116.76,6,c2dddd62-e94d-426b-9923-af3489b5c943,IN-SERVICE,NON-LIQUID,116.69,
2026-08-12T20:45:00+08:00,COLLIE_ESR1,100.0,124.5,7,c2dddd62-e94d-426b-9923-af3489b5c943,IN-SERVICE,NON-LIQUID,124.43,
2026-08-12T20:45:00+08:00,COLLIE_ESR1,0.0,671.92,8,c2dddd62-e94d-426b-9923-af3489b5c943,IN-SERVICE,NON-LIQUID,671.52,
2026-08-12T20:45:00+08:00,COLLIE_ESR1,0.0,684.2,9,c2dddd62-e94d-426b-9923-af3489b5c943,IN-SERVICE,NON-LIQUID,683.79,
2026-08-12T20:45:00+08:00,COLLIE_ESR1,0.0,1200.0,10,c2dddd62-e94d-426b-9923-af3489b5c943,IN-SERVICE,NON-LIQUID,1199.28,
2026-08-12T20:45:00+08:00,KWINANA_ESR2,-225.0,90.15,1,9ea02e99-e9b5-4efa-a4f6-7d2d290746ef,IN-SERVICE,NOT APPLICABLE,90.06,0.0
2026-08-12T20:45:00+08:00,KWINANA_ESR2,225.0,121.77,2,9ea02e99-e9b5-4efa-a4f6-7d2d290746ef,IN-SERVICE,NOT APPLICABLE,121.65,0.0
2026-08-12T20:45:00+08:00,COLLIE_BESS2,0.0,-990.1,1,6922d315-1576-40b6-82ef-f9b19807c9dc,IN-SERVICE,NON-LIQUID,-1000.0,
2026-08-12T20:45:00+08:00,COLLIE_BESS2,-150.0,-42.46,2,6922d315-1576-40b6-82ef-f9b19807c9dc,IN-SERVICE,NON-LIQUID,-42.88,
2026-08-12T20:45:00+08:00,COLLIE_BESS2,-150.0,-10.0,3,6922d315-1576-40b6-82ef-f9b19807c9dc,IN-SERVICE,NON-LIQUID,-10.1,
2026-08-12T20:45:00+08:00,COLLIE_BESS2,0.0,60.0,4,6922d315-1576-40b6-82ef-f9b19807c9dc,IN-SERVICE,NON-LIQUID,60.6,
2026-08-12T20:45:00+08:00,COLLIE_BESS2,105.0,108.76,5,6922d315-1576-40b6-82ef-f9b19807c9dc,IN-SERVICE,NON-LIQUID,109.85,
2026-08-12T20:45:00+08:00,COLLIE_BESS2,105.0,116.76,6,6922d315-1576-40b6-82ef-f9b19807c9dc,IN-SERVICE,NON-LIQUID,117.93,
2026-08-12T20:45:00+08:00,COLLIE_BESS2,22.0,250.0,7,6922d315-1576-40b6-82ef-f9b19807c9dc,IN-SERVICE,NON-LIQUID,252.5,
2026-08-12T20:45:00+08:00,COLLIE_BESS2,22.0,367.0,8,6922d315-1576-40b6-82ef-f9b19807c9dc,IN-SERVICE,NON-LIQUID,370.67,
2026-08-12T20:45:00+08:00,COLLIE_BESS2,46.0,622.0,9,6922d315-1576-40b6-82ef-f9b19807c9dc,IN-SERVICE,NON-LIQUID,628.22,
2026-08-12T20:45:00+08:00,COLLIE_BESS2,0.0,1188.12,10,6922d315-1576-40b6-82ef-f9b19807c9dc,IN-SERVICE,NON-LIQUID,1200.0,
2026-08-12T20:45:00+08:00,COLLIE_ESR4,-250.0,85.64,1,8ad8ff2e-db3f-4046-a2c4-0139781e8ac0,IN-SERVICE,NOT APPLICABLE,85.59,0.0
2026-08-12T20:45:00+08:00,COLLIE_ESR4,250.0,105.35,2,8ad8ff2e-db3f-4046-a2c4-0139781e8ac0,IN-SERVICE,NOT APPLICABLE,105.29,0.0
2026-08-12T20:45:00+08:00,COLLIE_ESR5,-250.0,89.98,1,dc5d074b-e96d-4578-beec-fa0764c64694,IN-SERVICE,NOT APPLICABLE,89.93,0.0
2026-08-12T20:45:00+08:00,COLLIE_ESR5,250.0,129.23,2,dc5d074b-e96d-4578-beec-fa0764c64694,IN-SERVICE,NOT APPLICABLE,129.15,0.0
2026-08-12T20:50:00+08:00,KWINANA_ESR1,-100.0,88.04,1,8aa32f6c-371d-470a-83a9-15229f101406,IN-SERVICE,NOT APPLICABLE,88.0,0.0
2026-08-12T20:50:00+08:00,KWINANA_ESR1,100.0,102.78,2,8aa32f6c-371d-470a-83a9-15229f101406,IN-SERVICE,NOT APPLICABLE,102.74,0.0
2026-08-12T20:50:00+08:00,COLLIE_ESR1,0.0,-1000.0,1,08c88c76-2d12-47b4-8e39-b779bb5ea911,IN-SERVICE,NON-LIQUID,-999.4,
2026-08-12T20:50:00+08:00,COLLIE_ESR1,-100.0,-42.46,2,08c88c76-2d12-47b4-8e39-b779bb5ea911,IN-SERVICE,NON-LIQUID,-42.43,
2026-08-12T20:50:00+08:00,COLLIE_ESR1,-100.0,-10.0,3,08c88c76-2d12-47b4-8e39-b779bb5ea911,IN-SERVICE,NON-LIQUID,-9.99,
2026-08-12T20:50:00+08:00,COLLIE_ESR1,0.0,34.02,4,08c88c76-2d12-47b4-8e39-b779bb5ea911,IN-SERVICE,NON-LIQUID,34.0,
2026-08-12T20:50:00+08:00,COLLIE_ESR1,0.0,60.0,5,08c88c76-2d12-47b4-8e39-b779bb5ea911,IN-SERVICE,NON-LIQUID,59.96,
2026-08-12T20:50:00+08:00,COLLIE_ESR1,50.0,250.0,6,08c88c76-2d12-47b4-8e39-b779bb5ea911,IN-SERVICE,NON-LIQUID,249.85,
2026-08-12T20:50:00+08:00,COLLIE_ESR1,100.0,367.0,7,08c88c76-2d12-47b4-8e39-b779bb5ea911,IN-SERVICE,NON-LIQUID,366.78,
2026-08-12T20:50:00+08:00,COLLIE_ESR1,50.0,622.0,8,08c88c76-2d12-47b4-8e39-b779bb5ea911,IN-SERVICE,NON-LIQUID,621.63,
2026-08-12T20:50:00+08:00,COLLIE_ESR1,0.0,684.2,9,08c88c76-2d12-47b4-8e39-b779bb5ea911,IN-SERVICE,NON-LIQUID,683.79,
2026-08-12T20:50:00+08:00,COLLIE_ESR1,0.0,1200.0,10,08c88c76-2d12-47b4-8e39-b779bb5ea911,IN-SERVICE,NON-LIQUID,1199.28,
2026-08-12T20:50:00+08:00,KWINANA_ESR2,-225.0,87.72,1,ceb03ff3-270d-4e60-b4cc-e87edd5dd85f,IN-SERVICE,NOT APPLICABLE,87.63,0.0
2026-08-12T20:50:00+08:00,KWINANA_ESR2,225.0,102.73,2,ceb03ff3-270d-4e60-b4cc-e87edd5dd85f,IN-SERVICE,NOT APPLICABLE,102.63,0.0
2026-08-12T20:50:00+08:00,COLLIE_BESS2,0.0,-990.1,1,aa5bd86e-887e-40da-8ac8-b9d240210e50,IN-SERVICE,NON-LIQUID,-1000.0,
2026-08-12T20:50:00+08:00,COLLIE_BESS2,-150.0,-42.46,2,aa5bd86e-887e-40da-8ac8-b9d240210e50,IN-SERVICE,NON-LIQUID,-42.88,
2026-08-12T20:50:00+08:00,COLLIE_BESS2,-150.0,-10.0,3,aa5bd86e-887e-40da-8ac8-b9d240210e50,IN-SERVICE,NON-LIQUID,-10.1,
2026-08-12T20:50:00+08:00,COLLIE_BESS2,0.0,34.02,4,aa5bd86e-887e-40da-8ac8-b9d240210e50,IN-SERVICE,NON-LIQUID,34.36,
2026-08-12T20:50:00+08:00,COLLIE_BESS2,0.0,60.0,5,aa5bd86e-887e-40da-8ac8-b9d240210e50,IN-SERVICE,NON-LIQUID,60.6,
2026-08-12T20:50:00+08:00,COLLIE_BESS2,75.0,250.0,6,aa5bd86e-887e-40da-8ac8-b9d240210e50,IN-SERVICE,NON-LIQUID,252.5,
2026-08-12T20:50:00+08:00,COLLIE_BESS2,75.0,367.0,7,aa5bd86e-887e-40da-8ac8-b9d240210e50,IN-SERVICE,NON-LIQUID,370.67,
2026-08-12T20:50:00+08:00,COLLIE_BESS2,150.0,622.0,8,aa5bd86e-887e-40da-8ac8-b9d240210e50,IN-SERVICE,NON-LIQUID,628.22,
2026-08-12T20:50:00+08:00,COLLIE_BESS2,0.0,684.2,9,aa5bd86e-887e-40da-8ac8-b9d240210e50,IN-SERVICE,NON-LIQUID,691.04,
2026-08-12T20:50:00+08:00,COLLIE_BESS2,0.0,1188.12,10,aa5bd86e-887e-40da-8ac8-b9d240210e50,IN-SERVICE,NON-LIQUID,1200.0,
2026-08-12T20:50:00+08:00,COLLIE_ESR4,-250.0,87.45,1,5f6773a2-4214-4a54-9d19-be4b38660987,IN-SERVICE,NOT APPLICABLE,87.4,0.0
2026-08-12T20:50:00+08:00,COLLIE_ESR4,250.0,102.93,2,5f6773a2-4214-4a54-9d19-be4b38660987,IN-SERVICE,NOT APPLICABLE,102.87,0.0
2026-08-12T20:50:00+08:00,COLLIE_ESR5,-250.0,87.56,1,fc6416ad-7231-43fa-b859-d4b19d78a118,IN-SERVICE,NOT APPLICABLE,87.51,0.0
2026-08-12T20:50:00+08:00,COLLIE_ESR5,250.0,102.82,2,fc6416ad-7231-43fa-b859-d4b19d78a118,IN-SERVICE,NOT APPLICABLE,102.76,0.0
2026-08-12T20:55:00+08:00,KWINANA_ESR1,-100.0,88.04,1,8aa32f6c-371d-470a-83a9-15229f101406,IN-SERVICE,NOT APPLICABLE,88.0,0.0
2026-08-12T20:55:00+08:00,KWINANA_ESR1,100.0,102.78,2,8aa32f6c-371d-470a-83a9-15229f101406,IN-SERVICE,NOT APPLICABLE,102.74,0.0
2026-08-12T20:55:00+08:00,COLLIE_ESR1,0.0,-1000.0,1,cd67e537-a9a5-406d-bd41-4c154f46afae,IN-SERVICE,NON-LIQUID,-999.4,
2026-08-12T20:55:00+08:00,COLLIE_ESR1,-100.0,-42.46,2,cd67e537-a9a5-406d-bd41-4c154f46afae,IN-SERVICE,NON-LIQUID,-42.43,
2026-08-12T20:55:00+08:00,COLLIE_ESR1,-100.0,-10.0,3,cd67e537-a9a5-406d-bd41-4c154f46afae,IN-SERVICE,NON-LIQUID,-9.99,
2026-08-12T20:55:00+08:00,COLLIE_ESR1,0.0,34.02,4,cd67e537-a9a5-406d-bd41-4c154f46afae,IN-SERVICE,NON-LIQUID,34.0,
2026-08-12T20:55:00+08:00,COLLIE_ESR1,0.0,60.0,5,cd67e537-a9a5-406d-bd41-4c154f46afae,IN-SERVICE,NON-LIQUID,59.96,
2026-08-12T20:55:00+08:00,COLLIE_ESR1,50.0,250.0,6,cd67e537-a9a5-406d-bd41-4c154f46afae,IN-SERVICE,NON-LIQUID,249.85,
2026-08-12T20:55:00+08:00,COLLIE_ESR1,100.0,367.0,7,cd67e537-a9a5-406d-bd41-4c154f46afae,IN-SERVICE,NON-LIQUID,366.78,
2026-08-12T20:55:00+08:00,COLLIE_ESR1,50.0,622.0,8,cd67e537-a9a5-406d-bd41-4c154f46afae,IN-SERVICE,NON-LIQUID,621.63,
2026-08-12T20:55:00+08:00,COLLIE_ESR1,0.0,684.2,9,cd67e537-a9a5-406d-bd41-4c154f46afae,IN-SERVICE,NON-LIQUID,683.79,
2026-08-12T20:55:00+08:00,COLLIE_ESR1,0.0,1200.0,10,cd67e537-a9a5-406d-bd41-4c154f46afae,IN-SERVICE,NON-LIQUID,1199.28,
2026-08-12T20:55:00+08:00,KWINANA_ESR2,-225.0,87.72,1,ceb03ff3-270d-4e60-b4cc-e87edd5dd85f,IN-SERVICE,NOT APPLICABLE,87.63,0.0
2026-08-12T20:55:00+08:00,KWINANA_ESR2,225.0,102.73,2,ceb03ff3-270d-4e60-b4cc-e87edd5dd85f,IN-SERVICE,NOT APPLICABLE,102.63,0.0
2026-08-12T20:55:00+08:00,COLLIE_BESS2,0.0,-990.1,1,5c5dd3cc-11a0-4397-a8a5-750c858d9c3b,IN-SERVICE,NON-LIQUID,-1000.0,
2026-08-12T20:55:00+08:00,COLLIE_BESS2,-150.0,-42.46,2,5c5dd3cc-11a0-4397-a8a5-750c858d9c3b,IN-SERVICE,NON-LIQUID,-42.88,
2026-08-12T20:55:00+08:00,COLLIE_BESS2,-150.0,-10.0,3,5c5dd3cc-11a0-4397-a8a5-750c858d9c3b,IN-SERVICE,NON-LIQUID,-10.1,
2026-08-12T20:55:00+08:00,COLLIE_BESS2,0.0,34.02,4,5c5dd3cc-11a0-4397-a8a5-750c858d9c3b,IN-SERVICE,NON-LIQUID,34.36,
2026-08-12T20:55:00+08:00,COLLIE_BESS2,0.0,60.0,5,5c5dd3cc-11a0-4397-a8a5-750c858d9c3b,IN-SERVICE,NON-LIQUID,60.6,
2026-08-12T20:55:00+08:00,COLLIE_BESS2,75.0,250.0,6,5c5dd3cc-11a0-4397-a8a5-750c858d9c3b,IN-SERVICE,NON-LIQUID,252.5,
2026-08-12T20:55:00+08:00,COLLIE_BESS2,75.0,367.0,7,5c5dd3cc-11a0-4397-a8a5-750c858d9c3b,IN-SERVICE,NON-LIQUID,370.67,
2026-08-12T20:55:00+08:00,COLLIE_BESS2,150.0,622.0,8,5c5dd3cc-11a0-4397-a8a5-750c858d9c3b,IN-SERVICE,NON-LIQUID,628.22,
2026-08-12T20:55:00+08:00,COLLIE_BESS2,0.0,684.2,9,5c5dd3cc-11a0-4397-a8a5-750c858d9c3b,IN-SERVICE,NON-LIQUID,691.04,
2026-08-12T20:55:00+08:00,COLLIE_BESS2,0.0,1188.12,10,5c5dd3cc-11a0-4397-a8a5-750c858d9c3b,IN-SERVICE,NON-LIQUID,1200.0,
2026-08-12T20:55:00+08:00,COLLIE_ESR4,-250.0,87.45,1,5f6773a2-4214-4a54-9d19-be4b38660987,IN-SERVICE,NOT APPLICABLE,87.4,0.0
2026-08-12T20:55:00+08:00,COLLIE_ESR4,250.0,102.93,2,5f6773a2-4214-4a54-9d19-be4b38660987,IN-SERVICE,NOT APPLICABLE,102.87,0.0
2026-08-12T20:55:00+08:00,COLLIE_ESR5,-250.0,87.56,1,fc6416ad-7231-43fa-b859-d4b19d78a118,IN-SERVICE,NOT APPLICABLE,87.51,0.0
2026-08-12T20:55:00+08:00,COLLIE_ESR5,250.0,102.82,2,fc6416ad-7231-43fa-b859-d4b19d78a118,IN-SERVICE,NOT APPLICABLE,102.76,0.0
2026-08-12T21:00:00+08:00,KWINANA_ESR1,-100.0,88.04,1,8aa32f6c-371d-470a-83a9-15229f101406,IN-SERVICE,NOT APPLICABLE,88.0,0.0
2026-08-12T21:00:00+08:00,KWINANA_ESR1,100.0,102.78,2,8aa32f6c-371d-470a-83a9-15229f101406,IN-SERVICE,NOT APPLICABLE,102.74,0.0
2026-08-12T21:00:00+08:00,COLLIE_ESR1,0.0,-1000.0,1,5d2f0b19-de30-45b5-9114-c0093bc71069,IN-SERVICE,NON-LIQUID,-999.4,
2026-08-12T21:00:00+08:00,COLLIE_ESR1,-25.0,-42.46,2,5d2f0b19-de30-45b5-9114-c0093bc71069,IN-SERVICE,NON-LIQUID,-42.43,
2026-08-12T21:00:00+08:00,COLLIE_ESR1,-26.0,-10.0,3,5d2f0b19-de30-45b5-9114-c0093bc71069,IN-SERVICE,NON-LIQUID,-9.99,
2026-08-12T21:00:00+08:00,COLLIE_ESR1,0.0,34.02,4,5d2f0b19-de30-45b5-9114-c0093bc71069,IN-SERVICE,NON-LIQUID,34.0,
2026-08-12T21:00:00+08:00,COLLIE_ESR1,-149.0,105.0,5,5d2f0b19-de30-45b5-9114-c0093bc71069,IN-SERVICE,NON-LIQUID,104.94,
2026-08-12T21:00:00+08:00,COLLIE_ESR1,50.0,250.0,6,5d2f0b19-de30-45b5-9114-c0093bc71069,IN-SERVICE,NON-LIQUID,249.85,
2026-08-12T21:00:00+08:00,COLLIE_ESR1,100.0,367.0,7,5d2f0b19-de30-45b5-9114-c0093bc71069,IN-SERVICE,NON-LIQUID,366.78,
2026-08-12T21:00:00+08:00,COLLIE_ESR1,50.0,622.0,8,5d2f0b19-de30-45b5-9114-c0093bc71069,IN-SERVICE,NON-LIQUID,621.63,
2026-08-12T21:00:00+08:00,COLLIE_ESR1,0.0,927.28,9,5d2f0b19-de30-45b5-9114-c0093bc71069,IN-SERVICE,NON-LIQUID,926.72,
2026-08-12T21:00:00+08:00,COLLIE_ESR1,0.0,1200.0,10,5d2f0b19-de30-45b5-9114-c0093bc71069,IN-SERVICE,NON-LIQUID,1199.28,
2026-08-12T21:00:00+08:00,KWINANA_ESR2,-225.0,87.72,1,ceb03ff3-270d-4e60-b4cc-e87edd5dd85f,IN-SERVICE,NOT APPLICABLE,87.63,0.0
2026-08-12T21:00:00+08:00,KWINANA_ESR2,225.0,102.73,2,ceb03ff3-270d-4e60-b4cc-e87edd5dd85f,IN-SERVICE,NOT APPLICABLE,102.63,0.0
2026-08-12T21:00:00+08:00,COLLIE_BESS2,0.0,-990.1,1,2f8ba562-81eb-4160-bbdb-6df45e4cf833,IN-SERVICE,NON-LIQUID,-1000.0,
2026-08-12T21:00:00+08:00,COLLIE_BESS2,-53.0,-42.46,2,2f8ba562-81eb-4160-bbdb-6df45e4cf833,IN-SERVICE,NON-LIQUID,-42.88,
2026-08-12T21:00:00+08:00,COLLIE_BESS2,-53.0,-10.0,3,2f8ba562-81eb-4160-bbdb-6df45e4cf833,IN-SERVICE,NON-LIQUID,-10.1,
2026-08-12T21:00:00+08:00,COLLIE_BESS2,0.0,34.02,4,2f8ba562-81eb-4160-bbdb-6df45e4cf833,IN-SERVICE,NON-LIQUID,34.36,
2026-08-12T21:00:00+08:00,COLLIE_BESS2,-194.0,105.0,5,2f8ba562-81eb-4160-bbdb-6df45e4cf833,IN-SERVICE,NON-LIQUID,106.05,
2026-08-12T21:00:00+08:00,COLLIE_BESS2,75.0,250.0,6,2f8ba562-81eb-4160-bbdb-6df45e4cf833,IN-SERVICE,NON-LIQUID,252.5,
2026-08-12T21:00:00+08:00,COLLIE_BESS2,75.0,367.0,7,2f8ba562-81eb-4160-bbdb-6df45e4cf833,IN-SERVICE,NON-LIQUID,370.67,
2026-08-12T21:00:00+08:00,COLLIE_BESS2,150.0,622.0,8,2f8ba562-81eb-4160-bbdb-6df45e4cf833,IN-SERVICE,NON-LIQUID,628.22,
2026-08-12T21:00:00+08:00,COLLIE_BESS2,0.0,927.28,9,2f8ba562-81eb-4160-bbdb-6df45e4cf833,IN-SERVICE,NON-LIQUID,936.55,
2026-08-12T21:00:00+08:00,COLLIE_BESS2,0.0,1188.12,10,2f8ba562-81eb-4160-bbdb-6df45e4cf833,IN-SERVICE,NON-LIQUID,1200.0,
2026-08-12T21:00:00+08:00,COLLIE_ESR4,-250.0,87.45,1,5f6773a2-4214-4a54-9d19-be4b38660987,IN-SERVICE,NOT APPLICABLE,87.4,0.0
2026-08-12T21:00:00+08:00,COLLIE_ESR4,250.0,101.12,2,5f6773a2-4214-4a54-9d19-be4b38660987,IN-SERVICE,NOT APPLICABLE,101.06,0.0
2026-08-12T21:00:00+08:00,COLLIE_ESR5,-250.0,87.56,1,fc6416ad-7231-43fa-b859-d4b19d78a118,IN-SERVICE,NOT APPLICABLE,87.51,0.0
2026-08-12T21:00:00+08:00,COLLIE_ESR5,250.0,102.82,2,fc6416ad-7231-43fa-b859-d4b19d78a118,IN-SERVICE,NOT APPLICABLE,102.76,0.0
2026-08-12T21:05:00+08:00,KWINANA_ESR1,-100.0,93.62,1,d44e186e-1411-4723-b761-264c3af456c4,IN-SERVICE,NOT APPLICABLE,93.58,0.0
2026-08-12T21:05:00+08:00,KWINANA_ESR1,100.0,108.36,2,d44e186e-1411-4723-b761-264c3af456c4,IN-SERVICE,NOT APPLICABLE,108.32,0.0
2026-08-12T21:05:00+08:00,COLLIE_ESR1,0.0,-1000.0,1,24ce5bec-3679-4397-a1eb-11c4099959cf,IN-SERVICE,NON-LIQUID,-999.4,
2026-08-12T21:05:00+08:00,COLLIE_ESR1,-22.0,-42.46,2,24ce5bec-3679-4397-a1eb-11c4099959cf,IN-SERVICE,NON-LIQUID,-42.43,
2026-08-12T21:05:00+08:00,COLLIE_ESR1,-23.0,-10.0,3,24ce5bec-3679-4397-a1eb-11c4099959cf,IN-SERVICE,NON-LIQUID,-9.99,
2026-08-12T21:05:00+08:00,COLLIE_ESR1,0.0,34.02,4,24ce5bec-3679-4397-a1eb-11c4099959cf,IN-SERVICE,NON-LIQUID,34.0,
2026-08-12T21:05:00+08:00,COLLIE_ESR1,-155.0,105.0,5,24ce5bec-3679-4397-a1eb-11c4099959cf,IN-SERVICE,NON-LIQUID,104.94,
2026-08-12T21:05:00+08:00,COLLIE_ESR1,50.0,250.0,6,24ce5bec-3679-4397-a1eb-11c4099959cf,IN-SERVICE,NON-LIQUID,249.85,
2026-08-12T21:05:00+08:00,COLLIE_ESR1,100.0,367.0,7,24ce5bec-3679-4397-a1eb-11c4099959cf,IN-SERVICE,NON-LIQUID,366.78,
2026-08-12T21:05:00+08:00,COLLIE_ESR1,50.0,622.0,8,24ce5bec-3679-4397-a1eb-11c4099959cf,IN-SERVICE,NON-LIQUID,621.63,
2026-08-12T21:05:00+08:00,COLLIE_ESR1,0.0,927.28,9,24ce5bec-3679-4397-a1eb-11c4099959cf,IN-SERVICE,NON-LIQUID,926.72,
2026-08-12T21:05:00+08:00,COLLIE_ESR1,0.0,1200.0,10,24ce5bec-3679-4397-a1eb-11c4099959cf,IN-SERVICE,NON-LIQUID,1199.28,
2026-08-12T21:05:00+08:00,KWINANA_ESR2,-225.0,88.81,1,abe65a5f-6d1f-4d92-ae47-c115b36dc67a,IN-SERVICE,NOT APPLICABLE,88.72,0.0
2026-08-12T21:05:00+08:00,KWINANA_ESR2,225.0,103.81,2,abe65a5f-6d1f-4d92-ae47-c115b36dc67a,IN-SERVICE,NOT APPLICABLE,103.71,0.0
2026-08-12T21:05:00+08:00,COLLIE_BESS2,0.0,-990.1,1,b3ae5ff7-bba0-44c4-bd6d-8ea4c94d56da,IN-SERVICE,NON-LIQUID,-1000.0,
2026-08-12T21:05:00+08:00,COLLIE_BESS2,-41.0,-42.46,2,b3ae5ff7-bba0-44c4-bd6d-8ea4c94d56da,IN-SERVICE,NON-LIQUID,-42.88,
2026-08-12T21:05:00+08:00,COLLIE_BESS2,-42.0,-10.0,3,b3ae5ff7-bba0-44c4-bd6d-8ea4c94d56da,IN-SERVICE,NON-LIQUID,-10.1,
2026-08-12T21:05:00+08:00,COLLIE_BESS2,0.0,34.02,4,b3ae5ff7-bba0-44c4-bd6d-8ea4c94d56da,IN-SERVICE,NON-LIQUID,34.36,
2026-08-12T21:05:00+08:00,COLLIE_BESS2,-217.0,105.0,5,b3ae5ff7-bba0-44c4-bd6d-8ea4c94d56da,IN-SERVICE,NON-LIQUID,106.05,
2026-08-12T21:05:00+08:00,COLLIE_BESS2,75.0,250.0,6,b3ae5ff7-bba0-44c4-bd6d-8ea4c94d56da,IN-SERVICE,NON-LIQUID,252.5,
2026-08-12T21:05:00+08:00,COLLIE_BESS2,75.0,367.0,7,b3ae5ff7-bba0-44c4-bd6d-8ea4c94d56da,IN-SERVICE,NON-LIQUID,370.67,
2026-08-12T21:05:00+08:00,COLLIE_BESS2,150.0,622.0,8,b3ae5ff7-bba0-44c4-bd6d-8ea4c94d56da,IN-SERVICE,NON-LIQUID,628.22,
2026-08-12T21:05:00+08:00,COLLIE_BESS2,0.0,927.28,9,b3ae5ff7-bba0-44c4-bd6d-8ea4c94d56da,IN-SERVICE,NON-LIQUID,936.55,
2026-08-12T21:05:00+08:00,COLLIE_BESS2,0.0,1188.12,10,b3ae5ff7-bba0-44c4-bd6d-8ea4c94d56da,IN-SERVICE,NON-LIQUID,1200.0,
2026-08-12T21:05:00+08:00,COLLIE_ESR4,-250.0,88.53,1,fc6d60d7-d416-4d0e-866e-0e99f8bf27f8,IN-SERVICE,NOT APPLICABLE,88.48,0.0
2026-08-12T21:05:00+08:00,COLLIE_ESR4,250.0,108.61,2,fc6d60d7-d416-4d0e-866e-0e99f8bf27f8,IN-SERVICE,NOT APPLICABLE,108.54,0.0
2026-08-12T21:05:00+08:00,COLLIE_ESR5,-250.0,88.64,1,66c0a23c-96af-4a05-845f-cff29b4d9469,IN-SERVICE,NOT APPLICABLE,88.59,0.0
2026-08-12T21:05:00+08:00,COLLIE_ESR5,250.0,103.9,2,66c0a23c-96af-4a05-845f-cff29b4d9469,IN-SERVICE,NOT APPLICABLE,103.84,0.0
2026-08-12T21:10:00+08:00,KWINANA_ESR1,-100.0,93.62,1,d44e186e-1411-4723-b761-264c3af456c4,IN-SERVICE,NOT APPLICABLE,93.58,0.0
2026-08-12T21:10:00+08:00,KWINANA_ESR1,100.0,108.36,2,d44e186e-1411-4723-b761-264c3af456c4,IN-SERVICE,NOT APPLICABLE,108.32,0.0
2026-08-12T21:10:00+08:00,COLLIE_ESR1,0.0,-1000.0,1,c67370e0-5319-4622-8daf-22fd12bce10f,IN-SERVICE,NON-LIQUID,-999.4,
2026-08-12T21:10:00+08:00,COLLIE_ESR1,-22.0,-42.46,2,c67370e0-5319-4622-8daf-22fd12bce10f,IN-SERVICE,NON-LIQUID,-42.43,
2026-08-12T21:10:00+08:00,COLLIE_ESR1,-23.0,-10.0,3,c67370e0-5319-4622-8daf-22fd12bce10f,IN-SERVICE,NON-LIQUID,-9.99,
2026-08-12T21:10:00+08:00,COLLIE_ESR1,0.0,34.02,4,c67370e0-5319-4622-8daf-22fd12bce10f,IN-SERVICE,NON-LIQUID,34.0,
2026-08-12T21:10:00+08:00,COLLIE_ESR1,-155.0,105.0,5,c67370e0-5319-4622-8daf-22fd12bce10f,IN-SERVICE,NON-LIQUID,104.94,
2026-08-12T21:10:00+08:00,COLLIE_ESR1,50.0,250.0,6,c67370e0-5319-4622-8daf-22fd12bce10f,IN-SERVICE,NON-LIQUID,249.85,
2026-08-12T21:10:00+08:00,COLLIE_ESR1,100.0,367.0,7,c67370e0-5319-4622-8daf-22fd12bce10f,IN-SERVICE,NON-LIQUID,366.78,
2026-08-12T21:10:00+08:00,COLLIE_ESR1,50.0,622.0,8,c67370e0-5319-4622-8daf-22fd12bce10f,IN-SERVICE,NON-LIQUID,621.63,
2026-08-12T21:10:00+08:00,COLLIE_ESR1,0.0,927.28,9,c67370e0-5319-4622-8daf-22fd12bce10f,IN-SERVICE,NON-LIQUID,926.72,
2026-08-12T21:10:00+08:00,COLLIE_ESR1,0.0,1200.0,10,c67370e0-5319-4622-8daf-22fd12bce10f,IN-SERVICE,NON-LIQUID,1199.28,
2026-08-12T21:10:00+08:00,KWINANA_ESR2,-225.0,88.81,1,abe65a5f-6d1f-4d92-ae47-c115b36dc67a,IN-SERVICE,NOT APPLICABLE,88.72,0.0
2026-08-12T21:10:00+08:00,KWINANA_ESR2,225.0,103.81,2,abe65a5f-6d1f-4d92-ae47-c115b36dc67a,IN-SERVICE,NOT APPLICABLE,103.71,0.0
2026-08-12T21:10:00+08:00,COLLIE_BESS2,0.0,-990.1,1,5053f44b-29ed-41ac-807d-c3320217e71c,IN-SERVICE,NON-LIQUID,-1000.0,
2026-08-12T21:10:00+08:00,COLLIE_BESS2,-41.0,-42.46,2,5053f44b-29ed-41ac-807d-c3320217e71c,IN-SERVICE,NON-LIQUID,-42.88,
2026-08-12T21:10:00+08:00,COLLIE_BESS2,-42.0,-10.0,3,5053f44b-29ed-41ac-807d-c3320217e71c,IN-SERVICE,NON-LIQUID,-10.1,
2026-08-12T21:10:00+08:00,COLLIE_BESS2,0.0,34.02,4,5053f44b-29ed-41ac-807d-c3320217e71c,IN-SERVICE,NON-LIQUID,34.36,
2026-08-12T21:10:00+08:00,COLLIE_BESS2,-217.0,105.0,5,5053f44b-29ed-41ac-807d-c3320217e71c,IN-SERVICE,NON-LIQUID,106.05,
2026-08-12T21:10:00+08:00,COLLIE_BESS2,75.0,250.0,6,5053f44b-29ed-41ac-807d-c3320217e71c,IN-SERVICE,NON-LIQUID,252.5,
2026-08-12T21:10:00+08:00,COLLIE_BESS2,75.0,367.0,7,5053f44b-29ed-41ac-807d-c3320217e71c,IN-SERVICE,NON-LIQUID,370.67,
2026-08-12T21:10:00+08:00,COLLIE_BESS2,150.0,622.0,8,5053f44b-29ed-41ac-807d-c3320217e71c,IN-SERVICE,NON-LIQUID,628.22,
2026-08-12T21:10:00+08:00,COLLIE_BESS2,0.0,927.28,9,5053f44b-29ed-41ac-807d-c3320217e71c,IN-SERVICE,NON-LIQUID,936.55,
2026-08-12T21:10:00+08:00,COLLIE_BESS2,0.0,1188.12,10,5053f44b-29ed-41ac-807d-c3320217e71c,IN-SERVICE,NON-LIQUID,1200.0,
2026-08-12T21:10:00+08:00,COLLIE_ESR4,-250.0,88.53,1,fc6d60d7-d416-4d0e-866e-0e99f8bf27f8,IN-SERVICE,NOT APPLICABLE,88.48,0.0
2026-08-12T21:10:00+08:00,COLLIE_ESR4,250.0,108.61,2,fc6d60d7-d416-4d0e-866e-0e99f8bf27f8,IN-SERVICE,NOT APPLICABLE,108.54,0.0
2026-08-12T21:10:00+08:00,COLLIE_ESR5,-250.0,88.53,1,66c0a23c-96af-4a05-845f-cff29b4d9469,IN-SERVICE,NOT APPLICABLE,88.48,0.0
2026-08-12T21:10:00+08:00,COLLIE_ESR5,250.0,103.9,2,66c0a23c-96af-4a05-845f-cff29b4d9469,IN-SERVICE,NOT APPLICABLE,103.84,0.0
2026-08-12T21:15:00+08:00,KWINANA_ESR1,-100.0,93.62,1,d44e186e-1411-4723-b761-264c3af456c4,IN-SERVICE,NOT APPLICABLE,93.58,0.0
2026-08-12T21:15:00+08:00,KWINANA_ESR1,100.0,108.36,2,d44e186e-1411-4723-b761-264c3af456c4,IN-SERVICE,NOT APPLICABLE,108.32,0.0
2026-08-12T21:15:00+08:00,COLLIE_ESR1,0.0,-1000.0,1,1a4b60d6-60af-4bd0-80e1-842828a69238,IN-SERVICE,NON-LIQUID,-999.4,
2026-08-12T21:15:00+08:00,COLLIE_ESR1,-22.0,-42.46,2,1a4b60d6-60af-4bd0-80e1-842828a69238,IN-SERVICE,NON-LIQUID,-42.43,
2026-08-12T21:15:00+08:00,COLLIE_ESR1,-23.0,-10.0,3,1a4b60d6-60af-4bd0-80e1-842828a69238,IN-SERVICE,NON-LIQUID,-9.99,
2026-08-12T21:15:00+08:00,COLLIE_ESR1,0.0,34.02,4,1a4b60d6-60af-4bd0-80e1-842828a69238,IN-SERVICE,NON-LIQUID,34.0,
2026-08-12T21:15:00+08:00,COLLIE_ESR1,-155.0,110.3,5,1a4b60d6-60af-4bd0-80e1-842828a69238,IN-SERVICE,NON-LIQUID,110.23,
2026-08-12T21:15:00+08:00,COLLIE_ESR1,50.0,250.0,6,1a4b60d6-60af-4bd0-80e1-842828a69238,IN-SERVICE,NON-LIQUID,249.85,
2026-08-12T21:15:00+08:00,COLLIE_ESR1,100.0,367.0,7,1a4b60d6-60af-4bd0-80e1-842828a69238,IN-SERVICE,NON-LIQUID,366.78,
2026-08-12T21:15:00+08:00,COLLIE_ESR1,50.0,622.0,8,1a4b60d6-60af-4bd0-80e1-842828a69238,IN-SERVICE,NON-LIQUID,621.63,
2026-08-12T21:15:00+08:00,COLLIE_ESR1,0.0,927.28,9,1a4b60d6-60af-4bd0-80e1-842828a69238,IN-SERVICE,NON-LIQUID,926.72,
2026-08-12T21:15:00+08:00,COLLIE_ESR1,0.0,1200.0,10,1a4b60d6-60af-4bd0-80e1-842828a69238,IN-SERVICE,NON-LIQUID,1199.28,
2026-08-12T21:15:00+08:00,KWINANA_ESR2,-225.0,88.81,1,abe65a5f-6d1f-4d92-ae47-c115b36dc67a,IN-SERVICE,NOT APPLICABLE,88.72,0.0
2026-08-12T21:15:00+08:00,KWINANA_ESR2,225.0,103.81,2,abe65a5f-6d1f-4d92-ae47-c115b36dc67a,IN-SERVICE,NOT APPLICABLE,103.71,0.0
2026-08-12T21:15:00+08:00,COLLIE_BESS2,0.0,-990.1,1,4b77d17f-6aa4-47ad-be2e-e000583ef040,IN-SERVICE,NON-LIQUID,-1000.0,
2026-08-12T21:15:00+08:00,COLLIE_BESS2,-41.0,-42.46,2,4b77d17f-6aa4-47ad-be2e-e000583ef040,IN-SERVICE,NON-LIQUID,-42.88,
2026-08-12T21:15:00+08:00,COLLIE_BESS2,-42.0,-10.0,3,4b77d17f-6aa4-47ad-be2e-e000583ef040,IN-SERVICE,NON-LIQUID,-10.1,
2026-08-12T21:15:00+08:00,COLLIE_BESS2,0.0,34.02,4,4b77d17f-6aa4-47ad-be2e-e000583ef040,IN-SERVICE,NON-LIQUID,34.36,
2026-08-12T21:15:00+08:00,COLLIE_BESS2,-217.0,105.0,5,4b77d17f-6aa4-47ad-be2e-e000583ef040,IN-SERVICE,NON-LIQUID,106.05,
2026-08-12T21:15:00+08:00,COLLIE_BESS2,75.0,250.0,6,4b77d17f-6aa4-47ad-be2e-e000583ef040,IN-SERVICE,NON-LIQUID,252.5,
2026-08-12T21:15:00+08:00,COLLIE_BESS2,75.0,367.0,7,4b77d17f-6aa4-47ad-be2e-e000583ef040,IN-SERVICE,NON-LIQUID,370.67,
2026-08-12T21:15:00+08:00,COLLIE_BESS2,150.0,622.0,8,4b77d17f-6aa4-47ad-be2e-e000583ef040,IN-SERVICE,NON-LIQUID,628.22,
2026-08-12T21:15:00+08:00,COLLIE_BESS2,0.0,927.28,9,4b77d17f-6aa4-47ad-be2e-e000583ef040,IN-SERVICE,NON-LIQUID,936.55,
2026-08-12T21:15:00+08:00,COLLIE_BESS2,0.0,1188.12,10,4b77d17f-6aa4-47ad-be2e-e000583ef040,IN-SERVICE,NON-LIQUID,1200.0,
2026-08-12T21:15:00+08:00,COLLIE_ESR4,-250.0,88.53,1,fc6d60d7-d416-4d0e-866e-0e99f8bf27f8,IN-SERVICE,NOT APPLICABLE,88.48,0.0
2026-08-12T21:15:00+08:00,COLLIE_ESR4,250.0,104.01,2,fc6d60d7-d416-4d0e-866e-0e99f8bf27f8,IN-SERVICE,NOT APPLICABLE,103.95,0.0
2026-08-12T21:15:00+08:00,COLLIE_ESR5,-250.0,87.44,1,66c0a23c-96af-4a05-845f-cff29b4d9469,IN-SERVICE,NOT APPLICABLE,87.39,0.0
2026-08-12T21:15:00+08:00,COLLIE_ESR5,250.0,103.9,2,66c0a23c-96af-4a05-845f-cff29b4d9469,IN-SERVICE,NOT APPLICABLE,103.84,0.0
2026-08-12T21:20:00+08:00,KWINANA_ESR1,-100.0,96.13,1,9ef6ffe8-9280-44da-8a10-7083ec8aa38c,IN-SERVICE,NOT APPLICABLE,96.09,0.0
2026-08-12T21:20:00+08:00,KWINANA_ESR1,100.0,110.87,2,9ef6ffe8-9280-44da-8a10-7083ec8aa38c,IN-SERVICE,NOT APPLICABLE,110.83,0.0
2026-08-12T21:20:00+08:00,COLLIE_ESR1,0.0,-1000.0,1,c28f9afc-ecf6-4a66-ba73-8d41df2a6397,IN-SERVICE,NON-LIQUID,-999.4,
2026-08-12T21:20:00+08:00,COLLIE_ESR1,-22.0,-42.46,2,c28f9afc-ecf6-4a66-ba73-8d41df2a6397,IN-SERVICE,NON-LIQUID,-42.43,
2026-08-12T21:20:00+08:00,COLLIE_ESR1,-23.0,-10.0,3,c28f9afc-ecf6-4a66-ba73-8d41df2a6397,IN-SERVICE,NON-LIQUID,-9.99,
2026-08-12T21:20:00+08:00,COLLIE_ESR1,0.0,34.02,4,c28f9afc-ecf6-4a66-ba73-8d41df2a6397,IN-SERVICE,NON-LIQUID,34.0,
2026-08-12T21:20:00+08:00,COLLIE_ESR1,-155.0,105.0,5,c28f9afc-ecf6-4a66-ba73-8d41df2a6397,IN-SERVICE,NON-LIQUID,104.94,
2026-08-12T21:20:00+08:00,COLLIE_ESR1,50.0,250.0,6,c28f9afc-ecf6-4a66-ba73-8d41df2a6397,IN-SERVICE,NON-LIQUID,249.85,
2026-08-12T21:20:00+08:00,COLLIE_ESR1,100.0,367.0,7,c28f9afc-ecf6-4a66-ba73-8d41df2a6397,IN-SERVICE,NON-LIQUID,366.78,
2026-08-12T21:20:00+08:00,COLLIE_ESR1,50.0,622.0,8,c28f9afc-ecf6-4a66-ba73-8d41df2a6397,IN-SERVICE,NON-LIQUID,621.63,
2026-08-12T21:20:00+08:00,COLLIE_ESR1,0.0,927.28,9,c28f9afc-ecf6-4a66-ba73-8d41df2a6397,IN-SERVICE,NON-LIQUID,926.72,
2026-08-12T21:20:00+08:00,COLLIE_ESR1,0.0,1200.0,10,c28f9afc-ecf6-4a66-ba73-8d41df2a6397,IN-SERVICE,NON-LIQUID,1199.28,
2026-08-12T21:20:00+08:00,KWINANA_ESR2,-225.0,96.06,1,601a9dae-8501-4245-aa8e-14ad6042d947,IN-SERVICE,NOT APPLICABLE,95.96,0.0
2026-08-12T21:20:00+08:00,KWINANA_ESR2,225.0,111.06,2,601a9dae-8501-4245-aa8e-14ad6042d947,IN-SERVICE,NOT APPLICABLE,110.95,0.0
2026-08-12T21:20:00+08:00,COLLIE_BESS2,0.0,-990.1,1,cc18e285-acf3-4e78-9393-48c9e14c6268,IN-SERVICE,NON-LIQUID,-1000.0,
2026-08-12T21:20:00+08:00,COLLIE_BESS2,-41.0,-42.46,2,cc18e285-acf3-4e78-9393-48c9e14c6268,IN-SERVICE,NON-LIQUID,-42.88,
2026-08-12T21:20:00+08:00,COLLIE_BESS2,-42.0,-10.0,3,cc18e285-acf3-4e78-9393-48c9e14c6268,IN-SERVICE,NON-LIQUID,-10.1,
2026-08-12T21:20:00+08:00,COLLIE_BESS2,0.0,34.02,4,cc18e285-acf3-4e78-9393-48c9e14c6268,IN-SERVICE,NON-LIQUID,34.36,
2026-08-12T21:20:00+08:00,COLLIE_BESS2,-217.0,103.39,5,cc18e285-acf3-4e78-9393-48c9e14c6268,IN-SERVICE,NON-LIQUID,104.42,
2026-08-12T21:20:00+08:00,COLLIE_BESS2,75.0,250.0,6,cc18e285-acf3-4e78-9393-48c9e14c6268,IN-SERVICE,NON-LIQUID,252.5,
2026-08-12T21:20:00+08:00,COLLIE_BESS2,75.0,367.0,7,cc18e285-acf3-4e78-9393-48c9e14c6268,IN-SERVICE,NON-LIQUID,370.67,
2026-08-12T21:20:00+08:00,COLLIE_BESS2,150.0,622.0,8,cc18e285-acf3-4e78-9393-48c9e14c6268,IN-SERVICE,NON-LIQUID,628.22,
2026-08-12T21:20:00+08:00,COLLIE_BESS2,0.0,927.28,9,cc18e285-acf3-4e78-9393-48c9e14c6268,IN-SERVICE,NON-LIQUID,936.55,
2026-08-12T21:20:00+08:00,COLLIE_BESS2,0.0,1188.12,10,cc18e285-acf3-4e78-9393-48c9e14c6268,IN-SERVICE,NON-LIQUID,1200.0,
2026-08-12T21:20:00+08:00,COLLIE_ESR4,-250.0,94.88,1,72ab6ce7-9039-44b6-a93b-17dc35253dac,IN-SERVICE,NOT APPLICABLE,94.82,0.0
2026-08-12T21:20:00+08:00,COLLIE_ESR4,250.0,111.26,2,72ab6ce7-9039-44b6-a93b-17dc35253dac,IN-SERVICE,NOT APPLICABLE,111.19,0.0
2026-08-12T21:20:00+08:00,COLLIE_ESR5,-250.0,95.89,1,eabb7b87-4153-47c8-86d2-cc3acee151ee,IN-SERVICE,NOT APPLICABLE,95.83,0.0
2026-08-12T21:20:00+08:00,COLLIE_ESR5,250.0,111.15,2,eabb7b87-4153-47c8-86d2-cc3acee151ee,IN-SERVICE,NOT APPLICABLE,111.08,0.0
2026-08-12T21:25:00+08:00,KWINANA_ESR1,-100.0,96.13,1,9ef6ffe8-9280-44da-8a10-7083ec8aa38c,IN-SERVICE,NOT APPLICABLE,96.09,0.0
2026-08-12T21:25:00+08:00,KWINANA_ESR1,100.0,110.87,2,9ef6ffe8-9280-44da-8a10-7083ec8aa38c,IN-SERVICE,NOT APPLICABLE,110.83,0.0
2026-08-12T21:25:00+08:00,COLLIE_ESR1,0.0,-1000.0,1,2d17906a-daa6-4d84-9a99-55d02d4f2937,IN-SERVICE,NON-LIQUID,-999.4,
2026-08-12T21:25:00+08:00,COLLIE_ESR1,-22.0,-42.46,2,2d17906a-daa6-4d84-9a99-55d02d4f2937,IN-SERVICE,NON-LIQUID,-42.43,
2026-08-12T21:25:00+08:00,COLLIE_ESR1,-23.0,-10.0,3,2d17906a-daa6-4d84-9a99-55d02d4f2937,IN-SERVICE,NON-LIQUID,-9.99,
2026-08-12T21:25:00+08:00,COLLIE_ESR1,0.0,34.02,4,2d17906a-daa6-4d84-9a99-55d02d4f2937,IN-SERVICE,NON-LIQUID,34.0,
2026-08-12T21:25:00+08:00,COLLIE_ESR1,-155.0,105.0,5,2d17906a-daa6-4d84-9a99-55d02d4f2937,IN-SERVICE,NON-LIQUID,104.94,
2026-08-12T21:25:00+08:00,COLLIE_ESR1,50.0,250.0,6,2d17906a-daa6-4d84-9a99-55d02d4f2937,IN-SERVICE,NON-LIQUID,249.85,
2026-08-12T21:25:00+08:00,COLLIE_ESR1,100.0,367.0,7,2d17906a-daa6-4d84-9a99-55d02d4f2937,IN-SERVICE,NON-LIQUID,366.78,
2026-08-12T21:25:00+08:00,COLLIE_ESR1,50.0,622.0,8,2d17906a-daa6-4d84-9a99-55d02d4f2937,IN-SERVICE,NON-LIQUID,621.63,
2026-08-12T21:25:00+08:00,COLLIE_ESR1,0.0,927.28,9,2d17906a-daa6-4d84-9a99-55d02d4f2937,IN-SERVICE,NON-LIQUID,926.72,
2026-08-12T21:25:00+08:00,COLLIE_ESR1,0.0,1200.0,10,2d17906a-daa6-4d84-9a99-55d02d4f2937,IN-SERVICE,NON-LIQUID,1199.28,
2026-08-12T21:25:00+08:00,KWINANA_ESR2,-225.0,96.06,1,601a9dae-8501-4245-aa8e-14ad6042d947,IN-SERVICE,NOT APPLICABLE,95.96,0.0
2026-08-12T21:25:00+08:00,KWINANA_ESR2,225.0,111.06,2,601a9dae-8501-4245-aa8e-14ad6042d947,IN-SERVICE,NOT APPLICABLE,110.95,0.0
2026-08-12T21:25:00+08:00,COLLIE_BESS2,0.0,-990.1,1,e1ea48ef-0726-4148-b526-132b1e92bac2,IN-SERVICE,NON-LIQUID,-1000.0,
2026-08-12T21:25:00+08:00,COLLIE_BESS2,-41.0,-42.46,2,e1ea48ef-0726-4148-b526-132b1e92bac2,IN-SERVICE,NON-LIQUID,-42.88,
2026-08-12T21:25:00+08:00,COLLIE_BESS2,-42.0,-10.0,3,e1ea48ef-0726-4148-b526-132b1e92bac2,IN-SERVICE,NON-LIQUID,-10.1,
2026-08-12T21:25:00+08:00,COLLIE_BESS2,0.0,34.02,4,e1ea48ef-0726-4148-b526-132b1e92bac2,IN-SERVICE,NON-LIQUID,34.36,
2026-08-12T21:25:00+08:00,COLLIE_BESS2,-217.0,103.05,5,e1ea48ef-0726-4148-b526-132b1e92bac2,IN-SERVICE,NON-LIQUID,104.08,
2026-08-12T21:25:00+08:00,COLLIE_BESS2,75.0,250.0,6,e1ea48ef-0726-4148-b526-132b1e92bac2,IN-SERVICE,NON-LIQUID,252.5,
2026-08-12T21:25:00+08:00,COLLIE_BESS2,75.0,367.0,7,e1ea48ef-0726-4148-b526-132b1e92bac2,IN-SERVICE,NON-LIQUID,370.67,
2026-08-12T21:25:00+08:00,COLLIE_BESS2,150.0,622.0,8,e1ea48ef-0726-4148-b526-132b1e92bac2,IN-SERVICE,NON-LIQUID,628.22,
2026-08-12T21:25:00+08:00,COLLIE_BESS2,0.0,927.28,9,e1ea48ef-0726-4148-b526-132b1e92bac2,IN-SERVICE,NON-LIQUID,936.55,
2026-08-12T21:25:00+08:00,COLLIE_BESS2,0.0,1188.12,10,e1ea48ef-0726-4148-b526-132b1e92bac2,IN-SERVICE,NON-LIQUID,1200.0,
2026-08-12T21:25:00+08:00,COLLIE_ESR4,-250.0,93.38,1,72ab6ce7-9039-44b6-a93b-17dc35253dac,IN-SERVICE,NOT APPLICABLE,93.32,0.0
2026-08-12T21:25:00+08:00,COLLIE_ESR4,250.0,111.26,2,72ab6ce7-9039-44b6-a93b-17dc35253dac,IN-SERVICE,NOT APPLICABLE,111.19,0.0
2026-08-12T21:25:00+08:00,COLLIE_ESR5,-250.0,95.89,1,eabb7b87-4153-47c8-86d2-cc3acee151ee,IN-SERVICE,NOT APPLICABLE,95.83,0.0
2026-08-12T21:25:00+08:00,COLLIE_ESR5,250.0,111.15,2,eabb7b87-4153-47c8-86d2-cc3acee151ee,IN-SERVICE,NOT APPLICABLE,111.08,0.0
2026-08-12T21:30:00+08:00,KWINANA_ESR1,-100.0,96.13,1,9ef6ffe8-9280-44da-8a10-7083ec8aa38c,IN-SERVICE,NOT APPLICABLE,96.09,0.0
2026-08-12T21:30:00+08:00,KWINANA_ESR1,100.0,110.87,2,9ef6ffe8-9280-44da-8a10-7083ec8aa38c,IN-SERVICE,NOT APPLICABLE,110.83,0.0
2026-08-12T21:30:00+08:00,COLLIE_ESR1,0.0,-1000.0,1,5b8a5d56-7968-4b08-9fab-8e8804d1cb46,IN-SERVICE,NON-LIQUID,-999.4,
2026-08-12T21:30:00+08:00,COLLIE_ESR1,-22.0,-42.46,2,5b8a5d56-7968-4b08-9fab-8e8804d1cb46,IN-SERVICE,NON-LIQUID,-42.43,
2026-08-12T21:30:00+08:00,COLLIE_ESR1,-23.0,-10.0,3,5b8a5d56-7968-4b08-9fab-8e8804d1cb46,IN-SERVICE,NON-LIQUID,-9.99,
2026-08-12T21:30:00+08:00,COLLIE_ESR1,0.0,34.02,4,5b8a5d56-7968-4b08-9fab-8e8804d1cb46,IN-SERVICE,NON-LIQUID,34.0,
2026-08-12T21:30:00+08:00,COLLIE_ESR1,-155.0,111.45,5,5b8a5d56-7968-4b08-9fab-8e8804d1cb46,IN-SERVICE,NON-LIQUID,111.38,
2026-08-12T21:30:00+08:00,COLLIE_ESR1,50.0,250.0,6,5b8a5d56-7968-4b08-9fab-8e8804d1cb46,IN-SERVICE,NON-LIQUID,249.85,
2026-08-12T21:30:00+08:00,COLLIE_ESR1,100.0,367.0,7,5b8a5d56-7968-4b08-9fab-8e8804d1cb46,IN-SERVICE,NON-LIQUID,366.78,
2026-08-12T21:30:00+08:00,COLLIE_ESR1,50.0,622.0,8,5b8a5d56-7968-4b08-9fab-8e8804d1cb46,IN-SERVICE,NON-LIQUID,621.63,
2026-08-12T21:30:00+08:00,COLLIE_ESR1,0.0,927.28,9,5b8a5d56-7968-4b08-9fab-8e8804d1cb46,IN-SERVICE,NON-LIQUID,926.72,
2026-08-12T21:30:00+08:00,COLLIE_ESR1,0.0,1200.0,10,5b8a5d56-7968-4b08-9fab-8e8804d1cb46,IN-SERVICE,NON-LIQUID,1199.28,
2026-08-12T21:30:00+08:00,KWINANA_ESR2,-225.0,96.06,1,601a9dae-8501-4245-aa8e-14ad6042d947,IN-SERVICE,NOT APPLICABLE,95.96,0.0
2026-08-12T21:30:00+08:00,KWINANA_ESR2,225.0,111.06,2,601a9dae-8501-4245-aa8e-14ad6042d947,IN-SERVICE,NOT APPLICABLE,110.95,0.0
2026-08-12T21:30:00+08:00,COLLIE_BESS2,0.0,-990.1,1,9d8a12d6-3dbc-4927-ad59-3ea915750add,IN-SERVICE,NON-LIQUID,-1000.0,
2026-08-12T21:30:00+08:00,COLLIE_BESS2,-41.0,-42.46,2,9d8a12d6-3dbc-4927-ad59-3ea915750add,IN-SERVICE,NON-LIQUID,-42.88,
2026-08-12T21:30:00+08:00,COLLIE_BESS2,-42.0,-10.0,3,9d8a12d6-3dbc-4927-ad59-3ea915750add,IN-SERVICE,NON-LIQUID,-10.1,
2026-08-12T21:30:00+08:00,COLLIE_BESS2,0.0,34.02,4,9d8a12d6-3dbc-4927-ad59-3ea915750add,IN-SERVICE,NON-LIQUID,34.36,
2026-08-12T21:30:00+08:00,COLLIE_BESS2,-217.0,111.45,5,9d8a12d6-3dbc-4927-ad59-3ea915750add,IN-SERVICE,NON-LIQUID,112.56,
2026-08-12T21:30:00+08:00,COLLIE_BESS2,75.0,250.0,6,9d8a12d6-3dbc-4927-ad59-3ea915750add,IN-SERVICE,NON-LIQUID,252.5,
2026-08-12T21:30:00+08:00,COLLIE_BESS2,75.0,367.0,7,9d8a12d6-3dbc-4927-ad59-3ea915750add,IN-SERVICE,NON-LIQUID,370.67,
2026-08-12T21:30:00+08:00,COLLIE_BESS2,150.0,622.0,8,9d8a12d6-3dbc-4927-ad59-3ea915750add,IN-SERVICE,NON-LIQUID,628.22,
2026-08-12T21:30:00+08:00,COLLIE_BESS2,0.0,927.28,9,9d8a12d6-3dbc-4927-ad59-3ea915750add,IN-SERVICE,NON-LIQUID,936.55,
2026-08-12T21:30:00+08:00,COLLIE_BESS2,0.0,1188.12,10,9d8a12d6-3dbc-4927-ad59-3ea915750add,IN-SERVICE,NON-LIQUID,1200.0,
2026-08-12T21:30:00+08:00,COLLIE_ESR4,-250.0,93.38,1,72ab6ce7-9039-44b6-a93b-17dc35253dac,IN-SERVICE,NOT APPLICABLE,93.32,0.0
2026-08-12T21:30:00+08:00,COLLIE_ESR4,250.0,111.26,2,72ab6ce7-9039-44b6-a93b-17dc35253dac,IN-SERVICE,NOT APPLICABLE,111.19,0.0
2026-08-12T21:30:00+08:00,COLLIE_ESR5,-250.0,95.89,1,eabb7b87-4153-47c8-86d2-cc3acee151ee,IN-SERVICE,NOT APPLICABLE,95.83,0.0
2026-08-12T21:30:00+08:00,COLLIE_ESR5,250.0,111.15,2,eabb7b87-4153-47c8-86d2-cc3acee151ee,IN-SERVICE,NOT APPLICABLE,111.08,0.0
2026-08-12T21:35:00+08:00,KWINANA_ESR1,-100.0,101.46,1,237fba10-8d93-4eac-80df-a13f90943e88,IN-SERVICE,NOT APPLICABLE,101.42,0.0
2026-08-12T21:35:00+08:00,KWINANA_ESR1,100.0,113.46,2,237fba10-8d93-4eac-80df-a13f90943e88,IN-SERVICE,NOT APPLICABLE,113.41,0.0
2026-08-12T21:35:00+08:00,COLLIE_ESR1,0.0,-1000.0,1,94bf21e0-3385-4441-b5f2-6dea5ca0eeeb,IN-SERVICE,NON-LIQUID,-999.4,
2026-08-12T21:35:00+08:00,COLLIE_ESR1,-23.0,-42.46,2,94bf21e0-3385-4441-b5f2-6dea5ca0eeeb,IN-SERVICE,NON-LIQUID,-42.43,
2026-08-12T21:35:00+08:00,COLLIE_ESR1,-24.0,-10.0,3,94bf21e0-3385-4441-b5f2-6dea5ca0eeeb,IN-SERVICE,NON-LIQUID,-9.99,
2026-08-12T21:35:00+08:00,COLLIE_ESR1,0.0,34.02,4,94bf21e0-3385-4441-b5f2-6dea5ca0eeeb,IN-SERVICE,NON-LIQUID,34.0,
2026-08-12T21:35:00+08:00,COLLIE_ESR1,-153.0,112.17,5,94bf21e0-3385-4441-b5f2-6dea5ca0eeeb,IN-SERVICE,NON-LIQUID,112.1,
2026-08-12T21:35:00+08:00,COLLIE_ESR1,50.0,250.0,6,94bf21e0-3385-4441-b5f2-6dea5ca0eeeb,IN-SERVICE,NON-LIQUID,249.85,
2026-08-12T21:35:00+08:00,COLLIE_ESR1,100.0,367.0,7,94bf21e0-3385-4441-b5f2-6dea5ca0eeeb,IN-SERVICE,NON-LIQUID,366.78,
2026-08-12T21:35:00+08:00,COLLIE_ESR1,50.0,622.0,8,94bf21e0-3385-4441-b5f2-6dea5ca0eeeb,IN-SERVICE,NON-LIQUID,621.63,
2026-08-12T21:35:00+08:00,COLLIE_ESR1,0.0,927.28,9,94bf21e0-3385-4441-b5f2-6dea5ca0eeeb,IN-SERVICE,NON-LIQUID,926.72,
2026-08-12T21:35:00+08:00,COLLIE_ESR1,0.0,1200.0,10,94bf21e0-3385-4441-b5f2-6dea5ca0eeeb,IN-SERVICE,NON-LIQUID,1199.28,
2026-08-12T21:35:00+08:00,KWINANA_ESR2,-225.0,103.46,1,a5cb59fe-3c19-427e-8a30-c8c909aa549b,IN-SERVICE,NOT APPLICABLE,103.36,0.0
2026-08-12T21:35:00+08:00,KWINANA_ESR2,225.0,118.46,2,a5cb59fe-3c19-427e-8a30-c8c909aa549b,IN-SERVICE,NOT APPLICABLE,118.34,0.0
2026-08-12T21:35:00+08:00,COLLIE_BESS2,0.0,-990.1,1,243e0def-caba-4c56-b56e-25f2bac5a468,IN-SERVICE,NON-LIQUID,-1000.0,
2026-08-12T21:35:00+08:00,COLLIE_BESS2,-47.0,-42.46,2,243e0def-caba-4c56-b56e-25f2bac5a468,IN-SERVICE,NON-LIQUID,-42.88,
2026-08-12T21:35:00+08:00,COLLIE_BESS2,-47.0,-10.0,3,243e0def-caba-4c56-b56e-25f2bac5a468,IN-SERVICE,NON-LIQUID,-10.1,
2026-08-12T21:35:00+08:00,COLLIE_BESS2,0.0,34.02,4,243e0def-caba-4c56-b56e-25f2bac5a468,IN-SERVICE,NON-LIQUID,34.36,
2026-08-12T21:35:00+08:00,COLLIE_BESS2,-206.0,112.17,5,243e0def-caba-4c56-b56e-25f2bac5a468,IN-SERVICE,NON-LIQUID,113.29,
2026-08-12T21:35:00+08:00,COLLIE_BESS2,75.0,250.0,6,243e0def-caba-4c56-b56e-25f2bac5a468,IN-SERVICE,NON-LIQUID,252.5,
2026-08-12T21:35:00+08:00,COLLIE_BESS2,75.0,367.0,7,243e0def-caba-4c56-b56e-25f2bac5a468,IN-SERVICE,NON-LIQUID,370.67,
2026-08-12T21:35:00+08:00,COLLIE_BESS2,150.0,622.0,8,243e0def-caba-4c56-b56e-25f2bac5a468,IN-SERVICE,NON-LIQUID,628.22,
2026-08-12T21:35:00+08:00,COLLIE_BESS2,0.0,927.28,9,243e0def-caba-4c56-b56e-25f2bac5a468,IN-SERVICE,NON-LIQUID,936.55,
2026-08-12T21:35:00+08:00,COLLIE_BESS2,0.0,1188.12,10,243e0def-caba-4c56-b56e-25f2bac5a468,IN-SERVICE,NON-LIQUID,1200.0,
2026-08-12T21:35:00+08:00,COLLIE_ESR4,-250.0,103.18,1,3785f33f-14d7-4049-ac07-ca3dc4d964b4,IN-SERVICE,NOT APPLICABLE,103.12,0.0
2026-08-12T21:35:00+08:00,COLLIE_ESR4,250.0,118.66,2,3785f33f-14d7-4049-ac07-ca3dc4d964b4,IN-SERVICE,NOT APPLICABLE,118.59,0.0
2026-08-12T21:35:00+08:00,COLLIE_ESR5,-250.0,103.29,1,30f75a0f-b68a-462a-8be9-785ec19c2563,IN-SERVICE,NOT APPLICABLE,103.23,0.0
2026-08-12T21:35:00+08:00,COLLIE_ESR5,250.0,118.55,2,30f75a0f-b68a-462a-8be9-785ec19c2563,IN-SERVICE,NOT APPLICABLE,118.48,0.0
2026-08-12T21:40:00+08:00,KWINANA_ESR1,-100.0,101.46,1,237fba10-8d93-4eac-80df-a13f90943e88,IN-SERVICE,NOT APPLICABLE,101.42,0.0
2026-08-12T21:40:00+08:00,KWINANA_ESR1,100.0,113.46,2,237fba10-8d93-4eac-80df-a13f90943e88,IN-SERVICE,NOT APPLICABLE,113.41,0.0
2026-08-12T21:40:00+08:00,COLLIE_ESR1,0.0,-1000.0,1,df46fd9f-6f58-4f38-a35a-9c30f4f7f701,IN-SERVICE,NON-LIQUID,-999.4,
2026-08-12T21:40:00+08:00,COLLIE_ESR1,-23.0,-42.46,2,df46fd9f-6f58-4f38-a35a-9c30f4f7f701,IN-SERVICE,NON-LIQUID,-42.43,
2026-08-12T21:40:00+08:00,COLLIE_ESR1,-24.0,-10.0,3,df46fd9f-6f58-4f38-a35a-9c30f4f7f701,IN-SERVICE,NON-LIQUID,-9.99,
2026-08-12T21:40:00+08:00,COLLIE_ESR1,0.0,34.02,4,df46fd9f-6f58-4f38-a35a-9c30f4f7f701,IN-SERVICE,NON-LIQUID,34.0,
2026-08-12T21:40:00+08:00,COLLIE_ESR1,-153.0,112.26,5,df46fd9f-6f58-4f38-a35a-9c30f4f7f701,IN-SERVICE,NON-LIQUID,112.19,
2026-08-12T21:40:00+08:00,COLLIE_ESR1,50.0,250.0,6,df46fd9f-6f58-4f38-a35a-9c30f4f7f701,IN-SERVICE,NON-LIQUID,249.85,
2026-08-12T21:40:00+08:00,COLLIE_ESR1,100.0,367.0,7,df46fd9f-6f58-4f38-a35a-9c30f4f7f701,IN-SERVICE,NON-LIQUID,366.78,
2026-08-12T21:40:00+08:00,COLLIE_ESR1,50.0,622.0,8,df46fd9f-6f58-4f38-a35a-9c30f4f7f701,IN-SERVICE,NON-LIQUID,621.63,
2026-08-12T21:40:00+08:00,COLLIE_ESR1,0.0,927.28,9,df46fd9f-6f58-4f38-a35a-9c30f4f7f701,IN-SERVICE,NON-LIQUID,926.72,
2026-08-12T21:40:00+08:00,COLLIE_ESR1,0.0,1200.0,10,df46fd9f-6f58-4f38-a35a-9c30f4f7f701,IN-SERVICE,NON-LIQUID,1199.28,
2026-08-12T21:40:00+08:00,KWINANA_ESR2,-225.0,103.46,1,a5cb59fe-3c19-427e-8a30-c8c909aa549b,IN-SERVICE,NOT APPLICABLE,103.36,0.0
2026-08-12T21:40:00+08:00,KWINANA_ESR2,225.0,118.46,2,a5cb59fe-3c19-427e-8a30-c8c909aa549b,IN-SERVICE,NOT APPLICABLE,118.34,0.0
2026-08-12T21:40:00+08:00,COLLIE_BESS2,0.0,-990.1,1,ed262b1e-14bf-4cbd-a0a2-5f4de4e318b0,IN-SERVICE,NON-LIQUID,-1000.0,
2026-08-12T21:40:00+08:00,COLLIE_BESS2,-47.0,-42.46,2,ed262b1e-14bf-4cbd-a0a2-5f4de4e318b0,IN-SERVICE,NON-LIQUID,-42.88,
2026-08-12T21:40:00+08:00,COLLIE_BESS2,-47.0,-10.0,3,ed262b1e-14bf-4cbd-a0a2-5f4de4e318b0,IN-SERVICE,NON-LIQUID,-10.1,
2026-08-12T21:40:00+08:00,COLLIE_BESS2,0.0,34.02,4,ed262b1e-14bf-4cbd-a0a2-5f4de4e318b0,IN-SERVICE,NON-LIQUID,34.36,
2026-08-12T21:40:00+08:00,COLLIE_BESS2,-206.0,112.26,5,ed262b1e-14bf-4cbd-a0a2-5f4de4e318b0,IN-SERVICE,NON-LIQUID,113.38,
2026-08-12T21:40:00+08:00,COLLIE_BESS2,75.0,250.0,6,ed262b1e-14bf-4cbd-a0a2-5f4de4e318b0,IN-SERVICE,NON-LIQUID,252.5,
2026-08-12T21:40:00+08:00,COLLIE_BESS2,75.0,367.0,7,ed262b1e-14bf-4cbd-a0a2-5f4de4e318b0,IN-SERVICE,NON-LIQUID,370.67,
2026-08-12T21:40:00+08:00,COLLIE_BESS2,150.0,622.0,8,ed262b1e-14bf-4cbd-a0a2-5f4de4e318b0,IN-SERVICE,NON-LIQUID,628.22,
2026-08-12T21:40:00+08:00,COLLIE_BESS2,0.0,927.28,9,ed262b1e-14bf-4cbd-a0a2-5f4de4e318b0,IN-SERVICE,NON-LIQUID,936.55,
2026-08-12T21:40:00+08:00,COLLIE_BESS2,0.0,1188.12,10,ed262b1e-14bf-4cbd-a0a2-5f4de4e318b0,IN-SERVICE,NON-LIQUID,1200.0,
2026-08-12T21:40:00+08:00,COLLIE_ESR4,-250.0,103.18,1,3785f33f-14d7-4049-ac07-ca3dc4d964b4,IN-SERVICE,NOT APPLICABLE,103.12,0.0
2026-08-12T21:40:00+08:00,COLLIE_ESR4,250.0,118.66,2,3785f33f-14d7-4049-ac07-ca3dc4d964b4,IN-SERVICE,NOT APPLICABLE,118.59,0.0
2026-08-12T21:40:00+08:00,COLLIE_ESR5,-250.0,103.29,1,30f75a0f-b68a-462a-8be9-785ec19c2563,IN-SERVICE,NOT APPLICABLE,103.23,0.0
2026-08-12T21:40:00+08:00,COLLIE_ESR5,250.0,118.55,2,30f75a0f-b68a-462a-8be9-785ec19c2563,IN-SERVICE,NOT APPLICABLE,118.48,0.0
2026-08-12T21:45:00+08:00,KWINANA_ESR1,-100.0,98.72,1,237fba10-8d93-4eac-80df-a13f90943e88,IN-SERVICE,NOT APPLICABLE,98.68,0.0
2026-08-12T21:45:00+08:00,KWINANA_ESR1,100.0,113.46,2,237fba10-8d93-4eac-80df-a13f90943e88,IN-SERVICE,NOT APPLICABLE,113.41,0.0
2026-08-12T21:45:00+08:00,COLLIE_ESR1,0.0,-1000.0,1,7c0ff018-23e2-4e80-96bb-c672662763f0,IN-SERVICE,NON-LIQUID,-999.4,
2026-08-12T21:45:00+08:00,COLLIE_ESR1,-100.0,-42.46,2,7c0ff018-23e2-4e80-96bb-c672662763f0,IN-SERVICE,NON-LIQUID,-42.43,
2026-08-12T21:45:00+08:00,COLLIE_ESR1,-100.0,-10.0,3,7c0ff018-23e2-4e80-96bb-c672662763f0,IN-SERVICE,NON-LIQUID,-9.99,
2026-08-12T21:45:00+08:00,COLLIE_ESR1,0.0,34.02,4,7c0ff018-23e2-4e80-96bb-c672662763f0,IN-SERVICE,NON-LIQUID,34.0,
2026-08-12T21:45:00+08:00,COLLIE_ESR1,0.0,60.0,5,7c0ff018-23e2-4e80-96bb-c672662763f0,IN-SERVICE,NON-LIQUID,59.96,
2026-08-12T21:45:00+08:00,COLLIE_ESR1,50.0,250.0,6,7c0ff018-23e2-4e80-96bb-c672662763f0,IN-SERVICE,NON-LIQUID,249.85,
2026-08-12T21:45:00+08:00,COLLIE_ESR1,100.0,367.0,7,7c0ff018-23e2-4e80-96bb-c672662763f0,IN-SERVICE,NON-LIQUID,366.78,
2026-08-12T21:45:00+08:00,COLLIE_ESR1,50.0,622.0,8,7c0ff018-23e2-4e80-96bb-c672662763f0,IN-SERVICE,NON-LIQUID,621.63,
2026-08-12T21:45:00+08:00,COLLIE_ESR1,0.0,927.28,9,7c0ff018-23e2-4e80-96bb-c672662763f0,IN-SERVICE,NON-LIQUID,926.72,
2026-08-12T21:45:00+08:00,COLLIE_ESR1,0.0,1200.0,10,7c0ff018-23e2-4e80-96bb-c672662763f0,IN-SERVICE,NON-LIQUID,1199.28,
2026-08-12T21:45:00+08:00,KWINANA_ESR2,-225.0,103.46,1,a5cb59fe-3c19-427e-8a30-c8c909aa549b,IN-SERVICE,NOT APPLICABLE,103.36,0.0
2026-08-12T21:45:00+08:00,KWINANA_ESR2,225.0,118.46,2,a5cb59fe-3c19-427e-8a30-c8c909aa549b,IN-SERVICE,NOT APPLICABLE,118.34,0.0
2026-08-12T21:45:00+08:00,COLLIE_BESS2,0.0,-990.1,1,76765f84-2c22-4b37-8c77-8b046a1a1e61,IN-SERVICE,NON-LIQUID,-1000.0,
2026-08-12T21:45:00+08:00,COLLIE_BESS2,-150.0,-42.46,2,76765f84-2c22-4b37-8c77-8b046a1a1e61,IN-SERVICE,NON-LIQUID,-42.88,
2026-08-12T21:45:00+08:00,COLLIE_BESS2,-150.0,-10.0,3,76765f84-2c22-4b37-8c77-8b046a1a1e61,IN-SERVICE,NON-LIQUID,-10.1,
2026-08-12T21:45:00+08:00,COLLIE_BESS2,0.0,34.02,4,76765f84-2c22-4b37-8c77-8b046a1a1e61,IN-SERVICE,NON-LIQUID,34.36,
2026-08-12T21:45:00+08:00,COLLIE_BESS2,0.0,60.0,5,76765f84-2c22-4b37-8c77-8b046a1a1e61,IN-SERVICE,NON-LIQUID,60.6,
2026-08-12T21:45:00+08:00,COLLIE_BESS2,75.0,250.0,6,76765f84-2c22-4b37-8c77-8b046a1a1e61,IN-SERVICE,NON-LIQUID,252.5,
2026-08-12T21:45:00+08:00,COLLIE_BESS2,75.0,367.0,7,76765f84-2c22-4b37-8c77-8b046a1a1e61,IN-SERVICE,NON-LIQUID,370.67,
2026-08-12T21:45:00+08:00,COLLIE_BESS2,150.0,622.0,8,76765f84-2c22-4b37-8c77-8b046a1a1e61,IN-SERVICE,NON-LIQUID,628.22,
2026-08-12T21:45:00+08:00,COLLIE_BESS2,0.0,927.28,9,76765f84-2c22-4b37-8c77-8b046a1a1e61,IN-SERVICE,NON-LIQUID,936.55,
2026-08-12T21:45:00+08:00,COLLIE_BESS2,0.0,1188.12,10,76765f84-2c22-4b37-8c77-8b046a1a1e61,IN-SERVICE,NON-LIQUID,1200.0,
2026-08-12T21:45:00+08:00,COLLIE_ESR4,-250.0,103.18,1,3785f33f-14d7-4049-ac07-ca3dc4d964b4,IN-SERVICE,NOT APPLICABLE,103.12,0.0
2026-08-12T21:45:00+08:00,COLLIE_ESR4,250.0,118.66,2,3785f33f-14d7-4049-ac07-ca3dc4d964b4,IN-SERVICE,NOT APPLICABLE,118.59,0.0
2026-08-12T21:45:00+08:00,COLLIE_ESR5,-250.0,103.29,1,30f75a0f-b68a-462a-8be9-785ec19c2563,IN-SERVICE,NOT APPLICABLE,103.23,0.0
2026-08-12T21:45:00+08:00,COLLIE_ESR5,250.0,118.55,2,30f75a0f-b68a-462a-8be9-785ec19c2563,IN-SERVICE,NOT APPLICABLE,118.48,0.0
2026-08-12T21:50:00+08:00,KWINANA_ESR1,-100.0,111.02,1,15d343a3-6423-4b1a-954e-7336ba27b4da,IN-SERVICE,NOT APPLICABLE,110.98,0.0
2026-08-12T21:50:00+08:00,KWINANA_ESR1,100.0,125.76,2,15d343a3-6423-4b1a-954e-7336ba27b4da,IN-SERVICE,NOT APPLICABLE,125.71,0.0
2026-08-12T21:50:00+08:00,COLLIE_ESR1,0.0,-1000.0,1,2c2b7f5c-f94a-4235-b859-b75315994cc8,IN-SERVICE,NON-LIQUID,-999.4,
2026-08-12T21:50:00+08:00,COLLIE_ESR1,-100.0,-42.46,2,2c2b7f5c-f94a-4235-b859-b75315994cc8,IN-SERVICE,NON-LIQUID,-42.43,
2026-08-12T21:50:00+08:00,COLLIE_ESR1,-100.0,-10.0,3,2c2b7f5c-f94a-4235-b859-b75315994cc8,IN-SERVICE,NON-LIQUID,-9.99,
2026-08-12T21:50:00+08:00,COLLIE_ESR1,0.0,34.02,4,2c2b7f5c-f94a-4235-b859-b75315994cc8,IN-SERVICE,NON-LIQUID,34.0,
2026-08-12T21:50:00+08:00,COLLIE_ESR1,0.0,60.0,5,2c2b7f5c-f94a-4235-b859-b75315994cc8,IN-SERVICE,NON-LIQUID,59.96,
2026-08-12T21:50:00+08:00,COLLIE_ESR1,50.0,250.0,6,2c2b7f5c-f94a-4235-b859-b75315994cc8,IN-SERVICE,NON-LIQUID,249.85,
2026-08-12T21:50:00+08:00,COLLIE_ESR1,100.0,367.0,7,2c2b7f5c-f94a-4235-b859-b75315994cc8,IN-SERVICE,NON-LIQUID,366.78,
2026-08-12T21:50:00+08:00,COLLIE_ESR1,50.0,622.0,8,2c2b7f5c-f94a-4235-b859-b75315994cc8,IN-SERVICE,NON-LIQUID,621.63,
2026-08-12T21:50:00+08:00,COLLIE_ESR1,0.0,927.28,9,2c2b7f5c-f94a-4235-b859-b75315994cc8,IN-SERVICE,NON-LIQUID,926.72,
2026-08-12T21:50:00+08:00,COLLIE_ESR1,0.0,1200.0,10,2c2b7f5c-f94a-4235-b859-b75315994cc8,IN-SERVICE,NON-LIQUID,1199.28,
2026-08-12T21:50:00+08:00,KWINANA_ESR2,-225.0,110.96,1,33c3a0bf-3fea-44ad-9608-a2d99d373e04,IN-SERVICE,NOT APPLICABLE,110.85,0.0
2026-08-12T21:50:00+08:00,KWINANA_ESR2,225.0,125.96,2,33c3a0bf-3fea-44ad-9608-a2d99d373e04,IN-SERVICE,NOT APPLICABLE,125.83,0.0
2026-08-12T21:50:00+08:00,COLLIE_BESS2,0.0,-990.1,1,8431cb58-808f-425c-b6ca-0f49c9ab7118,IN-SERVICE,NON-LIQUID,-1000.0,
2026-08-12T21:50:00+08:00,COLLIE_BESS2,-150.0,-42.46,2,8431cb58-808f-425c-b6ca-0f49c9ab7118,IN-SERVICE,NON-LIQUID,-42.88,
2026-08-12T21:50:00+08:00,COLLIE_BESS2,-150.0,-10.0,3,8431cb58-808f-425c-b6ca-0f49c9ab7118,IN-SERVICE,NON-LIQUID,-10.1,
2026-08-12T21:50:00+08:00,COLLIE_BESS2,0.0,34.02,4,8431cb58-808f-425c-b6ca-0f49c9ab7118,IN-SERVICE,NON-LIQUID,34.36,
2026-08-12T21:50:00+08:00,COLLIE_BESS2,0.0,60.0,5,8431cb58-808f-425c-b6ca-0f49c9ab7118,IN-SERVICE,NON-LIQUID,60.6,
2026-08-12T21:50:00+08:00,COLLIE_BESS2,75.0,250.0,6,8431cb58-808f-425c-b6ca-0f49c9ab7118,IN-SERVICE,NON-LIQUID,252.5,
2026-08-12T21:50:00+08:00,COLLIE_BESS2,75.0,367.0,7,8431cb58-808f-425c-b6ca-0f49c9ab7118,IN-SERVICE,NON-LIQUID,370.67,
2026-08-12T21:50:00+08:00,COLLIE_BESS2,150.0,622.0,8,8431cb58-808f-425c-b6ca-0f49c9ab7118,IN-SERVICE,NON-LIQUID,628.22,
2026-08-12T21:50:00+08:00,COLLIE_BESS2,0.0,927.28,9,8431cb58-808f-425c-b6ca-0f49c9ab7118,IN-SERVICE,NON-LIQUID,936.55,
2026-08-12T21:50:00+08:00,COLLIE_BESS2,0.0,1188.12,10,8431cb58-808f-425c-b6ca-0f49c9ab7118,IN-SERVICE,NON-LIQUID,1200.0,
2026-08-12T21:50:00+08:00,COLLIE_ESR4,-250.0,110.67,1,7d79acd1-9ad7-45d3-9b77-792eb4bb3103,IN-SERVICE,NOT APPLICABLE,110.6,0.0
2026-08-12T21:50:00+08:00,COLLIE_ESR4,250.0,126.15,2,7d79acd1-9ad7-45d3-9b77-792eb4bb3103,IN-SERVICE,NOT APPLICABLE,126.07,0.0
2026-08-12T21:50:00+08:00,COLLIE_ESR5,-250.0,110.78,1,6d8ce8fe-ec8f-4279-b403-08c1ce69d10c,IN-SERVICE,NOT APPLICABLE,110.71,0.0
2026-08-12T21:50:00+08:00,COLLIE_ESR5,250.0,126.04,2,6d8ce8fe-ec8f-4279-b403-08c1ce69d10c,IN-SERVICE,NOT APPLICABLE,125.96,0.0
2026-08-12T21:55:00+08:00,KWINANA_ESR1,-100.0,111.02,1,15d343a3-6423-4b1a-954e-7336ba27b4da,IN-SERVICE,NOT APPLICABLE,110.98,0.0
2026-08-12T21:55:00+08:00,KWINANA_ESR1,100.0,125.76,2,15d343a3-6423-4b1a-954e-7336ba27b4da,IN-SERVICE,NOT APPLICABLE,125.71,0.0
2026-08-12T21:55:00+08:00,COLLIE_ESR1,0.0,-1000.0,1,1033eb0e-9ed4-4ff6-9b45-15e943952145,IN-SERVICE,NON-LIQUID,-999.4,
2026-08-12T21:55:00+08:00,COLLIE_ESR1,-100.0,-42.46,2,1033eb0e-9ed4-4ff6-9b45-15e943952145,IN-SERVICE,NON-LIQUID,-42.43,
2026-08-12T21:55:00+08:00,COLLIE_ESR1,-100.0,-10.0,3,1033eb0e-9ed4-4ff6-9b45-15e943952145,IN-SERVICE,NON-LIQUID,-9.99,
2026-08-12T21:55:00+08:00,COLLIE_ESR1,0.0,34.02,4,1033eb0e-9ed4-4ff6-9b45-15e943952145,IN-SERVICE,NON-LIQUID,34.0,
2026-08-12T21:55:00+08:00,COLLIE_ESR1,0.0,60.0,5,1033eb0e-9ed4-4ff6-9b45-15e943952145,IN-SERVICE,NON-LIQUID,59.96,
2026-08-12T21:55:00+08:00,COLLIE_ESR1,50.0,250.0,6,1033eb0e-9ed4-4ff6-9b45-15e943952145,IN-SERVICE,NON-LIQUID,249.85,
2026-08-12T21:55:00+08:00,COLLIE_ESR1,100.0,367.0,7,1033eb0e-9ed4-4ff6-9b45-15e943952145,IN-SERVICE,NON-LIQUID,366.78,
2026-08-12T21:55:00+08:00,COLLIE_ESR1,50.0,622.0,8,1033eb0e-9ed4-4ff6-9b45-15e943952145,IN-SERVICE,NON-LIQUID,621.63,
2026-08-12T21:55:00+08:00,COLLIE_ESR1,0.0,927.28,9,1033eb0e-9ed4-4ff6-9b45-15e943952145,IN-SERVICE,NON-LIQUID,926.72,
2026-08-12T21:55:00+08:00,COLLIE_ESR1,0.0,1200.0,10,1033eb0e-9ed4-4ff6-9b45-15e943952145,IN-SERVICE,NON-LIQUID,1199.28,
2026-08-12T21:55:00+08:00,KWINANA_ESR2,-225.0,110.96,1,33c3a0bf-3fea-44ad-9608-a2d99d373e04,IN-SERVICE,NOT APPLICABLE,110.85,0.0
2026-08-12T21:55:00+08:00,KWINANA_ESR2,225.0,125.96,2,33c3a0bf-3fea-44ad-9608-a2d99d373e04,IN-SERVICE,NOT APPLICABLE,125.83,0.0
2026-08-12T21:55:00+08:00,COLLIE_BESS2,0.0,-990.1,1,af47ca57-04ce-4c9f-9563-ab90ef360160,IN-SERVICE,NON-LIQUID,-1000.0,
2026-08-12T21:55:00+08:00,COLLIE_BESS2,-150.0,-42.46,2,af47ca57-04ce-4c9f-9563-ab90ef360160,IN-SERVICE,NON-LIQUID,-42.88,
2026-08-12T21:55:00+08:00,COLLIE_BESS2,-150.0,-10.0,3,af47ca57-04ce-4c9f-9563-ab90ef360160,IN-SERVICE,NON-LIQUID,-10.1,
2026-08-12T21:55:00+08:00,COLLIE_BESS2,0.0,34.02,4,af47ca57-04ce-4c9f-9563-ab90ef360160,IN-SERVICE,NON-LIQUID,34.36,
2026-08-12T21:55:00+08:00,COLLIE_BESS2,0.0,60.0,5,af47ca57-04ce-4c9f-9563-ab90ef360160,IN-SERVICE,NON-LIQUID,60.6,
2026-08-12T21:55:00+08:00,COLLIE_BESS2,75.0,250.0,6,af47ca57-04ce-4c9f-9563-ab90ef360160,IN-SERVICE,NON-LIQUID,252.5,
2026-08-12T21:55:00+08:00,COLLIE_BESS2,75.0,367.0,7,af47ca57-04ce-4c9f-9563-ab90ef360160,IN-SERVICE,NON-LIQUID,370.67,
2026-08-12T21:55:00+08:00,COLLIE_BESS2,150.0,622.0,8,af47ca57-04ce-4c9f-9563-ab90ef360160,IN-SERVICE,NON-LIQUID,628.22,
2026-08-12T21:55:00+08:00,COLLIE_BESS2,0.0,927.28,9,af47ca57-04ce-4c9f-9563-ab90ef360160,IN-SERVICE,NON-LIQUID,936.55,
2026-08-12T21:55:00+08:00,COLLIE_BESS2,0.0,1188.12,10,af47ca57-04ce-4c9f-9563-ab90ef360160,IN-SERVICE,NON-LIQUID,1200.0,
2026-08-12T21:55:00+08:00,COLLIE_ESR4,-250.0,104.52,1,7d79acd1-9ad7-45d3-9b77-792eb4bb3103,IN-SERVICE,NOT APPLICABLE,104.46,0.0
2026-08-12T21:55:00+08:00,COLLIE_ESR4,250.0,120.0,2,7d79acd1-9ad7-45d3-9b77-792eb4bb3103,IN-SERVICE,NOT APPLICABLE,119.93,0.0
2026-08-12T21:55:00+08:00,COLLIE_ESR5,-250.0,110.78,1,6d8ce8fe-ec8f-4279-b403-08c1ce69d10c,IN-SERVICE,NOT APPLICABLE,110.71,0.0
2026-08-12T21:55:00+08:00,COLLIE_ESR5,250.0,126.04,2,6d8ce8fe-ec8f-4279-b403-08c1ce69d10c,IN-SERVICE,NOT APPLICABLE,125.96,0.0
2026-08-12T22:00:00+08:00,KWINANA_ESR1,-100.0,111.16,1,15d343a3-6423-4b1a-954e-7336ba27b4da,IN-SERVICE,NOT APPLICABLE,111.12,0.0
2026-08-12T22:00:00+08:00,KWINANA_ESR1,100.0,125.9,2,15d343a3-6423-4b1a-954e-7336ba27b4da,IN-SERVICE,NOT APPLICABLE,125.85,0.0
2026-08-12T22:00:00+08:00,COLLIE_ESR1,0.0,-1000.0,1,36e919e4-c8fe-46d4-9ee3-ac7c559a5769,IN-SERVICE,NON-LIQUID,-999.4,
2026-08-12T22:00:00+08:00,COLLIE_ESR1,-100.0,-42.46,2,36e919e4-c8fe-46d4-9ee3-ac7c559a5769,IN-SERVICE,NON-LIQUID,-42.43,
2026-08-12T22:00:00+08:00,COLLIE_ESR1,-100.0,-10.0,3,36e919e4-c8fe-46d4-9ee3-ac7c559a5769,IN-SERVICE,NON-LIQUID,-9.99,
2026-08-12T22:00:00+08:00,COLLIE_ESR1,0.0,34.02,4,36e919e4-c8fe-46d4-9ee3-ac7c559a5769,IN-SERVICE,NON-LIQUID,34.0,
2026-08-12T22:00:00+08:00,COLLIE_ESR1,0.0,60.0,5,36e919e4-c8fe-46d4-9ee3-ac7c559a5769,IN-SERVICE,NON-LIQUID,59.96,
2026-08-12T22:00:00+08:00,COLLIE_ESR1,50.0,250.0,6,36e919e4-c8fe-46d4-9ee3-ac7c559a5769,IN-SERVICE,NON-LIQUID,249.85,
2026-08-12T22:00:00+08:00,COLLIE_ESR1,100.0,367.0,7,36e919e4-c8fe-46d4-9ee3-ac7c559a5769,IN-SERVICE,NON-LIQUID,366.78,
2026-08-12T22:00:00+08:00,COLLIE_ESR1,50.0,622.0,8,36e919e4-c8fe-46d4-9ee3-ac7c559a5769,IN-SERVICE,NON-LIQUID,621.63,
2026-08-12T22:00:00+08:00,COLLIE_ESR1,0.0,1199.9,9,36e919e4-c8fe-46d4-9ee3-ac7c559a5769,IN-SERVICE,NON-LIQUID,1199.18,
2026-08-12T22:00:00+08:00,COLLIE_ESR1,0.0,1200.0,10,36e919e4-c8fe-46d4-9ee3-ac7c559a5769,IN-SERVICE,NON-LIQUID,1199.28,
2026-08-12T22:00:00+08:00,KWINANA_ESR2,-225.0,110.96,1,33c3a0bf-3fea-44ad-9608-a2d99d373e04,IN-SERVICE,NOT APPLICABLE,110.85,0.0
2026-08-12T22:00:00+08:00,KWINANA_ESR2,225.0,125.96,2,33c3a0bf-3fea-44ad-9608-a2d99d373e04,IN-SERVICE,NOT APPLICABLE,125.83,0.0
2026-08-12T22:00:00+08:00,COLLIE_BESS2,0.0,-990.1,1,2ae3693b-c2d4-4e7a-8f4b-952e5bea9536,IN-SERVICE,NON-LIQUID,-1000.0,
2026-08-12T22:00:00+08:00,COLLIE_BESS2,-150.0,-42.46,2,2ae3693b-c2d4-4e7a-8f4b-952e5bea9536,IN-SERVICE,NON-LIQUID,-42.88,
2026-08-12T22:00:00+08:00,COLLIE_BESS2,-150.0,-10.0,3,2ae3693b-c2d4-4e7a-8f4b-952e5bea9536,IN-SERVICE,NON-LIQUID,-10.1,
2026-08-12T22:00:00+08:00,COLLIE_BESS2,0.0,34.02,4,2ae3693b-c2d4-4e7a-8f4b-952e5bea9536,IN-SERVICE,NON-LIQUID,34.36,
2026-08-12T22:00:00+08:00,COLLIE_BESS2,0.0,60.0,5,2ae3693b-c2d4-4e7a-8f4b-952e5bea9536,IN-SERVICE,NON-LIQUID,60.6,
2026-08-12T22:00:00+08:00,COLLIE_BESS2,75.0,250.0,6,2ae3693b-c2d4-4e7a-8f4b-952e5bea9536,IN-SERVICE,NON-LIQUID,252.5,
2026-08-12T22:00:00+08:00,COLLIE_BESS2,75.0,367.0,7,2ae3693b-c2d4-4e7a-8f4b-952e5bea9536,IN-SERVICE,NON-LIQUID,370.67,
2026-08-12T22:00:00+08:00,COLLIE_BESS2,150.0,622.0,8,2ae3693b-c2d4-4e7a-8f4b-952e5bea9536,IN-SERVICE,NON-LIQUID,628.22,
2026-08-12T22:00:00+08:00,COLLIE_BESS2,0.0,1188.12,9,2ae3693b-c2d4-4e7a-8f4b-952e5bea9536,IN-SERVICE,NON-LIQUID,1200.0,
2026-08-12T22:00:00+08:00,COLLIE_BESS2,0.0,1188.12,10,2ae3693b-c2d4-4e7a-8f4b-952e5bea9536,IN-SERVICE,NON-LIQUID,1200.0,
2026-08-12T22:00:00+08:00,COLLIE_ESR4,-250.0,103.18,1,7d79acd1-9ad7-45d3-9b77-792eb4bb3103,IN-SERVICE,NOT APPLICABLE,103.12,0.0
2026-08-12T22:00:00+08:00,COLLIE_ESR4,250.0,118.8,2,7d79acd1-9ad7-45d3-9b77-792eb4bb3103,IN-SERVICE,NOT APPLICABLE,118.73,0.0
2026-08-12T22:00:00+08:00,COLLIE_ESR5,-250.0,110.78,1,6d8ce8fe-ec8f-4279-b403-08c1ce69d10c,IN-SERVICE,NOT APPLICABLE,110.71,0.0
2026-08-12T22:00:00+08:00,COLLIE_ESR5,250.0,119.89,2,6d8ce8fe-ec8f-4279-b403-08c1ce69d10c,IN-SERVICE,NOT APPLICABLE,119.82,0.0
2026-08-12T22:05:00+08:00,KWINANA_ESR1,-100.0,111.3,1,5c0f0433-3bbb-49e6-985d-1c5253e44240,IN-SERVICE,NOT APPLICABLE,111.26,0.0
2026-08-12T22:05:00+08:00,KWINANA_ESR1,100.0,126.04,2,5c0f0433-3bbb-49e6-985d-1c5253e44240,IN-SERVICE,NOT APPLICABLE,125.99,0.0
2026-08-12T22:05:00+08:00,COLLIE_ESR1,0.0,-1000.0,1,00ffe6fe-c99a-4ae8-bdd8-1b54787c1f31,IN-SERVICE,NON-LIQUID,-999.4,
2026-08-12T22:05:00+08:00,COLLIE_ESR1,-100.0,-42.46,2,00ffe6fe-c99a-4ae8-bdd8-1b54787c1f31,IN-SERVICE,NON-LIQUID,-42.43,
2026-08-12T22:05:00+08:00,COLLIE_ESR1,-100.0,-10.0,3,00ffe6fe-c99a-4ae8-bdd8-1b54787c1f31,IN-SERVICE,NON-LIQUID,-9.99,
2026-08-12T22:05:00+08:00,COLLIE_ESR1,0.0,34.02,4,00ffe6fe-c99a-4ae8-bdd8-1b54787c1f31,IN-SERVICE,NON-LIQUID,34.0,
2026-08-12T22:05:00+08:00,COLLIE_ESR1,0.0,60.0,5,00ffe6fe-c99a-4ae8-bdd8-1b54787c1f31,IN-SERVICE,NON-LIQUID,59.96,
2026-08-12T22:05:00+08:00,COLLIE_ESR1,50.0,250.0,6,00ffe6fe-c99a-4ae8-bdd8-1b54787c1f31,IN-SERVICE,NON-LIQUID,249.85,
2026-08-12T22:05:00+08:00,COLLIE_ESR1,100.0,367.0,7,00ffe6fe-c99a-4ae8-bdd8-1b54787c1f31,IN-SERVICE,NON-LIQUID,366.78,
2026-08-12T22:05:00+08:00,COLLIE_ESR1,50.0,622.0,8,00ffe6fe-c99a-4ae8-bdd8-1b54787c1f31,IN-SERVICE,NON-LIQUID,621.63,
2026-08-12T22:05:00+08:00,COLLIE_ESR1,0.0,1199.9,9,00ffe6fe-c99a-4ae8-bdd8-1b54787c1f31,IN-SERVICE,NON-LIQUID,1199.18,
2026-08-12T22:05:00+08:00,COLLIE_ESR1,0.0,1200.0,10,00ffe6fe-c99a-4ae8-bdd8-1b54787c1f31,IN-SERVICE,NON-LIQUID,1199.28,
2026-08-12T22:05:00+08:00,KWINANA_ESR2,-225.0,111.1,1,d537f9f0-6cfa-4024-b3f1-58ef2d28f3c3,IN-SERVICE,NOT APPLICABLE,110.99,0.0
2026-08-12T22:05:00+08:00,KWINANA_ESR2,225.0,126.1,2,d537f9f0-6cfa-4024-b3f1-58ef2d28f3c3,IN-SERVICE,NOT APPLICABLE,125.97,0.0
2026-08-12T22:05:00+08:00,COLLIE_BESS2,0.0,-990.1,1,8baca451-5485-4fb1-8490-e428f929d9e0,IN-SERVICE,NON-LIQUID,-1000.0,
2026-08-12T22:05:00+08:00,COLLIE_BESS2,-150.0,-42.46,2,8baca451-5485-4fb1-8490-e428f929d9e0,IN-SERVICE,NON-LIQUID,-42.88,
2026-08-12T22:05:00+08:00,COLLIE_BESS2,-150.0,-10.0,3,8baca451-5485-4fb1-8490-e428f929d9e0,IN-SERVICE,NON-LIQUID,-10.1,
2026-08-12T22:05:00+08:00,COLLIE_BESS2,0.0,34.02,4,8baca451-5485-4fb1-8490-e428f929d9e0,IN-SERVICE,NON-LIQUID,34.36,
2026-08-12T22:05:00+08:00,COLLIE_BESS2,0.0,60.0,5,8baca451-5485-4fb1-8490-e428f929d9e0,IN-SERVICE,NON-LIQUID,60.6,
2026-08-12T22:05:00+08:00,COLLIE_BESS2,75.0,250.0,6,8baca451-5485-4fb1-8490-e428f929d9e0,IN-SERVICE,NON-LIQUID,252.5,
2026-08-12T22:05:00+08:00,COLLIE_BESS2,75.0,367.0,7,8baca451-5485-4fb1-8490-e428f929d9e0,IN-SERVICE,NON-LIQUID,370.67,
2026-08-12T22:05:00+08:00,COLLIE_BESS2,150.0,622.0,8,8baca451-5485-4fb1-8490-e428f929d9e0,IN-SERVICE,NON-LIQUID,628.22,
2026-08-12T22:05:00+08:00,COLLIE_BESS2,0.0,1188.12,9,8baca451-5485-4fb1-8490-e428f929d9e0,IN-SERVICE,NON-LIQUID,1200.0,
2026-08-12T22:05:00+08:00,COLLIE_BESS2,0.0,1188.12,10,8baca451-5485-4fb1-8490-e428f929d9e0,IN-SERVICE,NON-LIQUID,1200.0,
2026-08-12T22:05:00+08:00,COLLIE_ESR4,-250.0,105.62,1,c97ad63c-7c5d-480f-9e36-81a80c9a7e6e,IN-SERVICE,NOT APPLICABLE,105.56,0.0
2026-08-12T22:05:00+08:00,COLLIE_ESR4,250.0,121.1,2,c97ad63c-7c5d-480f-9e36-81a80c9a7e6e,IN-SERVICE,NOT APPLICABLE,121.03,0.0
2026-08-12T22:05:00+08:00,COLLIE_ESR5,-250.0,109.74,1,4cc010ca-b35c-464f-a4e4-0cc1d596d857,IN-SERVICE,NOT APPLICABLE,109.67,0.0
2026-08-12T22:05:00+08:00,COLLIE_ESR5,250.0,126.18,2,4cc010ca-b35c-464f-a4e4-0cc1d596d857,IN-SERVICE,NOT APPLICABLE,126.1,0.0
2026-08-12T22:10:00+08:00,KWINANA_ESR1,-100.0,111.3,1,5c0f0433-3bbb-49e6-985d-1c5253e44240,IN-SERVICE,NOT APPLICABLE,111.26,0.0
2026-08-12T22:10:00+08:00,KWINANA_ESR1,100.0,126.04,2,5c0f0433-3bbb-49e6-985d-1c5253e44240,IN-SERVICE,NOT APPLICABLE,125.99,0.0
2026-08-12T22:10:00+08:00,COLLIE_ESR1,0.0,-1000.0,1,0b420f81-385e-4ff3-9cd1-aa11ae2780dc,IN-SERVICE,NON-LIQUID,-999.4,
2026-08-12T22:10:00+08:00,COLLIE_ESR1,-100.0,-42.46,2,0b420f81-385e-4ff3-9cd1-aa11ae2780dc,IN-SERVICE,NON-LIQUID,-42.43,
2026-08-12T22:10:00+08:00,COLLIE_ESR1,-100.0,-10.0,3,0b420f81-385e-4ff3-9cd1-aa11ae2780dc,IN-SERVICE,NON-LIQUID,-9.99,
2026-08-12T22:10:00+08:00,COLLIE_ESR1,0.0,34.02,4,0b420f81-385e-4ff3-9cd1-aa11ae2780dc,IN-SERVICE,NON-LIQUID,34.0,
2026-08-12T22:10:00+08:00,COLLIE_ESR1,0.0,60.0,5,0b420f81-385e-4ff3-9cd1-aa11ae2780dc,IN-SERVICE,NON-LIQUID,59.96,
2026-08-12T22:10:00+08:00,COLLIE_ESR1,50.0,250.0,6,0b420f81-385e-4ff3-9cd1-aa11ae2780dc,IN-SERVICE,NON-LIQUID,249.85,
2026-08-12T22:10:00+08:00,COLLIE_ESR1,100.0,367.0,7,0b420f81-385e-4ff3-9cd1-aa11ae2780dc,IN-SERVICE,NON-LIQUID,366.78,
2026-08-12T22:10:00+08:00,COLLIE_ESR1,50.0,622.0,8,0b420f81-385e-4ff3-9cd1-aa11ae2780dc,IN-SERVICE,NON-LIQUID,621.63,
2026-08-12T22:10:00+08:00,COLLIE_ESR1,0.0,1199.9,9,0b420f81-385e-4ff3-9cd1-aa11ae2780dc,IN-SERVICE,NON-LIQUID,1199.18,
2026-08-12T22:10:00+08:00,COLLIE_ESR1,0.0,1200.0,10,0b420f81-385e-4ff3-9cd1-aa11ae2780dc,IN-SERVICE,NON-LIQUID,1199.28,
2026-08-12T22:10:00+08:00,KWINANA_ESR2,-225.0,110.83,1,d537f9f0-6cfa-4024-b3f1-58ef2d28f3c3,IN-SERVICE,NOT APPLICABLE,110.72,0.0
2026-08-12T22:10:00+08:00,KWINANA_ESR2,225.0,126.1,2,d537f9f0-6cfa-4024-b3f1-58ef2d28f3c3,IN-SERVICE,NOT APPLICABLE,125.97,0.0
2026-08-12T22:10:00+08:00,COLLIE_BESS2,0.0,-990.1,1,1fff835a-81e7-452e-be85-dba14e00e614,IN-SERVICE,NON-LIQUID,-1000.0,
2026-08-12T22:10:00+08:00,COLLIE_BESS2,-150.0,-42.46,2,1fff835a-81e7-452e-be85-dba14e00e614,IN-SERVICE,NON-LIQUID,-42.88,
2026-08-12T22:10:00+08:00,COLLIE_BESS2,-150.0,-10.0,3,1fff835a-81e7-452e-be85-dba14e00e614,IN-SERVICE,NON-LIQUID,-10.1,
2026-08-12T22:10:00+08:00,COLLIE_BESS2,0.0,34.02,4,1fff835a-81e7-452e-be85-dba14e00e614,IN-SERVICE,NON-LIQUID,34.36,
2026-08-12T22:10:00+08:00,COLLIE_BESS2,0.0,60.0,5,1fff835a-81e7-452e-be85-dba14e00e614,IN-SERVICE,NON-LIQUID,60.6,
2026-08-12T22:10:00+08:00,COLLIE_BESS2,75.0,250.0,6,1fff835a-81e7-452e-be85-dba14e00e614,IN-SERVICE,NON-LIQUID,252.5,
2026-08-12T22:10:00+08:00,COLLIE_BESS2,75.0,367.0,7,1fff835a-81e7-452e-be85-dba14e00e614,IN-SERVICE,NON-LIQUID,370.67,
2026-08-12T22:10:00+08:00,COLLIE_BESS2,150.0,622.0,8,1fff835a-81e7-452e-be85-dba14e00e614,IN-SERVICE,NON-LIQUID,628.22,
2026-08-12T22:10:00+08:00,COLLIE_BESS2,0.0,1188.12,9,1fff835a-81e7-452e-be85-dba14e00e614,IN-SERVICE,NON-LIQUID,1200.0,
2026-08-12T22:10:00+08:00,COLLIE_BESS2,0.0,1188.12,10,1fff835a-81e7-452e-be85-dba14e00e614,IN-SERVICE,NON-LIQUID,1200.0,
2026-08-12T22:10:00+08:00,COLLIE_ESR4,-250.0,105.62,1,c97ad63c-7c5d-480f-9e36-81a80c9a7e6e,IN-SERVICE,NOT APPLICABLE,105.56,0.0
2026-08-12T22:10:00+08:00,COLLIE_ESR4,250.0,121.1,2,c97ad63c-7c5d-480f-9e36-81a80c9a7e6e,IN-SERVICE,NOT APPLICABLE,121.03,0.0
2026-08-12T22:10:00+08:00,COLLIE_ESR5,-250.0,109.74,1,4cc010ca-b35c-464f-a4e4-0cc1d596d857,IN-SERVICE,NOT APPLICABLE,109.67,0.0
2026-08-12T22:10:00+08:00,COLLIE_ESR5,250.0,126.18,2,4cc010ca-b35c-464f-a4e4-0cc1d596d857,IN-SERVICE,NOT APPLICABLE,126.1,0.0
2026-08-12T22:15:00+08:00,KWINANA_ESR1,-100.0,111.16,1,5c0f0433-3bbb-49e6-985d-1c5253e44240,IN-SERVICE,NOT APPLICABLE,111.12,0.0
2026-08-12T22:15:00+08:00,KWINANA_ESR1,100.0,125.9,2,5c0f0433-3bbb-49e6-985d-1c5253e44240,IN-SERVICE,NOT APPLICABLE,125.85,0.0
2026-08-12T22:15:00+08:00,COLLIE_ESR1,0.0,-1000.0,1,edb229d1-c226-4cec-9d0e-abecec3318d5,IN-SERVICE,NON-LIQUID,-999.4,
2026-08-12T22:15:00+08:00,COLLIE_ESR1,-100.0,-42.46,2,edb229d1-c226-4cec-9d0e-abecec3318d5,IN-SERVICE,NON-LIQUID,-42.43,
2026-08-12T22:15:00+08:00,COLLIE_ESR1,-100.0,-10.0,3,edb229d1-c226-4cec-9d0e-abecec3318d5,IN-SERVICE,NON-LIQUID,-9.99,
2026-08-12T22:15:00+08:00,COLLIE_ESR1,0.0,34.02,4,edb229d1-c226-4cec-9d0e-abecec3318d5,IN-SERVICE,NON-LIQUID,34.0,
2026-08-12T22:15:00+08:00,COLLIE_ESR1,0.0,60.0,5,edb229d1-c226-4cec-9d0e-abecec3318d5,IN-SERVICE,NON-LIQUID,59.96,
2026-08-12T22:15:00+08:00,COLLIE_ESR1,50.0,250.0,6,edb229d1-c226-4cec-9d0e-abecec3318d5,IN-SERVICE,NON-LIQUID,249.85,
2026-08-12T22:15:00+08:00,COLLIE_ESR1,100.0,367.0,7,edb229d1-c226-4cec-9d0e-abecec3318d5,IN-SERVICE,NON-LIQUID,366.78,
2026-08-12T22:15:00+08:00,COLLIE_ESR1,50.0,622.0,8,edb229d1-c226-4cec-9d0e-abecec3318d5,IN-SERVICE,NON-LIQUID,621.63,
2026-08-12T22:15:00+08:00,COLLIE_ESR1,0.0,1199.9,9,edb229d1-c226-4cec-9d0e-abecec3318d5,IN-SERVICE,NON-LIQUID,1199.18,
2026-08-12T22:15:00+08:00,COLLIE_ESR1,0.0,1200.0,10,edb229d1-c226-4cec-9d0e-abecec3318d5,IN-SERVICE,NON-LIQUID,1199.28,
2026-08-12T22:15:00+08:00,KWINANA_ESR2,-225.0,110.83,1,d537f9f0-6cfa-4024-b3f1-58ef2d28f3c3,IN-SERVICE,NOT APPLICABLE,110.72,0.0
2026-08-12T22:15:00+08:00,KWINANA_ESR2,225.0,125.83,2,d537f9f0-6cfa-4024-b3f1-58ef2d28f3c3,IN-SERVICE,NOT APPLICABLE,125.7,0.0
2026-08-12T22:15:00+08:00,COLLIE_BESS2,0.0,-990.1,1,3a4519ae-0d41-4c0c-a393-c6a62bc4d6cb,IN-SERVICE,NON-LIQUID,-1000.0,
2026-08-12T22:15:00+08:00,COLLIE_BESS2,-150.0,-42.46,2,3a4519ae-0d41-4c0c-a393-c6a62bc4d6cb,IN-SERVICE,NON-LIQUID,-42.88,
2026-08-12T22:15:00+08:00,COLLIE_BESS2,-150.0,-10.0,3,3a4519ae-0d41-4c0c-a393-c6a62bc4d6cb,IN-SERVICE,NON-LIQUID,-10.1,
2026-08-12T22:15:00+08:00,COLLIE_BESS2,0.0,34.02,4,3a4519ae-0d41-4c0c-a393-c6a62bc4d6cb,IN-SERVICE,NON-LIQUID,34.36,
2026-08-12T22:15:00+08:00,COLLIE_BESS2,0.0,60.0,5,3a4519ae-0d41-4c0c-a393-c6a62bc4d6cb,IN-SERVICE,NON-LIQUID,60.6,
2026-08-12T22:15:00+08:00,COLLIE_BESS2,75.0,250.0,6,3a4519ae-0d41-4c0c-a393-c6a62bc4d6cb,IN-SERVICE,NON-LIQUID,252.5,
2026-08-12T22:15:00+08:00,COLLIE_BESS2,75.0,367.0,7,3a4519ae-0d41-4c0c-a393-c6a62bc4d6cb,IN-SERVICE,NON-LIQUID,370.67,
2026-08-12T22:15:00+08:00,COLLIE_BESS2,150.0,622.0,8,3a4519ae-0d41-4c0c-a393-c6a62bc4d6cb,IN-SERVICE,NON-LIQUID,628.22,
2026-08-12T22:15:00+08:00,COLLIE_BESS2,0.0,1188.12,9,3a4519ae-0d41-4c0c-a393-c6a62bc4d6cb,IN-SERVICE,NON-LIQUID,1200.0,
2026-08-12T22:15:00+08:00,COLLIE_BESS2,0.0,1188.12,10,3a4519ae-0d41-4c0c-a393-c6a62bc4d6cb,IN-SERVICE,NON-LIQUID,1200.0,
2026-08-12T22:15:00+08:00,COLLIE_ESR4,-250.0,105.62,1,c97ad63c-7c5d-480f-9e36-81a80c9a7e6e,IN-SERVICE,NOT APPLICABLE,105.56,0.0
2026-08-12T22:15:00+08:00,COLLIE_ESR4,250.0,121.1,2,c97ad63c-7c5d-480f-9e36-81a80c9a7e6e,IN-SERVICE,NOT APPLICABLE,121.03,0.0
2026-08-12T22:15:00+08:00,COLLIE_ESR5,-250.0,109.74,1,4cc010ca-b35c-464f-a4e4-0cc1d596d857,IN-SERVICE,NOT APPLICABLE,109.67,0.0
2026-08-12T22:15:00+08:00,COLLIE_ESR5,250.0,126.18,2,4cc010ca-b35c-464f-a4e4-0cc1d596d857,IN-SERVICE,NOT APPLICABLE,126.1,0.0
2026-08-12T22:20:00+08:00,KWINANA_ESR1,-100.0,111.62,1,c64f76e3-99f4-49bb-8d00-9aad995a4eab,IN-SERVICE,NOT APPLICABLE,111.58,0.0
2026-08-12T22:20:00+08:00,KWINANA_ESR1,100.0,126.36,2,c64f76e3-99f4-49bb-8d00-9aad995a4eab,IN-SERVICE,NOT APPLICABLE,126.31,0.0
2026-08-12T22:20:00+08:00,COLLIE_ESR1,0.0,-1000.0,1,d38ba45f-6c5f-4a6d-bded-b034308a768f,IN-SERVICE,NON-LIQUID,-999.4,
2026-08-12T22:20:00+08:00,COLLIE_ESR1,-100.0,-42.46,2,d38ba45f-6c5f-4a6d-bded-b034308a768f,IN-SERVICE,NON-LIQUID,-42.43,
2026-08-12T22:20:00+08:00,COLLIE_ESR1,-100.0,-10.0,3,d38ba45f-6c5f-4a6d-bded-b034308a768f,IN-SERVICE,NON-LIQUID,-9.99,
2026-08-12T22:20:00+08:00,COLLIE_ESR1,0.0,34.02,4,d38ba45f-6c5f-4a6d-bded-b034308a768f,IN-SERVICE,NON-LIQUID,34.0,
2026-08-12T22:20:00+08:00,COLLIE_ESR1,0.0,60.0,5,d38ba45f-6c5f-4a6d-bded-b034308a768f,IN-SERVICE,NON-LIQUID,59.96,
2026-08-12T22:20:00+08:00,COLLIE_ESR1,50.0,250.0,6,d38ba45f-6c5f-4a6d-bded-b034308a768f,IN-SERVICE,NON-LIQUID,249.85,
2026-08-12T22:20:00+08:00,COLLIE_ESR1,100.0,367.0,7,d38ba45f-6c5f-4a6d-bded-b034308a768f,IN-SERVICE,NON-LIQUID,366.78,
2026-08-12T22:20:00+08:00,COLLIE_ESR1,50.0,622.0,8,d38ba45f-6c5f-4a6d-bded-b034308a768f,IN-SERVICE,NON-LIQUID,621.63,
2026-08-12T22:20:00+08:00,COLLIE_ESR1,0.0,1199.9,9,d38ba45f-6c5f-4a6d-bded-b034308a768f,IN-SERVICE,NON-LIQUID,1199.18,
2026-08-12T22:20:00+08:00,COLLIE_ESR1,0.0,1200.0,10,d38ba45f-6c5f-4a6d-bded-b034308a768f,IN-SERVICE,NON-LIQUID,1199.28,
2026-08-12T22:20:00+08:00,KWINANA_ESR2,-225.0,103.81,1,fddd3a5b-48f6-48f3-9844-04e710b58afc,IN-SERVICE,NOT APPLICABLE,103.71,0.0
2026-08-12T22:20:00+08:00,KWINANA_ESR2,225.0,118.81,2,fddd3a5b-48f6-48f3-9844-04e710b58afc,IN-SERVICE,NOT APPLICABLE,118.69,0.0
2026-08-12T22:20:00+08:00,COLLIE_BESS2,0.0,-990.1,1,91bc3bd4-b9a1-4388-a38b-d30e9bb6a2bc,IN-SERVICE,NON-LIQUID,-1000.0,
2026-08-12T22:20:00+08:00,COLLIE_BESS2,-150.0,-42.46,2,91bc3bd4-b9a1-4388-a38b-d30e9bb6a2bc,IN-SERVICE,NON-LIQUID,-42.88,
2026-08-12T22:20:00+08:00,COLLIE_BESS2,-150.0,-10.0,3,91bc3bd4-b9a1-4388-a38b-d30e9bb6a2bc,IN-SERVICE,NON-LIQUID,-10.1,
2026-08-12T22:20:00+08:00,COLLIE_BESS2,0.0,34.02,4,91bc3bd4-b9a1-4388-a38b-d30e9bb6a2bc,IN-SERVICE,NON-LIQUID,34.36,
2026-08-12T22:20:00+08:00,COLLIE_BESS2,0.0,60.0,5,91bc3bd4-b9a1-4388-a38b-d30e9bb6a2bc,IN-SERVICE,NON-LIQUID,60.6,
2026-08-12T22:20:00+08:00,COLLIE_BESS2,75.0,250.0,6,91bc3bd4-b9a1-4388-a38b-d30e9bb6a2bc,IN-SERVICE,NON-LIQUID,252.5,
2026-08-12T22:20:00+08:00,COLLIE_BESS2,75.0,367.0,7,91bc3bd4-b9a1-4388-a38b-d30e9bb6a2bc,IN-SERVICE,NON-LIQUID,370.67,
2026-08-12T22:20:00+08:00,COLLIE_BESS2,150.0,622.0,8,91bc3bd4-b9a1-4388-a38b-d30e9bb6a2bc,IN-SERVICE,NON-LIQUID,628.22,
2026-08-12T22:20:00+08:00,COLLIE_BESS2,0.0,1188.12,9,91bc3bd4-b9a1-4388-a38b-d30e9bb6a2bc,IN-SERVICE,NON-LIQUID,1200.0,
2026-08-12T22:20:00+08:00,COLLIE_BESS2,0.0,1188.12,10,91bc3bd4-b9a1-4388-a38b-d30e9bb6a2bc,IN-SERVICE,NON-LIQUID,1200.0,
2026-08-12T22:20:00+08:00,COLLIE_ESR4,-250.0,98.24,1,7f0903cf-07fc-43c7-8cc3-f9cb15aa9d17,IN-SERVICE,NOT APPLICABLE,98.18,0.0
2026-08-12T22:20:00+08:00,COLLIE_ESR4,250.0,119.01,2,7f0903cf-07fc-43c7-8cc3-f9cb15aa9d17,IN-SERVICE,NOT APPLICABLE,118.94,0.0
2026-08-12T22:20:00+08:00,COLLIE_ESR5,-250.0,102.38,1,e4d79a27-2396-49ee-be43-a59853a9d119,IN-SERVICE,NOT APPLICABLE,102.32,0.0
2026-08-12T22:20:00+08:00,COLLIE_ESR5,250.0,118.9,2,e4d79a27-2396-49ee-be43-a59853a9d119,IN-SERVICE,NOT APPLICABLE,118.83,0.0
2026-08-12T22:25:00+08:00,KWINANA_ESR1,-100.0,111.62,1,c64f76e3-99f4-49bb-8d00-9aad995a4eab,IN-SERVICE,NOT APPLICABLE,111.58,0.0
2026-08-12T22:25:00+08:00,KWINANA_ESR1,100.0,126.11,2,c64f76e3-99f4-49bb-8d00-9aad995a4eab,IN-SERVICE,NOT APPLICABLE,126.06,0.0
2026-08-12T22:25:00+08:00,COLLIE_ESR1,0.0,-1000.0,1,212cde80-899a-4be0-aa40-5cddc258799b,IN-SERVICE,NON-LIQUID,-999.4,
2026-08-12T22:25:00+08:00,COLLIE_ESR1,-100.0,-42.46,2,212cde80-899a-4be0-aa40-5cddc258799b,IN-SERVICE,NON-LIQUID,-42.43,
2026-08-12T22:25:00+08:00,COLLIE_ESR1,-100.0,-10.0,3,212cde80-899a-4be0-aa40-5cddc258799b,IN-SERVICE,NON-LIQUID,-9.99,
2026-08-12T22:25:00+08:00,COLLIE_ESR1,0.0,34.02,4,212cde80-899a-4be0-aa40-5cddc258799b,IN-SERVICE,NON-LIQUID,34.0,
2026-08-12T22:25:00+08:00,COLLIE_ESR1,0.0,60.0,5,212cde80-899a-4be0-aa40-5cddc258799b,IN-SERVICE,NON-LIQUID,59.96,
2026-08-12T22:25:00+08:00,COLLIE_ESR1,50.0,250.0,6,212cde80-899a-4be0-aa40-5cddc258799b,IN-SERVICE,NON-LIQUID,249.85,
2026-08-12T22:25:00+08:00,COLLIE_ESR1,100.0,367.0,7,212cde80-899a-4be0-aa40-5cddc258799b,IN-SERVICE,NON-LIQUID,366.78,
2026-08-12T22:25:00+08:00,COLLIE_ESR1,50.0,622.0,8,212cde80-899a-4be0-aa40-5cddc258799b,IN-SERVICE,NON-LIQUID,621.63,
2026-08-12T22:25:00+08:00,COLLIE_ESR1,0.0,1199.9,9,212cde80-899a-4be0-aa40-5cddc258799b,IN-SERVICE,NON-LIQUID,1199.18,
2026-08-12T22:25:00+08:00,COLLIE_ESR1,0.0,1200.0,10,212cde80-899a-4be0-aa40-5cddc258799b,IN-SERVICE,NON-LIQUID,1199.28,
2026-08-12T22:25:00+08:00,KWINANA_ESR2,-225.0,103.81,1,fddd3a5b-48f6-48f3-9844-04e710b58afc,IN-SERVICE,NOT APPLICABLE,103.71,0.0
2026-08-12T22:25:00+08:00,KWINANA_ESR2,225.0,118.81,2,fddd3a5b-48f6-48f3-9844-04e710b58afc,IN-SERVICE,NOT APPLICABLE,118.69,0.0
2026-08-12T22:25:00+08:00,COLLIE_BESS2,0.0,-990.1,1,e67f4379-8ef7-44fc-b660-1e380c1ceda8,IN-SERVICE,NON-LIQUID,-1000.0,
2026-08-12T22:25:00+08:00,COLLIE_BESS2,-150.0,-42.46,2,e67f4379-8ef7-44fc-b660-1e380c1ceda8,IN-SERVICE,NON-LIQUID,-42.88,
2026-08-12T22:25:00+08:00,COLLIE_BESS2,-150.0,-10.0,3,e67f4379-8ef7-44fc-b660-1e380c1ceda8,IN-SERVICE,NON-LIQUID,-10.1,
2026-08-12T22:25:00+08:00,COLLIE_BESS2,0.0,34.02,4,e67f4379-8ef7-44fc-b660-1e380c1ceda8,IN-SERVICE,NON-LIQUID,34.36,
2026-08-12T22:25:00+08:00,COLLIE_BESS2,0.0,60.0,5,e67f4379-8ef7-44fc-b660-1e380c1ceda8,IN-SERVICE,NON-LIQUID,60.6,
2026-08-12T22:25:00+08:00,COLLIE_BESS2,75.0,250.0,6,e67f4379-8ef7-44fc-b660-1e380c1ceda8,IN-SERVICE,NON-LIQUID,252.5,
2026-08-12T22:25:00+08:00,COLLIE_BESS2,75.0,367.0,7,e67f4379-8ef7-44fc-b660-1e380c1ceda8,IN-SERVICE,NON-LIQUID,370.67,
2026-08-12T22:25:00+08:00,COLLIE_BESS2,150.0,622.0,8,e67f4379-8ef7-44fc-b660-1e380c1ceda8,IN-SERVICE,NON-LIQUID,628.22,
2026-08-12T22:25:00+08:00,COLLIE_BESS2,0.0,1188.12,9,e67f4379-8ef7-44fc-b660-1e380c1ceda8,IN-SERVICE,NON-LIQUID,1200.0,
2026-08-12T22:25:00+08:00,COLLIE_BESS2,0.0,1188.12,10,e67f4379-8ef7-44fc-b660-1e380c1ceda8,IN-SERVICE,NON-LIQUID,1200.0,
2026-08-12T22:25:00+08:00,COLLIE_ESR4,-250.0,98.24,1,7f0903cf-07fc-43c7-8cc3-f9cb15aa9d17,IN-SERVICE,NOT APPLICABLE,98.18,0.0
2026-08-12T22:25:00+08:00,COLLIE_ESR4,250.0,119.01,2,7f0903cf-07fc-43c7-8cc3-f9cb15aa9d17,IN-SERVICE,NOT APPLICABLE,118.94,0.0
2026-08-12T22:25:00+08:00,COLLIE_ESR5,-250.0,102.38,1,e4d79a27-2396-49ee-be43-a59853a9d119,IN-SERVICE,NOT APPLICABLE,102.32,0.0
2026-08-12T22:25:00+08:00,COLLIE_ESR5,250.0,118.9,2,e4d79a27-2396-49ee-be43-a59853a9d119,IN-SERVICE,NOT APPLICABLE,118.83,0.0
2026-08-12T22:30:00+08:00,KWINANA_ESR1,-85.96,109.98,1,c64f76e3-99f4-49bb-8d00-9aad995a4eab,IN-SERVICE,NOT APPLICABLE,109.94,0.0
2026-08-12T22:30:00+08:00,KWINANA_ESR1,-14.04,111.37,2,c64f76e3-99f4-49bb-8d00-9aad995a4eab,IN-SERVICE,NOT APPLICABLE,111.33,0.0
2026-08-12T22:30:00+08:00,KWINANA_ESR1,100.0,120.71,3,c64f76e3-99f4-49bb-8d00-9aad995a4eab,IN-SERVICE,NOT APPLICABLE,120.66,0.0
2026-08-12T22:30:00+08:00,COLLIE_ESR1,0.0,-1000.0,1,0ffe0d24-5b4d-4469-9d31-81533604ed1c,IN-SERVICE,NON-LIQUID,-999.4,
2026-08-12T22:30:00+08:00,COLLIE_ESR1,-100.0,-42.46,2,0ffe0d24-5b4d-4469-9d31-81533604ed1c,IN-SERVICE,NON-LIQUID,-42.43,
2026-08-12T22:30:00+08:00,COLLIE_ESR1,-100.0,-10.0,3,0ffe0d24-5b4d-4469-9d31-81533604ed1c,IN-SERVICE,NON-LIQUID,-9.99,
2026-08-12T22:30:00+08:00,COLLIE_ESR1,0.0,34.02,4,0ffe0d24-5b4d-4469-9d31-81533604ed1c,IN-SERVICE,NON-LIQUID,34.0,
2026-08-12T22:30:00+08:00,COLLIE_ESR1,0.0,51.0,5,0ffe0d24-5b4d-4469-9d31-81533604ed1c,IN-SERVICE,NON-LIQUID,50.97,
2026-08-12T22:30:00+08:00,COLLIE_ESR1,50.0,250.0,6,0ffe0d24-5b4d-4469-9d31-81533604ed1c,IN-SERVICE,NON-LIQUID,249.85,
2026-08-12T22:30:00+08:00,COLLIE_ESR1,100.0,367.0,7,0ffe0d24-5b4d-4469-9d31-81533604ed1c,IN-SERVICE,NON-LIQUID,366.78,
2026-08-12T22:30:00+08:00,COLLIE_ESR1,50.0,622.0,8,0ffe0d24-5b4d-4469-9d31-81533604ed1c,IN-SERVICE,NON-LIQUID,621.63,
2026-08-12T22:30:00+08:00,COLLIE_ESR1,0.0,634.5,9,0ffe0d24-5b4d-4469-9d31-81533604ed1c,IN-SERVICE,NON-LIQUID,634.12,
2026-08-12T22:30:00+08:00,COLLIE_ESR1,0.0,1200.0,10,0ffe0d24-5b4d-4469-9d31-81533604ed1c,IN-SERVICE,NON-LIQUID,1199.28,
2026-08-12T22:30:00+08:00,KWINANA_ESR2,-225.0,103.81,1,fddd3a5b-48f6-48f3-9844-04e710b58afc,IN-SERVICE,NOT APPLICABLE,103.71,0.0
2026-08-12T22:30:00+08:00,KWINANA_ESR2,225.0,118.81,2,fddd3a5b-48f6-48f3-9844-04e710b58afc,IN-SERVICE,NOT APPLICABLE,118.69,0.0
2026-08-12T22:30:00+08:00,COLLIE_BESS2,0.0,-990.1,1,5c40f343-c65a-4dfe-870e-7e9f1763ec3c,IN-SERVICE,NON-LIQUID,-1000.0,
2026-08-12T22:30:00+08:00,COLLIE_BESS2,-150.0,-42.46,2,5c40f343-c65a-4dfe-870e-7e9f1763ec3c,IN-SERVICE,NON-LIQUID,-42.88,
2026-08-12T22:30:00+08:00,COLLIE_BESS2,-150.0,-10.0,3,5c40f343-c65a-4dfe-870e-7e9f1763ec3c,IN-SERVICE,NON-LIQUID,-10.1,
2026-08-12T22:30:00+08:00,COLLIE_BESS2,0.0,34.02,4,5c40f343-c65a-4dfe-870e-7e9f1763ec3c,IN-SERVICE,NON-LIQUID,34.36,
2026-08-12T22:30:00+08:00,COLLIE_BESS2,0.0,51.0,5,5c40f343-c65a-4dfe-870e-7e9f1763ec3c,IN-SERVICE,NON-LIQUID,51.51,
2026-08-12T22:30:00+08:00,COLLIE_BESS2,75.0,250.0,6,5c40f343-c65a-4dfe-870e-7e9f1763ec3c,IN-SERVICE,NON-LIQUID,252.5,
2026-08-12T22:30:00+08:00,COLLIE_BESS2,75.0,367.0,7,5c40f343-c65a-4dfe-870e-7e9f1763ec3c,IN-SERVICE,NON-LIQUID,370.67,
2026-08-12T22:30:00+08:00,COLLIE_BESS2,150.0,622.0,8,5c40f343-c65a-4dfe-870e-7e9f1763ec3c,IN-SERVICE,NON-LIQUID,628.22,
2026-08-12T22:30:00+08:00,COLLIE_BESS2,0.0,634.5,9,5c40f343-c65a-4dfe-870e-7e9f1763ec3c,IN-SERVICE,NON-LIQUID,640.84,
2026-08-12T22:30:00+08:00,COLLIE_BESS2,0.0,1188.12,10,5c40f343-c65a-4dfe-870e-7e9f1763ec3c,IN-SERVICE,NON-LIQUID,1200.0,
2026-08-12T22:30:00+08:00,COLLIE_ESR4,-250.0,98.24,1,7f0903cf-07fc-43c7-8cc3-f9cb15aa9d17,IN-SERVICE,NOT APPLICABLE,98.18,0.0
2026-08-12T22:30:00+08:00,COLLIE_ESR4,250.0,119.01,2,7f0903cf-07fc-43c7-8cc3-f9cb15aa9d17,IN-SERVICE,NOT APPLICABLE,118.94,0.0
2026-08-12T22:30:00+08:00,COLLIE_ESR5,-250.0,98.35,1,e4d79a27-2396-49ee-be43-a59853a9d119,IN-SERVICE,NOT APPLICABLE,98.29,0.0
2026-08-12T22:30:00+08:00,COLLIE_ESR5,250.0,118.9,2,e4d79a27-2396-49ee-be43-a59853a9d119,IN-SERVICE,NOT APPLICABLE,118.83,0.0
2026-08-12T22:35:00+08:00,KWINANA_ESR1,-100.0,96.53,1,f725d96a-dee3-48b2-a5b0-d2f2ed70eb06,IN-SERVICE,NOT APPLICABLE,96.49,0.0
2026-08-12T22:35:00+08:00,KWINANA_ESR1,100.0,111.27,2,f725d96a-dee3-48b2-a5b0-d2f2ed70eb06,IN-SERVICE,NOT APPLICABLE,111.23,0.0
2026-08-12T22:35:00+08:00,COLLIE_ESR1,0.0,-1000.0,1,8bb65c5d-6e3d-495d-96c1-28e841a82c86,IN-SERVICE,NON-LIQUID,-999.4,
2026-08-12T22:35:00+08:00,COLLIE_ESR1,-100.0,-42.46,2,8bb65c5d-6e3d-495d-96c1-28e841a82c86,IN-SERVICE,NON-LIQUID,-42.43,
2026-08-12T22:35:00+08:00,COLLIE_ESR1,-100.0,-10.0,3,8bb65c5d-6e3d-495d-96c1-28e841a82c86,IN-SERVICE,NON-LIQUID,-9.99,
2026-08-12T22:35:00+08:00,COLLIE_ESR1,0.0,34.02,4,8bb65c5d-6e3d-495d-96c1-28e841a82c86,IN-SERVICE,NON-LIQUID,34.0,
2026-08-12T22:35:00+08:00,COLLIE_ESR1,0.0,51.0,5,8bb65c5d-6e3d-495d-96c1-28e841a82c86,IN-SERVICE,NON-LIQUID,50.97,
2026-08-12T22:35:00+08:00,COLLIE_ESR1,50.0,250.0,6,8bb65c5d-6e3d-495d-96c1-28e841a82c86,IN-SERVICE,NON-LIQUID,249.85,
2026-08-12T22:35:00+08:00,COLLIE_ESR1,100.0,367.0,7,8bb65c5d-6e3d-495d-96c1-28e841a82c86,IN-SERVICE,NON-LIQUID,366.78,
2026-08-12T22:35:00+08:00,COLLIE_ESR1,50.0,622.0,8,8bb65c5d-6e3d-495d-96c1-28e841a82c86,IN-SERVICE,NON-LIQUID,621.63,
2026-08-12T22:35:00+08:00,COLLIE_ESR1,0.0,634.5,9,8bb65c5d-6e3d-495d-96c1-28e841a82c86,IN-SERVICE,NON-LIQUID,634.12,
2026-08-12T22:35:00+08:00,COLLIE_ESR1,0.0,1200.0,10,8bb65c5d-6e3d-495d-96c1-28e841a82c86,IN-SERVICE,NON-LIQUID,1199.28,
2026-08-12T22:35:00+08:00,KWINANA_ESR2,-225.0,96.46,1,f83da6f3-c9bd-47ac-b938-b2f724d5f62c,IN-SERVICE,NOT APPLICABLE,96.36,0.0
2026-08-12T22:35:00+08:00,KWINANA_ESR2,225.0,111.46,2,f83da6f3-c9bd-47ac-b938-b2f724d5f62c,IN-SERVICE,NOT APPLICABLE,111.35,0.0
2026-08-12T22:35:00+08:00,COLLIE_BESS2,0.0,-990.1,1,a652eb20-b7b7-4fb7-8b80-780661f59923,IN-SERVICE,NON-LIQUID,-1000.0,
2026-08-12T22:35:00+08:00,COLLIE_BESS2,-150.0,-42.46,2,a652eb20-b7b7-4fb7-8b80-780661f59923,IN-SERVICE,NON-LIQUID,-42.88,
2026-08-12T22:35:00+08:00,COLLIE_BESS2,-150.0,-10.0,3,a652eb20-b7b7-4fb7-8b80-780661f59923,IN-SERVICE,NON-LIQUID,-10.1,
2026-08-12T22:35:00+08:00,COLLIE_BESS2,0.0,34.02,4,a652eb20-b7b7-4fb7-8b80-780661f59923,IN-SERVICE,NON-LIQUID,34.36,
2026-08-12T22:35:00+08:00,COLLIE_BESS2,0.0,51.0,5,a652eb20-b7b7-4fb7-8b80-780661f59923,IN-SERVICE,NON-LIQUID,51.51,
2026-08-12T22:35:00+08:00,COLLIE_BESS2,75.0,250.0,6,a652eb20-b7b7-4fb7-8b80-780661f59923,IN-SERVICE,NON-LIQUID,252.5,
2026-08-12T22:35:00+08:00,COLLIE_BESS2,75.0,367.0,7,a652eb20-b7b7-4fb7-8b80-780661f59923,IN-SERVICE,NON-LIQUID,370.67,
2026-08-12T22:35:00+08:00,COLLIE_BESS2,150.0,622.0,8,a652eb20-b7b7-4fb7-8b80-780661f59923,IN-SERVICE,NON-LIQUID,628.22,
2026-08-12T22:35:00+08:00,COLLIE_BESS2,0.0,634.5,9,a652eb20-b7b7-4fb7-8b80-780661f59923,IN-SERVICE,NON-LIQUID,640.84,
2026-08-12T22:35:00+08:00,COLLIE_BESS2,0.0,1188.12,10,a652eb20-b7b7-4fb7-8b80-780661f59923,IN-SERVICE,NON-LIQUID,1200.0,
2026-08-12T22:35:00+08:00,COLLIE_ESR4,-250.0,96.03,1,e9e4cddd-5ffd-4696-afb8-4a196d9d8477,IN-SERVICE,NOT APPLICABLE,95.97,0.0
2026-08-12T22:35:00+08:00,COLLIE_ESR4,250.0,111.66,2,e9e4cddd-5ffd-4696-afb8-4a196d9d8477,IN-SERVICE,NOT APPLICABLE,111.59,0.0
2026-08-12T22:35:00+08:00,COLLIE_ESR5,-250.0,96.14,1,8acb9b61-9765-43c5-b4cf-594ae649bc95,IN-SERVICE,NOT APPLICABLE,96.08,0.0
2026-08-12T22:35:00+08:00,COLLIE_ESR5,250.0,111.55,2,8acb9b61-9765-43c5-b4cf-594ae649bc95,IN-SERVICE,NOT APPLICABLE,111.48,0.0
2026-08-12T22:40:00+08:00,KWINANA_ESR1,-100.0,96.53,1,f725d96a-dee3-48b2-a5b0-d2f2ed70eb06,IN-SERVICE,NOT APPLICABLE,96.49,0.0
2026-08-12T22:40:00+08:00,KWINANA_ESR1,100.0,111.27,2,f725d96a-dee3-48b2-a5b0-d2f2ed70eb06,IN-SERVICE,NOT APPLICABLE,111.23,0.0
2026-08-12T22:40:00+08:00,COLLIE_ESR1,0.0,-1000.0,1,b4fed7d8-0122-4203-8ba8-a204787c2767,IN-SERVICE,NON-LIQUID,-999.4,
2026-08-12T22:40:00+08:00,COLLIE_ESR1,-100.0,-42.46,2,b4fed7d8-0122-4203-8ba8-a204787c2767,IN-SERVICE,NON-LIQUID,-42.43,
2026-08-12T22:40:00+08:00,COLLIE_ESR1,-100.0,-10.0,3,b4fed7d8-0122-4203-8ba8-a204787c2767,IN-SERVICE,NON-LIQUID,-9.99,
2026-08-12T22:40:00+08:00,COLLIE_ESR1,0.0,34.02,4,b4fed7d8-0122-4203-8ba8-a204787c2767,IN-SERVICE,NON-LIQUID,34.0,
2026-08-12T22:40:00+08:00,COLLIE_ESR1,0.0,51.0,5,b4fed7d8-0122-4203-8ba8-a204787c2767,IN-SERVICE,NON-LIQUID,50.97,
2026-08-12T22:40:00+08:00,COLLIE_ESR1,50.0,250.0,6,b4fed7d8-0122-4203-8ba8-a204787c2767,IN-SERVICE,NON-LIQUID,249.85,
2026-08-12T22:40:00+08:00,COLLIE_ESR1,100.0,367.0,7,b4fed7d8-0122-4203-8ba8-a204787c2767,IN-SERVICE,NON-LIQUID,366.78,
2026-08-12T22:40:00+08:00,COLLIE_ESR1,50.0,622.0,8,b4fed7d8-0122-4203-8ba8-a204787c2767,IN-SERVICE,NON-LIQUID,621.63,
2026-08-12T22:40:00+08:00,COLLIE_ESR1,0.0,634.5,9,b4fed7d8-0122-4203-8ba8-a204787c2767,IN-SERVICE,NON-LIQUID,634.12,
2026-08-12T22:40:00+08:00,COLLIE_ESR1,0.0,1200.0,10,b4fed7d8-0122-4203-8ba8-a204787c2767,IN-SERVICE,NON-LIQUID,1199.28,
2026-08-12T22:40:00+08:00,KWINANA_ESR2,-225.0,96.46,1,f83da6f3-c9bd-47ac-b938-b2f724d5f62c,IN-SERVICE,NOT APPLICABLE,96.36,0.0
2026-08-12T22:40:00+08:00,KWINANA_ESR2,225.0,111.46,2,f83da6f3-c9bd-47ac-b938-b2f724d5f62c,IN-SERVICE,NOT APPLICABLE,111.35,0.0
2026-08-12T22:40:00+08:00,COLLIE_BESS2,0.0,-990.1,1,c85c2979-2839-4af0-b7c3-056637bc199c,IN-SERVICE,NON-LIQUID,-1000.0,
2026-08-12T22:40:00+08:00,COLLIE_BESS2,-150.0,-42.46,2,c85c2979-2839-4af0-b7c3-056637bc199c,IN-SERVICE,NON-LIQUID,-42.88,
2026-08-12T22:40:00+08:00,COLLIE_BESS2,-150.0,-10.0,3,c85c2979-2839-4af0-b7c3-056637bc199c,IN-SERVICE,NON-LIQUID,-10.1,
2026-08-12T22:40:00+08:00,COLLIE_BESS2,0.0,34.02,4,c85c2979-2839-4af0-b7c3-056637bc199c,IN-SERVICE,NON-LIQUID,34.36,
2026-08-12T22:40:00+08:00,COLLIE_BESS2,0.0,51.0,5,c85c2979-2839-4af0-b7c3-056637bc199c,IN-SERVICE,NON-LIQUID,51.51,
2026-08-12T22:40:00+08:00,COLLIE_BESS2,75.0,250.0,6,c85c2979-2839-4af0-b7c3-056637bc199c,IN-SERVICE,NON-LIQUID,252.5,
2026-08-12T22:40:00+08:00,COLLIE_BESS2,75.0,367.0,7,c85c2979-2839-4af0-b7c3-056637bc199c,IN-SERVICE,NON-LIQUID,370.67,
2026-08-12T22:40:00+08:00,COLLIE_BESS2,150.0,622.0,8,c85c2979-2839-4af0-b7c3-056637bc199c,IN-SERVICE,NON-LIQUID,628.22,
2026-08-12T22:40:00+08:00,COLLIE_BESS2,0.0,634.5,9,c85c2979-2839-4af0-b7c3-056637bc199c,IN-SERVICE,NON-LIQUID,640.84,
2026-08-12T22:40:00+08:00,COLLIE_BESS2,0.0,1188.12,10,c85c2979-2839-4af0-b7c3-056637bc199c,IN-SERVICE,NON-LIQUID,1200.0,
2026-08-12T22:40:00+08:00,COLLIE_ESR4,-250.0,96.03,1,e9e4cddd-5ffd-4696-afb8-4a196d9d8477,IN-SERVICE,NOT APPLICABLE,95.97,0.0
2026-08-12T22:40:00+08:00,COLLIE_ESR4,250.0,111.66,2,e9e4cddd-5ffd-4696-afb8-4a196d9d8477,IN-SERVICE,NOT APPLICABLE,111.59,0.0
2026-08-12T22:40:00+08:00,COLLIE_ESR5,-250.0,96.14,1,8acb9b61-9765-43c5-b4cf-594ae649bc95,IN-SERVICE,NOT APPLICABLE,96.08,0.0
2026-08-12T22:40:00+08:00,COLLIE_ESR5,250.0,111.55,2,8acb9b61-9765-43c5-b4cf-594ae649bc95,IN-SERVICE,NOT APPLICABLE,111.48,0.0
2026-08-12T22:45:00+08:00,KWINANA_ESR1,-100.0,96.53,1,f725d96a-dee3-48b2-a5b0-d2f2ed70eb06,IN-SERVICE,NOT APPLICABLE,96.49,0.0
2026-08-12T22:45:00+08:00,KWINANA_ESR1,100.0,111.27,2,f725d96a-dee3-48b2-a5b0-d2f2ed70eb06,IN-SERVICE,NOT APPLICABLE,111.23,0.0
2026-08-12T22:45:00+08:00,COLLIE_ESR1,0.0,-1000.0,1,2381a225-2a82-4514-82a7-10065cb272d8,IN-SERVICE,NON-LIQUID,-999.4,
2026-08-12T22:45:00+08:00,COLLIE_ESR1,-100.0,-42.46,2,2381a225-2a82-4514-82a7-10065cb272d8,IN-SERVICE,NON-LIQUID,-42.43,
2026-08-12T22:45:00+08:00,COLLIE_ESR1,-100.0,-10.0,3,2381a225-2a82-4514-82a7-10065cb272d8,IN-SERVICE,NON-LIQUID,-9.99,
2026-08-12T22:45:00+08:00,COLLIE_ESR1,0.0,34.02,4,2381a225-2a82-4514-82a7-10065cb272d8,IN-SERVICE,NON-LIQUID,34.0,
2026-08-12T22:45:00+08:00,COLLIE_ESR1,0.0,51.0,5,2381a225-2a82-4514-82a7-10065cb272d8,IN-SERVICE,NON-LIQUID,50.97,
2026-08-12T22:45:00+08:00,COLLIE_ESR1,50.0,250.0,6,2381a225-2a82-4514-82a7-10065cb272d8,IN-SERVICE,NON-LIQUID,249.85,
2026-08-12T22:45:00+08:00,COLLIE_ESR1,100.0,367.0,7,2381a225-2a82-4514-82a7-10065cb272d8,IN-SERVICE,NON-LIQUID,366.78,
2026-08-12T22:45:00+08:00,COLLIE_ESR1,50.0,622.0,8,2381a225-2a82-4514-82a7-10065cb272d8,IN-SERVICE,NON-LIQUID,621.63,
2026-08-12T22:45:00+08:00,COLLIE_ESR1,0.0,634.5,9,2381a225-2a82-4514-82a7-10065cb272d8,IN-SERVICE,NON-LIQUID,634.12,
2026-08-12T22:45:00+08:00,COLLIE_ESR1,0.0,1200.0,10,2381a225-2a82-4514-82a7-10065cb272d8,IN-SERVICE,NON-LIQUID,1199.28,
2026-08-12T22:45:00+08:00,KWINANA_ESR2,-225.0,96.46,1,f83da6f3-c9bd-47ac-b938-b2f724d5f62c,IN-SERVICE,NOT APPLICABLE,96.36,0.0
2026-08-12T22:45:00+08:00,KWINANA_ESR2,225.0,111.46,2,f83da6f3-c9bd-47ac-b938-b2f724d5f62c,IN-SERVICE,NOT APPLICABLE,111.35,0.0
2026-08-12T22:45:00+08:00,COLLIE_BESS2,0.0,-990.1,1,fa673256-7d61-4080-8031-359a8466a5cc,IN-SERVICE,NON-LIQUID,-1000.0,
2026-08-12T22:45:00+08:00,COLLIE_BESS2,-150.0,-42.46,2,fa673256-7d61-4080-8031-359a8466a5cc,IN-SERVICE,NON-LIQUID,-42.88,
2026-08-12T22:45:00+08:00,COLLIE_BESS2,-150.0,-10.0,3,fa673256-7d61-4080-8031-359a8466a5cc,IN-SERVICE,NON-LIQUID,-10.1,
2026-08-12T22:45:00+08:00,COLLIE_BESS2,0.0,34.02,4,fa673256-7d61-4080-8031-359a8466a5cc,IN-SERVICE,NON-LIQUID,34.36,
2026-08-12T22:45:00+08:00,COLLIE_BESS2,0.0,51.0,5,fa673256-7d61-4080-8031-359a8466a5cc,IN-SERVICE,NON-LIQUID,51.51,
2026-08-12T22:45:00+08:00,COLLIE_BESS2,75.0,250.0,6,fa673256-7d61-4080-8031-359a8466a5cc,IN-SERVICE,NON-LIQUID,252.5,
2026-08-12T22:45:00+08:00,COLLIE_BESS2,75.0,367.0,7,fa673256-7d61-4080-8031-359a8466a5cc,IN-SERVICE,NON-LIQUID,370.67,
2026-08-12T22:45:00+08:00,COLLIE_BESS2,150.0,622.0,8,fa673256-7d61-4080-8031-359a8466a5cc,IN-SERVICE,NON-LIQUID,628.22,
2026-08-12T22:45:00+08:00,COLLIE_BESS2,0.0,634.5,9,fa673256-7d61-4080-8031-359a8466a5cc,IN-SERVICE,NON-LIQUID,640.84,
2026-08-12T22:45:00+08:00,COLLIE_BESS2,0.0,1188.12,10,fa673256-7d61-4080-8031-359a8466a5cc,IN-SERVICE,NON-LIQUID,1200.0,
2026-08-12T22:45:00+08:00,COLLIE_ESR4,-250.0,96.03,1,e9e4cddd-5ffd-4696-afb8-4a196d9d8477,IN-SERVICE,NOT APPLICABLE,95.97,0.0
2026-08-12T22:45:00+08:00,COLLIE_ESR4,250.0,111.66,2,e9e4cddd-5ffd-4696-afb8-4a196d9d8477,IN-SERVICE,NOT APPLICABLE,111.59,0.0
2026-08-12T22:45:00+08:00,COLLIE_ESR5,-250.0,96.14,1,8acb9b61-9765-43c5-b4cf-594ae649bc95,IN-SERVICE,NOT APPLICABLE,96.08,0.0
2026-08-12T22:45:00+08:00,COLLIE_ESR5,250.0,111.55,2,8acb9b61-9765-43c5-b4cf-594ae649bc95,IN-SERVICE,NOT APPLICABLE,111.48,0.0
2026-08-12T22:50:00+08:00,KWINANA_ESR1,-100.0,96.53,1,ce3d7331-8141-4677-b88a-f440fab907c3,IN-SERVICE,NOT APPLICABLE,96.49,0.0
2026-08-12T22:50:00+08:00,KWINANA_ESR1,100.0,111.27,2,ce3d7331-8141-4677-b88a-f440fab907c3,IN-SERVICE,NOT APPLICABLE,111.23,0.0
2026-08-12T22:50:00+08:00,COLLIE_ESR1,0.0,-1000.0,1,dbe39f3b-780c-49bd-8fb2-50584fe5a32a,IN-SERVICE,NON-LIQUID,-999.4,
2026-08-12T22:50:00+08:00,COLLIE_ESR1,-100.0,-42.46,2,dbe39f3b-780c-49bd-8fb2-50584fe5a32a,IN-SERVICE,NON-LIQUID,-42.43,
2026-08-12T22:50:00+08:00,COLLIE_ESR1,-100.0,-10.0,3,dbe39f3b-780c-49bd-8fb2-50584fe5a32a,IN-SERVICE,NON-LIQUID,-9.99,
2026-08-12T22:50:00+08:00,COLLIE_ESR1,0.0,34.02,4,dbe39f3b-780c-49bd-8fb2-50584fe5a32a,IN-SERVICE,NON-LIQUID,34.0,
2026-08-12T22:50:00+08:00,COLLIE_ESR1,0.0,51.0,5,dbe39f3b-780c-49bd-8fb2-50584fe5a32a,IN-SERVICE,NON-LIQUID,50.97,
2026-08-12T22:50:00+08:00,COLLIE_ESR1,50.0,250.0,6,dbe39f3b-780c-49bd-8fb2-50584fe5a32a,IN-SERVICE,NON-LIQUID,249.85,
2026-08-12T22:50:00+08:00,COLLIE_ESR1,100.0,367.0,7,dbe39f3b-780c-49bd-8fb2-50584fe5a32a,IN-SERVICE,NON-LIQUID,366.78,
2026-08-12T22:50:00+08:00,COLLIE_ESR1,50.0,622.0,8,dbe39f3b-780c-49bd-8fb2-50584fe5a32a,IN-SERVICE,NON-LIQUID,621.63,
2026-08-12T22:50:00+08:00,COLLIE_ESR1,0.0,634.5,9,dbe39f3b-780c-49bd-8fb2-50584fe5a32a,IN-SERVICE,NON-LIQUID,634.12,
2026-08-12T22:50:00+08:00,COLLIE_ESR1,0.0,1200.0,10,dbe39f3b-780c-49bd-8fb2-50584fe5a32a,IN-SERVICE,NON-LIQUID,1199.28,
2026-08-12T22:50:00+08:00,KWINANA_ESR2,-225.0,96.31,1,e33fc70d-376f-45a9-a70e-f3e88561e2d1,IN-SERVICE,NOT APPLICABLE,96.21,0.0
2026-08-12T22:50:00+08:00,KWINANA_ESR2,225.0,111.46,2,e33fc70d-376f-45a9-a70e-f3e88561e2d1,IN-SERVICE,NOT APPLICABLE,111.35,0.0
2026-08-12T22:50:00+08:00,COLLIE_BESS2,0.0,-990.1,1,f7ca34a0-a387-4081-a7e6-77e1f65f2235,IN-SERVICE,NON-LIQUID,-1000.0,
2026-08-12T22:50:00+08:00,COLLIE_BESS2,-43.0,-42.46,2,f7ca34a0-a387-4081-a7e6-77e1f65f2235,IN-SERVICE,NON-LIQUID,-42.88,
2026-08-12T22:50:00+08:00,COLLIE_BESS2,-44.0,-10.0,3,f7ca34a0-a387-4081-a7e6-77e1f65f2235,IN-SERVICE,NON-LIQUID,-10.1,
2026-08-12T22:50:00+08:00,COLLIE_BESS2,0.0,34.02,4,f7ca34a0-a387-4081-a7e6-77e1f65f2235,IN-SERVICE,NON-LIQUID,34.36,
2026-08-12T22:50:00+08:00,COLLIE_BESS2,-213.0,105.0,5,f7ca34a0-a387-4081-a7e6-77e1f65f2235,IN-SERVICE,NON-LIQUID,106.05,
2026-08-12T22:50:00+08:00,COLLIE_BESS2,75.0,250.0,6,f7ca34a0-a387-4081-a7e6-77e1f65f2235,IN-SERVICE,NON-LIQUID,252.5,
2026-08-12T22:50:00+08:00,COLLIE_BESS2,75.0,367.0,7,f7ca34a0-a387-4081-a7e6-77e1f65f2235,IN-SERVICE,NON-LIQUID,370.67,
2026-08-12T22:50:00+08:00,COLLIE_BESS2,150.0,622.0,8,f7ca34a0-a387-4081-a7e6-77e1f65f2235,IN-SERVICE,NON-LIQUID,628.22,
2026-08-12T22:50:00+08:00,COLLIE_BESS2,0.0,634.5,9,f7ca34a0-a387-4081-a7e6-77e1f65f2235,IN-SERVICE,NON-LIQUID,640.84,
2026-08-12T22:50:00+08:00,COLLIE_BESS2,0.0,1188.12,10,f7ca34a0-a387-4081-a7e6-77e1f65f2235,IN-SERVICE,NON-LIQUID,1200.0,
2026-08-12T22:50:00+08:00,COLLIE_ESR4,-250.0,96.03,1,047e3e0f-d313-482a-9a0d-a9cfe6551bc3,IN-SERVICE,NOT APPLICABLE,95.97,0.0
2026-08-12T22:50:00+08:00,COLLIE_ESR4,250.0,111.51,2,047e3e0f-d313-482a-9a0d-a9cfe6551bc3,IN-SERVICE,NOT APPLICABLE,111.44,0.0
2026-08-12T22:50:00+08:00,COLLIE_ESR5,-250.0,96.14,1,0a8c8a5f-03f1-4596-bfff-de6f475fcb44,IN-SERVICE,NOT APPLICABLE,96.08,0.0
2026-08-12T22:50:00+08:00,COLLIE_ESR5,250.0,111.4,2,0a8c8a5f-03f1-4596-bfff-de6f475fcb44,IN-SERVICE,NOT APPLICABLE,111.33,0.0
2026-08-12T22:55:00+08:00,KWINANA_ESR1,-100.0,96.38,1,ce3d7331-8141-4677-b88a-f440fab907c3,IN-SERVICE,NOT APPLICABLE,96.34,0.0
2026-08-12T22:55:00+08:00,KWINANA_ESR1,100.0,111.12,2,ce3d7331-8141-4677-b88a-f440fab907c3,IN-SERVICE,NOT APPLICABLE,111.08,0.0
2026-08-12T22:55:00+08:00,COLLIE_ESR1,0.0,-1000.0,1,11a2a707-2717-4dba-b9d7-556607ae1320,IN-SERVICE,NON-LIQUID,-999.4,
2026-08-12T22:55:00+08:00,COLLIE_ESR1,-22.0,-42.46,2,11a2a707-2717-4dba-b9d7-556607ae1320,IN-SERVICE,NON-LIQUID,-42.43,
2026-08-12T22:55:00+08:00,COLLIE_ESR1,-22.0,-10.0,3,11a2a707-2717-4dba-b9d7-556607ae1320,IN-SERVICE,NON-LIQUID,-9.99,
2026-08-12T22:55:00+08:00,COLLIE_ESR1,0.0,34.02,4,11a2a707-2717-4dba-b9d7-556607ae1320,IN-SERVICE,NON-LIQUID,34.0,
2026-08-12T22:55:00+08:00,COLLIE_ESR1,-156.0,105.0,5,11a2a707-2717-4dba-b9d7-556607ae1320,IN-SERVICE,NON-LIQUID,104.94,
2026-08-12T22:55:00+08:00,COLLIE_ESR1,50.0,250.0,6,11a2a707-2717-4dba-b9d7-556607ae1320,IN-SERVICE,NON-LIQUID,249.85,
2026-08-12T22:55:00+08:00,COLLIE_ESR1,100.0,367.0,7,11a2a707-2717-4dba-b9d7-556607ae1320,IN-SERVICE,NON-LIQUID,366.78,
2026-08-12T22:55:00+08:00,COLLIE_ESR1,50.0,622.0,8,11a2a707-2717-4dba-b9d7-556607ae1320,IN-SERVICE,NON-LIQUID,621.63,
2026-08-12T22:55:00+08:00,COLLIE_ESR1,0.0,634.5,9,11a2a707-2717-4dba-b9d7-556607ae1320,IN-SERVICE,NON-LIQUID,634.12,
2026-08-12T22:55:00+08:00,COLLIE_ESR1,0.0,1200.0,10,11a2a707-2717-4dba-b9d7-556607ae1320,IN-SERVICE,NON-LIQUID,1199.28,
2026-08-12T22:55:00+08:00,KWINANA_ESR2,-225.0,96.31,1,e33fc70d-376f-45a9-a70e-f3e88561e2d1,IN-SERVICE,NOT APPLICABLE,96.21,0.0
2026-08-12T22:55:00+08:00,KWINANA_ESR2,225.0,111.46,2,e33fc70d-376f-45a9-a70e-f3e88561e2d1,IN-SERVICE,NOT APPLICABLE,111.35,0.0
2026-08-12T22:55:00+08:00,COLLIE_BESS2,0.0,-990.1,1,bc2fa022-21c8-4862-b266-5eb9d458bb79,IN-SERVICE,NON-LIQUID,-1000.0,
2026-08-12T22:55:00+08:00,COLLIE_BESS2,-43.0,-42.46,2,bc2fa022-21c8-4862-b266-5eb9d458bb79,IN-SERVICE,NON-LIQUID,-42.88,
2026-08-12T22:55:00+08:00,COLLIE_BESS2,-44.0,-10.0,3,bc2fa022-21c8-4862-b266-5eb9d458bb79,IN-SERVICE,NON-LIQUID,-10.1,
2026-08-12T22:55:00+08:00,COLLIE_BESS2,0.0,34.02,4,bc2fa022-21c8-4862-b266-5eb9d458bb79,IN-SERVICE,NON-LIQUID,34.36,
2026-08-12T22:55:00+08:00,COLLIE_BESS2,-213.0,105.0,5,bc2fa022-21c8-4862-b266-5eb9d458bb79,IN-SERVICE,NON-LIQUID,106.05,
2026-08-12T22:55:00+08:00,COLLIE_BESS2,75.0,250.0,6,bc2fa022-21c8-4862-b266-5eb9d458bb79,IN-SERVICE,NON-LIQUID,252.5,
2026-08-12T22:55:00+08:00,COLLIE_BESS2,75.0,367.0,7,bc2fa022-21c8-4862-b266-5eb9d458bb79,IN-SERVICE,NON-LIQUID,370.67,
2026-08-12T22:55:00+08:00,COLLIE_BESS2,150.0,622.0,8,bc2fa022-21c8-4862-b266-5eb9d458bb79,IN-SERVICE,NON-LIQUID,628.22,
2026-08-12T22:55:00+08:00,COLLIE_BESS2,0.0,634.5,9,bc2fa022-21c8-4862-b266-5eb9d458bb79,IN-SERVICE,NON-LIQUID,640.84,
2026-08-12T22:55:00+08:00,COLLIE_BESS2,0.0,1188.12,10,bc2fa022-21c8-4862-b266-5eb9d458bb79,IN-SERVICE,NON-LIQUID,1200.0,
2026-08-12T22:55:00+08:00,COLLIE_ESR4,-250.0,96.03,1,047e3e0f-d313-482a-9a0d-a9cfe6551bc3,IN-SERVICE,NOT APPLICABLE,95.97,0.0
2026-08-12T22:55:00+08:00,COLLIE_ESR4,250.0,111.51,2,047e3e0f-d313-482a-9a0d-a9cfe6551bc3,IN-SERVICE,NOT APPLICABLE,111.44,0.0
2026-08-12T22:55:00+08:00,COLLIE_ESR5,-250.0,96.14,1,0a8c8a5f-03f1-4596-bfff-de6f475fcb44,IN-SERVICE,NOT APPLICABLE,96.08,0.0
2026-08-12T22:55:00+08:00,COLLIE_ESR5,250.0,111.4,2,0a8c8a5f-03f1-4596-bfff-de6f475fcb44,IN-SERVICE,NOT APPLICABLE,111.33,0.0
2026-08-12T23:00:00+08:00,KWINANA_ESR1,-100.0,96.38,1,ce3d7331-8141-4677-b88a-f440fab907c3,IN-SERVICE,NOT APPLICABLE,96.34,0.0
2026-08-12T23:00:00+08:00,KWINANA_ESR1,100.0,111.12,2,ce3d7331-8141-4677-b88a-f440fab907c3,IN-SERVICE,NOT APPLICABLE,111.08,0.0
2026-08-12T23:00:00+08:00,COLLIE_ESR1,0.0,-1000.0,1,3768fcb7-e01e-40fb-8f4c-54e56a5c585e,IN-SERVICE,NON-LIQUID,-999.4,
2026-08-12T23:00:00+08:00,COLLIE_ESR1,-22.0,-42.46,2,3768fcb7-e01e-40fb-8f4c-54e56a5c585e,IN-SERVICE,NON-LIQUID,-42.43,
2026-08-12T23:00:00+08:00,COLLIE_ESR1,-22.0,-10.0,3,3768fcb7-e01e-40fb-8f4c-54e56a5c585e,IN-SERVICE,NON-LIQUID,-9.99,
2026-08-12T23:00:00+08:00,COLLIE_ESR1,0.0,34.02,4,3768fcb7-e01e-40fb-8f4c-54e56a5c585e,IN-SERVICE,NON-LIQUID,34.0,
2026-08-12T23:00:00+08:00,COLLIE_ESR1,-156.0,105.0,5,3768fcb7-e01e-40fb-8f4c-54e56a5c585e,IN-SERVICE,NON-LIQUID,104.94,
2026-08-12T23:00:00+08:00,COLLIE_ESR1,50.0,250.0,6,3768fcb7-e01e-40fb-8f4c-54e56a5c585e,IN-SERVICE,NON-LIQUID,249.85,
2026-08-12T23:00:00+08:00,COLLIE_ESR1,100.0,367.0,7,3768fcb7-e01e-40fb-8f4c-54e56a5c585e,IN-SERVICE,NON-LIQUID,366.78,
2026-08-12T23:00:00+08:00,COLLIE_ESR1,50.0,622.0,8,3768fcb7-e01e-40fb-8f4c-54e56a5c585e,IN-SERVICE,NON-LIQUID,621.63,
2026-08-12T23:00:00+08:00,COLLIE_ESR1,0.0,634.5,9,3768fcb7-e01e-40fb-8f4c-54e56a5c585e,IN-SERVICE,NON-LIQUID,634.12,
2026-08-12T23:00:00+08:00,COLLIE_ESR1,0.0,1200.0,10,3768fcb7-e01e-40fb-8f4c-54e56a5c585e,IN-SERVICE,NON-LIQUID,1199.28,
2026-08-12T23:00:00+08:00,KWINANA_ESR2,-225.0,96.46,1,e33fc70d-376f-45a9-a70e-f3e88561e2d1,IN-SERVICE,NOT APPLICABLE,96.36,0.0
2026-08-12T23:00:00+08:00,KWINANA_ESR2,225.0,111.46,2,e33fc70d-376f-45a9-a70e-f3e88561e2d1,IN-SERVICE,NOT APPLICABLE,111.35,0.0
2026-08-12T23:00:00+08:00,COLLIE_BESS2,0.0,-990.1,1,9cf217ed-7585-4230-aa0d-420f8dfd519b,IN-SERVICE,NON-LIQUID,-1000.0,
2026-08-12T23:00:00+08:00,COLLIE_BESS2,-43.0,-42.46,2,9cf217ed-7585-4230-aa0d-420f8dfd519b,IN-SERVICE,NON-LIQUID,-42.88,
2026-08-12T23:00:00+08:00,COLLIE_BESS2,-44.0,-10.0,3,9cf217ed-7585-4230-aa0d-420f8dfd519b,IN-SERVICE,NON-LIQUID,-10.1,
2026-08-12T23:00:00+08:00,COLLIE_BESS2,0.0,34.02,4,9cf217ed-7585-4230-aa0d-420f8dfd519b,IN-SERVICE,NON-LIQUID,34.36,
2026-08-12T23:00:00+08:00,COLLIE_BESS2,-213.0,105.0,5,9cf217ed-7585-4230-aa0d-420f8dfd519b,IN-SERVICE,NON-LIQUID,106.05,
2026-08-12T23:00:00+08:00,COLLIE_BESS2,75.0,250.0,6,9cf217ed-7585-4230-aa0d-420f8dfd519b,IN-SERVICE,NON-LIQUID,252.5,
2026-08-12T23:00:00+08:00,COLLIE_BESS2,75.0,367.0,7,9cf217ed-7585-4230-aa0d-420f8dfd519b,IN-SERVICE,NON-LIQUID,370.67,
2026-08-12T23:00:00+08:00,COLLIE_BESS2,150.0,622.0,8,9cf217ed-7585-4230-aa0d-420f8dfd519b,IN-SERVICE,NON-LIQUID,628.22,
2026-08-12T23:00:00+08:00,COLLIE_BESS2,0.0,634.5,9,9cf217ed-7585-4230-aa0d-420f8dfd519b,IN-SERVICE,NON-LIQUID,640.84,
2026-08-12T23:00:00+08:00,COLLIE_BESS2,0.0,1188.12,10,9cf217ed-7585-4230-aa0d-420f8dfd519b,IN-SERVICE,NON-LIQUID,1200.0,
2026-08-12T23:00:00+08:00,COLLIE_ESR4,-250.0,96.03,1,047e3e0f-d313-482a-9a0d-a9cfe6551bc3,IN-SERVICE,NOT APPLICABLE,95.97,0.0
2026-08-12T23:00:00+08:00,COLLIE_ESR4,250.0,111.51,2,047e3e0f-d313-482a-9a0d-a9cfe6551bc3,IN-SERVICE,NOT APPLICABLE,111.44,0.0
2026-08-12T23:00:00+08:00,COLLIE_ESR5,-250.0,96.14,1,0a8c8a5f-03f1-4596-bfff-de6f475fcb44,IN-SERVICE,NOT APPLICABLE,96.08,0.0
2026-08-12T23:00:00+08:00,COLLIE_ESR5,250.0,111.55,2,0a8c8a5f-03f1-4596-bfff-de6f475fcb44,IN-SERVICE,NOT APPLICABLE,111.48,0.0
2026-08-12T23:05:00+08:00,KWINANA_ESR1,-100.0,96.53,1,d3496646-460e-4213-9f1e-7a9c667290f8,IN-SERVICE,NOT APPLICABLE,96.49,0.0
2026-08-12T23:05:00+08:00,KWINANA_ESR1,100.0,111.27,2,d3496646-460e-4213-9f1e-7a9c667290f8,IN-SERVICE,NOT APPLICABLE,111.23,0.0
2026-08-12T23:05:00+08:00,COLLIE_ESR1,0.0,-1000.0,1,6cbfac34-6f50-46b8-a9bf-08eed8bff06d,IN-SERVICE,NON-LIQUID,-999.4,
2026-08-12T23:05:00+08:00,COLLIE_ESR1,-24.0,-42.46,2,6cbfac34-6f50-46b8-a9bf-08eed8bff06d,IN-SERVICE,NON-LIQUID,-42.43,
2026-08-12T23:05:00+08:00,COLLIE_ESR1,-24.0,-10.0,3,6cbfac34-6f50-46b8-a9bf-08eed8bff06d,IN-SERVICE,NON-LIQUID,-9.99,
2026-08-12T23:05:00+08:00,COLLIE_ESR1,0.0,34.02,4,6cbfac34-6f50-46b8-a9bf-08eed8bff06d,IN-SERVICE,NON-LIQUID,34.0,
2026-08-12T23:05:00+08:00,COLLIE_ESR1,-152.0,105.4,5,6cbfac34-6f50-46b8-a9bf-08eed8bff06d,IN-SERVICE,NON-LIQUID,105.34,
2026-08-12T23:05:00+08:00,COLLIE_ESR1,50.0,250.0,6,6cbfac34-6f50-46b8-a9bf-08eed8bff06d,IN-SERVICE,NON-LIQUID,249.85,
2026-08-12T23:05:00+08:00,COLLIE_ESR1,100.0,367.0,7,6cbfac34-6f50-46b8-a9bf-08eed8bff06d,IN-SERVICE,NON-LIQUID,366.78,
2026-08-12T23:05:00+08:00,COLLIE_ESR1,50.0,622.0,8,6cbfac34-6f50-46b8-a9bf-08eed8bff06d,IN-SERVICE,NON-LIQUID,621.63,
2026-08-12T23:05:00+08:00,COLLIE_ESR1,0.0,1199.9,9,6cbfac34-6f50-46b8-a9bf-08eed8bff06d,IN-SERVICE,NON-LIQUID,1199.18,
2026-08-12T23:05:00+08:00,COLLIE_ESR1,0.0,1200.0,10,6cbfac34-6f50-46b8-a9bf-08eed8bff06d,IN-SERVICE,NON-LIQUID,1199.28,
2026-08-12T23:05:00+08:00,KWINANA_ESR2,-225.0,97.54,1,6377b44f-9048-43f0-ac19-03020ad1522c,IN-SERVICE,NOT APPLICABLE,97.44,0.0
2026-08-12T23:05:00+08:00,KWINANA_ESR2,225.0,112.55,2,6377b44f-9048-43f0-ac19-03020ad1522c,IN-SERVICE,NOT APPLICABLE,112.44,0.0
2026-08-12T23:05:00+08:00,COLLIE_BESS2,0.0,-990.1,1,c3b094a4-7812-4ace-a3d6-d5efa859b163,IN-SERVICE,NON-LIQUID,-1000.0,
2026-08-12T23:05:00+08:00,COLLIE_BESS2,-44.0,-42.46,2,c3b094a4-7812-4ace-a3d6-d5efa859b163,IN-SERVICE,NON-LIQUID,-42.88,
2026-08-12T23:05:00+08:00,COLLIE_BESS2,-45.0,-10.0,3,c3b094a4-7812-4ace-a3d6-d5efa859b163,IN-SERVICE,NON-LIQUID,-10.1,
2026-08-12T23:05:00+08:00,COLLIE_BESS2,0.0,34.02,4,c3b094a4-7812-4ace-a3d6-d5efa859b163,IN-SERVICE,NON-LIQUID,34.36,
2026-08-12T23:05:00+08:00,COLLIE_BESS2,-211.0,105.0,5,c3b094a4-7812-4ace-a3d6-d5efa859b163,IN-SERVICE,NON-LIQUID,106.05,
2026-08-12T23:05:00+08:00,COLLIE_BESS2,75.0,250.0,6,c3b094a4-7812-4ace-a3d6-d5efa859b163,IN-SERVICE,NON-LIQUID,252.5,
2026-08-12T23:05:00+08:00,COLLIE_BESS2,75.0,367.0,7,c3b094a4-7812-4ace-a3d6-d5efa859b163,IN-SERVICE,NON-LIQUID,370.67,
2026-08-12T23:05:00+08:00,COLLIE_BESS2,150.0,622.0,8,c3b094a4-7812-4ace-a3d6-d5efa859b163,IN-SERVICE,NON-LIQUID,628.22,
2026-08-12T23:05:00+08:00,COLLIE_BESS2,0.0,1188.12,9,c3b094a4-7812-4ace-a3d6-d5efa859b163,IN-SERVICE,NON-LIQUID,1200.0,
2026-08-12T23:05:00+08:00,COLLIE_BESS2,0.0,1188.12,10,c3b094a4-7812-4ace-a3d6-d5efa859b163,IN-SERVICE,NON-LIQUID,1200.0,
2026-08-12T23:05:00+08:00,COLLIE_ESR4,-250.0,95.94,1,4c7b02a0-e795-47d8-93b3-30f93223a048,IN-SERVICE,NOT APPLICABLE,95.88,0.0
2026-08-12T23:05:00+08:00,COLLIE_ESR4,250.0,111.66,2,4c7b02a0-e795-47d8-93b3-30f93223a048,IN-SERVICE,NOT APPLICABLE,111.59,0.0
2026-08-12T23:05:00+08:00,COLLIE_ESR5,-250.0,96.05,1,1b6e6a20-580d-4c1c-8586-52f75aeeec0a,IN-SERVICE,NOT APPLICABLE,95.99,0.0
2026-08-12T23:05:00+08:00,COLLIE_ESR5,250.0,111.55,2,1b6e6a20-580d-4c1c-8586-52f75aeeec0a,IN-SERVICE,NOT APPLICABLE,111.48,0.0
2026-08-12T23:10:00+08:00,KWINANA_ESR1,-100.0,95.23,1,d3496646-460e-4213-9f1e-7a9c667290f8,IN-SERVICE,NOT APPLICABLE,95.19,0.0
2026-08-12T23:10:00+08:00,KWINANA_ESR1,100.0,109.97,2,d3496646-460e-4213-9f1e-7a9c667290f8,IN-SERVICE,NOT APPLICABLE,109.93,0.0
2026-08-12T23:10:00+08:00,COLLIE_ESR1,0.0,-1000.0,1,acf7cfdf-b9e3-466b-a39c-49099acbc749,IN-SERVICE,NON-LIQUID,-999.4,
2026-08-12T23:10:00+08:00,COLLIE_ESR1,-24.0,-42.46,2,acf7cfdf-b9e3-466b-a39c-49099acbc749,IN-SERVICE,NON-LIQUID,-42.43,
2026-08-12T23:10:00+08:00,COLLIE_ESR1,-24.0,-10.0,3,acf7cfdf-b9e3-466b-a39c-49099acbc749,IN-SERVICE,NON-LIQUID,-9.99,
2026-08-12T23:10:00+08:00,COLLIE_ESR1,0.0,34.02,4,acf7cfdf-b9e3-466b-a39c-49099acbc749,IN-SERVICE,NON-LIQUID,34.0,
2026-08-12T23:10:00+08:00,COLLIE_ESR1,-152.0,107.3,5,acf7cfdf-b9e3-466b-a39c-49099acbc749,IN-SERVICE,NON-LIQUID,107.24,
2026-08-12T23:10:00+08:00,COLLIE_ESR1,50.0,250.0,6,acf7cfdf-b9e3-466b-a39c-49099acbc749,IN-SERVICE,NON-LIQUID,249.85,
2026-08-12T23:10:00+08:00,COLLIE_ESR1,100.0,367.0,7,acf7cfdf-b9e3-466b-a39c-49099acbc749,IN-SERVICE,NON-LIQUID,366.78,
2026-08-12T23:10:00+08:00,COLLIE_ESR1,50.0,622.0,8,acf7cfdf-b9e3-466b-a39c-49099acbc749,IN-SERVICE,NON-LIQUID,621.63,
2026-08-12T23:10:00+08:00,COLLIE_ESR1,0.0,1199.9,9,acf7cfdf-b9e3-466b-a39c-49099acbc749,IN-SERVICE,NON-LIQUID,1199.18,
2026-08-12T23:10:00+08:00,COLLIE_ESR1,0.0,1200.0,10,acf7cfdf-b9e3-466b-a39c-49099acbc749,IN-SERVICE,NON-LIQUID,1199.28,
2026-08-12T23:10:00+08:00,KWINANA_ESR2,-225.0,101.04,1,6377b44f-9048-43f0-ac19-03020ad1522c,IN-SERVICE,NOT APPLICABLE,100.94,0.0
2026-08-12T23:10:00+08:00,KWINANA_ESR2,225.0,116.04,2,6377b44f-9048-43f0-ac19-03020ad1522c,IN-SERVICE,NOT APPLICABLE,115.92,0.0
2026-08-12T23:10:00+08:00,COLLIE_BESS2,0.0,-990.1,1,90d9aa27-32a6-4a16-b761-df91026f1faf,IN-SERVICE,NON-LIQUID,-1000.0,
2026-08-12T23:10:00+08:00,COLLIE_BESS2,-44.0,-42.46,2,90d9aa27-32a6-4a16-b761-df91026f1faf,IN-SERVICE,NON-LIQUID,-42.88,
2026-08-12T23:10:00+08:00,COLLIE_BESS2,-45.0,-10.0,3,90d9aa27-32a6-4a16-b761-df91026f1faf,IN-SERVICE,NON-LIQUID,-10.1,
2026-08-12T23:10:00+08:00,COLLIE_BESS2,0.0,34.02,4,90d9aa27-32a6-4a16-b761-df91026f1faf,IN-SERVICE,NON-LIQUID,34.36,
2026-08-12T23:10:00+08:00,COLLIE_BESS2,-211.0,107.3,5,90d9aa27-32a6-4a16-b761-df91026f1faf,IN-SERVICE,NON-LIQUID,108.37,
2026-08-12T23:10:00+08:00,COLLIE_BESS2,75.0,250.0,6,90d9aa27-32a6-4a16-b761-df91026f1faf,IN-SERVICE,NON-LIQUID,252.5,
2026-08-12T23:10:00+08:00,COLLIE_BESS2,75.0,367.0,7,90d9aa27-32a6-4a16-b761-df91026f1faf,IN-SERVICE,NON-LIQUID,370.67,
2026-08-12T23:10:00+08:00,COLLIE_BESS2,150.0,622.0,8,90d9aa27-32a6-4a16-b761-df91026f1faf,IN-SERVICE,NON-LIQUID,628.22,
2026-08-12T23:10:00+08:00,COLLIE_BESS2,0.0,1188.12,9,90d9aa27-32a6-4a16-b761-df91026f1faf,IN-SERVICE,NON-LIQUID,1200.0,
2026-08-12T23:10:00+08:00,COLLIE_BESS2,0.0,1188.12,10,90d9aa27-32a6-4a16-b761-df91026f1faf,IN-SERVICE,NON-LIQUID,1200.0,
2026-08-12T23:10:00+08:00,COLLIE_ESR4,-250.0,95.94,1,4c7b02a0-e795-47d8-93b3-30f93223a048,IN-SERVICE,NOT APPLICABLE,95.88,0.0
2026-08-12T23:10:00+08:00,COLLIE_ESR4,250.0,111.66,2,4c7b02a0-e795-47d8-93b3-30f93223a048,IN-SERVICE,NOT APPLICABLE,111.59,0.0
2026-08-12T23:10:00+08:00,COLLIE_ESR5,-250.0,96.05,1,1b6e6a20-580d-4c1c-8586-52f75aeeec0a,IN-SERVICE,NOT APPLICABLE,95.99,0.0
2026-08-12T23:10:00+08:00,COLLIE_ESR5,250.0,111.55,2,1b6e6a20-580d-4c1c-8586-52f75aeeec0a,IN-SERVICE,NOT APPLICABLE,111.48,0.0
2026-08-12T23:15:00+08:00,KWINANA_ESR1,-100.0,94.73,1,d3496646-460e-4213-9f1e-7a9c667290f8,IN-SERVICE,NOT APPLICABLE,94.69,0.0
2026-08-12T23:15:00+08:00,KWINANA_ESR1,100.0,109.47,2,d3496646-460e-4213-9f1e-7a9c667290f8,IN-SERVICE,NOT APPLICABLE,109.43,0.0
2026-08-12T23:15:00+08:00,COLLIE_ESR1,0.0,-1000.0,1,a734b064-430b-47c0-b8be-1c9cf0eb3972,IN-SERVICE,NON-LIQUID,-999.4,
2026-08-12T23:15:00+08:00,COLLIE_ESR1,-24.0,-42.46,2,a734b064-430b-47c0-b8be-1c9cf0eb3972,IN-SERVICE,NON-LIQUID,-42.43,
2026-08-12T23:15:00+08:00,COLLIE_ESR1,-24.0,-10.0,3,a734b064-430b-47c0-b8be-1c9cf0eb3972,IN-SERVICE,NON-LIQUID,-9.99,
2026-08-12T23:15:00+08:00,COLLIE_ESR1,0.0,34.02,4,a734b064-430b-47c0-b8be-1c9cf0eb3972,IN-SERVICE,NON-LIQUID,34.0,
2026-08-12T23:15:00+08:00,COLLIE_ESR1,-152.0,108.3,5,a734b064-430b-47c0-b8be-1c9cf0eb3972,IN-SERVICE,NON-LIQUID,108.24,
2026-08-12T23:15:00+08:00,COLLIE_ESR1,50.0,250.0,6,a734b064-430b-47c0-b8be-1c9cf0eb3972,IN-SERVICE,NON-LIQUID,249.85,
2026-08-12T23:15:00+08:00,COLLIE_ESR1,100.0,367.0,7,a734b064-430b-47c0-b8be-1c9cf0eb3972,IN-SERVICE,NON-LIQUID,366.78,
2026-08-12T23:15:00+08:00,COLLIE_ESR1,50.0,622.0,8,a734b064-430b-47c0-b8be-1c9cf0eb3972,IN-SERVICE,NON-LIQUID,621.63,
2026-08-12T23:15:00+08:00,COLLIE_ESR1,0.0,1199.9,9,a734b064-430b-47c0-b8be-1c9cf0eb3972,IN-SERVICE,NON-LIQUID,1199.18,
2026-08-12T23:15:00+08:00,COLLIE_ESR1,0.0,1200.0,10,a734b064-430b-47c0-b8be-1c9cf0eb3972,IN-SERVICE,NON-LIQUID,1199.28,
2026-08-12T23:15:00+08:00,KWINANA_ESR2,-225.0,101.04,1,6377b44f-9048-43f0-ac19-03020ad1522c,IN-SERVICE,NOT APPLICABLE,100.94,0.0
2026-08-12T23:15:00+08:00,KWINANA_ESR2,225.0,116.04,2,6377b44f-9048-43f0-ac19-03020ad1522c,IN-SERVICE,NOT APPLICABLE,115.92,0.0
2026-08-12T23:15:00+08:00,COLLIE_BESS2,0.0,-990.1,1,fd8a217c-d512-4f83-9d15-57167c0d775b,IN-SERVICE,NON-LIQUID,-1000.0,
2026-08-12T23:15:00+08:00,COLLIE_BESS2,-44.0,-42.46,2,fd8a217c-d512-4f83-9d15-57167c0d775b,IN-SERVICE,NON-LIQUID,-42.88,
2026-08-12T23:15:00+08:00,COLLIE_BESS2,-45.0,-10.0,3,fd8a217c-d512-4f83-9d15-57167c0d775b,IN-SERVICE,NON-LIQUID,-10.1,
2026-08-12T23:15:00+08:00,COLLIE_BESS2,0.0,34.02,4,fd8a217c-d512-4f83-9d15-57167c0d775b,IN-SERVICE,NON-LIQUID,34.36,
2026-08-12T23:15:00+08:00,COLLIE_BESS2,-211.0,108.3,5,fd8a217c-d512-4f83-9d15-57167c0d775b,IN-SERVICE,NON-LIQUID,109.38,
2026-08-12T23:15:00+08:00,COLLIE_BESS2,75.0,250.0,6,fd8a217c-d512-4f83-9d15-57167c0d775b,IN-SERVICE,NON-LIQUID,252.5,
2026-08-12T23:15:00+08:00,COLLIE_BESS2,75.0,367.0,7,fd8a217c-d512-4f83-9d15-57167c0d775b,IN-SERVICE,NON-LIQUID,370.67,
2026-08-12T23:15:00+08:00,COLLIE_BESS2,150.0,622.0,8,fd8a217c-d512-4f83-9d15-57167c0d775b,IN-SERVICE,NON-LIQUID,628.22,
2026-08-12T23:15:00+08:00,COLLIE_BESS2,0.0,1188.12,9,fd8a217c-d512-4f83-9d15-57167c0d775b,IN-SERVICE,NON-LIQUID,1200.0,
2026-08-12T23:15:00+08:00,COLLIE_BESS2,0.0,1188.12,10,fd8a217c-d512-4f83-9d15-57167c0d775b,IN-SERVICE,NON-LIQUID,1200.0,
2026-08-12T23:15:00+08:00,COLLIE_ESR4,-250.0,95.94,1,4c7b02a0-e795-47d8-93b3-30f93223a048,IN-SERVICE,NOT APPLICABLE,95.88,0.0
2026-08-12T23:15:00+08:00,COLLIE_ESR4,250.0,111.66,2,4c7b02a0-e795-47d8-93b3-30f93223a048,IN-SERVICE,NOT APPLICABLE,111.59,0.0
2026-08-12T23:15:00+08:00,COLLIE_ESR5,-250.0,96.05,1,1b6e6a20-580d-4c1c-8586-52f75aeeec0a,IN-SERVICE,NOT APPLICABLE,95.99,0.0
2026-08-12T23:15:00+08:00,COLLIE_ESR5,250.0,116.13,2,1b6e6a20-580d-4c1c-8586-52f75aeeec0a,IN-SERVICE,NOT APPLICABLE,116.06,0.0
2026-08-12T23:20:00+08:00,KWINANA_ESR1,-100.0,96.41,1,53f1fed1-9274-441e-928d-2669e878f78d,IN-SERVICE,NOT APPLICABLE,96.37,0.0
2026-08-12T23:20:00+08:00,KWINANA_ESR1,100.0,111.15,2,53f1fed1-9274-441e-928d-2669e878f78d,IN-SERVICE,NOT APPLICABLE,111.11,0.0
2026-08-12T23:20:00+08:00,COLLIE_ESR1,0.0,-1000.0,1,9a39de00-a72b-49e9-9229-f0b2bcd956a4,IN-SERVICE,NON-LIQUID,-999.4,
2026-08-12T23:20:00+08:00,COLLIE_ESR1,-100.0,-42.46,2,9a39de00-a72b-49e9-9229-f0b2bcd956a4,IN-SERVICE,NON-LIQUID,-42.43,
2026-08-12T23:20:00+08:00,COLLIE_ESR1,-100.0,-10.0,3,9a39de00-a72b-49e9-9229-f0b2bcd956a4,IN-SERVICE,NON-LIQUID,-9.99,
2026-08-12T23:20:00+08:00,COLLIE_ESR1,0.0,34.02,4,9a39de00-a72b-49e9-9229-f0b2bcd956a4,IN-SERVICE,NON-LIQUID,34.0,
2026-08-12T23:20:00+08:00,COLLIE_ESR1,0.0,60.0,5,9a39de00-a72b-49e9-9229-f0b2bcd956a4,IN-SERVICE,NON-LIQUID,59.96,
2026-08-12T23:20:00+08:00,COLLIE_ESR1,50.0,250.0,6,9a39de00-a72b-49e9-9229-f0b2bcd956a4,IN-SERVICE,NON-LIQUID,249.85,
2026-08-12T23:20:00+08:00,COLLIE_ESR1,100.0,367.0,7,9a39de00-a72b-49e9-9229-f0b2bcd956a4,IN-SERVICE,NON-LIQUID,366.78,
2026-08-12T23:20:00+08:00,COLLIE_ESR1,50.0,622.0,8,9a39de00-a72b-49e9-9229-f0b2bcd956a4,IN-SERVICE,NON-LIQUID,621.63,
2026-08-12T23:20:00+08:00,COLLIE_ESR1,0.0,1199.9,9,9a39de00-a72b-49e9-9229-f0b2bcd956a4,IN-SERVICE,NON-LIQUID,1199.18,
2026-08-12T23:20:00+08:00,COLLIE_ESR1,0.0,1200.0,10,9a39de00-a72b-49e9-9229-f0b2bcd956a4,IN-SERVICE,NON-LIQUID,1199.28,
2026-08-12T23:20:00+08:00,KWINANA_ESR2,-225.0,101.04,1,5e2e5295-a59c-488f-b170-95d601cbda0e,IN-SERVICE,NOT APPLICABLE,100.94,0.0
2026-08-12T23:20:00+08:00,KWINANA_ESR2,225.0,116.04,2,5e2e5295-a59c-488f-b170-95d601cbda0e,IN-SERVICE,NOT APPLICABLE,115.92,0.0
2026-08-12T23:20:00+08:00,COLLIE_BESS2,0.0,-990.1,1,9c5159ed-ffd9-4282-bb11-f08ec89abc69,IN-SERVICE,NON-LIQUID,-1000.0,
2026-08-12T23:20:00+08:00,COLLIE_BESS2,-150.0,-42.46,2,9c5159ed-ffd9-4282-bb11-f08ec89abc69,IN-SERVICE,NON-LIQUID,-42.88,
2026-08-12T23:20:00+08:00,COLLIE_BESS2,-150.0,-10.0,3,9c5159ed-ffd9-4282-bb11-f08ec89abc69,IN-SERVICE,NON-LIQUID,-10.1,
2026-08-12T23:20:00+08:00,COLLIE_BESS2,0.0,34.02,4,9c5159ed-ffd9-4282-bb11-f08ec89abc69,IN-SERVICE,NON-LIQUID,34.36,
2026-08-12T23:20:00+08:00,COLLIE_BESS2,0.0,60.0,5,9c5159ed-ffd9-4282-bb11-f08ec89abc69,IN-SERVICE,NON-LIQUID,60.6,
2026-08-12T23:20:00+08:00,COLLIE_BESS2,75.0,250.0,6,9c5159ed-ffd9-4282-bb11-f08ec89abc69,IN-SERVICE,NON-LIQUID,252.5,
2026-08-12T23:20:00+08:00,COLLIE_BESS2,75.0,367.0,7,9c5159ed-ffd9-4282-bb11-f08ec89abc69,IN-SERVICE,NON-LIQUID,370.67,
2026-08-12T23:20:00+08:00,COLLIE_BESS2,150.0,622.0,8,9c5159ed-ffd9-4282-bb11-f08ec89abc69,IN-SERVICE,NON-LIQUID,628.22,
2026-08-12T23:20:00+08:00,COLLIE_BESS2,0.0,1188.12,9,9c5159ed-ffd9-4282-bb11-f08ec89abc69,IN-SERVICE,NON-LIQUID,1200.0,
2026-08-12T23:20:00+08:00,COLLIE_BESS2,0.0,1188.12,10,9c5159ed-ffd9-4282-bb11-f08ec89abc69,IN-SERVICE,NON-LIQUID,1200.0,
2026-08-12T23:20:00+08:00,COLLIE_ESR4,-250.0,96.06,1,c53e0a28-b543-44c3-bac9-1ae330ab1ea7,IN-SERVICE,NOT APPLICABLE,96.0,0.0
2026-08-12T23:20:00+08:00,COLLIE_ESR4,250.0,116.24,2,c53e0a28-b543-44c3-bac9-1ae330ab1ea7,IN-SERVICE,NOT APPLICABLE,116.17,0.0
2026-08-12T23:20:00+08:00,COLLIE_ESR5,-250.0,96.17,1,b4923f9a-09cb-48fa-ae99-053e108453ca,IN-SERVICE,NOT APPLICABLE,96.11,0.0
2026-08-12T23:20:00+08:00,COLLIE_ESR5,250.0,116.13,2,b4923f9a-09cb-48fa-ae99-053e108453ca,IN-SERVICE,NOT APPLICABLE,116.06,0.0
2026-08-12T23:25:00+08:00,KWINANA_ESR1,-100.0,96.41,1,53f1fed1-9274-441e-928d-2669e878f78d,IN-SERVICE,NOT APPLICABLE,96.37,0.0
2026-08-12T23:25:00+08:00,KWINANA_ESR1,100.0,111.15,2,53f1fed1-9274-441e-928d-2669e878f78d,IN-SERVICE,NOT APPLICABLE,111.11,0.0
2026-08-12T23:25:00+08:00,COLLIE_ESR1,0.0,-1000.0,1,339c8f2d-2996-4696-b3fc-adf339bd062d,IN-SERVICE,NON-LIQUID,-999.4,
2026-08-12T23:25:00+08:00,COLLIE_ESR1,-100.0,-42.46,2,339c8f2d-2996-4696-b3fc-adf339bd062d,IN-SERVICE,NON-LIQUID,-42.43,
2026-08-12T23:25:00+08:00,COLLIE_ESR1,-100.0,-10.0,3,339c8f2d-2996-4696-b3fc-adf339bd062d,IN-SERVICE,NON-LIQUID,-9.99,
2026-08-12T23:25:00+08:00,COLLIE_ESR1,0.0,34.02,4,339c8f2d-2996-4696-b3fc-adf339bd062d,IN-SERVICE,NON-LIQUID,34.0,
2026-08-12T23:25:00+08:00,COLLIE_ESR1,0.0,60.0,5,339c8f2d-2996-4696-b3fc-adf339bd062d,IN-SERVICE,NON-LIQUID,59.96,
2026-08-12T23:25:00+08:00,COLLIE_ESR1,50.0,250.0,6,339c8f2d-2996-4696-b3fc-adf339bd062d,IN-SERVICE,NON-LIQUID,249.85,
2026-08-12T23:25:00+08:00,COLLIE_ESR1,100.0,367.0,7,339c8f2d-2996-4696-b3fc-adf339bd062d,IN-SERVICE,NON-LIQUID,366.78,
2026-08-12T23:25:00+08:00,COLLIE_ESR1,50.0,622.0,8,339c8f2d-2996-4696-b3fc-adf339bd062d,IN-SERVICE,NON-LIQUID,621.63,
2026-08-12T23:25:00+08:00,COLLIE_ESR1,0.0,1199.9,9,339c8f2d-2996-4696-b3fc-adf339bd062d,IN-SERVICE,NON-LIQUID,1199.18,
2026-08-12T23:25:00+08:00,COLLIE_ESR1,0.0,1200.0,10,339c8f2d-2996-4696-b3fc-adf339bd062d,IN-SERVICE,NON-LIQUID,1199.28,
2026-08-12T23:25:00+08:00,KWINANA_ESR2,-225.0,101.04,1,5e2e5295-a59c-488f-b170-95d601cbda0e,IN-SERVICE,NOT APPLICABLE,100.94,0.0
2026-08-12T23:25:00+08:00,KWINANA_ESR2,225.0,116.04,2,5e2e5295-a59c-488f-b170-95d601cbda0e,IN-SERVICE,NOT APPLICABLE,115.92,0.0
2026-08-12T23:25:00+08:00,COLLIE_BESS2,0.0,-990.1,1,66c7b4e7-d29e-4de8-b85d-f89c5e1ee23b,IN-SERVICE,NON-LIQUID,-1000.0,
2026-08-12T23:25:00+08:00,COLLIE_BESS2,-150.0,-42.46,2,66c7b4e7-d29e-4de8-b85d-f89c5e1ee23b,IN-SERVICE,NON-LIQUID,-42.88,
2026-08-12T23:25:00+08:00,COLLIE_BESS2,-150.0,-10.0,3,66c7b4e7-d29e-4de8-b85d-f89c5e1ee23b,IN-SERVICE,NON-LIQUID,-10.1,
2026-08-12T23:25:00+08:00,COLLIE_BESS2,0.0,34.02,4,66c7b4e7-d29e-4de8-b85d-f89c5e1ee23b,IN-SERVICE,NON-LIQUID,34.36,
2026-08-12T23:25:00+08:00,COLLIE_BESS2,0.0,60.0,5,66c7b4e7-d29e-4de8-b85d-f89c5e1ee23b,IN-SERVICE,NON-LIQUID,60.6,
2026-08-12T23:25:00+08:00,COLLIE_BESS2,75.0,250.0,6,66c7b4e7-d29e-4de8-b85d-f89c5e1ee23b,IN-SERVICE,NON-LIQUID,252.5,
2026-08-12T23:25:00+08:00,COLLIE_BESS2,75.0,367.0,7,66c7b4e7-d29e-4de8-b85d-f89c5e1ee23b,IN-SERVICE,NON-LIQUID,370.67,
2026-08-12T23:25:00+08:00,COLLIE_BESS2,150.0,622.0,8,66c7b4e7-d29e-4de8-b85d-f89c5e1ee23b,IN-SERVICE,NON-LIQUID,628.22,
2026-08-12T23:25:00+08:00,COLLIE_BESS2,0.0,1188.12,9,66c7b4e7-d29e-4de8-b85d-f89c5e1ee23b,IN-SERVICE,NON-LIQUID,1200.0,
2026-08-12T23:25:00+08:00,COLLIE_BESS2,0.0,1188.12,10,66c7b4e7-d29e-4de8-b85d-f89c5e1ee23b,IN-SERVICE,NON-LIQUID,1200.0,
2026-08-12T23:25:00+08:00,COLLIE_ESR4,-250.0,96.06,1,c53e0a28-b543-44c3-bac9-1ae330ab1ea7,IN-SERVICE,NOT APPLICABLE,96.0,0.0
2026-08-12T23:25:00+08:00,COLLIE_ESR4,250.0,116.24,2,c53e0a28-b543-44c3-bac9-1ae330ab1ea7,IN-SERVICE,NOT APPLICABLE,116.17,0.0
2026-08-12T23:25:00+08:00,COLLIE_ESR5,-250.0,96.17,1,b4923f9a-09cb-48fa-ae99-053e108453ca,IN-SERVICE,NOT APPLICABLE,96.11,0.0
2026-08-12T23:25:00+08:00,COLLIE_ESR5,250.0,116.13,2,b4923f9a-09cb-48fa-ae99-053e108453ca,IN-SERVICE,NOT APPLICABLE,116.06,0.0
2026-08-12T23:30:00+08:00,KWINANA_ESR1,-100.0,96.41,1,53f1fed1-9274-441e-928d-2669e878f78d,IN-SERVICE,NOT APPLICABLE,96.37,0.0
2026-08-12T23:30:00+08:00,KWINANA_ESR1,100.0,111.15,2,53f1fed1-9274-441e-928d-2669e878f78d,IN-SERVICE,NOT APPLICABLE,111.11,0.0
2026-08-12T23:30:00+08:00,COLLIE_ESR1,0.0,-1000.0,1,dd000cb1-ac84-4aee-a9f1-66e55d30a222,IN-SERVICE,NON-LIQUID,-999.4,
2026-08-12T23:30:00+08:00,COLLIE_ESR1,-24.0,-42.46,2,dd000cb1-ac84-4aee-a9f1-66e55d30a222,IN-SERVICE,NON-LIQUID,-42.43,
2026-08-12T23:30:00+08:00,COLLIE_ESR1,-24.0,-10.0,3,dd000cb1-ac84-4aee-a9f1-66e55d30a222,IN-SERVICE,NON-LIQUID,-9.99,
2026-08-12T23:30:00+08:00,COLLIE_ESR1,0.0,34.02,4,dd000cb1-ac84-4aee-a9f1-66e55d30a222,IN-SERVICE,NON-LIQUID,34.0,
2026-08-12T23:30:00+08:00,COLLIE_ESR1,-152.0,108.06,5,dd000cb1-ac84-4aee-a9f1-66e55d30a222,IN-SERVICE,NON-LIQUID,108.0,
2026-08-12T23:30:00+08:00,COLLIE_ESR1,50.0,250.0,6,dd000cb1-ac84-4aee-a9f1-66e55d30a222,IN-SERVICE,NON-LIQUID,249.85,
2026-08-12T23:30:00+08:00,COLLIE_ESR1,100.0,367.0,7,dd000cb1-ac84-4aee-a9f1-66e55d30a222,IN-SERVICE,NON-LIQUID,366.78,
2026-08-12T23:30:00+08:00,COLLIE_ESR1,50.0,622.0,8,dd000cb1-ac84-4aee-a9f1-66e55d30a222,IN-SERVICE,NON-LIQUID,621.63,
2026-08-12T23:30:00+08:00,COLLIE_ESR1,0.0,684.71,9,dd000cb1-ac84-4aee-a9f1-66e55d30a222,IN-SERVICE,NON-LIQUID,684.3,
2026-08-12T23:30:00+08:00,COLLIE_ESR1,0.0,1200.0,10,dd000cb1-ac84-4aee-a9f1-66e55d30a222,IN-SERVICE,NON-LIQUID,1199.28,
2026-08-12T23:30:00+08:00,KWINANA_ESR2,-225.0,101.04,1,5e2e5295-a59c-488f-b170-95d601cbda0e,IN-SERVICE,NOT APPLICABLE,100.94,0.0
2026-08-12T23:30:00+08:00,KWINANA_ESR2,225.0,116.04,2,5e2e5295-a59c-488f-b170-95d601cbda0e,IN-SERVICE,NOT APPLICABLE,115.92,0.0
2026-08-12T23:30:00+08:00,COLLIE_BESS2,0.0,-990.1,1,fdd327ab-e41e-4ee4-ab63-795cf528e54c,IN-SERVICE,NON-LIQUID,-1000.0,
2026-08-12T23:30:00+08:00,COLLIE_BESS2,-44.0,-42.46,2,fdd327ab-e41e-4ee4-ab63-795cf528e54c,IN-SERVICE,NON-LIQUID,-42.88,
2026-08-12T23:30:00+08:00,COLLIE_BESS2,-45.0,-10.0,3,fdd327ab-e41e-4ee4-ab63-795cf528e54c,IN-SERVICE,NON-LIQUID,-10.1,
2026-08-12T23:30:00+08:00,COLLIE_BESS2,0.0,34.02,4,fdd327ab-e41e-4ee4-ab63-795cf528e54c,IN-SERVICE,NON-LIQUID,34.36,
2026-08-12T23:30:00+08:00,COLLIE_BESS2,-211.0,105.0,5,fdd327ab-e41e-4ee4-ab63-795cf528e54c,IN-SERVICE,NON-LIQUID,106.05,
2026-08-12T23:30:00+08:00,COLLIE_BESS2,75.0,250.0,6,fdd327ab-e41e-4ee4-ab63-795cf528e54c,IN-SERVICE,NON-LIQUID,252.5,
2026-08-12T23:30:00+08:00,COLLIE_BESS2,75.0,367.0,7,fdd327ab-e41e-4ee4-ab63-795cf528e54c,IN-SERVICE,NON-LIQUID,370.67,
2026-08-12T23:30:00+08:00,COLLIE_BESS2,150.0,622.0,8,fdd327ab-e41e-4ee4-ab63-795cf528e54c,IN-SERVICE,NON-LIQUID,628.22,
2026-08-12T23:30:00+08:00,COLLIE_BESS2,0.0,684.71,9,fdd327ab-e41e-4ee4-ab63-795cf528e54c,IN-SERVICE,NON-LIQUID,691.56,
2026-08-12T23:30:00+08:00,COLLIE_BESS2,0.0,1188.12,10,fdd327ab-e41e-4ee4-ab63-795cf528e54c,IN-SERVICE,NON-LIQUID,1200.0,
2026-08-12T23:30:00+08:00,COLLIE_ESR4,-250.0,96.06,1,c53e0a28-b543-44c3-bac9-1ae330ab1ea7,IN-SERVICE,NOT APPLICABLE,96.0,0.0
2026-08-12T23:30:00+08:00,COLLIE_ESR4,250.0,116.24,2,c53e0a28-b543-44c3-bac9-1ae330ab1ea7,IN-SERVICE,NOT APPLICABLE,116.17,0.0
2026-08-12T23:30:00+08:00,COLLIE_ESR5,-250.0,96.17,1,b4923f9a-09cb-48fa-ae99-053e108453ca,IN-SERVICE,NOT APPLICABLE,96.11,0.0
2026-08-12T23:30:00+08:00,COLLIE_ESR5,250.0,116.13,2,b4923f9a-09cb-48fa-ae99-053e108453ca,IN-SERVICE,NOT APPLICABLE,116.06,0.0
2026-08-12T23:35:00+08:00,KWINANA_ESR1,-100.0,96.52,1,0fc92109-fa76-4667-a8ba-a4b7b9203a45,IN-SERVICE,NOT APPLICABLE,96.48,0.0
2026-08-12T23:35:00+08:00,KWINANA_ESR1,100.0,111.26,2,0fc92109-fa76-4667-a8ba-a4b7b9203a45,IN-SERVICE,NOT APPLICABLE,111.22,0.0
2026-08-12T23:35:00+08:00,COLLIE_ESR1,0.0,-1000.0,1,21925c1a-ce69-4c4a-b236-d2d504177cf7,IN-SERVICE,NON-LIQUID,-999.4,
2026-08-12T23:35:00+08:00,COLLIE_ESR1,-25.0,-42.46,2,21925c1a-ce69-4c4a-b236-d2d504177cf7,IN-SERVICE,NON-LIQUID,-42.43,
2026-08-12T23:35:00+08:00,COLLIE_ESR1,-25.0,-10.0,3,21925c1a-ce69-4c4a-b236-d2d504177cf7,IN-SERVICE,NON-LIQUID,-9.99,
2026-08-12T23:35:00+08:00,COLLIE_ESR1,0.0,34.02,4,21925c1a-ce69-4c4a-b236-d2d504177cf7,IN-SERVICE,NON-LIQUID,34.0,
2026-08-12T23:35:00+08:00,COLLIE_ESR1,-150.0,105.0,5,21925c1a-ce69-4c4a-b236-d2d504177cf7,IN-SERVICE,NON-LIQUID,104.94,
2026-08-12T23:35:00+08:00,COLLIE_ESR1,50.0,250.0,6,21925c1a-ce69-4c4a-b236-d2d504177cf7,IN-SERVICE,NON-LIQUID,249.85,
2026-08-12T23:35:00+08:00,COLLIE_ESR1,100.0,367.0,7,21925c1a-ce69-4c4a-b236-d2d504177cf7,IN-SERVICE,NON-LIQUID,366.78,
2026-08-12T23:35:00+08:00,COLLIE_ESR1,50.0,622.0,8,21925c1a-ce69-4c4a-b236-d2d504177cf7,IN-SERVICE,NON-LIQUID,621.63,
2026-08-12T23:35:00+08:00,COLLIE_ESR1,0.0,684.71,9,21925c1a-ce69-4c4a-b236-d2d504177cf7,IN-SERVICE,NON-LIQUID,684.3,
2026-08-12T23:35:00+08:00,COLLIE_ESR1,0.0,1200.0,10,21925c1a-ce69-4c4a-b236-d2d504177cf7,IN-SERVICE,NON-LIQUID,1199.28,
2026-08-12T23:35:00+08:00,KWINANA_ESR2,-225.0,96.34,1,d591ab4c-38ce-4504-932c-4b4f923cf38f,IN-SERVICE,NOT APPLICABLE,96.24,0.0
2026-08-12T23:35:00+08:00,KWINANA_ESR2,225.0,111.34,2,d591ab4c-38ce-4504-932c-4b4f923cf38f,IN-SERVICE,NOT APPLICABLE,111.23,0.0
2026-08-12T23:35:00+08:00,COLLIE_BESS2,0.0,-990.1,1,e9448478-d0ff-4bb1-84e6-edca8c676c01,IN-SERVICE,NON-LIQUID,-1000.0,
2026-08-12T23:35:00+08:00,COLLIE_BESS2,-49.0,-42.46,2,e9448478-d0ff-4bb1-84e6-edca8c676c01,IN-SERVICE,NON-LIQUID,-42.88,
2026-08-12T23:35:00+08:00,COLLIE_BESS2,-49.0,-10.0,3,e9448478-d0ff-4bb1-84e6-edca8c676c01,IN-SERVICE,NON-LIQUID,-10.1,
2026-08-12T23:35:00+08:00,COLLIE_BESS2,0.0,34.02,4,e9448478-d0ff-4bb1-84e6-edca8c676c01,IN-SERVICE,NON-LIQUID,34.36,
2026-08-12T23:35:00+08:00,COLLIE_BESS2,-202.0,103.4,5,e9448478-d0ff-4bb1-84e6-edca8c676c01,IN-SERVICE,NON-LIQUID,104.43,
2026-08-12T23:35:00+08:00,COLLIE_BESS2,75.0,250.0,6,e9448478-d0ff-4bb1-84e6-edca8c676c01,IN-SERVICE,NON-LIQUID,252.5,
2026-08-12T23:35:00+08:00,COLLIE_BESS2,75.0,367.0,7,e9448478-d0ff-4bb1-84e6-edca8c676c01,IN-SERVICE,NON-LIQUID,370.67,
2026-08-12T23:35:00+08:00,COLLIE_BESS2,150.0,622.0,8,e9448478-d0ff-4bb1-84e6-edca8c676c01,IN-SERVICE,NON-LIQUID,628.22,
2026-08-12T23:35:00+08:00,COLLIE_BESS2,0.0,684.71,9,e9448478-d0ff-4bb1-84e6-edca8c676c01,IN-SERVICE,NON-LIQUID,691.56,
2026-08-12T23:35:00+08:00,COLLIE_BESS2,0.0,1188.12,10,e9448478-d0ff-4bb1-84e6-edca8c676c01,IN-SERVICE,NON-LIQUID,1200.0,
2026-08-12T23:35:00+08:00,COLLIE_ESR4,-250.0,96.06,1,ccce07a4-8797-49c3-9214-a92dd7568dc2,IN-SERVICE,NOT APPLICABLE,96.0,0.0
2026-08-12T23:35:00+08:00,COLLIE_ESR4,250.0,111.54,2,ccce07a4-8797-49c3-9214-a92dd7568dc2,IN-SERVICE,NOT APPLICABLE,111.47,0.0
2026-08-12T23:35:00+08:00,COLLIE_ESR5,-250.0,96.17,1,1e7d82c5-cce5-40a6-a8d5-d69120d83856,IN-SERVICE,NOT APPLICABLE,96.11,0.0
2026-08-12T23:35:00+08:00,COLLIE_ESR5,250.0,111.43,2,1e7d82c5-cce5-40a6-a8d5-d69120d83856,IN-SERVICE,NOT APPLICABLE,111.36,0.0
2026-08-12T23:40:00+08:00,KWINANA_ESR1,-100.0,96.41,1,0fc92109-fa76-4667-a8ba-a4b7b9203a45,IN-SERVICE,NOT APPLICABLE,96.37,0.0
2026-08-12T23:40:00+08:00,KWINANA_ESR1,100.0,111.15,2,0fc92109-fa76-4667-a8ba-a4b7b9203a45,IN-SERVICE,NOT APPLICABLE,111.11,0.0
2026-08-12T23:40:00+08:00,COLLIE_ESR1,0.0,-1000.0,1,1a76d4ed-674f-4d9f-ac7a-6226fa7c5655,IN-SERVICE,NON-LIQUID,-999.4,
2026-08-12T23:40:00+08:00,COLLIE_ESR1,-25.0,-42.46,2,1a76d4ed-674f-4d9f-ac7a-6226fa7c5655,IN-SERVICE,NON-LIQUID,-42.43,
2026-08-12T23:40:00+08:00,COLLIE_ESR1,-25.0,-10.0,3,1a76d4ed-674f-4d9f-ac7a-6226fa7c5655,IN-SERVICE,NON-LIQUID,-9.99,
2026-08-12T23:40:00+08:00,COLLIE_ESR1,0.0,34.02,4,1a76d4ed-674f-4d9f-ac7a-6226fa7c5655,IN-SERVICE,NON-LIQUID,34.0,
2026-08-12T23:40:00+08:00,COLLIE_ESR1,-150.0,116.25,5,1a76d4ed-674f-4d9f-ac7a-6226fa7c5655,IN-SERVICE,NON-LIQUID,116.18,
2026-08-12T23:40:00+08:00,COLLIE_ESR1,50.0,250.0,6,1a76d4ed-674f-4d9f-ac7a-6226fa7c5655,IN-SERVICE,NON-LIQUID,249.85,
2026-08-12T23:40:00+08:00,COLLIE_ESR1,100.0,367.0,7,1a76d4ed-674f-4d9f-ac7a-6226fa7c5655,IN-SERVICE,NON-LIQUID,366.78,
2026-08-12T23:40:00+08:00,COLLIE_ESR1,50.0,622.0,8,1a76d4ed-674f-4d9f-ac7a-6226fa7c5655,IN-SERVICE,NON-LIQUID,621.63,
2026-08-12T23:40:00+08:00,COLLIE_ESR1,0.0,684.71,9,1a76d4ed-674f-4d9f-ac7a-6226fa7c5655,IN-SERVICE,NON-LIQUID,684.3,
2026-08-12T23:40:00+08:00,COLLIE_ESR1,0.0,1200.0,10,1a76d4ed-674f-4d9f-ac7a-6226fa7c5655,IN-SERVICE,NON-LIQUID,1199.28,
2026-08-12T23:40:00+08:00,KWINANA_ESR2,-225.0,96.34,1,d591ab4c-38ce-4504-932c-4b4f923cf38f,IN-SERVICE,NOT APPLICABLE,96.24,0.0
2026-08-12T23:40:00+08:00,KWINANA_ESR2,225.0,111.34,2,d591ab4c-38ce-4504-932c-4b4f923cf38f,IN-SERVICE,NOT APPLICABLE,111.23,0.0
2026-08-12T23:40:00+08:00,COLLIE_BESS2,0.0,-990.1,1,77d10409-8f0d-4057-a675-74b0c02c5417,IN-SERVICE,NON-LIQUID,-1000.0,
2026-08-12T23:40:00+08:00,COLLIE_BESS2,-49.0,-42.46,2,77d10409-8f0d-4057-a675-74b0c02c5417,IN-SERVICE,NON-LIQUID,-42.88,
2026-08-12T23:40:00+08:00,COLLIE_BESS2,-49.0,-10.0,3,77d10409-8f0d-4057-a675-74b0c02c5417,IN-SERVICE,NON-LIQUID,-10.1,
2026-08-12T23:40:00+08:00,COLLIE_BESS2,0.0,34.02,4,77d10409-8f0d-4057-a675-74b0c02c5417,IN-SERVICE,NON-LIQUID,34.36,
2026-08-12T23:40:00+08:00,COLLIE_BESS2,-202.0,108.57,5,77d10409-8f0d-4057-a675-74b0c02c5417,IN-SERVICE,NON-LIQUID,109.66,
2026-08-12T23:40:00+08:00,COLLIE_BESS2,75.0,250.0,6,77d10409-8f0d-4057-a675-74b0c02c5417,IN-SERVICE,NON-LIQUID,252.5,
2026-08-12T23:40:00+08:00,COLLIE_BESS2,75.0,367.0,7,77d10409-8f0d-4057-a675-74b0c02c5417,IN-SERVICE,NON-LIQUID,370.67,
2026-08-12T23:40:00+08:00,COLLIE_BESS2,150.0,622.0,8,77d10409-8f0d-4057-a675-74b0c02c5417,IN-SERVICE,NON-LIQUID,628.22,
2026-08-12T23:40:00+08:00,COLLIE_BESS2,0.0,684.71,9,77d10409-8f0d-4057-a675-74b0c02c5417,IN-SERVICE,NON-LIQUID,691.56,
2026-08-12T23:40:00+08:00,COLLIE_BESS2,0.0,1188.12,10,77d10409-8f0d-4057-a675-74b0c02c5417,IN-SERVICE,NON-LIQUID,1200.0,
2026-08-12T23:40:00+08:00,COLLIE_ESR4,-250.0,96.06,1,ccce07a4-8797-49c3-9214-a92dd7568dc2,IN-SERVICE,NOT APPLICABLE,96.0,0.0
2026-08-12T23:40:00+08:00,COLLIE_ESR4,250.0,111.41,2,ccce07a4-8797-49c3-9214-a92dd7568dc2,IN-SERVICE,NOT APPLICABLE,111.34,0.0
2026-08-12T23:40:00+08:00,COLLIE_ESR5,-250.0,96.17,1,1e7d82c5-cce5-40a6-a8d5-d69120d83856,IN-SERVICE,NOT APPLICABLE,96.11,0.0
2026-08-12T23:40:00+08:00,COLLIE_ESR5,250.0,111.43,2,1e7d82c5-cce5-40a6-a8d5-d69120d83856,IN-SERVICE,NOT APPLICABLE,111.36,0.0
2026-08-12T23:45:00+08:00,KWINANA_ESR1,-100.0,96.41,1,0fc92109-fa76-4667-a8ba-a4b7b9203a45,IN-SERVICE,NOT APPLICABLE,96.37,0.0
2026-08-12T23:45:00+08:00,KWINANA_ESR1,100.0,111.15,2,0fc92109-fa76-4667-a8ba-a4b7b9203a45,IN-SERVICE,NOT APPLICABLE,111.11,0.0
2026-08-12T23:45:00+08:00,COLLIE_ESR1,0.0,-1000.0,1,5416d79b-3973-4f4c-b6a6-a73d3bfd2ff0,IN-SERVICE,NON-LIQUID,-999.4,
2026-08-12T23:45:00+08:00,COLLIE_ESR1,-100.0,-42.46,2,5416d79b-3973-4f4c-b6a6-a73d3bfd2ff0,IN-SERVICE,NON-LIQUID,-42.43,
2026-08-12T23:45:00+08:00,COLLIE_ESR1,-100.0,-10.0,3,5416d79b-3973-4f4c-b6a6-a73d3bfd2ff0,IN-SERVICE,NON-LIQUID,-9.99,
2026-08-12T23:45:00+08:00,COLLIE_ESR1,0.0,34.02,4,5416d79b-3973-4f4c-b6a6-a73d3bfd2ff0,IN-SERVICE,NON-LIQUID,34.0,
2026-08-12T23:45:00+08:00,COLLIE_ESR1,0.0,60.0,5,5416d79b-3973-4f4c-b6a6-a73d3bfd2ff0,IN-SERVICE,NON-LIQUID,59.96,
2026-08-12T23:45:00+08:00,COLLIE_ESR1,50.0,250.0,6,5416d79b-3973-4f4c-b6a6-a73d3bfd2ff0,IN-SERVICE,NON-LIQUID,249.85,
2026-08-12T23:45:00+08:00,COLLIE_ESR1,100.0,367.0,7,5416d79b-3973-4f4c-b6a6-a73d3bfd2ff0,IN-SERVICE,NON-LIQUID,366.78,
2026-08-12T23:45:00+08:00,COLLIE_ESR1,50.0,622.0,8,5416d79b-3973-4f4c-b6a6-a73d3bfd2ff0,IN-SERVICE,NON-LIQUID,621.63,
2026-08-12T23:45:00+08:00,COLLIE_ESR1,0.0,684.71,9,5416d79b-3973-4f4c-b6a6-a73d3bfd2ff0,IN-SERVICE,NON-LIQUID,684.3,
2026-08-12T23:45:00+08:00,COLLIE_ESR1,0.0,1200.0,10,5416d79b-3973-4f4c-b6a6-a73d3bfd2ff0,IN-SERVICE,NON-LIQUID,1199.28,
2026-08-12T23:45:00+08:00,KWINANA_ESR2,-225.0,96.34,1,d591ab4c-38ce-4504-932c-4b4f923cf38f,IN-SERVICE,NOT APPLICABLE,96.24,0.0
2026-08-12T23:45:00+08:00,KWINANA_ESR2,225.0,111.34,2,d591ab4c-38ce-4504-932c-4b4f923cf38f,IN-SERVICE,NOT APPLICABLE,111.23,0.0
2026-08-12T23:45:00+08:00,COLLIE_BESS2,0.0,-990.1,1,346c6523-373c-42c8-ae90-adc93d8137fc,IN-SERVICE,NON-LIQUID,-1000.0,
2026-08-12T23:45:00+08:00,COLLIE_BESS2,-49.0,-42.46,2,346c6523-373c-42c8-ae90-adc93d8137fc,IN-SERVICE,NON-LIQUID,-42.88,
2026-08-12T23:45:00+08:00,COLLIE_BESS2,-49.0,-10.0,3,346c6523-373c-42c8-ae90-adc93d8137fc,IN-SERVICE,NON-LIQUID,-10.1,
2026-08-12T23:45:00+08:00,COLLIE_BESS2,0.0,34.02,4,346c6523-373c-42c8-ae90-adc93d8137fc,IN-SERVICE,NON-LIQUID,34.36,
2026-08-12T23:45:00+08:00,COLLIE_BESS2,-202.0,111.8,5,346c6523-373c-42c8-ae90-adc93d8137fc,IN-SERVICE,NON-LIQUID,112.92,
2026-08-12T23:45:00+08:00,COLLIE_BESS2,75.0,250.0,6,346c6523-373c-42c8-ae90-adc93d8137fc,IN-SERVICE,NON-LIQUID,252.5,
2026-08-12T23:45:00+08:00,COLLIE_BESS2,75.0,367.0,7,346c6523-373c-42c8-ae90-adc93d8137fc,IN-SERVICE,NON-LIQUID,370.67,
2026-08-12T23:45:00+08:00,COLLIE_BESS2,150.0,622.0,8,346c6523-373c-42c8-ae90-adc93d8137fc,IN-SERVICE,NON-LIQUID,628.22,
2026-08-12T23:45:00+08:00,COLLIE_BESS2,0.0,684.71,9,346c6523-373c-42c8-ae90-adc93d8137fc,IN-SERVICE,NON-LIQUID,691.56,
2026-08-12T23:45:00+08:00,COLLIE_BESS2,0.0,1188.12,10,346c6523-373c-42c8-ae90-adc93d8137fc,IN-SERVICE,NON-LIQUID,1200.0,
2026-08-12T23:45:00+08:00,COLLIE_ESR4,-250.0,95.93,1,ccce07a4-8797-49c3-9214-a92dd7568dc2,IN-SERVICE,NOT APPLICABLE,95.87,0.0
2026-08-12T23:45:00+08:00,COLLIE_ESR4,250.0,111.41,2,ccce07a4-8797-49c3-9214-a92dd7568dc2,IN-SERVICE,NOT APPLICABLE,111.34,0.0
2026-08-12T23:45:00+08:00,COLLIE_ESR5,-250.0,96.04,1,1e7d82c5-cce5-40a6-a8d5-d69120d83856,IN-SERVICE,NOT APPLICABLE,95.98,0.0
2026-08-12T23:45:00+08:00,COLLIE_ESR5,250.0,111.3,2,1e7d82c5-cce5-40a6-a8d5-d69120d83856,IN-SERVICE,NOT APPLICABLE,111.23,0.0
2026-08-12T23:50:00+08:00,KWINANA_ESR1,-100.0,94.23,1,06c4aea7-7fd5-4d7a-a1a9-9b7d07cd8954,IN-SERVICE,NOT APPLICABLE,94.19,0.0
2026-08-12T23:50:00+08:00,KWINANA_ESR1,100.0,108.97,2,06c4aea7-7fd5-4d7a-a1a9-9b7d07cd8954,IN-SERVICE,NOT APPLICABLE,108.93,0.0
2026-08-12T23:50:00+08:00,COLLIE_ESR1,0.0,-1000.0,1,947d9319-37f7-4ef1-a374-afeca25cdcc0,IN-SERVICE,NON-LIQUID,-999.4,
2026-08-12T23:50:00+08:00,COLLIE_ESR1,-100.0,-42.46,2,947d9319-37f7-4ef1-a374-afeca25cdcc0,IN-SERVICE,NON-LIQUID,-42.43,
2026-08-12T23:50:00+08:00,COLLIE_ESR1,-100.0,-10.0,3,947d9319-37f7-4ef1-a374-afeca25cdcc0,IN-SERVICE,NON-LIQUID,-9.99,
2026-08-12T23:50:00+08:00,COLLIE_ESR1,0.0,34.02,4,947d9319-37f7-4ef1-a374-afeca25cdcc0,IN-SERVICE,NON-LIQUID,34.0,
2026-08-12T23:50:00+08:00,COLLIE_ESR1,0.0,60.0,5,947d9319-37f7-4ef1-a374-afeca25cdcc0,IN-SERVICE,NON-LIQUID,59.96,
2026-08-12T23:50:00+08:00,COLLIE_ESR1,50.0,250.0,6,947d9319-37f7-4ef1-a374-afeca25cdcc0,IN-SERVICE,NON-LIQUID,249.85,
2026-08-12T23:50:00+08:00,COLLIE_ESR1,100.0,367.0,7,947d9319-37f7-4ef1-a374-afeca25cdcc0,IN-SERVICE,NON-LIQUID,366.78,
2026-08-12T23:50:00+08:00,COLLIE_ESR1,50.0,622.0,8,947d9319-37f7-4ef1-a374-afeca25cdcc0,IN-SERVICE,NON-LIQUID,621.63,
2026-08-12T23:50:00+08:00,COLLIE_ESR1,0.0,684.71,9,947d9319-37f7-4ef1-a374-afeca25cdcc0,IN-SERVICE,NON-LIQUID,684.3,
2026-08-12T23:50:00+08:00,COLLIE_ESR1,0.0,1200.0,10,947d9319-37f7-4ef1-a374-afeca25cdcc0,IN-SERVICE,NON-LIQUID,1199.28,
2026-08-12T23:50:00+08:00,KWINANA_ESR2,-225.0,94.66,1,2fe15e11-2d11-4925-b553-0f4647aac433,IN-SERVICE,NOT APPLICABLE,94.57,0.0
2026-08-12T23:50:00+08:00,KWINANA_ESR2,225.0,109.66,2,2fe15e11-2d11-4925-b553-0f4647aac433,IN-SERVICE,NOT APPLICABLE,109.55,0.0
2026-08-12T23:50:00+08:00,COLLIE_BESS2,0.0,-990.1,1,8826f8b8-215a-4cae-a20d-3f5703daa968,IN-SERVICE,NON-LIQUID,-1000.0,
2026-08-12T23:50:00+08:00,COLLIE_BESS2,-150.0,-42.46,2,8826f8b8-215a-4cae-a20d-3f5703daa968,IN-SERVICE,NON-LIQUID,-42.88,
2026-08-12T23:50:00+08:00,COLLIE_BESS2,-150.0,-10.0,3,8826f8b8-215a-4cae-a20d-3f5703daa968,IN-SERVICE,NON-LIQUID,-10.1,
2026-08-12T23:50:00+08:00,COLLIE_BESS2,0.0,34.02,4,8826f8b8-215a-4cae-a20d-3f5703daa968,IN-SERVICE,NON-LIQUID,34.36,
2026-08-12T23:50:00+08:00,COLLIE_BESS2,0.0,60.0,5,8826f8b8-215a-4cae-a20d-3f5703daa968,IN-SERVICE,NON-LIQUID,60.6,
2026-08-12T23:50:00+08:00,COLLIE_BESS2,75.0,250.0,6,8826f8b8-215a-4cae-a20d-3f5703daa968,IN-SERVICE,NON-LIQUID,252.5,
2026-08-12T23:50:00+08:00,COLLIE_BESS2,75.0,367.0,7,8826f8b8-215a-4cae-a20d-3f5703daa968,IN-SERVICE,NON-LIQUID,370.67,
2026-08-12T23:50:00+08:00,COLLIE_BESS2,150.0,622.0,8,8826f8b8-215a-4cae-a20d-3f5703daa968,IN-SERVICE,NON-LIQUID,628.22,
2026-08-12T23:50:00+08:00,COLLIE_BESS2,0.0,684.71,9,8826f8b8-215a-4cae-a20d-3f5703daa968,IN-SERVICE,NON-LIQUID,691.56,
2026-08-12T23:50:00+08:00,COLLIE_BESS2,0.0,1188.12,10,8826f8b8-215a-4cae-a20d-3f5703daa968,IN-SERVICE,NON-LIQUID,1200.0,
2026-08-12T23:50:00+08:00,COLLIE_ESR4,-250.0,93.88,1,10c1574e-e4c8-4b4d-8734-70d63a783cc7,IN-SERVICE,NOT APPLICABLE,93.82,0.0
2026-08-12T23:50:00+08:00,COLLIE_ESR4,250.0,109.36,2,10c1574e-e4c8-4b4d-8734-70d63a783cc7,IN-SERVICE,NOT APPLICABLE,109.29,0.0
2026-08-12T23:50:00+08:00,COLLIE_ESR5,-250.0,93.99,1,fbd11cf1-b0fc-491e-a3c5-35848f2e05eb,IN-SERVICE,NOT APPLICABLE,93.93,0.0
2026-08-12T23:50:00+08:00,COLLIE_ESR5,250.0,109.25,2,fbd11cf1-b0fc-491e-a3c5-35848f2e05eb,IN-SERVICE,NOT APPLICABLE,109.18,0.0
2026-08-12T23:55:00+08:00,KWINANA_ESR1,-100.0,94.23,1,06c4aea7-7fd5-4d7a-a1a9-9b7d07cd8954,IN-SERVICE,NOT APPLICABLE,94.19,0.0
2026-08-12T23:55:00+08:00,KWINANA_ESR1,100.0,108.97,2,06c4aea7-7fd5-4d7a-a1a9-9b7d07cd8954,IN-SERVICE,NOT APPLICABLE,108.93,0.0
2026-08-12T23:55:00+08:00,COLLIE_ESR1,0.0,-1000.0,1,1e43053f-f66f-4f10-bd01-0e3151904f41,IN-SERVICE,NON-LIQUID,-999.4,
2026-08-12T23:55:00+08:00,COLLIE_ESR1,-20.0,-42.46,2,1e43053f-f66f-4f10-bd01-0e3151904f41,IN-SERVICE,NON-LIQUID,-42.43,
2026-08-12T23:55:00+08:00,COLLIE_ESR1,-20.0,-10.0,3,1e43053f-f66f-4f10-bd01-0e3151904f41,IN-SERVICE,NON-LIQUID,-9.99,
2026-08-12T23:55:00+08:00,COLLIE_ESR1,0.0,34.02,4,1e43053f-f66f-4f10-bd01-0e3151904f41,IN-SERVICE,NON-LIQUID,34.0,
2026-08-12T23:55:00+08:00,COLLIE_ESR1,-160.0,106.18,5,1e43053f-f66f-4f10-bd01-0e3151904f41,IN-SERVICE,NON-LIQUID,106.12,
2026-08-12T23:55:00+08:00,COLLIE_ESR1,50.0,250.0,6,1e43053f-f66f-4f10-bd01-0e3151904f41,IN-SERVICE,NON-LIQUID,249.85,
2026-08-12T23:55:00+08:00,COLLIE_ESR1,100.0,367.0,7,1e43053f-f66f-4f10-bd01-0e3151904f41,IN-SERVICE,NON-LIQUID,366.78,
2026-08-12T23:55:00+08:00,COLLIE_ESR1,50.0,622.0,8,1e43053f-f66f-4f10-bd01-0e3151904f41,IN-SERVICE,NON-LIQUID,621.63,
2026-08-12T23:55:00+08:00,COLLIE_ESR1,0.0,684.71,9,1e43053f-f66f-4f10-bd01-0e3151904f41,IN-SERVICE,NON-LIQUID,684.3,
2026-08-12T23:55:00+08:00,COLLIE_ESR1,0.0,1200.0,10,1e43053f-f66f-4f10-bd01-0e3151904f41,IN-SERVICE,NON-LIQUID,1199.28,
2026-08-12T23:55:00+08:00,KWINANA_ESR2,-225.0,94.16,1,2fe15e11-2d11-4925-b553-0f4647aac433,IN-SERVICE,NOT APPLICABLE,94.07,0.0
2026-08-12T23:55:00+08:00,KWINANA_ESR2,225.0,109.16,2,2fe15e11-2d11-4925-b553-0f4647aac433,IN-SERVICE,NOT APPLICABLE,109.05,0.0
2026-08-12T23:55:00+08:00,COLLIE_BESS2,0.0,-990.1,1,9282aa04-7f0d-4db3-8cde-75f4813a300b,IN-SERVICE,NON-LIQUID,-1000.0,
2026-08-12T23:55:00+08:00,COLLIE_BESS2,-40.0,-42.46,2,9282aa04-7f0d-4db3-8cde-75f4813a300b,IN-SERVICE,NON-LIQUID,-42.88,
2026-08-12T23:55:00+08:00,COLLIE_BESS2,-40.0,-10.0,3,9282aa04-7f0d-4db3-8cde-75f4813a300b,IN-SERVICE,NON-LIQUID,-10.1,
2026-08-12T23:55:00+08:00,COLLIE_BESS2,0.0,34.02,4,9282aa04-7f0d-4db3-8cde-75f4813a300b,IN-SERVICE,NON-LIQUID,34.36,
2026-08-12T23:55:00+08:00,COLLIE_BESS2,-220.0,106.18,5,9282aa04-7f0d-4db3-8cde-75f4813a300b,IN-SERVICE,NON-LIQUID,107.24,
2026-08-12T23:55:00+08:00,COLLIE_BESS2,75.0,250.0,6,9282aa04-7f0d-4db3-8cde-75f4813a300b,IN-SERVICE,NON-LIQUID,252.5,
2026-08-12T23:55:00+08:00,COLLIE_BESS2,75.0,367.0,7,9282aa04-7f0d-4db3-8cde-75f4813a300b,IN-SERVICE,NON-LIQUID,370.67,
2026-08-12T23:55:00+08:00,COLLIE_BESS2,150.0,622.0,8,9282aa04-7f0d-4db3-8cde-75f4813a300b,IN-SERVICE,NON-LIQUID,628.22,
2026-08-12T23:55:00+08:00,COLLIE_BESS2,0.0,684.71,9,9282aa04-7f0d-4db3-8cde-75f4813a300b,IN-SERVICE,NON-LIQUID,691.56,
2026-08-12T23:55:00+08:00,COLLIE_BESS2,0.0,1188.12,10,9282aa04-7f0d-4db3-8cde-75f4813a300b,IN-SERVICE,NON-LIQUID,1200.0,
2026-08-12T23:55:00+08:00,COLLIE_ESR4,-250.0,93.88,1,10c1574e-e4c8-4b4d-8734-70d63a783cc7,IN-SERVICE,NOT APPLICABLE,93.82,0.0
2026-08-12T23:55:00+08:00,COLLIE_ESR4,250.0,109.36,2,10c1574e-e4c8-4b4d-8734-70d63a783cc7,IN-SERVICE,NOT APPLICABLE,109.29,0.0
2026-08-12T23:55:00+08:00,COLLIE_ESR5,-250.0,93.99,1,fbd11cf1-b0fc-491e-a3c5-35848f2e05eb,IN-SERVICE,NOT APPLICABLE,93.93,0.0
2026-08-12T23:55:00+08:00,COLLIE_ESR5,250.0,109.25,2,fbd11cf1-b0fc-491e-a3c5-35848f2e05eb,IN-SERVICE,NOT APPLICABLE,109.18,0.0
2026-08-13T00:00:00+08:00,KWINANA_ESR1,-100.0,94.23,1,06c4aea7-7fd5-4d7a-a1a9-9b7d07cd8954,IN-SERVICE,NOT APPLICABLE,94.19,0.0
2026-08-13T00:00:00+08:00,KWINANA_ESR1,100.0,108.97,2,06c4aea7-7fd5-4d7a-a1a9-9b7d07cd8954,IN-SERVICE,NOT APPLICABLE,108.93,0.0
2026-08-13T00:00:00+08:00,COLLIE_ESR1,0.0,-1000.0,1,bacee290-7ef4-4638-b523-cb392b995ddd,IN-SERVICE,NON-LIQUID,-999.4,
2026-08-13T00:00:00+08:00,COLLIE_ESR1,-25.0,-42.46,2,bacee290-7ef4-4638-b523-cb392b995ddd,IN-SERVICE,NON-LIQUID,-42.43,
2026-08-13T00:00:00+08:00,COLLIE_ESR1,-25.0,-10.0,3,bacee290-7ef4-4638-b523-cb392b995ddd,IN-SERVICE,NON-LIQUID,-9.99,
2026-08-13T00:00:00+08:00,COLLIE_ESR1,0.0,34.02,4,bacee290-7ef4-4638-b523-cb392b995ddd,IN-SERVICE,NON-LIQUID,34.0,
2026-08-13T00:00:00+08:00,COLLIE_ESR1,-150.0,109.55,5,bacee290-7ef4-4638-b523-cb392b995ddd,IN-SERVICE,NON-LIQUID,109.48,
2026-08-13T00:00:00+08:00,COLLIE_ESR1,50.0,250.0,6,bacee290-7ef4-4638-b523-cb392b995ddd,IN-SERVICE,NON-LIQUID,249.85,
2026-08-13T00:00:00+08:00,COLLIE_ESR1,100.0,367.0,7,bacee290-7ef4-4638-b523-cb392b995ddd,IN-SERVICE,NON-LIQUID,366.78,
2026-08-13T00:00:00+08:00,COLLIE_ESR1,0.0,429.27,8,bacee290-7ef4-4638-b523-cb392b995ddd,IN-SERVICE,NON-LIQUID,429.01,
2026-08-13T00:00:00+08:00,COLLIE_ESR1,50.0,622.0,9,bacee290-7ef4-4638-b523-cb392b995ddd,IN-SERVICE,NON-LIQUID,621.63,
2026-08-13T00:00:00+08:00,COLLIE_ESR1,0.0,1200.0,10,bacee290-7ef4-4638-b523-cb392b995ddd,IN-SERVICE,NON-LIQUID,1199.28,
2026-08-13T00:00:00+08:00,KWINANA_ESR2,-225.0,94.16,1,2fe15e11-2d11-4925-b553-0f4647aac433,IN-SERVICE,NOT APPLICABLE,94.07,0.0
2026-08-13T00:00:00+08:00,KWINANA_ESR2,225.0,109.16,2,2fe15e11-2d11-4925-b553-0f4647aac433,IN-SERVICE,NOT APPLICABLE,109.05,0.0
2026-08-13T00:00:00+08:00,COLLIE_BESS2,0.0,-990.1,1,7bc1a0d7-3187-451c-b2aa-30bc8c818b84,IN-SERVICE,NON-LIQUID,-1000.0,
2026-08-13T00:00:00+08:00,COLLIE_BESS2,-49.0,-42.46,2,7bc1a0d7-3187-451c-b2aa-30bc8c818b84,IN-SERVICE,NON-LIQUID,-42.88,
2026-08-13T00:00:00+08:00,COLLIE_BESS2,-49.0,-10.0,3,7bc1a0d7-3187-451c-b2aa-30bc8c818b84,IN-SERVICE,NON-LIQUID,-10.1,
2026-08-13T00:00:00+08:00,COLLIE_BESS2,0.0,34.02,4,7bc1a0d7-3187-451c-b2aa-30bc8c818b84,IN-SERVICE,NON-LIQUID,34.36,
2026-08-13T00:00:00+08:00,COLLIE_BESS2,-202.0,109.55,5,7bc1a0d7-3187-451c-b2aa-30bc8c818b84,IN-SERVICE,NON-LIQUID,110.65,
2026-08-13T00:00:00+08:00,COLLIE_BESS2,75.0,250.0,6,7bc1a0d7-3187-451c-b2aa-30bc8c818b84,IN-SERVICE,NON-LIQUID,252.5,
2026-08-13T00:00:00+08:00,COLLIE_BESS2,75.0,367.0,7,7bc1a0d7-3187-451c-b2aa-30bc8c818b84,IN-SERVICE,NON-LIQUID,370.67,
2026-08-13T00:00:00+08:00,COLLIE_BESS2,0.0,429.27,8,7bc1a0d7-3187-451c-b2aa-30bc8c818b84,IN-SERVICE,NON-LIQUID,433.56,
2026-08-13T00:00:00+08:00,COLLIE_BESS2,150.0,622.0,9,7bc1a0d7-3187-451c-b2aa-30bc8c818b84,IN-SERVICE,NON-LIQUID,628.22,
2026-08-13T00:00:00+08:00,COLLIE_BESS2,0.0,1188.12,10,7bc1a0d7-3187-451c-b2aa-30bc8c818b84,IN-SERVICE,NON-LIQUID,1200.0,
2026-08-13T00:00:00+08:00,COLLIE_ESR4,-250.0,93.88,1,10c1574e-e4c8-4b4d-8734-70d63a783cc7,IN-SERVICE,NOT APPLICABLE,93.82,0.0
2026-08-13T00:00:00+08:00,COLLIE_ESR4,250.0,109.36,2,10c1574e-e4c8-4b4d-8734-70d63a783cc7,IN-SERVICE,NOT APPLICABLE,109.29,0.0
2026-08-13T00:00:00+08:00,COLLIE_ESR5,-250.0,93.99,1,fbd11cf1-b0fc-491e-a3c5-35848f2e05eb,IN-SERVICE,NOT APPLICABLE,93.93,0.0
2026-08-13T00:00:00+08:00,COLLIE_ESR5,250.0,109.25,2,fbd11cf1-b0fc-491e-a3c5-35848f2e05eb,IN-SERVICE,NOT APPLICABLE,109.18,0.0
2026-08-13T00:05:00+08:00,KWINANA_ESR1,-100.0,99.91,1,48466df2-a14d-4e32-8dbe-169b8ae9afa8,IN-SERVICE,NOT APPLICABLE,99.87,0.0
2026-08-13T00:05:00+08:00,KWINANA_ESR1,100.0,114.65,2,48466df2-a14d-4e32-8dbe-169b8ae9afa8,IN-SERVICE,NOT APPLICABLE,114.6,0.0
2026-08-13T00:05:00+08:00,COLLIE_ESR1,0.0,-1000.0,1,f8d4feff-926f-4a9d-8a75-9a6e2d74a4e7,IN-SERVICE,NON-LIQUID,-999.4,
2026-08-13T00:05:00+08:00,COLLIE_ESR1,-22.0,-42.46,2,f8d4feff-926f-4a9d-8a75-9a6e2d74a4e7,IN-SERVICE,NON-LIQUID,-42.43,
2026-08-13T00:05:00+08:00,COLLIE_ESR1,-23.0,-10.0,3,f8d4feff-926f-4a9d-8a75-9a6e2d74a4e7,IN-SERVICE,NON-LIQUID,-9.99,
2026-08-13T00:05:00+08:00,COLLIE_ESR1,0.0,34.02,4,f8d4feff-926f-4a9d-8a75-9a6e2d74a4e7,IN-SERVICE,NON-LIQUID,34.0,
2026-08-13T00:05:00+08:00,COLLIE_ESR1,-155.0,111.57,5,f8d4feff-926f-4a9d-8a75-9a6e2d74a4e7,IN-SERVICE,NON-LIQUID,111.5,
2026-08-13T00:05:00+08:00,COLLIE_ESR1,50.0,250.0,6,f8d4feff-926f-4a9d-8a75-9a6e2d74a4e7,IN-SERVICE,NON-LIQUID,249.85,
2026-08-13T00:05:00+08:00,COLLIE_ESR1,100.0,367.0,7,f8d4feff-926f-4a9d-8a75-9a6e2d74a4e7,IN-SERVICE,NON-LIQUID,366.78,
2026-08-13T00:05:00+08:00,COLLIE_ESR1,0.0,429.27,8,f8d4feff-926f-4a9d-8a75-9a6e2d74a4e7,IN-SERVICE,NON-LIQUID,429.01,
2026-08-13T00:05:00+08:00,COLLIE_ESR1,50.0,622.0,9,f8d4feff-926f-4a9d-8a75-9a6e2d74a4e7,IN-SERVICE,NON-LIQUID,621.63,
2026-08-13T00:05:00+08:00,COLLIE_ESR1,0.0,1200.0,10,f8d4feff-926f-4a9d-8a75-9a6e2d74a4e7,IN-SERVICE,NON-LIQUID,1199.28,
2026-08-13T00:05:00+08:00,KWINANA_ESR2,-225.0,93.66,1,0cda747a-1f6e-40c1-8c2d-23a3582749b3,IN-SERVICE,NOT APPLICABLE,93.57,0.0
2026-08-13T00:05:00+08:00,KWINANA_ESR2,225.0,108.66,2,0cda747a-1f6e-40c1-8c2d-23a3582749b3,IN-SERVICE,NOT APPLICABLE,108.55,0.0
2026-08-13T00:05:00+08:00,COLLIE_BESS2,0.0,-990.1,1,7d23be23-ba36-4ef7-932c-d737d287193d,IN-SERVICE,NON-LIQUID,-1000.0,
2026-08-13T00:05:00+08:00,COLLIE_BESS2,-47.0,-42.46,2,7d23be23-ba36-4ef7-932c-d737d287193d,IN-SERVICE,NON-LIQUID,-42.88,
2026-08-13T00:05:00+08:00,COLLIE_BESS2,-47.0,-10.0,3,7d23be23-ba36-4ef7-932c-d737d287193d,IN-SERVICE,NON-LIQUID,-10.1,
2026-08-13T00:05:00+08:00,COLLIE_BESS2,0.0,34.02,4,7d23be23-ba36-4ef7-932c-d737d287193d,IN-SERVICE,NON-LIQUID,34.36,
2026-08-13T00:05:00+08:00,COLLIE_BESS2,-206.0,106.83,5,7d23be23-ba36-4ef7-932c-d737d287193d,IN-SERVICE,NON-LIQUID,107.9,
2026-08-13T00:05:00+08:00,COLLIE_BESS2,75.0,250.0,6,7d23be23-ba36-4ef7-932c-d737d287193d,IN-SERVICE,NON-LIQUID,252.5,
2026-08-13T00:05:00+08:00,COLLIE_BESS2,75.0,367.0,7,7d23be23-ba36-4ef7-932c-d737d287193d,IN-SERVICE,NON-LIQUID,370.67,
2026-08-13T00:05:00+08:00,COLLIE_BESS2,0.0,429.27,8,7d23be23-ba36-4ef7-932c-d737d287193d,IN-SERVICE,NON-LIQUID,433.56,
2026-08-13T00:05:00+08:00,COLLIE_BESS2,150.0,622.0,9,7d23be23-ba36-4ef7-932c-d737d287193d,IN-SERVICE,NON-LIQUID,628.22,
2026-08-13T00:05:00+08:00,COLLIE_BESS2,0.0,1188.12,10,7d23be23-ba36-4ef7-932c-d737d287193d,IN-SERVICE,NON-LIQUID,1200.0,
2026-08-13T00:05:00+08:00,COLLIE_ESR4,-250.0,92.73,1,c6bdd14a-9f76-4b53-a394-42af2e890ff3,IN-SERVICE,NOT APPLICABLE,92.67,0.0
2026-08-13T00:05:00+08:00,COLLIE_ESR4,250.0,108.86,2,c6bdd14a-9f76-4b53-a394-42af2e890ff3,IN-SERVICE,NOT APPLICABLE,108.79,0.0
2026-08-13T00:05:00+08:00,COLLIE_ESR5,-250.0,92.84,1,5e4c2808-7db3-44db-a712-9bdecadb77da,IN-SERVICE,NOT APPLICABLE,92.78,0.0
2026-08-13T00:05:00+08:00,COLLIE_ESR5,250.0,108.75,2,5e4c2808-7db3-44db-a712-9bdecadb77da,IN-SERVICE,NOT APPLICABLE,108.68,0.0
2026-08-13T00:10:00+08:00,KWINANA_ESR1,-100.0,93.73,1,48466df2-a14d-4e32-8dbe-169b8ae9afa8,IN-SERVICE,NOT APPLICABLE,93.69,0.0
2026-08-13T00:10:00+08:00,KWINANA_ESR1,100.0,108.47,2,48466df2-a14d-4e32-8dbe-169b8ae9afa8,IN-SERVICE,NOT APPLICABLE,108.43,0.0
2026-08-13T00:10:00+08:00,COLLIE_ESR1,0.0,-1000.0,1,6cd0b8e9-39fc-481f-b543-af41dc78f76e,IN-SERVICE,NON-LIQUID,-999.4,
2026-08-13T00:10:00+08:00,COLLIE_ESR1,-22.0,-42.46,2,6cd0b8e9-39fc-481f-b543-af41dc78f76e,IN-SERVICE,NON-LIQUID,-42.43,
2026-08-13T00:10:00+08:00,COLLIE_ESR1,-23.0,-10.0,3,6cd0b8e9-39fc-481f-b543-af41dc78f76e,IN-SERVICE,NON-LIQUID,-9.99,
2026-08-13T00:10:00+08:00,COLLIE_ESR1,0.0,34.02,4,6cd0b8e9-39fc-481f-b543-af41dc78f76e,IN-SERVICE,NON-LIQUID,34.0,
2026-08-13T00:10:00+08:00,COLLIE_ESR1,-155.0,114.26,5,6cd0b8e9-39fc-481f-b543-af41dc78f76e,IN-SERVICE,NON-LIQUID,114.19,
2026-08-13T00:10:00+08:00,COLLIE_ESR1,50.0,250.0,6,6cd0b8e9-39fc-481f-b543-af41dc78f76e,IN-SERVICE,NON-LIQUID,249.85,
2026-08-13T00:10:00+08:00,COLLIE_ESR1,100.0,367.0,7,6cd0b8e9-39fc-481f-b543-af41dc78f76e,IN-SERVICE,NON-LIQUID,366.78,
2026-08-13T00:10:00+08:00,COLLIE_ESR1,0.0,429.27,8,6cd0b8e9-39fc-481f-b543-af41dc78f76e,IN-SERVICE,NON-LIQUID,429.01,
2026-08-13T00:10:00+08:00,COLLIE_ESR1,50.0,622.0,9,6cd0b8e9-39fc-481f-b543-af41dc78f76e,IN-SERVICE,NON-LIQUID,621.63,
2026-08-13T00:10:00+08:00,COLLIE_ESR1,0.0,1200.0,10,6cd0b8e9-39fc-481f-b543-af41dc78f76e,IN-SERVICE,NON-LIQUID,1199.28,
2026-08-13T00:10:00+08:00,KWINANA_ESR2,-225.0,93.66,1,0cda747a-1f6e-40c1-8c2d-23a3582749b3,IN-SERVICE,NOT APPLICABLE,93.57,0.0
2026-08-13T00:10:00+08:00,KWINANA_ESR2,225.0,108.66,2,0cda747a-1f6e-40c1-8c2d-23a3582749b3,IN-SERVICE,NOT APPLICABLE,108.55,0.0
2026-08-13T00:10:00+08:00,COLLIE_BESS2,0.0,-990.1,1,106f6c8f-28ef-454b-8032-67558c445624,IN-SERVICE,NON-LIQUID,-1000.0,
2026-08-13T00:10:00+08:00,COLLIE_BESS2,-47.0,-42.46,2,106f6c8f-28ef-454b-8032-67558c445624,IN-SERVICE,NON-LIQUID,-42.88,
2026-08-13T00:10:00+08:00,COLLIE_BESS2,-47.0,-10.0,3,106f6c8f-28ef-454b-8032-67558c445624,IN-SERVICE,NON-LIQUID,-10.1,
2026-08-13T00:10:00+08:00,COLLIE_BESS2,0.0,34.02,4,106f6c8f-28ef-454b-8032-67558c445624,IN-SERVICE,NON-LIQUID,34.36,
2026-08-13T00:10:00+08:00,COLLIE_BESS2,-206.0,108.35,5,106f6c8f-28ef-454b-8032-67558c445624,IN-SERVICE,NON-LIQUID,109.43,
2026-08-13T00:10:00+08:00,COLLIE_BESS2,75.0,250.0,6,106f6c8f-28ef-454b-8032-67558c445624,IN-SERVICE,NON-LIQUID,252.5,
2026-08-13T00:10:00+08:00,COLLIE_BESS2,75.0,367.0,7,106f6c8f-28ef-454b-8032-67558c445624,IN-SERVICE,NON-LIQUID,370.67,
2026-08-13T00:10:00+08:00,COLLIE_BESS2,0.0,429.27,8,106f6c8f-28ef-454b-8032-67558c445624,IN-SERVICE,NON-LIQUID,433.56,
2026-08-13T00:10:00+08:00,COLLIE_BESS2,150.0,622.0,9,106f6c8f-28ef-454b-8032-67558c445624,IN-SERVICE,NON-LIQUID,628.22,
2026-08-13T00:10:00+08:00,COLLIE_BESS2,0.0,1188.12,10,106f6c8f-28ef-454b-8032-67558c445624,IN-SERVICE,NON-LIQUID,1200.0,
2026-08-13T00:10:00+08:00,COLLIE_ESR4,-250.0,92.73,1,c6bdd14a-9f76-4b53-a394-42af2e890ff3,IN-SERVICE,NOT APPLICABLE,92.67,0.0
2026-08-13T00:10:00+08:00,COLLIE_ESR4,250.0,108.86,2,c6bdd14a-9f76-4b53-a394-42af2e890ff3,IN-SERVICE,NOT APPLICABLE,108.79,0.0
2026-08-13T00:10:00+08:00,COLLIE_ESR5,-250.0,92.84,1,5e4c2808-7db3-44db-a712-9bdecadb77da,IN-SERVICE,NOT APPLICABLE,92.78,0.0
2026-08-13T00:10:00+08:00,COLLIE_ESR5,250.0,108.75,2,5e4c2808-7db3-44db-a712-9bdecadb77da,IN-SERVICE,NOT APPLICABLE,108.68,0.0
2026-08-13T00:15:00+08:00,KWINANA_ESR1,-100.0,93.73,1,48466df2-a14d-4e32-8dbe-169b8ae9afa8,IN-SERVICE,NOT APPLICABLE,93.69,0.0
2026-08-13T00:15:00+08:00,KWINANA_ESR1,100.0,108.47,2,48466df2-a14d-4e32-8dbe-169b8ae9afa8,IN-SERVICE,NOT APPLICABLE,108.43,0.0
2026-08-13T00:15:00+08:00,COLLIE_ESR1,0.0,-1000.0,1,9c894666-6321-4fbe-b132-9fcca412d644,IN-SERVICE,NON-LIQUID,-999.4,
2026-08-13T00:15:00+08:00,COLLIE_ESR1,-22.0,-42.46,2,9c894666-6321-4fbe-b132-9fcca412d644,IN-SERVICE,NON-LIQUID,-42.43,
2026-08-13T00:15:00+08:00,COLLIE_ESR1,-23.0,-10.0,3,9c894666-6321-4fbe-b132-9fcca412d644,IN-SERVICE,NON-LIQUID,-9.99,
2026-08-13T00:15:00+08:00,COLLIE_ESR1,0.0,34.02,4,9c894666-6321-4fbe-b132-9fcca412d644,IN-SERVICE,NON-LIQUID,34.0,
2026-08-13T00:15:00+08:00,COLLIE_ESR1,-155.0,108.98,5,9c894666-6321-4fbe-b132-9fcca412d644,IN-SERVICE,NON-LIQUID,108.91,
2026-08-13T00:15:00+08:00,COLLIE_ESR1,50.0,250.0,6,9c894666-6321-4fbe-b132-9fcca412d644,IN-SERVICE,NON-LIQUID,249.85,
2026-08-13T00:15:00+08:00,COLLIE_ESR1,100.0,367.0,7,9c894666-6321-4fbe-b132-9fcca412d644,IN-SERVICE,NON-LIQUID,366.78,
2026-08-13T00:15:00+08:00,COLLIE_ESR1,0.0,429.27,8,9c894666-6321-4fbe-b132-9fcca412d644,IN-SERVICE,NON-LIQUID,429.01,
2026-08-13T00:15:00+08:00,COLLIE_ESR1,50.0,622.0,9,9c894666-6321-4fbe-b132-9fcca412d644,IN-SERVICE,NON-LIQUID,621.63,
2026-08-13T00:15:00+08:00,COLLIE_ESR1,0.0,1200.0,10,9c894666-6321-4fbe-b132-9fcca412d644,IN-SERVICE,NON-LIQUID,1199.28,
2026-08-13T00:15:00+08:00,KWINANA_ESR2,-225.0,93.66,1,0cda747a-1f6e-40c1-8c2d-23a3582749b3,IN-SERVICE,NOT APPLICABLE,93.57,0.0
2026-08-13T00:15:00+08:00,KWINANA_ESR2,225.0,108.66,2,0cda747a-1f6e-40c1-8c2d-23a3582749b3,IN-SERVICE,NOT APPLICABLE,108.55,0.0
2026-08-13T00:15:00+08:00,COLLIE_BESS2,0.0,-990.1,1,6fb35933-7765-484d-b97e-715b9bb3334c,IN-SERVICE,NON-LIQUID,-1000.0,
2026-08-13T00:15:00+08:00,COLLIE_BESS2,-47.0,-42.46,2,6fb35933-7765-484d-b97e-715b9bb3334c,IN-SERVICE,NON-LIQUID,-42.88,
2026-08-13T00:15:00+08:00,COLLIE_BESS2,-47.0,-10.0,3,6fb35933-7765-484d-b97e-715b9bb3334c,IN-SERVICE,NON-LIQUID,-10.1,
2026-08-13T00:15:00+08:00,COLLIE_BESS2,0.0,34.02,4,6fb35933-7765-484d-b97e-715b9bb3334c,IN-SERVICE,NON-LIQUID,34.36,
2026-08-13T00:15:00+08:00,COLLIE_BESS2,-206.0,108.98,5,6fb35933-7765-484d-b97e-715b9bb3334c,IN-SERVICE,NON-LIQUID,110.07,
2026-08-13T00:15:00+08:00,COLLIE_BESS2,75.0,250.0,6,6fb35933-7765-484d-b97e-715b9bb3334c,IN-SERVICE,NON-LIQUID,252.5,
2026-08-13T00:15:00+08:00,COLLIE_BESS2,75.0,367.0,7,6fb35933-7765-484d-b97e-715b9bb3334c,IN-SERVICE,NON-LIQUID,370.67,
2026-08-13T00:15:00+08:00,COLLIE_BESS2,0.0,429.27,8,6fb35933-7765-484d-b97e-715b9bb3334c,IN-SERVICE,NON-LIQUID,433.56,
2026-08-13T00:15:00+08:00,COLLIE_BESS2,150.0,622.0,9,6fb35933-7765-484d-b97e-715b9bb3334c,IN-SERVICE,NON-LIQUID,628.22,
2026-08-13T00:15:00+08:00,COLLIE_BESS2,0.0,1188.12,10,6fb35933-7765-484d-b97e-715b9bb3334c,IN-SERVICE,NON-LIQUID,1200.0,
2026-08-13T00:15:00+08:00,COLLIE_ESR4,-250.0,92.73,1,c6bdd14a-9f76-4b53-a394-42af2e890ff3,IN-SERVICE,NOT APPLICABLE,92.67,0.0
2026-08-13T00:15:00+08:00,COLLIE_ESR4,250.0,108.86,2,c6bdd14a-9f76-4b53-a394-42af2e890ff3,IN-SERVICE,NOT APPLICABLE,108.79,0.0
2026-08-13T00:15:00+08:00,COLLIE_ESR5,-250.0,92.84,1,5e4c2808-7db3-44db-a712-9bdecadb77da,IN-SERVICE,NOT APPLICABLE,92.78,0.0
2026-08-13T00:15:00+08:00,COLLIE_ESR5,250.0,108.75,2,5e4c2808-7db3-44db-a712-9bdecadb77da,IN-SERVICE,NOT APPLICABLE,108.68,0.0
2026-08-13T00:20:00+08:00,KWINANA_ESR1,-100.0,114.09,1,b072a78a-9e12-417f-a08d-6a4e4dc3aa4e,IN-SERVICE,NOT APPLICABLE,114.04,0.0
2026-08-13T00:20:00+08:00,KWINANA_ESR1,100.0,128.83,2,b072a78a-9e12-417f-a08d-6a4e4dc3aa4e,IN-SERVICE,NOT APPLICABLE,128.78,0.0
2026-08-13T00:20:00+08:00,COLLIE_ESR1,0.0,-1000.0,1,521149f9-0325-4496-9dd0-b529d55ec676,IN-SERVICE,NON-LIQUID,-999.4,
2026-08-13T00:20:00+08:00,COLLIE_ESR1,-22.0,-42.46,2,521149f9-0325-4496-9dd0-b529d55ec676,IN-SERVICE,NON-LIQUID,-42.43,
2026-08-13T00:20:00+08:00,COLLIE_ESR1,-23.0,-10.0,3,521149f9-0325-4496-9dd0-b529d55ec676,IN-SERVICE,NON-LIQUID,-9.99,
2026-08-13T00:20:00+08:00,COLLIE_ESR1,0.0,34.02,4,521149f9-0325-4496-9dd0-b529d55ec676,IN-SERVICE,NON-LIQUID,34.0,
2026-08-13T00:20:00+08:00,COLLIE_ESR1,-155.0,105.0,5,521149f9-0325-4496-9dd0-b529d55ec676,IN-SERVICE,NON-LIQUID,104.94,
2026-08-13T00:20:00+08:00,COLLIE_ESR1,50.0,250.0,6,521149f9-0325-4496-9dd0-b529d55ec676,IN-SERVICE,NON-LIQUID,249.85,
2026-08-13T00:20:00+08:00,COLLIE_ESR1,100.0,367.0,7,521149f9-0325-4496-9dd0-b529d55ec676,IN-SERVICE,NON-LIQUID,366.78,
2026-08-13T00:20:00+08:00,COLLIE_ESR1,0.0,429.27,8,521149f9-0325-4496-9dd0-b529d55ec676,IN-SERVICE,NON-LIQUID,429.01,
2026-08-13T00:20:00+08:00,COLLIE_ESR1,50.0,622.0,9,521149f9-0325-4496-9dd0-b529d55ec676,IN-SERVICE,NON-LIQUID,621.63,
2026-08-13T00:20:00+08:00,COLLIE_ESR1,0.0,1200.0,10,521149f9-0325-4496-9dd0-b529d55ec676,IN-SERVICE,NON-LIQUID,1199.28,
2026-08-13T00:20:00+08:00,KWINANA_ESR2,-225.0,101.16,1,d00beb87-a5da-464a-bff5-d573ca9ae89d,IN-SERVICE,NOT APPLICABLE,101.06,0.0
2026-08-13T00:20:00+08:00,KWINANA_ESR2,204.444,116.16,2,d00beb87-a5da-464a-bff5-d573ca9ae89d,IN-SERVICE,NOT APPLICABLE,116.04,0.0
2026-08-13T00:20:00+08:00,KWINANA_ESR2,20.556,121.53,3,d00beb87-a5da-464a-bff5-d573ca9ae89d,IN-SERVICE,NOT APPLICABLE,121.41,0.0
2026-08-13T00:20:00+08:00,COLLIE_BESS2,0.0,-990.1,1,456ce0e6-c12e-4d03-a2f1-fddfc40f7ebe,IN-SERVICE,NON-LIQUID,-1000.0,
2026-08-13T00:20:00+08:00,COLLIE_BESS2,-47.0,-42.46,2,456ce0e6-c12e-4d03-a2f1-fddfc40f7ebe,IN-SERVICE,NON-LIQUID,-42.88,
2026-08-13T00:20:00+08:00,COLLIE_BESS2,-47.0,-10.0,3,456ce0e6-c12e-4d03-a2f1-fddfc40f7ebe,IN-SERVICE,NON-LIQUID,-10.1,
2026-08-13T00:20:00+08:00,COLLIE_BESS2,0.0,34.02,4,456ce0e6-c12e-4d03-a2f1-fddfc40f7ebe,IN-SERVICE,NON-LIQUID,34.36,
2026-08-13T00:20:00+08:00,COLLIE_BESS2,-206.0,103.11,5,456ce0e6-c12e-4d03-a2f1-fddfc40f7ebe,IN-SERVICE,NON-LIQUID,104.14,
2026-08-13T00:20:00+08:00,COLLIE_BESS2,75.0,250.0,6,456ce0e6-c12e-4d03-a2f1-fddfc40f7ebe,IN-SERVICE,NON-LIQUID,252.5,
2026-08-13T00:20:00+08:00,COLLIE_BESS2,75.0,367.0,7,456ce0e6-c12e-4d03-a2f1-fddfc40f7ebe,IN-SERVICE,NON-LIQUID,370.67,
2026-08-13T00:20:00+08:00,COLLIE_BESS2,0.0,429.27,8,456ce0e6-c12e-4d03-a2f1-fddfc40f7ebe,IN-SERVICE,NON-LIQUID,433.56,
2026-08-13T00:20:00+08:00,COLLIE_BESS2,150.0,622.0,9,456ce0e6-c12e-4d03-a2f1-fddfc40f7ebe,IN-SERVICE,NON-LIQUID,628.22,
2026-08-13T00:20:00+08:00,COLLIE_BESS2,0.0,1188.12,10,456ce0e6-c12e-4d03-a2f1-fddfc40f7ebe,IN-SERVICE,NON-LIQUID,1200.0,
2026-08-13T00:20:00+08:00,COLLIE_ESR4,-250.0,96.16,1,28e61ad5-2ddb-4084-acb7-efe95260aa67,IN-SERVICE,NOT APPLICABLE,96.1,0.0
2026-08-13T00:20:00+08:00,COLLIE_ESR4,250.0,111.64,2,28e61ad5-2ddb-4084-acb7-efe95260aa67,IN-SERVICE,NOT APPLICABLE,111.57,0.0
2026-08-13T00:20:00+08:00,COLLIE_ESR5,-250.0,96.27,1,02be52fc-3ea3-4dd3-b2d7-827dacb14786,IN-SERVICE,NOT APPLICABLE,96.21,0.0
2026-08-13T00:20:00+08:00,COLLIE_ESR5,250.0,111.53,2,02be52fc-3ea3-4dd3-b2d7-827dacb14786,IN-SERVICE,NOT APPLICABLE,111.46,0.0
2026-08-13T00:25:00+08:00,KWINANA_ESR1,-100.0,114.09,1,b072a78a-9e12-417f-a08d-6a4e4dc3aa4e,IN-SERVICE,NOT APPLICABLE,114.04,0.0
2026-08-13T00:25:00+08:00,KWINANA_ESR1,100.0,128.83,2,b072a78a-9e12-417f-a08d-6a4e4dc3aa4e,IN-SERVICE,NOT APPLICABLE,128.78,0.0
2026-08-13T00:25:00+08:00,COLLIE_ESR1,0.0,-1000.0,1,1ca46674-1c94-42b4-8879-6e8817d47a2f,IN-SERVICE,NON-LIQUID,-999.4,
2026-08-13T00:25:00+08:00,COLLIE_ESR1,-20.0,-42.46,2,1ca46674-1c94-42b4-8879-6e8817d47a2f,IN-SERVICE,NON-LIQUID,-42.43,
2026-08-13T00:25:00+08:00,COLLIE_ESR1,-20.0,-10.0,3,1ca46674-1c94-42b4-8879-6e8817d47a2f,IN-SERVICE,NON-LIQUID,-9.99,
2026-08-13T00:25:00+08:00,COLLIE_ESR1,0.0,34.02,4,1ca46674-1c94-42b4-8879-6e8817d47a2f,IN-SERVICE,NON-LIQUID,34.0,
2026-08-13T00:25:00+08:00,COLLIE_ESR1,-160.0,107.43,5,1ca46674-1c94-42b4-8879-6e8817d47a2f,IN-SERVICE,NON-LIQUID,107.37,
2026-08-13T00:25:00+08:00,COLLIE_ESR1,50.0,250.0,6,1ca46674-1c94-42b4-8879-6e8817d47a2f,IN-SERVICE,NON-LIQUID,249.85,
2026-08-13T00:25:00+08:00,COLLIE_ESR1,100.0,367.0,7,1ca46674-1c94-42b4-8879-6e8817d47a2f,IN-SERVICE,NON-LIQUID,366.78,
2026-08-13T00:25:00+08:00,COLLIE_ESR1,0.0,429.27,8,1ca46674-1c94-42b4-8879-6e8817d47a2f,IN-SERVICE,NON-LIQUID,429.01,
2026-08-13T00:25:00+08:00,COLLIE_ESR1,50.0,622.0,9,1ca46674-1c94-42b4-8879-6e8817d47a2f,IN-SERVICE,NON-LIQUID,621.63,
2026-08-13T00:25:00+08:00,COLLIE_ESR1,0.0,1200.0,10,1ca46674-1c94-42b4-8879-6e8817d47a2f,IN-SERVICE,NON-LIQUID,1199.28,
2026-08-13T00:25:00+08:00,KWINANA_ESR2,-225.0,98.66,1,d00beb87-a5da-464a-bff5-d573ca9ae89d,IN-SERVICE,NOT APPLICABLE,98.56,0.0
2026-08-13T00:25:00+08:00,KWINANA_ESR2,188.496,113.66,2,d00beb87-a5da-464a-bff5-d573ca9ae89d,IN-SERVICE,NOT APPLICABLE,113.55,0.0
2026-08-13T00:25:00+08:00,KWINANA_ESR2,36.504,121.53,3,d00beb87-a5da-464a-bff5-d573ca9ae89d,IN-SERVICE,NOT APPLICABLE,121.41,0.0
2026-08-13T00:25:00+08:00,COLLIE_BESS2,0.0,-990.1,1,42e84abf-eed0-4603-a092-174932b7bd5e,IN-SERVICE,NON-LIQUID,-1000.0,
2026-08-13T00:25:00+08:00,COLLIE_BESS2,-40.0,-42.46,2,42e84abf-eed0-4603-a092-174932b7bd5e,IN-SERVICE,NON-LIQUID,-42.88,
2026-08-13T00:25:00+08:00,COLLIE_BESS2,-40.0,-10.0,3,42e84abf-eed0-4603-a092-174932b7bd5e,IN-SERVICE,NON-LIQUID,-10.1,
2026-08-13T00:25:00+08:00,COLLIE_BESS2,0.0,34.02,4,42e84abf-eed0-4603-a092-174932b7bd5e,IN-SERVICE,NON-LIQUID,34.36,
2026-08-13T00:25:00+08:00,COLLIE_BESS2,-220.0,105.0,5,42e84abf-eed0-4603-a092-174932b7bd5e,IN-SERVICE,NON-LIQUID,106.05,
2026-08-13T00:25:00+08:00,COLLIE_BESS2,75.0,250.0,6,42e84abf-eed0-4603-a092-174932b7bd5e,IN-SERVICE,NON-LIQUID,252.5,
2026-08-13T00:25:00+08:00,COLLIE_BESS2,75.0,367.0,7,42e84abf-eed0-4603-a092-174932b7bd5e,IN-SERVICE,NON-LIQUID,370.67,
2026-08-13T00:25:00+08:00,COLLIE_BESS2,0.0,429.27,8,42e84abf-eed0-4603-a092-174932b7bd5e,IN-SERVICE,NON-LIQUID,433.56,
2026-08-13T00:25:00+08:00,COLLIE_BESS2,150.0,622.0,9,42e84abf-eed0-4603-a092-174932b7bd5e,IN-SERVICE,NON-LIQUID,628.22,
2026-08-13T00:25:00+08:00,COLLIE_BESS2,0.0,1188.12,10,42e84abf-eed0-4603-a092-174932b7bd5e,IN-SERVICE,NON-LIQUID,1200.0,
2026-08-13T00:25:00+08:00,COLLIE_ESR4,-250.0,95.85,1,28e61ad5-2ddb-4084-acb7-efe95260aa67,IN-SERVICE,NOT APPLICABLE,95.79,0.0
2026-08-13T00:25:00+08:00,COLLIE_ESR4,250.0,111.64,2,28e61ad5-2ddb-4084-acb7-efe95260aa67,IN-SERVICE,NOT APPLICABLE,111.57,0.0
2026-08-13T00:25:00+08:00,COLLIE_ESR5,-250.0,96.27,1,02be52fc-3ea3-4dd3-b2d7-827dacb14786,IN-SERVICE,NOT APPLICABLE,96.21,0.0
2026-08-13T00:25:00+08:00,COLLIE_ESR5,250.0,111.53,2,02be52fc-3ea3-4dd3-b2d7-827dacb14786,IN-SERVICE,NOT APPLICABLE,111.46,0.0
2026-08-13T00:30:00+08:00,KWINANA_ESR1,-100.0,114.09,1,b072a78a-9e12-417f-a08d-6a4e4dc3aa4e,IN-SERVICE,NOT APPLICABLE,114.04,0.0
2026-08-13T00:30:00+08:00,KWINANA_ESR1,100.0,128.83,2,b072a78a-9e12-417f-a08d-6a4e4dc3aa4e,IN-SERVICE,NOT APPLICABLE,128.78,0.0
2026-08-13T00:30:00+08:00,COLLIE_ESR1,0.0,-1000.0,1,88a4540c-b7c5-42e0-be6d-c901b74a5938,IN-SERVICE,NON-LIQUID,-999.4,
2026-08-13T00:30:00+08:00,COLLIE_ESR1,-22.0,-42.46,2,88a4540c-b7c5-42e0-be6d-c901b74a5938,IN-SERVICE,NON-LIQUID,-42.43,
2026-08-13T00:30:00+08:00,COLLIE_ESR1,-23.0,-10.0,3,88a4540c-b7c5-42e0-be6d-c901b74a5938,IN-SERVICE,NON-LIQUID,-9.99,
2026-08-13T00:30:00+08:00,COLLIE_ESR1,0.0,34.02,4,88a4540c-b7c5-42e0-be6d-c901b74a5938,IN-SERVICE,NON-LIQUID,34.0,
2026-08-13T00:30:00+08:00,COLLIE_ESR1,-155.0,116.1,5,88a4540c-b7c5-42e0-be6d-c901b74a5938,IN-SERVICE,NON-LIQUID,116.03,
2026-08-13T00:30:00+08:00,COLLIE_ESR1,50.0,250.0,6,88a4540c-b7c5-42e0-be6d-c901b74a5938,IN-SERVICE,NON-LIQUID,249.85,
2026-08-13T00:30:00+08:00,COLLIE_ESR1,100.0,367.0,7,88a4540c-b7c5-42e0-be6d-c901b74a5938,IN-SERVICE,NON-LIQUID,366.78,
2026-08-13T00:30:00+08:00,COLLIE_ESR1,50.0,622.0,8,88a4540c-b7c5-42e0-be6d-c901b74a5938,IN-SERVICE,NON-LIQUID,621.63,
2026-08-13T00:30:00+08:00,COLLIE_ESR1,0.0,1199.9,9,88a4540c-b7c5-42e0-be6d-c901b74a5938,IN-SERVICE,NON-LIQUID,1199.18,
2026-08-13T00:30:00+08:00,COLLIE_ESR1,0.0,1200.0,10,88a4540c-b7c5-42e0-be6d-c901b74a5938,IN-SERVICE,NON-LIQUID,1199.28,
2026-08-13T00:30:00+08:00,KWINANA_ESR2,-225.0,98.66,1,d00beb87-a5da-464a-bff5-d573ca9ae89d,IN-SERVICE,NOT APPLICABLE,98.56,0.0
2026-08-13T00:30:00+08:00,KWINANA_ESR2,180.756,113.66,2,d00beb87-a5da-464a-bff5-d573ca9ae89d,IN-SERVICE,NOT APPLICABLE,113.55,0.0
2026-08-13T00:30:00+08:00,KWINANA_ESR2,44.244,121.53,3,d00beb87-a5da-464a-bff5-d573ca9ae89d,IN-SERVICE,NOT APPLICABLE,121.41,0.0
2026-08-13T00:30:00+08:00,COLLIE_BESS2,0.0,-990.1,1,7d7804cf-08c4-4072-b613-15dbef9406d7,IN-SERVICE,NON-LIQUID,-1000.0,
2026-08-13T00:30:00+08:00,COLLIE_BESS2,-47.0,-42.46,2,7d7804cf-08c4-4072-b613-15dbef9406d7,IN-SERVICE,NON-LIQUID,-42.88,
2026-08-13T00:30:00+08:00,COLLIE_BESS2,-47.0,-10.0,3,7d7804cf-08c4-4072-b613-15dbef9406d7,IN-SERVICE,NON-LIQUID,-10.1,
2026-08-13T00:30:00+08:00,COLLIE_BESS2,0.0,34.02,4,7d7804cf-08c4-4072-b613-15dbef9406d7,IN-SERVICE,NON-LIQUID,34.36,
2026-08-13T00:30:00+08:00,COLLIE_BESS2,-206.0,110.43,5,7d7804cf-08c4-4072-b613-15dbef9406d7,IN-SERVICE,NON-LIQUID,111.53,
2026-08-13T00:30:00+08:00,COLLIE_BESS2,75.0,250.0,6,7d7804cf-08c4-4072-b613-15dbef9406d7,IN-SERVICE,NON-LIQUID,252.5,
2026-08-13T00:30:00+08:00,COLLIE_BESS2,75.0,367.0,7,7d7804cf-08c4-4072-b613-15dbef9406d7,IN-SERVICE,NON-LIQUID,370.67,
2026-08-13T00:30:00+08:00,COLLIE_BESS2,150.0,622.0,8,7d7804cf-08c4-4072-b613-15dbef9406d7,IN-SERVICE,NON-LIQUID,628.22,
2026-08-13T00:30:00+08:00,COLLIE_BESS2,0.0,1188.12,9,7d7804cf-08c4-4072-b613-15dbef9406d7,IN-SERVICE,NON-LIQUID,1200.0,
2026-08-13T00:30:00+08:00,COLLIE_BESS2,0.0,1188.12,10,7d7804cf-08c4-4072-b613-15dbef9406d7,IN-SERVICE,NON-LIQUID,1200.0,
2026-08-13T00:30:00+08:00,COLLIE_ESR4,-250.0,95.85,1,28e61ad5-2ddb-4084-acb7-efe95260aa67,IN-SERVICE,NOT APPLICABLE,95.79,0.0
2026-08-13T00:30:00+08:00,COLLIE_ESR4,250.0,111.64,2,28e61ad5-2ddb-4084-acb7-efe95260aa67,IN-SERVICE,NOT APPLICABLE,111.57,0.0
2026-08-13T00:30:00+08:00,COLLIE_ESR5,-250.0,95.96,1,02be52fc-3ea3-4dd3-b2d7-827dacb14786,IN-SERVICE,NOT APPLICABLE,95.9,0.0
2026-08-13T00:30:00+08:00,COLLIE_ESR5,250.0,111.53,2,02be52fc-3ea3-4dd3-b2d7-827dacb14786,IN-SERVICE,NOT APPLICABLE,111.46,0.0
2026-08-13T00:35:00+08:00,KWINANA_ESR1,-100.0,119.22,1,9477a92b-ea28-4a11-9e7e-712972d1a6cc,IN-SERVICE,NOT APPLICABLE,119.17,0.0
2026-08-13T00:35:00+08:00,KWINANA_ESR1,100.0,133.96,2,9477a92b-ea28-4a11-9e7e-712972d1a6cc,IN-SERVICE,NOT APPLICABLE,133.91,0.0
2026-08-13T00:35:00+08:00,COLLIE_ESR1,0.0,-1000.0,1,72138837-a8ac-4732-97e6-a17b74c3583a,IN-SERVICE,NON-LIQUID,-999.4,
2026-08-13T00:35:00+08:00,COLLIE_ESR1,-21.0,-42.46,2,72138837-a8ac-4732-97e6-a17b74c3583a,IN-SERVICE,NON-LIQUID,-42.43,
2026-08-13T00:35:00+08:00,COLLIE_ESR1,-22.0,-10.0,3,72138837-a8ac-4732-97e6-a17b74c3583a,IN-SERVICE,NON-LIQUID,-9.99,
2026-08-13T00:35:00+08:00,COLLIE_ESR1,0.0,34.02,4,72138837-a8ac-4732-97e6-a17b74c3583a,IN-SERVICE,NON-LIQUID,34.0,
2026-08-13T00:35:00+08:00,COLLIE_ESR1,-157.0,111.94,5,72138837-a8ac-4732-97e6-a17b74c3583a,IN-SERVICE,NON-LIQUID,111.87,
2026-08-13T00:35:00+08:00,COLLIE_ESR1,50.0,250.0,6,72138837-a8ac-4732-97e6-a17b74c3583a,IN-SERVICE,NON-LIQUID,249.85,
2026-08-13T00:35:00+08:00,COLLIE_ESR1,100.0,367.0,7,72138837-a8ac-4732-97e6-a17b74c3583a,IN-SERVICE,NON-LIQUID,366.78,
2026-08-13T00:35:00+08:00,COLLIE_ESR1,50.0,622.0,8,72138837-a8ac-4732-97e6-a17b74c3583a,IN-SERVICE,NON-LIQUID,621.63,
2026-08-13T00:35:00+08:00,COLLIE_ESR1,0.0,1199.9,9,72138837-a8ac-4732-97e6-a17b74c3583a,IN-SERVICE,NON-LIQUID,1199.18,
2026-08-13T00:35:00+08:00,COLLIE_ESR1,0.0,1200.0,10,72138837-a8ac-4732-97e6-a17b74c3583a,IN-SERVICE,NON-LIQUID,1199.28,
2026-08-13T00:35:00+08:00,KWINANA_ESR2,-225.0,126.57,1,00f3373d-db44-4dac-a3fc-3c38483807c1,IN-SERVICE,NOT APPLICABLE,126.44,0.0
2026-08-13T00:35:00+08:00,KWINANA_ESR2,225.0,141.57,2,00f3373d-db44-4dac-a3fc-3c38483807c1,IN-SERVICE,NOT APPLICABLE,141.43,0.0
2026-08-13T00:35:00+08:00,COLLIE_BESS2,0.0,-990.1,1,66ce1939-1276-49eb-8c9d-b95acd9a5acf,IN-SERVICE,NON-LIQUID,-1000.0,
2026-08-13T00:35:00+08:00,COLLIE_BESS2,-45.0,-42.46,2,66ce1939-1276-49eb-8c9d-b95acd9a5acf,IN-SERVICE,NON-LIQUID,-42.88,
2026-08-13T00:35:00+08:00,COLLIE_BESS2,-46.0,-10.0,3,66ce1939-1276-49eb-8c9d-b95acd9a5acf,IN-SERVICE,NON-LIQUID,-10.1,
2026-08-13T00:35:00+08:00,COLLIE_BESS2,0.0,34.02,4,66ce1939-1276-49eb-8c9d-b95acd9a5acf,IN-SERVICE,NON-LIQUID,34.36,
2026-08-13T00:35:00+08:00,COLLIE_BESS2,-209.0,111.94,5,66ce1939-1276-49eb-8c9d-b95acd9a5acf,IN-SERVICE,NON-LIQUID,113.06,
2026-08-13T00:35:00+08:00,COLLIE_BESS2,75.0,250.0,6,66ce1939-1276-49eb-8c9d-b95acd9a5acf,IN-SERVICE,NON-LIQUID,252.5,
2026-08-13T00:35:00+08:00,COLLIE_BESS2,75.0,367.0,7,66ce1939-1276-49eb-8c9d-b95acd9a5acf,IN-SERVICE,NON-LIQUID,370.67,
2026-08-13T00:35:00+08:00,COLLIE_BESS2,150.0,622.0,8,66ce1939-1276-49eb-8c9d-b95acd9a5acf,IN-SERVICE,NON-LIQUID,628.22,
2026-08-13T00:35:00+08:00,COLLIE_BESS2,0.0,1188.12,9,66ce1939-1276-49eb-8c9d-b95acd9a5acf,IN-SERVICE,NON-LIQUID,1200.0,
2026-08-13T00:35:00+08:00,COLLIE_BESS2,0.0,1188.12,10,66ce1939-1276-49eb-8c9d-b95acd9a5acf,IN-SERVICE,NON-LIQUID,1200.0,
2026-08-13T00:35:00+08:00,COLLIE_ESR4,-250.0,125.77,1,bdae99a3-2484-464f-b48d-1d4decffd8ca,IN-SERVICE,NOT APPLICABLE,125.69,0.0
2026-08-13T00:35:00+08:00,COLLIE_ESR4,250.0,141.25,2,bdae99a3-2484-464f-b48d-1d4decffd8ca,IN-SERVICE,NOT APPLICABLE,141.17,0.0
2026-08-13T00:35:00+08:00,COLLIE_ESR5,-250.0,125.88,1,c334c753-efc4-4c75-9075-2768497c3ca7,IN-SERVICE,NOT APPLICABLE,125.8,0.0
2026-08-13T00:35:00+08:00,COLLIE_ESR5,250.0,141.14,2,c334c753-efc4-4c75-9075-2768497c3ca7,IN-SERVICE,NOT APPLICABLE,141.06,0.0
2026-08-13T00:40:00+08:00,KWINANA_ESR1,-100.0,119.22,1,9477a92b-ea28-4a11-9e7e-712972d1a6cc,IN-SERVICE,NOT APPLICABLE,119.17,0.0
2026-08-13T00:40:00+08:00,KWINANA_ESR1,100.0,133.96,2,9477a92b-ea28-4a11-9e7e-712972d1a6cc,IN-SERVICE,NOT APPLICABLE,133.91,0.0
2026-08-13T00:40:00+08:00,COLLIE_ESR1,0.0,-1000.0,1,109a2ec4-6e18-4795-9006-fc00c89f8011,IN-SERVICE,NON-LIQUID,-999.4,
2026-08-13T00:40:00+08:00,COLLIE_ESR1,-21.0,-42.46,2,109a2ec4-6e18-4795-9006-fc00c89f8011,IN-SERVICE,NON-LIQUID,-42.43,
2026-08-13T00:40:00+08:00,COLLIE_ESR1,-22.0,-10.0,3,109a2ec4-6e18-4795-9006-fc00c89f8011,IN-SERVICE,NON-LIQUID,-9.99,
2026-08-13T00:40:00+08:00,COLLIE_ESR1,0.0,34.02,4,109a2ec4-6e18-4795-9006-fc00c89f8011,IN-SERVICE,NON-LIQUID,34.0,
2026-08-13T00:40:00+08:00,COLLIE_ESR1,-157.0,118.83,5,109a2ec4-6e18-4795-9006-fc00c89f8011,IN-SERVICE,NON-LIQUID,118.76,
2026-08-13T00:40:00+08:00,COLLIE_ESR1,50.0,250.0,6,109a2ec4-6e18-4795-9006-fc00c89f8011,IN-SERVICE,NON-LIQUID,249.85,
2026-08-13T00:40:00+08:00,COLLIE_ESR1,100.0,367.0,7,109a2ec4-6e18-4795-9006-fc00c89f8011,IN-SERVICE,NON-LIQUID,366.78,
2026-08-13T00:40:00+08:00,COLLIE_ESR1,50.0,622.0,8,109a2ec4-6e18-4795-9006-fc00c89f8011,IN-SERVICE,NON-LIQUID,621.63,
2026-08-13T00:40:00+08:00,COLLIE_ESR1,0.0,1199.9,9,109a2ec4-6e18-4795-9006-fc00c89f8011,IN-SERVICE,NON-LIQUID,1199.18,
2026-08-13T00:40:00+08:00,COLLIE_ESR1,0.0,1200.0,10,109a2ec4-6e18-4795-9006-fc00c89f8011,IN-SERVICE,NON-LIQUID,1199.28,
2026-08-13T00:40:00+08:00,KWINANA_ESR2,-225.0,126.06,1,00f3373d-db44-4dac-a3fc-3c38483807c1,IN-SERVICE,NOT APPLICABLE,125.93,0.0
2026-08-13T00:40:00+08:00,KWINANA_ESR2,225.0,141.06,2,00f3373d-db44-4dac-a3fc-3c38483807c1,IN-SERVICE,NOT APPLICABLE,140.92,0.0
2026-08-13T00:40:00+08:00,COLLIE_BESS2,0.0,-990.1,1,a8fc7f90-7e2b-4a79-9879-21eb63f3e11e,IN-SERVICE,NON-LIQUID,-1000.0,
2026-08-13T00:40:00+08:00,COLLIE_BESS2,-45.0,-42.46,2,a8fc7f90-7e2b-4a79-9879-21eb63f3e11e,IN-SERVICE,NON-LIQUID,-42.88,
2026-08-13T00:40:00+08:00,COLLIE_BESS2,-46.0,-10.0,3,a8fc7f90-7e2b-4a79-9879-21eb63f3e11e,IN-SERVICE,NON-LIQUID,-10.1,
2026-08-13T00:40:00+08:00,COLLIE_BESS2,0.0,34.02,4,a8fc7f90-7e2b-4a79-9879-21eb63f3e11e,IN-SERVICE,NON-LIQUID,34.36,
2026-08-13T00:40:00+08:00,COLLIE_BESS2,-209.0,111.07,5,a8fc7f90-7e2b-4a79-9879-21eb63f3e11e,IN-SERVICE,NON-LIQUID,112.18,
2026-08-13T00:40:00+08:00,COLLIE_BESS2,75.0,250.0,6,a8fc7f90-7e2b-4a79-9879-21eb63f3e11e,IN-SERVICE,NON-LIQUID,252.5,
2026-08-13T00:40:00+08:00,COLLIE_BESS2,75.0,367.0,7,a8fc7f90-7e2b-4a79-9879-21eb63f3e11e,IN-SERVICE,NON-LIQUID,370.67,
2026-08-13T00:40:00+08:00,COLLIE_BESS2,150.0,622.0,8,a8fc7f90-7e2b-4a79-9879-21eb63f3e11e,IN-SERVICE,NON-LIQUID,628.22,
2026-08-13T00:40:00+08:00,COLLIE_BESS2,0.0,1188.12,9,a8fc7f90-7e2b-4a79-9879-21eb63f3e11e,IN-SERVICE,NON-LIQUID,1200.0,
2026-08-13T00:40:00+08:00,COLLIE_BESS2,0.0,1188.12,10,a8fc7f90-7e2b-4a79-9879-21eb63f3e11e,IN-SERVICE,NON-LIQUID,1200.0,
2026-08-13T00:40:00+08:00,COLLIE_ESR4,-250.0,125.77,1,bdae99a3-2484-464f-b48d-1d4decffd8ca,IN-SERVICE,NOT APPLICABLE,125.69,0.0
2026-08-13T00:40:00+08:00,COLLIE_ESR4,250.0,141.25,2,bdae99a3-2484-464f-b48d-1d4decffd8ca,IN-SERVICE,NOT APPLICABLE,141.17,0.0
2026-08-13T00:40:00+08:00,COLLIE_ESR5,-250.0,125.88,1,c334c753-efc4-4c75-9075-2768497c3ca7,IN-SERVICE,NOT APPLICABLE,125.8,0.0
2026-08-13T00:40:00+08:00,COLLIE_ESR5,250.0,141.14,2,c334c753-efc4-4c75-9075-2768497c3ca7,IN-SERVICE,NOT APPLICABLE,141.06,0.0
2026-08-13T00:45:00+08:00,KWINANA_ESR1,-100.0,119.22,1,9477a92b-ea28-4a11-9e7e-712972d1a6cc,IN-SERVICE,NOT APPLICABLE,119.17,0.0
2026-08-13T00:45:00+08:00,KWINANA_ESR1,100.0,133.96,2,9477a92b-ea28-4a11-9e7e-712972d1a6cc,IN-SERVICE,NOT APPLICABLE,133.91,0.0
2026-08-13T00:45:00+08:00,COLLIE_ESR1,0.0,-1000.0,1,adbc461a-9b49-4c6a-8d9c-ba4541ec7f83,IN-SERVICE,NON-LIQUID,-999.4,
2026-08-13T00:45:00+08:00,COLLIE_ESR1,-100.0,-42.46,2,adbc461a-9b49-4c6a-8d9c-ba4541ec7f83,IN-SERVICE,NON-LIQUID,-42.43,
2026-08-13T00:45:00+08:00,COLLIE_ESR1,-100.0,-10.0,3,adbc461a-9b49-4c6a-8d9c-ba4541ec7f83,IN-SERVICE,NON-LIQUID,-9.99,
2026-08-13T00:45:00+08:00,COLLIE_ESR1,0.0,34.02,4,adbc461a-9b49-4c6a-8d9c-ba4541ec7f83,IN-SERVICE,NON-LIQUID,34.0,
2026-08-13T00:45:00+08:00,COLLIE_ESR1,0.0,60.0,5,adbc461a-9b49-4c6a-8d9c-ba4541ec7f83,IN-SERVICE,NON-LIQUID,59.96,
2026-08-13T00:45:00+08:00,COLLIE_ESR1,50.0,250.0,6,adbc461a-9b49-4c6a-8d9c-ba4541ec7f83,IN-SERVICE,NON-LIQUID,249.85,
2026-08-13T00:45:00+08:00,COLLIE_ESR1,100.0,367.0,7,adbc461a-9b49-4c6a-8d9c-ba4541ec7f83,IN-SERVICE,NON-LIQUID,366.78,
2026-08-13T00:45:00+08:00,COLLIE_ESR1,50.0,622.0,8,adbc461a-9b49-4c6a-8d9c-ba4541ec7f83,IN-SERVICE,NON-LIQUID,621.63,
2026-08-13T00:45:00+08:00,COLLIE_ESR1,0.0,1199.9,9,adbc461a-9b49-4c6a-8d9c-ba4541ec7f83,IN-SERVICE,NON-LIQUID,1199.18,
2026-08-13T00:45:00+08:00,COLLIE_ESR1,0.0,1200.0,10,adbc461a-9b49-4c6a-8d9c-ba4541ec7f83,IN-SERVICE,NON-LIQUID,1199.28,
2026-08-13T00:45:00+08:00,KWINANA_ESR2,-225.0,126.06,1,00f3373d-db44-4dac-a3fc-3c38483807c1,IN-SERVICE,NOT APPLICABLE,125.93,0.0
2026-08-13T00:45:00+08:00,KWINANA_ESR2,225.0,141.06,2,00f3373d-db44-4dac-a3fc-3c38483807c1,IN-SERVICE,NOT APPLICABLE,140.92,0.0
2026-08-13T00:45:00+08:00,COLLIE_BESS2,0.0,-990.1,1,b22faea5-b861-4a29-8345-451550806ffa,IN-SERVICE,NON-LIQUID,-1000.0,
2026-08-13T00:45:00+08:00,COLLIE_BESS2,-150.0,-42.46,2,b22faea5-b861-4a29-8345-451550806ffa,IN-SERVICE,NON-LIQUID,-42.88,
2026-08-13T00:45:00+08:00,COLLIE_BESS2,-150.0,-10.0,3,b22faea5-b861-4a29-8345-451550806ffa,IN-SERVICE,NON-LIQUID,-10.1,
2026-08-13T00:45:00+08:00,COLLIE_BESS2,0.0,34.02,4,b22faea5-b861-4a29-8345-451550806ffa,IN-SERVICE,NON-LIQUID,34.36,
2026-08-13T00:45:00+08:00,COLLIE_BESS2,0.0,60.0,5,b22faea5-b861-4a29-8345-451550806ffa,IN-SERVICE,NON-LIQUID,60.6,
2026-08-13T00:45:00+08:00,COLLIE_BESS2,75.0,250.0,6,b22faea5-b861-4a29-8345-451550806ffa,IN-SERVICE,NON-LIQUID,252.5,
2026-08-13T00:45:00+08:00,COLLIE_BESS2,75.0,367.0,7,b22faea5-b861-4a29-8345-451550806ffa,IN-SERVICE,NON-LIQUID,370.67,
2026-08-13T00:45:00+08:00,COLLIE_BESS2,150.0,622.0,8,b22faea5-b861-4a29-8345-451550806ffa,IN-SERVICE,NON-LIQUID,628.22,
2026-08-13T00:45:00+08:00,COLLIE_BESS2,0.0,1188.12,9,b22faea5-b861-4a29-8345-451550806ffa,IN-SERVICE,NON-LIQUID,1200.0,
2026-08-13T00:45:00+08:00,COLLIE_BESS2,0.0,1188.12,10,b22faea5-b861-4a29-8345-451550806ffa,IN-SERVICE,NON-LIQUID,1200.0,
2026-08-13T00:45:00+08:00,COLLIE_ESR4,-250.0,125.77,1,bdae99a3-2484-464f-b48d-1d4decffd8ca,IN-SERVICE,NOT APPLICABLE,125.69,0.0
2026-08-13T00:45:00+08:00,COLLIE_ESR4,250.0,141.25,2,bdae99a3-2484-464f-b48d-1d4decffd8ca,IN-SERVICE,NOT APPLICABLE,141.17,0.0
2026-08-13T00:45:00+08:00,COLLIE_ESR5,-250.0,125.88,1,c334c753-efc4-4c75-9075-2768497c3ca7,IN-SERVICE,NOT APPLICABLE,125.8,0.0
2026-08-13T00:45:00+08:00,COLLIE_ESR5,250.0,141.14,2,c334c753-efc4-4c75-9075-2768497c3ca7,IN-SERVICE,NOT APPLICABLE,141.06,0.0
2026-08-13T00:50:00+08:00,KWINANA_ESR1,-100.0,119.22,1,dbb6818b-877e-4c21-bb07-6a3a5e80d857,IN-SERVICE,NOT APPLICABLE,119.17,0.0
2026-08-13T00:50:00+08:00,KWINANA_ESR1,100.0,133.96,2,dbb6818b-877e-4c21-bb07-6a3a5e80d857,IN-SERVICE,NOT APPLICABLE,133.91,0.0
2026-08-13T00:50:00+08:00,COLLIE_ESR1,0.0,-1000.0,1,3fc602d4-2892-426a-a85e-200e0eb0382c,IN-SERVICE,NON-LIQUID,-999.4,
2026-08-13T00:50:00+08:00,COLLIE_ESR1,-100.0,-42.46,2,3fc602d4-2892-426a-a85e-200e0eb0382c,IN-SERVICE,NON-LIQUID,-42.43,
2026-08-13T00:50:00+08:00,COLLIE_ESR1,-100.0,-10.0,3,3fc602d4-2892-426a-a85e-200e0eb0382c,IN-SERVICE,NON-LIQUID,-9.99,
2026-08-13T00:50:00+08:00,COLLIE_ESR1,0.0,34.02,4,3fc602d4-2892-426a-a85e-200e0eb0382c,IN-SERVICE,NON-LIQUID,34.0,
2026-08-13T00:50:00+08:00,COLLIE_ESR1,0.0,60.0,5,3fc602d4-2892-426a-a85e-200e0eb0382c,IN-SERVICE,NON-LIQUID,59.96,
2026-08-13T00:50:00+08:00,COLLIE_ESR1,50.0,250.0,6,3fc602d4-2892-426a-a85e-200e0eb0382c,IN-SERVICE,NON-LIQUID,249.85,
2026-08-13T00:50:00+08:00,COLLIE_ESR1,100.0,367.0,7,3fc602d4-2892-426a-a85e-200e0eb0382c,IN-SERVICE,NON-LIQUID,366.78,
2026-08-13T00:50:00+08:00,COLLIE_ESR1,50.0,622.0,8,3fc602d4-2892-426a-a85e-200e0eb0382c,IN-SERVICE,NON-LIQUID,621.63,
2026-08-13T00:50:00+08:00,COLLIE_ESR1,0.0,1199.9,9,3fc602d4-2892-426a-a85e-200e0eb0382c,IN-SERVICE,NON-LIQUID,1199.18,
2026-08-13T00:50:00+08:00,COLLIE_ESR1,0.0,1200.0,10,3fc602d4-2892-426a-a85e-200e0eb0382c,IN-SERVICE,NON-LIQUID,1199.28,
2026-08-13T00:50:00+08:00,KWINANA_ESR2,-225.0,126.06,1,ede3b542-9a53-4e0c-9f5c-c617479dc602,IN-SERVICE,NOT APPLICABLE,125.93,0.0
2026-08-13T00:50:00+08:00,KWINANA_ESR2,225.0,141.06,2,ede3b542-9a53-4e0c-9f5c-c617479dc602,IN-SERVICE,NOT APPLICABLE,140.92,0.0
2026-08-13T00:50:00+08:00,COLLIE_BESS2,0.0,-990.1,1,eb216f44-ec13-4ab6-86f6-32e7a2e27234,IN-SERVICE,NON-LIQUID,-1000.0,
2026-08-13T00:50:00+08:00,COLLIE_BESS2,-150.0,-42.46,2,eb216f44-ec13-4ab6-86f6-32e7a2e27234,IN-SERVICE,NON-LIQUID,-42.88,
2026-08-13T00:50:00+08:00,COLLIE_BESS2,-150.0,-10.0,3,eb216f44-ec13-4ab6-86f6-32e7a2e27234,IN-SERVICE,NON-LIQUID,-10.1,
2026-08-13T00:50:00+08:00,COLLIE_BESS2,0.0,34.02,4,eb216f44-ec13-4ab6-86f6-32e7a2e27234,IN-SERVICE,NON-LIQUID,34.36,
2026-08-13T00:50:00+08:00,COLLIE_BESS2,0.0,60.0,5,eb216f44-ec13-4ab6-86f6-32e7a2e27234,IN-SERVICE,NON-LIQUID,60.6,
2026-08-13T00:50:00+08:00,COLLIE_BESS2,75.0,250.0,6,eb216f44-ec13-4ab6-86f6-32e7a2e27234,IN-SERVICE,NON-LIQUID,252.5,
2026-08-13T00:50:00+08:00,COLLIE_BESS2,75.0,367.0,7,eb216f44-ec13-4ab6-86f6-32e7a2e27234,IN-SERVICE,NON-LIQUID,370.67,
2026-08-13T00:50:00+08:00,COLLIE_BESS2,150.0,622.0,8,eb216f44-ec13-4ab6-86f6-32e7a2e27234,IN-SERVICE,NON-LIQUID,628.22,
2026-08-13T00:50:00+08:00,COLLIE_BESS2,0.0,1188.12,9,eb216f44-ec13-4ab6-86f6-32e7a2e27234,IN-SERVICE,NON-LIQUID,1200.0,
2026-08-13T00:50:00+08:00,COLLIE_BESS2,0.0,1188.12,10,eb216f44-ec13-4ab6-86f6-32e7a2e27234,IN-SERVICE,NON-LIQUID,1200.0,
2026-08-13T00:50:00+08:00,COLLIE_ESR4,-250.0,125.77,1,56f9d42e-804a-41ea-8e4e-801b9a6e943d,IN-SERVICE,NOT APPLICABLE,125.69,0.0
2026-08-13T00:50:00+08:00,COLLIE_ESR4,250.0,141.25,2,56f9d42e-804a-41ea-8e4e-801b9a6e943d,IN-SERVICE,NOT APPLICABLE,141.17,0.0
2026-08-13T00:50:00+08:00,COLLIE_ESR5,-250.0,125.88,1,8b5b758b-5258-4648-9e44-2cfa3a3dc297,IN-SERVICE,NOT APPLICABLE,125.8,0.0
2026-08-13T00:50:00+08:00,COLLIE_ESR5,250.0,141.14,2,8b5b758b-5258-4648-9e44-2cfa3a3dc297,IN-SERVICE,NOT APPLICABLE,141.06,0.0
2026-08-13T00:55:00+08:00,KWINANA_ESR1,-100.0,119.22,1,dbb6818b-877e-4c21-bb07-6a3a5e80d857,IN-SERVICE,NOT APPLICABLE,119.17,0.0
2026-08-13T00:55:00+08:00,KWINANA_ESR1,100.0,133.96,2,dbb6818b-877e-4c21-bb07-6a3a5e80d857,IN-SERVICE,NOT APPLICABLE,133.91,0.0
2026-08-13T00:55:00+08:00,COLLIE_ESR1,0.0,-1000.0,1,a248c24b-d49a-4897-87bb-be48c531e97f,IN-SERVICE,NON-LIQUID,-999.4,
2026-08-13T00:55:00+08:00,COLLIE_ESR1,-100.0,-42.46,2,a248c24b-d49a-4897-87bb-be48c531e97f,IN-SERVICE,NON-LIQUID,-42.43,
2026-08-13T00:55:00+08:00,COLLIE_ESR1,-100.0,-10.0,3,a248c24b-d49a-4897-87bb-be48c531e97f,IN-SERVICE,NON-LIQUID,-9.99,
2026-08-13T00:55:00+08:00,COLLIE_ESR1,0.0,34.02,4,a248c24b-d49a-4897-87bb-be48c531e97f,IN-SERVICE,NON-LIQUID,34.0,
2026-08-13T00:55:00+08:00,COLLIE_ESR1,0.0,60.0,5,a248c24b-d49a-4897-87bb-be48c531e97f,IN-SERVICE,NON-LIQUID,59.96,
2026-08-13T00:55:00+08:00,COLLIE_ESR1,50.0,250.0,6,a248c24b-d49a-4897-87bb-be48c531e97f,IN-SERVICE,NON-LIQUID,249.85,
2026-08-13T00:55:00+08:00,COLLIE_ESR1,100.0,367.0,7,a248c24b-d49a-4897-87bb-be48c531e97f,IN-SERVICE,NON-LIQUID,366.78,
2026-08-13T00:55:00+08:00,COLLIE_ESR1,50.0,622.0,8,a248c24b-d49a-4897-87bb-be48c531e97f,IN-SERVICE,NON-LIQUID,621.63,
2026-08-13T00:55:00+08:00,COLLIE_ESR1,0.0,1199.9,9,a248c24b-d49a-4897-87bb-be48c531e97f,IN-SERVICE,NON-LIQUID,1199.18,
2026-08-13T00:55:00+08:00,COLLIE_ESR1,0.0,1200.0,10,a248c24b-d49a-4897-87bb-be48c531e97f,IN-SERVICE,NON-LIQUID,1199.28,
2026-08-13T00:55:00+08:00,KWINANA_ESR2,-225.0,126.06,1,ede3b542-9a53-4e0c-9f5c-c617479dc602,IN-SERVICE,NOT APPLICABLE,125.93,0.0
2026-08-13T00:55:00+08:00,KWINANA_ESR2,225.0,141.06,2,ede3b542-9a53-4e0c-9f5c-c617479dc602,IN-SERVICE,NOT APPLICABLE,140.92,0.0
2026-08-13T00:55:00+08:00,COLLIE_BESS2,0.0,-990.1,1,2a34d06d-2b5b-4b27-a721-9c15ac922dbc,IN-SERVICE,NON-LIQUID,-1000.0,
2026-08-13T00:55:00+08:00,COLLIE_BESS2,-150.0,-42.46,2,2a34d06d-2b5b-4b27-a721-9c15ac922dbc,IN-SERVICE,NON-LIQUID,-42.88,
2026-08-13T00:55:00+08:00,COLLIE_BESS2,-150.0,-10.0,3,2a34d06d-2b5b-4b27-a721-9c15ac922dbc,IN-SERVICE,NON-LIQUID,-10.1,
2026-08-13T00:55:00+08:00,COLLIE_BESS2,0.0,34.02,4,2a34d06d-2b5b-4b27-a721-9c15ac922dbc,IN-SERVICE,NON-LIQUID,34.36,
2026-08-13T00:55:00+08:00,COLLIE_BESS2,0.0,60.0,5,2a34d06d-2b5b-4b27-a721-9c15ac922dbc,IN-SERVICE,NON-LIQUID,60.6,
2026-08-13T00:55:00+08:00,COLLIE_BESS2,75.0,250.0,6,2a34d06d-2b5b-4b27-a721-9c15ac922dbc,IN-SERVICE,NON-LIQUID,252.5,
2026-08-13T00:55:00+08:00,COLLIE_BESS2,75.0,367.0,7,2a34d06d-2b5b-4b27-a721-9c15ac922dbc,IN-SERVICE,NON-LIQUID,370.67,
2026-08-13T00:55:00+08:00,COLLIE_BESS2,150.0,622.0,8,2a34d06d-2b5b-4b27-a721-9c15ac922dbc,IN-SERVICE,NON-LIQUID,628.22,
2026-08-13T00:55:00+08:00,COLLIE_BESS2,0.0,1188.12,9,2a34d06d-2b5b-4b27-a721-9c15ac922dbc,IN-SERVICE,NON-LIQUID,1200.0,
2026-08-13T00:55:00+08:00,COLLIE_BESS2,0.0,1188.12,10,2a34d06d-2b5b-4b27-a721-9c15ac922dbc,IN-SERVICE,NON-LIQUID,1200.0,
2026-08-13T00:55:00+08:00,COLLIE_ESR4,-250.0,125.77,1,56f9d42e-804a-41ea-8e4e-801b9a6e943d,IN-SERVICE,NOT APPLICABLE,125.69,0.0
2026-08-13T00:55:00+08:00,COLLIE_ESR4,250.0,141.25,2,56f9d42e-804a-41ea-8e4e-801b9a6e943d,IN-SERVICE,NOT APPLICABLE,141.17,0.0
2026-08-13T00:55:00+08:00,COLLIE_ESR5,-250.0,125.88,1,8b5b758b-5258-4648-9e44-2cfa3a3dc297,IN-SERVICE,NOT APPLICABLE,125.8,0.0
2026-08-13T00:55:00+08:00,COLLIE_ESR5,250.0,141.14,2,8b5b758b-5258-4648-9e44-2cfa3a3dc297,IN-SERVICE,NOT APPLICABLE,141.06,0.0
2026-08-13T01:00:00+08:00,KWINANA_ESR1,-100.0,119.22,1,dbb6818b-877e-4c21-bb07-6a3a5e80d857,IN-SERVICE,NOT APPLICABLE,119.17,0.0
2026-08-13T01:00:00+08:00,KWINANA_ESR1,100.0,133.96,2,dbb6818b-877e-4c21-bb07-6a3a5e80d857,IN-SERVICE,NOT APPLICABLE,133.91,0.0
2026-08-13T01:00:00+08:00,COLLIE_ESR1,0.0,-1000.0,1,ad6ecf9b-087b-4dbc-bd40-3b3b26959f26,IN-SERVICE,NON-LIQUID,-999.4,
2026-08-13T01:00:00+08:00,COLLIE_ESR1,-100.0,-42.46,2,ad6ecf9b-087b-4dbc-bd40-3b3b26959f26,IN-SERVICE,NON-LIQUID,-42.43,
2026-08-13T01:00:00+08:00,COLLIE_ESR1,-100.0,-10.0,3,ad6ecf9b-087b-4dbc-bd40-3b3b26959f26,IN-SERVICE,NON-LIQUID,-9.99,
2026-08-13T01:00:00+08:00,COLLIE_ESR1,0.0,34.02,4,ad6ecf9b-087b-4dbc-bd40-3b3b26959f26,IN-SERVICE,NON-LIQUID,34.0,
2026-08-13T01:00:00+08:00,COLLIE_ESR1,0.0,60.0,5,ad6ecf9b-087b-4dbc-bd40-3b3b26959f26,IN-SERVICE,NON-LIQUID,59.96,
2026-08-13T01:00:00+08:00,COLLIE_ESR1,50.0,250.0,6,ad6ecf9b-087b-4dbc-bd40-3b3b26959f26,IN-SERVICE,NON-LIQUID,249.85,
2026-08-13T01:00:00+08:00,COLLIE_ESR1,100.0,367.0,7,ad6ecf9b-087b-4dbc-bd40-3b3b26959f26,IN-SERVICE,NON-LIQUID,366.78,
2026-08-13T01:00:00+08:00,COLLIE_ESR1,50.0,622.0,8,ad6ecf9b-087b-4dbc-bd40-3b3b26959f26,IN-SERVICE,NON-LIQUID,621.63,
2026-08-13T01:00:00+08:00,COLLIE_ESR1,0.0,1199.9,9,ad6ecf9b-087b-4dbc-bd40-3b3b26959f26,IN-SERVICE,NON-LIQUID,1199.18,
2026-08-13T01:00:00+08:00,COLLIE_ESR1,0.0,1200.0,10,ad6ecf9b-087b-4dbc-bd40-3b3b26959f26,IN-SERVICE,NON-LIQUID,1199.28,
2026-08-13T01:00:00+08:00,KWINANA_ESR2,-225.0,126.06,1,ede3b542-9a53-4e0c-9f5c-c617479dc602,IN-SERVICE,NOT APPLICABLE,125.93,0.0
2026-08-13T01:00:00+08:00,KWINANA_ESR2,225.0,141.06,2,ede3b542-9a53-4e0c-9f5c-c617479dc602,IN-SERVICE,NOT APPLICABLE,140.92,0.0
2026-08-13T01:00:00+08:00,COLLIE_BESS2,0.0,-990.1,1,dcb9312b-5f3a-4279-a81b-4e1ee7f259b1,IN-SERVICE,NON-LIQUID,-1000.0,
2026-08-13T01:00:00+08:00,COLLIE_BESS2,-150.0,-42.46,2,dcb9312b-5f3a-4279-a81b-4e1ee7f259b1,IN-SERVICE,NON-LIQUID,-42.88,
2026-08-13T01:00:00+08:00,COLLIE_BESS2,-150.0,-10.0,3,dcb9312b-5f3a-4279-a81b-4e1ee7f259b1,IN-SERVICE,NON-LIQUID,-10.1,
2026-08-13T01:00:00+08:00,COLLIE_BESS2,0.0,34.02,4,dcb9312b-5f3a-4279-a81b-4e1ee7f259b1,IN-SERVICE,NON-LIQUID,34.36,
2026-08-13T01:00:00+08:00,COLLIE_BESS2,0.0,60.0,5,dcb9312b-5f3a-4279-a81b-4e1ee7f259b1,IN-SERVICE,NON-LIQUID,60.6,
2026-08-13T01:00:00+08:00,COLLIE_BESS2,75.0,250.0,6,dcb9312b-5f3a-4279-a81b-4e1ee7f259b1,IN-SERVICE,NON-LIQUID,252.5,
2026-08-13T01:00:00+08:00,COLLIE_BESS2,75.0,367.0,7,dcb9312b-5f3a-4279-a81b-4e1ee7f259b1,IN-SERVICE,NON-LIQUID,370.67,
2026-08-13T01:00:00+08:00,COLLIE_BESS2,150.0,622.0,8,dcb9312b-5f3a-4279-a81b-4e1ee7f259b1,IN-SERVICE,NON-LIQUID,628.22,
2026-08-13T01:00:00+08:00,COLLIE_BESS2,0.0,1188.12,9,dcb9312b-5f3a-4279-a81b-4e1ee7f259b1,IN-SERVICE,NON-LIQUID,1200.0,
2026-08-13T01:00:00+08:00,COLLIE_BESS2,0.0,1188.12,10,dcb9312b-5f3a-4279-a81b-4e1ee7f259b1,IN-SERVICE,NON-LIQUID,1200.0,
2026-08-13T01:00:00+08:00,COLLIE_ESR4,-250.0,125.77,1,56f9d42e-804a-41ea-8e4e-801b9a6e943d,IN-SERVICE,NOT APPLICABLE,125.69,0.0
2026-08-13T01:00:00+08:00,COLLIE_ESR4,250.0,141.25,2,56f9d42e-804a-41ea-8e4e-801b9a6e943d,IN-SERVICE,NOT APPLICABLE,141.17,0.0
2026-08-13T01:00:00+08:00,COLLIE_ESR5,-250.0,125.88,1,8b5b758b-5258-4648-9e44-2cfa3a3dc297,IN-SERVICE,NOT APPLICABLE,125.8,0.0
2026-08-13T01:00:00+08:00,COLLIE_ESR5,250.0,141.14,2,8b5b758b-5258-4648-9e44-2cfa3a3dc297,IN-SERVICE,NOT APPLICABLE,141.06,0.0
2026-08-13T01:05:00+08:00,KWINANA_ESR1,-100.0,118.61,1,931c864c-51a1-4539-b099-87760c3ff198,IN-SERVICE,NOT APPLICABLE,118.56,0.0
2026-08-13T01:05:00+08:00,KWINANA_ESR1,100.0,133.35,2,931c864c-51a1-4539-b099-87760c3ff198,IN-SERVICE,NOT APPLICABLE,133.3,0.0
2026-08-13T01:05:00+08:00,COLLIE_ESR1,0.0,-1000.0,1,16214106-7824-470c-900e-f258d125f156,IN-SERVICE,NON-LIQUID,-999.4,
2026-08-13T01:05:00+08:00,COLLIE_ESR1,-100.0,-42.46,2,16214106-7824-470c-900e-f258d125f156,IN-SERVICE,NON-LIQUID,-42.43,
2026-08-13T01:05:00+08:00,COLLIE_ESR1,-100.0,-10.0,3,16214106-7824-470c-900e-f258d125f156,IN-SERVICE,NON-LIQUID,-9.99,
2026-08-13T01:05:00+08:00,COLLIE_ESR1,0.0,34.02,4,16214106-7824-470c-900e-f258d125f156,IN-SERVICE,NON-LIQUID,34.0,
2026-08-13T01:05:00+08:00,COLLIE_ESR1,0.0,51.0,5,16214106-7824-470c-900e-f258d125f156,IN-SERVICE,NON-LIQUID,50.97,
2026-08-13T01:05:00+08:00,COLLIE_ESR1,50.0,250.0,6,16214106-7824-470c-900e-f258d125f156,IN-SERVICE,NON-LIQUID,249.85,
2026-08-13T01:05:00+08:00,COLLIE_ESR1,100.0,367.0,7,16214106-7824-470c-900e-f258d125f156,IN-SERVICE,NON-LIQUID,366.78,
2026-08-13T01:05:00+08:00,COLLIE_ESR1,50.0,622.0,8,16214106-7824-470c-900e-f258d125f156,IN-SERVICE,NON-LIQUID,621.63,
2026-08-13T01:05:00+08:00,COLLIE_ESR1,0.0,1199.9,9,16214106-7824-470c-900e-f258d125f156,IN-SERVICE,NON-LIQUID,1199.18,
2026-08-13T01:05:00+08:00,COLLIE_ESR1,0.0,1200.0,10,16214106-7824-470c-900e-f258d125f156,IN-SERVICE,NON-LIQUID,1199.28,
2026-08-13T01:05:00+08:00,KWINANA_ESR2,-225.0,118.56,1,ccf0ae73-4aaf-4f54-8090-cb7054e0d309,IN-SERVICE,NOT APPLICABLE,118.44,0.0
2026-08-13T01:05:00+08:00,KWINANA_ESR2,225.0,133.56,2,ccf0ae73-4aaf-4f54-8090-cb7054e0d309,IN-SERVICE,NOT APPLICABLE,133.43,0.0
2026-08-13T01:05:00+08:00,COLLIE_BESS2,0.0,-990.1,1,4eaa262c-e10a-436a-850f-dfeaca94656a,IN-SERVICE,NON-LIQUID,-1000.0,
2026-08-13T01:05:00+08:00,COLLIE_BESS2,-150.0,-42.46,2,4eaa262c-e10a-436a-850f-dfeaca94656a,IN-SERVICE,NON-LIQUID,-42.88,
2026-08-13T01:05:00+08:00,COLLIE_BESS2,-150.0,-10.0,3,4eaa262c-e10a-436a-850f-dfeaca94656a,IN-SERVICE,NON-LIQUID,-10.1,
2026-08-13T01:05:00+08:00,COLLIE_BESS2,0.0,34.02,4,4eaa262c-e10a-436a-850f-dfeaca94656a,IN-SERVICE,NON-LIQUID,34.36,
2026-08-13T01:05:00+08:00,COLLIE_BESS2,0.0,51.0,5,4eaa262c-e10a-436a-850f-dfeaca94656a,IN-SERVICE,NON-LIQUID,51.51,
2026-08-13T01:05:00+08:00,COLLIE_BESS2,75.0,250.0,6,4eaa262c-e10a-436a-850f-dfeaca94656a,IN-SERVICE,NON-LIQUID,252.5,
2026-08-13T01:05:00+08:00,COLLIE_BESS2,75.0,367.0,7,4eaa262c-e10a-436a-850f-dfeaca94656a,IN-SERVICE,NON-LIQUID,370.67,
2026-08-13T01:05:00+08:00,COLLIE_BESS2,150.0,622.0,8,4eaa262c-e10a-436a-850f-dfeaca94656a,IN-SERVICE,NON-LIQUID,628.22,
2026-08-13T01:05:00+08:00,COLLIE_BESS2,0.0,1188.12,9,4eaa262c-e10a-436a-850f-dfeaca94656a,IN-SERVICE,NON-LIQUID,1200.0,
2026-08-13T01:05:00+08:00,COLLIE_BESS2,0.0,1188.12,10,4eaa262c-e10a-436a-850f-dfeaca94656a,IN-SERVICE,NON-LIQUID,1200.0,
2026-08-13T01:05:00+08:00,COLLIE_ESR4,-250.0,118.26,1,41e7d6a9-94e4-4f1c-8531-c0f2042b1213,IN-SERVICE,NOT APPLICABLE,118.19,0.0
2026-08-13T01:05:00+08:00,COLLIE_ESR4,250.0,133.75,2,41e7d6a9-94e4-4f1c-8531-c0f2042b1213,IN-SERVICE,NOT APPLICABLE,133.67,0.0
2026-08-13T01:05:00+08:00,COLLIE_ESR5,-250.0,118.37,1,ffde0e36-df73-433d-8896-d674d14e3f9e,IN-SERVICE,NOT APPLICABLE,118.3,0.0
2026-08-13T01:05:00+08:00,COLLIE_ESR5,250.0,133.64,2,ffde0e36-df73-433d-8896-d674d14e3f9e,IN-SERVICE,NOT APPLICABLE,133.56,0.0
2026-08-13T01:10:00+08:00,KWINANA_ESR1,-100.0,118.61,1,931c864c-51a1-4539-b099-87760c3ff198,IN-SERVICE,NOT APPLICABLE,118.56,0.0
2026-08-13T01:10:00+08:00,KWINANA_ESR1,100.0,133.35,2,931c864c-51a1-4539-b099-87760c3ff198,IN-SERVICE,NOT APPLICABLE,133.3,0.0
2026-08-13T01:10:00+08:00,COLLIE_ESR1,0.0,-1000.0,1,edde8d30-f1bf-4933-8c4a-9c1c3c674043,IN-SERVICE,NON-LIQUID,-999.4,
2026-08-13T01:10:00+08:00,COLLIE_ESR1,-100.0,-42.46,2,edde8d30-f1bf-4933-8c4a-9c1c3c674043,IN-SERVICE,NON-LIQUID,-42.43,
2026-08-13T01:10:00+08:00,COLLIE_ESR1,-100.0,-10.0,3,edde8d30-f1bf-4933-8c4a-9c1c3c674043,IN-SERVICE,NON-LIQUID,-9.99,
2026-08-13T01:10:00+08:00,COLLIE_ESR1,0.0,34.02,4,edde8d30-f1bf-4933-8c4a-9c1c3c674043,IN-SERVICE,NON-LIQUID,34.0,
2026-08-13T01:10:00+08:00,COLLIE_ESR1,0.0,51.0,5,edde8d30-f1bf-4933-8c4a-9c1c3c674043,IN-SERVICE,NON-LIQUID,50.97,
2026-08-13T01:10:00+08:00,COLLIE_ESR1,50.0,250.0,6,edde8d30-f1bf-4933-8c4a-9c1c3c674043,IN-SERVICE,NON-LIQUID,249.85,
2026-08-13T01:10:00+08:00,COLLIE_ESR1,100.0,367.0,7,edde8d30-f1bf-4933-8c4a-9c1c3c674043,IN-SERVICE,NON-LIQUID,366.78,
2026-08-13T01:10:00+08:00,COLLIE_ESR1,50.0,622.0,8,edde8d30-f1bf-4933-8c4a-9c1c3c674043,IN-SERVICE,NON-LIQUID,621.63,
2026-08-13T01:10:00+08:00,COLLIE_ESR1,0.0,1199.9,9,edde8d30-f1bf-4933-8c4a-9c1c3c674043,IN-SERVICE,NON-LIQUID,1199.18,
2026-08-13T01:10:00+08:00,COLLIE_ESR1,0.0,1200.0,10,edde8d30-f1bf-4933-8c4a-9c1c3c674043,IN-SERVICE,NON-LIQUID,1199.28,
2026-08-13T01:10:00+08:00,KWINANA_ESR2,-225.0,118.56,1,ccf0ae73-4aaf-4f54-8090-cb7054e0d309,IN-SERVICE,NOT APPLICABLE,118.44,0.0
2026-08-13T01:10:00+08:00,KWINANA_ESR2,225.0,133.56,2,ccf0ae73-4aaf-4f54-8090-cb7054e0d309,IN-SERVICE,NOT APPLICABLE,133.43,0.0
2026-08-13T01:10:00+08:00,COLLIE_BESS2,0.0,-990.1,1,94da630f-5f69-4bb8-b8bc-36842c4dda54,IN-SERVICE,NON-LIQUID,-1000.0,
2026-08-13T01:10:00+08:00,COLLIE_BESS2,-150.0,-42.46,2,94da630f-5f69-4bb8-b8bc-36842c4dda54,IN-SERVICE,NON-LIQUID,-42.88,
2026-08-13T01:10:00+08:00,COLLIE_BESS2,-150.0,-10.0,3,94da630f-5f69-4bb8-b8bc-36842c4dda54,IN-SERVICE,NON-LIQUID,-10.1,
2026-08-13T01:10:00+08:00,COLLIE_BESS2,0.0,34.02,4,94da630f-5f69-4bb8-b8bc-36842c4dda54,IN-SERVICE,NON-LIQUID,34.36,
2026-08-13T01:10:00+08:00,COLLIE_BESS2,0.0,51.0,5,94da630f-5f69-4bb8-b8bc-36842c4dda54,IN-SERVICE,NON-LIQUID,51.51,
2026-08-13T01:10:00+08:00,COLLIE_BESS2,75.0,250.0,6,94da630f-5f69-4bb8-b8bc-36842c4dda54,IN-SERVICE,NON-LIQUID,252.5,
2026-08-13T01:10:00+08:00,COLLIE_BESS2,75.0,367.0,7,94da630f-5f69-4bb8-b8bc-36842c4dda54,IN-SERVICE,NON-LIQUID,370.67,
2026-08-13T01:10:00+08:00,COLLIE_BESS2,150.0,622.0,8,94da630f-5f69-4bb8-b8bc-36842c4dda54,IN-SERVICE,NON-LIQUID,628.22,
2026-08-13T01:10:00+08:00,COLLIE_BESS2,0.0,1188.12,9,94da630f-5f69-4bb8-b8bc-36842c4dda54,IN-SERVICE,NON-LIQUID,1200.0,
2026-08-13T01:10:00+08:00,COLLIE_BESS2,0.0,1188.12,10,94da630f-5f69-4bb8-b8bc-36842c4dda54,IN-SERVICE,NON-LIQUID,1200.0,
2026-08-13T01:10:00+08:00,COLLIE_ESR4,-250.0,118.26,1,41e7d6a9-94e4-4f1c-8531-c0f2042b1213,IN-SERVICE,NOT APPLICABLE,118.19,0.0
2026-08-13T01:10:00+08:00,COLLIE_ESR4,250.0,133.75,2,41e7d6a9-94e4-4f1c-8531-c0f2042b1213,IN-SERVICE,NOT APPLICABLE,133.67,0.0
2026-08-13T01:10:00+08:00,COLLIE_ESR5,-250.0,118.37,1,ffde0e36-df73-433d-8896-d674d14e3f9e,IN-SERVICE,NOT APPLICABLE,118.3,0.0
2026-08-13T01:10:00+08:00,COLLIE_ESR5,250.0,133.64,2,ffde0e36-df73-433d-8896-d674d14e3f9e,IN-SERVICE,NOT APPLICABLE,133.56,0.0
2026-08-13T01:15:00+08:00,KWINANA_ESR1,-100.0,118.61,1,931c864c-51a1-4539-b099-87760c3ff198,IN-SERVICE,NOT APPLICABLE,118.56,0.0
2026-08-13T01:15:00+08:00,KWINANA_ESR1,100.0,133.35,2,931c864c-51a1-4539-b099-87760c3ff198,IN-SERVICE,NOT APPLICABLE,133.3,0.0
2026-08-13T01:15:00+08:00,COLLIE_ESR1,0.0,-1000.0,1,23a2933a-7f7b-4b3f-b4f3-249a13700f64,IN-SERVICE,NON-LIQUID,-999.4,
2026-08-13T01:15:00+08:00,COLLIE_ESR1,-100.0,-42.46,2,23a2933a-7f7b-4b3f-b4f3-249a13700f64,IN-SERVICE,NON-LIQUID,-42.43,
2026-08-13T01:15:00+08:00,COLLIE_ESR1,-100.0,-10.0,3,23a2933a-7f7b-4b3f-b4f3-249a13700f64,IN-SERVICE,NON-LIQUID,-9.99,
2026-08-13T01:15:00+08:00,COLLIE_ESR1,0.0,34.02,4,23a2933a-7f7b-4b3f-b4f3-249a13700f64,IN-SERVICE,NON-LIQUID,34.0,
2026-08-13T01:15:00+08:00,COLLIE_ESR1,0.0,51.0,5,23a2933a-7f7b-4b3f-b4f3-249a13700f64,IN-SERVICE,NON-LIQUID,50.97,
2026-08-13T01:15:00+08:00,COLLIE_ESR1,50.0,250.0,6,23a2933a-7f7b-4b3f-b4f3-249a13700f64,IN-SERVICE,NON-LIQUID,249.85,
2026-08-13T01:15:00+08:00,COLLIE_ESR1,100.0,367.0,7,23a2933a-7f7b-4b3f-b4f3-249a13700f64,IN-SERVICE,NON-LIQUID,366.78,
2026-08-13T01:15:00+08:00,COLLIE_ESR1,50.0,622.0,8,23a2933a-7f7b-4b3f-b4f3-249a13700f64,IN-SERVICE,NON-LIQUID,621.63,
2026-08-13T01:15:00+08:00,COLLIE_ESR1,0.0,1199.9,9,23a2933a-7f7b-4b3f-b4f3-249a13700f64,IN-SERVICE,NON-LIQUID,1199.18,
2026-08-13T01:15:00+08:00,COLLIE_ESR1,0.0,1200.0,10,23a2933a-7f7b-4b3f-b4f3-249a13700f64,IN-SERVICE,NON-LIQUID,1199.28,
2026-08-13T01:15:00+08:00,KWINANA_ESR2,-225.0,118.56,1,ccf0ae73-4aaf-4f54-8090-cb7054e0d309,IN-SERVICE,NOT APPLICABLE,118.44,0.0
2026-08-13T01:15:00+08:00,KWINANA_ESR2,225.0,133.56,2,ccf0ae73-4aaf-4f54-8090-cb7054e0d309,IN-SERVICE,NOT APPLICABLE,133.43,0.0
2026-08-13T01:15:00+08:00,COLLIE_BESS2,0.0,-990.1,1,6b4c5362-688d-42ac-a709-9234402c1b37,IN-SERVICE,NON-LIQUID,-1000.0,
2026-08-13T01:15:00+08:00,COLLIE_BESS2,-150.0,-42.46,2,6b4c5362-688d-42ac-a709-9234402c1b37,IN-SERVICE,NON-LIQUID,-42.88,
2026-08-13T01:15:00+08:00,COLLIE_BESS2,-150.0,-10.0,3,6b4c5362-688d-42ac-a709-9234402c1b37,IN-SERVICE,NON-LIQUID,-10.1,
2026-08-13T01:15:00+08:00,COLLIE_BESS2,0.0,34.02,4,6b4c5362-688d-42ac-a709-9234402c1b37,IN-SERVICE,NON-LIQUID,34.36,
2026-08-13T01:15:00+08:00,COLLIE_BESS2,0.0,51.0,5,6b4c5362-688d-42ac-a709-9234402c1b37,IN-SERVICE,NON-LIQUID,51.51,
2026-08-13T01:15:00+08:00,COLLIE_BESS2,75.0,250.0,6,6b4c5362-688d-42ac-a709-9234402c1b37,IN-SERVICE,NON-LIQUID,252.5,
2026-08-13T01:15:00+08:00,COLLIE_BESS2,75.0,367.0,7,6b4c5362-688d-42ac-a709-9234402c1b37,IN-SERVICE,NON-LIQUID,370.67,
2026-08-13T01:15:00+08:00,COLLIE_BESS2,150.0,622.0,8,6b4c5362-688d-42ac-a709-9234402c1b37,IN-SERVICE,NON-LIQUID,628.22,
2026-08-13T01:15:00+08:00,COLLIE_BESS2,0.0,1188.12,9,6b4c5362-688d-42ac-a709-9234402c1b37,IN-SERVICE,NON-LIQUID,1200.0,
2026-08-13T01:15:00+08:00,COLLIE_BESS2,0.0,1188.12,10,6b4c5362-688d-42ac-a709-9234402c1b37,IN-SERVICE,NON-LIQUID,1200.0,
2026-08-13T01:15:00+08:00,COLLIE_ESR4,-250.0,118.13,1,41e7d6a9-94e4-4f1c-8531-c0f2042b1213,IN-SERVICE,NOT APPLICABLE,118.06,0.0
2026-08-13T01:15:00+08:00,COLLIE_ESR4,250.0,133.75,2,41e7d6a9-94e4-4f1c-8531-c0f2042b1213,IN-SERVICE,NOT APPLICABLE,133.67,0.0
2026-08-13T01:15:00+08:00,COLLIE_ESR5,-250.0,118.37,1,ffde0e36-df73-433d-8896-d674d14e3f9e,IN-SERVICE,NOT APPLICABLE,118.3,0.0
2026-08-13T01:15:00+08:00,COLLIE_ESR5,250.0,133.64,2,ffde0e36-df73-433d-8896-d674d14e3f9e,IN-SERVICE,NOT APPLICABLE,133.56,0.0
2026-08-13T01:20:00+08:00,KWINANA_ESR1,-100.0,111.74,1,2c8a4bc5-2484-4c07-a78e-283007294489,IN-SERVICE,NOT APPLICABLE,111.7,0.0
2026-08-13T01:20:00+08:00,KWINANA_ESR1,100.0,125.86,2,2c8a4bc5-2484-4c07-a78e-283007294489,IN-SERVICE,NOT APPLICABLE,125.81,0.0
2026-08-13T01:20:00+08:00,COLLIE_ESR1,0.0,-1000.0,1,4abb2868-4f17-4897-a0f0-ace03e5099bd,IN-SERVICE,NON-LIQUID,-999.4,
2026-08-13T01:20:00+08:00,COLLIE_ESR1,-100.0,-42.46,2,4abb2868-4f17-4897-a0f0-ace03e5099bd,IN-SERVICE,NON-LIQUID,-42.43,
2026-08-13T01:20:00+08:00,COLLIE_ESR1,-100.0,-10.0,3,4abb2868-4f17-4897-a0f0-ace03e5099bd,IN-SERVICE,NON-LIQUID,-9.99,
2026-08-13T01:20:00+08:00,COLLIE_ESR1,0.0,34.02,4,4abb2868-4f17-4897-a0f0-ace03e5099bd,IN-SERVICE,NON-LIQUID,34.0,
2026-08-13T01:20:00+08:00,COLLIE_ESR1,0.0,51.0,5,4abb2868-4f17-4897-a0f0-ace03e5099bd,IN-SERVICE,NON-LIQUID,50.97,
2026-08-13T01:20:00+08:00,COLLIE_ESR1,50.0,250.0,6,4abb2868-4f17-4897-a0f0-ace03e5099bd,IN-SERVICE,NON-LIQUID,249.85,
2026-08-13T01:20:00+08:00,COLLIE_ESR1,100.0,367.0,7,4abb2868-4f17-4897-a0f0-ace03e5099bd,IN-SERVICE,NON-LIQUID,366.78,
2026-08-13T01:20:00+08:00,COLLIE_ESR1,50.0,622.0,8,4abb2868-4f17-4897-a0f0-ace03e5099bd,IN-SERVICE,NON-LIQUID,621.63,
2026-08-13T01:20:00+08:00,COLLIE_ESR1,0.0,1199.9,9,4abb2868-4f17-4897-a0f0-ace03e5099bd,IN-SERVICE,NON-LIQUID,1199.18,
2026-08-13T01:20:00+08:00,COLLIE_ESR1,0.0,1200.0,10,4abb2868-4f17-4897-a0f0-ace03e5099bd,IN-SERVICE,NON-LIQUID,1199.28,
2026-08-13T01:20:00+08:00,KWINANA_ESR2,-225.0,111.57,1,375ecacd-1a10-43b3-b5b7-2f97eb360067,IN-SERVICE,NOT APPLICABLE,111.46,0.0
2026-08-13T01:20:00+08:00,KWINANA_ESR2,225.0,126.57,2,375ecacd-1a10-43b3-b5b7-2f97eb360067,IN-SERVICE,NOT APPLICABLE,126.44,0.0
2026-08-13T01:20:00+08:00,COLLIE_BESS2,0.0,-990.1,1,a386f7cc-ae89-4043-a416-d99035de7b00,IN-SERVICE,NON-LIQUID,-1000.0,
2026-08-13T01:20:00+08:00,COLLIE_BESS2,-150.0,-42.46,2,a386f7cc-ae89-4043-a416-d99035de7b00,IN-SERVICE,NON-LIQUID,-42.88,
2026-08-13T01:20:00+08:00,COLLIE_BESS2,-150.0,-10.0,3,a386f7cc-ae89-4043-a416-d99035de7b00,IN-SERVICE,NON-LIQUID,-10.1,
2026-08-13T01:20:00+08:00,COLLIE_BESS2,0.0,34.02,4,a386f7cc-ae89-4043-a416-d99035de7b00,IN-SERVICE,NON-LIQUID,34.36,
2026-08-13T01:20:00+08:00,COLLIE_BESS2,0.0,51.0,5,a386f7cc-ae89-4043-a416-d99035de7b00,IN-SERVICE,NON-LIQUID,51.51,
2026-08-13T01:20:00+08:00,COLLIE_BESS2,75.0,250.0,6,a386f7cc-ae89-4043-a416-d99035de7b00,IN-SERVICE,NON-LIQUID,252.5,
2026-08-13T01:20:00+08:00,COLLIE_BESS2,75.0,367.0,7,a386f7cc-ae89-4043-a416-d99035de7b00,IN-SERVICE,NON-LIQUID,370.67,
2026-08-13T01:20:00+08:00,COLLIE_BESS2,150.0,622.0,8,a386f7cc-ae89-4043-a416-d99035de7b00,IN-SERVICE,NON-LIQUID,628.22,
2026-08-13T01:20:00+08:00,COLLIE_BESS2,0.0,1188.12,9,a386f7cc-ae89-4043-a416-d99035de7b00,IN-SERVICE,NON-LIQUID,1200.0,
2026-08-13T01:20:00+08:00,COLLIE_BESS2,0.0,1188.12,10,a386f7cc-ae89-4043-a416-d99035de7b00,IN-SERVICE,NON-LIQUID,1200.0,
2026-08-13T01:20:00+08:00,COLLIE_ESR4,-250.0,111.28,1,4e7a1def-72d5-4aab-a684-6ac224476488,IN-SERVICE,NOT APPLICABLE,111.21,0.0
2026-08-13T01:20:00+08:00,COLLIE_ESR4,250.0,126.76,2,4e7a1def-72d5-4aab-a684-6ac224476488,IN-SERVICE,NOT APPLICABLE,126.68,0.0
2026-08-13T01:20:00+08:00,COLLIE_ESR5,-250.0,111.39,1,a385150c-03b5-4060-af6a-3c0514e174cb,IN-SERVICE,NOT APPLICABLE,111.32,0.0
2026-08-13T01:20:00+08:00,COLLIE_ESR5,250.0,126.65,2,a385150c-03b5-4060-af6a-3c0514e174cb,IN-SERVICE,NOT APPLICABLE,126.57,0.0
2026-08-13T01:25:00+08:00,KWINANA_ESR1,-100.0,111.74,1,2c8a4bc5-2484-4c07-a78e-283007294489,IN-SERVICE,NOT APPLICABLE,111.7,0.0
2026-08-13T01:25:00+08:00,KWINANA_ESR1,100.0,125.86,2,2c8a4bc5-2484-4c07-a78e-283007294489,IN-SERVICE,NOT APPLICABLE,125.81,0.0
2026-08-13T01:25:00+08:00,COLLIE_ESR1,0.0,-1000.0,1,9031cf26-ad01-4d45-b7ff-fe05a9358f1f,IN-SERVICE,NON-LIQUID,-999.4,
2026-08-13T01:25:00+08:00,COLLIE_ESR1,-100.0,-42.46,2,9031cf26-ad01-4d45-b7ff-fe05a9358f1f,IN-SERVICE,NON-LIQUID,-42.43,
2026-08-13T01:25:00+08:00,COLLIE_ESR1,-100.0,-10.0,3,9031cf26-ad01-4d45-b7ff-fe05a9358f1f,IN-SERVICE,NON-LIQUID,-9.99,
2026-08-13T01:25:00+08:00,COLLIE_ESR1,0.0,34.02,4,9031cf26-ad01-4d45-b7ff-fe05a9358f1f,IN-SERVICE,NON-LIQUID,34.0,
2026-08-13T01:25:00+08:00,COLLIE_ESR1,0.0,51.0,5,9031cf26-ad01-4d45-b7ff-fe05a9358f1f,IN-SERVICE,NON-LIQUID,50.97,
2026-08-13T01:25:00+08:00,COLLIE_ESR1,50.0,250.0,6,9031cf26-ad01-4d45-b7ff-fe05a9358f1f,IN-SERVICE,NON-LIQUID,249.85,
2026-08-13T01:25:00+08:00,COLLIE_ESR1,100.0,367.0,7,9031cf26-ad01-4d45-b7ff-fe05a9358f1f,IN-SERVICE,NON-LIQUID,366.78,
2026-08-13T01:25:00+08:00,COLLIE_ESR1,50.0,622.0,8,9031cf26-ad01-4d45-b7ff-fe05a9358f1f,IN-SERVICE,NON-LIQUID,621.63,
2026-08-13T01:25:00+08:00,COLLIE_ESR1,0.0,1199.9,9,9031cf26-ad01-4d45-b7ff-fe05a9358f1f,IN-SERVICE,NON-LIQUID,1199.18,
2026-08-13T01:25:00+08:00,COLLIE_ESR1,0.0,1200.0,10,9031cf26-ad01-4d45-b7ff-fe05a9358f1f,IN-SERVICE,NON-LIQUID,1199.28,
2026-08-13T01:25:00+08:00,KWINANA_ESR2,-225.0,111.57,1,375ecacd-1a10-43b3-b5b7-2f97eb360067,IN-SERVICE,NOT APPLICABLE,111.46,0.0
2026-08-13T01:25:00+08:00,KWINANA_ESR2,225.0,126.57,2,375ecacd-1a10-43b3-b5b7-2f97eb360067,IN-SERVICE,NOT APPLICABLE,126.44,0.0
2026-08-13T01:25:00+08:00,COLLIE_BESS2,0.0,-990.1,1,e44daa54-26e6-414d-89eb-9f6a1e82210c,IN-SERVICE,NON-LIQUID,-1000.0,
2026-08-13T01:25:00+08:00,COLLIE_BESS2,-150.0,-42.46,2,e44daa54-26e6-414d-89eb-9f6a1e82210c,IN-SERVICE,NON-LIQUID,-42.88,
2026-08-13T01:25:00+08:00,COLLIE_BESS2,-150.0,-10.0,3,e44daa54-26e6-414d-89eb-9f6a1e82210c,IN-SERVICE,NON-LIQUID,-10.1,
2026-08-13T01:25:00+08:00,COLLIE_BESS2,0.0,34.02,4,e44daa54-26e6-414d-89eb-9f6a1e82210c,IN-SERVICE,NON-LIQUID,34.36,
2026-08-13T01:25:00+08:00,COLLIE_BESS2,0.0,51.0,5,e44daa54-26e6-414d-89eb-9f6a1e82210c,IN-SERVICE,NON-LIQUID,51.51,
2026-08-13T01:25:00+08:00,COLLIE_BESS2,75.0,250.0,6,e44daa54-26e6-414d-89eb-9f6a1e82210c,IN-SERVICE,NON-LIQUID,252.5,
2026-08-13T01:25:00+08:00,COLLIE_BESS2,75.0,367.0,7,e44daa54-26e6-414d-89eb-9f6a1e82210c,IN-SERVICE,NON-LIQUID,370.67,
2026-08-13T01:25:00+08:00,COLLIE_BESS2,150.0,622.0,8,e44daa54-26e6-414d-89eb-9f6a1e82210c,IN-SERVICE,NON-LIQUID,628.22,
2026-08-13T01:25:00+08:00,COLLIE_BESS2,0.0,1188.12,9,e44daa54-26e6-414d-89eb-9f6a1e82210c,IN-SERVICE,NON-LIQUID,1200.0,
2026-08-13T01:25:00+08:00,COLLIE_BESS2,0.0,1188.12,10,e44daa54-26e6-414d-89eb-9f6a1e82210c,IN-SERVICE,NON-LIQUID,1200.0,
2026-08-13T01:25:00+08:00,COLLIE_ESR4,-250.0,111.28,1,4e7a1def-72d5-4aab-a684-6ac224476488,IN-SERVICE,NOT APPLICABLE,111.21,0.0
2026-08-13T01:25:00+08:00,COLLIE_ESR4,250.0,126.76,2,4e7a1def-72d5-4aab-a684-6ac224476488,IN-SERVICE,NOT APPLICABLE,126.68,0.0
2026-08-13T01:25:00+08:00,COLLIE_ESR5,-250.0,111.39,1,a385150c-03b5-4060-af6a-3c0514e174cb,IN-SERVICE,NOT APPLICABLE,111.32,0.0
2026-08-13T01:25:00+08:00,COLLIE_ESR5,250.0,126.65,2,a385150c-03b5-4060-af6a-3c0514e174cb,IN-SERVICE,NOT APPLICABLE,126.57,0.0
2026-08-13T01:30:00+08:00,KWINANA_ESR1,-100.0,111.74,1,2c8a4bc5-2484-4c07-a78e-283007294489,IN-SERVICE,NOT APPLICABLE,111.7,0.0
2026-08-13T01:30:00+08:00,KWINANA_ESR1,100.0,125.73,2,2c8a4bc5-2484-4c07-a78e-283007294489,IN-SERVICE,NOT APPLICABLE,125.68,0.0
2026-08-13T01:30:00+08:00,COLLIE_ESR1,0.0,-1000.0,1,5a774d12-529d-46a2-90e8-c1ece58db767,IN-SERVICE,NON-LIQUID,-999.4,
2026-08-13T01:30:00+08:00,COLLIE_ESR1,-100.0,-42.46,2,5a774d12-529d-46a2-90e8-c1ece58db767,IN-SERVICE,NON-LIQUID,-42.43,
2026-08-13T01:30:00+08:00,COLLIE_ESR1,-100.0,-10.0,3,5a774d12-529d-46a2-90e8-c1ece58db767,IN-SERVICE,NON-LIQUID,-9.99,
2026-08-13T01:30:00+08:00,COLLIE_ESR1,0.0,34.02,4,5a774d12-529d-46a2-90e8-c1ece58db767,IN-SERVICE,NON-LIQUID,34.0,
2026-08-13T01:30:00+08:00,COLLIE_ESR1,0.0,60.0,5,5a774d12-529d-46a2-90e8-c1ece58db767,IN-SERVICE,NON-LIQUID,59.96,
2026-08-13T01:30:00+08:00,COLLIE_ESR1,50.0,250.0,6,5a774d12-529d-46a2-90e8-c1ece58db767,IN-SERVICE,NON-LIQUID,249.85,
2026-08-13T01:30:00+08:00,COLLIE_ESR1,100.0,367.0,7,5a774d12-529d-46a2-90e8-c1ece58db767,IN-SERVICE,NON-LIQUID,366.78,
2026-08-13T01:30:00+08:00,COLLIE_ESR1,50.0,622.0,8,5a774d12-529d-46a2-90e8-c1ece58db767,IN-SERVICE,NON-LIQUID,621.63,
2026-08-13T01:30:00+08:00,COLLIE_ESR1,0.0,627.84,9,5a774d12-529d-46a2-90e8-c1ece58db767,IN-SERVICE,NON-LIQUID,627.46,
2026-08-13T01:30:00+08:00,COLLIE_ESR1,0.0,1200.0,10,5a774d12-529d-46a2-90e8-c1ece58db767,IN-SERVICE,NON-LIQUID,1199.28,
2026-08-13T01:30:00+08:00,KWINANA_ESR2,-225.0,111.57,1,375ecacd-1a10-43b3-b5b7-2f97eb360067,IN-SERVICE,NOT APPLICABLE,111.46,0.0
2026-08-13T01:30:00+08:00,KWINANA_ESR2,225.0,126.57,2,375ecacd-1a10-43b3-b5b7-2f97eb360067,IN-SERVICE,NOT APPLICABLE,126.44,0.0
2026-08-13T01:30:00+08:00,COLLIE_BESS2,0.0,-990.1,1,a2459cc5-a003-4c4c-ba15-3cc922c1c5ea,IN-SERVICE,NON-LIQUID,-1000.0,
2026-08-13T01:30:00+08:00,COLLIE_BESS2,-150.0,-42.46,2,a2459cc5-a003-4c4c-ba15-3cc922c1c5ea,IN-SERVICE,NON-LIQUID,-42.88,
2026-08-13T01:30:00+08:00,COLLIE_BESS2,-150.0,-10.0,3,a2459cc5-a003-4c4c-ba15-3cc922c1c5ea,IN-SERVICE,NON-LIQUID,-10.1,
2026-08-13T01:30:00+08:00,COLLIE_BESS2,0.0,34.02,4,a2459cc5-a003-4c4c-ba15-3cc922c1c5ea,IN-SERVICE,NON-LIQUID,34.36,
2026-08-13T01:30:00+08:00,COLLIE_BESS2,0.0,60.0,5,a2459cc5-a003-4c4c-ba15-3cc922c1c5ea,IN-SERVICE,NON-LIQUID,60.6,
2026-08-13T01:30:00+08:00,COLLIE_BESS2,75.0,250.0,6,a2459cc5-a003-4c4c-ba15-3cc922c1c5ea,IN-SERVICE,NON-LIQUID,252.5,
2026-08-13T01:30:00+08:00,COLLIE_BESS2,75.0,367.0,7,a2459cc5-a003-4c4c-ba15-3cc922c1c5ea,IN-SERVICE,NON-LIQUID,370.67,
2026-08-13T01:30:00+08:00,COLLIE_BESS2,150.0,622.0,8,a2459cc5-a003-4c4c-ba15-3cc922c1c5ea,IN-SERVICE,NON-LIQUID,628.22,
2026-08-13T01:30:00+08:00,COLLIE_BESS2,0.0,627.84,9,a2459cc5-a003-4c4c-ba15-3cc922c1c5ea,IN-SERVICE,NON-LIQUID,634.12,
2026-08-13T01:30:00+08:00,COLLIE_BESS2,0.0,1188.12,10,a2459cc5-a003-4c4c-ba15-3cc922c1c5ea,IN-SERVICE,NON-LIQUID,1200.0,
2026-08-13T01:30:00+08:00,COLLIE_ESR4,-250.0,111.28,1,4e7a1def-72d5-4aab-a684-6ac224476488,IN-SERVICE,NOT APPLICABLE,111.21,0.0
2026-08-13T01:30:00+08:00,COLLIE_ESR4,250.0,126.76,2,4e7a1def-72d5-4aab-a684-6ac224476488,IN-SERVICE,NOT APPLICABLE,126.68,0.0
2026-08-13T01:30:00+08:00,COLLIE_ESR5,-250.0,111.39,1,a385150c-03b5-4060-af6a-3c0514e174cb,IN-SERVICE,NOT APPLICABLE,111.32,0.0
2026-08-13T01:30:00+08:00,COLLIE_ESR5,250.0,126.65,2,a385150c-03b5-4060-af6a-3c0514e174cb,IN-SERVICE,NOT APPLICABLE,126.57,0.0
2026-08-13T01:35:00+08:00,KWINANA_ESR1,-100.0,104.13,1,b45032c1-16af-457a-9191-46c7ba3c47b8,IN-SERVICE,NOT APPLICABLE,104.09,0.0
2026-08-13T01:35:00+08:00,KWINANA_ESR1,100.0,118.88,2,b45032c1-16af-457a-9191-46c7ba3c47b8,IN-SERVICE,NOT APPLICABLE,118.83,0.0
2026-08-13T01:35:00+08:00,COLLIE_ESR1,0.0,-1000.0,1,46a7b0eb-17f2-42a8-b6c4-aaad9d633268,IN-SERVICE,NON-LIQUID,-999.4,
2026-08-13T01:35:00+08:00,COLLIE_ESR1,-100.0,-42.46,2,46a7b0eb-17f2-42a8-b6c4-aaad9d633268,IN-SERVICE,NON-LIQUID,-42.43,
2026-08-13T01:35:00+08:00,COLLIE_ESR1,-100.0,-10.0,3,46a7b0eb-17f2-42a8-b6c4-aaad9d633268,IN-SERVICE,NON-LIQUID,-9.99,
2026-08-13T01:35:00+08:00,COLLIE_ESR1,0.0,34.02,4,46a7b0eb-17f2-42a8-b6c4-aaad9d633268,IN-SERVICE,NON-LIQUID,34.0,
2026-08-13T01:35:00+08:00,COLLIE_ESR1,0.0,60.0,5,46a7b0eb-17f2-42a8-b6c4-aaad9d633268,IN-SERVICE,NON-LIQUID,59.96,
2026-08-13T01:35:00+08:00,COLLIE_ESR1,50.0,250.0,6,46a7b0eb-17f2-42a8-b6c4-aaad9d633268,IN-SERVICE,NON-LIQUID,249.85,
2026-08-13T01:35:00+08:00,COLLIE_ESR1,100.0,367.0,7,46a7b0eb-17f2-42a8-b6c4-aaad9d633268,IN-SERVICE,NON-LIQUID,366.78,
2026-08-13T01:35:00+08:00,COLLIE_ESR1,50.0,622.0,8,46a7b0eb-17f2-42a8-b6c4-aaad9d633268,IN-SERVICE,NON-LIQUID,621.63,
2026-08-13T01:35:00+08:00,COLLIE_ESR1,0.0,627.84,9,46a7b0eb-17f2-42a8-b6c4-aaad9d633268,IN-SERVICE,NON-LIQUID,627.46,
2026-08-13T01:35:00+08:00,COLLIE_ESR1,0.0,1200.0,10,46a7b0eb-17f2-42a8-b6c4-aaad9d633268,IN-SERVICE,NON-LIQUID,1199.28,
2026-08-13T01:35:00+08:00,KWINANA_ESR2,-225.0,104.07,1,b34afc80-d67e-4c44-a29c-698a3523d0ff,IN-SERVICE,NOT APPLICABLE,103.97,0.0
2026-08-13T01:35:00+08:00,KWINANA_ESR2,225.0,119.07,2,b34afc80-d67e-4c44-a29c-698a3523d0ff,IN-SERVICE,NOT APPLICABLE,118.95,0.0
2026-08-13T01:35:00+08:00,COLLIE_BESS2,0.0,-990.1,1,ab5a5393-06c3-47dd-8893-81f4657b15ea,IN-SERVICE,NON-LIQUID,-1000.0,
2026-08-13T01:35:00+08:00,COLLIE_BESS2,-150.0,-42.46,2,ab5a5393-06c3-47dd-8893-81f4657b15ea,IN-SERVICE,NON-LIQUID,-42.88,
2026-08-13T01:35:00+08:00,COLLIE_BESS2,-150.0,-10.0,3,ab5a5393-06c3-47dd-8893-81f4657b15ea,IN-SERVICE,NON-LIQUID,-10.1,
2026-08-13T01:35:00+08:00,COLLIE_BESS2,0.0,34.02,4,ab5a5393-06c3-47dd-8893-81f4657b15ea,IN-SERVICE,NON-LIQUID,34.36,
2026-08-13T01:35:00+08:00,COLLIE_BESS2,0.0,60.0,5,ab5a5393-06c3-47dd-8893-81f4657b15ea,IN-SERVICE,NON-LIQUID,60.6,
2026-08-13T01:35:00+08:00,COLLIE_BESS2,75.0,250.0,6,ab5a5393-06c3-47dd-8893-81f4657b15ea,IN-SERVICE,NON-LIQUID,252.5,
2026-08-13T01:35:00+08:00,COLLIE_BESS2,75.0,367.0,7,ab5a5393-06c3-47dd-8893-81f4657b15ea,IN-SERVICE,NON-LIQUID,370.67,
2026-08-13T01:35:00+08:00,COLLIE_BESS2,150.0,622.0,8,ab5a5393-06c3-47dd-8893-81f4657b15ea,IN-SERVICE,NON-LIQUID,628.22,
2026-08-13T01:35:00+08:00,COLLIE_BESS2,0.0,627.84,9,ab5a5393-06c3-47dd-8893-81f4657b15ea,IN-SERVICE,NON-LIQUID,634.12,
2026-08-13T01:35:00+08:00,COLLIE_BESS2,0.0,1188.12,10,ab5a5393-06c3-47dd-8893-81f4657b15ea,IN-SERVICE,NON-LIQUID,1200.0,
2026-08-13T01:35:00+08:00,COLLIE_ESR4,-250.0,103.79,1,a77f0b79-1abe-4359-8e81-aa307ba03f96,IN-SERVICE,NOT APPLICABLE,103.73,0.0
2026-08-13T01:35:00+08:00,COLLIE_ESR4,250.0,119.27,2,a77f0b79-1abe-4359-8e81-aa307ba03f96,IN-SERVICE,NOT APPLICABLE,119.2,0.0
2026-08-13T01:35:00+08:00,COLLIE_ESR5,-250.0,103.9,1,764d6786-9675-4069-9b9d-62155d6d4c06,IN-SERVICE,NOT APPLICABLE,103.84,0.0
2026-08-13T01:35:00+08:00,COLLIE_ESR5,250.0,119.16,2,764d6786-9675-4069-9b9d-62155d6d4c06,IN-SERVICE,NOT APPLICABLE,119.09,0.0
2026-08-13T01:40:00+08:00,KWINANA_ESR1,-100.0,104.1,1,b45032c1-16af-457a-9191-46c7ba3c47b8,IN-SERVICE,NOT APPLICABLE,104.06,0.0
2026-08-13T01:40:00+08:00,KWINANA_ESR1,100.0,118.85,2,b45032c1-16af-457a-9191-46c7ba3c47b8,IN-SERVICE,NOT APPLICABLE,118.8,0.0
2026-08-13T01:40:00+08:00,COLLIE_ESR1,0.0,-1000.0,1,143ae133-1e8a-47fd-888d-ec75edf41231,IN-SERVICE,NON-LIQUID,-999.4,
2026-08-13T01:40:00+08:00,COLLIE_ESR1,-100.0,-42.46,2,143ae133-1e8a-47fd-888d-ec75edf41231,IN-SERVICE,NON-LIQUID,-42.43,
2026-08-13T01:40:00+08:00,COLLIE_ESR1,-100.0,-10.0,3,143ae133-1e8a-47fd-888d-ec75edf41231,IN-SERVICE,NON-LIQUID,-9.99,
2026-08-13T01:40:00+08:00,COLLIE_ESR1,0.0,34.02,4,143ae133-1e8a-47fd-888d-ec75edf41231,IN-SERVICE,NON-LIQUID,34.0,
2026-08-13T01:40:00+08:00,COLLIE_ESR1,0.0,60.0,5,143ae133-1e8a-47fd-888d-ec75edf41231,IN-SERVICE,NON-LIQUID,59.96,
2026-08-13T01:40:00+08:00,COLLIE_ESR1,50.0,250.0,6,143ae133-1e8a-47fd-888d-ec75edf41231,IN-SERVICE,NON-LIQUID,249.85,
2026-08-13T01:40:00+08:00,COLLIE_ESR1,100.0,367.0,7,143ae133-1e8a-47fd-888d-ec75edf41231,IN-SERVICE,NON-LIQUID,366.78,
2026-08-13T01:40:00+08:00,COLLIE_ESR1,50.0,622.0,8,143ae133-1e8a-47fd-888d-ec75edf41231,IN-SERVICE,NON-LIQUID,621.63,
2026-08-13T01:40:00+08:00,COLLIE_ESR1,0.0,627.84,9,143ae133-1e8a-47fd-888d-ec75edf41231,IN-SERVICE,NON-LIQUID,627.46,
2026-08-13T01:40:00+08:00,COLLIE_ESR1,0.0,1200.0,10,143ae133-1e8a-47fd-888d-ec75edf41231,IN-SERVICE,NON-LIQUID,1199.28,
2026-08-13T01:40:00+08:00,KWINANA_ESR2,-225.0,104.07,1,b34afc80-d67e-4c44-a29c-698a3523d0ff,IN-SERVICE,NOT APPLICABLE,103.97,0.0
2026-08-13T01:40:00+08:00,KWINANA_ESR2,225.0,119.07,2,b34afc80-d67e-4c44-a29c-698a3523d0ff,IN-SERVICE,NOT APPLICABLE,118.95,0.0
2026-08-13T01:40:00+08:00,COLLIE_BESS2,0.0,-990.1,1,a93c76d4-9645-4ffa-ad81-baa8d9e0c49b,IN-SERVICE,NON-LIQUID,-1000.0,
2026-08-13T01:40:00+08:00,COLLIE_BESS2,-150.0,-42.46,2,a93c76d4-9645-4ffa-ad81-baa8d9e0c49b,IN-SERVICE,NON-LIQUID,-42.88,
2026-08-13T01:40:00+08:00,COLLIE_BESS2,-150.0,-10.0,3,a93c76d4-9645-4ffa-ad81-baa8d9e0c49b,IN-SERVICE,NON-LIQUID,-10.1,
2026-08-13T01:40:00+08:00,COLLIE_BESS2,0.0,34.02,4,a93c76d4-9645-4ffa-ad81-baa8d9e0c49b,IN-SERVICE,NON-LIQUID,34.36,
2026-08-13T01:40:00+08:00,COLLIE_BESS2,0.0,60.0,5,a93c76d4-9645-4ffa-ad81-baa8d9e0c49b,IN-SERVICE,NON-LIQUID,60.6,
2026-08-13T01:40:00+08:00,COLLIE_BESS2,75.0,250.0,6,a93c76d4-9645-4ffa-ad81-baa8d9e0c49b,IN-SERVICE,NON-LIQUID,252.5,
2026-08-13T01:40:00+08:00,COLLIE_BESS2,75.0,367.0,7,a93c76d4-9645-4ffa-ad81-baa8d9e0c49b,IN-SERVICE,NON-LIQUID,370.67,
2026-08-13T01:40:00+08:00,COLLIE_BESS2,150.0,622.0,8,a93c76d4-9645-4ffa-ad81-baa8d9e0c49b,IN-SERVICE,NON-LIQUID,628.22,
2026-08-13T01:40:00+08:00,COLLIE_BESS2,0.0,627.84,9,a93c76d4-9645-4ffa-ad81-baa8d9e0c49b,IN-SERVICE,NON-LIQUID,634.12,
2026-08-13T01:40:00+08:00,COLLIE_BESS2,0.0,1188.12,10,a93c76d4-9645-4ffa-ad81-baa8d9e0c49b,IN-SERVICE,NON-LIQUID,1200.0,
2026-08-13T01:40:00+08:00,COLLIE_ESR4,-250.0,103.79,1,a77f0b79-1abe-4359-8e81-aa307ba03f96,IN-SERVICE,NOT APPLICABLE,103.73,0.0
2026-08-13T01:40:00+08:00,COLLIE_ESR4,250.0,119.27,2,a77f0b79-1abe-4359-8e81-aa307ba03f96,IN-SERVICE,NOT APPLICABLE,119.2,0.0
2026-08-13T01:40:00+08:00,COLLIE_ESR5,-250.0,103.9,1,764d6786-9675-4069-9b9d-62155d6d4c06,IN-SERVICE,NOT APPLICABLE,103.84,0.0
2026-08-13T01:40:00+08:00,COLLIE_ESR5,250.0,124.2,2,764d6786-9675-4069-9b9d-62155d6d4c06,IN-SERVICE,NOT APPLICABLE,124.13,0.0
2026-08-13T01:45:00+08:00,KWINANA_ESR1,-100.0,104.1,1,b45032c1-16af-457a-9191-46c7ba3c47b8,IN-SERVICE,NOT APPLICABLE,104.06,0.0
2026-08-13T01:45:00+08:00,KWINANA_ESR1,100.0,118.85,2,b45032c1-16af-457a-9191-46c7ba3c47b8,IN-SERVICE,NOT APPLICABLE,118.8,0.0
2026-08-13T01:45:00+08:00,COLLIE_ESR1,0.0,-1000.0,1,91ea1097-0814-4a32-a991-30da1ca3e9c0,IN-SERVICE,NON-LIQUID,-999.4,
2026-08-13T01:45:00+08:00,COLLIE_ESR1,-100.0,-42.46,2,91ea1097-0814-4a32-a991-30da1ca3e9c0,IN-SERVICE,NON-LIQUID,-42.43,
2026-08-13T01:45:00+08:00,COLLIE_ESR1,-100.0,-10.0,3,91ea1097-0814-4a32-a991-30da1ca3e9c0,IN-SERVICE,NON-LIQUID,-9.99,
2026-08-13T01:45:00+08:00,COLLIE_ESR1,0.0,34.02,4,91ea1097-0814-4a32-a991-30da1ca3e9c0,IN-SERVICE,NON-LIQUID,34.0,
2026-08-13T01:45:00+08:00,COLLIE_ESR1,0.0,60.0,5,91ea1097-0814-4a32-a991-30da1ca3e9c0,IN-SERVICE,NON-LIQUID,59.96,
2026-08-13T01:45:00+08:00,COLLIE_ESR1,50.0,250.0,6,91ea1097-0814-4a32-a991-30da1ca3e9c0,IN-SERVICE,NON-LIQUID,249.85,
2026-08-13T01:45:00+08:00,COLLIE_ESR1,100.0,367.0,7,91ea1097-0814-4a32-a991-30da1ca3e9c0,IN-SERVICE,NON-LIQUID,366.78,
2026-08-13T01:45:00+08:00,COLLIE_ESR1,50.0,622.0,8,91ea1097-0814-4a32-a991-30da1ca3e9c0,IN-SERVICE,NON-LIQUID,621.63,
2026-08-13T01:45:00+08:00,COLLIE_ESR1,0.0,627.84,9,91ea1097-0814-4a32-a991-30da1ca3e9c0,IN-SERVICE,NON-LIQUID,627.46,
2026-08-13T01:45:00+08:00,COLLIE_ESR1,0.0,1200.0,10,91ea1097-0814-4a32-a991-30da1ca3e9c0,IN-SERVICE,NON-LIQUID,1199.28,
2026-08-13T01:45:00+08:00,KWINANA_ESR2,-225.0,104.07,1,b34afc80-d67e-4c44-a29c-698a3523d0ff,IN-SERVICE,NOT APPLICABLE,103.97,0.0
2026-08-13T01:45:00+08:00,KWINANA_ESR2,225.0,119.07,2,b34afc80-d67e-4c44-a29c-698a3523d0ff,IN-SERVICE,NOT APPLICABLE,118.95,0.0
2026-08-13T01:45:00+08:00,COLLIE_BESS2,0.0,-990.1,1,514feded-aedf-45be-b5fd-8a0c101731ee,IN-SERVICE,NON-LIQUID,-1000.0,
2026-08-13T01:45:00+08:00,COLLIE_BESS2,-49.0,-42.46,2,514feded-aedf-45be-b5fd-8a0c101731ee,IN-SERVICE,NON-LIQUID,-42.88,
2026-08-13T01:45:00+08:00,COLLIE_BESS2,-50.0,-10.0,3,514feded-aedf-45be-b5fd-8a0c101731ee,IN-SERVICE,NON-LIQUID,-10.1,
2026-08-13T01:45:00+08:00,COLLIE_BESS2,0.0,34.02,4,514feded-aedf-45be-b5fd-8a0c101731ee,IN-SERVICE,NON-LIQUID,34.36,
2026-08-13T01:45:00+08:00,COLLIE_BESS2,-201.0,102.97,5,514feded-aedf-45be-b5fd-8a0c101731ee,IN-SERVICE,NON-LIQUID,104.0,
2026-08-13T01:45:00+08:00,COLLIE_BESS2,75.0,250.0,6,514feded-aedf-45be-b5fd-8a0c101731ee,IN-SERVICE,NON-LIQUID,252.5,
2026-08-13T01:45:00+08:00,COLLIE_BESS2,75.0,367.0,7,514feded-aedf-45be-b5fd-8a0c101731ee,IN-SERVICE,NON-LIQUID,370.67,
2026-08-13T01:45:00+08:00,COLLIE_BESS2,150.0,622.0,8,514feded-aedf-45be-b5fd-8a0c101731ee,IN-SERVICE,NON-LIQUID,628.22,
2026-08-13T01:45:00+08:00,COLLIE_BESS2,0.0,627.84,9,514feded-aedf-45be-b5fd-8a0c101731ee,IN-SERVICE,NON-LIQUID,634.12,
2026-08-13T01:45:00+08:00,COLLIE_BESS2,0.0,1188.12,10,514feded-aedf-45be-b5fd-8a0c101731ee,IN-SERVICE,NON-LIQUID,1200.0,
2026-08-13T01:45:00+08:00,COLLIE_ESR4,-250.0,103.79,1,a77f0b79-1abe-4359-8e81-aa307ba03f96,IN-SERVICE,NOT APPLICABLE,103.73,0.0
2026-08-13T01:45:00+08:00,COLLIE_ESR4,250.0,124.31,2,a77f0b79-1abe-4359-8e81-aa307ba03f96,IN-SERVICE,NOT APPLICABLE,124.24,0.0
2026-08-13T01:45:00+08:00,COLLIE_ESR5,-250.0,103.9,1,764d6786-9675-4069-9b9d-62155d6d4c06,IN-SERVICE,NOT APPLICABLE,103.84,0.0
2026-08-13T01:45:00+08:00,COLLIE_ESR5,250.0,124.2,2,764d6786-9675-4069-9b9d-62155d6d4c06,IN-SERVICE,NOT APPLICABLE,124.13,0.0
2026-08-13T01:50:00+08:00,KWINANA_ESR1,-100.0,101.68,1,3c585177-ee80-4bf4-90ea-424198761ab5,IN-SERVICE,NOT APPLICABLE,101.64,0.0
2026-08-13T01:50:00+08:00,KWINANA_ESR1,100.0,116.42,2,3c585177-ee80-4bf4-90ea-424198761ab5,IN-SERVICE,NOT APPLICABLE,116.37,0.0
2026-08-13T01:50:00+08:00,COLLIE_ESR1,0.0,-1000.0,1,60f57607-b4fa-47eb-bdea-45bfc32db1e1,IN-SERVICE,NON-LIQUID,-999.4,
2026-08-13T01:50:00+08:00,COLLIE_ESR1,-26.0,-42.46,2,60f57607-b4fa-47eb-bdea-45bfc32db1e1,IN-SERVICE,NON-LIQUID,-42.43,
2026-08-13T01:50:00+08:00,COLLIE_ESR1,-26.0,-10.0,3,60f57607-b4fa-47eb-bdea-45bfc32db1e1,IN-SERVICE,NON-LIQUID,-9.99,
2026-08-13T01:50:00+08:00,COLLIE_ESR1,0.0,34.02,4,60f57607-b4fa-47eb-bdea-45bfc32db1e1,IN-SERVICE,NON-LIQUID,34.0,
2026-08-13T01:50:00+08:00,COLLIE_ESR1,-148.0,105.0,5,60f57607-b4fa-47eb-bdea-45bfc32db1e1,IN-SERVICE,NON-LIQUID,104.94,
2026-08-13T01:50:00+08:00,COLLIE_ESR1,50.0,250.0,6,60f57607-b4fa-47eb-bdea-45bfc32db1e1,IN-SERVICE,NON-LIQUID,249.85,
2026-08-13T01:50:00+08:00,COLLIE_ESR1,100.0,367.0,7,60f57607-b4fa-47eb-bdea-45bfc32db1e1,IN-SERVICE,NON-LIQUID,366.78,
2026-08-13T01:50:00+08:00,COLLIE_ESR1,50.0,622.0,8,60f57607-b4fa-47eb-bdea-45bfc32db1e1,IN-SERVICE,NON-LIQUID,621.63,
2026-08-13T01:50:00+08:00,COLLIE_ESR1,0.0,627.84,9,60f57607-b4fa-47eb-bdea-45bfc32db1e1,IN-SERVICE,NON-LIQUID,627.46,
2026-08-13T01:50:00+08:00,COLLIE_ESR1,0.0,1200.0,10,60f57607-b4fa-47eb-bdea-45bfc32db1e1,IN-SERVICE,NON-LIQUID,1199.28,
2026-08-13T01:50:00+08:00,KWINANA_ESR2,-225.0,109.12,1,028eb640-8d43-4aab-a699-79f4e36adde7,IN-SERVICE,NOT APPLICABLE,109.01,0.0
2026-08-13T01:50:00+08:00,KWINANA_ESR2,225.0,124.12,2,028eb640-8d43-4aab-a699-79f4e36adde7,IN-SERVICE,NOT APPLICABLE,124.0,0.0
2026-08-13T01:50:00+08:00,COLLIE_BESS2,0.0,-990.1,1,4278408c-e1ca-4c7b-87c2-cf2dcbdac763,IN-SERVICE,NON-LIQUID,-1000.0,
2026-08-13T01:50:00+08:00,COLLIE_BESS2,-49.0,-42.46,2,4278408c-e1ca-4c7b-87c2-cf2dcbdac763,IN-SERVICE,NON-LIQUID,-42.88,
2026-08-13T01:50:00+08:00,COLLIE_BESS2,-50.0,-10.0,3,4278408c-e1ca-4c7b-87c2-cf2dcbdac763,IN-SERVICE,NON-LIQUID,-10.1,
2026-08-13T01:50:00+08:00,COLLIE_BESS2,0.0,34.02,4,4278408c-e1ca-4c7b-87c2-cf2dcbdac763,IN-SERVICE,NON-LIQUID,34.36,
2026-08-13T01:50:00+08:00,COLLIE_BESS2,-201.0,105.0,5,4278408c-e1ca-4c7b-87c2-cf2dcbdac763,IN-SERVICE,NON-LIQUID,106.05,
2026-08-13T01:50:00+08:00,COLLIE_BESS2,75.0,250.0,6,4278408c-e1ca-4c7b-87c2-cf2dcbdac763,IN-SERVICE,NON-LIQUID,252.5,
2026-08-13T01:50:00+08:00,COLLIE_BESS2,75.0,367.0,7,4278408c-e1ca-4c7b-87c2-cf2dcbdac763,IN-SERVICE,NON-LIQUID,370.67,
2026-08-13T01:50:00+08:00,COLLIE_BESS2,150.0,622.0,8,4278408c-e1ca-4c7b-87c2-cf2dcbdac763,IN-SERVICE,NON-LIQUID,628.22,
2026-08-13T01:50:00+08:00,COLLIE_BESS2,0.0,627.84,9,4278408c-e1ca-4c7b-87c2-cf2dcbdac763,IN-SERVICE,NON-LIQUID,634.12,
2026-08-13T01:50:00+08:00,COLLIE_BESS2,0.0,1188.12,10,4278408c-e1ca-4c7b-87c2-cf2dcbdac763,IN-SERVICE,NON-LIQUID,1200.0,
2026-08-13T01:50:00+08:00,COLLIE_ESR4,-250.0,103.79,1,e6895680-9924-47a1-aea7-f481b415c0c3,IN-SERVICE,NOT APPLICABLE,103.73,0.0
2026-08-13T01:50:00+08:00,COLLIE_ESR4,250.0,124.31,2,e6895680-9924-47a1-aea7-f481b415c0c3,IN-SERVICE,NOT APPLICABLE,124.24,0.0
2026-08-13T01:50:00+08:00,COLLIE_ESR5,-250.0,108.94,1,38c1e0f1-5de0-4ce3-93ea-0167d199a374,IN-SERVICE,NOT APPLICABLE,108.87,0.0
2026-08-13T01:50:00+08:00,COLLIE_ESR5,250.0,124.2,2,38c1e0f1-5de0-4ce3-93ea-0167d199a374,IN-SERVICE,NOT APPLICABLE,124.13,0.0
2026-08-13T01:55:00+08:00,KWINANA_ESR1,-100.0,101.68,1,3c585177-ee80-4bf4-90ea-424198761ab5,IN-SERVICE,NOT APPLICABLE,101.64,0.0
2026-08-13T01:55:00+08:00,KWINANA_ESR1,100.0,116.42,2,3c585177-ee80-4bf4-90ea-424198761ab5,IN-SERVICE,NOT APPLICABLE,116.37,0.0
2026-08-13T01:55:00+08:00,COLLIE_ESR1,0.0,-1000.0,1,97f01668-360c-4771-9600-47077ef7c4b6,IN-SERVICE,NON-LIQUID,-999.4,
2026-08-13T01:55:00+08:00,COLLIE_ESR1,-100.0,-42.46,2,97f01668-360c-4771-9600-47077ef7c4b6,IN-SERVICE,NON-LIQUID,-42.43,
2026-08-13T01:55:00+08:00,COLLIE_ESR1,-100.0,-10.0,3,97f01668-360c-4771-9600-47077ef7c4b6,IN-SERVICE,NON-LIQUID,-9.99,
2026-08-13T01:55:00+08:00,COLLIE_ESR1,0.0,34.02,4,97f01668-360c-4771-9600-47077ef7c4b6,IN-SERVICE,NON-LIQUID,34.0,
2026-08-13T01:55:00+08:00,COLLIE_ESR1,0.0,60.0,5,97f01668-360c-4771-9600-47077ef7c4b6,IN-SERVICE,NON-LIQUID,59.96,
2026-08-13T01:55:00+08:00,COLLIE_ESR1,50.0,250.0,6,97f01668-360c-4771-9600-47077ef7c4b6,IN-SERVICE,NON-LIQUID,249.85,
2026-08-13T01:55:00+08:00,COLLIE_ESR1,100.0,367.0,7,97f01668-360c-4771-9600-47077ef7c4b6,IN-SERVICE,NON-LIQUID,366.78,
2026-08-13T01:55:00+08:00,COLLIE_ESR1,50.0,622.0,8,97f01668-360c-4771-9600-47077ef7c4b6,IN-SERVICE,NON-LIQUID,621.63,
2026-08-13T01:55:00+08:00,COLLIE_ESR1,0.0,627.84,9,97f01668-360c-4771-9600-47077ef7c4b6,IN-SERVICE,NON-LIQUID,627.46,
2026-08-13T01:55:00+08:00,COLLIE_ESR1,0.0,1200.0,10,97f01668-360c-4771-9600-47077ef7c4b6,IN-SERVICE,NON-LIQUID,1199.28,
2026-08-13T01:55:00+08:00,KWINANA_ESR2,-225.0,109.12,1,028eb640-8d43-4aab-a699-79f4e36adde7,IN-SERVICE,NOT APPLICABLE,109.01,0.0
2026-08-13T01:55:00+08:00,KWINANA_ESR2,225.0,124.12,2,028eb640-8d43-4aab-a699-79f4e36adde7,IN-SERVICE,NOT APPLICABLE,124.0,0.0
2026-08-13T01:55:00+08:00,COLLIE_BESS2,0.0,-990.1,1,8a8d23f7-ff89-4387-baf8-3712f1f9e442,IN-SERVICE,NON-LIQUID,-1000.0,
2026-08-13T01:55:00+08:00,COLLIE_BESS2,-150.0,-42.46,2,8a8d23f7-ff89-4387-baf8-3712f1f9e442,IN-SERVICE,NON-LIQUID,-42.88,
2026-08-13T01:55:00+08:00,COLLIE_BESS2,-150.0,-10.0,3,8a8d23f7-ff89-4387-baf8-3712f1f9e442,IN-SERVICE,NON-LIQUID,-10.1,
2026-08-13T01:55:00+08:00,COLLIE_BESS2,0.0,34.02,4,8a8d23f7-ff89-4387-baf8-3712f1f9e442,IN-SERVICE,NON-LIQUID,34.36,
2026-08-13T01:55:00+08:00,COLLIE_BESS2,0.0,60.0,5,8a8d23f7-ff89-4387-baf8-3712f1f9e442,IN-SERVICE,NON-LIQUID,60.6,
2026-08-13T01:55:00+08:00,COLLIE_BESS2,75.0,250.0,6,8a8d23f7-ff89-4387-baf8-3712f1f9e442,IN-SERVICE,NON-LIQUID,252.5,
2026-08-13T01:55:00+08:00,COLLIE_BESS2,75.0,367.0,7,8a8d23f7-ff89-4387-baf8-3712f1f9e442,IN-SERVICE,NON-LIQUID,370.67,
2026-08-13T01:55:00+08:00,COLLIE_BESS2,150.0,622.0,8,8a8d23f7-ff89-4387-baf8-3712f1f9e442,IN-SERVICE,NON-LIQUID,628.22,
2026-08-13T01:55:00+08:00,COLLIE_BESS2,0.0,627.84,9,8a8d23f7-ff89-4387-baf8-3712f1f9e442,IN-SERVICE,NON-LIQUID,634.12,
2026-08-13T01:55:00+08:00,COLLIE_BESS2,0.0,1188.12,10,8a8d23f7-ff89-4387-baf8-3712f1f9e442,IN-SERVICE,NON-LIQUID,1200.0,
2026-08-13T01:55:00+08:00,COLLIE_ESR4,-250.0,108.83,1,e6895680-9924-47a1-aea7-f481b415c0c3,IN-SERVICE,NOT APPLICABLE,108.76,0.0
2026-08-13T01:55:00+08:00,COLLIE_ESR4,250.0,124.31,2,e6895680-9924-47a1-aea7-f481b415c0c3,IN-SERVICE,NOT APPLICABLE,124.24,0.0
2026-08-13T01:55:00+08:00,COLLIE_ESR5,-250.0,108.94,1,38c1e0f1-5de0-4ce3-93ea-0167d199a374,IN-SERVICE,NOT APPLICABLE,108.87,0.0
2026-08-13T01:55:00+08:00,COLLIE_ESR5,250.0,124.2,2,38c1e0f1-5de0-4ce3-93ea-0167d199a374,IN-SERVICE,NOT APPLICABLE,124.13,0.0
2026-08-13T02:00:00+08:00,KWINANA_ESR1,-100.0,101.68,1,3c585177-ee80-4bf4-90ea-424198761ab5,IN-SERVICE,NOT APPLICABLE,101.64,0.0
2026-08-13T02:00:00+08:00,KWINANA_ESR1,100.0,116.42,2,3c585177-ee80-4bf4-90ea-424198761ab5,IN-SERVICE,NOT APPLICABLE,116.37,0.0
2026-08-13T02:00:00+08:00,COLLIE_ESR1,0.0,-1000.0,1,b7e46ac7-0af6-495e-85fb-3d1efc44fc0e,IN-SERVICE,NON-LIQUID,-999.4,
2026-08-13T02:00:00+08:00,COLLIE_ESR1,-100.0,-42.46,2,b7e46ac7-0af6-495e-85fb-3d1efc44fc0e,IN-SERVICE,NON-LIQUID,-42.43,
2026-08-13T02:00:00+08:00,COLLIE_ESR1,-100.0,-10.0,3,b7e46ac7-0af6-495e-85fb-3d1efc44fc0e,IN-SERVICE,NON-LIQUID,-9.99,
2026-08-13T02:00:00+08:00,COLLIE_ESR1,0.0,34.02,4,b7e46ac7-0af6-495e-85fb-3d1efc44fc0e,IN-SERVICE,NON-LIQUID,34.0,
2026-08-13T02:00:00+08:00,COLLIE_ESR1,0.0,60.0,5,b7e46ac7-0af6-495e-85fb-3d1efc44fc0e,IN-SERVICE,NON-LIQUID,59.96,
2026-08-13T02:00:00+08:00,COLLIE_ESR1,50.0,250.0,6,b7e46ac7-0af6-495e-85fb-3d1efc44fc0e,IN-SERVICE,NON-LIQUID,249.85,
2026-08-13T02:00:00+08:00,COLLIE_ESR1,100.0,367.0,7,b7e46ac7-0af6-495e-85fb-3d1efc44fc0e,IN-SERVICE,NON-LIQUID,366.78,
2026-08-13T02:00:00+08:00,COLLIE_ESR1,0.0,400.0,8,b7e46ac7-0af6-495e-85fb-3d1efc44fc0e,IN-SERVICE,NON-LIQUID,399.76,
2026-08-13T02:00:00+08:00,COLLIE_ESR1,50.0,622.0,9,b7e46ac7-0af6-495e-85fb-3d1efc44fc0e,IN-SERVICE,NON-LIQUID,621.63,
2026-08-13T02:00:00+08:00,COLLIE_ESR1,0.0,1200.0,10,b7e46ac7-0af6-495e-85fb-3d1efc44fc0e,IN-SERVICE,NON-LIQUID,1199.28,
2026-08-13T02:00:00+08:00,KWINANA_ESR2,-225.0,109.12,1,028eb640-8d43-4aab-a699-79f4e36adde7,IN-SERVICE,NOT APPLICABLE,109.01,0.0
2026-08-13T02:00:00+08:00,KWINANA_ESR2,225.0,124.12,2,028eb640-8d43-4aab-a699-79f4e36adde7,IN-SERVICE,NOT APPLICABLE,124.0,0.0
2026-08-13T02:00:00+08:00,COLLIE_BESS2,0.0,-990.1,1,1c1ffdc2-6020-494a-9e1f-35056588b98a,IN-SERVICE,NON-LIQUID,-1000.0,
2026-08-13T02:00:00+08:00,COLLIE_BESS2,-150.0,-42.46,2,1c1ffdc2-6020-494a-9e1f-35056588b98a,IN-SERVICE,NON-LIQUID,-42.88,
2026-08-13T02:00:00+08:00,COLLIE_BESS2,-150.0,-10.0,3,1c1ffdc2-6020-494a-9e1f-35056588b98a,IN-SERVICE,NON-LIQUID,-10.1,
2026-08-13T02:00:00+08:00,COLLIE_BESS2,0.0,34.02,4,1c1ffdc2-6020-494a-9e1f-35056588b98a,IN-SERVICE,NON-LIQUID,34.36,
2026-08-13T02:00:00+08:00,COLLIE_BESS2,0.0,60.0,5,1c1ffdc2-6020-494a-9e1f-35056588b98a,IN-SERVICE,NON-LIQUID,60.6,
2026-08-13T02:00:00+08:00,COLLIE_BESS2,75.0,250.0,6,1c1ffdc2-6020-494a-9e1f-35056588b98a,IN-SERVICE,NON-LIQUID,252.5,
2026-08-13T02:00:00+08:00,COLLIE_BESS2,75.0,367.0,7,1c1ffdc2-6020-494a-9e1f-35056588b98a,IN-SERVICE,NON-LIQUID,370.67,
2026-08-13T02:00:00+08:00,COLLIE_BESS2,0.0,395.91,8,1c1ffdc2-6020-494a-9e1f-35056588b98a,IN-SERVICE,NON-LIQUID,399.87,
2026-08-13T02:00:00+08:00,COLLIE_BESS2,150.0,622.0,9,1c1ffdc2-6020-494a-9e1f-35056588b98a,IN-SERVICE,NON-LIQUID,628.22,
2026-08-13T02:00:00+08:00,COLLIE_BESS2,0.0,1188.12,10,1c1ffdc2-6020-494a-9e1f-35056588b98a,IN-SERVICE,NON-LIQUID,1200.0,
2026-08-13T02:00:00+08:00,COLLIE_ESR4,-250.0,108.83,1,e6895680-9924-47a1-aea7-f481b415c0c3,IN-SERVICE,NOT APPLICABLE,108.76,0.0
2026-08-13T02:00:00+08:00,COLLIE_ESR4,250.0,124.31,2,e6895680-9924-47a1-aea7-f481b415c0c3,IN-SERVICE,NOT APPLICABLE,124.24,0.0
2026-08-13T02:00:00+08:00,COLLIE_ESR5,-250.0,108.94,1,38c1e0f1-5de0-4ce3-93ea-0167d199a374,IN-SERVICE,NOT APPLICABLE,108.87,0.0
2026-08-13T02:00:00+08:00,COLLIE_ESR5,250.0,124.2,2,38c1e0f1-5de0-4ce3-93ea-0167d199a374,IN-SERVICE,NOT APPLICABLE,124.13,0.0
2026-08-13T02:05:00+08:00,KWINANA_ESR1,-100.0,110.25,1,64c8d3dc-e9b8-4845-9ff2-bcde0c19db41,IN-SERVICE,NOT APPLICABLE,110.21,0.0
2026-08-13T02:05:00+08:00,KWINANA_ESR1,100.0,124.99,2,64c8d3dc-e9b8-4845-9ff2-bcde0c19db41,IN-SERVICE,NOT APPLICABLE,124.94,0.0
2026-08-13T02:05:00+08:00,COLLIE_ESR1,0.0,-1000.0,1,23fcfb1f-eecf-4144-9246-c267b7eae816,IN-SERVICE,NON-LIQUID,-999.4,
2026-08-13T02:05:00+08:00,COLLIE_ESR1,-100.0,-42.46,2,23fcfb1f-eecf-4144-9246-c267b7eae816,IN-SERVICE,NON-LIQUID,-42.43,
2026-08-13T02:05:00+08:00,COLLIE_ESR1,-100.0,-10.0,3,23fcfb1f-eecf-4144-9246-c267b7eae816,IN-SERVICE,NON-LIQUID,-9.99,
2026-08-13T02:05:00+08:00,COLLIE_ESR1,0.0,34.02,4,23fcfb1f-eecf-4144-9246-c267b7eae816,IN-SERVICE,NON-LIQUID,34.0,
2026-08-13T02:05:00+08:00,COLLIE_ESR1,0.0,60.0,5,23fcfb1f-eecf-4144-9246-c267b7eae816,IN-SERVICE,NON-LIQUID,59.96,
2026-08-13T02:05:00+08:00,COLLIE_ESR1,50.0,250.0,6,23fcfb1f-eecf-4144-9246-c267b7eae816,IN-SERVICE,NON-LIQUID,249.85,
2026-08-13T02:05:00+08:00,COLLIE_ESR1,100.0,367.0,7,23fcfb1f-eecf-4144-9246-c267b7eae816,IN-SERVICE,NON-LIQUID,366.78,
2026-08-13T02:05:00+08:00,COLLIE_ESR1,0.0,400.0,8,23fcfb1f-eecf-4144-9246-c267b7eae816,IN-SERVICE,NON-LIQUID,399.76,
2026-08-13T02:05:00+08:00,COLLIE_ESR1,50.0,622.0,9,23fcfb1f-eecf-4144-9246-c267b7eae816,IN-SERVICE,NON-LIQUID,621.63,
2026-08-13T02:05:00+08:00,COLLIE_ESR1,0.0,1200.0,10,23fcfb1f-eecf-4144-9246-c267b7eae816,IN-SERVICE,NON-LIQUID,1199.28,
2026-08-13T02:05:00+08:00,KWINANA_ESR2,-225.0,123.83,1,453b76ff-1f64-4ebd-8b1d-86560a719b32,IN-SERVICE,NOT APPLICABLE,123.71,0.0
2026-08-13T02:05:00+08:00,KWINANA_ESR2,225.0,138.83,2,453b76ff-1f64-4ebd-8b1d-86560a719b32,IN-SERVICE,NOT APPLICABLE,138.69,0.0
2026-08-13T02:05:00+08:00,COLLIE_BESS2,0.0,-990.1,1,b1ff8b48-8944-4f36-9a3e-ecb634cf8090,IN-SERVICE,NON-LIQUID,-1000.0,
2026-08-13T02:05:00+08:00,COLLIE_BESS2,-150.0,-42.46,2,b1ff8b48-8944-4f36-9a3e-ecb634cf8090,IN-SERVICE,NON-LIQUID,-42.88,
2026-08-13T02:05:00+08:00,COLLIE_BESS2,-150.0,-10.0,3,b1ff8b48-8944-4f36-9a3e-ecb634cf8090,IN-SERVICE,NON-LIQUID,-10.1,
2026-08-13T02:05:00+08:00,COLLIE_BESS2,0.0,34.02,4,b1ff8b48-8944-4f36-9a3e-ecb634cf8090,IN-SERVICE,NON-LIQUID,34.36,
2026-08-13T02:05:00+08:00,COLLIE_BESS2,0.0,60.0,5,b1ff8b48-8944-4f36-9a3e-ecb634cf8090,IN-SERVICE,NON-LIQUID,60.6,
2026-08-13T02:05:00+08:00,COLLIE_BESS2,75.0,250.0,6,b1ff8b48-8944-4f36-9a3e-ecb634cf8090,IN-SERVICE,NON-LIQUID,252.5,
2026-08-13T02:05:00+08:00,COLLIE_BESS2,75.0,367.0,7,b1ff8b48-8944-4f36-9a3e-ecb634cf8090,IN-SERVICE,NON-LIQUID,370.67,
2026-08-13T02:05:00+08:00,COLLIE_BESS2,0.0,395.91,8,b1ff8b48-8944-4f36-9a3e-ecb634cf8090,IN-SERVICE,NON-LIQUID,399.87,
2026-08-13T02:05:00+08:00,COLLIE_BESS2,150.0,622.0,9,b1ff8b48-8944-4f36-9a3e-ecb634cf8090,IN-SERVICE,NON-LIQUID,628.22,
2026-08-13T02:05:00+08:00,COLLIE_BESS2,0.0,1188.12,10,b1ff8b48-8944-4f36-9a3e-ecb634cf8090,IN-SERVICE,NON-LIQUID,1200.0,
2026-08-13T02:05:00+08:00,COLLIE_ESR4,-250.0,123.54,1,f319bdd1-6428-402c-8a33-60493e807321,IN-SERVICE,NOT APPLICABLE,123.47,0.0
2026-08-13T02:05:00+08:00,COLLIE_ESR4,250.0,139.02,2,f319bdd1-6428-402c-8a33-60493e807321,IN-SERVICE,NOT APPLICABLE,138.94,0.0
2026-08-13T02:05:00+08:00,COLLIE_ESR5,-250.0,123.65,1,e6bb3b42-bf19-4ef8-9cc0-4fde8ac895fe,IN-SERVICE,NOT APPLICABLE,123.58,0.0
2026-08-13T02:05:00+08:00,COLLIE_ESR5,250.0,138.91,2,e6bb3b42-bf19-4ef8-9cc0-4fde8ac895fe,IN-SERVICE,NOT APPLICABLE,138.83,0.0
2026-08-13T02:10:00+08:00,KWINANA_ESR1,-100.0,110.25,1,64c8d3dc-e9b8-4845-9ff2-bcde0c19db41,IN-SERVICE,NOT APPLICABLE,110.21,0.0
2026-08-13T02:10:00+08:00,KWINANA_ESR1,100.0,124.99,2,64c8d3dc-e9b8-4845-9ff2-bcde0c19db41,IN-SERVICE,NOT APPLICABLE,124.94,0.0
2026-08-13T02:10:00+08:00,COLLIE_ESR1,0.0,-1000.0,1,50f4ca3f-a8b8-4793-9316-eba04efc7cad,IN-SERVICE,NON-LIQUID,-999.4,
2026-08-13T02:10:00+08:00,COLLIE_ESR1,-100.0,-42.46,2,50f4ca3f-a8b8-4793-9316-eba04efc7cad,IN-SERVICE,NON-LIQUID,-42.43,
2026-08-13T02:10:00+08:00,COLLIE_ESR1,-100.0,-10.0,3,50f4ca3f-a8b8-4793-9316-eba04efc7cad,IN-SERVICE,NON-LIQUID,-9.99,
2026-08-13T02:10:00+08:00,COLLIE_ESR1,0.0,34.02,4,50f4ca3f-a8b8-4793-9316-eba04efc7cad,IN-SERVICE,NON-LIQUID,34.0,
2026-08-13T02:10:00+08:00,COLLIE_ESR1,0.0,60.0,5,50f4ca3f-a8b8-4793-9316-eba04efc7cad,IN-SERVICE,NON-LIQUID,59.96,
2026-08-13T02:10:00+08:00,COLLIE_ESR1,50.0,250.0,6,50f4ca3f-a8b8-4793-9316-eba04efc7cad,IN-SERVICE,NON-LIQUID,249.85,
2026-08-13T02:10:00+08:00,COLLIE_ESR1,100.0,367.0,7,50f4ca3f-a8b8-4793-9316-eba04efc7cad,IN-SERVICE,NON-LIQUID,366.78,
2026-08-13T02:10:00+08:00,COLLIE_ESR1,0.0,400.0,8,50f4ca3f-a8b8-4793-9316-eba04efc7cad,IN-SERVICE,NON-LIQUID,399.76,
2026-08-13T02:10:00+08:00,COLLIE_ESR1,50.0,622.0,9,50f4ca3f-a8b8-4793-9316-eba04efc7cad,IN-SERVICE,NON-LIQUID,621.63,
2026-08-13T02:10:00+08:00,COLLIE_ESR1,0.0,1200.0,10,50f4ca3f-a8b8-4793-9316-eba04efc7cad,IN-SERVICE,NON-LIQUID,1199.28,
2026-08-13T02:10:00+08:00,KWINANA_ESR2,-225.0,123.83,1,453b76ff-1f64-4ebd-8b1d-86560a719b32,IN-SERVICE,NOT APPLICABLE,123.71,0.0
2026-08-13T02:10:00+08:00,KWINANA_ESR2,225.0,138.83,2,453b76ff-1f64-4ebd-8b1d-86560a719b32,IN-SERVICE,NOT APPLICABLE,138.69,0.0
2026-08-13T02:10:00+08:00,COLLIE_BESS2,0.0,-990.1,1,bc0e85f9-3dd0-405a-a036-f988a8bda4a3,IN-SERVICE,NON-LIQUID,-1000.0,
2026-08-13T02:10:00+08:00,COLLIE_BESS2,-150.0,-42.46,2,bc0e85f9-3dd0-405a-a036-f988a8bda4a3,IN-SERVICE,NON-LIQUID,-42.88,
2026-08-13T02:10:00+08:00,COLLIE_BESS2,-150.0,-10.0,3,bc0e85f9-3dd0-405a-a036-f988a8bda4a3,IN-SERVICE,NON-LIQUID,-10.1,
2026-08-13T02:10:00+08:00,COLLIE_BESS2,0.0,34.02,4,bc0e85f9-3dd0-405a-a036-f988a8bda4a3,IN-SERVICE,NON-LIQUID,34.36,
2026-08-13T02:10:00+08:00,COLLIE_BESS2,0.0,60.0,5,bc0e85f9-3dd0-405a-a036-f988a8bda4a3,IN-SERVICE,NON-LIQUID,60.6,
2026-08-13T02:10:00+08:00,COLLIE_BESS2,75.0,250.0,6,bc0e85f9-3dd0-405a-a036-f988a8bda4a3,IN-SERVICE,NON-LIQUID,252.5,
2026-08-13T02:10:00+08:00,COLLIE_BESS2,75.0,367.0,7,bc0e85f9-3dd0-405a-a036-f988a8bda4a3,IN-SERVICE,NON-LIQUID,370.67,
2026-08-13T02:10:00+08:00,COLLIE_BESS2,0.0,395.91,8,bc0e85f9-3dd0-405a-a036-f988a8bda4a3,IN-SERVICE,NON-LIQUID,399.87,
2026-08-13T02:10:00+08:00,COLLIE_BESS2,150.0,622.0,9,bc0e85f9-3dd0-405a-a036-f988a8bda4a3,IN-SERVICE,NON-LIQUID,628.22,
2026-08-13T02:10:00+08:00,COLLIE_BESS2,0.0,1188.12,10,bc0e85f9-3dd0-405a-a036-f988a8bda4a3,IN-SERVICE,NON-LIQUID,1200.0,
2026-08-13T02:10:00+08:00,COLLIE_ESR4,-250.0,123.54,1,f319bdd1-6428-402c-8a33-60493e807321,IN-SERVICE,NOT APPLICABLE,123.47,0.0
2026-08-13T02:10:00+08:00,COLLIE_ESR4,250.0,139.02,2,f319bdd1-6428-402c-8a33-60493e807321,IN-SERVICE,NOT APPLICABLE,138.94,0.0
2026-08-13T02:10:00+08:00,COLLIE_ESR5,-250.0,123.65,1,e6bb3b42-bf19-4ef8-9cc0-4fde8ac895fe,IN-SERVICE,NOT APPLICABLE,123.58,0.0
2026-08-13T02:10:00+08:00,COLLIE_ESR5,250.0,139.02,2,e6bb3b42-bf19-4ef8-9cc0-4fde8ac895fe,IN-SERVICE,NOT APPLICABLE,138.94,0.0
2026-08-13T02:15:00+08:00,KWINANA_ESR1,-100.0,110.25,1,64c8d3dc-e9b8-4845-9ff2-bcde0c19db41,IN-SERVICE,NOT APPLICABLE,110.21,0.0
2026-08-13T02:15:00+08:00,KWINANA_ESR1,100.0,124.99,2,64c8d3dc-e9b8-4845-9ff2-bcde0c19db41,IN-SERVICE,NOT APPLICABLE,124.94,0.0
2026-08-13T02:15:00+08:00,COLLIE_ESR1,0.0,-1000.0,1,faa59873-b8f6-4186-a342-9aa4cf9c9714,IN-SERVICE,NON-LIQUID,-999.4,
2026-08-13T02:15:00+08:00,COLLIE_ESR1,-100.0,-42.46,2,faa59873-b8f6-4186-a342-9aa4cf9c9714,IN-SERVICE,NON-LIQUID,-42.43,
2026-08-13T02:15:00+08:00,COLLIE_ESR1,-100.0,-10.0,3,faa59873-b8f6-4186-a342-9aa4cf9c9714,IN-SERVICE,NON-LIQUID,-9.99,
2026-08-13T02:15:00+08:00,COLLIE_ESR1,0.0,34.02,4,faa59873-b8f6-4186-a342-9aa4cf9c9714,IN-SERVICE,NON-LIQUID,34.0,
2026-08-13T02:15:00+08:00,COLLIE_ESR1,0.0,60.0,5,faa59873-b8f6-4186-a342-9aa4cf9c9714,IN-SERVICE,NON-LIQUID,59.96,
2026-08-13T02:15:00+08:00,COLLIE_ESR1,50.0,250.0,6,faa59873-b8f6-4186-a342-9aa4cf9c9714,IN-SERVICE,NON-LIQUID,249.85,
2026-08-13T02:15:00+08:00,COLLIE_ESR1,100.0,367.0,7,faa59873-b8f6-4186-a342-9aa4cf9c9714,IN-SERVICE,NON-LIQUID,366.78,
2026-08-13T02:15:00+08:00,COLLIE_ESR1,0.0,400.0,8,faa59873-b8f6-4186-a342-9aa4cf9c9714,IN-SERVICE,NON-LIQUID,399.76,
2026-08-13T02:15:00+08:00,COLLIE_ESR1,50.0,622.0,9,faa59873-b8f6-4186-a342-9aa4cf9c9714,IN-SERVICE,NON-LIQUID,621.63,
2026-08-13T02:15:00+08:00,COLLIE_ESR1,0.0,1200.0,10,faa59873-b8f6-4186-a342-9aa4cf9c9714,IN-SERVICE,NON-LIQUID,1199.28,
2026-08-13T02:15:00+08:00,KWINANA_ESR2,-225.0,123.83,1,453b76ff-1f64-4ebd-8b1d-86560a719b32,IN-SERVICE,NOT APPLICABLE,123.71,0.0
2026-08-13T02:15:00+08:00,KWINANA_ESR2,225.0,138.83,2,453b76ff-1f64-4ebd-8b1d-86560a719b32,IN-SERVICE,NOT APPLICABLE,138.69,0.0
2026-08-13T02:15:00+08:00,COLLIE_BESS2,0.0,-990.1,1,1f699aaa-e807-4eeb-bf53-3796601b642a,IN-SERVICE,NON-LIQUID,-1000.0,
2026-08-13T02:15:00+08:00,COLLIE_BESS2,-150.0,-42.46,2,1f699aaa-e807-4eeb-bf53-3796601b642a,IN-SERVICE,NON-LIQUID,-42.88,
2026-08-13T02:15:00+08:00,COLLIE_BESS2,-150.0,-10.0,3,1f699aaa-e807-4eeb-bf53-3796601b642a,IN-SERVICE,NON-LIQUID,-10.1,
2026-08-13T02:15:00+08:00,COLLIE_BESS2,0.0,34.02,4,1f699aaa-e807-4eeb-bf53-3796601b642a,IN-SERVICE,NON-LIQUID,34.36,
2026-08-13T02:15:00+08:00,COLLIE_BESS2,0.0,60.0,5,1f699aaa-e807-4eeb-bf53-3796601b642a,IN-SERVICE,NON-LIQUID,60.6,
2026-08-13T02:15:00+08:00,COLLIE_BESS2,75.0,250.0,6,1f699aaa-e807-4eeb-bf53-3796601b642a,IN-SERVICE,NON-LIQUID,252.5,
2026-08-13T02:15:00+08:00,COLLIE_BESS2,75.0,367.0,7,1f699aaa-e807-4eeb-bf53-3796601b642a,IN-SERVICE,NON-LIQUID,370.67,
2026-08-13T02:15:00+08:00,COLLIE_BESS2,0.0,395.91,8,1f699aaa-e807-4eeb-bf53-3796601b642a,IN-SERVICE,NON-LIQUID,399.87,
2026-08-13T02:15:00+08:00,COLLIE_BESS2,150.0,622.0,9,1f699aaa-e807-4eeb-bf53-3796601b642a,IN-SERVICE,NON-LIQUID,628.22,
2026-08-13T02:15:00+08:00,COLLIE_BESS2,0.0,1188.12,10,1f699aaa-e807-4eeb-bf53-3796601b642a,IN-SERVICE,NON-LIQUID,1200.0,
2026-08-13T02:15:00+08:00,COLLIE_ESR4,-250.0,123.54,1,f319bdd1-6428-402c-8a33-60493e807321,IN-SERVICE,NOT APPLICABLE,123.47,0.0
2026-08-13T02:15:00+08:00,COLLIE_ESR4,250.0,139.13,2,f319bdd1-6428-402c-8a33-60493e807321,IN-SERVICE,NOT APPLICABLE,139.05,0.0
2026-08-13T02:15:00+08:00,COLLIE_ESR5,-250.0,123.65,1,e6bb3b42-bf19-4ef8-9cc0-4fde8ac895fe,IN-SERVICE,NOT APPLICABLE,123.58,0.0
2026-08-13T02:15:00+08:00,COLLIE_ESR5,250.0,139.02,2,e6bb3b42-bf19-4ef8-9cc0-4fde8ac895fe,IN-SERVICE,NOT APPLICABLE,138.94,0.0
2026-08-13T02:20:00+08:00,KWINANA_ESR1,-100.0,116.51,1,c4d400e8-5c35-4cfd-b735-1bc81386f5a3,IN-SERVICE,NOT APPLICABLE,116.46,0.0
2026-08-13T02:20:00+08:00,KWINANA_ESR1,100.0,131.25,2,c4d400e8-5c35-4cfd-b735-1bc81386f5a3,IN-SERVICE,NOT APPLICABLE,131.2,0.0
2026-08-13T02:20:00+08:00,COLLIE_ESR1,0.0,-1000.0,1,1d63d5b0-3249-4724-a6a3-f54e2cef14fd,IN-SERVICE,NON-LIQUID,-999.4,
2026-08-13T02:20:00+08:00,COLLIE_ESR1,-100.0,-42.46,2,1d63d5b0-3249-4724-a6a3-f54e2cef14fd,IN-SERVICE,NON-LIQUID,-42.43,
2026-08-13T02:20:00+08:00,COLLIE_ESR1,-100.0,-10.0,3,1d63d5b0-3249-4724-a6a3-f54e2cef14fd,IN-SERVICE,NON-LIQUID,-9.99,
2026-08-13T02:20:00+08:00,COLLIE_ESR1,0.0,34.02,4,1d63d5b0-3249-4724-a6a3-f54e2cef14fd,IN-SERVICE,NON-LIQUID,34.0,
2026-08-13T02:20:00+08:00,COLLIE_ESR1,0.0,60.0,5,1d63d5b0-3249-4724-a6a3-f54e2cef14fd,IN-SERVICE,NON-LIQUID,59.96,
2026-08-13T02:20:00+08:00,COLLIE_ESR1,50.0,250.0,6,1d63d5b0-3249-4724-a6a3-f54e2cef14fd,IN-SERVICE,NON-LIQUID,249.85,
2026-08-13T02:20:00+08:00,COLLIE_ESR1,100.0,367.0,7,1d63d5b0-3249-4724-a6a3-f54e2cef14fd,IN-SERVICE,NON-LIQUID,366.78,
2026-08-13T02:20:00+08:00,COLLIE_ESR1,0.0,400.0,8,1d63d5b0-3249-4724-a6a3-f54e2cef14fd,IN-SERVICE,NON-LIQUID,399.76,
2026-08-13T02:20:00+08:00,COLLIE_ESR1,50.0,622.0,9,1d63d5b0-3249-4724-a6a3-f54e2cef14fd,IN-SERVICE,NON-LIQUID,621.63,
2026-08-13T02:20:00+08:00,COLLIE_ESR1,0.0,1200.0,10,1d63d5b0-3249-4724-a6a3-f54e2cef14fd,IN-SERVICE,NON-LIQUID,1199.28,
2026-08-13T02:20:00+08:00,KWINANA_ESR2,-225.0,123.83,1,dc36b9ba-1f2a-41a2-893f-15c3eac1bcfc,IN-SERVICE,NOT APPLICABLE,123.71,0.0
2026-08-13T02:20:00+08:00,KWINANA_ESR2,225.0,138.83,2,dc36b9ba-1f2a-41a2-893f-15c3eac1bcfc,IN-SERVICE,NOT APPLICABLE,138.69,0.0
2026-08-13T02:20:00+08:00,COLLIE_BESS2,0.0,-990.1,1,302ec73d-9d39-46ae-bf51-b87ca548a11b,IN-SERVICE,NON-LIQUID,-1000.0,
2026-08-13T02:20:00+08:00,COLLIE_BESS2,-150.0,-42.46,2,302ec73d-9d39-46ae-bf51-b87ca548a11b,IN-SERVICE,NON-LIQUID,-42.88,
2026-08-13T02:20:00+08:00,COLLIE_BESS2,-150.0,-10.0,3,302ec73d-9d39-46ae-bf51-b87ca548a11b,IN-SERVICE,NON-LIQUID,-10.1,
2026-08-13T02:20:00+08:00,COLLIE_BESS2,0.0,34.02,4,302ec73d-9d39-46ae-bf51-b87ca548a11b,IN-SERVICE,NON-LIQUID,34.36,
2026-08-13T02:20:00+08:00,COLLIE_BESS2,0.0,60.0,5,302ec73d-9d39-46ae-bf51-b87ca548a11b,IN-SERVICE,NON-LIQUID,60.6,
2026-08-13T02:20:00+08:00,COLLIE_BESS2,75.0,250.0,6,302ec73d-9d39-46ae-bf51-b87ca548a11b,IN-SERVICE,NON-LIQUID,252.5,
2026-08-13T02:20:00+08:00,COLLIE_BESS2,75.0,367.0,7,302ec73d-9d39-46ae-bf51-b87ca548a11b,IN-SERVICE,NON-LIQUID,370.67,
2026-08-13T02:20:00+08:00,COLLIE_BESS2,0.0,395.91,8,302ec73d-9d39-46ae-bf51-b87ca548a11b,IN-SERVICE,NON-LIQUID,399.87,
2026-08-13T02:20:00+08:00,COLLIE_BESS2,150.0,622.0,9,302ec73d-9d39-46ae-bf51-b87ca548a11b,IN-SERVICE,NON-LIQUID,628.22,
2026-08-13T02:20:00+08:00,COLLIE_BESS2,0.0,1188.12,10,302ec73d-9d39-46ae-bf51-b87ca548a11b,IN-SERVICE,NON-LIQUID,1200.0,
2026-08-13T02:20:00+08:00,COLLIE_ESR4,-250.0,123.65,1,9a83c408-38c5-4390-9f67-928b1e8ec80e,IN-SERVICE,NOT APPLICABLE,123.58,0.0
2026-08-13T02:20:00+08:00,COLLIE_ESR4,250.0,139.13,2,9a83c408-38c5-4390-9f67-928b1e8ec80e,IN-SERVICE,NOT APPLICABLE,139.05,0.0
2026-08-13T02:20:00+08:00,COLLIE_ESR5,-250.0,123.76,1,23815793-2da3-4f8b-b9cc-d87fc83052b5,IN-SERVICE,NOT APPLICABLE,123.69,0.0
2026-08-13T02:20:00+08:00,COLLIE_ESR5,250.0,139.02,2,23815793-2da3-4f8b-b9cc-d87fc83052b5,IN-SERVICE,NOT APPLICABLE,138.94,0.0
2026-08-13T02:25:00+08:00,KWINANA_ESR1,-100.0,116.51,1,c4d400e8-5c35-4cfd-b735-1bc81386f5a3,IN-SERVICE,NOT APPLICABLE,116.46,0.0
2026-08-13T02:25:00+08:00,KWINANA_ESR1,100.0,131.25,2,c4d400e8-5c35-4cfd-b735-1bc81386f5a3,IN-SERVICE,NOT APPLICABLE,131.2,0.0
2026-08-13T02:25:00+08:00,COLLIE_ESR1,0.0,-1000.0,1,d6333bdc-2cb2-4444-ab33-c47290e9075f,IN-SERVICE,NON-LIQUID,-999.4,
2026-08-13T02:25:00+08:00,COLLIE_ESR1,-100.0,-42.46,2,d6333bdc-2cb2-4444-ab33-c47290e9075f,IN-SERVICE,NON-LIQUID,-42.43,
2026-08-13T02:25:00+08:00,COLLIE_ESR1,-100.0,-10.0,3,d6333bdc-2cb2-4444-ab33-c47290e9075f,IN-SERVICE,NON-LIQUID,-9.99,
2026-08-13T02:25:00+08:00,COLLIE_ESR1,0.0,34.02,4,d6333bdc-2cb2-4444-ab33-c47290e9075f,IN-SERVICE,NON-LIQUID,34.0,
2026-08-13T02:25:00+08:00,COLLIE_ESR1,0.0,60.0,5,d6333bdc-2cb2-4444-ab33-c47290e9075f,IN-SERVICE,NON-LIQUID,59.96,
2026-08-13T02:25:00+08:00,COLLIE_ESR1,50.0,250.0,6,d6333bdc-2cb2-4444-ab33-c47290e9075f,IN-SERVICE,NON-LIQUID,249.85,
2026-08-13T02:25:00+08:00,COLLIE_ESR1,100.0,367.0,7,d6333bdc-2cb2-4444-ab33-c47290e9075f,IN-SERVICE,NON-LIQUID,366.78,
2026-08-13T02:25:00+08:00,COLLIE_ESR1,0.0,400.0,8,d6333bdc-2cb2-4444-ab33-c47290e9075f,IN-SERVICE,NON-LIQUID,399.76,
2026-08-13T02:25:00+08:00,COLLIE_ESR1,50.0,622.0,9,d6333bdc-2cb2-4444-ab33-c47290e9075f,IN-SERVICE,NON-LIQUID,621.63,
2026-08-13T02:25:00+08:00,COLLIE_ESR1,0.0,1200.0,10,d6333bdc-2cb2-4444-ab33-c47290e9075f,IN-SERVICE,NON-LIQUID,1199.28,
2026-08-13T02:25:00+08:00,KWINANA_ESR2,-225.0,123.83,1,dc36b9ba-1f2a-41a2-893f-15c3eac1bcfc,IN-SERVICE,NOT APPLICABLE,123.71,0.0
2026-08-13T02:25:00+08:00,KWINANA_ESR2,225.0,138.83,2,dc36b9ba-1f2a-41a2-893f-15c3eac1bcfc,IN-SERVICE,NOT APPLICABLE,138.69,0.0
2026-08-13T02:25:00+08:00,COLLIE_BESS2,0.0,-990.1,1,c1908afc-c51c-4dbf-bec6-73f8c2a15311,IN-SERVICE,NON-LIQUID,-1000.0,
2026-08-13T02:25:00+08:00,COLLIE_BESS2,-150.0,-42.46,2,c1908afc-c51c-4dbf-bec6-73f8c2a15311,IN-SERVICE,NON-LIQUID,-42.88,
2026-08-13T02:25:00+08:00,COLLIE_BESS2,-150.0,-10.0,3,c1908afc-c51c-4dbf-bec6-73f8c2a15311,IN-SERVICE,NON-LIQUID,-10.1,
2026-08-13T02:25:00+08:00,COLLIE_BESS2,0.0,34.02,4,c1908afc-c51c-4dbf-bec6-73f8c2a15311,IN-SERVICE,NON-LIQUID,34.36,
2026-08-13T02:25:00+08:00,COLLIE_BESS2,0.0,60.0,5,c1908afc-c51c-4dbf-bec6-73f8c2a15311,IN-SERVICE,NON-LIQUID,60.6,
2026-08-13T02:25:00+08:00,COLLIE_BESS2,75.0,250.0,6,c1908afc-c51c-4dbf-bec6-73f8c2a15311,IN-SERVICE,NON-LIQUID,252.5,
2026-08-13T02:25:00+08:00,COLLIE_BESS2,75.0,367.0,7,c1908afc-c51c-4dbf-bec6-73f8c2a15311,IN-SERVICE,NON-LIQUID,370.67,
2026-08-13T02:25:00+08:00,COLLIE_BESS2,0.0,395.91,8,c1908afc-c51c-4dbf-bec6-73f8c2a15311,IN-SERVICE,NON-LIQUID,399.87,
2026-08-13T02:25:00+08:00,COLLIE_BESS2,150.0,622.0,9,c1908afc-c51c-4dbf-bec6-73f8c2a15311,IN-SERVICE,NON-LIQUID,628.22,
2026-08-13T02:25:00+08:00,COLLIE_BESS2,0.0,1188.12,10,c1908afc-c51c-4dbf-bec6-73f8c2a15311,IN-SERVICE,NON-LIQUID,1200.0,
2026-08-13T02:25:00+08:00,COLLIE_ESR4,-250.0,123.65,1,9a83c408-38c5-4390-9f67-928b1e8ec80e,IN-SERVICE,NOT APPLICABLE,123.58,0.0
2026-08-13T02:25:00+08:00,COLLIE_ESR4,250.0,139.13,2,9a83c408-38c5-4390-9f67-928b1e8ec80e,IN-SERVICE,NOT APPLICABLE,139.05,0.0
2026-08-13T02:25:00+08:00,COLLIE_ESR5,-250.0,123.76,1,23815793-2da3-4f8b-b9cc-d87fc83052b5,IN-SERVICE,NOT APPLICABLE,123.69,0.0
2026-08-13T02:25:00+08:00,COLLIE_ESR5,250.0,139.02,2,23815793-2da3-4f8b-b9cc-d87fc83052b5,IN-SERVICE,NOT APPLICABLE,138.94,0.0
2026-08-13T02:30:00+08:00,KWINANA_ESR1,-100.0,116.51,1,c4d400e8-5c35-4cfd-b735-1bc81386f5a3,IN-SERVICE,NOT APPLICABLE,116.46,0.0
2026-08-13T02:30:00+08:00,KWINANA_ESR1,100.0,131.25,2,c4d400e8-5c35-4cfd-b735-1bc81386f5a3,IN-SERVICE,NOT APPLICABLE,131.2,0.0
2026-08-13T02:30:00+08:00,COLLIE_ESR1,0.0,-1000.0,1,039978db-c993-499b-b667-649ad731658d,IN-SERVICE,NON-LIQUID,-999.4,
2026-08-13T02:30:00+08:00,COLLIE_ESR1,-100.0,-42.46,2,039978db-c993-499b-b667-649ad731658d,IN-SERVICE,NON-LIQUID,-42.43,
2026-08-13T02:30:00+08:00,COLLIE_ESR1,-100.0,-10.0,3,039978db-c993-499b-b667-649ad731658d,IN-SERVICE,NON-LIQUID,-9.99,
2026-08-13T02:30:00+08:00,COLLIE_ESR1,0.0,34.02,4,039978db-c993-499b-b667-649ad731658d,IN-SERVICE,NON-LIQUID,34.0,
2026-08-13T02:30:00+08:00,COLLIE_ESR1,0.0,46.58,5,039978db-c993-499b-b667-649ad731658d,IN-SERVICE,NON-LIQUID,46.55,
2026-08-13T02:30:00+08:00,COLLIE_ESR1,50.0,250.0,6,039978db-c993-499b-b667-649ad731658d,IN-SERVICE,NON-LIQUID,249.85,
2026-08-13T02:30:00+08:00,COLLIE_ESR1,100.0,367.0,7,039978db-c993-499b-b667-649ad731658d,IN-SERVICE,NON-LIQUID,366.78,
2026-08-13T02:30:00+08:00,COLLIE_ESR1,50.0,622.0,8,039978db-c993-499b-b667-649ad731658d,IN-SERVICE,NON-LIQUID,621.63,
2026-08-13T02:30:00+08:00,COLLIE_ESR1,0.0,1199.9,9,039978db-c993-499b-b667-649ad731658d,IN-SERVICE,NON-LIQUID,1199.18,
2026-08-13T02:30:00+08:00,COLLIE_ESR1,0.0,1200.0,10,039978db-c993-499b-b667-649ad731658d,IN-SERVICE,NON-LIQUID,1199.28,
2026-08-13T02:30:00+08:00,KWINANA_ESR2,-225.0,123.83,1,dc36b9ba-1f2a-41a2-893f-15c3eac1bcfc,IN-SERVICE,NOT APPLICABLE,123.71,0.0
2026-08-13T02:30:00+08:00,KWINANA_ESR2,225.0,138.83,2,dc36b9ba-1f2a-41a2-893f-15c3eac1bcfc,IN-SERVICE,NOT APPLICABLE,138.69,0.0
2026-08-13T02:30:00+08:00,COLLIE_BESS2,0.0,-990.1,1,1c6047fd-2b7b-4d1b-a336-0dfdfa192c2e,IN-SERVICE,NON-LIQUID,-1000.0,
2026-08-13T02:30:00+08:00,COLLIE_BESS2,-150.0,-42.46,2,1c6047fd-2b7b-4d1b-a336-0dfdfa192c2e,IN-SERVICE,NON-LIQUID,-42.88,
2026-08-13T02:30:00+08:00,COLLIE_BESS2,-150.0,-10.0,3,1c6047fd-2b7b-4d1b-a336-0dfdfa192c2e,IN-SERVICE,NON-LIQUID,-10.1,
2026-08-13T02:30:00+08:00,COLLIE_BESS2,0.0,34.02,4,1c6047fd-2b7b-4d1b-a336-0dfdfa192c2e,IN-SERVICE,NON-LIQUID,34.36,
2026-08-13T02:30:00+08:00,COLLIE_BESS2,0.0,46.58,5,1c6047fd-2b7b-4d1b-a336-0dfdfa192c2e,IN-SERVICE,NON-LIQUID,47.05,
2026-08-13T02:30:00+08:00,COLLIE_BESS2,75.0,250.0,6,1c6047fd-2b7b-4d1b-a336-0dfdfa192c2e,IN-SERVICE,NON-LIQUID,252.5,
2026-08-13T02:30:00+08:00,COLLIE_BESS2,75.0,367.0,7,1c6047fd-2b7b-4d1b-a336-0dfdfa192c2e,IN-SERVICE,NON-LIQUID,370.67,
2026-08-13T02:30:00+08:00,COLLIE_BESS2,150.0,622.0,8,1c6047fd-2b7b-4d1b-a336-0dfdfa192c2e,IN-SERVICE,NON-LIQUID,628.22,
2026-08-13T02:30:00+08:00,COLLIE_BESS2,0.0,1188.12,9,1c6047fd-2b7b-4d1b-a336-0dfdfa192c2e,IN-SERVICE,NON-LIQUID,1200.0,
2026-08-13T02:30:00+08:00,COLLIE_BESS2,0.0,1188.12,10,1c6047fd-2b7b-4d1b-a336-0dfdfa192c2e,IN-SERVICE,NON-LIQUID,1200.0,
2026-08-13T02:30:00+08:00,COLLIE_ESR4,-250.0,126.35,1,9a83c408-38c5-4390-9f67-928b1e8ec80e,IN-SERVICE,NOT APPLICABLE,126.27,0.0
2026-08-13T02:30:00+08:00,COLLIE_ESR4,250.0,139.13,2,9a83c408-38c5-4390-9f67-928b1e8ec80e,IN-SERVICE,NOT APPLICABLE,139.05,0.0
2026-08-13T02:30:00+08:00,COLLIE_ESR5,-250.0,123.76,1,23815793-2da3-4f8b-b9cc-d87fc83052b5,IN-SERVICE,NOT APPLICABLE,123.69,0.0
2026-08-13T02:30:00+08:00,COLLIE_ESR5,250.0,139.02,2,23815793-2da3-4f8b-b9cc-d87fc83052b5,IN-SERVICE,NOT APPLICABLE,138.94,0.0
2026-08-13T02:35:00+08:00,KWINANA_ESR1,-100.0,126.69,1,bad964ea-c599-408a-aa15-4aa03699f64d,IN-SERVICE,NOT APPLICABLE,126.64,0.0
2026-08-13T02:35:00+08:00,KWINANA_ESR1,100.0,141.43,2,bad964ea-c599-408a-aa15-4aa03699f64d,IN-SERVICE,NOT APPLICABLE,141.37,0.0
2026-08-13T02:35:00+08:00,COLLIE_ESR1,0.0,-1000.0,1,7264b6a3-6465-44ff-9dc6-32e44423def9,IN-SERVICE,NON-LIQUID,-999.4,
2026-08-13T02:35:00+08:00,COLLIE_ESR1,-100.0,-42.46,2,7264b6a3-6465-44ff-9dc6-32e44423def9,IN-SERVICE,NON-LIQUID,-42.43,
2026-08-13T02:35:00+08:00,COLLIE_ESR1,-100.0,-10.0,3,7264b6a3-6465-44ff-9dc6-32e44423def9,IN-SERVICE,NON-LIQUID,-9.99,
2026-08-13T02:35:00+08:00,COLLIE_ESR1,0.0,34.02,4,7264b6a3-6465-44ff-9dc6-32e44423def9,IN-SERVICE,NON-LIQUID,34.0,
2026-08-13T02:35:00+08:00,COLLIE_ESR1,0.0,46.58,5,7264b6a3-6465-44ff-9dc6-32e44423def9,IN-SERVICE,NON-LIQUID,46.55,
2026-08-13T02:35:00+08:00,COLLIE_ESR1,50.0,250.0,6,7264b6a3-6465-44ff-9dc6-32e44423def9,IN-SERVICE,NON-LIQUID,249.85,
2026-08-13T02:35:00+08:00,COLLIE_ESR1,100.0,367.0,7,7264b6a3-6465-44ff-9dc6-32e44423def9,IN-SERVICE,NON-LIQUID,366.78,
2026-08-13T02:35:00+08:00,COLLIE_ESR1,50.0,622.0,8,7264b6a3-6465-44ff-9dc6-32e44423def9,IN-SERVICE,NON-LIQUID,621.63,
2026-08-13T02:35:00+08:00,COLLIE_ESR1,0.0,1199.9,9,7264b6a3-6465-44ff-9dc6-32e44423def9,IN-SERVICE,NON-LIQUID,1199.18,
2026-08-13T02:35:00+08:00,COLLIE_ESR1,0.0,1200.0,10,7264b6a3-6465-44ff-9dc6-32e44423def9,IN-SERVICE,NON-LIQUID,1199.28,
2026-08-13T02:35:00+08:00,KWINANA_ESR2,-225.0,128.26,1,7c4666f7-6317-4786-a552-584bb06e7b18,IN-SERVICE,NOT APPLICABLE,128.13,0.0
2026-08-13T02:35:00+08:00,KWINANA_ESR2,225.0,143.26,2,7c4666f7-6317-4786-a552-584bb06e7b18,IN-SERVICE,NOT APPLICABLE,143.12,0.0
2026-08-13T02:35:00+08:00,COLLIE_BESS2,0.0,-990.1,1,ee64c7dc-6192-4115-9eff-44136ac58ba1,IN-SERVICE,NON-LIQUID,-1000.0,
2026-08-13T02:35:00+08:00,COLLIE_BESS2,-150.0,-42.46,2,ee64c7dc-6192-4115-9eff-44136ac58ba1,IN-SERVICE,NON-LIQUID,-42.88,
2026-08-13T02:35:00+08:00,COLLIE_BESS2,-150.0,-10.0,3,ee64c7dc-6192-4115-9eff-44136ac58ba1,IN-SERVICE,NON-LIQUID,-10.1,
2026-08-13T02:35:00+08:00,COLLIE_BESS2,0.0,34.02,4,ee64c7dc-6192-4115-9eff-44136ac58ba1,IN-SERVICE,NON-LIQUID,34.36,
2026-08-13T02:35:00+08:00,COLLIE_BESS2,0.0,46.58,5,ee64c7dc-6192-4115-9eff-44136ac58ba1,IN-SERVICE,NON-LIQUID,47.05,
2026-08-13T02:35:00+08:00,COLLIE_BESS2,75.0,250.0,6,ee64c7dc-6192-4115-9eff-44136ac58ba1,IN-SERVICE,NON-LIQUID,252.5,
2026-08-13T02:35:00+08:00,COLLIE_BESS2,75.0,367.0,7,ee64c7dc-6192-4115-9eff-44136ac58ba1,IN-SERVICE,NON-LIQUID,370.67,
2026-08-13T02:35:00+08:00,COLLIE_BESS2,150.0,622.0,8,ee64c7dc-6192-4115-9eff-44136ac58ba1,IN-SERVICE,NON-LIQUID,628.22,
2026-08-13T02:35:00+08:00,COLLIE_BESS2,0.0,1188.12,9,ee64c7dc-6192-4115-9eff-44136ac58ba1,IN-SERVICE,NON-LIQUID,1200.0,
2026-08-13T02:35:00+08:00,COLLIE_BESS2,0.0,1188.12,10,ee64c7dc-6192-4115-9eff-44136ac58ba1,IN-SERVICE,NON-LIQUID,1200.0,
2026-08-13T02:35:00+08:00,COLLIE_ESR4,-250.0,131.17,1,7002d7bd-d7c4-4b50-be6f-cd0f77ecddc6,IN-SERVICE,NOT APPLICABLE,131.09,0.0
2026-08-13T02:35:00+08:00,COLLIE_ESR4,250.0,146.65,2,7002d7bd-d7c4-4b50-be6f-cd0f77ecddc6,IN-SERVICE,NOT APPLICABLE,146.56,0.0
2026-08-13T02:35:00+08:00,COLLIE_ESR5,-250.0,131.28,1,90299d5c-030f-4298-9783-5d4715aa8e8c,IN-SERVICE,NOT APPLICABLE,131.2,0.0
2026-08-13T02:35:00+08:00,COLLIE_ESR5,250.0,146.54,2,90299d5c-030f-4298-9783-5d4715aa8e8c,IN-SERVICE,NOT APPLICABLE,146.45,0.0
2026-08-13T02:40:00+08:00,KWINANA_ESR1,-100.0,126.69,1,bad964ea-c599-408a-aa15-4aa03699f64d,IN-SERVICE,NOT APPLICABLE,126.64,0.0
2026-08-13T02:40:00+08:00,KWINANA_ESR1,100.0,141.43,2,bad964ea-c599-408a-aa15-4aa03699f64d,IN-SERVICE,NOT APPLICABLE,141.37,0.0
2026-08-13T02:40:00+08:00,COLLIE_ESR1,0.0,-1000.0,1,e0979896-a5cc-4d85-8148-ca35c224cf4d,IN-SERVICE,NON-LIQUID,-999.4,
2026-08-13T02:40:00+08:00,COLLIE_ESR1,-100.0,-42.46,2,e0979896-a5cc-4d85-8148-ca35c224cf4d,IN-SERVICE,NON-LIQUID,-42.43,
2026-08-13T02:40:00+08:00,COLLIE_ESR1,-100.0,-10.0,3,e0979896-a5cc-4d85-8148-ca35c224cf4d,IN-SERVICE,NON-LIQUID,-9.99,
2026-08-13T02:40:00+08:00,COLLIE_ESR1,0.0,34.02,4,e0979896-a5cc-4d85-8148-ca35c224cf4d,IN-SERVICE,NON-LIQUID,34.0,
2026-08-13T02:40:00+08:00,COLLIE_ESR1,0.0,46.58,5,e0979896-a5cc-4d85-8148-ca35c224cf4d,IN-SERVICE,NON-LIQUID,46.55,
2026-08-13T02:40:00+08:00,COLLIE_ESR1,50.0,250.0,6,e0979896-a5cc-4d85-8148-ca35c224cf4d,IN-SERVICE,NON-LIQUID,249.85,
2026-08-13T02:40:00+08:00,COLLIE_ESR1,100.0,367.0,7,e0979896-a5cc-4d85-8148-ca35c224cf4d,IN-SERVICE,NON-LIQUID,366.78,
2026-08-13T02:40:00+08:00,COLLIE_ESR1,50.0,622.0,8,e0979896-a5cc-4d85-8148-ca35c224cf4d,IN-SERVICE,NON-LIQUID,621.63,
2026-08-13T02:40:00+08:00,COLLIE_ESR1,0.0,1199.9,9,e0979896-a5cc-4d85-8148-ca35c224cf4d,IN-SERVICE,NON-LIQUID,1199.18,
2026-08-13T02:40:00+08:00,COLLIE_ESR1,0.0,1200.0,10,e0979896-a5cc-4d85-8148-ca35c224cf4d,IN-SERVICE,NON-LIQUID,1199.28,
2026-08-13T02:40:00+08:00,KWINANA_ESR2,-225.0,128.26,1,7c4666f7-6317-4786-a552-584bb06e7b18,IN-SERVICE,NOT APPLICABLE,128.13,0.0
2026-08-13T02:40:00+08:00,KWINANA_ESR2,225.0,143.26,2,7c4666f7-6317-4786-a552-584bb06e7b18,IN-SERVICE,NOT APPLICABLE,143.12,0.0
2026-08-13T02:40:00+08:00,COLLIE_BESS2,0.0,-990.1,1,5083fe99-d5f1-48bb-bc51-739b787c609d,IN-SERVICE,NON-LIQUID,-1000.0,
2026-08-13T02:40:00+08:00,COLLIE_BESS2,-150.0,-42.46,2,5083fe99-d5f1-48bb-bc51-739b787c609d,IN-SERVICE,NON-LIQUID,-42.88,
2026-08-13T02:40:00+08:00,COLLIE_BESS2,-150.0,-10.0,3,5083fe99-d5f1-48bb-bc51-739b787c609d,IN-SERVICE,NON-LIQUID,-10.1,
2026-08-13T02:40:00+08:00,COLLIE_BESS2,0.0,34.02,4,5083fe99-d5f1-48bb-bc51-739b787c609d,IN-SERVICE,NON-LIQUID,34.36,
2026-08-13T02:40:00+08:00,COLLIE_BESS2,0.0,46.58,5,5083fe99-d5f1-48bb-bc51-739b787c609d,IN-SERVICE,NON-LIQUID,47.05,
2026-08-13T02:40:00+08:00,COLLIE_BESS2,75.0,250.0,6,5083fe99-d5f1-48bb-bc51-739b787c609d,IN-SERVICE,NON-LIQUID,252.5,
2026-08-13T02:40:00+08:00,COLLIE_BESS2,75.0,367.0,7,5083fe99-d5f1-48bb-bc51-739b787c609d,IN-SERVICE,NON-LIQUID,370.67,
2026-08-13T02:40:00+08:00,COLLIE_BESS2,150.0,622.0,8,5083fe99-d5f1-48bb-bc51-739b787c609d,IN-SERVICE,NON-LIQUID,628.22,
2026-08-13T02:40:00+08:00,COLLIE_BESS2,0.0,1188.12,9,5083fe99-d5f1-48bb-bc51-739b787c609d,IN-SERVICE,NON-LIQUID,1200.0,
2026-08-13T02:40:00+08:00,COLLIE_BESS2,0.0,1188.12,10,5083fe99-d5f1-48bb-bc51-739b787c609d,IN-SERVICE,NON-LIQUID,1200.0,
2026-08-13T02:40:00+08:00,COLLIE_ESR4,-250.0,131.17,1,7002d7bd-d7c4-4b50-be6f-cd0f77ecddc6,IN-SERVICE,NOT APPLICABLE,131.09,0.0
2026-08-13T02:40:00+08:00,COLLIE_ESR4,250.0,146.65,2,7002d7bd-d7c4-4b50-be6f-cd0f77ecddc6,IN-SERVICE,NOT APPLICABLE,146.56,0.0
2026-08-13T02:40:00+08:00,COLLIE_ESR5,-250.0,131.28,1,90299d5c-030f-4298-9783-5d4715aa8e8c,IN-SERVICE,NOT APPLICABLE,131.2,0.0
2026-08-13T02:40:00+08:00,COLLIE_ESR5,250.0,146.54,2,90299d5c-030f-4298-9783-5d4715aa8e8c,IN-SERVICE,NOT APPLICABLE,146.45,0.0
2026-08-13T02:45:00+08:00,KWINANA_ESR1,-100.0,128.07,1,bad964ea-c599-408a-aa15-4aa03699f64d,IN-SERVICE,NOT APPLICABLE,128.02,0.0
2026-08-13T02:45:00+08:00,KWINANA_ESR1,100.0,142.81,2,bad964ea-c599-408a-aa15-4aa03699f64d,IN-SERVICE,NOT APPLICABLE,142.75,0.0
2026-08-13T02:45:00+08:00,COLLIE_ESR1,0.0,-1000.0,1,9c9578ae-e7a9-45c9-83db-0ba1255170ed,IN-SERVICE,NON-LIQUID,-999.4,
2026-08-13T02:45:00+08:00,COLLIE_ESR1,-100.0,-42.46,2,9c9578ae-e7a9-45c9-83db-0ba1255170ed,IN-SERVICE,NON-LIQUID,-42.43,
2026-08-13T02:45:00+08:00,COLLIE_ESR1,-100.0,-10.0,3,9c9578ae-e7a9-45c9-83db-0ba1255170ed,IN-SERVICE,NON-LIQUID,-9.99,
2026-08-13T02:45:00+08:00,COLLIE_ESR1,0.0,34.02,4,9c9578ae-e7a9-45c9-83db-0ba1255170ed,IN-SERVICE,NON-LIQUID,34.0,
2026-08-13T02:45:00+08:00,COLLIE_ESR1,0.0,46.58,5,9c9578ae-e7a9-45c9-83db-0ba1255170ed,IN-SERVICE,NON-LIQUID,46.55,
2026-08-13T02:45:00+08:00,COLLIE_ESR1,50.0,250.0,6,9c9578ae-e7a9-45c9-83db-0ba1255170ed,IN-SERVICE,NON-LIQUID,249.85,
2026-08-13T02:45:00+08:00,COLLIE_ESR1,100.0,367.0,7,9c9578ae-e7a9-45c9-83db-0ba1255170ed,IN-SERVICE,NON-LIQUID,366.78,
2026-08-13T02:45:00+08:00,COLLIE_ESR1,50.0,622.0,8,9c9578ae-e7a9-45c9-83db-0ba1255170ed,IN-SERVICE,NON-LIQUID,621.63,
2026-08-13T02:45:00+08:00,COLLIE_ESR1,0.0,1199.9,9,9c9578ae-e7a9-45c9-83db-0ba1255170ed,IN-SERVICE,NON-LIQUID,1199.18,
2026-08-13T02:45:00+08:00,COLLIE_ESR1,0.0,1200.0,10,9c9578ae-e7a9-45c9-83db-0ba1255170ed,IN-SERVICE,NON-LIQUID,1199.28,
2026-08-13T02:45:00+08:00,KWINANA_ESR2,-225.0,128.26,1,7c4666f7-6317-4786-a552-584bb06e7b18,IN-SERVICE,NOT APPLICABLE,128.13,0.0
2026-08-13T02:45:00+08:00,KWINANA_ESR2,225.0,143.26,2,7c4666f7-6317-4786-a552-584bb06e7b18,IN-SERVICE,NOT APPLICABLE,143.12,0.0
2026-08-13T02:45:00+08:00,COLLIE_BESS2,0.0,-990.1,1,7c5757fb-4dc4-41f4-9b6f-cad39f9618ce,IN-SERVICE,NON-LIQUID,-1000.0,
2026-08-13T02:45:00+08:00,COLLIE_BESS2,-150.0,-42.46,2,7c5757fb-4dc4-41f4-9b6f-cad39f9618ce,IN-SERVICE,NON-LIQUID,-42.88,
2026-08-13T02:45:00+08:00,COLLIE_BESS2,-150.0,-10.0,3,7c5757fb-4dc4-41f4-9b6f-cad39f9618ce,IN-SERVICE,NON-LIQUID,-10.1,
2026-08-13T02:45:00+08:00,COLLIE_BESS2,0.0,34.02,4,7c5757fb-4dc4-41f4-9b6f-cad39f9618ce,IN-SERVICE,NON-LIQUID,34.36,
2026-08-13T02:45:00+08:00,COLLIE_BESS2,0.0,46.58,5,7c5757fb-4dc4-41f4-9b6f-cad39f9618ce,IN-SERVICE,NON-LIQUID,47.05,
2026-08-13T02:45:00+08:00,COLLIE_BESS2,75.0,250.0,6,7c5757fb-4dc4-41f4-9b6f-cad39f9618ce,IN-SERVICE,NON-LIQUID,252.5,
2026-08-13T02:45:00+08:00,COLLIE_BESS2,75.0,367.0,7,7c5757fb-4dc4-41f4-9b6f-cad39f9618ce,IN-SERVICE,NON-LIQUID,370.67,
2026-08-13T02:45:00+08:00,COLLIE_BESS2,150.0,622.0,8,7c5757fb-4dc4-41f4-9b6f-cad39f9618ce,IN-SERVICE,NON-LIQUID,628.22,
2026-08-13T02:45:00+08:00,COLLIE_BESS2,0.0,1188.12,9,7c5757fb-4dc4-41f4-9b6f-cad39f9618ce,IN-SERVICE,NON-LIQUID,1200.0,
2026-08-13T02:45:00+08:00,COLLIE_BESS2,0.0,1188.12,10,7c5757fb-4dc4-41f4-9b6f-cad39f9618ce,IN-SERVICE,NON-LIQUID,1200.0,
2026-08-13T02:45:00+08:00,COLLIE_ESR4,-250.0,131.17,1,7002d7bd-d7c4-4b50-be6f-cd0f77ecddc6,IN-SERVICE,NOT APPLICABLE,131.09,0.0
2026-08-13T02:45:00+08:00,COLLIE_ESR4,250.0,146.65,2,7002d7bd-d7c4-4b50-be6f-cd0f77ecddc6,IN-SERVICE,NOT APPLICABLE,146.56,0.0
2026-08-13T02:45:00+08:00,COLLIE_ESR5,-250.0,131.28,1,90299d5c-030f-4298-9783-5d4715aa8e8c,IN-SERVICE,NOT APPLICABLE,131.2,0.0
2026-08-13T02:45:00+08:00,COLLIE_ESR5,250.0,147.74,2,90299d5c-030f-4298-9783-5d4715aa8e8c,IN-SERVICE,NOT APPLICABLE,147.65,0.0
2026-08-13T02:50:00+08:00,KWINANA_ESR1,-100.0,124.14,1,07a3e155-f52a-4927-8cb9-c53d603bcdca,IN-SERVICE,NOT APPLICABLE,124.09,0.0
2026-08-13T02:50:00+08:00,KWINANA_ESR1,100.0,138.88,2,07a3e155-f52a-4927-8cb9-c53d603bcdca,IN-SERVICE,NOT APPLICABLE,138.82,0.0
2026-08-13T02:50:00+08:00,COLLIE_ESR1,0.0,-1000.0,1,a6b84cf9-0ea2-46e6-9753-d2d8706fca8e,IN-SERVICE,NON-LIQUID,-999.4,
2026-08-13T02:50:00+08:00,COLLIE_ESR1,-100.0,-42.46,2,a6b84cf9-0ea2-46e6-9753-d2d8706fca8e,IN-SERVICE,NON-LIQUID,-42.43,
2026-08-13T02:50:00+08:00,COLLIE_ESR1,-100.0,-10.0,3,a6b84cf9-0ea2-46e6-9753-d2d8706fca8e,IN-SERVICE,NON-LIQUID,-9.99,
2026-08-13T02:50:00+08:00,COLLIE_ESR1,0.0,34.02,4,a6b84cf9-0ea2-46e6-9753-d2d8706fca8e,IN-SERVICE,NON-LIQUID,34.0,
2026-08-13T02:50:00+08:00,COLLIE_ESR1,0.0,46.58,5,a6b84cf9-0ea2-46e6-9753-d2d8706fca8e,IN-SERVICE,NON-LIQUID,46.55,
2026-08-13T02:50:00+08:00,COLLIE_ESR1,50.0,250.0,6,a6b84cf9-0ea2-46e6-9753-d2d8706fca8e,IN-SERVICE,NON-LIQUID,249.85,
2026-08-13T02:50:00+08:00,COLLIE_ESR1,100.0,367.0,7,a6b84cf9-0ea2-46e6-9753-d2d8706fca8e,IN-SERVICE,NON-LIQUID,366.78,
2026-08-13T02:50:00+08:00,COLLIE_ESR1,50.0,622.0,8,a6b84cf9-0ea2-46e6-9753-d2d8706fca8e,IN-SERVICE,NON-LIQUID,621.63,
2026-08-13T02:50:00+08:00,COLLIE_ESR1,0.0,1199.9,9,a6b84cf9-0ea2-46e6-9753-d2d8706fca8e,IN-SERVICE,NON-LIQUID,1199.18,
2026-08-13T02:50:00+08:00,COLLIE_ESR1,0.0,1200.0,10,a6b84cf9-0ea2-46e6-9753-d2d8706fca8e,IN-SERVICE,NON-LIQUID,1199.28,
2026-08-13T02:50:00+08:00,KWINANA_ESR2,-225.0,128.26,1,d94eab88-0ecf-4faf-87e2-fed7c883dbe6,IN-SERVICE,NOT APPLICABLE,128.13,0.0
2026-08-13T02:50:00+08:00,KWINANA_ESR2,225.0,146.47,2,d94eab88-0ecf-4faf-87e2-fed7c883dbe6,IN-SERVICE,NOT APPLICABLE,146.32,0.0
2026-08-13T02:50:00+08:00,COLLIE_BESS2,0.0,-990.1,1,06d2dd0b-93b5-4e26-b59b-4bf39b13c833,IN-SERVICE,NON-LIQUID,-1000.0,
2026-08-13T02:50:00+08:00,COLLIE_BESS2,-150.0,-42.46,2,06d2dd0b-93b5-4e26-b59b-4bf39b13c833,IN-SERVICE,NON-LIQUID,-42.88,
2026-08-13T02:50:00+08:00,COLLIE_BESS2,-150.0,-10.0,3,06d2dd0b-93b5-4e26-b59b-4bf39b13c833,IN-SERVICE,NON-LIQUID,-10.1,
2026-08-13T02:50:00+08:00,COLLIE_BESS2,0.0,34.02,4,06d2dd0b-93b5-4e26-b59b-4bf39b13c833,IN-SERVICE,NON-LIQUID,34.36,
2026-08-13T02:50:00+08:00,COLLIE_BESS2,0.0,46.58,5,06d2dd0b-93b5-4e26-b59b-4bf39b13c833,IN-SERVICE,NON-LIQUID,47.05,
2026-08-13T02:50:00+08:00,COLLIE_BESS2,75.0,250.0,6,06d2dd0b-93b5-4e26-b59b-4bf39b13c833,IN-SERVICE,NON-LIQUID,252.5,
2026-08-13T02:50:00+08:00,COLLIE_BESS2,75.0,367.0,7,06d2dd0b-93b5-4e26-b59b-4bf39b13c833,IN-SERVICE,NON-LIQUID,370.67,
2026-08-13T02:50:00+08:00,COLLIE_BESS2,150.0,622.0,8,06d2dd0b-93b5-4e26-b59b-4bf39b13c833,IN-SERVICE,NON-LIQUID,628.22,
2026-08-13T02:50:00+08:00,COLLIE_BESS2,0.0,1188.12,9,06d2dd0b-93b5-4e26-b59b-4bf39b13c833,IN-SERVICE,NON-LIQUID,1200.0,
2026-08-13T02:50:00+08:00,COLLIE_BESS2,0.0,1188.12,10,06d2dd0b-93b5-4e26-b59b-4bf39b13c833,IN-SERVICE,NON-LIQUID,1200.0,
2026-08-13T02:50:00+08:00,COLLIE_ESR4,-250.0,132.37,1,91407a62-833f-4fa8-9684-4d9a3cd5fc1a,IN-SERVICE,NOT APPLICABLE,132.29,0.0
2026-08-13T02:50:00+08:00,COLLIE_ESR4,250.0,147.85,2,91407a62-833f-4fa8-9684-4d9a3cd5fc1a,IN-SERVICE,NOT APPLICABLE,147.76,0.0
2026-08-13T02:50:00+08:00,COLLIE_ESR5,-250.0,131.28,1,0a6a5603-601e-4ee8-97aa-a31b935db4ee,IN-SERVICE,NOT APPLICABLE,131.2,0.0
2026-08-13T02:50:00+08:00,COLLIE_ESR5,250.0,146.54,2,0a6a5603-601e-4ee8-97aa-a31b935db4ee,IN-SERVICE,NOT APPLICABLE,146.45,0.0
2026-08-13T02:55:00+08:00,KWINANA_ESR1,-100.0,124.14,1,07a3e155-f52a-4927-8cb9-c53d603bcdca,IN-SERVICE,NOT APPLICABLE,124.09,0.0
2026-08-13T02:55:00+08:00,KWINANA_ESR1,100.0,138.88,2,07a3e155-f52a-4927-8cb9-c53d603bcdca,IN-SERVICE,NOT APPLICABLE,138.82,0.0
2026-08-13T02:55:00+08:00,COLLIE_ESR1,0.0,-1000.0,1,9a293abd-71dc-4d06-b79d-0318718d4222,IN-SERVICE,NON-LIQUID,-999.4,
2026-08-13T02:55:00+08:00,COLLIE_ESR1,-100.0,-42.46,2,9a293abd-71dc-4d06-b79d-0318718d4222,IN-SERVICE,NON-LIQUID,-42.43,
2026-08-13T02:55:00+08:00,COLLIE_ESR1,-100.0,-10.0,3,9a293abd-71dc-4d06-b79d-0318718d4222,IN-SERVICE,NON-LIQUID,-9.99,
2026-08-13T02:55:00+08:00,COLLIE_ESR1,0.0,34.02,4,9a293abd-71dc-4d06-b79d-0318718d4222,IN-SERVICE,NON-LIQUID,34.0,
2026-08-13T02:55:00+08:00,COLLIE_ESR1,0.0,46.58,5,9a293abd-71dc-4d06-b79d-0318718d4222,IN-SERVICE,NON-LIQUID,46.55,
2026-08-13T02:55:00+08:00,COLLIE_ESR1,50.0,250.0,6,9a293abd-71dc-4d06-b79d-0318718d4222,IN-SERVICE,NON-LIQUID,249.85,
2026-08-13T02:55:00+08:00,COLLIE_ESR1,100.0,367.0,7,9a293abd-71dc-4d06-b79d-0318718d4222,IN-SERVICE,NON-LIQUID,366.78,
2026-08-13T02:55:00+08:00,COLLIE_ESR1,50.0,622.0,8,9a293abd-71dc-4d06-b79d-0318718d4222,IN-SERVICE,NON-LIQUID,621.63,
2026-08-13T02:55:00+08:00,COLLIE_ESR1,0.0,1199.9,9,9a293abd-71dc-4d06-b79d-0318718d4222,IN-SERVICE,NON-LIQUID,1199.18,
2026-08-13T02:55:00+08:00,COLLIE_ESR1,0.0,1200.0,10,9a293abd-71dc-4d06-b79d-0318718d4222,IN-SERVICE,NON-LIQUID,1199.28,
2026-08-13T02:55:00+08:00,KWINANA_ESR2,-225.0,131.47,1,d94eab88-0ecf-4faf-87e2-fed7c883dbe6,IN-SERVICE,NOT APPLICABLE,131.34,0.0
2026-08-13T02:55:00+08:00,KWINANA_ESR2,225.0,146.47,2,d94eab88-0ecf-4faf-87e2-fed7c883dbe6,IN-SERVICE,NOT APPLICABLE,146.32,0.0
2026-08-13T02:55:00+08:00,COLLIE_BESS2,0.0,-990.1,1,be97d6e4-0d5a-463f-a130-38acd531202d,IN-SERVICE,NON-LIQUID,-1000.0,
2026-08-13T02:55:00+08:00,COLLIE_BESS2,-150.0,-42.46,2,be97d6e4-0d5a-463f-a130-38acd531202d,IN-SERVICE,NON-LIQUID,-42.88,
2026-08-13T02:55:00+08:00,COLLIE_BESS2,-150.0,-10.0,3,be97d6e4-0d5a-463f-a130-38acd531202d,IN-SERVICE,NON-LIQUID,-10.1,
2026-08-13T02:55:00+08:00,COLLIE_BESS2,0.0,34.02,4,be97d6e4-0d5a-463f-a130-38acd531202d,IN-SERVICE,NON-LIQUID,34.36,
2026-08-13T02:55:00+08:00,COLLIE_BESS2,0.0,46.58,5,be97d6e4-0d5a-463f-a130-38acd531202d,IN-SERVICE,NON-LIQUID,47.05,
2026-08-13T02:55:00+08:00,COLLIE_BESS2,75.0,250.0,6,be97d6e4-0d5a-463f-a130-38acd531202d,IN-SERVICE,NON-LIQUID,252.5,
2026-08-13T02:55:00+08:00,COLLIE_BESS2,75.0,367.0,7,be97d6e4-0d5a-463f-a130-38acd531202d,IN-SERVICE,NON-LIQUID,370.67,
2026-08-13T02:55:00+08:00,COLLIE_BESS2,150.0,622.0,8,be97d6e4-0d5a-463f-a130-38acd531202d,IN-SERVICE,NON-LIQUID,628.22,
2026-08-13T02:55:00+08:00,COLLIE_BESS2,0.0,1188.12,9,be97d6e4-0d5a-463f-a130-38acd531202d,IN-SERVICE,NON-LIQUID,1200.0,
2026-08-13T02:55:00+08:00,COLLIE_BESS2,0.0,1188.12,10,be97d6e4-0d5a-463f-a130-38acd531202d,IN-SERVICE,NON-LIQUID,1200.0,
2026-08-13T02:55:00+08:00,COLLIE_ESR4,-250.0,132.37,1,91407a62-833f-4fa8-9684-4d9a3cd5fc1a,IN-SERVICE,NOT APPLICABLE,132.29,0.0
2026-08-13T02:55:00+08:00,COLLIE_ESR4,250.0,147.85,2,91407a62-833f-4fa8-9684-4d9a3cd5fc1a,IN-SERVICE,NOT APPLICABLE,147.76,0.0
2026-08-13T02:55:00+08:00,COLLIE_ESR5,-250.0,131.28,1,0a6a5603-601e-4ee8-97aa-a31b935db4ee,IN-SERVICE,NOT APPLICABLE,131.2,0.0
2026-08-13T02:55:00+08:00,COLLIE_ESR5,250.0,146.54,2,0a6a5603-601e-4ee8-97aa-a31b935db4ee,IN-SERVICE,NOT APPLICABLE,146.45,0.0
2026-08-13T03:00:00+08:00,KWINANA_ESR1,-100.0,124.14,1,07a3e155-f52a-4927-8cb9-c53d603bcdca,IN-SERVICE,NOT APPLICABLE,124.09,0.0
2026-08-13T03:00:00+08:00,KWINANA_ESR1,100.0,138.88,2,07a3e155-f52a-4927-8cb9-c53d603bcdca,IN-SERVICE,NOT APPLICABLE,138.82,0.0
2026-08-13T03:00:00+08:00,COLLIE_ESR1,0.0,-1000.0,1,744dc6ae-78a3-425a-a167-78e998610de6,IN-SERVICE,NON-LIQUID,-999.4,
2026-08-13T03:00:00+08:00,COLLIE_ESR1,-100.0,-42.46,2,744dc6ae-78a3-425a-a167-78e998610de6,IN-SERVICE,NON-LIQUID,-42.43,
2026-08-13T03:00:00+08:00,COLLIE_ESR1,-100.0,-10.0,3,744dc6ae-78a3-425a-a167-78e998610de6,IN-SERVICE,NON-LIQUID,-9.99,
2026-08-13T03:00:00+08:00,COLLIE_ESR1,0.0,34.02,4,744dc6ae-78a3-425a-a167-78e998610de6,IN-SERVICE,NON-LIQUID,34.0,
2026-08-13T03:00:00+08:00,COLLIE_ESR1,0.0,60.0,5,744dc6ae-78a3-425a-a167-78e998610de6,IN-SERVICE,NON-LIQUID,59.96,
2026-08-13T03:00:00+08:00,COLLIE_ESR1,50.0,250.0,6,744dc6ae-78a3-425a-a167-78e998610de6,IN-SERVICE,NON-LIQUID,249.85,
2026-08-13T03:00:00+08:00,COLLIE_ESR1,100.0,367.0,7,744dc6ae-78a3-425a-a167-78e998610de6,IN-SERVICE,NON-LIQUID,366.78,
2026-08-13T03:00:00+08:00,COLLIE_ESR1,50.0,622.0,8,744dc6ae-78a3-425a-a167-78e998610de6,IN-SERVICE,NON-LIQUID,621.63,
2026-08-13T03:00:00+08:00,COLLIE_ESR1,0.0,684.71,9,744dc6ae-78a3-425a-a167-78e998610de6,IN-SERVICE,NON-LIQUID,684.3,
2026-08-13T03:00:00+08:00,COLLIE_ESR1,0.0,1200.0,10,744dc6ae-78a3-425a-a167-78e998610de6,IN-SERVICE,NON-LIQUID,1199.28,
2026-08-13T03:00:00+08:00,KWINANA_ESR2,-225.0,131.47,1,d94eab88-0ecf-4faf-87e2-fed7c883dbe6,IN-SERVICE,NOT APPLICABLE,131.34,0.0
2026-08-13T03:00:00+08:00,KWINANA_ESR2,225.0,146.47,2,d94eab88-0ecf-4faf-87e2-fed7c883dbe6,IN-SERVICE,NOT APPLICABLE,146.32,0.0
2026-08-13T03:00:00+08:00,COLLIE_BESS2,0.0,-990.1,1,bde96063-eb41-45e7-9bec-cc9f664c4d56,IN-SERVICE,NON-LIQUID,-1000.0,
2026-08-13T03:00:00+08:00,COLLIE_BESS2,-150.0,-42.46,2,bde96063-eb41-45e7-9bec-cc9f664c4d56,IN-SERVICE,NON-LIQUID,-42.88,
2026-08-13T03:00:00+08:00,COLLIE_BESS2,-150.0,-10.0,3,bde96063-eb41-45e7-9bec-cc9f664c4d56,IN-SERVICE,NON-LIQUID,-10.1,
2026-08-13T03:00:00+08:00,COLLIE_BESS2,0.0,34.02,4,bde96063-eb41-45e7-9bec-cc9f664c4d56,IN-SERVICE,NON-LIQUID,34.36,
2026-08-13T03:00:00+08:00,COLLIE_BESS2,0.0,60.0,5,bde96063-eb41-45e7-9bec-cc9f664c4d56,IN-SERVICE,NON-LIQUID,60.6,
2026-08-13T03:00:00+08:00,COLLIE_BESS2,75.0,250.0,6,bde96063-eb41-45e7-9bec-cc9f664c4d56,IN-SERVICE,NON-LIQUID,252.5,
2026-08-13T03:00:00+08:00,COLLIE_BESS2,75.0,367.0,7,bde96063-eb41-45e7-9bec-cc9f664c4d56,IN-SERVICE,NON-LIQUID,370.67,
2026-08-13T03:00:00+08:00,COLLIE_BESS2,150.0,622.0,8,bde96063-eb41-45e7-9bec-cc9f664c4d56,IN-SERVICE,NON-LIQUID,628.22,
2026-08-13T03:00:00+08:00,COLLIE_BESS2,0.0,684.71,9,bde96063-eb41-45e7-9bec-cc9f664c4d56,IN-SERVICE,NON-LIQUID,691.56,
2026-08-13T03:00:00+08:00,COLLIE_BESS2,0.0,1188.12,10,bde96063-eb41-45e7-9bec-cc9f664c4d56,IN-SERVICE,NON-LIQUID,1200.0,
2026-08-13T03:00:00+08:00,COLLIE_ESR4,-250.0,132.37,1,91407a62-833f-4fa8-9684-4d9a3cd5fc1a,IN-SERVICE,NOT APPLICABLE,132.29,0.0
2026-08-13T03:00:00+08:00,COLLIE_ESR4,250.0,147.85,2,91407a62-833f-4fa8-9684-4d9a3cd5fc1a,IN-SERVICE,NOT APPLICABLE,147.76,0.0
2026-08-13T03:00:00+08:00,COLLIE_ESR5,-250.0,132.48,1,0a6a5603-601e-4ee8-97aa-a31b935db4ee,IN-SERVICE,NOT APPLICABLE,132.4,0.0
2026-08-13T03:00:00+08:00,COLLIE_ESR5,250.0,146.54,2,0a6a5603-601e-4ee8-97aa-a31b935db4ee,IN-SERVICE,NOT APPLICABLE,146.45,0.0
2026-08-13T03:05:00+08:00,KWINANA_ESR1,-100.0,124.02,1,e916b687-a73b-4c08-a0e3-f2416ed8e3ee,IN-SERVICE,NOT APPLICABLE,123.97,0.0
2026-08-13T03:05:00+08:00,KWINANA_ESR1,100.0,138.76,2,e916b687-a73b-4c08-a0e3-f2416ed8e3ee,IN-SERVICE,NOT APPLICABLE,138.7,0.0
2026-08-13T03:05:00+08:00,COLLIE_ESR1,0.0,-1000.0,1,adb08116-464c-44fe-9237-7748e208a2df,IN-SERVICE,NON-LIQUID,-999.4,
2026-08-13T03:05:00+08:00,COLLIE_ESR1,-100.0,-42.46,2,adb08116-464c-44fe-9237-7748e208a2df,IN-SERVICE,NON-LIQUID,-42.43,
2026-08-13T03:05:00+08:00,COLLIE_ESR1,-100.0,-10.0,3,adb08116-464c-44fe-9237-7748e208a2df,IN-SERVICE,NON-LIQUID,-9.99,
2026-08-13T03:05:00+08:00,COLLIE_ESR1,0.0,34.02,4,adb08116-464c-44fe-9237-7748e208a2df,IN-SERVICE,NON-LIQUID,34.0,
2026-08-13T03:05:00+08:00,COLLIE_ESR1,0.0,60.0,5,adb08116-464c-44fe-9237-7748e208a2df,IN-SERVICE,NON-LIQUID,59.96,
2026-08-13T03:05:00+08:00,COLLIE_ESR1,50.0,250.0,6,adb08116-464c-44fe-9237-7748e208a2df,IN-SERVICE,NON-LIQUID,249.85,
2026-08-13T03:05:00+08:00,COLLIE_ESR1,100.0,367.0,7,adb08116-464c-44fe-9237-7748e208a2df,IN-SERVICE,NON-LIQUID,366.78,
2026-08-13T03:05:00+08:00,COLLIE_ESR1,50.0,622.0,8,adb08116-464c-44fe-9237-7748e208a2df,IN-SERVICE,NON-LIQUID,621.63,
2026-08-13T03:05:00+08:00,COLLIE_ESR1,0.0,684.71,9,adb08116-464c-44fe-9237-7748e208a2df,IN-SERVICE,NON-LIQUID,684.3,
2026-08-13T03:05:00+08:00,COLLIE_ESR1,0.0,1200.0,10,adb08116-464c-44fe-9237-7748e208a2df,IN-SERVICE,NON-LIQUID,1199.28,
2026-08-13T03:05:00+08:00,KWINANA_ESR2,-225.0,125.03,1,a2ec47b9-ac95-4698-beba-d7245b8d23ca,IN-SERVICE,NOT APPLICABLE,124.91,0.0
2026-08-13T03:05:00+08:00,KWINANA_ESR2,225.0,140.03,2,a2ec47b9-ac95-4698-beba-d7245b8d23ca,IN-SERVICE,NOT APPLICABLE,139.89,0.0
2026-08-13T03:05:00+08:00,COLLIE_BESS2,0.0,-990.1,1,455f918a-ced9-4ffa-b5ef-0be164c56fd5,IN-SERVICE,NON-LIQUID,-1000.0,
2026-08-13T03:05:00+08:00,COLLIE_BESS2,-150.0,-42.46,2,455f918a-ced9-4ffa-b5ef-0be164c56fd5,IN-SERVICE,NON-LIQUID,-42.88,
2026-08-13T03:05:00+08:00,COLLIE_BESS2,-150.0,-10.0,3,455f918a-ced9-4ffa-b5ef-0be164c56fd5,IN-SERVICE,NON-LIQUID,-10.1,
2026-08-13T03:05:00+08:00,COLLIE_BESS2,0.0,34.02,4,455f918a-ced9-4ffa-b5ef-0be164c56fd5,IN-SERVICE,NON-LIQUID,34.36,
2026-08-13T03:05:00+08:00,COLLIE_BESS2,0.0,60.0,5,455f918a-ced9-4ffa-b5ef-0be164c56fd5,IN-SERVICE,NON-LIQUID,60.6,
2026-08-13T03:05:00+08:00,COLLIE_BESS2,75.0,250.0,6,455f918a-ced9-4ffa-b5ef-0be164c56fd5,IN-SERVICE,NON-LIQUID,252.5,
2026-08-13T03:05:00+08:00,COLLIE_BESS2,75.0,367.0,7,455f918a-ced9-4ffa-b5ef-0be164c56fd5,IN-SERVICE,NON-LIQUID,370.67,
2026-08-13T03:05:00+08:00,COLLIE_BESS2,150.0,622.0,8,455f918a-ced9-4ffa-b5ef-0be164c56fd5,IN-SERVICE,NON-LIQUID,628.22,
2026-08-13T03:05:00+08:00,COLLIE_BESS2,0.0,684.71,9,455f918a-ced9-4ffa-b5ef-0be164c56fd5,IN-SERVICE,NON-LIQUID,691.56,
2026-08-13T03:05:00+08:00,COLLIE_BESS2,0.0,1188.12,10,455f918a-ced9-4ffa-b5ef-0be164c56fd5,IN-SERVICE,NON-LIQUID,1200.0,
2026-08-13T03:05:00+08:00,COLLIE_ESR4,-250.0,124.82,1,1343343c-8362-4ea4-baa4-757f9c6c4d35,IN-SERVICE,NOT APPLICABLE,124.75,0.0
2026-08-13T03:05:00+08:00,COLLIE_ESR4,250.0,140.3,2,1343343c-8362-4ea4-baa4-757f9c6c4d35,IN-SERVICE,NOT APPLICABLE,140.22,0.0
2026-08-13T03:05:00+08:00,COLLIE_ESR5,-250.0,124.93,1,abff572b-6bb3-4385-9ad4-d4c72d331cc0,IN-SERVICE,NOT APPLICABLE,124.86,0.0
2026-08-13T03:05:00+08:00,COLLIE_ESR5,250.0,140.19,2,abff572b-6bb3-4385-9ad4-d4c72d331cc0,IN-SERVICE,NOT APPLICABLE,140.11,0.0
2026-08-13T03:10:00+08:00,KWINANA_ESR1,-100.0,124.02,1,e916b687-a73b-4c08-a0e3-f2416ed8e3ee,IN-SERVICE,NOT APPLICABLE,123.97,0.0
2026-08-13T03:10:00+08:00,KWINANA_ESR1,100.0,138.76,2,e916b687-a73b-4c08-a0e3-f2416ed8e3ee,IN-SERVICE,NOT APPLICABLE,138.7,0.0
2026-08-13T03:10:00+08:00,COLLIE_ESR1,0.0,-1000.0,1,b3c969ba-26b4-42fa-bc2a-c525a5fe5b94,IN-SERVICE,NON-LIQUID,-999.4,
2026-08-13T03:10:00+08:00,COLLIE_ESR1,-100.0,-42.46,2,b3c969ba-26b4-42fa-bc2a-c525a5fe5b94,IN-SERVICE,NON-LIQUID,-42.43,
2026-08-13T03:10:00+08:00,COLLIE_ESR1,-100.0,-10.0,3,b3c969ba-26b4-42fa-bc2a-c525a5fe5b94,IN-SERVICE,NON-LIQUID,-9.99,
2026-08-13T03:10:00+08:00,COLLIE_ESR1,0.0,34.02,4,b3c969ba-26b4-42fa-bc2a-c525a5fe5b94,IN-SERVICE,NON-LIQUID,34.0,
2026-08-13T03:10:00+08:00,COLLIE_ESR1,0.0,60.0,5,b3c969ba-26b4-42fa-bc2a-c525a5fe5b94,IN-SERVICE,NON-LIQUID,59.96,
2026-08-13T03:10:00+08:00,COLLIE_ESR1,50.0,250.0,6,b3c969ba-26b4-42fa-bc2a-c525a5fe5b94,IN-SERVICE,NON-LIQUID,249.85,
2026-08-13T03:10:00+08:00,COLLIE_ESR1,100.0,367.0,7,b3c969ba-26b4-42fa-bc2a-c525a5fe5b94,IN-SERVICE,NON-LIQUID,366.78,
2026-08-13T03:10:00+08:00,COLLIE_ESR1,50.0,622.0,8,b3c969ba-26b4-42fa-bc2a-c525a5fe5b94,IN-SERVICE,NON-LIQUID,621.63,
2026-08-13T03:10:00+08:00,COLLIE_ESR1,0.0,684.71,9,b3c969ba-26b4-42fa-bc2a-c525a5fe5b94,IN-SERVICE,NON-LIQUID,684.3,
2026-08-13T03:10:00+08:00,COLLIE_ESR1,0.0,1200.0,10,b3c969ba-26b4-42fa-bc2a-c525a5fe5b94,IN-SERVICE,NON-LIQUID,1199.28,
2026-08-13T03:10:00+08:00,KWINANA_ESR2,-225.0,125.03,1,a2ec47b9-ac95-4698-beba-d7245b8d23ca,IN-SERVICE,NOT APPLICABLE,124.91,0.0
2026-08-13T03:10:00+08:00,KWINANA_ESR2,225.0,140.03,2,a2ec47b9-ac95-4698-beba-d7245b8d23ca,IN-SERVICE,NOT APPLICABLE,139.89,0.0
2026-08-13T03:10:00+08:00,COLLIE_BESS2,0.0,-990.1,1,014a42a5-626a-48d0-a14a-c347d7a53e72,IN-SERVICE,NON-LIQUID,-1000.0,
2026-08-13T03:10:00+08:00,COLLIE_BESS2,-150.0,-42.46,2,014a42a5-626a-48d0-a14a-c347d7a53e72,IN-SERVICE,NON-LIQUID,-42.88,
2026-08-13T03:10:00+08:00,COLLIE_BESS2,-150.0,-10.0,3,014a42a5-626a-48d0-a14a-c347d7a53e72,IN-SERVICE,NON-LIQUID,-10.1,
2026-08-13T03:10:00+08:00,COLLIE_BESS2,0.0,34.02,4,014a42a5-626a-48d0-a14a-c347d7a53e72,IN-SERVICE,NON-LIQUID,34.36,
2026-08-13T03:10:00+08:00,COLLIE_BESS2,0.0,60.0,5,014a42a5-626a-48d0-a14a-c347d7a53e72,IN-SERVICE,NON-LIQUID,60.6,
2026-08-13T03:10:00+08:00,COLLIE_BESS2,75.0,250.0,6,014a42a5-626a-48d0-a14a-c347d7a53e72,IN-SERVICE,NON-LIQUID,252.5,
2026-08-13T03:10:00+08:00,COLLIE_BESS2,75.0,367.0,7,014a42a5-626a-48d0-a14a-c347d7a53e72,IN-SERVICE,NON-LIQUID,370.67,
2026-08-13T03:10:00+08:00,COLLIE_BESS2,150.0,622.0,8,014a42a5-626a-48d0-a14a-c347d7a53e72,IN-SERVICE,NON-LIQUID,628.22,
2026-08-13T03:10:00+08:00,COLLIE_BESS2,0.0,684.71,9,014a42a5-626a-48d0-a14a-c347d7a53e72,IN-SERVICE,NON-LIQUID,691.56,
2026-08-13T03:10:00+08:00,COLLIE_BESS2,0.0,1188.12,10,014a42a5-626a-48d0-a14a-c347d7a53e72,IN-SERVICE,NON-LIQUID,1200.0,
2026-08-13T03:10:00+08:00,COLLIE_ESR4,-250.0,124.82,1,1343343c-8362-4ea4-baa4-757f9c6c4d35,IN-SERVICE,NOT APPLICABLE,124.75,0.0
2026-08-13T03:10:00+08:00,COLLIE_ESR4,250.0,140.3,2,1343343c-8362-4ea4-baa4-757f9c6c4d35,IN-SERVICE,NOT APPLICABLE,140.22,0.0
2026-08-13T03:10:00+08:00,COLLIE_ESR5,-250.0,124.93,1,abff572b-6bb3-4385-9ad4-d4c72d331cc0,IN-SERVICE,NOT APPLICABLE,124.86,0.0
2026-08-13T03:10:00+08:00,COLLIE_ESR5,250.0,140.19,2,abff572b-6bb3-4385-9ad4-d4c72d331cc0,IN-SERVICE,NOT APPLICABLE,140.11,0.0
2026-08-13T03:15:00+08:00,KWINANA_ESR1,-100.0,124.02,1,e916b687-a73b-4c08-a0e3-f2416ed8e3ee,IN-SERVICE,NOT APPLICABLE,123.97,0.0
2026-08-13T03:15:00+08:00,KWINANA_ESR1,100.0,138.76,2,e916b687-a73b-4c08-a0e3-f2416ed8e3ee,IN-SERVICE,NOT APPLICABLE,138.7,0.0
2026-08-13T03:15:00+08:00,COLLIE_ESR1,0.0,-1000.0,1,4863f401-d8b1-47c7-906c-77d2260896cf,IN-SERVICE,NON-LIQUID,-999.4,
2026-08-13T03:15:00+08:00,COLLIE_ESR1,-100.0,-42.46,2,4863f401-d8b1-47c7-906c-77d2260896cf,IN-SERVICE,NON-LIQUID,-42.43,
2026-08-13T03:15:00+08:00,COLLIE_ESR1,-100.0,-10.0,3,4863f401-d8b1-47c7-906c-77d2260896cf,IN-SERVICE,NON-LIQUID,-9.99,
2026-08-13T03:15:00+08:00,COLLIE_ESR1,0.0,34.02,4,4863f401-d8b1-47c7-906c-77d2260896cf,IN-SERVICE,NON-LIQUID,34.0,
2026-08-13T03:15:00+08:00,COLLIE_ESR1,0.0,60.0,5,4863f401-d8b1-47c7-906c-77d2260896cf,IN-SERVICE,NON-LIQUID,59.96,
2026-08-13T03:15:00+08:00,COLLIE_ESR1,50.0,250.0,6,4863f401-d8b1-47c7-906c-77d2260896cf,IN-SERVICE,NON-LIQUID,249.85,
2026-08-13T03:15:00+08:00,COLLIE_ESR1,100.0,367.0,7,4863f401-d8b1-47c7-906c-77d2260896cf,IN-SERVICE,NON-LIQUID,366.78,
2026-08-13T03:15:00+08:00,COLLIE_ESR1,50.0,622.0,8,4863f401-d8b1-47c7-906c-77d2260896cf,IN-SERVICE,NON-LIQUID,621.63,
2026-08-13T03:15:00+08:00,COLLIE_ESR1,0.0,684.71,9,4863f401-d8b1-47c7-906c-77d2260896cf,IN-SERVICE,NON-LIQUID,684.3,
2026-08-13T03:15:00+08:00,COLLIE_ESR1,0.0,1200.0,10,4863f401-d8b1-47c7-906c-77d2260896cf,IN-SERVICE,NON-LIQUID,1199.28,
2026-08-13T03:15:00+08:00,KWINANA_ESR2,-225.0,125.03,1,a2ec47b9-ac95-4698-beba-d7245b8d23ca,IN-SERVICE,NOT APPLICABLE,124.91,0.0
2026-08-13T03:15:00+08:00,KWINANA_ESR2,225.0,140.03,2,a2ec47b9-ac95-4698-beba-d7245b8d23ca,IN-SERVICE,NOT APPLICABLE,139.89,0.0
2026-08-13T03:15:00+08:00,COLLIE_BESS2,0.0,-990.1,1,a1ce66db-dec0-4e69-8a8c-63e13e2f83d4,IN-SERVICE,NON-LIQUID,-1000.0,
2026-08-13T03:15:00+08:00,COLLIE_BESS2,-150.0,-42.46,2,a1ce66db-dec0-4e69-8a8c-63e13e2f83d4,IN-SERVICE,NON-LIQUID,-42.88,
2026-08-13T03:15:00+08:00,COLLIE_BESS2,-150.0,-10.0,3,a1ce66db-dec0-4e69-8a8c-63e13e2f83d4,IN-SERVICE,NON-LIQUID,-10.1,
2026-08-13T03:15:00+08:00,COLLIE_BESS2,0.0,34.02,4,a1ce66db-dec0-4e69-8a8c-63e13e2f83d4,IN-SERVICE,NON-LIQUID,34.36,
2026-08-13T03:15:00+08:00,COLLIE_BESS2,0.0,60.0,5,a1ce66db-dec0-4e69-8a8c-63e13e2f83d4,IN-SERVICE,NON-LIQUID,60.6,
2026-08-13T03:15:00+08:00,COLLIE_BESS2,75.0,250.0,6,a1ce66db-dec0-4e69-8a8c-63e13e2f83d4,IN-SERVICE,NON-LIQUID,252.5,
2026-08-13T03:15:00+08:00,COLLIE_BESS2,75.0,367.0,7,a1ce66db-dec0-4e69-8a8c-63e13e2f83d4,IN-SERVICE,NON-LIQUID,370.67,
2026-08-13T03:15:00+08:00,COLLIE_BESS2,150.0,622.0,8,a1ce66db-dec0-4e69-8a8c-63e13e2f83d4,IN-SERVICE,NON-LIQUID,628.22,
2026-08-13T03:15:00+08:00,COLLIE_BESS2,0.0,684.71,9,a1ce66db-dec0-4e69-8a8c-63e13e2f83d4,IN-SERVICE,NON-LIQUID,691.56,
2026-08-13T03:15:00+08:00,COLLIE_BESS2,0.0,1188.12,10,a1ce66db-dec0-4e69-8a8c-63e13e2f83d4,IN-SERVICE,NON-LIQUID,1200.0,
2026-08-13T03:15:00+08:00,COLLIE_ESR4,-250.0,124.82,1,1343343c-8362-4ea4-baa4-757f9c6c4d35,IN-SERVICE,NOT APPLICABLE,124.75,0.0
2026-08-13T03:15:00+08:00,COLLIE_ESR4,250.0,140.3,2,1343343c-8362-4ea4-baa4-757f9c6c4d35,IN-SERVICE,NOT APPLICABLE,140.22,0.0
2026-08-13T03:15:00+08:00,COLLIE_ESR5,-250.0,124.93,1,abff572b-6bb3-4385-9ad4-d4c72d331cc0,IN-SERVICE,NOT APPLICABLE,124.86,0.0
2026-08-13T03:15:00+08:00,COLLIE_ESR5,250.0,140.19,2,abff572b-6bb3-4385-9ad4-d4c72d331cc0,IN-SERVICE,NOT APPLICABLE,140.11,0.0
2026-08-13T03:20:00+08:00,KWINANA_ESR1,-100.0,117.59,1,696f35d8-8756-4b50-84f5-74b92ec8d82d,IN-SERVICE,NOT APPLICABLE,117.54,0.0
2026-08-13T03:20:00+08:00,KWINANA_ESR1,100.0,132.33,2,696f35d8-8756-4b50-84f5-74b92ec8d82d,IN-SERVICE,NOT APPLICABLE,132.28,0.0
2026-08-13T03:20:00+08:00,COLLIE_ESR1,0.0,-1000.0,1,3cfadabf-da38-4505-9d4d-528bc3f26634,IN-SERVICE,NON-LIQUID,-999.4,
2026-08-13T03:20:00+08:00,COLLIE_ESR1,-100.0,-42.46,2,3cfadabf-da38-4505-9d4d-528bc3f26634,IN-SERVICE,NON-LIQUID,-42.43,
2026-08-13T03:20:00+08:00,COLLIE_ESR1,-100.0,-10.0,3,3cfadabf-da38-4505-9d4d-528bc3f26634,IN-SERVICE,NON-LIQUID,-9.99,
2026-08-13T03:20:00+08:00,COLLIE_ESR1,0.0,34.02,4,3cfadabf-da38-4505-9d4d-528bc3f26634,IN-SERVICE,NON-LIQUID,34.0,
2026-08-13T03:20:00+08:00,COLLIE_ESR1,0.0,60.0,5,3cfadabf-da38-4505-9d4d-528bc3f26634,IN-SERVICE,NON-LIQUID,59.96,
2026-08-13T03:20:00+08:00,COLLIE_ESR1,50.0,250.0,6,3cfadabf-da38-4505-9d4d-528bc3f26634,IN-SERVICE,NON-LIQUID,249.85,
2026-08-13T03:20:00+08:00,COLLIE_ESR1,100.0,367.0,7,3cfadabf-da38-4505-9d4d-528bc3f26634,IN-SERVICE,NON-LIQUID,366.78,
2026-08-13T03:20:00+08:00,COLLIE_ESR1,50.0,622.0,8,3cfadabf-da38-4505-9d4d-528bc3f26634,IN-SERVICE,NON-LIQUID,621.63,
2026-08-13T03:20:00+08:00,COLLIE_ESR1,0.0,684.71,9,3cfadabf-da38-4505-9d4d-528bc3f26634,IN-SERVICE,NON-LIQUID,684.3,
2026-08-13T03:20:00+08:00,COLLIE_ESR1,0.0,1200.0,10,3cfadabf-da38-4505-9d4d-528bc3f26634,IN-SERVICE,NON-LIQUID,1199.28,
2026-08-13T03:20:00+08:00,KWINANA_ESR2,-225.0,125.03,1,9c1dadbc-0acb-489c-8e7a-193c8e10ca11,IN-SERVICE,NOT APPLICABLE,124.91,0.0
2026-08-13T03:20:00+08:00,KWINANA_ESR2,225.0,140.03,2,9c1dadbc-0acb-489c-8e7a-193c8e10ca11,IN-SERVICE,NOT APPLICABLE,139.89,0.0
2026-08-13T03:20:00+08:00,COLLIE_BESS2,0.0,-990.1,1,798877e2-ac40-43d4-9d91-51c841e39e2a,IN-SERVICE,NON-LIQUID,-1000.0,
2026-08-13T03:20:00+08:00,COLLIE_BESS2,-150.0,-42.46,2,798877e2-ac40-43d4-9d91-51c841e39e2a,IN-SERVICE,NON-LIQUID,-42.88,
2026-08-13T03:20:00+08:00,COLLIE_BESS2,-150.0,-10.0,3,798877e2-ac40-43d4-9d91-51c841e39e2a,IN-SERVICE,NON-LIQUID,-10.1,
2026-08-13T03:20:00+08:00,COLLIE_BESS2,0.0,34.02,4,798877e2-ac40-43d4-9d91-51c841e39e2a,IN-SERVICE,NON-LIQUID,34.36,
2026-08-13T03:20:00+08:00,COLLIE_BESS2,0.0,60.0,5,798877e2-ac40-43d4-9d91-51c841e39e2a,IN-SERVICE,NON-LIQUID,60.6,
2026-08-13T03:20:00+08:00,COLLIE_BESS2,75.0,250.0,6,798877e2-ac40-43d4-9d91-51c841e39e2a,IN-SERVICE,NON-LIQUID,252.5,
2026-08-13T03:20:00+08:00,COLLIE_BESS2,75.0,367.0,7,798877e2-ac40-43d4-9d91-51c841e39e2a,IN-SERVICE,NON-LIQUID,370.67,
2026-08-13T03:20:00+08:00,COLLIE_BESS2,150.0,622.0,8,798877e2-ac40-43d4-9d91-51c841e39e2a,IN-SERVICE,NON-LIQUID,628.22,
2026-08-13T03:20:00+08:00,COLLIE_BESS2,0.0,684.71,9,798877e2-ac40-43d4-9d91-51c841e39e2a,IN-SERVICE,NON-LIQUID,691.56,
2026-08-13T03:20:00+08:00,COLLIE_BESS2,0.0,1188.12,10,798877e2-ac40-43d4-9d91-51c841e39e2a,IN-SERVICE,NON-LIQUID,1200.0,
2026-08-13T03:20:00+08:00,COLLIE_ESR4,-250.0,124.82,1,5e3fd600-c195-4945-8f28-20d398e7b82f,IN-SERVICE,NOT APPLICABLE,124.75,0.0
2026-08-13T03:20:00+08:00,COLLIE_ESR4,250.0,140.3,2,5e3fd600-c195-4945-8f28-20d398e7b82f,IN-SERVICE,NOT APPLICABLE,140.22,0.0
2026-08-13T03:20:00+08:00,COLLIE_ESR5,-250.0,124.93,1,b7114398-fb67-4921-a398-cd8b10f16c30,IN-SERVICE,NOT APPLICABLE,124.86,0.0
2026-08-13T03:20:00+08:00,COLLIE_ESR5,250.0,140.19,2,b7114398-fb67-4921-a398-cd8b10f16c30,IN-SERVICE,NOT APPLICABLE,140.11,0.0
2026-08-13T03:25:00+08:00,KWINANA_ESR1,-100.0,117.59,1,696f35d8-8756-4b50-84f5-74b92ec8d82d,IN-SERVICE,NOT APPLICABLE,117.54,0.0
2026-08-13T03:25:00+08:00,KWINANA_ESR1,100.0,132.33,2,696f35d8-8756-4b50-84f5-74b92ec8d82d,IN-SERVICE,NOT APPLICABLE,132.28,0.0
2026-08-13T03:25:00+08:00,COLLIE_ESR1,0.0,-1000.0,1,7b22e7a9-d4f2-413a-b899-f5fc7e2a34e1,IN-SERVICE,NON-LIQUID,-999.4,
2026-08-13T03:25:00+08:00,COLLIE_ESR1,-100.0,-42.46,2,7b22e7a9-d4f2-413a-b899-f5fc7e2a34e1,IN-SERVICE,NON-LIQUID,-42.43,
2026-08-13T03:25:00+08:00,COLLIE_ESR1,-100.0,-10.0,3,7b22e7a9-d4f2-413a-b899-f5fc7e2a34e1,IN-SERVICE,NON-LIQUID,-9.99,
2026-08-13T03:25:00+08:00,COLLIE_ESR1,0.0,34.02,4,7b22e7a9-d4f2-413a-b899-f5fc7e2a34e1,IN-SERVICE,NON-LIQUID,34.0,
2026-08-13T03:25:00+08:00,COLLIE_ESR1,0.0,60.0,5,7b22e7a9-d4f2-413a-b899-f5fc7e2a34e1,IN-SERVICE,NON-LIQUID,59.96,
2026-08-13T03:25:00+08:00,COLLIE_ESR1,50.0,250.0,6,7b22e7a9-d4f2-413a-b899-f5fc7e2a34e1,IN-SERVICE,NON-LIQUID,249.85,
2026-08-13T03:25:00+08:00,COLLIE_ESR1,100.0,367.0,7,7b22e7a9-d4f2-413a-b899-f5fc7e2a34e1,IN-SERVICE,NON-LIQUID,366.78,
2026-08-13T03:25:00+08:00,COLLIE_ESR1,50.0,622.0,8,7b22e7a9-d4f2-413a-b899-f5fc7e2a34e1,IN-SERVICE,NON-LIQUID,621.63,
2026-08-13T03:25:00+08:00,COLLIE_ESR1,0.0,684.71,9,7b22e7a9-d4f2-413a-b899-f5fc7e2a34e1,IN-SERVICE,NON-LIQUID,684.3,
2026-08-13T03:25:00+08:00,COLLIE_ESR1,0.0,1200.0,10,7b22e7a9-d4f2-413a-b899-f5fc7e2a34e1,IN-SERVICE,NON-LIQUID,1199.28,
2026-08-13T03:25:00+08:00,KWINANA_ESR2,-225.0,125.03,1,9c1dadbc-0acb-489c-8e7a-193c8e10ca11,IN-SERVICE,NOT APPLICABLE,124.91,0.0
2026-08-13T03:25:00+08:00,KWINANA_ESR2,225.0,140.03,2,9c1dadbc-0acb-489c-8e7a-193c8e10ca11,IN-SERVICE,NOT APPLICABLE,139.89,0.0
2026-08-13T03:25:00+08:00,COLLIE_BESS2,0.0,-990.1,1,55fdd91c-7352-4b13-9b8a-2f3ff88c09a5,IN-SERVICE,NON-LIQUID,-1000.0,
2026-08-13T03:25:00+08:00,COLLIE_BESS2,-150.0,-42.46,2,55fdd91c-7352-4b13-9b8a-2f3ff88c09a5,IN-SERVICE,NON-LIQUID,-42.88,
2026-08-13T03:25:00+08:00,COLLIE_BESS2,-150.0,-10.0,3,55fdd91c-7352-4b13-9b8a-2f3ff88c09a5,IN-SERVICE,NON-LIQUID,-10.1,
2026-08-13T03:25:00+08:00,COLLIE_BESS2,0.0,34.02,4,55fdd91c-7352-4b13-9b8a-2f3ff88c09a5,IN-SERVICE,NON-LIQUID,34.36,
2026-08-13T03:25:00+08:00,COLLIE_BESS2,0.0,60.0,5,55fdd91c-7352-4b13-9b8a-2f3ff88c09a5,IN-SERVICE,NON-LIQUID,60.6,
2026-08-13T03:25:00+08:00,COLLIE_BESS2,75.0,250.0,6,55fdd91c-7352-4b13-9b8a-2f3ff88c09a5,IN-SERVICE,NON-LIQUID,252.5,
2026-08-13T03:25:00+08:00,COLLIE_BESS2,75.0,367.0,7,55fdd91c-7352-4b13-9b8a-2f3ff88c09a5,IN-SERVICE,NON-LIQUID,370.67,
2026-08-13T03:25:00+08:00,COLLIE_BESS2,150.0,622.0,8,55fdd91c-7352-4b13-9b8a-2f3ff88c09a5,IN-SERVICE,NON-LIQUID,628.22,
2026-08-13T03:25:00+08:00,COLLIE_BESS2,0.0,684.71,9,55fdd91c-7352-4b13-9b8a-2f3ff88c09a5,IN-SERVICE,NON-LIQUID,691.56,
2026-08-13T03:25:00+08:00,COLLIE_BESS2,0.0,1188.12,10,55fdd91c-7352-4b13-9b8a-2f3ff88c09a5,IN-SERVICE,NON-LIQUID,1200.0,
2026-08-13T03:25:00+08:00,COLLIE_ESR4,-250.0,124.82,1,5e3fd600-c195-4945-8f28-20d398e7b82f,IN-SERVICE,NOT APPLICABLE,124.75,0.0
2026-08-13T03:25:00+08:00,COLLIE_ESR4,250.0,140.3,2,5e3fd600-c195-4945-8f28-20d398e7b82f,IN-SERVICE,NOT APPLICABLE,140.22,0.0
2026-08-13T03:25:00+08:00,COLLIE_ESR5,-250.0,124.93,1,b7114398-fb67-4921-a398-cd8b10f16c30,IN-SERVICE,NOT APPLICABLE,124.86,0.0
2026-08-13T03:25:00+08:00,COLLIE_ESR5,250.0,140.19,2,b7114398-fb67-4921-a398-cd8b10f16c30,IN-SERVICE,NOT APPLICABLE,140.11,0.0
2026-08-13T03:30:00+08:00,KWINANA_ESR1,-100.0,117.59,1,696f35d8-8756-4b50-84f5-74b92ec8d82d,IN-SERVICE,NOT APPLICABLE,117.54,0.0
2026-08-13T03:30:00+08:00,KWINANA_ESR1,100.0,132.33,2,696f35d8-8756-4b50-84f5-74b92ec8d82d,IN-SERVICE,NOT APPLICABLE,132.28,0.0
2026-08-13T03:30:00+08:00,COLLIE_ESR1,0.0,-1000.0,1,79352927-0da9-4d5d-8140-beb248d9a55e,IN-SERVICE,NON-LIQUID,-999.4,
2026-08-13T03:30:00+08:00,COLLIE_ESR1,-100.0,-42.46,2,79352927-0da9-4d5d-8140-beb248d9a55e,IN-SERVICE,NON-LIQUID,-42.43,
2026-08-13T03:30:00+08:00,COLLIE_ESR1,-100.0,-10.0,3,79352927-0da9-4d5d-8140-beb248d9a55e,IN-SERVICE,NON-LIQUID,-9.99,
2026-08-13T03:30:00+08:00,COLLIE_ESR1,0.0,34.02,4,79352927-0da9-4d5d-8140-beb248d9a55e,IN-SERVICE,NON-LIQUID,34.0,
2026-08-13T03:30:00+08:00,COLLIE_ESR1,0.0,60.0,5,79352927-0da9-4d5d-8140-beb248d9a55e,IN-SERVICE,NON-LIQUID,59.96,
2026-08-13T03:30:00+08:00,COLLIE_ESR1,50.0,250.0,6,79352927-0da9-4d5d-8140-beb248d9a55e,IN-SERVICE,NON-LIQUID,249.85,
2026-08-13T03:30:00+08:00,COLLIE_ESR1,100.0,367.0,7,79352927-0da9-4d5d-8140-beb248d9a55e,IN-SERVICE,NON-LIQUID,366.78,
2026-08-13T03:30:00+08:00,COLLIE_ESR1,50.0,622.0,8,79352927-0da9-4d5d-8140-beb248d9a55e,IN-SERVICE,NON-LIQUID,621.63,
2026-08-13T03:30:00+08:00,COLLIE_ESR1,0.0,684.71,9,79352927-0da9-4d5d-8140-beb248d9a55e,IN-SERVICE,NON-LIQUID,684.3,
2026-08-13T03:30:00+08:00,COLLIE_ESR1,0.0,1200.0,10,79352927-0da9-4d5d-8140-beb248d9a55e,IN-SERVICE,NON-LIQUID,1199.28,
2026-08-13T03:30:00+08:00,KWINANA_ESR2,-225.0,125.03,1,9c1dadbc-0acb-489c-8e7a-193c8e10ca11,IN-SERVICE,NOT APPLICABLE,124.91,0.0
2026-08-13T03:30:00+08:00,KWINANA_ESR2,225.0,140.03,2,9c1dadbc-0acb-489c-8e7a-193c8e10ca11,IN-SERVICE,NOT APPLICABLE,139.89,0.0
2026-08-13T03:30:00+08:00,COLLIE_BESS2,0.0,-990.1,1,9d1cf991-37a5-44a3-bc9a-28b6b6ee70cc,IN-SERVICE,NON-LIQUID,-1000.0,
2026-08-13T03:30:00+08:00,COLLIE_BESS2,-150.0,-42.46,2,9d1cf991-37a5-44a3-bc9a-28b6b6ee70cc,IN-SERVICE,NON-LIQUID,-42.88,
2026-08-13T03:30:00+08:00,COLLIE_BESS2,-150.0,-10.0,3,9d1cf991-37a5-44a3-bc9a-28b6b6ee70cc,IN-SERVICE,NON-LIQUID,-10.1,
2026-08-13T03:30:00+08:00,COLLIE_BESS2,0.0,34.02,4,9d1cf991-37a5-44a3-bc9a-28b6b6ee70cc,IN-SERVICE,NON-LIQUID,34.36,
2026-08-13T03:30:00+08:00,COLLIE_BESS2,0.0,60.0,5,9d1cf991-37a5-44a3-bc9a-28b6b6ee70cc,IN-SERVICE,NON-LIQUID,60.6,
2026-08-13T03:30:00+08:00,COLLIE_BESS2,75.0,250.0,6,9d1cf991-37a5-44a3-bc9a-28b6b6ee70cc,IN-SERVICE,NON-LIQUID,252.5,
2026-08-13T03:30:00+08:00,COLLIE_BESS2,75.0,367.0,7,9d1cf991-37a5-44a3-bc9a-28b6b6ee70cc,IN-SERVICE,NON-LIQUID,370.67,
2026-08-13T03:30:00+08:00,COLLIE_BESS2,150.0,622.0,8,9d1cf991-37a5-44a3-bc9a-28b6b6ee70cc,IN-SERVICE,NON-LIQUID,628.22,
2026-08-13T03:30:00+08:00,COLLIE_BESS2,0.0,684.71,9,9d1cf991-37a5-44a3-bc9a-28b6b6ee70cc,IN-SERVICE,NON-LIQUID,691.56,
2026-08-13T03:30:00+08:00,COLLIE_BESS2,0.0,1188.12,10,9d1cf991-37a5-44a3-bc9a-28b6b6ee70cc,IN-SERVICE,NON-LIQUID,1200.0,
2026-08-13T03:30:00+08:00,COLLIE_ESR4,-250.0,124.82,1,5e3fd600-c195-4945-8f28-20d398e7b82f,IN-SERVICE,NOT APPLICABLE,124.75,0.0
2026-08-13T03:30:00+08:00,COLLIE_ESR4,250.0,150.22,2,5e3fd600-c195-4945-8f28-20d398e7b82f,IN-SERVICE,NOT APPLICABLE,150.13,0.0
2026-08-13T03:30:00+08:00,COLLIE_ESR5,-250.0,124.93,1,b7114398-fb67-4921-a398-cd8b10f16c30,IN-SERVICE,NOT APPLICABLE,124.86,0.0
2026-08-13T03:30:00+08:00,COLLIE_ESR5,250.0,140.19,2,b7114398-fb67-4921-a398-cd8b10f16c30,IN-SERVICE,NOT APPLICABLE,140.11,0.0
2026-08-13T03:35:00+08:00,KWINANA_ESR1,-100.0,117.43,1,3e9bf945-460d-4fec-b865-7fb2e798d450,IN-SERVICE,NOT APPLICABLE,117.38,0.0
2026-08-13T03:35:00+08:00,KWINANA_ESR1,100.0,132.17,2,3e9bf945-460d-4fec-b865-7fb2e798d450,IN-SERVICE,NOT APPLICABLE,132.12,0.0
2026-08-13T03:35:00+08:00,COLLIE_ESR1,0.0,-1000.0,1,f30492d1-54fc-4a22-987d-dfc911e9bafa,IN-SERVICE,NON-LIQUID,-999.4,
2026-08-13T03:35:00+08:00,COLLIE_ESR1,-100.0,-42.46,2,f30492d1-54fc-4a22-987d-dfc911e9bafa,IN-SERVICE,NON-LIQUID,-42.43,
2026-08-13T03:35:00+08:00,COLLIE_ESR1,-100.0,-10.0,3,f30492d1-54fc-4a22-987d-dfc911e9bafa,IN-SERVICE,NON-LIQUID,-9.99,
2026-08-13T03:35:00+08:00,COLLIE_ESR1,0.0,34.02,4,f30492d1-54fc-4a22-987d-dfc911e9bafa,IN-SERVICE,NON-LIQUID,34.0,
2026-08-13T03:35:00+08:00,COLLIE_ESR1,0.0,60.0,5,f30492d1-54fc-4a22-987d-dfc911e9bafa,IN-SERVICE,NON-LIQUID,59.96,
2026-08-13T03:35:00+08:00,COLLIE_ESR1,50.0,250.0,6,f30492d1-54fc-4a22-987d-dfc911e9bafa,IN-SERVICE,NON-LIQUID,249.85,
2026-08-13T03:35:00+08:00,COLLIE_ESR1,100.0,367.0,7,f30492d1-54fc-4a22-987d-dfc911e9bafa,IN-SERVICE,NON-LIQUID,366.78,
2026-08-13T03:35:00+08:00,COLLIE_ESR1,0.0,437.54,8,f30492d1-54fc-4a22-987d-dfc911e9bafa,IN-SERVICE,NON-LIQUID,437.28,
2026-08-13T03:35:00+08:00,COLLIE_ESR1,50.0,622.0,9,f30492d1-54fc-4a22-987d-dfc911e9bafa,IN-SERVICE,NON-LIQUID,621.63,
2026-08-13T03:35:00+08:00,COLLIE_ESR1,0.0,1200.0,10,f30492d1-54fc-4a22-987d-dfc911e9bafa,IN-SERVICE,NON-LIQUID,1199.28,
2026-08-13T03:35:00+08:00,KWINANA_ESR2,-225.0,125.11,1,1d38c749-666d-45ed-bd50-d8a6dc17f18d,IN-SERVICE,NOT APPLICABLE,124.99,0.0
2026-08-13T03:35:00+08:00,KWINANA_ESR2,225.0,136.72,2,1d38c749-666d-45ed-bd50-d8a6dc17f18d,IN-SERVICE,NOT APPLICABLE,136.58,0.0
2026-08-13T03:35:00+08:00,COLLIE_BESS2,0.0,-990.1,1,e1f5eede-08a4-450c-816d-d333a7761008,IN-SERVICE,NON-LIQUID,-1000.0,
2026-08-13T03:35:00+08:00,COLLIE_BESS2,-150.0,-42.46,2,e1f5eede-08a4-450c-816d-d333a7761008,IN-SERVICE,NON-LIQUID,-42.88,
2026-08-13T03:35:00+08:00,COLLIE_BESS2,-150.0,-10.0,3,e1f5eede-08a4-450c-816d-d333a7761008,IN-SERVICE,NON-LIQUID,-10.1,
2026-08-13T03:35:00+08:00,COLLIE_BESS2,0.0,34.02,4,e1f5eede-08a4-450c-816d-d333a7761008,IN-SERVICE,NON-LIQUID,34.36,
2026-08-13T03:35:00+08:00,COLLIE_BESS2,0.0,60.0,5,e1f5eede-08a4-450c-816d-d333a7761008,IN-SERVICE,NON-LIQUID,60.6,
2026-08-13T03:35:00+08:00,COLLIE_BESS2,75.0,250.0,6,e1f5eede-08a4-450c-816d-d333a7761008,IN-SERVICE,NON-LIQUID,252.5,
2026-08-13T03:35:00+08:00,COLLIE_BESS2,75.0,367.0,7,e1f5eede-08a4-450c-816d-d333a7761008,IN-SERVICE,NON-LIQUID,370.67,
2026-08-13T03:35:00+08:00,COLLIE_BESS2,0.0,437.54,8,e1f5eede-08a4-450c-816d-d333a7761008,IN-SERVICE,NON-LIQUID,441.91,
2026-08-13T03:35:00+08:00,COLLIE_BESS2,150.0,622.0,9,e1f5eede-08a4-450c-816d-d333a7761008,IN-SERVICE,NON-LIQUID,628.22,
2026-08-13T03:35:00+08:00,COLLIE_BESS2,0.0,1188.12,10,e1f5eede-08a4-450c-816d-d333a7761008,IN-SERVICE,NON-LIQUID,1200.0,
2026-08-13T03:35:00+08:00,COLLIE_ESR4,-250.0,128.92,1,1211ee85-20ac-4bda-bfa7-013c4c882df1,IN-SERVICE,NOT APPLICABLE,128.84,0.0
2026-08-13T03:35:00+08:00,COLLIE_ESR4,250.0,144.4,2,1211ee85-20ac-4bda-bfa7-013c4c882df1,IN-SERVICE,NOT APPLICABLE,144.31,0.0
2026-08-13T03:35:00+08:00,COLLIE_ESR5,-250.0,129.03,1,bda5bd57-c5d4-490f-89a6-22fb70162624,IN-SERVICE,NOT APPLICABLE,128.95,0.0
2026-08-13T03:35:00+08:00,COLLIE_ESR5,250.0,144.29,2,bda5bd57-c5d4-490f-89a6-22fb70162624,IN-SERVICE,NOT APPLICABLE,144.2,0.0
2026-08-13T03:40:00+08:00,KWINANA_ESR1,-100.0,117.43,1,3e9bf945-460d-4fec-b865-7fb2e798d450,IN-SERVICE,NOT APPLICABLE,117.38,0.0
2026-08-13T03:40:00+08:00,KWINANA_ESR1,100.0,132.17,2,3e9bf945-460d-4fec-b865-7fb2e798d450,IN-SERVICE,NOT APPLICABLE,132.12,0.0
2026-08-13T03:40:00+08:00,COLLIE_ESR1,0.0,-1000.0,1,16655c03-280e-4baa-86b1-f977b66d11e2,IN-SERVICE,NON-LIQUID,-999.4,
2026-08-13T03:40:00+08:00,COLLIE_ESR1,-100.0,-42.46,2,16655c03-280e-4baa-86b1-f977b66d11e2,IN-SERVICE,NON-LIQUID,-42.43,
2026-08-13T03:40:00+08:00,COLLIE_ESR1,-100.0,-10.0,3,16655c03-280e-4baa-86b1-f977b66d11e2,IN-SERVICE,NON-LIQUID,-9.99,
2026-08-13T03:40:00+08:00,COLLIE_ESR1,0.0,34.02,4,16655c03-280e-4baa-86b1-f977b66d11e2,IN-SERVICE,NON-LIQUID,34.0,
2026-08-13T03:40:00+08:00,COLLIE_ESR1,0.0,60.0,5,16655c03-280e-4baa-86b1-f977b66d11e2,IN-SERVICE,NON-LIQUID,59.96,
2026-08-13T03:40:00+08:00,COLLIE_ESR1,50.0,250.0,6,16655c03-280e-4baa-86b1-f977b66d11e2,IN-SERVICE,NON-LIQUID,249.85,
2026-08-13T03:40:00+08:00,COLLIE_ESR1,100.0,367.0,7,16655c03-280e-4baa-86b1-f977b66d11e2,IN-SERVICE,NON-LIQUID,366.78,
2026-08-13T03:40:00+08:00,COLLIE_ESR1,0.0,437.54,8,16655c03-280e-4baa-86b1-f977b66d11e2,IN-SERVICE,NON-LIQUID,437.28,
2026-08-13T03:40:00+08:00,COLLIE_ESR1,50.0,622.0,9,16655c03-280e-4baa-86b1-f977b66d11e2,IN-SERVICE,NON-LIQUID,621.63,
2026-08-13T03:40:00+08:00,COLLIE_ESR1,0.0,1200.0,10,16655c03-280e-4baa-86b1-f977b66d11e2,IN-SERVICE,NON-LIQUID,1199.28,
2026-08-13T03:40:00+08:00,KWINANA_ESR2,-175.02,125.11,1,1d38c749-666d-45ed-bd50-d8a6dc17f18d,IN-SERVICE,NOT APPLICABLE,124.99,0.0
2026-08-13T03:40:00+08:00,KWINANA_ESR2,-49.98,129.22,2,1d38c749-666d-45ed-bd50-d8a6dc17f18d,IN-SERVICE,NOT APPLICABLE,129.09,0.0
2026-08-13T03:40:00+08:00,KWINANA_ESR2,225.0,144.22,3,1d38c749-666d-45ed-bd50-d8a6dc17f18d,IN-SERVICE,NOT APPLICABLE,144.08,0.0
2026-08-13T03:40:00+08:00,COLLIE_BESS2,0.0,-990.1,1,ed91d4b7-bfb2-4d24-ac4d-d698227f8e72,IN-SERVICE,NON-LIQUID,-1000.0,
2026-08-13T03:40:00+08:00,COLLIE_BESS2,-150.0,-42.46,2,ed91d4b7-bfb2-4d24-ac4d-d698227f8e72,IN-SERVICE,NON-LIQUID,-42.88,
2026-08-13T03:40:00+08:00,COLLIE_BESS2,-150.0,-10.0,3,ed91d4b7-bfb2-4d24-ac4d-d698227f8e72,IN-SERVICE,NON-LIQUID,-10.1,
2026-08-13T03:40:00+08:00,COLLIE_BESS2,0.0,34.02,4,ed91d4b7-bfb2-4d24-ac4d-d698227f8e72,IN-SERVICE,NON-LIQUID,34.36,
2026-08-13T03:40:00+08:00,COLLIE_BESS2,0.0,60.0,5,ed91d4b7-bfb2-4d24-ac4d-d698227f8e72,IN-SERVICE,NON-LIQUID,60.6,
2026-08-13T03:40:00+08:00,COLLIE_BESS2,75.0,250.0,6,ed91d4b7-bfb2-4d24-ac4d-d698227f8e72,IN-SERVICE,NON-LIQUID,252.5,
2026-08-13T03:40:00+08:00,COLLIE_BESS2,75.0,367.0,7,ed91d4b7-bfb2-4d24-ac4d-d698227f8e72,IN-SERVICE,NON-LIQUID,370.67,
2026-08-13T03:40:00+08:00,COLLIE_BESS2,0.0,437.54,8,ed91d4b7-bfb2-4d24-ac4d-d698227f8e72,IN-SERVICE,NON-LIQUID,441.91,
2026-08-13T03:40:00+08:00,COLLIE_BESS2,150.0,622.0,9,ed91d4b7-bfb2-4d24-ac4d-d698227f8e72,IN-SERVICE,NON-LIQUID,628.22,
2026-08-13T03:40:00+08:00,COLLIE_BESS2,0.0,1188.12,10,ed91d4b7-bfb2-4d24-ac4d-d698227f8e72,IN-SERVICE,NON-LIQUID,1200.0,
2026-08-13T03:40:00+08:00,COLLIE_ESR4,-250.0,128.92,1,1211ee85-20ac-4bda-bfa7-013c4c882df1,IN-SERVICE,NOT APPLICABLE,128.84,0.0
2026-08-13T03:40:00+08:00,COLLIE_ESR4,250.0,144.4,2,1211ee85-20ac-4bda-bfa7-013c4c882df1,IN-SERVICE,NOT APPLICABLE,144.31,0.0
2026-08-13T03:40:00+08:00,COLLIE_ESR5,-250.0,129.03,1,bda5bd57-c5d4-490f-89a6-22fb70162624,IN-SERVICE,NOT APPLICABLE,128.95,0.0
2026-08-13T03:40:00+08:00,COLLIE_ESR5,250.0,144.29,2,bda5bd57-c5d4-490f-89a6-22fb70162624,IN-SERVICE,NOT APPLICABLE,144.2,0.0
2026-08-13T03:45:00+08:00,KWINANA_ESR1,-100.0,117.43,1,3e9bf945-460d-4fec-b865-7fb2e798d450,IN-SERVICE,NOT APPLICABLE,117.38,0.0
2026-08-13T03:45:00+08:00,KWINANA_ESR1,100.0,132.17,2,3e9bf945-460d-4fec-b865-7fb2e798d450,IN-SERVICE,NOT APPLICABLE,132.12,0.0
2026-08-13T03:45:00+08:00,COLLIE_ESR1,0.0,-1000.0,1,f7481b2c-6c91-4872-a311-63a5cb669e18,IN-SERVICE,NON-LIQUID,-999.4,
2026-08-13T03:45:00+08:00,COLLIE_ESR1,-100.0,-42.46,2,f7481b2c-6c91-4872-a311-63a5cb669e18,IN-SERVICE,NON-LIQUID,-42.43,
2026-08-13T03:45:00+08:00,COLLIE_ESR1,-100.0,-10.0,3,f7481b2c-6c91-4872-a311-63a5cb669e18,IN-SERVICE,NON-LIQUID,-9.99,
2026-08-13T03:45:00+08:00,COLLIE_ESR1,0.0,34.02,4,f7481b2c-6c91-4872-a311-63a5cb669e18,IN-SERVICE,NON-LIQUID,34.0,
2026-08-13T03:45:00+08:00,COLLIE_ESR1,0.0,60.0,5,f7481b2c-6c91-4872-a311-63a5cb669e18,IN-SERVICE,NON-LIQUID,59.96,
2026-08-13T03:45:00+08:00,COLLIE_ESR1,50.0,250.0,6,f7481b2c-6c91-4872-a311-63a5cb669e18,IN-SERVICE,NON-LIQUID,249.85,
2026-08-13T03:45:00+08:00,COLLIE_ESR1,100.0,367.0,7,f7481b2c-6c91-4872-a311-63a5cb669e18,IN-SERVICE,NON-LIQUID,366.78,
2026-08-13T03:45:00+08:00,COLLIE_ESR1,0.0,437.54,8,f7481b2c-6c91-4872-a311-63a5cb669e18,IN-SERVICE,NON-LIQUID,437.28,
2026-08-13T03:45:00+08:00,COLLIE_ESR1,50.0,622.0,9,f7481b2c-6c91-4872-a311-63a5cb669e18,IN-SERVICE,NON-LIQUID,621.63,
2026-08-13T03:45:00+08:00,COLLIE_ESR1,0.0,1200.0,10,f7481b2c-6c91-4872-a311-63a5cb669e18,IN-SERVICE,NON-LIQUID,1199.28,
2026-08-13T03:45:00+08:00,KWINANA_ESR2,-225.0,129.22,1,1d38c749-666d-45ed-bd50-d8a6dc17f18d,IN-SERVICE,NOT APPLICABLE,129.09,0.0
2026-08-13T03:45:00+08:00,KWINANA_ESR2,225.0,144.22,2,1d38c749-666d-45ed-bd50-d8a6dc17f18d,IN-SERVICE,NOT APPLICABLE,144.08,0.0
2026-08-13T03:45:00+08:00,COLLIE_BESS2,0.0,-990.1,1,401880ec-e6eb-475c-b1a6-69619021ad39,IN-SERVICE,NON-LIQUID,-1000.0,
2026-08-13T03:45:00+08:00,COLLIE_BESS2,-150.0,-42.46,2,401880ec-e6eb-475c-b1a6-69619021ad39,IN-SERVICE,NON-LIQUID,-42.88,
2026-08-13T03:45:00+08:00,COLLIE_BESS2,-150.0,-10.0,3,401880ec-e6eb-475c-b1a6-69619021ad39,IN-SERVICE,NON-LIQUID,-10.1,
2026-08-13T03:45:00+08:00,COLLIE_BESS2,0.0,34.02,4,401880ec-e6eb-475c-b1a6-69619021ad39,IN-SERVICE,NON-LIQUID,34.36,
2026-08-13T03:45:00+08:00,COLLIE_BESS2,0.0,60.0,5,401880ec-e6eb-475c-b1a6-69619021ad39,IN-SERVICE,NON-LIQUID,60.6,
2026-08-13T03:45:00+08:00,COLLIE_BESS2,75.0,250.0,6,401880ec-e6eb-475c-b1a6-69619021ad39,IN-SERVICE,NON-LIQUID,252.5,
2026-08-13T03:45:00+08:00,COLLIE_BESS2,75.0,367.0,7,401880ec-e6eb-475c-b1a6-69619021ad39,IN-SERVICE,NON-LIQUID,370.67,
2026-08-13T03:45:00+08:00,COLLIE_BESS2,0.0,437.54,8,401880ec-e6eb-475c-b1a6-69619021ad39,IN-SERVICE,NON-LIQUID,441.91,
2026-08-13T03:45:00+08:00,COLLIE_BESS2,150.0,622.0,9,401880ec-e6eb-475c-b1a6-69619021ad39,IN-SERVICE,NON-LIQUID,628.22,
2026-08-13T03:45:00+08:00,COLLIE_BESS2,0.0,1188.12,10,401880ec-e6eb-475c-b1a6-69619021ad39,IN-SERVICE,NON-LIQUID,1200.0,
2026-08-13T03:45:00+08:00,COLLIE_ESR4,-250.0,128.92,1,1211ee85-20ac-4bda-bfa7-013c4c882df1,IN-SERVICE,NOT APPLICABLE,128.84,0.0
2026-08-13T03:45:00+08:00,COLLIE_ESR4,250.0,144.4,2,1211ee85-20ac-4bda-bfa7-013c4c882df1,IN-SERVICE,NOT APPLICABLE,144.31,0.0
2026-08-13T03:45:00+08:00,COLLIE_ESR5,-250.0,129.03,1,bda5bd57-c5d4-490f-89a6-22fb70162624,IN-SERVICE,NOT APPLICABLE,128.95,0.0
2026-08-13T03:45:00+08:00,COLLIE_ESR5,250.0,144.29,2,bda5bd57-c5d4-490f-89a6-22fb70162624,IN-SERVICE,NOT APPLICABLE,144.2,0.0
2026-08-13T03:50:00+08:00,KWINANA_ESR1,-100.0,121.77,1,15c5755b-076e-4a81-bae5-a6680086e676,IN-SERVICE,NOT APPLICABLE,121.72,0.0
2026-08-13T03:50:00+08:00,KWINANA_ESR1,100.0,136.51,2,15c5755b-076e-4a81-bae5-a6680086e676,IN-SERVICE,NOT APPLICABLE,136.46,0.0
2026-08-13T03:50:00+08:00,COLLIE_ESR1,0.0,-1000.0,1,0b4348e6-ff15-448a-9a54-35a8c96e7615,IN-SERVICE,NON-LIQUID,-999.4,
2026-08-13T03:50:00+08:00,COLLIE_ESR1,-100.0,-42.46,2,0b4348e6-ff15-448a-9a54-35a8c96e7615,IN-SERVICE,NON-LIQUID,-42.43,
2026-08-13T03:50:00+08:00,COLLIE_ESR1,-100.0,-10.0,3,0b4348e6-ff15-448a-9a54-35a8c96e7615,IN-SERVICE,NON-LIQUID,-9.99,
2026-08-13T03:50:00+08:00,COLLIE_ESR1,0.0,34.02,4,0b4348e6-ff15-448a-9a54-35a8c96e7615,IN-SERVICE,NON-LIQUID,34.0,
2026-08-13T03:50:00+08:00,COLLIE_ESR1,0.0,60.0,5,0b4348e6-ff15-448a-9a54-35a8c96e7615,IN-SERVICE,NON-LIQUID,59.96,
2026-08-13T03:50:00+08:00,COLLIE_ESR1,50.0,250.0,6,0b4348e6-ff15-448a-9a54-35a8c96e7615,IN-SERVICE,NON-LIQUID,249.85,
2026-08-13T03:50:00+08:00,COLLIE_ESR1,100.0,367.0,7,0b4348e6-ff15-448a-9a54-35a8c96e7615,IN-SERVICE,NON-LIQUID,366.78,
2026-08-13T03:50:00+08:00,COLLIE_ESR1,0.0,437.54,8,0b4348e6-ff15-448a-9a54-35a8c96e7615,IN-SERVICE,NON-LIQUID,437.28,
2026-08-13T03:50:00+08:00,COLLIE_ESR1,50.0,622.0,9,0b4348e6-ff15-448a-9a54-35a8c96e7615,IN-SERVICE,NON-LIQUID,621.63,
2026-08-13T03:50:00+08:00,COLLIE_ESR1,0.0,1200.0,10,0b4348e6-ff15-448a-9a54-35a8c96e7615,IN-SERVICE,NON-LIQUID,1199.28,
2026-08-13T03:50:00+08:00,KWINANA_ESR2,-225.0,122.99,1,cc6d6786-4c48-4647-88de-218c1a308521,IN-SERVICE,NOT APPLICABLE,122.87,0.0
2026-08-13T03:50:00+08:00,KWINANA_ESR2,225.0,144.22,2,cc6d6786-4c48-4647-88de-218c1a308521,IN-SERVICE,NOT APPLICABLE,144.08,0.0
2026-08-13T03:50:00+08:00,COLLIE_BESS2,0.0,-990.1,1,fcf24d64-3798-4eda-9962-c60d37c33c8c,IN-SERVICE,NON-LIQUID,-1000.0,
2026-08-13T03:50:00+08:00,COLLIE_BESS2,-150.0,-42.46,2,fcf24d64-3798-4eda-9962-c60d37c33c8c,IN-SERVICE,NON-LIQUID,-42.88,
2026-08-13T03:50:00+08:00,COLLIE_BESS2,-150.0,-10.0,3,fcf24d64-3798-4eda-9962-c60d37c33c8c,IN-SERVICE,NON-LIQUID,-10.1,
2026-08-13T03:50:00+08:00,COLLIE_BESS2,0.0,34.02,4,fcf24d64-3798-4eda-9962-c60d37c33c8c,IN-SERVICE,NON-LIQUID,34.36,
2026-08-13T03:50:00+08:00,COLLIE_BESS2,0.0,60.0,5,fcf24d64-3798-4eda-9962-c60d37c33c8c,IN-SERVICE,NON-LIQUID,60.6,
2026-08-13T03:50:00+08:00,COLLIE_BESS2,75.0,250.0,6,fcf24d64-3798-4eda-9962-c60d37c33c8c,IN-SERVICE,NON-LIQUID,252.5,
2026-08-13T03:50:00+08:00,COLLIE_BESS2,75.0,367.0,7,fcf24d64-3798-4eda-9962-c60d37c33c8c,IN-SERVICE,NON-LIQUID,370.67,
2026-08-13T03:50:00+08:00,COLLIE_BESS2,0.0,437.54,8,fcf24d64-3798-4eda-9962-c60d37c33c8c,IN-SERVICE,NON-LIQUID,441.91,
2026-08-13T03:50:00+08:00,COLLIE_BESS2,150.0,622.0,9,fcf24d64-3798-4eda-9962-c60d37c33c8c,IN-SERVICE,NON-LIQUID,628.22,
2026-08-13T03:50:00+08:00,COLLIE_BESS2,0.0,1188.12,10,fcf24d64-3798-4eda-9962-c60d37c33c8c,IN-SERVICE,NON-LIQUID,1200.0,
2026-08-13T03:50:00+08:00,COLLIE_ESR4,-250.0,128.92,1,a0c5057c-220f-481b-8846-e62a2efb7266,IN-SERVICE,NOT APPLICABLE,128.84,0.0
2026-08-13T03:50:00+08:00,COLLIE_ESR4,250.0,144.4,2,a0c5057c-220f-481b-8846-e62a2efb7266,IN-SERVICE,NOT APPLICABLE,144.31,0.0
2026-08-13T03:50:00+08:00,COLLIE_ESR5,-250.0,129.03,1,572f570d-20ae-4fca-9544-10420e266adf,IN-SERVICE,NOT APPLICABLE,128.95,0.0
2026-08-13T03:50:00+08:00,COLLIE_ESR5,250.0,144.29,2,572f570d-20ae-4fca-9544-10420e266adf,IN-SERVICE,NOT APPLICABLE,144.2,0.0
2026-08-13T03:55:00+08:00,KWINANA_ESR1,-100.0,121.77,1,15c5755b-076e-4a81-bae5-a6680086e676,IN-SERVICE,NOT APPLICABLE,121.72,0.0
2026-08-13T03:55:00+08:00,KWINANA_ESR1,100.0,136.51,2,15c5755b-076e-4a81-bae5-a6680086e676,IN-SERVICE,NOT APPLICABLE,136.46,0.0
2026-08-13T03:55:00+08:00,COLLIE_ESR1,0.0,-1000.0,1,8a587987-e2f4-4fcf-8238-99bc6bd81a05,IN-SERVICE,NON-LIQUID,-999.4,
2026-08-13T03:55:00+08:00,COLLIE_ESR1,-100.0,-42.46,2,8a587987-e2f4-4fcf-8238-99bc6bd81a05,IN-SERVICE,NON-LIQUID,-42.43,
2026-08-13T03:55:00+08:00,COLLIE_ESR1,-100.0,-10.0,3,8a587987-e2f4-4fcf-8238-99bc6bd81a05,IN-SERVICE,NON-LIQUID,-9.99,
2026-08-13T03:55:00+08:00,COLLIE_ESR1,0.0,34.02,4,8a587987-e2f4-4fcf-8238-99bc6bd81a05,IN-SERVICE,NON-LIQUID,34.0,
2026-08-13T03:55:00+08:00,COLLIE_ESR1,0.0,60.0,5,8a587987-e2f4-4fcf-8238-99bc6bd81a05,IN-SERVICE,NON-LIQUID,59.96,
2026-08-13T03:55:00+08:00,COLLIE_ESR1,50.0,250.0,6,8a587987-e2f4-4fcf-8238-99bc6bd81a05,IN-SERVICE,NON-LIQUID,249.85,
2026-08-13T03:55:00+08:00,COLLIE_ESR1,100.0,367.0,7,8a587987-e2f4-4fcf-8238-99bc6bd81a05,IN-SERVICE,NON-LIQUID,366.78,
2026-08-13T03:55:00+08:00,COLLIE_ESR1,0.0,437.54,8,8a587987-e2f4-4fcf-8238-99bc6bd81a05,IN-SERVICE,NON-LIQUID,437.28,
2026-08-13T03:55:00+08:00,COLLIE_ESR1,50.0,622.0,9,8a587987-e2f4-4fcf-8238-99bc6bd81a05,IN-SERVICE,NON-LIQUID,621.63,
2026-08-13T03:55:00+08:00,COLLIE_ESR1,0.0,1200.0,10,8a587987-e2f4-4fcf-8238-99bc6bd81a05,IN-SERVICE,NON-LIQUID,1199.28,
2026-08-13T03:55:00+08:00,KWINANA_ESR2,-225.0,122.99,1,cc6d6786-4c48-4647-88de-218c1a308521,IN-SERVICE,NOT APPLICABLE,122.87,0.0
2026-08-13T03:55:00+08:00,KWINANA_ESR2,225.0,144.22,2,cc6d6786-4c48-4647-88de-218c1a308521,IN-SERVICE,NOT APPLICABLE,144.08,0.0
2026-08-13T03:55:00+08:00,COLLIE_BESS2,0.0,-990.1,1,98094131-74b6-4536-9689-23ab81db4f7b,IN-SERVICE,NON-LIQUID,-1000.0,
2026-08-13T03:55:00+08:00,COLLIE_BESS2,-150.0,-42.46,2,98094131-74b6-4536-9689-23ab81db4f7b,IN-SERVICE,NON-LIQUID,-42.88,
2026-08-13T03:55:00+08:00,COLLIE_BESS2,-150.0,-10.0,3,98094131-74b6-4536-9689-23ab81db4f7b,IN-SERVICE,NON-LIQUID,-10.1,
2026-08-13T03:55:00+08:00,COLLIE_BESS2,0.0,34.02,4,98094131-74b6-4536-9689-23ab81db4f7b,IN-SERVICE,NON-LIQUID,34.36,
2026-08-13T03:55:00+08:00,COLLIE_BESS2,0.0,60.0,5,98094131-74b6-4536-9689-23ab81db4f7b,IN-SERVICE,NON-LIQUID,60.6,
2026-08-13T03:55:00+08:00,COLLIE_BESS2,75.0,250.0,6,98094131-74b6-4536-9689-23ab81db4f7b,IN-SERVICE,NON-LIQUID,252.5,
2026-08-13T03:55:00+08:00,COLLIE_BESS2,75.0,367.0,7,98094131-74b6-4536-9689-23ab81db4f7b,IN-SERVICE,NON-LIQUID,370.67,
2026-08-13T03:55:00+08:00,COLLIE_BESS2,0.0,437.54,8,98094131-74b6-4536-9689-23ab81db4f7b,IN-SERVICE,NON-LIQUID,441.91,
2026-08-13T03:55:00+08:00,COLLIE_BESS2,150.0,622.0,9,98094131-74b6-4536-9689-23ab81db4f7b,IN-SERVICE,NON-LIQUID,628.22,
2026-08-13T03:55:00+08:00,COLLIE_BESS2,0.0,1188.12,10,98094131-74b6-4536-9689-23ab81db4f7b,IN-SERVICE,NON-LIQUID,1200.0,
2026-08-13T03:55:00+08:00,COLLIE_ESR4,-250.0,128.92,1,a0c5057c-220f-481b-8846-e62a2efb7266,IN-SERVICE,NOT APPLICABLE,128.84,0.0
2026-08-13T03:55:00+08:00,COLLIE_ESR4,250.0,144.4,2,a0c5057c-220f-481b-8846-e62a2efb7266,IN-SERVICE,NOT APPLICABLE,144.31,0.0
2026-08-13T03:55:00+08:00,COLLIE_ESR5,-250.0,129.03,1,572f570d-20ae-4fca-9544-10420e266adf,IN-SERVICE,NOT APPLICABLE,128.95,0.0
2026-08-13T03:55:00+08:00,COLLIE_ESR5,250.0,144.29,2,572f570d-20ae-4fca-9544-10420e266adf,IN-SERVICE,NOT APPLICABLE,144.2,0.0
2026-08-13T04:00:00+08:00,KWINANA_ESR1,-100.0,121.77,1,15c5755b-076e-4a81-bae5-a6680086e676,IN-SERVICE,NOT APPLICABLE,121.72,0.0
2026-08-13T04:00:00+08:00,KWINANA_ESR1,100.0,136.51,2,15c5755b-076e-4a81-bae5-a6680086e676,IN-SERVICE,NOT APPLICABLE,136.46,0.0
2026-08-13T04:00:00+08:00,COLLIE_ESR1,0.0,-1000.0,1,e0b629e3-dfb5-4f54-81d3-0baeb350def9,IN-SERVICE,NON-LIQUID,-999.4,
2026-08-13T04:00:00+08:00,COLLIE_ESR1,-100.0,-42.46,2,e0b629e3-dfb5-4f54-81d3-0baeb350def9,IN-SERVICE,NON-LIQUID,-42.43,
2026-08-13T04:00:00+08:00,COLLIE_ESR1,-100.0,-10.0,3,e0b629e3-dfb5-4f54-81d3-0baeb350def9,IN-SERVICE,NON-LIQUID,-9.99,
2026-08-13T04:00:00+08:00,COLLIE_ESR1,0.0,34.02,4,e0b629e3-dfb5-4f54-81d3-0baeb350def9,IN-SERVICE,NON-LIQUID,34.0,
2026-08-13T04:00:00+08:00,COLLIE_ESR1,0.0,60.0,5,e0b629e3-dfb5-4f54-81d3-0baeb350def9,IN-SERVICE,NON-LIQUID,59.96,
2026-08-13T04:00:00+08:00,COLLIE_ESR1,50.0,250.0,6,e0b629e3-dfb5-4f54-81d3-0baeb350def9,IN-SERVICE,NON-LIQUID,249.85,
2026-08-13T04:00:00+08:00,COLLIE_ESR1,100.0,367.0,7,e0b629e3-dfb5-4f54-81d3-0baeb350def9,IN-SERVICE,NON-LIQUID,366.78,
2026-08-13T04:00:00+08:00,COLLIE_ESR1,50.0,622.0,8,e0b629e3-dfb5-4f54-81d3-0baeb350def9,IN-SERVICE,NON-LIQUID,621.63,
2026-08-13T04:00:00+08:00,COLLIE_ESR1,0.0,1199.9,9,e0b629e3-dfb5-4f54-81d3-0baeb350def9,IN-SERVICE,NON-LIQUID,1199.18,
2026-08-13T04:00:00+08:00,COLLIE_ESR1,0.0,1200.0,10,e0b629e3-dfb5-4f54-81d3-0baeb350def9,IN-SERVICE,NON-LIQUID,1199.28,
2026-08-13T04:00:00+08:00,KWINANA_ESR2,-225.0,122.99,1,cc6d6786-4c48-4647-88de-218c1a308521,IN-SERVICE,NOT APPLICABLE,122.87,0.0
2026-08-13T04:00:00+08:00,KWINANA_ESR2,225.0,144.22,2,cc6d6786-4c48-4647-88de-218c1a308521,IN-SERVICE,NOT APPLICABLE,144.08,0.0
2026-08-13T04:00:00+08:00,COLLIE_BESS2,0.0,-990.1,1,de8ee669-0233-47d3-936f-e934b21a2688,IN-SERVICE,NON-LIQUID,-1000.0,
2026-08-13T04:00:00+08:00,COLLIE_BESS2,-150.0,-42.46,2,de8ee669-0233-47d3-936f-e934b21a2688,IN-SERVICE,NON-LIQUID,-42.88,
2026-08-13T04:00:00+08:00,COLLIE_BESS2,-150.0,-10.0,3,de8ee669-0233-47d3-936f-e934b21a2688,IN-SERVICE,NON-LIQUID,-10.1,
2026-08-13T04:00:00+08:00,COLLIE_BESS2,0.0,34.02,4,de8ee669-0233-47d3-936f-e934b21a2688,IN-SERVICE,NON-LIQUID,34.36,
2026-08-13T04:00:00+08:00,COLLIE_BESS2,0.0,60.0,5,de8ee669-0233-47d3-936f-e934b21a2688,IN-SERVICE,NON-LIQUID,60.6,
2026-08-13T04:00:00+08:00,COLLIE_BESS2,75.0,250.0,6,de8ee669-0233-47d3-936f-e934b21a2688,IN-SERVICE,NON-LIQUID,252.5,
2026-08-13T04:00:00+08:00,COLLIE_BESS2,75.0,367.0,7,de8ee669-0233-47d3-936f-e934b21a2688,IN-SERVICE,NON-LIQUID,370.67,
2026-08-13T04:00:00+08:00,COLLIE_BESS2,150.0,622.0,8,de8ee669-0233-47d3-936f-e934b21a2688,IN-SERVICE,NON-LIQUID,628.22,
2026-08-13T04:00:00+08:00,COLLIE_BESS2,0.0,1188.12,9,de8ee669-0233-47d3-936f-e934b21a2688,IN-SERVICE,NON-LIQUID,1200.0,
2026-08-13T04:00:00+08:00,COLLIE_BESS2,0.0,1188.12,10,de8ee669-0233-47d3-936f-e934b21a2688,IN-SERVICE,NON-LIQUID,1200.0,
2026-08-13T04:00:00+08:00,COLLIE_ESR4,-250.0,128.92,1,a0c5057c-220f-481b-8846-e62a2efb7266,IN-SERVICE,NOT APPLICABLE,128.84,0.0
2026-08-13T04:00:00+08:00,COLLIE_ESR4,250.0,144.4,2,a0c5057c-220f-481b-8846-e62a2efb7266,IN-SERVICE,NOT APPLICABLE,144.31,0.0
2026-08-13T04:00:00+08:00,COLLIE_ESR5,-250.0,129.03,1,572f570d-20ae-4fca-9544-10420e266adf,IN-SERVICE,NOT APPLICABLE,128.95,0.0
2026-08-13T04:00:00+08:00,COLLIE_ESR5,250.0,144.29,2,572f570d-20ae-4fca-9544-10420e266adf,IN-SERVICE,NOT APPLICABLE,144.2,0.0
2026-08-13T04:05:00+08:00,KWINANA_ESR1,-100.0,121.89,1,d863f53f-1953-49fb-be25-055f3cc319b5,IN-SERVICE,NOT APPLICABLE,121.84,0.0
2026-08-13T04:05:00+08:00,KWINANA_ESR1,100.0,136.63,2,d863f53f-1953-49fb-be25-055f3cc319b5,IN-SERVICE,NOT APPLICABLE,136.58,0.0
2026-08-13T04:05:00+08:00,COLLIE_ESR1,0.0,-1000.0,1,eadab311-3aa8-44e2-9fad-3acdba61789e,IN-SERVICE,NON-LIQUID,-999.4,
2026-08-13T04:05:00+08:00,COLLIE_ESR1,-100.0,-42.46,2,eadab311-3aa8-44e2-9fad-3acdba61789e,IN-SERVICE,NON-LIQUID,-42.43,
2026-08-13T04:05:00+08:00,COLLIE_ESR1,-100.0,-10.0,3,eadab311-3aa8-44e2-9fad-3acdba61789e,IN-SERVICE,NON-LIQUID,-9.99,
2026-08-13T04:05:00+08:00,COLLIE_ESR1,0.0,34.02,4,eadab311-3aa8-44e2-9fad-3acdba61789e,IN-SERVICE,NON-LIQUID,34.0,
2026-08-13T04:05:00+08:00,COLLIE_ESR1,0.0,60.0,5,eadab311-3aa8-44e2-9fad-3acdba61789e,IN-SERVICE,NON-LIQUID,59.96,
2026-08-13T04:05:00+08:00,COLLIE_ESR1,50.0,250.0,6,eadab311-3aa8-44e2-9fad-3acdba61789e,IN-SERVICE,NON-LIQUID,249.85,
2026-08-13T04:05:00+08:00,COLLIE_ESR1,100.0,367.0,7,eadab311-3aa8-44e2-9fad-3acdba61789e,IN-SERVICE,NON-LIQUID,366.78,
2026-08-13T04:05:00+08:00,COLLIE_ESR1,50.0,622.0,8,eadab311-3aa8-44e2-9fad-3acdba61789e,IN-SERVICE,NON-LIQUID,621.63,
2026-08-13T04:05:00+08:00,COLLIE_ESR1,0.0,1199.9,9,eadab311-3aa8-44e2-9fad-3acdba61789e,IN-SERVICE,NON-LIQUID,1199.18,
2026-08-13T04:05:00+08:00,COLLIE_ESR1,0.0,1200.0,10,eadab311-3aa8-44e2-9fad-3acdba61789e,IN-SERVICE,NON-LIQUID,1199.28,
2026-08-13T04:05:00+08:00,KWINANA_ESR2,-225.0,125.44,1,3a1068b9-c0f4-4f7a-b441-c48c52c2aee9,IN-SERVICE,NOT APPLICABLE,125.31,0.0
2026-08-13T04:05:00+08:00,KWINANA_ESR2,225.0,147.72,2,3a1068b9-c0f4-4f7a-b441-c48c52c2aee9,IN-SERVICE,NOT APPLICABLE,147.57,0.0
2026-08-13T04:05:00+08:00,COLLIE_BESS2,0.0,-990.1,1,7905d391-e41f-44af-9a40-a6119d6e7779,IN-SERVICE,NON-LIQUID,-1000.0,
2026-08-13T04:05:00+08:00,COLLIE_BESS2,-150.0,-42.46,2,7905d391-e41f-44af-9a40-a6119d6e7779,IN-SERVICE,NON-LIQUID,-42.88,
2026-08-13T04:05:00+08:00,COLLIE_BESS2,-150.0,-10.0,3,7905d391-e41f-44af-9a40-a6119d6e7779,IN-SERVICE,NON-LIQUID,-10.1,
2026-08-13T04:05:00+08:00,COLLIE_BESS2,0.0,34.02,4,7905d391-e41f-44af-9a40-a6119d6e7779,IN-SERVICE,NON-LIQUID,34.36,
2026-08-13T04:05:00+08:00,COLLIE_BESS2,0.0,60.0,5,7905d391-e41f-44af-9a40-a6119d6e7779,IN-SERVICE,NON-LIQUID,60.6,
2026-08-13T04:05:00+08:00,COLLIE_BESS2,75.0,250.0,6,7905d391-e41f-44af-9a40-a6119d6e7779,IN-SERVICE,NON-LIQUID,252.5,
2026-08-13T04:05:00+08:00,COLLIE_BESS2,75.0,367.0,7,7905d391-e41f-44af-9a40-a6119d6e7779,IN-SERVICE,NON-LIQUID,370.67,
2026-08-13T04:05:00+08:00,COLLIE_BESS2,150.0,622.0,8,7905d391-e41f-44af-9a40-a6119d6e7779,IN-SERVICE,NON-LIQUID,628.22,
2026-08-13T04:05:00+08:00,COLLIE_BESS2,0.0,1188.12,9,7905d391-e41f-44af-9a40-a6119d6e7779,IN-SERVICE,NON-LIQUID,1200.0,
2026-08-13T04:05:00+08:00,COLLIE_BESS2,0.0,1188.12,10,7905d391-e41f-44af-9a40-a6119d6e7779,IN-SERVICE,NON-LIQUID,1200.0,
2026-08-13T04:05:00+08:00,COLLIE_ESR4,-250.0,132.42,1,4a7a4591-03bc-4790-a9c6-465466e6f93c,IN-SERVICE,NOT APPLICABLE,132.34,0.0
2026-08-13T04:05:00+08:00,COLLIE_ESR4,250.0,147.9,2,4a7a4591-03bc-4790-a9c6-465466e6f93c,IN-SERVICE,NOT APPLICABLE,147.81,0.0
2026-08-13T04:05:00+08:00,COLLIE_ESR5,-250.0,132.53,1,7add7174-dc86-4c72-9b6e-31567121d79b,IN-SERVICE,NOT APPLICABLE,132.45,0.0
2026-08-13T04:05:00+08:00,COLLIE_ESR5,250.0,147.79,2,7add7174-dc86-4c72-9b6e-31567121d79b,IN-SERVICE,NOT APPLICABLE,147.7,0.0
2026-08-13T04:10:00+08:00,KWINANA_ESR1,-100.0,121.89,1,d863f53f-1953-49fb-be25-055f3cc319b5,IN-SERVICE,NOT APPLICABLE,121.84,0.0
2026-08-13T04:10:00+08:00,KWINANA_ESR1,100.0,136.63,2,d863f53f-1953-49fb-be25-055f3cc319b5,IN-SERVICE,NOT APPLICABLE,136.58,0.0
2026-08-13T04:10:00+08:00,COLLIE_ESR1,0.0,-1000.0,1,067e38c5-2581-4fa5-91fd-17e267a3a52c,IN-SERVICE,NON-LIQUID,-999.4,
2026-08-13T04:10:00+08:00,COLLIE_ESR1,-100.0,-42.46,2,067e38c5-2581-4fa5-91fd-17e267a3a52c,IN-SERVICE,NON-LIQUID,-42.43,
2026-08-13T04:10:00+08:00,COLLIE_ESR1,-100.0,-10.0,3,067e38c5-2581-4fa5-91fd-17e267a3a52c,IN-SERVICE,NON-LIQUID,-9.99,
2026-08-13T04:10:00+08:00,COLLIE_ESR1,0.0,34.02,4,067e38c5-2581-4fa5-91fd-17e267a3a52c,IN-SERVICE,NON-LIQUID,34.0,
2026-08-13T04:10:00+08:00,COLLIE_ESR1,0.0,60.0,5,067e38c5-2581-4fa5-91fd-17e267a3a52c,IN-SERVICE,NON-LIQUID,59.96,
2026-08-13T04:10:00+08:00,COLLIE_ESR1,50.0,250.0,6,067e38c5-2581-4fa5-91fd-17e267a3a52c,IN-SERVICE,NON-LIQUID,249.85,
2026-08-13T04:10:00+08:00,COLLIE_ESR1,100.0,367.0,7,067e38c5-2581-4fa5-91fd-17e267a3a52c,IN-SERVICE,NON-LIQUID,366.78,
2026-08-13T04:10:00+08:00,COLLIE_ESR1,50.0,622.0,8,067e38c5-2581-4fa5-91fd-17e267a3a52c,IN-SERVICE,NON-LIQUID,621.63,
2026-08-13T04:10:00+08:00,COLLIE_ESR1,0.0,1199.9,9,067e38c5-2581-4fa5-91fd-17e267a3a52c,IN-SERVICE,NON-LIQUID,1199.18,
2026-08-13T04:10:00+08:00,COLLIE_ESR1,0.0,1200.0,10,067e38c5-2581-4fa5-91fd-17e267a3a52c,IN-SERVICE,NON-LIQUID,1199.28,
2026-08-13T04:10:00+08:00,KWINANA_ESR2,-225.0,125.44,1,3a1068b9-c0f4-4f7a-b441-c48c52c2aee9,IN-SERVICE,NOT APPLICABLE,125.31,0.0
2026-08-13T04:10:00+08:00,KWINANA_ESR2,225.0,147.72,2,3a1068b9-c0f4-4f7a-b441-c48c52c2aee9,IN-SERVICE,NOT APPLICABLE,147.57,0.0
2026-08-13T04:10:00+08:00,COLLIE_BESS2,0.0,-990.1,1,753665db-999d-4b2d-a22d-d99d577cc8c7,IN-SERVICE,NON-LIQUID,-1000.0,
2026-08-13T04:10:00+08:00,COLLIE_BESS2,-150.0,-42.46,2,753665db-999d-4b2d-a22d-d99d577cc8c7,IN-SERVICE,NON-LIQUID,-42.88,
2026-08-13T04:10:00+08:00,COLLIE_BESS2,-150.0,-10.0,3,753665db-999d-4b2d-a22d-d99d577cc8c7,IN-SERVICE,NON-LIQUID,-10.1,
2026-08-13T04:10:00+08:00,COLLIE_BESS2,0.0,34.02,4,753665db-999d-4b2d-a22d-d99d577cc8c7,IN-SERVICE,NON-LIQUID,34.36,
2026-08-13T04:10:00+08:00,COLLIE_BESS2,0.0,60.0,5,753665db-999d-4b2d-a22d-d99d577cc8c7,IN-SERVICE,NON-LIQUID,60.6,
2026-08-13T04:10:00+08:00,COLLIE_BESS2,75.0,250.0,6,753665db-999d-4b2d-a22d-d99d577cc8c7,IN-SERVICE,NON-LIQUID,252.5,
2026-08-13T04:10:00+08:00,COLLIE_BESS2,75.0,367.0,7,753665db-999d-4b2d-a22d-d99d577cc8c7,IN-SERVICE,NON-LIQUID,370.67,
2026-08-13T04:10:00+08:00,COLLIE_BESS2,150.0,622.0,8,753665db-999d-4b2d-a22d-d99d577cc8c7,IN-SERVICE,NON-LIQUID,628.22,
2026-08-13T04:10:00+08:00,COLLIE_BESS2,0.0,1188.12,9,753665db-999d-4b2d-a22d-d99d577cc8c7,IN-SERVICE,NON-LIQUID,1200.0,
2026-08-13T04:10:00+08:00,COLLIE_BESS2,0.0,1188.12,10,753665db-999d-4b2d-a22d-d99d577cc8c7,IN-SERVICE,NON-LIQUID,1200.0,
2026-08-13T04:10:00+08:00,COLLIE_ESR4,-250.0,132.42,1,4a7a4591-03bc-4790-a9c6-465466e6f93c,IN-SERVICE,NOT APPLICABLE,132.34,0.0
2026-08-13T04:10:00+08:00,COLLIE_ESR4,250.0,147.9,2,4a7a4591-03bc-4790-a9c6-465466e6f93c,IN-SERVICE,NOT APPLICABLE,147.81,0.0
2026-08-13T04:10:00+08:00,COLLIE_ESR5,-250.0,125.26,1,7add7174-dc86-4c72-9b6e-31567121d79b,IN-SERVICE,NOT APPLICABLE,125.18,0.0
2026-08-13T04:10:00+08:00,COLLIE_ESR5,250.0,147.79,2,7add7174-dc86-4c72-9b6e-31567121d79b,IN-SERVICE,NOT APPLICABLE,147.7,0.0
2026-08-13T04:15:00+08:00,KWINANA_ESR1,-100.0,121.89,1,d863f53f-1953-49fb-be25-055f3cc319b5,IN-SERVICE,NOT APPLICABLE,121.84,0.0
2026-08-13T04:15:00+08:00,KWINANA_ESR1,100.0,136.63,2,d863f53f-1953-49fb-be25-055f3cc319b5,IN-SERVICE,NOT APPLICABLE,136.58,0.0
2026-08-13T04:15:00+08:00,COLLIE_ESR1,0.0,-1000.0,1,2a30da4b-64e7-4253-8629-d5ff910d34b0,IN-SERVICE,NON-LIQUID,-999.4,
2026-08-13T04:15:00+08:00,COLLIE_ESR1,-100.0,-42.46,2,2a30da4b-64e7-4253-8629-d5ff910d34b0,IN-SERVICE,NON-LIQUID,-42.43,
2026-08-13T04:15:00+08:00,COLLIE_ESR1,-100.0,-10.0,3,2a30da4b-64e7-4253-8629-d5ff910d34b0,IN-SERVICE,NON-LIQUID,-9.99,
2026-08-13T04:15:00+08:00,COLLIE_ESR1,0.0,34.02,4,2a30da4b-64e7-4253-8629-d5ff910d34b0,IN-SERVICE,NON-LIQUID,34.0,
2026-08-13T04:15:00+08:00,COLLIE_ESR1,0.0,60.0,5,2a30da4b-64e7-4253-8629-d5ff910d34b0,IN-SERVICE,NON-LIQUID,59.96,
2026-08-13T04:15:00+08:00,COLLIE_ESR1,50.0,250.0,6,2a30da4b-64e7-4253-8629-d5ff910d34b0,IN-SERVICE,NON-LIQUID,249.85,
2026-08-13T04:15:00+08:00,COLLIE_ESR1,100.0,367.0,7,2a30da4b-64e7-4253-8629-d5ff910d34b0,IN-SERVICE,NON-LIQUID,366.78,
2026-08-13T04:15:00+08:00,COLLIE_ESR1,50.0,622.0,8,2a30da4b-64e7-4253-8629-d5ff910d34b0,IN-SERVICE,NON-LIQUID,621.63,
2026-08-13T04:15:00+08:00,COLLIE_ESR1,0.0,1199.9,9,2a30da4b-64e7-4253-8629-d5ff910d34b0,IN-SERVICE,NON-LIQUID,1199.18,
2026-08-13T04:15:00+08:00,COLLIE_ESR1,0.0,1200.0,10,2a30da4b-64e7-4253-8629-d5ff910d34b0,IN-SERVICE,NON-LIQUID,1199.28,
2026-08-13T04:15:00+08:00,KWINANA_ESR2,-225.0,125.44,1,3a1068b9-c0f4-4f7a-b441-c48c52c2aee9,IN-SERVICE,NOT APPLICABLE,125.31,0.0
2026-08-13T04:15:00+08:00,KWINANA_ESR2,225.0,147.72,2,3a1068b9-c0f4-4f7a-b441-c48c52c2aee9,IN-SERVICE,NOT APPLICABLE,147.57,0.0
2026-08-13T04:15:00+08:00,COLLIE_BESS2,0.0,-990.1,1,8ec173f1-9051-4577-a6a2-f3225426fb20,IN-SERVICE,NON-LIQUID,-1000.0,
2026-08-13T04:15:00+08:00,COLLIE_BESS2,-150.0,-42.46,2,8ec173f1-9051-4577-a6a2-f3225426fb20,IN-SERVICE,NON-LIQUID,-42.88,
2026-08-13T04:15:00+08:00,COLLIE_BESS2,-150.0,-10.0,3,8ec173f1-9051-4577-a6a2-f3225426fb20,IN-SERVICE,NON-LIQUID,-10.1,
2026-08-13T04:15:00+08:00,COLLIE_BESS2,0.0,34.02,4,8ec173f1-9051-4577-a6a2-f3225426fb20,IN-SERVICE,NON-LIQUID,34.36,
2026-08-13T04:15:00+08:00,COLLIE_BESS2,0.0,60.0,5,8ec173f1-9051-4577-a6a2-f3225426fb20,IN-SERVICE,NON-LIQUID,60.6,
2026-08-13T04:15:00+08:00,COLLIE_BESS2,75.0,250.0,6,8ec173f1-9051-4577-a6a2-f3225426fb20,IN-SERVICE,NON-LIQUID,252.5,
2026-08-13T04:15:00+08:00,COLLIE_BESS2,75.0,367.0,7,8ec173f1-9051-4577-a6a2-f3225426fb20,IN-SERVICE,NON-LIQUID,370.67,
2026-08-13T04:15:00+08:00,COLLIE_BESS2,150.0,622.0,8,8ec173f1-9051-4577-a6a2-f3225426fb20,IN-SERVICE,NON-LIQUID,628.22,
2026-08-13T04:15:00+08:00,COLLIE_BESS2,0.0,1188.12,9,8ec173f1-9051-4577-a6a2-f3225426fb20,IN-SERVICE,NON-LIQUID,1200.0,
2026-08-13T04:15:00+08:00,COLLIE_BESS2,0.0,1188.12,10,8ec173f1-9051-4577-a6a2-f3225426fb20,IN-SERVICE,NON-LIQUID,1200.0,
2026-08-13T04:15:00+08:00,COLLIE_ESR4,-250.0,132.42,1,4a7a4591-03bc-4790-a9c6-465466e6f93c,IN-SERVICE,NOT APPLICABLE,132.34,0.0
2026-08-13T04:15:00+08:00,COLLIE_ESR4,250.0,147.9,2,4a7a4591-03bc-4790-a9c6-465466e6f93c,IN-SERVICE,NOT APPLICABLE,147.81,0.0
2026-08-13T04:15:00+08:00,COLLIE_ESR5,-250.0,125.26,1,7add7174-dc86-4c72-9b6e-31567121d79b,IN-SERVICE,NOT APPLICABLE,125.18,0.0
2026-08-13T04:15:00+08:00,COLLIE_ESR5,250.0,147.79,2,7add7174-dc86-4c72-9b6e-31567121d79b,IN-SERVICE,NOT APPLICABLE,147.7,0.0
2026-08-13T04:20:00+08:00,KWINANA_ESR1,-100.0,125.02,1,3a3ce46e-723d-4538-af99-85af7dc71a1e,IN-SERVICE,NOT APPLICABLE,124.97,0.0
2026-08-13T04:20:00+08:00,KWINANA_ESR1,100.0,139.76,2,3a3ce46e-723d-4538-af99-85af7dc71a1e,IN-SERVICE,NOT APPLICABLE,139.7,0.0
2026-08-13T04:20:00+08:00,COLLIE_ESR1,0.0,-1000.0,1,2f94ef7f-2846-4bfd-941b-b029feee923a,IN-SERVICE,NON-LIQUID,-999.4,
2026-08-13T04:20:00+08:00,COLLIE_ESR1,-100.0,-42.46,2,2f94ef7f-2846-4bfd-941b-b029feee923a,IN-SERVICE,NON-LIQUID,-42.43,
2026-08-13T04:20:00+08:00,COLLIE_ESR1,-100.0,-10.0,3,2f94ef7f-2846-4bfd-941b-b029feee923a,IN-SERVICE,NON-LIQUID,-9.99,
2026-08-13T04:20:00+08:00,COLLIE_ESR1,0.0,34.02,4,2f94ef7f-2846-4bfd-941b-b029feee923a,IN-SERVICE,NON-LIQUID,34.0,
2026-08-13T04:20:00+08:00,COLLIE_ESR1,0.0,60.0,5,2f94ef7f-2846-4bfd-941b-b029feee923a,IN-SERVICE,NON-LIQUID,59.96,
2026-08-13T04:20:00+08:00,COLLIE_ESR1,50.0,250.0,6,2f94ef7f-2846-4bfd-941b-b029feee923a,IN-SERVICE,NON-LIQUID,249.85,
2026-08-13T04:20:00+08:00,COLLIE_ESR1,100.0,367.0,7,2f94ef7f-2846-4bfd-941b-b029feee923a,IN-SERVICE,NON-LIQUID,366.78,
2026-08-13T04:20:00+08:00,COLLIE_ESR1,50.0,622.0,8,2f94ef7f-2846-4bfd-941b-b029feee923a,IN-SERVICE,NON-LIQUID,621.63,
2026-08-13T04:20:00+08:00,COLLIE_ESR1,0.0,1199.9,9,2f94ef7f-2846-4bfd-941b-b029feee923a,IN-SERVICE,NON-LIQUID,1199.18,
2026-08-13T04:20:00+08:00,COLLIE_ESR1,0.0,1200.0,10,2f94ef7f-2846-4bfd-941b-b029feee923a,IN-SERVICE,NON-LIQUID,1199.28,
2026-08-13T04:20:00+08:00,KWINANA_ESR2,-225.0,125.44,1,c44cb423-1448-444c-b647-f1ce811664dc,IN-SERVICE,NOT APPLICABLE,125.31,0.0
2026-08-13T04:20:00+08:00,KWINANA_ESR2,225.0,140.44,2,c44cb423-1448-444c-b647-f1ce811664dc,IN-SERVICE,NOT APPLICABLE,140.3,0.0
2026-08-13T04:20:00+08:00,COLLIE_BESS2,0.0,-990.1,1,4880b87d-9c51-4910-8719-7c7fb60e301b,IN-SERVICE,NON-LIQUID,-1000.0,
2026-08-13T04:20:00+08:00,COLLIE_BESS2,-150.0,-42.46,2,4880b87d-9c51-4910-8719-7c7fb60e301b,IN-SERVICE,NON-LIQUID,-42.88,
2026-08-13T04:20:00+08:00,COLLIE_BESS2,-150.0,-10.0,3,4880b87d-9c51-4910-8719-7c7fb60e301b,IN-SERVICE,NON-LIQUID,-10.1,
2026-08-13T04:20:00+08:00,COLLIE_BESS2,0.0,34.02,4,4880b87d-9c51-4910-8719-7c7fb60e301b,IN-SERVICE,NON-LIQUID,34.36,
2026-08-13T04:20:00+08:00,COLLIE_BESS2,0.0,60.0,5,4880b87d-9c51-4910-8719-7c7fb60e301b,IN-SERVICE,NON-LIQUID,60.6,
2026-08-13T04:20:00+08:00,COLLIE_BESS2,75.0,250.0,6,4880b87d-9c51-4910-8719-7c7fb60e301b,IN-SERVICE,NON-LIQUID,252.5,
2026-08-13T04:20:00+08:00,COLLIE_BESS2,75.0,367.0,7,4880b87d-9c51-4910-8719-7c7fb60e301b,IN-SERVICE,NON-LIQUID,370.67,
2026-08-13T04:20:00+08:00,COLLIE_BESS2,150.0,622.0,8,4880b87d-9c51-4910-8719-7c7fb60e301b,IN-SERVICE,NON-LIQUID,628.22,
2026-08-13T04:20:00+08:00,COLLIE_BESS2,0.0,1188.12,9,4880b87d-9c51-4910-8719-7c7fb60e301b,IN-SERVICE,NON-LIQUID,1200.0,
2026-08-13T04:20:00+08:00,COLLIE_BESS2,0.0,1188.12,10,4880b87d-9c51-4910-8719-7c7fb60e301b,IN-SERVICE,NON-LIQUID,1200.0,
2026-08-13T04:20:00+08:00,COLLIE_ESR4,-250.0,132.42,1,f5a148ea-3945-4917-b5b2-ffe735372bfc,IN-SERVICE,NOT APPLICABLE,132.34,0.0
2026-08-13T04:20:00+08:00,COLLIE_ESR4,250.0,140.63,2,f5a148ea-3945-4917-b5b2-ffe735372bfc,IN-SERVICE,NOT APPLICABLE,140.55,0.0
2026-08-13T04:20:00+08:00,COLLIE_ESR5,-250.0,125.26,1,d2175157-d92d-4041-808b-5400b6f93902,IN-SERVICE,NOT APPLICABLE,125.18,0.0
2026-08-13T04:20:00+08:00,COLLIE_ESR5,250.0,140.52,2,d2175157-d92d-4041-808b-5400b6f93902,IN-SERVICE,NOT APPLICABLE,140.44,0.0
2026-08-13T04:25:00+08:00,KWINANA_ESR1,-100.0,125.4,1,3a3ce46e-723d-4538-af99-85af7dc71a1e,IN-SERVICE,NOT APPLICABLE,125.35,0.0
2026-08-13T04:25:00+08:00,KWINANA_ESR1,100.0,140.14,2,3a3ce46e-723d-4538-af99-85af7dc71a1e,IN-SERVICE,NOT APPLICABLE,140.08,0.0
2026-08-13T04:25:00+08:00,COLLIE_ESR1,0.0,-1000.0,1,ddd015c9-33d0-4133-9bac-450d3dbe8dc8,IN-SERVICE,NON-LIQUID,-999.4,
2026-08-13T04:25:00+08:00,COLLIE_ESR1,-100.0,-42.46,2,ddd015c9-33d0-4133-9bac-450d3dbe8dc8,IN-SERVICE,NON-LIQUID,-42.43,
2026-08-13T04:25:00+08:00,COLLIE_ESR1,-100.0,-10.0,3,ddd015c9-33d0-4133-9bac-450d3dbe8dc8,IN-SERVICE,NON-LIQUID,-9.99,
2026-08-13T04:25:00+08:00,COLLIE_ESR1,0.0,34.02,4,ddd015c9-33d0-4133-9bac-450d3dbe8dc8,IN-SERVICE,NON-LIQUID,34.0,
2026-08-13T04:25:00+08:00,COLLIE_ESR1,0.0,60.0,5,ddd015c9-33d0-4133-9bac-450d3dbe8dc8,IN-SERVICE,NON-LIQUID,59.96,
2026-08-13T04:25:00+08:00,COLLIE_ESR1,50.0,250.0,6,ddd015c9-33d0-4133-9bac-450d3dbe8dc8,IN-SERVICE,NON-LIQUID,249.85,
2026-08-13T04:25:00+08:00,COLLIE_ESR1,100.0,367.0,7,ddd015c9-33d0-4133-9bac-450d3dbe8dc8,IN-SERVICE,NON-LIQUID,366.78,
2026-08-13T04:25:00+08:00,COLLIE_ESR1,50.0,622.0,8,ddd015c9-33d0-4133-9bac-450d3dbe8dc8,IN-SERVICE,NON-LIQUID,621.63,
2026-08-13T04:25:00+08:00,COLLIE_ESR1,0.0,1199.9,9,ddd015c9-33d0-4133-9bac-450d3dbe8dc8,IN-SERVICE,NON-LIQUID,1199.18,
2026-08-13T04:25:00+08:00,COLLIE_ESR1,0.0,1200.0,10,ddd015c9-33d0-4133-9bac-450d3dbe8dc8,IN-SERVICE,NON-LIQUID,1199.28,
2026-08-13T04:25:00+08:00,KWINANA_ESR2,-225.0,125.44,1,c44cb423-1448-444c-b647-f1ce811664dc,IN-SERVICE,NOT APPLICABLE,125.31,0.0
2026-08-13T04:25:00+08:00,KWINANA_ESR2,225.0,140.44,2,c44cb423-1448-444c-b647-f1ce811664dc,IN-SERVICE,NOT APPLICABLE,140.3,0.0
2026-08-13T04:25:00+08:00,COLLIE_BESS2,0.0,-990.1,1,3b18a38d-bd99-49d4-9185-1ab2df217cf2,IN-SERVICE,NON-LIQUID,-1000.0,
2026-08-13T04:25:00+08:00,COLLIE_BESS2,-150.0,-42.46,2,3b18a38d-bd99-49d4-9185-1ab2df217cf2,IN-SERVICE,NON-LIQUID,-42.88,
2026-08-13T04:25:00+08:00,COLLIE_BESS2,-150.0,-10.0,3,3b18a38d-bd99-49d4-9185-1ab2df217cf2,IN-SERVICE,NON-LIQUID,-10.1,
2026-08-13T04:25:00+08:00,COLLIE_BESS2,0.0,34.02,4,3b18a38d-bd99-49d4-9185-1ab2df217cf2,IN-SERVICE,NON-LIQUID,34.36,
2026-08-13T04:25:00+08:00,COLLIE_BESS2,0.0,60.0,5,3b18a38d-bd99-49d4-9185-1ab2df217cf2,IN-SERVICE,NON-LIQUID,60.6,
2026-08-13T04:25:00+08:00,COLLIE_BESS2,75.0,250.0,6,3b18a38d-bd99-49d4-9185-1ab2df217cf2,IN-SERVICE,NON-LIQUID,252.5,
2026-08-13T04:25:00+08:00,COLLIE_BESS2,75.0,367.0,7,3b18a38d-bd99-49d4-9185-1ab2df217cf2,IN-SERVICE,NON-LIQUID,370.67,
2026-08-13T04:25:00+08:00,COLLIE_BESS2,150.0,622.0,8,3b18a38d-bd99-49d4-9185-1ab2df217cf2,IN-SERVICE,NON-LIQUID,628.22,
2026-08-13T04:25:00+08:00,COLLIE_BESS2,0.0,1188.12,9,3b18a38d-bd99-49d4-9185-1ab2df217cf2,IN-SERVICE,NON-LIQUID,1200.0,
2026-08-13T04:25:00+08:00,COLLIE_BESS2,0.0,1188.12,10,3b18a38d-bd99-49d4-9185-1ab2df217cf2,IN-SERVICE,NON-LIQUID,1200.0,
2026-08-13T04:25:00+08:00,COLLIE_ESR4,-250.0,125.15,1,f5a148ea-3945-4917-b5b2-ffe735372bfc,IN-SERVICE,NOT APPLICABLE,125.07,0.0
2026-08-13T04:25:00+08:00,COLLIE_ESR4,250.0,140.63,2,f5a148ea-3945-4917-b5b2-ffe735372bfc,IN-SERVICE,NOT APPLICABLE,140.55,0.0
2026-08-13T04:25:00+08:00,COLLIE_ESR5,-250.0,125.26,1,d2175157-d92d-4041-808b-5400b6f93902,IN-SERVICE,NOT APPLICABLE,125.18,0.0
2026-08-13T04:25:00+08:00,COLLIE_ESR5,250.0,140.52,2,d2175157-d92d-4041-808b-5400b6f93902,IN-SERVICE,NOT APPLICABLE,140.44,0.0
2026-08-13T04:30:00+08:00,KWINANA_ESR1,-100.0,125.4,1,3a3ce46e-723d-4538-af99-85af7dc71a1e,IN-SERVICE,NOT APPLICABLE,125.35,0.0
2026-08-13T04:30:00+08:00,KWINANA_ESR1,100.0,140.14,2,3a3ce46e-723d-4538-af99-85af7dc71a1e,IN-SERVICE,NOT APPLICABLE,140.08,0.0
2026-08-13T04:30:00+08:00,COLLIE_ESR1,0.0,-1000.0,1,497b0b39-c4da-4d96-b4d5-1240de5baf4a,IN-SERVICE,NON-LIQUID,-999.4,
2026-08-13T04:30:00+08:00,COLLIE_ESR1,-100.0,-42.46,2,497b0b39-c4da-4d96-b4d5-1240de5baf4a,IN-SERVICE,NON-LIQUID,-42.43,
2026-08-13T04:30:00+08:00,COLLIE_ESR1,-100.0,-10.0,3,497b0b39-c4da-4d96-b4d5-1240de5baf4a,IN-SERVICE,NON-LIQUID,-9.99,
2026-08-13T04:30:00+08:00,COLLIE_ESR1,0.0,34.02,4,497b0b39-c4da-4d96-b4d5-1240de5baf4a,IN-SERVICE,NON-LIQUID,34.0,
2026-08-13T04:30:00+08:00,COLLIE_ESR1,0.0,51.0,5,497b0b39-c4da-4d96-b4d5-1240de5baf4a,IN-SERVICE,NON-LIQUID,50.97,
2026-08-13T04:30:00+08:00,COLLIE_ESR1,50.0,250.0,6,497b0b39-c4da-4d96-b4d5-1240de5baf4a,IN-SERVICE,NON-LIQUID,249.85,
2026-08-13T04:30:00+08:00,COLLIE_ESR1,100.0,367.0,7,497b0b39-c4da-4d96-b4d5-1240de5baf4a,IN-SERVICE,NON-LIQUID,366.78,
2026-08-13T04:30:00+08:00,COLLIE_ESR1,50.0,622.0,8,497b0b39-c4da-4d96-b4d5-1240de5baf4a,IN-SERVICE,NON-LIQUID,621.63,
2026-08-13T04:30:00+08:00,COLLIE_ESR1,0.0,1199.9,9,497b0b39-c4da-4d96-b4d5-1240de5baf4a,IN-SERVICE,NON-LIQUID,1199.18,
2026-08-13T04:30:00+08:00,COLLIE_ESR1,0.0,1200.0,10,497b0b39-c4da-4d96-b4d5-1240de5baf4a,IN-SERVICE,NON-LIQUID,1199.28,
2026-08-13T04:30:00+08:00,KWINANA_ESR2,-225.0,125.44,1,c44cb423-1448-444c-b647-f1ce811664dc,IN-SERVICE,NOT APPLICABLE,125.31,0.0
2026-08-13T04:30:00+08:00,KWINANA_ESR2,225.0,140.44,2,c44cb423-1448-444c-b647-f1ce811664dc,IN-SERVICE,NOT APPLICABLE,140.3,0.0
2026-08-13T04:30:00+08:00,COLLIE_BESS2,0.0,-990.1,1,abac175e-f230-4e64-a72f-6961f8849c98,IN-SERVICE,NON-LIQUID,-1000.0,
2026-08-13T04:30:00+08:00,COLLIE_BESS2,-150.0,-42.46,2,abac175e-f230-4e64-a72f-6961f8849c98,IN-SERVICE,NON-LIQUID,-42.88,
2026-08-13T04:30:00+08:00,COLLIE_BESS2,-150.0,-10.0,3,abac175e-f230-4e64-a72f-6961f8849c98,IN-SERVICE,NON-LIQUID,-10.1,
2026-08-13T04:30:00+08:00,COLLIE_BESS2,0.0,34.02,4,abac175e-f230-4e64-a72f-6961f8849c98,IN-SERVICE,NON-LIQUID,34.36,
2026-08-13T04:30:00+08:00,COLLIE_BESS2,0.0,51.0,5,abac175e-f230-4e64-a72f-6961f8849c98,IN-SERVICE,NON-LIQUID,51.51,
2026-08-13T04:30:00+08:00,COLLIE_BESS2,75.0,250.0,6,abac175e-f230-4e64-a72f-6961f8849c98,IN-SERVICE,NON-LIQUID,252.5,
2026-08-13T04:30:00+08:00,COLLIE_BESS2,75.0,367.0,7,abac175e-f230-4e64-a72f-6961f8849c98,IN-SERVICE,NON-LIQUID,370.67,
2026-08-13T04:30:00+08:00,COLLIE_BESS2,150.0,622.0,8,abac175e-f230-4e64-a72f-6961f8849c98,IN-SERVICE,NON-LIQUID,628.22,
2026-08-13T04:30:00+08:00,COLLIE_BESS2,0.0,1188.12,9,abac175e-f230-4e64-a72f-6961f8849c98,IN-SERVICE,NON-LIQUID,1200.0,
2026-08-13T04:30:00+08:00,COLLIE_BESS2,0.0,1188.12,10,abac175e-f230-4e64-a72f-6961f8849c98,IN-SERVICE,NON-LIQUID,1200.0,
2026-08-13T04:30:00+08:00,COLLIE_ESR4,-250.0,125.15,1,f5a148ea-3945-4917-b5b2-ffe735372bfc,IN-SERVICE,NOT APPLICABLE,125.07,0.0
2026-08-13T04:30:00+08:00,COLLIE_ESR4,250.0,140.63,2,f5a148ea-3945-4917-b5b2-ffe735372bfc,IN-SERVICE,NOT APPLICABLE,140.55,0.0
2026-08-13T04:30:00+08:00,COLLIE_ESR5,-250.0,125.26,1,d2175157-d92d-4041-808b-5400b6f93902,IN-SERVICE,NOT APPLICABLE,125.18,0.0
2026-08-13T04:30:00+08:00,COLLIE_ESR5,250.0,140.52,2,d2175157-d92d-4041-808b-5400b6f93902,IN-SERVICE,NOT APPLICABLE,140.44,0.0
2026-08-13T04:35:00+08:00,KWINANA_ESR1,-100.0,118.12,1,0baee43f-f811-4241-baab-9b07ad35a4d9,IN-SERVICE,NOT APPLICABLE,118.07,0.0
2026-08-13T04:35:00+08:00,KWINANA_ESR1,100.0,132.86,2,0baee43f-f811-4241-baab-9b07ad35a4d9,IN-SERVICE,NOT APPLICABLE,132.81,0.0
2026-08-13T04:35:00+08:00,COLLIE_ESR1,0.0,-1000.0,1,aac4b0ab-efbd-4500-b8b9-cfb4bc226b7e,IN-SERVICE,NON-LIQUID,-999.4,
2026-08-13T04:35:00+08:00,COLLIE_ESR1,-100.0,-42.46,2,aac4b0ab-efbd-4500-b8b9-cfb4bc226b7e,IN-SERVICE,NON-LIQUID,-42.43,
2026-08-13T04:35:00+08:00,COLLIE_ESR1,-100.0,-10.0,3,aac4b0ab-efbd-4500-b8b9-cfb4bc226b7e,IN-SERVICE,NON-LIQUID,-9.99,
2026-08-13T04:35:00+08:00,COLLIE_ESR1,0.0,34.02,4,aac4b0ab-efbd-4500-b8b9-cfb4bc226b7e,IN-SERVICE,NON-LIQUID,34.0,
2026-08-13T04:35:00+08:00,COLLIE_ESR1,0.0,51.0,5,aac4b0ab-efbd-4500-b8b9-cfb4bc226b7e,IN-SERVICE,NON-LIQUID,50.97,
2026-08-13T04:35:00+08:00,COLLIE_ESR1,50.0,250.0,6,aac4b0ab-efbd-4500-b8b9-cfb4bc226b7e,IN-SERVICE,NON-LIQUID,249.85,
2026-08-13T04:35:00+08:00,COLLIE_ESR1,100.0,367.0,7,aac4b0ab-efbd-4500-b8b9-cfb4bc226b7e,IN-SERVICE,NON-LIQUID,366.78,
2026-08-13T04:35:00+08:00,COLLIE_ESR1,50.0,622.0,8,aac4b0ab-efbd-4500-b8b9-cfb4bc226b7e,IN-SERVICE,NON-LIQUID,621.63,
2026-08-13T04:35:00+08:00,COLLIE_ESR1,0.0,1199.9,9,aac4b0ab-efbd-4500-b8b9-cfb4bc226b7e,IN-SERVICE,NON-LIQUID,1199.18,
2026-08-13T04:35:00+08:00,COLLIE_ESR1,0.0,1200.0,10,aac4b0ab-efbd-4500-b8b9-cfb4bc226b7e,IN-SERVICE,NON-LIQUID,1199.28,
2026-08-13T04:35:00+08:00,KWINANA_ESR2,-225.0,112.92,1,c53e7440-ab11-4c51-8f74-3731864b1237,IN-SERVICE,NOT APPLICABLE,112.81,0.0
2026-08-13T04:35:00+08:00,KWINANA_ESR2,225.0,127.92,2,c53e7440-ab11-4c51-8f74-3731864b1237,IN-SERVICE,NOT APPLICABLE,127.79,0.0
2026-08-13T04:35:00+08:00,COLLIE_BESS2,0.0,-990.1,1,11c7acb0-b578-4256-96a8-25727c0336c9,IN-SERVICE,NON-LIQUID,-1000.0,
2026-08-13T04:35:00+08:00,COLLIE_BESS2,-150.0,-42.46,2,11c7acb0-b578-4256-96a8-25727c0336c9,IN-SERVICE,NON-LIQUID,-42.88,
2026-08-13T04:35:00+08:00,COLLIE_BESS2,-150.0,-10.0,3,11c7acb0-b578-4256-96a8-25727c0336c9,IN-SERVICE,NON-LIQUID,-10.1,
2026-08-13T04:35:00+08:00,COLLIE_BESS2,0.0,34.02,4,11c7acb0-b578-4256-96a8-25727c0336c9,IN-SERVICE,NON-LIQUID,34.36,
2026-08-13T04:35:00+08:00,COLLIE_BESS2,0.0,51.0,5,11c7acb0-b578-4256-96a8-25727c0336c9,IN-SERVICE,NON-LIQUID,51.51,
2026-08-13T04:35:00+08:00,COLLIE_BESS2,75.0,250.0,6,11c7acb0-b578-4256-96a8-25727c0336c9,IN-SERVICE,NON-LIQUID,252.5,
2026-08-13T04:35:00+08:00,COLLIE_BESS2,75.0,367.0,7,11c7acb0-b578-4256-96a8-25727c0336c9,IN-SERVICE,NON-LIQUID,370.67,
2026-08-13T04:35:00+08:00,COLLIE_BESS2,150.0,622.0,8,11c7acb0-b578-4256-96a8-25727c0336c9,IN-SERVICE,NON-LIQUID,628.22,
2026-08-13T04:35:00+08:00,COLLIE_BESS2,0.0,1188.12,9,11c7acb0-b578-4256-96a8-25727c0336c9,IN-SERVICE,NON-LIQUID,1200.0,
2026-08-13T04:35:00+08:00,COLLIE_BESS2,0.0,1188.12,10,11c7acb0-b578-4256-96a8-25727c0336c9,IN-SERVICE,NON-LIQUID,1200.0,
2026-08-13T04:35:00+08:00,COLLIE_ESR4,-250.0,112.63,1,5b944b67-5f8f-46a0-af53-22a5c2d8542f,IN-SERVICE,NOT APPLICABLE,112.56,0.0
2026-08-13T04:35:00+08:00,COLLIE_ESR4,250.0,133.13,2,5b944b67-5f8f-46a0-af53-22a5c2d8542f,IN-SERVICE,NOT APPLICABLE,133.05,0.0
2026-08-13T04:35:00+08:00,COLLIE_ESR5,-250.0,112.74,1,bf2f6038-19d2-49f0-9851-0f8b6938b3c8,IN-SERVICE,NOT APPLICABLE,112.67,0.0
2026-08-13T04:35:00+08:00,COLLIE_ESR5,250.0,128.0,2,bf2f6038-19d2-49f0-9851-0f8b6938b3c8,IN-SERVICE,NOT APPLICABLE,127.92,0.0
2026-08-13T04:40:00+08:00,KWINANA_ESR1,-100.0,117.99,1,0baee43f-f811-4241-baab-9b07ad35a4d9,IN-SERVICE,NOT APPLICABLE,117.94,0.0
2026-08-13T04:40:00+08:00,KWINANA_ESR1,100.0,132.73,2,0baee43f-f811-4241-baab-9b07ad35a4d9,IN-SERVICE,NOT APPLICABLE,132.68,0.0
2026-08-13T04:40:00+08:00,COLLIE_ESR1,0.0,-1000.0,1,2bbca1a9-ca9f-4685-ad23-34c216a58b79,IN-SERVICE,NON-LIQUID,-999.4,
2026-08-13T04:40:00+08:00,COLLIE_ESR1,-100.0,-42.46,2,2bbca1a9-ca9f-4685-ad23-34c216a58b79,IN-SERVICE,NON-LIQUID,-42.43,
2026-08-13T04:40:00+08:00,COLLIE_ESR1,-100.0,-10.0,3,2bbca1a9-ca9f-4685-ad23-34c216a58b79,IN-SERVICE,NON-LIQUID,-9.99,
2026-08-13T04:40:00+08:00,COLLIE_ESR1,0.0,34.02,4,2bbca1a9-ca9f-4685-ad23-34c216a58b79,IN-SERVICE,NON-LIQUID,34.0,
2026-08-13T04:40:00+08:00,COLLIE_ESR1,0.0,51.0,5,2bbca1a9-ca9f-4685-ad23-34c216a58b79,IN-SERVICE,NON-LIQUID,50.97,
2026-08-13T04:40:00+08:00,COLLIE_ESR1,50.0,250.0,6,2bbca1a9-ca9f-4685-ad23-34c216a58b79,IN-SERVICE,NON-LIQUID,249.85,
2026-08-13T04:40:00+08:00,COLLIE_ESR1,100.0,367.0,7,2bbca1a9-ca9f-4685-ad23-34c216a58b79,IN-SERVICE,NON-LIQUID,366.78,
2026-08-13T04:40:00+08:00,COLLIE_ESR1,50.0,622.0,8,2bbca1a9-ca9f-4685-ad23-34c216a58b79,IN-SERVICE,NON-LIQUID,621.63,
2026-08-13T04:40:00+08:00,COLLIE_ESR1,0.0,1199.9,9,2bbca1a9-ca9f-4685-ad23-34c216a58b79,IN-SERVICE,NON-LIQUID,1199.18,
2026-08-13T04:40:00+08:00,COLLIE_ESR1,0.0,1200.0,10,2bbca1a9-ca9f-4685-ad23-34c216a58b79,IN-SERVICE,NON-LIQUID,1199.28,
2026-08-13T04:40:00+08:00,KWINANA_ESR2,-225.0,112.92,1,c53e7440-ab11-4c51-8f74-3731864b1237,IN-SERVICE,NOT APPLICABLE,112.81,0.0
2026-08-13T04:40:00+08:00,KWINANA_ESR2,225.0,127.92,2,c53e7440-ab11-4c51-8f74-3731864b1237,IN-SERVICE,NOT APPLICABLE,127.79,0.0
2026-08-13T04:40:00+08:00,COLLIE_BESS2,0.0,-990.1,1,9f33e5d4-8e6c-47c2-8a43-5b1d0e5df3f1,IN-SERVICE,NON-LIQUID,-1000.0,
2026-08-13T04:40:00+08:00,COLLIE_BESS2,-150.0,-42.46,2,9f33e5d4-8e6c-47c2-8a43-5b1d0e5df3f1,IN-SERVICE,NON-LIQUID,-42.88,
2026-08-13T04:40:00+08:00,COLLIE_BESS2,-150.0,-10.0,3,9f33e5d4-8e6c-47c2-8a43-5b1d0e5df3f1,IN-SERVICE,NON-LIQUID,-10.1,
2026-08-13T04:40:00+08:00,COLLIE_BESS2,0.0,34.02,4,9f33e5d4-8e6c-47c2-8a43-5b1d0e5df3f1,IN-SERVICE,NON-LIQUID,34.36,
2026-08-13T04:40:00+08:00,COLLIE_BESS2,0.0,51.0,5,9f33e5d4-8e6c-47c2-8a43-5b1d0e5df3f1,IN-SERVICE,NON-LIQUID,51.51,
2026-08-13T04:40:00+08:00,COLLIE_BESS2,75.0,250.0,6,9f33e5d4-8e6c-47c2-8a43-5b1d0e5df3f1,IN-SERVICE,NON-LIQUID,252.5,
2026-08-13T04:40:00+08:00,COLLIE_BESS2,75.0,367.0,7,9f33e5d4-8e6c-47c2-8a43-5b1d0e5df3f1,IN-SERVICE,NON-LIQUID,370.67,
2026-08-13T04:40:00+08:00,COLLIE_BESS2,150.0,622.0,8,9f33e5d4-8e6c-47c2-8a43-5b1d0e5df3f1,IN-SERVICE,NON-LIQUID,628.22,
2026-08-13T04:40:00+08:00,COLLIE_BESS2,0.0,1188.12,9,9f33e5d4-8e6c-47c2-8a43-5b1d0e5df3f1,IN-SERVICE,NON-LIQUID,1200.0,
2026-08-13T04:40:00+08:00,COLLIE_BESS2,0.0,1188.12,10,9f33e5d4-8e6c-47c2-8a43-5b1d0e5df3f1,IN-SERVICE,NON-LIQUID,1200.0,
2026-08-13T04:40:00+08:00,COLLIE_ESR4,-250.0,112.63,1,5b944b67-5f8f-46a0-af53-22a5c2d8542f,IN-SERVICE,NOT APPLICABLE,112.56,0.0
2026-08-13T04:40:00+08:00,COLLIE_ESR4,250.0,133.13,2,5b944b67-5f8f-46a0-af53-22a5c2d8542f,IN-SERVICE,NOT APPLICABLE,133.05,0.0
2026-08-13T04:40:00+08:00,COLLIE_ESR5,-250.0,112.74,1,bf2f6038-19d2-49f0-9851-0f8b6938b3c8,IN-SERVICE,NOT APPLICABLE,112.67,0.0
2026-08-13T04:40:00+08:00,COLLIE_ESR5,250.0,128.0,2,bf2f6038-19d2-49f0-9851-0f8b6938b3c8,IN-SERVICE,NOT APPLICABLE,127.92,0.0
2026-08-13T04:45:00+08:00,KWINANA_ESR1,-100.0,117.99,1,0baee43f-f811-4241-baab-9b07ad35a4d9,IN-SERVICE,NOT APPLICABLE,117.94,0.0
2026-08-13T04:45:00+08:00,KWINANA_ESR1,100.0,132.73,2,0baee43f-f811-4241-baab-9b07ad35a4d9,IN-SERVICE,NOT APPLICABLE,132.68,0.0
2026-08-13T04:45:00+08:00,COLLIE_ESR1,0.0,-1000.0,1,b13abaa6-52ce-4318-8261-e87b3127b53f,IN-SERVICE,NON-LIQUID,-999.4,
2026-08-13T04:45:00+08:00,COLLIE_ESR1,-100.0,-42.46,2,b13abaa6-52ce-4318-8261-e87b3127b53f,IN-SERVICE,NON-LIQUID,-42.43,
2026-08-13T04:45:00+08:00,COLLIE_ESR1,-100.0,-10.0,3,b13abaa6-52ce-4318-8261-e87b3127b53f,IN-SERVICE,NON-LIQUID,-9.99,
2026-08-13T04:45:00+08:00,COLLIE_ESR1,0.0,34.02,4,b13abaa6-52ce-4318-8261-e87b3127b53f,IN-SERVICE,NON-LIQUID,34.0,
2026-08-13T04:45:00+08:00,COLLIE_ESR1,0.0,51.0,5,b13abaa6-52ce-4318-8261-e87b3127b53f,IN-SERVICE,NON-LIQUID,50.97,
2026-08-13T04:45:00+08:00,COLLIE_ESR1,50.0,250.0,6,b13abaa6-52ce-4318-8261-e87b3127b53f,IN-SERVICE,NON-LIQUID,249.85,
2026-08-13T04:45:00+08:00,COLLIE_ESR1,100.0,367.0,7,b13abaa6-52ce-4318-8261-e87b3127b53f,IN-SERVICE,NON-LIQUID,366.78,
2026-08-13T04:45:00+08:00,COLLIE_ESR1,50.0,622.0,8,b13abaa6-52ce-4318-8261-e87b3127b53f,IN-SERVICE,NON-LIQUID,621.63,
2026-08-13T04:45:00+08:00,COLLIE_ESR1,0.0,1199.9,9,b13abaa6-52ce-4318-8261-e87b3127b53f,IN-SERVICE,NON-LIQUID,1199.18,
2026-08-13T04:45:00+08:00,COLLIE_ESR1,0.0,1200.0,10,b13abaa6-52ce-4318-8261-e87b3127b53f,IN-SERVICE,NON-LIQUID,1199.28,
2026-08-13T04:45:00+08:00,KWINANA_ESR2,-225.0,112.66,1,c53e7440-ab11-4c51-8f74-3731864b1237,IN-SERVICE,NOT APPLICABLE,112.55,0.0
2026-08-13T04:45:00+08:00,KWINANA_ESR2,225.0,127.92,2,c53e7440-ab11-4c51-8f74-3731864b1237,IN-SERVICE,NOT APPLICABLE,127.79,0.0
2026-08-13T04:45:00+08:00,COLLIE_BESS2,0.0,-990.1,1,970cc886-bf59-4a5c-9f01-60246605e06a,IN-SERVICE,NON-LIQUID,-1000.0,
2026-08-13T04:45:00+08:00,COLLIE_BESS2,-150.0,-42.46,2,970cc886-bf59-4a5c-9f01-60246605e06a,IN-SERVICE,NON-LIQUID,-42.88,
2026-08-13T04:45:00+08:00,COLLIE_BESS2,-150.0,-10.0,3,970cc886-bf59-4a5c-9f01-60246605e06a,IN-SERVICE,NON-LIQUID,-10.1,
2026-08-13T04:45:00+08:00,COLLIE_BESS2,0.0,34.02,4,970cc886-bf59-4a5c-9f01-60246605e06a,IN-SERVICE,NON-LIQUID,34.36,
2026-08-13T04:45:00+08:00,COLLIE_BESS2,0.0,51.0,5,970cc886-bf59-4a5c-9f01-60246605e06a,IN-SERVICE,NON-LIQUID,51.51,
2026-08-13T04:45:00+08:00,COLLIE_BESS2,75.0,250.0,6,970cc886-bf59-4a5c-9f01-60246605e06a,IN-SERVICE,NON-LIQUID,252.5,
2026-08-13T04:45:00+08:00,COLLIE_BESS2,75.0,367.0,7,970cc886-bf59-4a5c-9f01-60246605e06a,IN-SERVICE,NON-LIQUID,370.67,
2026-08-13T04:45:00+08:00,COLLIE_BESS2,150.0,622.0,8,970cc886-bf59-4a5c-9f01-60246605e06a,IN-SERVICE,NON-LIQUID,628.22,
2026-08-13T04:45:00+08:00,COLLIE_BESS2,0.0,1188.12,9,970cc886-bf59-4a5c-9f01-60246605e06a,IN-SERVICE,NON-LIQUID,1200.0,
2026-08-13T04:45:00+08:00,COLLIE_BESS2,0.0,1188.12,10,970cc886-bf59-4a5c-9f01-60246605e06a,IN-SERVICE,NON-LIQUID,1200.0,
2026-08-13T04:45:00+08:00,COLLIE_ESR4,-250.0,112.63,1,5b944b67-5f8f-46a0-af53-22a5c2d8542f,IN-SERVICE,NOT APPLICABLE,112.56,0.0
2026-08-13T04:45:00+08:00,COLLIE_ESR4,250.0,133.13,2,5b944b67-5f8f-46a0-af53-22a5c2d8542f,IN-SERVICE,NOT APPLICABLE,133.05,0.0
2026-08-13T04:45:00+08:00,COLLIE_ESR5,-250.0,112.74,1,bf2f6038-19d2-49f0-9851-0f8b6938b3c8,IN-SERVICE,NOT APPLICABLE,112.67,0.0
2026-08-13T04:45:00+08:00,COLLIE_ESR5,250.0,128.0,2,bf2f6038-19d2-49f0-9851-0f8b6938b3c8,IN-SERVICE,NOT APPLICABLE,127.92,0.0
2026-08-13T04:50:00+08:00,KWINANA_ESR1,-100.0,106.93,1,cb23e9e5-9ef3-4015-aa07-1892ae958726,IN-SERVICE,NOT APPLICABLE,106.89,0.0
2026-08-13T04:50:00+08:00,KWINANA_ESR1,100.0,121.67,2,cb23e9e5-9ef3-4015-aa07-1892ae958726,IN-SERVICE,NOT APPLICABLE,121.62,0.0
2026-08-13T04:50:00+08:00,COLLIE_ESR1,0.0,-1000.0,1,2856f27e-4b3b-48a9-8f68-b47c25eef4da,IN-SERVICE,NON-LIQUID,-999.4,
2026-08-13T04:50:00+08:00,COLLIE_ESR1,-22.0,-42.46,2,2856f27e-4b3b-48a9-8f68-b47c25eef4da,IN-SERVICE,NON-LIQUID,-42.43,
2026-08-13T04:50:00+08:00,COLLIE_ESR1,-23.0,-10.0,3,2856f27e-4b3b-48a9-8f68-b47c25eef4da,IN-SERVICE,NON-LIQUID,-9.99,
2026-08-13T04:50:00+08:00,COLLIE_ESR1,0.0,34.02,4,2856f27e-4b3b-48a9-8f68-b47c25eef4da,IN-SERVICE,NON-LIQUID,34.0,
2026-08-13T04:50:00+08:00,COLLIE_ESR1,-155.0,113.37,5,2856f27e-4b3b-48a9-8f68-b47c25eef4da,IN-SERVICE,NON-LIQUID,113.3,
2026-08-13T04:50:00+08:00,COLLIE_ESR1,50.0,250.0,6,2856f27e-4b3b-48a9-8f68-b47c25eef4da,IN-SERVICE,NON-LIQUID,249.85,
2026-08-13T04:50:00+08:00,COLLIE_ESR1,100.0,367.0,7,2856f27e-4b3b-48a9-8f68-b47c25eef4da,IN-SERVICE,NON-LIQUID,366.78,
2026-08-13T04:50:00+08:00,COLLIE_ESR1,50.0,622.0,8,2856f27e-4b3b-48a9-8f68-b47c25eef4da,IN-SERVICE,NON-LIQUID,621.63,
2026-08-13T04:50:00+08:00,COLLIE_ESR1,0.0,1199.9,9,2856f27e-4b3b-48a9-8f68-b47c25eef4da,IN-SERVICE,NON-LIQUID,1199.18,
2026-08-13T04:50:00+08:00,COLLIE_ESR1,0.0,1200.0,10,2856f27e-4b3b-48a9-8f68-b47c25eef4da,IN-SERVICE,NON-LIQUID,1199.28,
2026-08-13T04:50:00+08:00,KWINANA_ESR2,-225.0,105.54,1,9387ff54-7b9c-4ab4-a052-402617052add,IN-SERVICE,NOT APPLICABLE,105.43,0.0
2026-08-13T04:50:00+08:00,KWINANA_ESR2,225.0,120.54,2,9387ff54-7b9c-4ab4-a052-402617052add,IN-SERVICE,NOT APPLICABLE,120.42,0.0
2026-08-13T04:50:00+08:00,COLLIE_BESS2,0.0,-990.1,1,7398bb35-6f24-4486-b523-8e43685c9e49,IN-SERVICE,NON-LIQUID,-1000.0,
2026-08-13T04:50:00+08:00,COLLIE_BESS2,-150.0,-42.46,2,7398bb35-6f24-4486-b523-8e43685c9e49,IN-SERVICE,NON-LIQUID,-42.88,
2026-08-13T04:50:00+08:00,COLLIE_BESS2,-150.0,-10.0,3,7398bb35-6f24-4486-b523-8e43685c9e49,IN-SERVICE,NON-LIQUID,-10.1,
2026-08-13T04:50:00+08:00,COLLIE_BESS2,0.0,34.02,4,7398bb35-6f24-4486-b523-8e43685c9e49,IN-SERVICE,NON-LIQUID,34.36,
2026-08-13T04:50:00+08:00,COLLIE_BESS2,0.0,51.0,5,7398bb35-6f24-4486-b523-8e43685c9e49,IN-SERVICE,NON-LIQUID,51.51,
2026-08-13T04:50:00+08:00,COLLIE_BESS2,75.0,250.0,6,7398bb35-6f24-4486-b523-8e43685c9e49,IN-SERVICE,NON-LIQUID,252.5,
2026-08-13T04:50:00+08:00,COLLIE_BESS2,75.0,367.0,7,7398bb35-6f24-4486-b523-8e43685c9e49,IN-SERVICE,NON-LIQUID,370.67,
2026-08-13T04:50:00+08:00,COLLIE_BESS2,150.0,622.0,8,7398bb35-6f24-4486-b523-8e43685c9e49,IN-SERVICE,NON-LIQUID,628.22,
2026-08-13T04:50:00+08:00,COLLIE_BESS2,0.0,1188.12,9,7398bb35-6f24-4486-b523-8e43685c9e49,IN-SERVICE,NON-LIQUID,1200.0,
2026-08-13T04:50:00+08:00,COLLIE_BESS2,0.0,1188.12,10,7398bb35-6f24-4486-b523-8e43685c9e49,IN-SERVICE,NON-LIQUID,1200.0,
2026-08-13T04:50:00+08:00,COLLIE_ESR4,-250.0,106.58,1,9c56367c-ccab-4b07-a29c-ffe5ffd7c262,IN-SERVICE,NOT APPLICABLE,106.52,0.0
2026-08-13T04:50:00+08:00,COLLIE_ESR4,250.0,122.18,2,9c56367c-ccab-4b07-a29c-ffe5ffd7c262,IN-SERVICE,NOT APPLICABLE,122.11,0.0
2026-08-13T04:50:00+08:00,COLLIE_ESR5,-250.0,105.37,1,bcb72f56-09ba-415e-a49c-79e3c808643d,IN-SERVICE,NOT APPLICABLE,105.31,0.0
2026-08-13T04:50:00+08:00,COLLIE_ESR5,250.0,121.95,2,bcb72f56-09ba-415e-a49c-79e3c808643d,IN-SERVICE,NOT APPLICABLE,121.88,0.0
2026-08-13T04:55:00+08:00,KWINANA_ESR1,-100.0,107.05,1,cb23e9e5-9ef3-4015-aa07-1892ae958726,IN-SERVICE,NOT APPLICABLE,107.01,0.0
2026-08-13T04:55:00+08:00,KWINANA_ESR1,100.0,121.67,2,cb23e9e5-9ef3-4015-aa07-1892ae958726,IN-SERVICE,NOT APPLICABLE,121.62,0.0
2026-08-13T04:55:00+08:00,COLLIE_ESR1,0.0,-1000.0,1,4b475c66-6c49-488a-b70c-5d6c0659155d,IN-SERVICE,NON-LIQUID,-999.4,
2026-08-13T04:55:00+08:00,COLLIE_ESR1,-100.0,-42.46,2,4b475c66-6c49-488a-b70c-5d6c0659155d,IN-SERVICE,NON-LIQUID,-42.43,
2026-08-13T04:55:00+08:00,COLLIE_ESR1,-100.0,-10.0,3,4b475c66-6c49-488a-b70c-5d6c0659155d,IN-SERVICE,NON-LIQUID,-9.99,
2026-08-13T04:55:00+08:00,COLLIE_ESR1,0.0,34.02,4,4b475c66-6c49-488a-b70c-5d6c0659155d,IN-SERVICE,NON-LIQUID,34.0,
2026-08-13T04:55:00+08:00,COLLIE_ESR1,0.0,51.0,5,4b475c66-6c49-488a-b70c-5d6c0659155d,IN-SERVICE,NON-LIQUID,50.97,
2026-08-13T04:55:00+08:00,COLLIE_ESR1,50.0,250.0,6,4b475c66-6c49-488a-b70c-5d6c0659155d,IN-SERVICE,NON-LIQUID,249.85,
2026-08-13T04:55:00+08:00,COLLIE_ESR1,100.0,367.0,7,4b475c66-6c49-488a-b70c-5d6c0659155d,IN-SERVICE,NON-LIQUID,366.78,
2026-08-13T04:55:00+08:00,COLLIE_ESR1,50.0,622.0,8,4b475c66-6c49-488a-b70c-5d6c0659155d,IN-SERVICE,NON-LIQUID,621.63,
2026-08-13T04:55:00+08:00,COLLIE_ESR1,0.0,1199.9,9,4b475c66-6c49-488a-b70c-5d6c0659155d,IN-SERVICE,NON-LIQUID,1199.18,
2026-08-13T04:55:00+08:00,COLLIE_ESR1,0.0,1200.0,10,4b475c66-6c49-488a-b70c-5d6c0659155d,IN-SERVICE,NON-LIQUID,1199.28,
2026-08-13T04:55:00+08:00,KWINANA_ESR2,-225.0,105.54,1,9387ff54-7b9c-4ab4-a052-402617052add,IN-SERVICE,NOT APPLICABLE,105.43,0.0
2026-08-13T04:55:00+08:00,KWINANA_ESR2,225.0,120.54,2,9387ff54-7b9c-4ab4-a052-402617052add,IN-SERVICE,NOT APPLICABLE,120.42,0.0
2026-08-13T04:55:00+08:00,COLLIE_BESS2,0.0,-990.1,1,421a6fdb-5169-4fd1-989c-31bcfc9874f3,IN-SERVICE,NON-LIQUID,-1000.0,
2026-08-13T04:55:00+08:00,COLLIE_BESS2,-150.0,-42.46,2,421a6fdb-5169-4fd1-989c-31bcfc9874f3,IN-SERVICE,NON-LIQUID,-42.88,
2026-08-13T04:55:00+08:00,COLLIE_BESS2,-150.0,-10.0,3,421a6fdb-5169-4fd1-989c-31bcfc9874f3,IN-SERVICE,NON-LIQUID,-10.1,
2026-08-13T04:55:00+08:00,COLLIE_BESS2,0.0,34.02,4,421a6fdb-5169-4fd1-989c-31bcfc9874f3,IN-SERVICE,NON-LIQUID,34.36,
2026-08-13T04:55:00+08:00,COLLIE_BESS2,0.0,51.0,5,421a6fdb-5169-4fd1-989c-31bcfc9874f3,IN-SERVICE,NON-LIQUID,51.51,
2026-08-13T04:55:00+08:00,COLLIE_BESS2,75.0,250.0,6,421a6fdb-5169-4fd1-989c-31bcfc9874f3,IN-SERVICE,NON-LIQUID,252.5,
2026-08-13T04:55:00+08:00,COLLIE_BESS2,75.0,367.0,7,421a6fdb-5169-4fd1-989c-31bcfc9874f3,IN-SERVICE,NON-LIQUID,370.67,
2026-08-13T04:55:00+08:00,COLLIE_BESS2,150.0,622.0,8,421a6fdb-5169-4fd1-989c-31bcfc9874f3,IN-SERVICE,NON-LIQUID,628.22,
2026-08-13T04:55:00+08:00,COLLIE_BESS2,0.0,1188.12,9,421a6fdb-5169-4fd1-989c-31bcfc9874f3,IN-SERVICE,NON-LIQUID,1200.0,
2026-08-13T04:55:00+08:00,COLLIE_BESS2,0.0,1188.12,10,421a6fdb-5169-4fd1-989c-31bcfc9874f3,IN-SERVICE,NON-LIQUID,1200.0,
2026-08-13T04:55:00+08:00,COLLIE_ESR4,-250.0,106.58,1,9c56367c-ccab-4b07-a29c-ffe5ffd7c262,IN-SERVICE,NOT APPLICABLE,106.52,0.0
2026-08-13T04:55:00+08:00,COLLIE_ESR4,250.0,122.18,2,9c56367c-ccab-4b07-a29c-ffe5ffd7c262,IN-SERVICE,NOT APPLICABLE,122.11,0.0
2026-08-13T04:55:00+08:00,COLLIE_ESR5,-250.0,105.37,1,bcb72f56-09ba-415e-a49c-79e3c808643d,IN-SERVICE,NOT APPLICABLE,105.31,0.0
2026-08-13T04:55:00+08:00,COLLIE_ESR5,250.0,121.95,2,bcb72f56-09ba-415e-a49c-79e3c808643d,IN-SERVICE,NOT APPLICABLE,121.88,0.0
2026-08-13T05:00:00+08:00,KWINANA_ESR1,-100.0,107.05,1,cb23e9e5-9ef3-4015-aa07-1892ae958726,IN-SERVICE,NOT APPLICABLE,107.01,0.0
2026-08-13T05:00:00+08:00,KWINANA_ESR1,100.0,121.67,2,cb23e9e5-9ef3-4015-aa07-1892ae958726,IN-SERVICE,NOT APPLICABLE,121.62,0.0
2026-08-13T05:00:00+08:00,COLLIE_ESR1,0.0,-1000.0,1,3446152d-f2ff-4c11-a08f-50dfd05cc0b1,IN-SERVICE,NON-LIQUID,-999.4,
2026-08-13T05:00:00+08:00,COLLIE_ESR1,-100.0,-42.46,2,3446152d-f2ff-4c11-a08f-50dfd05cc0b1,IN-SERVICE,NON-LIQUID,-42.43,
2026-08-13T05:00:00+08:00,COLLIE_ESR1,-100.0,-10.0,3,3446152d-f2ff-4c11-a08f-50dfd05cc0b1,IN-SERVICE,NON-LIQUID,-9.99,
2026-08-13T05:00:00+08:00,COLLIE_ESR1,0.0,34.02,4,3446152d-f2ff-4c11-a08f-50dfd05cc0b1,IN-SERVICE,NON-LIQUID,34.0,
2026-08-13T05:00:00+08:00,COLLIE_ESR1,0.0,60.0,5,3446152d-f2ff-4c11-a08f-50dfd05cc0b1,IN-SERVICE,NON-LIQUID,59.96,
2026-08-13T05:00:00+08:00,COLLIE_ESR1,50.0,250.0,6,3446152d-f2ff-4c11-a08f-50dfd05cc0b1,IN-SERVICE,NON-LIQUID,249.85,
2026-08-13T05:00:00+08:00,COLLIE_ESR1,100.0,367.0,7,3446152d-f2ff-4c11-a08f-50dfd05cc0b1,IN-SERVICE,NON-LIQUID,366.78,
2026-08-13T05:00:00+08:00,COLLIE_ESR1,0.0,400.0,8,3446152d-f2ff-4c11-a08f-50dfd05cc0b1,IN-SERVICE,NON-LIQUID,399.76,
2026-08-13T05:00:00+08:00,COLLIE_ESR1,50.0,622.0,9,3446152d-f2ff-4c11-a08f-50dfd05cc0b1,IN-SERVICE,NON-LIQUID,621.63,
2026-08-13T05:00:00+08:00,COLLIE_ESR1,0.0,1200.0,10,3446152d-f2ff-4c11-a08f-50dfd05cc0b1,IN-SERVICE,NON-LIQUID,1199.28,
2026-08-13T05:00:00+08:00,KWINANA_ESR2,-225.0,105.54,1,9387ff54-7b9c-4ab4-a052-402617052add,IN-SERVICE,NOT APPLICABLE,105.43,0.0
2026-08-13T05:00:00+08:00,KWINANA_ESR2,225.0,120.54,2,9387ff54-7b9c-4ab4-a052-402617052add,IN-SERVICE,NOT APPLICABLE,120.42,0.0
2026-08-13T05:00:00+08:00,COLLIE_BESS2,0.0,-990.1,1,0d33931c-d861-4b34-93dc-c0fe7386ec91,IN-SERVICE,NON-LIQUID,-1000.0,
2026-08-13T05:00:00+08:00,COLLIE_BESS2,-150.0,-42.46,2,0d33931c-d861-4b34-93dc-c0fe7386ec91,IN-SERVICE,NON-LIQUID,-42.88,
2026-08-13T05:00:00+08:00,COLLIE_BESS2,-150.0,-10.0,3,0d33931c-d861-4b34-93dc-c0fe7386ec91,IN-SERVICE,NON-LIQUID,-10.1,
2026-08-13T05:00:00+08:00,COLLIE_BESS2,0.0,34.02,4,0d33931c-d861-4b34-93dc-c0fe7386ec91,IN-SERVICE,NON-LIQUID,34.36,
2026-08-13T05:00:00+08:00,COLLIE_BESS2,0.0,60.0,5,0d33931c-d861-4b34-93dc-c0fe7386ec91,IN-SERVICE,NON-LIQUID,60.6,
2026-08-13T05:00:00+08:00,COLLIE_BESS2,75.0,250.0,6,0d33931c-d861-4b34-93dc-c0fe7386ec91,IN-SERVICE,NON-LIQUID,252.5,
2026-08-13T05:00:00+08:00,COLLIE_BESS2,75.0,367.0,7,0d33931c-d861-4b34-93dc-c0fe7386ec91,IN-SERVICE,NON-LIQUID,370.67,
2026-08-13T05:00:00+08:00,COLLIE_BESS2,0.0,391.74,8,0d33931c-d861-4b34-93dc-c0fe7386ec91,IN-SERVICE,NON-LIQUID,395.66,
2026-08-13T05:00:00+08:00,COLLIE_BESS2,150.0,622.0,9,0d33931c-d861-4b34-93dc-c0fe7386ec91,IN-SERVICE,NON-LIQUID,628.22,
2026-08-13T05:00:00+08:00,COLLIE_BESS2,0.0,1188.12,10,0d33931c-d861-4b34-93dc-c0fe7386ec91,IN-SERVICE,NON-LIQUID,1200.0,
2026-08-13T05:00:00+08:00,COLLIE_ESR4,-250.0,106.58,1,9c56367c-ccab-4b07-a29c-ffe5ffd7c262,IN-SERVICE,NOT APPLICABLE,106.52,0.0
2026-08-13T05:00:00+08:00,COLLIE_ESR4,250.0,124.06,2,9c56367c-ccab-4b07-a29c-ffe5ffd7c262,IN-SERVICE,NOT APPLICABLE,123.99,0.0
2026-08-13T05:00:00+08:00,COLLIE_ESR5,-250.0,105.37,1,bcb72f56-09ba-415e-a49c-79e3c808643d,IN-SERVICE,NOT APPLICABLE,105.31,0.0
2026-08-13T05:00:00+08:00,COLLIE_ESR5,250.0,121.95,2,bcb72f56-09ba-415e-a49c-79e3c808643d,IN-SERVICE,NOT APPLICABLE,121.88,0.0
2026-08-13T05:05:00+08:00,KWINANA_ESR1,-100.0,106.93,1,c1e747e6-7552-48ff-9de2-95a3ce7b786b,IN-SERVICE,NOT APPLICABLE,106.89,0.0
2026-08-13T05:05:00+08:00,KWINANA_ESR1,100.0,121.67,2,c1e747e6-7552-48ff-9de2-95a3ce7b786b,IN-SERVICE,NOT APPLICABLE,121.62,0.0
2026-08-13T05:05:00+08:00,COLLIE_ESR1,0.0,-1000.0,1,7c2aca3d-5f67-4e6f-bdee-9dda04f55071,IN-SERVICE,NON-LIQUID,-999.4,
2026-08-13T05:05:00+08:00,COLLIE_ESR1,-100.0,-42.46,2,7c2aca3d-5f67-4e6f-bdee-9dda04f55071,IN-SERVICE,NON-LIQUID,-42.43,
2026-08-13T05:05:00+08:00,COLLIE_ESR1,-100.0,-10.0,3,7c2aca3d-5f67-4e6f-bdee-9dda04f55071,IN-SERVICE,NON-LIQUID,-9.99,
2026-08-13T05:05:00+08:00,COLLIE_ESR1,0.0,34.02,4,7c2aca3d-5f67-4e6f-bdee-9dda04f55071,IN-SERVICE,NON-LIQUID,34.0,
2026-08-13T05:05:00+08:00,COLLIE_ESR1,0.0,60.0,5,7c2aca3d-5f67-4e6f-bdee-9dda04f55071,IN-SERVICE,NON-LIQUID,59.96,
2026-08-13T05:05:00+08:00,COLLIE_ESR1,50.0,250.0,6,7c2aca3d-5f67-4e6f-bdee-9dda04f55071,IN-SERVICE,NON-LIQUID,249.85,
2026-08-13T05:05:00+08:00,COLLIE_ESR1,100.0,367.0,7,7c2aca3d-5f67-4e6f-bdee-9dda04f55071,IN-SERVICE,NON-LIQUID,366.78,
2026-08-13T05:05:00+08:00,COLLIE_ESR1,0.0,400.0,8,7c2aca3d-5f67-4e6f-bdee-9dda04f55071,IN-SERVICE,NON-LIQUID,399.76,
2026-08-13T05:05:00+08:00,COLLIE_ESR1,50.0,622.0,9,7c2aca3d-5f67-4e6f-bdee-9dda04f55071,IN-SERVICE,NON-LIQUID,621.63,
2026-08-13T05:05:00+08:00,COLLIE_ESR1,0.0,1200.0,10,7c2aca3d-5f67-4e6f-bdee-9dda04f55071,IN-SERVICE,NON-LIQUID,1199.28,
2026-08-13T05:05:00+08:00,KWINANA_ESR2,-225.0,101.66,1,419fa6c8-e77c-4064-9aa6-fae776a57965,IN-SERVICE,NOT APPLICABLE,101.56,0.0
2026-08-13T05:05:00+08:00,KWINANA_ESR2,225.0,116.66,2,419fa6c8-e77c-4064-9aa6-fae776a57965,IN-SERVICE,NOT APPLICABLE,116.54,0.0
2026-08-13T05:05:00+08:00,COLLIE_BESS2,0.0,-990.1,1,7e0b11fc-dd7d-456f-bc72-410c8fbb905e,IN-SERVICE,NON-LIQUID,-1000.0,
2026-08-13T05:05:00+08:00,COLLIE_BESS2,-42.0,-42.46,2,7e0b11fc-dd7d-456f-bc72-410c8fbb905e,IN-SERVICE,NON-LIQUID,-42.88,
2026-08-13T05:05:00+08:00,COLLIE_BESS2,-43.0,-10.0,3,7e0b11fc-dd7d-456f-bc72-410c8fbb905e,IN-SERVICE,NON-LIQUID,-10.1,
2026-08-13T05:05:00+08:00,COLLIE_BESS2,0.0,34.02,4,7e0b11fc-dd7d-456f-bc72-410c8fbb905e,IN-SERVICE,NON-LIQUID,34.36,
2026-08-13T05:05:00+08:00,COLLIE_BESS2,-215.0,107.47,5,7e0b11fc-dd7d-456f-bc72-410c8fbb905e,IN-SERVICE,NON-LIQUID,108.54,
2026-08-13T05:05:00+08:00,COLLIE_BESS2,75.0,250.0,6,7e0b11fc-dd7d-456f-bc72-410c8fbb905e,IN-SERVICE,NON-LIQUID,252.5,
2026-08-13T05:05:00+08:00,COLLIE_BESS2,75.0,367.0,7,7e0b11fc-dd7d-456f-bc72-410c8fbb905e,IN-SERVICE,NON-LIQUID,370.67,
2026-08-13T05:05:00+08:00,COLLIE_BESS2,0.0,391.74,8,7e0b11fc-dd7d-456f-bc72-410c8fbb905e,IN-SERVICE,NON-LIQUID,395.66,
2026-08-13T05:05:00+08:00,COLLIE_BESS2,150.0,622.0,9,7e0b11fc-dd7d-456f-bc72-410c8fbb905e,IN-SERVICE,NON-LIQUID,628.22,
2026-08-13T05:05:00+08:00,COLLIE_BESS2,0.0,1188.12,10,7e0b11fc-dd7d-456f-bc72-410c8fbb905e,IN-SERVICE,NON-LIQUID,1200.0,
2026-08-13T05:05:00+08:00,COLLIE_ESR4,-250.0,106.58,1,10a46d89-48a6-47d9-b2eb-1e4c4eda8cc1,IN-SERVICE,NOT APPLICABLE,106.52,0.0
2026-08-13T05:05:00+08:00,COLLIE_ESR4,250.0,122.18,2,10a46d89-48a6-47d9-b2eb-1e4c4eda8cc1,IN-SERVICE,NOT APPLICABLE,122.11,0.0
2026-08-13T05:05:00+08:00,COLLIE_ESR5,-250.0,101.48,1,70eb65eb-26fe-4e0e-8d67-e96710d080d4,IN-SERVICE,NOT APPLICABLE,101.42,0.0
2026-08-13T05:05:00+08:00,COLLIE_ESR5,250.0,121.95,2,70eb65eb-26fe-4e0e-8d67-e96710d080d4,IN-SERVICE,NOT APPLICABLE,121.88,0.0
2026-08-13T05:10:00+08:00,KWINANA_ESR1,-100.0,107.05,1,c1e747e6-7552-48ff-9de2-95a3ce7b786b,IN-SERVICE,NOT APPLICABLE,107.01,0.0
2026-08-13T05:10:00+08:00,KWINANA_ESR1,100.0,121.67,2,c1e747e6-7552-48ff-9de2-95a3ce7b786b,IN-SERVICE,NOT APPLICABLE,121.62,0.0
2026-08-13T05:10:00+08:00,COLLIE_ESR1,0.0,-1000.0,1,ffbc7cfc-4afb-4eee-aa46-28f82df4b24a,IN-SERVICE,NON-LIQUID,-999.4,
2026-08-13T05:10:00+08:00,COLLIE_ESR1,-100.0,-42.46,2,ffbc7cfc-4afb-4eee-aa46-28f82df4b24a,IN-SERVICE,NON-LIQUID,-42.43,
2026-08-13T05:10:00+08:00,COLLIE_ESR1,-100.0,-10.0,3,ffbc7cfc-4afb-4eee-aa46-28f82df4b24a,IN-SERVICE,NON-LIQUID,-9.99,
2026-08-13T05:10:00+08:00,COLLIE_ESR1,0.0,34.02,4,ffbc7cfc-4afb-4eee-aa46-28f82df4b24a,IN-SERVICE,NON-LIQUID,34.0,
2026-08-13T05:10:00+08:00,COLLIE_ESR1,0.0,60.0,5,ffbc7cfc-4afb-4eee-aa46-28f82df4b24a,IN-SERVICE,NON-LIQUID,59.96,
2026-08-13T05:10:00+08:00,COLLIE_ESR1,50.0,250.0,6,ffbc7cfc-4afb-4eee-aa46-28f82df4b24a,IN-SERVICE,NON-LIQUID,249.85,
2026-08-13T05:10:00+08:00,COLLIE_ESR1,100.0,367.0,7,ffbc7cfc-4afb-4eee-aa46-28f82df4b24a,IN-SERVICE,NON-LIQUID,366.78,
2026-08-13T05:10:00+08:00,COLLIE_ESR1,0.0,400.0,8,ffbc7cfc-4afb-4eee-aa46-28f82df4b24a,IN-SERVICE,NON-LIQUID,399.76,
2026-08-13T05:10:00+08:00,COLLIE_ESR1,50.0,622.0,9,ffbc7cfc-4afb-4eee-aa46-28f82df4b24a,IN-SERVICE,NON-LIQUID,621.63,
2026-08-13T05:10:00+08:00,COLLIE_ESR1,0.0,1200.0,10,ffbc7cfc-4afb-4eee-aa46-28f82df4b24a,IN-SERVICE,NON-LIQUID,1199.28,
2026-08-13T05:10:00+08:00,KWINANA_ESR2,-225.0,101.66,1,419fa6c8-e77c-4064-9aa6-fae776a57965,IN-SERVICE,NOT APPLICABLE,101.56,0.0
2026-08-13T05:10:00+08:00,KWINANA_ESR2,225.0,116.66,2,419fa6c8-e77c-4064-9aa6-fae776a57965,IN-SERVICE,NOT APPLICABLE,116.54,0.0
2026-08-13T05:10:00+08:00,COLLIE_BESS2,0.0,-990.1,1,6723a526-cf2f-4b01-84c5-5bd0e15054c9,IN-SERVICE,NON-LIQUID,-1000.0,
2026-08-13T05:10:00+08:00,COLLIE_BESS2,-42.0,-42.46,2,6723a526-cf2f-4b01-84c5-5bd0e15054c9,IN-SERVICE,NON-LIQUID,-42.88,
2026-08-13T05:10:00+08:00,COLLIE_BESS2,-43.0,-10.0,3,6723a526-cf2f-4b01-84c5-5bd0e15054c9,IN-SERVICE,NON-LIQUID,-10.1,
2026-08-13T05:10:00+08:00,COLLIE_BESS2,0.0,34.02,4,6723a526-cf2f-4b01-84c5-5bd0e15054c9,IN-SERVICE,NON-LIQUID,34.36,
2026-08-13T05:10:00+08:00,COLLIE_BESS2,-215.0,107.47,5,6723a526-cf2f-4b01-84c5-5bd0e15054c9,IN-SERVICE,NON-LIQUID,108.54,
2026-08-13T05:10:00+08:00,COLLIE_BESS2,75.0,250.0,6,6723a526-cf2f-4b01-84c5-5bd0e15054c9,IN-SERVICE,NON-LIQUID,252.5,
2026-08-13T05:10:00+08:00,COLLIE_BESS2,75.0,367.0,7,6723a526-cf2f-4b01-84c5-5bd0e15054c9,IN-SERVICE,NON-LIQUID,370.67,
2026-08-13T05:10:00+08:00,COLLIE_BESS2,0.0,391.74,8,6723a526-cf2f-4b01-84c5-5bd0e15054c9,IN-SERVICE,NON-LIQUID,395.66,
2026-08-13T05:10:00+08:00,COLLIE_BESS2,150.0,622.0,9,6723a526-cf2f-4b01-84c5-5bd0e15054c9,IN-SERVICE,NON-LIQUID,628.22,
2026-08-13T05:10:00+08:00,COLLIE_BESS2,0.0,1188.12,10,6723a526-cf2f-4b01-84c5-5bd0e15054c9,IN-SERVICE,NON-LIQUID,1200.0,
2026-08-13T05:10:00+08:00,COLLIE_ESR4,-250.0,106.58,1,10a46d89-48a6-47d9-b2eb-1e4c4eda8cc1,IN-SERVICE,NOT APPLICABLE,106.52,0.0
2026-08-13T05:10:00+08:00,COLLIE_ESR4,250.0,122.18,2,10a46d89-48a6-47d9-b2eb-1e4c4eda8cc1,IN-SERVICE,NOT APPLICABLE,122.11,0.0
2026-08-13T05:10:00+08:00,COLLIE_ESR5,-250.0,101.48,1,70eb65eb-26fe-4e0e-8d67-e96710d080d4,IN-SERVICE,NOT APPLICABLE,101.42,0.0
2026-08-13T05:10:00+08:00,COLLIE_ESR5,250.0,121.95,2,70eb65eb-26fe-4e0e-8d67-e96710d080d4,IN-SERVICE,NOT APPLICABLE,121.88,0.0
2026-08-13T05:15:00+08:00,KWINANA_ESR1,-100.0,107.05,1,c1e747e6-7552-48ff-9de2-95a3ce7b786b,IN-SERVICE,NOT APPLICABLE,107.01,0.0
2026-08-13T05:15:00+08:00,KWINANA_ESR1,100.0,121.67,2,c1e747e6-7552-48ff-9de2-95a3ce7b786b,IN-SERVICE,NOT APPLICABLE,121.62,0.0
2026-08-13T05:15:00+08:00,COLLIE_ESR1,0.0,-1000.0,1,43bd2698-f0d3-4999-9dcd-3fb13f1c5203,IN-SERVICE,NON-LIQUID,-999.4,
2026-08-13T05:15:00+08:00,COLLIE_ESR1,-100.0,-42.46,2,43bd2698-f0d3-4999-9dcd-3fb13f1c5203,IN-SERVICE,NON-LIQUID,-42.43,
2026-08-13T05:15:00+08:00,COLLIE_ESR1,-100.0,-10.0,3,43bd2698-f0d3-4999-9dcd-3fb13f1c5203,IN-SERVICE,NON-LIQUID,-9.99,
2026-08-13T05:15:00+08:00,COLLIE_ESR1,0.0,34.02,4,43bd2698-f0d3-4999-9dcd-3fb13f1c5203,IN-SERVICE,NON-LIQUID,34.0,
2026-08-13T05:15:00+08:00,COLLIE_ESR1,0.0,60.0,5,43bd2698-f0d3-4999-9dcd-3fb13f1c5203,IN-SERVICE,NON-LIQUID,59.96,
2026-08-13T05:15:00+08:00,COLLIE_ESR1,50.0,250.0,6,43bd2698-f0d3-4999-9dcd-3fb13f1c5203,IN-SERVICE,NON-LIQUID,249.85,
2026-08-13T05:15:00+08:00,COLLIE_ESR1,100.0,367.0,7,43bd2698-f0d3-4999-9dcd-3fb13f1c5203,IN-SERVICE,NON-LIQUID,366.78,
2026-08-13T05:15:00+08:00,COLLIE_ESR1,0.0,400.0,8,43bd2698-f0d3-4999-9dcd-3fb13f1c5203,IN-SERVICE,NON-LIQUID,399.76,
2026-08-13T05:15:00+08:00,COLLIE_ESR1,50.0,622.0,9,43bd2698-f0d3-4999-9dcd-3fb13f1c5203,IN-SERVICE,NON-LIQUID,621.63,
2026-08-13T05:15:00+08:00,COLLIE_ESR1,0.0,1200.0,10,43bd2698-f0d3-4999-9dcd-3fb13f1c5203,IN-SERVICE,NON-LIQUID,1199.28,
2026-08-13T05:15:00+08:00,KWINANA_ESR2,-225.0,101.66,1,419fa6c8-e77c-4064-9aa6-fae776a57965,IN-SERVICE,NOT APPLICABLE,101.56,0.0
2026-08-13T05:15:00+08:00,KWINANA_ESR2,225.0,116.66,2,419fa6c8-e77c-4064-9aa6-fae776a57965,IN-SERVICE,NOT APPLICABLE,116.54,0.0
2026-08-13T05:15:00+08:00,COLLIE_BESS2,0.0,-990.1,1,c77e8ae0-dee5-405d-b55d-aea26d441df1,IN-SERVICE,NON-LIQUID,-1000.0,
2026-08-13T05:15:00+08:00,COLLIE_BESS2,-150.0,-42.46,2,c77e8ae0-dee5-405d-b55d-aea26d441df1,IN-SERVICE,NON-LIQUID,-42.88,
2026-08-13T05:15:00+08:00,COLLIE_BESS2,-150.0,-10.0,3,c77e8ae0-dee5-405d-b55d-aea26d441df1,IN-SERVICE,NON-LIQUID,-10.1,
2026-08-13T05:15:00+08:00,COLLIE_BESS2,0.0,34.02,4,c77e8ae0-dee5-405d-b55d-aea26d441df1,IN-SERVICE,NON-LIQUID,34.36,
2026-08-13T05:15:00+08:00,COLLIE_BESS2,0.0,60.0,5,c77e8ae0-dee5-405d-b55d-aea26d441df1,IN-SERVICE,NON-LIQUID,60.6,
2026-08-13T05:15:00+08:00,COLLIE_BESS2,75.0,250.0,6,c77e8ae0-dee5-405d-b55d-aea26d441df1,IN-SERVICE,NON-LIQUID,252.5,
2026-08-13T05:15:00+08:00,COLLIE_BESS2,75.0,367.0,7,c77e8ae0-dee5-405d-b55d-aea26d441df1,IN-SERVICE,NON-LIQUID,370.67,
2026-08-13T05:15:00+08:00,COLLIE_BESS2,0.0,391.74,8,c77e8ae0-dee5-405d-b55d-aea26d441df1,IN-SERVICE,NON-LIQUID,395.66,
2026-08-13T05:15:00+08:00,COLLIE_BESS2,150.0,622.0,9,c77e8ae0-dee5-405d-b55d-aea26d441df1,IN-SERVICE,NON-LIQUID,628.22,
2026-08-13T05:15:00+08:00,COLLIE_BESS2,0.0,1188.12,10,c77e8ae0-dee5-405d-b55d-aea26d441df1,IN-SERVICE,NON-LIQUID,1200.0,
2026-08-13T05:15:00+08:00,COLLIE_ESR4,-250.0,106.58,1,10a46d89-48a6-47d9-b2eb-1e4c4eda8cc1,IN-SERVICE,NOT APPLICABLE,106.52,0.0
2026-08-13T05:15:00+08:00,COLLIE_ESR4,250.0,122.18,2,10a46d89-48a6-47d9-b2eb-1e4c4eda8cc1,IN-SERVICE,NOT APPLICABLE,122.11,0.0
2026-08-13T05:15:00+08:00,COLLIE_ESR5,-250.0,101.48,1,70eb65eb-26fe-4e0e-8d67-e96710d080d4,IN-SERVICE,NOT APPLICABLE,101.42,0.0
2026-08-13T05:15:00+08:00,COLLIE_ESR5,250.0,121.95,2,70eb65eb-26fe-4e0e-8d67-e96710d080d4,IN-SERVICE,NOT APPLICABLE,121.88,0.0
2026-08-13T05:20:00+08:00,KWINANA_ESR1,-100.0,106.93,1,a659f997-b45a-40ed-943d-a007a135e164,IN-SERVICE,NOT APPLICABLE,106.89,0.0
2026-08-13T05:20:00+08:00,KWINANA_ESR1,100.0,120.09,2,a659f997-b45a-40ed-943d-a007a135e164,IN-SERVICE,NOT APPLICABLE,120.04,0.0
2026-08-13T05:20:00+08:00,COLLIE_ESR1,0.0,-1000.0,1,95eea4ff-2ba7-40f1-9173-957579d54191,IN-SERVICE,NON-LIQUID,-999.4,
2026-08-13T05:20:00+08:00,COLLIE_ESR1,-100.0,-42.46,2,95eea4ff-2ba7-40f1-9173-957579d54191,IN-SERVICE,NON-LIQUID,-42.43,
2026-08-13T05:20:00+08:00,COLLIE_ESR1,-100.0,-10.0,3,95eea4ff-2ba7-40f1-9173-957579d54191,IN-SERVICE,NON-LIQUID,-9.99,
2026-08-13T05:20:00+08:00,COLLIE_ESR1,0.0,34.02,4,95eea4ff-2ba7-40f1-9173-957579d54191,IN-SERVICE,NON-LIQUID,34.0,
2026-08-13T05:20:00+08:00,COLLIE_ESR1,0.0,60.0,5,95eea4ff-2ba7-40f1-9173-957579d54191,IN-SERVICE,NON-LIQUID,59.96,
2026-08-13T05:20:00+08:00,COLLIE_ESR1,50.0,250.0,6,95eea4ff-2ba7-40f1-9173-957579d54191,IN-SERVICE,NON-LIQUID,249.85,
2026-08-13T05:20:00+08:00,COLLIE_ESR1,100.0,367.0,7,95eea4ff-2ba7-40f1-9173-957579d54191,IN-SERVICE,NON-LIQUID,366.78,
2026-08-13T05:20:00+08:00,COLLIE_ESR1,0.0,400.0,8,95eea4ff-2ba7-40f1-9173-957579d54191,IN-SERVICE,NON-LIQUID,399.76,
2026-08-13T05:20:00+08:00,COLLIE_ESR1,50.0,622.0,9,95eea4ff-2ba7-40f1-9173-957579d54191,IN-SERVICE,NON-LIQUID,621.63,
2026-08-13T05:20:00+08:00,COLLIE_ESR1,0.0,1200.0,10,95eea4ff-2ba7-40f1-9173-957579d54191,IN-SERVICE,NON-LIQUID,1199.28,
2026-08-13T05:20:00+08:00,KWINANA_ESR2,-225.0,101.66,1,f1be18c5-df0b-4616-8a73-31563379901e,IN-SERVICE,NOT APPLICABLE,101.56,0.0
2026-08-13T05:20:00+08:00,KWINANA_ESR2,225.0,116.66,2,f1be18c5-df0b-4616-8a73-31563379901e,IN-SERVICE,NOT APPLICABLE,116.54,0.0
2026-08-13T05:20:00+08:00,COLLIE_BESS2,0.0,-990.1,1,fdbfdc76-60aa-4ae5-bfb8-65b0898c2350,IN-SERVICE,NON-LIQUID,-1000.0,
2026-08-13T05:20:00+08:00,COLLIE_BESS2,-150.0,-42.46,2,fdbfdc76-60aa-4ae5-bfb8-65b0898c2350,IN-SERVICE,NON-LIQUID,-42.88,
2026-08-13T05:20:00+08:00,COLLIE_BESS2,-150.0,-10.0,3,fdbfdc76-60aa-4ae5-bfb8-65b0898c2350,IN-SERVICE,NON-LIQUID,-10.1,
2026-08-13T05:20:00+08:00,COLLIE_BESS2,0.0,34.02,4,fdbfdc76-60aa-4ae5-bfb8-65b0898c2350,IN-SERVICE,NON-LIQUID,34.36,
2026-08-13T05:20:00+08:00,COLLIE_BESS2,0.0,60.0,5,fdbfdc76-60aa-4ae5-bfb8-65b0898c2350,IN-SERVICE,NON-LIQUID,60.6,
2026-08-13T05:20:00+08:00,COLLIE_BESS2,75.0,250.0,6,fdbfdc76-60aa-4ae5-bfb8-65b0898c2350,IN-SERVICE,NON-LIQUID,252.5,
2026-08-13T05:20:00+08:00,COLLIE_BESS2,75.0,367.0,7,fdbfdc76-60aa-4ae5-bfb8-65b0898c2350,IN-SERVICE,NON-LIQUID,370.67,
2026-08-13T05:20:00+08:00,COLLIE_BESS2,0.0,391.74,8,fdbfdc76-60aa-4ae5-bfb8-65b0898c2350,IN-SERVICE,NON-LIQUID,395.66,
2026-08-13T05:20:00+08:00,COLLIE_BESS2,150.0,622.0,9,fdbfdc76-60aa-4ae5-bfb8-65b0898c2350,IN-SERVICE,NON-LIQUID,628.22,
2026-08-13T05:20:00+08:00,COLLIE_BESS2,0.0,1188.12,10,fdbfdc76-60aa-4ae5-bfb8-65b0898c2350,IN-SERVICE,NON-LIQUID,1200.0,
2026-08-13T05:20:00+08:00,COLLIE_ESR4,-250.0,104.77,1,bcb2b97c-3c2c-4751-a89d-53909f9d04fb,IN-SERVICE,NOT APPLICABLE,104.71,0.0
2026-08-13T05:20:00+08:00,COLLIE_ESR4,250.0,122.06,2,bcb2b97c-3c2c-4751-a89d-53909f9d04fb,IN-SERVICE,NOT APPLICABLE,121.99,0.0
2026-08-13T05:20:00+08:00,COLLIE_ESR5,-250.0,101.48,1,032dba10-2b2f-455b-92cc-bb0bda1fe627,IN-SERVICE,NOT APPLICABLE,101.42,0.0
2026-08-13T05:20:00+08:00,COLLIE_ESR5,250.0,120.14,2,032dba10-2b2f-455b-92cc-bb0bda1fe627,IN-SERVICE,NOT APPLICABLE,120.07,0.0
2026-08-13T05:25:00+08:00,KWINANA_ESR1,-100.0,106.93,1,a659f997-b45a-40ed-943d-a007a135e164,IN-SERVICE,NOT APPLICABLE,106.89,0.0
2026-08-13T05:25:00+08:00,KWINANA_ESR1,100.0,121.67,2,a659f997-b45a-40ed-943d-a007a135e164,IN-SERVICE,NOT APPLICABLE,121.62,0.0
2026-08-13T05:25:00+08:00,COLLIE_ESR1,0.0,-1000.0,1,30a2c821-1aa4-44c8-aacd-199317f4b34b,IN-SERVICE,NON-LIQUID,-999.4,
2026-08-13T05:25:00+08:00,COLLIE_ESR1,-100.0,-42.46,2,30a2c821-1aa4-44c8-aacd-199317f4b34b,IN-SERVICE,NON-LIQUID,-42.43,
2026-08-13T05:25:00+08:00,COLLIE_ESR1,-100.0,-10.0,3,30a2c821-1aa4-44c8-aacd-199317f4b34b,IN-SERVICE,NON-LIQUID,-9.99,
2026-08-13T05:25:00+08:00,COLLIE_ESR1,0.0,34.02,4,30a2c821-1aa4-44c8-aacd-199317f4b34b,IN-SERVICE,NON-LIQUID,34.0,
2026-08-13T05:25:00+08:00,COLLIE_ESR1,0.0,60.0,5,30a2c821-1aa4-44c8-aacd-199317f4b34b,IN-SERVICE,NON-LIQUID,59.96,
2026-08-13T05:25:00+08:00,COLLIE_ESR1,50.0,250.0,6,30a2c821-1aa4-44c8-aacd-199317f4b34b,IN-SERVICE,NON-LIQUID,249.85,
2026-08-13T05:25:00+08:00,COLLIE_ESR1,100.0,367.0,7,30a2c821-1aa4-44c8-aacd-199317f4b34b,IN-SERVICE,NON-LIQUID,366.78,
2026-08-13T05:25:00+08:00,COLLIE_ESR1,0.0,400.0,8,30a2c821-1aa4-44c8-aacd-199317f4b34b,IN-SERVICE,NON-LIQUID,399.76,
2026-08-13T05:25:00+08:00,COLLIE_ESR1,50.0,622.0,9,30a2c821-1aa4-44c8-aacd-199317f4b34b,IN-SERVICE,NON-LIQUID,621.63,
2026-08-13T05:25:00+08:00,COLLIE_ESR1,0.0,1200.0,10,30a2c821-1aa4-44c8-aacd-199317f4b34b,IN-SERVICE,NON-LIQUID,1199.28,
2026-08-13T05:25:00+08:00,KWINANA_ESR2,-225.0,101.66,1,f1be18c5-df0b-4616-8a73-31563379901e,IN-SERVICE,NOT APPLICABLE,101.56,0.0
2026-08-13T05:25:00+08:00,KWINANA_ESR2,225.0,116.66,2,f1be18c5-df0b-4616-8a73-31563379901e,IN-SERVICE,NOT APPLICABLE,116.54,0.0
2026-08-13T05:25:00+08:00,COLLIE_BESS2,0.0,-990.1,1,66bdd424-95b0-4627-99b7-35c36d11c306,IN-SERVICE,NON-LIQUID,-1000.0,
2026-08-13T05:25:00+08:00,COLLIE_BESS2,-150.0,-42.46,2,66bdd424-95b0-4627-99b7-35c36d11c306,IN-SERVICE,NON-LIQUID,-42.88,
2026-08-13T05:25:00+08:00,COLLIE_BESS2,-150.0,-10.0,3,66bdd424-95b0-4627-99b7-35c36d11c306,IN-SERVICE,NON-LIQUID,-10.1,
2026-08-13T05:25:00+08:00,COLLIE_BESS2,0.0,34.02,4,66bdd424-95b0-4627-99b7-35c36d11c306,IN-SERVICE,NON-LIQUID,34.36,
2026-08-13T05:25:00+08:00,COLLIE_BESS2,0.0,60.0,5,66bdd424-95b0-4627-99b7-35c36d11c306,IN-SERVICE,NON-LIQUID,60.6,
2026-08-13T05:25:00+08:00,COLLIE_BESS2,75.0,250.0,6,66bdd424-95b0-4627-99b7-35c36d11c306,IN-SERVICE,NON-LIQUID,252.5,
2026-08-13T05:25:00+08:00,COLLIE_BESS2,75.0,367.0,7,66bdd424-95b0-4627-99b7-35c36d11c306,IN-SERVICE,NON-LIQUID,370.67,
2026-08-13T05:25:00+08:00,COLLIE_BESS2,0.0,391.74,8,66bdd424-95b0-4627-99b7-35c36d11c306,IN-SERVICE,NON-LIQUID,395.66,
2026-08-13T05:25:00+08:00,COLLIE_BESS2,150.0,622.0,9,66bdd424-95b0-4627-99b7-35c36d11c306,IN-SERVICE,NON-LIQUID,628.22,
2026-08-13T05:25:00+08:00,COLLIE_BESS2,0.0,1188.12,10,66bdd424-95b0-4627-99b7-35c36d11c306,IN-SERVICE,NON-LIQUID,1200.0,
2026-08-13T05:25:00+08:00,COLLIE_ESR4,-250.0,104.77,1,bcb2b97c-3c2c-4751-a89d-53909f9d04fb,IN-SERVICE,NOT APPLICABLE,104.71,0.0
2026-08-13T05:25:00+08:00,COLLIE_ESR4,250.0,122.06,2,bcb2b97c-3c2c-4751-a89d-53909f9d04fb,IN-SERVICE,NOT APPLICABLE,121.99,0.0
2026-08-13T05:25:00+08:00,COLLIE_ESR5,-250.0,101.48,1,032dba10-2b2f-455b-92cc-bb0bda1fe627,IN-SERVICE,NOT APPLICABLE,101.42,0.0
2026-08-13T05:25:00+08:00,COLLIE_ESR5,250.0,120.14,2,032dba10-2b2f-455b-92cc-bb0bda1fe627,IN-SERVICE,NOT APPLICABLE,120.07,0.0
2026-08-13T05:30:00+08:00,KWINANA_ESR1,-100.0,109.09,1,a659f997-b45a-40ed-943d-a007a135e164,IN-SERVICE,NOT APPLICABLE,109.05,0.0
2026-08-13T05:30:00+08:00,KWINANA_ESR1,100.0,121.67,2,a659f997-b45a-40ed-943d-a007a135e164,IN-SERVICE,NOT APPLICABLE,121.62,0.0
2026-08-13T05:30:00+08:00,COLLIE_ESR1,0.0,-1000.0,1,fc297d92-6f5b-4b8c-bcfb-4284ed07dff4,IN-SERVICE,NON-LIQUID,-999.4,
2026-08-13T05:30:00+08:00,COLLIE_ESR1,-100.0,-42.46,2,fc297d92-6f5b-4b8c-bcfb-4284ed07dff4,IN-SERVICE,NON-LIQUID,-42.43,
2026-08-13T05:30:00+08:00,COLLIE_ESR1,-100.0,-10.0,3,fc297d92-6f5b-4b8c-bcfb-4284ed07dff4,IN-SERVICE,NON-LIQUID,-9.99,
2026-08-13T05:30:00+08:00,COLLIE_ESR1,0.0,34.02,4,fc297d92-6f5b-4b8c-bcfb-4284ed07dff4,IN-SERVICE,NON-LIQUID,34.0,
2026-08-13T05:30:00+08:00,COLLIE_ESR1,0.0,60.0,5,fc297d92-6f5b-4b8c-bcfb-4284ed07dff4,IN-SERVICE,NON-LIQUID,59.96,
2026-08-13T05:30:00+08:00,COLLIE_ESR1,50.0,250.0,6,fc297d92-6f5b-4b8c-bcfb-4284ed07dff4,IN-SERVICE,NON-LIQUID,249.85,
2026-08-13T05:30:00+08:00,COLLIE_ESR1,100.0,367.0,7,fc297d92-6f5b-4b8c-bcfb-4284ed07dff4,IN-SERVICE,NON-LIQUID,366.78,
2026-08-13T05:30:00+08:00,COLLIE_ESR1,50.0,622.0,8,fc297d92-6f5b-4b8c-bcfb-4284ed07dff4,IN-SERVICE,NON-LIQUID,621.63,
2026-08-13T05:30:00+08:00,COLLIE_ESR1,0.0,1199.9,9,fc297d92-6f5b-4b8c-bcfb-4284ed07dff4,IN-SERVICE,NON-LIQUID,1199.18,
2026-08-13T05:30:00+08:00,COLLIE_ESR1,0.0,1200.0,10,fc297d92-6f5b-4b8c-bcfb-4284ed07dff4,IN-SERVICE,NON-LIQUID,1199.28,
2026-08-13T05:30:00+08:00,KWINANA_ESR2,-225.0,101.66,1,f1be18c5-df0b-4616-8a73-31563379901e,IN-SERVICE,NOT APPLICABLE,101.56,0.0
2026-08-13T05:30:00+08:00,KWINANA_ESR2,225.0,116.66,2,f1be18c5-df0b-4616-8a73-31563379901e,IN-SERVICE,NOT APPLICABLE,116.54,0.0
2026-08-13T05:30:00+08:00,COLLIE_BESS2,0.0,-990.1,1,dcf42897-c619-4b2f-9d4c-53345e0fb146,IN-SERVICE,NON-LIQUID,-1000.0,
2026-08-13T05:30:00+08:00,COLLIE_BESS2,-150.0,-42.46,2,dcf42897-c619-4b2f-9d4c-53345e0fb146,IN-SERVICE,NON-LIQUID,-42.88,
2026-08-13T05:30:00+08:00,COLLIE_BESS2,-150.0,-10.0,3,dcf42897-c619-4b2f-9d4c-53345e0fb146,IN-SERVICE,NON-LIQUID,-10.1,
2026-08-13T05:30:00+08:00,COLLIE_BESS2,0.0,34.02,4,dcf42897-c619-4b2f-9d4c-53345e0fb146,IN-SERVICE,NON-LIQUID,34.36,
2026-08-13T05:30:00+08:00,COLLIE_BESS2,0.0,60.0,5,dcf42897-c619-4b2f-9d4c-53345e0fb146,IN-SERVICE,NON-LIQUID,60.6,
2026-08-13T05:30:00+08:00,COLLIE_BESS2,75.0,250.0,6,dcf42897-c619-4b2f-9d4c-53345e0fb146,IN-SERVICE,NON-LIQUID,252.5,
2026-08-13T05:30:00+08:00,COLLIE_BESS2,75.0,367.0,7,dcf42897-c619-4b2f-9d4c-53345e0fb146,IN-SERVICE,NON-LIQUID,370.67,
2026-08-13T05:30:00+08:00,COLLIE_BESS2,150.0,622.0,8,dcf42897-c619-4b2f-9d4c-53345e0fb146,IN-SERVICE,NON-LIQUID,628.22,
2026-08-13T05:30:00+08:00,COLLIE_BESS2,0.0,1188.12,9,dcf42897-c619-4b2f-9d4c-53345e0fb146,IN-SERVICE,NON-LIQUID,1200.0,
2026-08-13T05:30:00+08:00,COLLIE_BESS2,0.0,1188.12,10,dcf42897-c619-4b2f-9d4c-53345e0fb146,IN-SERVICE,NON-LIQUID,1200.0,
2026-08-13T05:30:00+08:00,COLLIE_ESR4,-250.0,104.77,1,bcb2b97c-3c2c-4751-a89d-53909f9d04fb,IN-SERVICE,NOT APPLICABLE,104.71,0.0
2026-08-13T05:30:00+08:00,COLLIE_ESR4,250.0,122.06,2,bcb2b97c-3c2c-4751-a89d-53909f9d04fb,IN-SERVICE,NOT APPLICABLE,121.99,0.0
2026-08-13T05:30:00+08:00,COLLIE_ESR5,-250.0,101.48,1,032dba10-2b2f-455b-92cc-bb0bda1fe627,IN-SERVICE,NOT APPLICABLE,101.42,0.0
2026-08-13T05:30:00+08:00,COLLIE_ESR5,250.0,120.14,2,032dba10-2b2f-455b-92cc-bb0bda1fe627,IN-SERVICE,NOT APPLICABLE,120.07,0.0
2026-08-13T05:35:00+08:00,KWINANA_ESR1,-100.0,105.23,1,4e18c6bc-06a4-4dcc-bd2c-a087af2f1c4c,IN-SERVICE,NOT APPLICABLE,105.19,0.0
2026-08-13T05:35:00+08:00,KWINANA_ESR1,100.0,119.98,2,4e18c6bc-06a4-4dcc-bd2c-a087af2f1c4c,IN-SERVICE,NOT APPLICABLE,119.93,0.0
2026-08-13T05:35:00+08:00,COLLIE_ESR1,0.0,-1000.0,1,0d700da1-7953-4fd0-9276-6e303de29735,IN-SERVICE,NON-LIQUID,-999.4,
2026-08-13T05:35:00+08:00,COLLIE_ESR1,-100.0,-42.46,2,0d700da1-7953-4fd0-9276-6e303de29735,IN-SERVICE,NON-LIQUID,-42.43,
2026-08-13T05:35:00+08:00,COLLIE_ESR1,-100.0,-10.0,3,0d700da1-7953-4fd0-9276-6e303de29735,IN-SERVICE,NON-LIQUID,-9.99,
2026-08-13T05:35:00+08:00,COLLIE_ESR1,0.0,34.02,4,0d700da1-7953-4fd0-9276-6e303de29735,IN-SERVICE,NON-LIQUID,34.0,
2026-08-13T05:35:00+08:00,COLLIE_ESR1,0.0,60.0,5,0d700da1-7953-4fd0-9276-6e303de29735,IN-SERVICE,NON-LIQUID,59.96,
2026-08-13T05:35:00+08:00,COLLIE_ESR1,50.0,250.0,6,0d700da1-7953-4fd0-9276-6e303de29735,IN-SERVICE,NON-LIQUID,249.85,
2026-08-13T05:35:00+08:00,COLLIE_ESR1,100.0,367.0,7,0d700da1-7953-4fd0-9276-6e303de29735,IN-SERVICE,NON-LIQUID,366.78,
2026-08-13T05:35:00+08:00,COLLIE_ESR1,50.0,622.0,8,0d700da1-7953-4fd0-9276-6e303de29735,IN-SERVICE,NON-LIQUID,621.63,
2026-08-13T05:35:00+08:00,COLLIE_ESR1,0.0,1199.9,9,0d700da1-7953-4fd0-9276-6e303de29735,IN-SERVICE,NON-LIQUID,1199.18,
2026-08-13T05:35:00+08:00,COLLIE_ESR1,0.0,1200.0,10,0d700da1-7953-4fd0-9276-6e303de29735,IN-SERVICE,NON-LIQUID,1199.28,
2026-08-13T05:35:00+08:00,KWINANA_ESR2,-225.0,105.17,1,99b3dbc7-7a6b-4a39-b93f-e07c29f15739,IN-SERVICE,NOT APPLICABLE,105.06,0.0
2026-08-13T05:35:00+08:00,KWINANA_ESR2,225.0,120.17,2,99b3dbc7-7a6b-4a39-b93f-e07c29f15739,IN-SERVICE,NOT APPLICABLE,120.05,0.0
2026-08-13T05:35:00+08:00,COLLIE_BESS2,0.0,-990.1,1,ab5476f8-303d-4f93-9508-d7a8db32445b,IN-SERVICE,NON-LIQUID,-1000.0,
2026-08-13T05:35:00+08:00,COLLIE_BESS2,-150.0,-42.46,2,ab5476f8-303d-4f93-9508-d7a8db32445b,IN-SERVICE,NON-LIQUID,-42.88,
2026-08-13T05:35:00+08:00,COLLIE_BESS2,-150.0,-10.0,3,ab5476f8-303d-4f93-9508-d7a8db32445b,IN-SERVICE,NON-LIQUID,-10.1,
2026-08-13T05:35:00+08:00,COLLIE_BESS2,0.0,34.02,4,ab5476f8-303d-4f93-9508-d7a8db32445b,IN-SERVICE,NON-LIQUID,34.36,
2026-08-13T05:35:00+08:00,COLLIE_BESS2,0.0,60.0,5,ab5476f8-303d-4f93-9508-d7a8db32445b,IN-SERVICE,NON-LIQUID,60.6,
2026-08-13T05:35:00+08:00,COLLIE_BESS2,75.0,250.0,6,ab5476f8-303d-4f93-9508-d7a8db32445b,IN-SERVICE,NON-LIQUID,252.5,
2026-08-13T05:35:00+08:00,COLLIE_BESS2,75.0,367.0,7,ab5476f8-303d-4f93-9508-d7a8db32445b,IN-SERVICE,NON-LIQUID,370.67,
2026-08-13T05:35:00+08:00,COLLIE_BESS2,150.0,622.0,8,ab5476f8-303d-4f93-9508-d7a8db32445b,IN-SERVICE,NON-LIQUID,628.22,
2026-08-13T05:35:00+08:00,COLLIE_BESS2,0.0,1188.12,9,ab5476f8-303d-4f93-9508-d7a8db32445b,IN-SERVICE,NON-LIQUID,1200.0,
2026-08-13T05:35:00+08:00,COLLIE_BESS2,0.0,1188.12,10,ab5476f8-303d-4f93-9508-d7a8db32445b,IN-SERVICE,NON-LIQUID,1200.0,
2026-08-13T05:35:00+08:00,COLLIE_ESR4,-250.0,104.89,1,7b57adb1-ab08-46cf-925e-b4e44ee4ef27,IN-SERVICE,NOT APPLICABLE,104.83,0.0
2026-08-13T05:35:00+08:00,COLLIE_ESR4,250.0,120.48,2,7b57adb1-ab08-46cf-925e-b4e44ee4ef27,IN-SERVICE,NOT APPLICABLE,120.41,0.0
2026-08-13T05:35:00+08:00,COLLIE_ESR5,-250.0,105.0,1,59802e17-308f-4dfc-a77d-8acd7fb82c65,IN-SERVICE,NOT APPLICABLE,104.94,0.0
2026-08-13T05:35:00+08:00,COLLIE_ESR5,250.0,120.37,2,59802e17-308f-4dfc-a77d-8acd7fb82c65,IN-SERVICE,NOT APPLICABLE,120.3,0.0
2026-08-13T05:40:00+08:00,KWINANA_ESR1,-100.0,105.23,1,4e18c6bc-06a4-4dcc-bd2c-a087af2f1c4c,IN-SERVICE,NOT APPLICABLE,105.19,0.0
2026-08-13T05:40:00+08:00,KWINANA_ESR1,100.0,119.98,2,4e18c6bc-06a4-4dcc-bd2c-a087af2f1c4c,IN-SERVICE,NOT APPLICABLE,119.93,0.0
2026-08-13T05:40:00+08:00,COLLIE_ESR1,0.0,-1000.0,1,92b085d5-ef80-4118-9f50-c0201524ddcd,IN-SERVICE,NON-LIQUID,-999.4,
2026-08-13T05:40:00+08:00,COLLIE_ESR1,-100.0,-42.46,2,92b085d5-ef80-4118-9f50-c0201524ddcd,IN-SERVICE,NON-LIQUID,-42.43,
2026-08-13T05:40:00+08:00,COLLIE_ESR1,-100.0,-10.0,3,92b085d5-ef80-4118-9f50-c0201524ddcd,IN-SERVICE,NON-LIQUID,-9.99,
2026-08-13T05:40:00+08:00,COLLIE_ESR1,0.0,34.02,4,92b085d5-ef80-4118-9f50-c0201524ddcd,IN-SERVICE,NON-LIQUID,34.0,
2026-08-13T05:40:00+08:00,COLLIE_ESR1,0.0,60.0,5,92b085d5-ef80-4118-9f50-c0201524ddcd,IN-SERVICE,NON-LIQUID,59.96,
2026-08-13T05:40:00+08:00,COLLIE_ESR1,50.0,250.0,6,92b085d5-ef80-4118-9f50-c0201524ddcd,IN-SERVICE,NON-LIQUID,249.85,
2026-08-13T05:40:00+08:00,COLLIE_ESR1,100.0,367.0,7,92b085d5-ef80-4118-9f50-c0201524ddcd,IN-SERVICE,NON-LIQUID,366.78,
2026-08-13T05:40:00+08:00,COLLIE_ESR1,50.0,622.0,8,92b085d5-ef80-4118-9f50-c0201524ddcd,IN-SERVICE,NON-LIQUID,621.63,
2026-08-13T05:40:00+08:00,COLLIE_ESR1,0.0,1199.9,9,92b085d5-ef80-4118-9f50-c0201524ddcd,IN-SERVICE,NON-LIQUID,1199.18,
2026-08-13T05:40:00+08:00,COLLIE_ESR1,0.0,1200.0,10,92b085d5-ef80-4118-9f50-c0201524ddcd,IN-SERVICE,NON-LIQUID,1199.28,
2026-08-13T05:40:00+08:00,KWINANA_ESR2,-225.0,105.17,1,99b3dbc7-7a6b-4a39-b93f-e07c29f15739,IN-SERVICE,NOT APPLICABLE,105.06,0.0
2026-08-13T05:40:00+08:00,KWINANA_ESR2,225.0,120.05,2,99b3dbc7-7a6b-4a39-b93f-e07c29f15739,IN-SERVICE,NOT APPLICABLE,119.93,0.0
2026-08-13T05:40:00+08:00,COLLIE_BESS2,0.0,-990.1,1,a8de0971-1783-4c00-bb09-08a3661ac355,IN-SERVICE,NON-LIQUID,-1000.0,
2026-08-13T05:40:00+08:00,COLLIE_BESS2,-150.0,-42.46,2,a8de0971-1783-4c00-bb09-08a3661ac355,IN-SERVICE,NON-LIQUID,-42.88,
2026-08-13T05:40:00+08:00,COLLIE_BESS2,-150.0,-10.0,3,a8de0971-1783-4c00-bb09-08a3661ac355,IN-SERVICE,NON-LIQUID,-10.1,
2026-08-13T05:40:00+08:00,COLLIE_BESS2,0.0,34.02,4,a8de0971-1783-4c00-bb09-08a3661ac355,IN-SERVICE,NON-LIQUID,34.36,
2026-08-13T05:40:00+08:00,COLLIE_BESS2,0.0,60.0,5,a8de0971-1783-4c00-bb09-08a3661ac355,IN-SERVICE,NON-LIQUID,60.6,
2026-08-13T05:40:00+08:00,COLLIE_BESS2,75.0,250.0,6,a8de0971-1783-4c00-bb09-08a3661ac355,IN-SERVICE,NON-LIQUID,252.5,
2026-08-13T05:40:00+08:00,COLLIE_BESS2,75.0,367.0,7,a8de0971-1783-4c00-bb09-08a3661ac355,IN-SERVICE,NON-LIQUID,370.67,
2026-08-13T05:40:00+08:00,COLLIE_BESS2,150.0,622.0,8,a8de0971-1783-4c00-bb09-08a3661ac355,IN-SERVICE,NON-LIQUID,628.22,
2026-08-13T05:40:00+08:00,COLLIE_BESS2,0.0,1188.12,9,a8de0971-1783-4c00-bb09-08a3661ac355,IN-SERVICE,NON-LIQUID,1200.0,
2026-08-13T05:40:00+08:00,COLLIE_BESS2,0.0,1188.12,10,a8de0971-1783-4c00-bb09-08a3661ac355,IN-SERVICE,NON-LIQUID,1200.0,
2026-08-13T05:40:00+08:00,COLLIE_ESR4,-250.0,104.89,1,7b57adb1-ab08-46cf-925e-b4e44ee4ef27,IN-SERVICE,NOT APPLICABLE,104.83,0.0
2026-08-13T05:40:00+08:00,COLLIE_ESR4,250.0,120.48,2,7b57adb1-ab08-46cf-925e-b4e44ee4ef27,IN-SERVICE,NOT APPLICABLE,120.41,0.0
2026-08-13T05:40:00+08:00,COLLIE_ESR5,-250.0,105.0,1,59802e17-308f-4dfc-a77d-8acd7fb82c65,IN-SERVICE,NOT APPLICABLE,104.94,0.0
2026-08-13T05:40:00+08:00,COLLIE_ESR5,250.0,120.37,2,59802e17-308f-4dfc-a77d-8acd7fb82c65,IN-SERVICE,NOT APPLICABLE,120.3,0.0
2026-08-13T05:45:00+08:00,KWINANA_ESR1,-100.0,105.23,1,4e18c6bc-06a4-4dcc-bd2c-a087af2f1c4c,IN-SERVICE,NOT APPLICABLE,105.19,0.0
2026-08-13T05:45:00+08:00,KWINANA_ESR1,100.0,119.98,2,4e18c6bc-06a4-4dcc-bd2c-a087af2f1c4c,IN-SERVICE,NOT APPLICABLE,119.93,0.0
2026-08-13T05:45:00+08:00,COLLIE_ESR1,0.0,-1000.0,1,ff91df20-da88-4f4d-a292-ea856a2b7ea1,IN-SERVICE,NON-LIQUID,-999.4,
2026-08-13T05:45:00+08:00,COLLIE_ESR1,-100.0,-42.46,2,ff91df20-da88-4f4d-a292-ea856a2b7ea1,IN-SERVICE,NON-LIQUID,-42.43,
2026-08-13T05:45:00+08:00,COLLIE_ESR1,-100.0,-10.0,3,ff91df20-da88-4f4d-a292-ea856a2b7ea1,IN-SERVICE,NON-LIQUID,-9.99,
2026-08-13T05:45:00+08:00,COLLIE_ESR1,0.0,34.02,4,ff91df20-da88-4f4d-a292-ea856a2b7ea1,IN-SERVICE,NON-LIQUID,34.0,
2026-08-13T05:45:00+08:00,COLLIE_ESR1,0.0,60.0,5,ff91df20-da88-4f4d-a292-ea856a2b7ea1,IN-SERVICE,NON-LIQUID,59.96,
2026-08-13T05:45:00+08:00,COLLIE_ESR1,50.0,250.0,6,ff91df20-da88-4f4d-a292-ea856a2b7ea1,IN-SERVICE,NON-LIQUID,249.85,
2026-08-13T05:45:00+08:00,COLLIE_ESR1,100.0,367.0,7,ff91df20-da88-4f4d-a292-ea856a2b7ea1,IN-SERVICE,NON-LIQUID,366.78,
2026-08-13T05:45:00+08:00,COLLIE_ESR1,50.0,622.0,8,ff91df20-da88-4f4d-a292-ea856a2b7ea1,IN-SERVICE,NON-LIQUID,621.63,
2026-08-13T05:45:00+08:00,COLLIE_ESR1,0.0,1199.9,9,ff91df20-da88-4f4d-a292-ea856a2b7ea1,IN-SERVICE,NON-LIQUID,1199.18,
2026-08-13T05:45:00+08:00,COLLIE_ESR1,0.0,1200.0,10,ff91df20-da88-4f4d-a292-ea856a2b7ea1,IN-SERVICE,NON-LIQUID,1199.28,
2026-08-13T05:45:00+08:00,KWINANA_ESR2,-225.0,105.05,1,99b3dbc7-7a6b-4a39-b93f-e07c29f15739,IN-SERVICE,NOT APPLICABLE,104.95,0.0
2026-08-13T05:45:00+08:00,KWINANA_ESR2,225.0,120.05,2,99b3dbc7-7a6b-4a39-b93f-e07c29f15739,IN-SERVICE,NOT APPLICABLE,119.93,0.0
2026-08-13T05:45:00+08:00,COLLIE_BESS2,0.0,-990.1,1,4c6c0729-ed96-457a-9fe6-6c4245507ee9,IN-SERVICE,NON-LIQUID,-1000.0,
2026-08-13T05:45:00+08:00,COLLIE_BESS2,-150.0,-42.46,2,4c6c0729-ed96-457a-9fe6-6c4245507ee9,IN-SERVICE,NON-LIQUID,-42.88,
2026-08-13T05:45:00+08:00,COLLIE_BESS2,-150.0,-10.0,3,4c6c0729-ed96-457a-9fe6-6c4245507ee9,IN-SERVICE,NON-LIQUID,-10.1,
2026-08-13T05:45:00+08:00,COLLIE_BESS2,0.0,34.02,4,4c6c0729-ed96-457a-9fe6-6c4245507ee9,IN-SERVICE,NON-LIQUID,34.36,
2026-08-13T05:45:00+08:00,COLLIE_BESS2,0.0,60.0,5,4c6c0729-ed96-457a-9fe6-6c4245507ee9,IN-SERVICE,NON-LIQUID,60.6,
2026-08-13T05:45:00+08:00,COLLIE_BESS2,75.0,250.0,6,4c6c0729-ed96-457a-9fe6-6c4245507ee9,IN-SERVICE,NON-LIQUID,252.5,
2026-08-13T05:45:00+08:00,COLLIE_BESS2,75.0,367.0,7,4c6c0729-ed96-457a-9fe6-6c4245507ee9,IN-SERVICE,NON-LIQUID,370.67,
2026-08-13T05:45:00+08:00,COLLIE_BESS2,150.0,622.0,8,4c6c0729-ed96-457a-9fe6-6c4245507ee9,IN-SERVICE,NON-LIQUID,628.22,
2026-08-13T05:45:00+08:00,COLLIE_BESS2,0.0,1188.12,9,4c6c0729-ed96-457a-9fe6-6c4245507ee9,IN-SERVICE,NON-LIQUID,1200.0,
2026-08-13T05:45:00+08:00,COLLIE_BESS2,0.0,1188.12,10,4c6c0729-ed96-457a-9fe6-6c4245507ee9,IN-SERVICE,NON-LIQUID,1200.0,
2026-08-13T05:45:00+08:00,COLLIE_ESR4,-250.0,104.89,1,7b57adb1-ab08-46cf-925e-b4e44ee4ef27,IN-SERVICE,NOT APPLICABLE,104.83,0.0
2026-08-13T05:45:00+08:00,COLLIE_ESR4,250.0,120.48,2,7b57adb1-ab08-46cf-925e-b4e44ee4ef27,IN-SERVICE,NOT APPLICABLE,120.41,0.0
2026-08-13T05:45:00+08:00,COLLIE_ESR5,-250.0,105.0,1,59802e17-308f-4dfc-a77d-8acd7fb82c65,IN-SERVICE,NOT APPLICABLE,104.94,0.0
2026-08-13T05:45:00+08:00,COLLIE_ESR5,250.0,120.26,2,59802e17-308f-4dfc-a77d-8acd7fb82c65,IN-SERVICE,NOT APPLICABLE,120.19,0.0
2026-08-13T05:50:00+08:00,KWINANA_ESR1,-100.0,108.84,1,003b080e-ce38-45fd-a9a1-efce784ced41,IN-SERVICE,NOT APPLICABLE,108.8,0.0
2026-08-13T05:50:00+08:00,KWINANA_ESR1,100.0,123.58,2,003b080e-ce38-45fd-a9a1-efce784ced41,IN-SERVICE,NOT APPLICABLE,123.53,0.0
2026-08-13T05:50:00+08:00,COLLIE_ESR1,0.0,-1000.0,1,04301435-b920-436c-9507-ab1a7d11d4cf,IN-SERVICE,NON-LIQUID,-999.4,
2026-08-13T05:50:00+08:00,COLLIE_ESR1,-100.0,-42.46,2,04301435-b920-436c-9507-ab1a7d11d4cf,IN-SERVICE,NON-LIQUID,-42.43,
2026-08-13T05:50:00+08:00,COLLIE_ESR1,-100.0,-10.0,3,04301435-b920-436c-9507-ab1a7d11d4cf,IN-SERVICE,NON-LIQUID,-9.99,
2026-08-13T05:50:00+08:00,COLLIE_ESR1,0.0,34.02,4,04301435-b920-436c-9507-ab1a7d11d4cf,IN-SERVICE,NON-LIQUID,34.0,
2026-08-13T05:50:00+08:00,COLLIE_ESR1,0.0,60.0,5,04301435-b920-436c-9507-ab1a7d11d4cf,IN-SERVICE,NON-LIQUID,59.96,
2026-08-13T05:50:00+08:00,COLLIE_ESR1,50.0,250.0,6,04301435-b920-436c-9507-ab1a7d11d4cf,IN-SERVICE,NON-LIQUID,249.85,
2026-08-13T05:50:00+08:00,COLLIE_ESR1,100.0,367.0,7,04301435-b920-436c-9507-ab1a7d11d4cf,IN-SERVICE,NON-LIQUID,366.78,
2026-08-13T05:50:00+08:00,COLLIE_ESR1,50.0,622.0,8,04301435-b920-436c-9507-ab1a7d11d4cf,IN-SERVICE,NON-LIQUID,621.63,
2026-08-13T05:50:00+08:00,COLLIE_ESR1,0.0,1199.9,9,04301435-b920-436c-9507-ab1a7d11d4cf,IN-SERVICE,NON-LIQUID,1199.18,
2026-08-13T05:50:00+08:00,COLLIE_ESR1,0.0,1200.0,10,04301435-b920-436c-9507-ab1a7d11d4cf,IN-SERVICE,NON-LIQUID,1199.28,
2026-08-13T05:50:00+08:00,KWINANA_ESR2,-225.0,106.88,1,f306ec3d-613d-4e23-b3e4-4cca148927f4,IN-SERVICE,NOT APPLICABLE,106.77,0.0
2026-08-13T05:50:00+08:00,KWINANA_ESR2,225.0,121.88,2,f306ec3d-613d-4e23-b3e4-4cca148927f4,IN-SERVICE,NOT APPLICABLE,121.76,0.0
2026-08-13T05:50:00+08:00,COLLIE_BESS2,0.0,-990.1,1,3d57753f-9b3e-4b72-8c49-6580e9cbe9cc,IN-SERVICE,NON-LIQUID,-1000.0,
2026-08-13T05:50:00+08:00,COLLIE_BESS2,-150.0,-42.46,2,3d57753f-9b3e-4b72-8c49-6580e9cbe9cc,IN-SERVICE,NON-LIQUID,-42.88,
2026-08-13T05:50:00+08:00,COLLIE_BESS2,-150.0,-10.0,3,3d57753f-9b3e-4b72-8c49-6580e9cbe9cc,IN-SERVICE,NON-LIQUID,-10.1,
2026-08-13T05:50:00+08:00,COLLIE_BESS2,0.0,34.02,4,3d57753f-9b3e-4b72-8c49-6580e9cbe9cc,IN-SERVICE,NON-LIQUID,34.36,
2026-08-13T05:50:00+08:00,COLLIE_BESS2,0.0,60.0,5,3d57753f-9b3e-4b72-8c49-6580e9cbe9cc,IN-SERVICE,NON-LIQUID,60.6,
2026-08-13T05:50:00+08:00,COLLIE_BESS2,75.0,250.0,6,3d57753f-9b3e-4b72-8c49-6580e9cbe9cc,IN-SERVICE,NON-LIQUID,252.5,
2026-08-13T05:50:00+08:00,COLLIE_BESS2,75.0,367.0,7,3d57753f-9b3e-4b72-8c49-6580e9cbe9cc,IN-SERVICE,NON-LIQUID,370.67,
2026-08-13T05:50:00+08:00,COLLIE_BESS2,150.0,622.0,8,3d57753f-9b3e-4b72-8c49-6580e9cbe9cc,IN-SERVICE,NON-LIQUID,628.22,
2026-08-13T05:50:00+08:00,COLLIE_BESS2,0.0,1188.12,9,3d57753f-9b3e-4b72-8c49-6580e9cbe9cc,IN-SERVICE,NON-LIQUID,1200.0,
2026-08-13T05:50:00+08:00,COLLIE_BESS2,0.0,1188.12,10,3d57753f-9b3e-4b72-8c49-6580e9cbe9cc,IN-SERVICE,NON-LIQUID,1200.0,
2026-08-13T05:50:00+08:00,COLLIE_ESR4,-250.0,106.6,1,ffdd1877-659f-4faf-b372-b63ac49e3bed,IN-SERVICE,NOT APPLICABLE,106.54,0.0
2026-08-13T05:50:00+08:00,COLLIE_ESR4,250.0,123.83,2,ffdd1877-659f-4faf-b372-b63ac49e3bed,IN-SERVICE,NOT APPLICABLE,123.76,0.0
2026-08-13T05:50:00+08:00,COLLIE_ESR5,-250.0,106.71,1,f15ab906-a09e-4ba0-b338-2ad52e7bda0a,IN-SERVICE,NOT APPLICABLE,106.65,0.0
2026-08-13T05:50:00+08:00,COLLIE_ESR5,250.0,121.97,2,f15ab906-a09e-4ba0-b338-2ad52e7bda0a,IN-SERVICE,NOT APPLICABLE,121.9,0.0
2026-08-13T05:55:00+08:00,KWINANA_ESR1,-100.0,108.84,1,003b080e-ce38-45fd-a9a1-efce784ced41,IN-SERVICE,NOT APPLICABLE,108.8,0.0
2026-08-13T05:55:00+08:00,KWINANA_ESR1,100.0,123.58,2,003b080e-ce38-45fd-a9a1-efce784ced41,IN-SERVICE,NOT APPLICABLE,123.53,0.0
2026-08-13T05:55:00+08:00,COLLIE_ESR1,0.0,-1000.0,1,95ddd6e5-7074-4219-834d-c7579a475c8d,IN-SERVICE,NON-LIQUID,-999.4,
2026-08-13T05:55:00+08:00,COLLIE_ESR1,-100.0,-42.46,2,95ddd6e5-7074-4219-834d-c7579a475c8d,IN-SERVICE,NON-LIQUID,-42.43,
2026-08-13T05:55:00+08:00,COLLIE_ESR1,-100.0,-10.0,3,95ddd6e5-7074-4219-834d-c7579a475c8d,IN-SERVICE,NON-LIQUID,-9.99,
2026-08-13T05:55:00+08:00,COLLIE_ESR1,0.0,34.02,4,95ddd6e5-7074-4219-834d-c7579a475c8d,IN-SERVICE,NON-LIQUID,34.0,
2026-08-13T05:55:00+08:00,COLLIE_ESR1,0.0,60.0,5,95ddd6e5-7074-4219-834d-c7579a475c8d,IN-SERVICE,NON-LIQUID,59.96,
2026-08-13T05:55:00+08:00,COLLIE_ESR1,50.0,250.0,6,95ddd6e5-7074-4219-834d-c7579a475c8d,IN-SERVICE,NON-LIQUID,249.85,
2026-08-13T05:55:00+08:00,COLLIE_ESR1,100.0,367.0,7,95ddd6e5-7074-4219-834d-c7579a475c8d,IN-SERVICE,NON-LIQUID,366.78,
2026-08-13T05:55:00+08:00,COLLIE_ESR1,50.0,622.0,8,95ddd6e5-7074-4219-834d-c7579a475c8d,IN-SERVICE,NON-LIQUID,621.63,
2026-08-13T05:55:00+08:00,COLLIE_ESR1,0.0,1199.9,9,95ddd6e5-7074-4219-834d-c7579a475c8d,IN-SERVICE,NON-LIQUID,1199.18,
2026-08-13T05:55:00+08:00,COLLIE_ESR1,0.0,1200.0,10,95ddd6e5-7074-4219-834d-c7579a475c8d,IN-SERVICE,NON-LIQUID,1199.28,
2026-08-13T05:55:00+08:00,KWINANA_ESR2,-225.0,101.14,1,f306ec3d-613d-4e23-b3e4-4cca148927f4,IN-SERVICE,NOT APPLICABLE,101.04,0.0
2026-08-13T05:55:00+08:00,KWINANA_ESR2,225.0,116.14,2,f306ec3d-613d-4e23-b3e4-4cca148927f4,IN-SERVICE,NOT APPLICABLE,116.02,0.0
2026-08-13T05:55:00+08:00,COLLIE_BESS2,0.0,-990.1,1,5b94b6be-2ff3-4b5b-8300-4d1718d000d5,IN-SERVICE,NON-LIQUID,-1000.0,
2026-08-13T05:55:00+08:00,COLLIE_BESS2,-150.0,-42.46,2,5b94b6be-2ff3-4b5b-8300-4d1718d000d5,IN-SERVICE,NON-LIQUID,-42.88,
2026-08-13T05:55:00+08:00,COLLIE_BESS2,-150.0,-10.0,3,5b94b6be-2ff3-4b5b-8300-4d1718d000d5,IN-SERVICE,NON-LIQUID,-10.1,
2026-08-13T05:55:00+08:00,COLLIE_BESS2,0.0,34.02,4,5b94b6be-2ff3-4b5b-8300-4d1718d000d5,IN-SERVICE,NON-LIQUID,34.36,
2026-08-13T05:55:00+08:00,COLLIE_BESS2,0.0,60.0,5,5b94b6be-2ff3-4b5b-8300-4d1718d000d5,IN-SERVICE,NON-LIQUID,60.6,
2026-08-13T05:55:00+08:00,COLLIE_BESS2,75.0,250.0,6,5b94b6be-2ff3-4b5b-8300-4d1718d000d5,IN-SERVICE,NON-LIQUID,252.5,
2026-08-13T05:55:00+08:00,COLLIE_BESS2,75.0,367.0,7,5b94b6be-2ff3-4b5b-8300-4d1718d000d5,IN-SERVICE,NON-LIQUID,370.67,
2026-08-13T05:55:00+08:00,COLLIE_BESS2,150.0,622.0,8,5b94b6be-2ff3-4b5b-8300-4d1718d000d5,IN-SERVICE,NON-LIQUID,628.22,
2026-08-13T05:55:00+08:00,COLLIE_BESS2,0.0,1188.12,9,5b94b6be-2ff3-4b5b-8300-4d1718d000d5,IN-SERVICE,NON-LIQUID,1200.0,
2026-08-13T05:55:00+08:00,COLLIE_BESS2,0.0,1188.12,10,5b94b6be-2ff3-4b5b-8300-4d1718d000d5,IN-SERVICE,NON-LIQUID,1200.0,
2026-08-13T05:55:00+08:00,COLLIE_ESR4,-250.0,106.6,1,ffdd1877-659f-4faf-b372-b63ac49e3bed,IN-SERVICE,NOT APPLICABLE,106.54,0.0
2026-08-13T05:55:00+08:00,COLLIE_ESR4,250.0,123.83,2,ffdd1877-659f-4faf-b372-b63ac49e3bed,IN-SERVICE,NOT APPLICABLE,123.76,0.0
2026-08-13T05:55:00+08:00,COLLIE_ESR5,-250.0,106.71,1,f15ab906-a09e-4ba0-b338-2ad52e7bda0a,IN-SERVICE,NOT APPLICABLE,106.65,0.0
2026-08-13T05:55:00+08:00,COLLIE_ESR5,250.0,121.97,2,f15ab906-a09e-4ba0-b338-2ad52e7bda0a,IN-SERVICE,NOT APPLICABLE,121.9,0.0
2026-08-13T06:00:00+08:00,KWINANA_ESR1,-100.0,108.84,1,003b080e-ce38-45fd-a9a1-efce784ced41,IN-SERVICE,NOT APPLICABLE,108.8,0.0
2026-08-13T06:00:00+08:00,KWINANA_ESR1,100.0,123.58,2,003b080e-ce38-45fd-a9a1-efce784ced41,IN-SERVICE,NOT APPLICABLE,123.53,0.0
2026-08-13T06:00:00+08:00,COLLIE_ESR1,0.0,-1000.0,1,db7ebf1c-3d20-4b8c-92fe-37f54f82367d,IN-SERVICE,NON-LIQUID,-999.4,
2026-08-13T06:00:00+08:00,COLLIE_ESR1,-100.0,-42.46,2,db7ebf1c-3d20-4b8c-92fe-37f54f82367d,IN-SERVICE,NON-LIQUID,-42.43,
2026-08-13T06:00:00+08:00,COLLIE_ESR1,-100.0,-10.0,3,db7ebf1c-3d20-4b8c-92fe-37f54f82367d,IN-SERVICE,NON-LIQUID,-9.99,
2026-08-13T06:00:00+08:00,COLLIE_ESR1,0.0,34.02,4,db7ebf1c-3d20-4b8c-92fe-37f54f82367d,IN-SERVICE,NON-LIQUID,34.0,
2026-08-13T06:00:00+08:00,COLLIE_ESR1,0.0,60.0,5,db7ebf1c-3d20-4b8c-92fe-37f54f82367d,IN-SERVICE,NON-LIQUID,59.96,
2026-08-13T06:00:00+08:00,COLLIE_ESR1,50.0,250.0,6,db7ebf1c-3d20-4b8c-92fe-37f54f82367d,IN-SERVICE,NON-LIQUID,249.85,
2026-08-13T06:00:00+08:00,COLLIE_ESR1,100.0,367.0,7,db7ebf1c-3d20-4b8c-92fe-37f54f82367d,IN-SERVICE,NON-LIQUID,366.78,
2026-08-13T06:00:00+08:00,COLLIE_ESR1,50.0,622.0,8,db7ebf1c-3d20-4b8c-92fe-37f54f82367d,IN-SERVICE,NON-LIQUID,621.63,
2026-08-13T06:00:00+08:00,COLLIE_ESR1,0.0,1191.45,9,db7ebf1c-3d20-4b8c-92fe-37f54f82367d,IN-SERVICE,NON-LIQUID,1190.74,
2026-08-13T06:00:00+08:00,COLLIE_ESR1,0.0,1200.0,10,db7ebf1c-3d20-4b8c-92fe-37f54f82367d,IN-SERVICE,NON-LIQUID,1199.28,
2026-08-13T06:00:00+08:00,KWINANA_ESR2,-225.0,101.14,1,f306ec3d-613d-4e23-b3e4-4cca148927f4,IN-SERVICE,NOT APPLICABLE,101.04,0.0
2026-08-13T06:00:00+08:00,KWINANA_ESR2,225.0,116.14,2,f306ec3d-613d-4e23-b3e4-4cca148927f4,IN-SERVICE,NOT APPLICABLE,116.02,0.0
2026-08-13T06:00:00+08:00,COLLIE_BESS2,0.0,-990.1,1,2db3ac09-0c4f-4b1f-adab-0b386a619d81,IN-SERVICE,NON-LIQUID,-1000.0,
2026-08-13T06:00:00+08:00,COLLIE_BESS2,-150.0,-42.46,2,2db3ac09-0c4f-4b1f-adab-0b386a619d81,IN-SERVICE,NON-LIQUID,-42.88,
2026-08-13T06:00:00+08:00,COLLIE_BESS2,-150.0,-10.0,3,2db3ac09-0c4f-4b1f-adab-0b386a619d81,IN-SERVICE,NON-LIQUID,-10.1,
2026-08-13T06:00:00+08:00,COLLIE_BESS2,0.0,34.02,4,2db3ac09-0c4f-4b1f-adab-0b386a619d81,IN-SERVICE,NON-LIQUID,34.36,
2026-08-13T06:00:00+08:00,COLLIE_BESS2,0.0,60.0,5,2db3ac09-0c4f-4b1f-adab-0b386a619d81,IN-SERVICE,NON-LIQUID,60.6,
2026-08-13T06:00:00+08:00,COLLIE_BESS2,75.0,250.0,6,2db3ac09-0c4f-4b1f-adab-0b386a619d81,IN-SERVICE,NON-LIQUID,252.5,
2026-08-13T06:00:00+08:00,COLLIE_BESS2,75.0,367.0,7,2db3ac09-0c4f-4b1f-adab-0b386a619d81,IN-SERVICE,NON-LIQUID,370.67,
2026-08-13T06:00:00+08:00,COLLIE_BESS2,150.0,622.0,8,2db3ac09-0c4f-4b1f-adab-0b386a619d81,IN-SERVICE,NON-LIQUID,628.22,
2026-08-13T06:00:00+08:00,COLLIE_BESS2,0.0,1188.12,9,2db3ac09-0c4f-4b1f-adab-0b386a619d81,IN-SERVICE,NON-LIQUID,1200.0,
2026-08-13T06:00:00+08:00,COLLIE_BESS2,0.0,1188.12,10,2db3ac09-0c4f-4b1f-adab-0b386a619d81,IN-SERVICE,NON-LIQUID,1200.0,
2026-08-13T06:00:00+08:00,COLLIE_ESR4,-250.0,106.6,1,ffdd1877-659f-4faf-b372-b63ac49e3bed,IN-SERVICE,NOT APPLICABLE,106.54,0.0
2026-08-13T06:00:00+08:00,COLLIE_ESR4,250.0,122.08,2,ffdd1877-659f-4faf-b372-b63ac49e3bed,IN-SERVICE,NOT APPLICABLE,122.01,0.0
2026-08-13T06:00:00+08:00,COLLIE_ESR5,-250.0,100.96,1,f15ab906-a09e-4ba0-b338-2ad52e7bda0a,IN-SERVICE,NOT APPLICABLE,100.9,0.0
2026-08-13T06:00:00+08:00,COLLIE_ESR5,250.0,121.97,2,f15ab906-a09e-4ba0-b338-2ad52e7bda0a,IN-SERVICE,NOT APPLICABLE,121.9,0.0
2026-08-13T06:05:00+08:00,KWINANA_ESR1,-100.0,108.95,1,06d3e7fc-89e8-4df5-87be-76590b72f84e,IN-SERVICE,NOT APPLICABLE,108.91,0.0
2026-08-13T06:05:00+08:00,KWINANA_ESR1,100.0,123.58,2,06d3e7fc-89e8-4df5-87be-76590b72f84e,IN-SERVICE,NOT APPLICABLE,123.53,0.0
2026-08-13T06:05:00+08:00,COLLIE_ESR1,0.0,-1000.0,1,46d3f64e-8051-4292-877a-2330ee3885ca,IN-SERVICE,NON-LIQUID,-999.4,
2026-08-13T06:05:00+08:00,COLLIE_ESR1,-100.0,-42.46,2,46d3f64e-8051-4292-877a-2330ee3885ca,IN-SERVICE,NON-LIQUID,-42.43,
2026-08-13T06:05:00+08:00,COLLIE_ESR1,-100.0,-10.0,3,46d3f64e-8051-4292-877a-2330ee3885ca,IN-SERVICE,NON-LIQUID,-9.99,
2026-08-13T06:05:00+08:00,COLLIE_ESR1,0.0,34.02,4,46d3f64e-8051-4292-877a-2330ee3885ca,IN-SERVICE,NON-LIQUID,34.0,
2026-08-13T06:05:00+08:00,COLLIE_ESR1,0.0,60.0,5,46d3f64e-8051-4292-877a-2330ee3885ca,IN-SERVICE,NON-LIQUID,59.96,
2026-08-13T06:05:00+08:00,COLLIE_ESR1,50.0,250.0,6,46d3f64e-8051-4292-877a-2330ee3885ca,IN-SERVICE,NON-LIQUID,249.85,
2026-08-13T06:05:00+08:00,COLLIE_ESR1,100.0,367.0,7,46d3f64e-8051-4292-877a-2330ee3885ca,IN-SERVICE,NON-LIQUID,366.78,
2026-08-13T06:05:00+08:00,COLLIE_ESR1,50.0,622.0,8,46d3f64e-8051-4292-877a-2330ee3885ca,IN-SERVICE,NON-LIQUID,621.63,
2026-08-13T06:05:00+08:00,COLLIE_ESR1,0.0,1191.45,9,46d3f64e-8051-4292-877a-2330ee3885ca,IN-SERVICE,NON-LIQUID,1190.74,
2026-08-13T06:05:00+08:00,COLLIE_ESR1,0.0,1200.0,10,46d3f64e-8051-4292-877a-2330ee3885ca,IN-SERVICE,NON-LIQUID,1199.28,
2026-08-13T06:05:00+08:00,KWINANA_ESR2,-225.0,110.13,1,14189074-50d3-4cdf-8257-6d5c921d86a9,IN-SERVICE,NOT APPLICABLE,110.02,0.0
2026-08-13T06:05:00+08:00,KWINANA_ESR2,225.0,125.13,2,14189074-50d3-4cdf-8257-6d5c921d86a9,IN-SERVICE,NOT APPLICABLE,125.0,0.0
2026-08-13T06:05:00+08:00,COLLIE_BESS2,0.0,-990.1,1,d15539ce-68c6-4edd-a6aa-3f6019bd3818,IN-SERVICE,NON-LIQUID,-1000.0,
2026-08-13T06:05:00+08:00,COLLIE_BESS2,-150.0,-42.46,2,d15539ce-68c6-4edd-a6aa-3f6019bd3818,IN-SERVICE,NON-LIQUID,-42.88,
2026-08-13T06:05:00+08:00,COLLIE_BESS2,-150.0,-10.0,3,d15539ce-68c6-4edd-a6aa-3f6019bd3818,IN-SERVICE,NON-LIQUID,-10.1,
2026-08-13T06:05:00+08:00,COLLIE_BESS2,0.0,34.02,4,d15539ce-68c6-4edd-a6aa-3f6019bd3818,IN-SERVICE,NON-LIQUID,34.36,
2026-08-13T06:05:00+08:00,COLLIE_BESS2,0.0,60.0,5,d15539ce-68c6-4edd-a6aa-3f6019bd3818,IN-SERVICE,NON-LIQUID,60.6,
2026-08-13T06:05:00+08:00,COLLIE_BESS2,75.0,250.0,6,d15539ce-68c6-4edd-a6aa-3f6019bd3818,IN-SERVICE,NON-LIQUID,252.5,
2026-08-13T06:05:00+08:00,COLLIE_BESS2,75.0,367.0,7,d15539ce-68c6-4edd-a6aa-3f6019bd3818,IN-SERVICE,NON-LIQUID,370.67,
2026-08-13T06:05:00+08:00,COLLIE_BESS2,150.0,622.0,8,d15539ce-68c6-4edd-a6aa-3f6019bd3818,IN-SERVICE,NON-LIQUID,628.22,
2026-08-13T06:05:00+08:00,COLLIE_BESS2,0.0,1188.12,9,d15539ce-68c6-4edd-a6aa-3f6019bd3818,IN-SERVICE,NON-LIQUID,1200.0,
2026-08-13T06:05:00+08:00,COLLIE_BESS2,0.0,1188.12,10,d15539ce-68c6-4edd-a6aa-3f6019bd3818,IN-SERVICE,NON-LIQUID,1200.0,
2026-08-13T06:05:00+08:00,COLLIE_ESR4,-250.0,109.84,1,fea5086a-4a16-4d20-a5fe-e4fe7d696600,IN-SERVICE,NOT APPLICABLE,109.77,0.0
2026-08-13T06:05:00+08:00,COLLIE_ESR4,250.0,128.58,2,fea5086a-4a16-4d20-a5fe-e4fe7d696600,IN-SERVICE,NOT APPLICABLE,128.5,0.0
2026-08-13T06:05:00+08:00,COLLIE_ESR5,-250.0,109.95,1,a7b77046-35f8-4d70-9a6d-34dffabb04a6,IN-SERVICE,NOT APPLICABLE,109.88,0.0
2026-08-13T06:05:00+08:00,COLLIE_ESR5,250.0,125.21,2,a7b77046-35f8-4d70-9a6d-34dffabb04a6,IN-SERVICE,NOT APPLICABLE,125.13,0.0
2026-08-13T06:10:00+08:00,KWINANA_ESR1,-100.0,108.95,1,06d3e7fc-89e8-4df5-87be-76590b72f84e,IN-SERVICE,NOT APPLICABLE,108.91,0.0
2026-08-13T06:10:00+08:00,KWINANA_ESR1,100.0,123.69,2,06d3e7fc-89e8-4df5-87be-76590b72f84e,IN-SERVICE,NOT APPLICABLE,123.64,0.0
2026-08-13T06:10:00+08:00,COLLIE_ESR1,0.0,-1000.0,1,9ee4944a-a9ff-4ee9-8626-959a9c86a132,IN-SERVICE,NON-LIQUID,-999.4,
2026-08-13T06:10:00+08:00,COLLIE_ESR1,-100.0,-42.46,2,9ee4944a-a9ff-4ee9-8626-959a9c86a132,IN-SERVICE,NON-LIQUID,-42.43,
2026-08-13T06:10:00+08:00,COLLIE_ESR1,-100.0,-10.0,3,9ee4944a-a9ff-4ee9-8626-959a9c86a132,IN-SERVICE,NON-LIQUID,-9.99,
2026-08-13T06:10:00+08:00,COLLIE_ESR1,0.0,34.02,4,9ee4944a-a9ff-4ee9-8626-959a9c86a132,IN-SERVICE,NON-LIQUID,34.0,
2026-08-13T06:10:00+08:00,COLLIE_ESR1,0.0,60.0,5,9ee4944a-a9ff-4ee9-8626-959a9c86a132,IN-SERVICE,NON-LIQUID,59.96,
2026-08-13T06:10:00+08:00,COLLIE_ESR1,50.0,250.0,6,9ee4944a-a9ff-4ee9-8626-959a9c86a132,IN-SERVICE,NON-LIQUID,249.85,
2026-08-13T06:10:00+08:00,COLLIE_ESR1,100.0,367.0,7,9ee4944a-a9ff-4ee9-8626-959a9c86a132,IN-SERVICE,NON-LIQUID,366.78,
2026-08-13T06:10:00+08:00,COLLIE_ESR1,50.0,622.0,8,9ee4944a-a9ff-4ee9-8626-959a9c86a132,IN-SERVICE,NON-LIQUID,621.63,
2026-08-13T06:10:00+08:00,COLLIE_ESR1,0.0,1191.45,9,9ee4944a-a9ff-4ee9-8626-959a9c86a132,IN-SERVICE,NON-LIQUID,1190.74,
2026-08-13T06:10:00+08:00,COLLIE_ESR1,0.0,1200.0,10,9ee4944a-a9ff-4ee9-8626-959a9c86a132,IN-SERVICE,NON-LIQUID,1199.28,
2026-08-13T06:10:00+08:00,KWINANA_ESR2,-225.0,110.13,1,14189074-50d3-4cdf-8257-6d5c921d86a9,IN-SERVICE,NOT APPLICABLE,110.02,0.0
2026-08-13T06:10:00+08:00,KWINANA_ESR2,225.0,125.13,2,14189074-50d3-4cdf-8257-6d5c921d86a9,IN-SERVICE,NOT APPLICABLE,125.0,0.0
2026-08-13T06:10:00+08:00,COLLIE_BESS2,0.0,-990.1,1,a5ae0c78-8df1-4304-884e-7b8c6307a053,IN-SERVICE,NON-LIQUID,-1000.0,
2026-08-13T06:10:00+08:00,COLLIE_BESS2,-150.0,-42.46,2,a5ae0c78-8df1-4304-884e-7b8c6307a053,IN-SERVICE,NON-LIQUID,-42.88,
2026-08-13T06:10:00+08:00,COLLIE_BESS2,-150.0,-10.0,3,a5ae0c78-8df1-4304-884e-7b8c6307a053,IN-SERVICE,NON-LIQUID,-10.1,
2026-08-13T06:10:00+08:00,COLLIE_BESS2,0.0,34.02,4,a5ae0c78-8df1-4304-884e-7b8c6307a053,IN-SERVICE,NON-LIQUID,34.36,
2026-08-13T06:10:00+08:00,COLLIE_BESS2,0.0,60.0,5,a5ae0c78-8df1-4304-884e-7b8c6307a053,IN-SERVICE,NON-LIQUID,60.6,
2026-08-13T06:10:00+08:00,COLLIE_BESS2,75.0,250.0,6,a5ae0c78-8df1-4304-884e-7b8c6307a053,IN-SERVICE,NON-LIQUID,252.5,
2026-08-13T06:10:00+08:00,COLLIE_BESS2,75.0,367.0,7,a5ae0c78-8df1-4304-884e-7b8c6307a053,IN-SERVICE,NON-LIQUID,370.67,
2026-08-13T06:10:00+08:00,COLLIE_BESS2,150.0,622.0,8,a5ae0c78-8df1-4304-884e-7b8c6307a053,IN-SERVICE,NON-LIQUID,628.22,
2026-08-13T06:10:00+08:00,COLLIE_BESS2,0.0,1188.12,9,a5ae0c78-8df1-4304-884e-7b8c6307a053,IN-SERVICE,NON-LIQUID,1200.0,
2026-08-13T06:10:00+08:00,COLLIE_BESS2,0.0,1188.12,10,a5ae0c78-8df1-4304-884e-7b8c6307a053,IN-SERVICE,NON-LIQUID,1200.0,
2026-08-13T06:10:00+08:00,COLLIE_ESR4,-250.0,109.84,1,fea5086a-4a16-4d20-a5fe-e4fe7d696600,IN-SERVICE,NOT APPLICABLE,109.77,0.0
2026-08-13T06:10:00+08:00,COLLIE_ESR4,250.0,128.58,2,fea5086a-4a16-4d20-a5fe-e4fe7d696600,IN-SERVICE,NOT APPLICABLE,128.5,0.0
2026-08-13T06:10:00+08:00,COLLIE_ESR5,-250.0,109.95,1,a7b77046-35f8-4d70-9a6d-34dffabb04a6,IN-SERVICE,NOT APPLICABLE,109.88,0.0
2026-08-13T06:10:00+08:00,COLLIE_ESR5,250.0,125.21,2,a7b77046-35f8-4d70-9a6d-34dffabb04a6,IN-SERVICE,NOT APPLICABLE,125.13,0.0
2026-08-13T06:15:00+08:00,KWINANA_ESR1,-100.0,108.95,1,06d3e7fc-89e8-4df5-87be-76590b72f84e,IN-SERVICE,NOT APPLICABLE,108.91,0.0
2026-08-13T06:15:00+08:00,KWINANA_ESR1,100.0,123.69,2,06d3e7fc-89e8-4df5-87be-76590b72f84e,IN-SERVICE,NOT APPLICABLE,123.64,0.0
2026-08-13T06:15:00+08:00,COLLIE_ESR1,0.0,-1000.0,1,6164f8b8-090a-47fc-91c0-124b6a56889e,IN-SERVICE,NON-LIQUID,-999.4,
2026-08-13T06:15:00+08:00,COLLIE_ESR1,-100.0,-42.46,2,6164f8b8-090a-47fc-91c0-124b6a56889e,IN-SERVICE,NON-LIQUID,-42.43,
2026-08-13T06:15:00+08:00,COLLIE_ESR1,-100.0,-10.0,3,6164f8b8-090a-47fc-91c0-124b6a56889e,IN-SERVICE,NON-LIQUID,-9.99,
2026-08-13T06:15:00+08:00,COLLIE_ESR1,0.0,34.02,4,6164f8b8-090a-47fc-91c0-124b6a56889e,IN-SERVICE,NON-LIQUID,34.0,
2026-08-13T06:15:00+08:00,COLLIE_ESR1,0.0,60.0,5,6164f8b8-090a-47fc-91c0-124b6a56889e,IN-SERVICE,NON-LIQUID,59.96,
2026-08-13T06:15:00+08:00,COLLIE_ESR1,50.0,250.0,6,6164f8b8-090a-47fc-91c0-124b6a56889e,IN-SERVICE,NON-LIQUID,249.85,
2026-08-13T06:15:00+08:00,COLLIE_ESR1,100.0,367.0,7,6164f8b8-090a-47fc-91c0-124b6a56889e,IN-SERVICE,NON-LIQUID,366.78,
2026-08-13T06:15:00+08:00,COLLIE_ESR1,50.0,622.0,8,6164f8b8-090a-47fc-91c0-124b6a56889e,IN-SERVICE,NON-LIQUID,621.63,
2026-08-13T06:15:00+08:00,COLLIE_ESR1,0.0,1191.45,9,6164f8b8-090a-47fc-91c0-124b6a56889e,IN-SERVICE,NON-LIQUID,1190.74,
2026-08-13T06:15:00+08:00,COLLIE_ESR1,0.0,1200.0,10,6164f8b8-090a-47fc-91c0-124b6a56889e,IN-SERVICE,NON-LIQUID,1199.28,
2026-08-13T06:15:00+08:00,KWINANA_ESR2,-225.0,110.13,1,14189074-50d3-4cdf-8257-6d5c921d86a9,IN-SERVICE,NOT APPLICABLE,110.02,0.0
2026-08-13T06:15:00+08:00,KWINANA_ESR2,225.0,125.13,2,14189074-50d3-4cdf-8257-6d5c921d86a9,IN-SERVICE,NOT APPLICABLE,125.0,0.0
2026-08-13T06:15:00+08:00,COLLIE_BESS2,0.0,-990.1,1,23e91ca9-75df-45c3-bafb-a806395c9e55,IN-SERVICE,NON-LIQUID,-1000.0,
2026-08-13T06:15:00+08:00,COLLIE_BESS2,-150.0,-42.46,2,23e91ca9-75df-45c3-bafb-a806395c9e55,IN-SERVICE,NON-LIQUID,-42.88,
2026-08-13T06:15:00+08:00,COLLIE_BESS2,-150.0,-10.0,3,23e91ca9-75df-45c3-bafb-a806395c9e55,IN-SERVICE,NON-LIQUID,-10.1,
2026-08-13T06:15:00+08:00,COLLIE_BESS2,0.0,34.02,4,23e91ca9-75df-45c3-bafb-a806395c9e55,IN-SERVICE,NON-LIQUID,34.36,
2026-08-13T06:15:00+08:00,COLLIE_BESS2,0.0,60.0,5,23e91ca9-75df-45c3-bafb-a806395c9e55,IN-SERVICE,NON-LIQUID,60.6,
2026-08-13T06:15:00+08:00,COLLIE_BESS2,75.0,250.0,6,23e91ca9-75df-45c3-bafb-a806395c9e55,IN-SERVICE,NON-LIQUID,252.5,
2026-08-13T06:15:00+08:00,COLLIE_BESS2,75.0,367.0,7,23e91ca9-75df-45c3-bafb-a806395c9e55,IN-SERVICE,NON-LIQUID,370.67,
2026-08-13T06:15:00+08:00,COLLIE_BESS2,150.0,622.0,8,23e91ca9-75df-45c3-bafb-a806395c9e55,IN-SERVICE,NON-LIQUID,628.22,
2026-08-13T06:15:00+08:00,COLLIE_BESS2,0.0,1188.12,9,23e91ca9-75df-45c3-bafb-a806395c9e55,IN-SERVICE,NON-LIQUID,1200.0,
2026-08-13T06:15:00+08:00,COLLIE_BESS2,0.0,1188.12,10,23e91ca9-75df-45c3-bafb-a806395c9e55,IN-SERVICE,NON-LIQUID,1200.0,
2026-08-13T06:15:00+08:00,COLLIE_ESR4,-250.0,109.84,1,fea5086a-4a16-4d20-a5fe-e4fe7d696600,IN-SERVICE,NOT APPLICABLE,109.77,0.0
2026-08-13T06:15:00+08:00,COLLIE_ESR4,250.0,128.58,2,fea5086a-4a16-4d20-a5fe-e4fe7d696600,IN-SERVICE,NOT APPLICABLE,128.5,0.0
2026-08-13T06:15:00+08:00,COLLIE_ESR5,-250.0,109.95,1,a7b77046-35f8-4d70-9a6d-34dffabb04a6,IN-SERVICE,NOT APPLICABLE,109.88,0.0
2026-08-13T06:15:00+08:00,COLLIE_ESR5,250.0,125.21,2,a7b77046-35f8-4d70-9a6d-34dffabb04a6,IN-SERVICE,NOT APPLICABLE,125.13,0.0
2026-08-13T06:20:00+08:00,KWINANA_ESR1,-100.0,121.74,1,fc6d5bc5-da1f-4360-b050-d9f3af1c0312,IN-SERVICE,NOT APPLICABLE,121.69,0.0
2026-08-13T06:20:00+08:00,KWINANA_ESR1,100.0,136.48,2,fc6d5bc5-da1f-4360-b050-d9f3af1c0312,IN-SERVICE,NOT APPLICABLE,136.43,0.0
2026-08-13T06:20:00+08:00,COLLIE_ESR1,0.0,-1000.0,1,d281a88f-8eb9-4a19-bd88-c3ccac1e0a9a,IN-SERVICE,NON-LIQUID,-999.4,
2026-08-13T06:20:00+08:00,COLLIE_ESR1,-100.0,-42.46,2,d281a88f-8eb9-4a19-bd88-c3ccac1e0a9a,IN-SERVICE,NON-LIQUID,-42.43,
2026-08-13T06:20:00+08:00,COLLIE_ESR1,-100.0,-10.0,3,d281a88f-8eb9-4a19-bd88-c3ccac1e0a9a,IN-SERVICE,NON-LIQUID,-9.99,
2026-08-13T06:20:00+08:00,COLLIE_ESR1,0.0,34.02,4,d281a88f-8eb9-4a19-bd88-c3ccac1e0a9a,IN-SERVICE,NON-LIQUID,34.0,
2026-08-13T06:20:00+08:00,COLLIE_ESR1,0.0,60.0,5,d281a88f-8eb9-4a19-bd88-c3ccac1e0a9a,IN-SERVICE,NON-LIQUID,59.96,
2026-08-13T06:20:00+08:00,COLLIE_ESR1,50.0,250.0,6,d281a88f-8eb9-4a19-bd88-c3ccac1e0a9a,IN-SERVICE,NON-LIQUID,249.85,
2026-08-13T06:20:00+08:00,COLLIE_ESR1,100.0,367.0,7,d281a88f-8eb9-4a19-bd88-c3ccac1e0a9a,IN-SERVICE,NON-LIQUID,366.78,
2026-08-13T06:20:00+08:00,COLLIE_ESR1,50.0,622.0,8,d281a88f-8eb9-4a19-bd88-c3ccac1e0a9a,IN-SERVICE,NON-LIQUID,621.63,
2026-08-13T06:20:00+08:00,COLLIE_ESR1,0.0,1191.45,9,d281a88f-8eb9-4a19-bd88-c3ccac1e0a9a,IN-SERVICE,NON-LIQUID,1190.74,
2026-08-13T06:20:00+08:00,COLLIE_ESR1,0.0,1200.0,10,d281a88f-8eb9-4a19-bd88-c3ccac1e0a9a,IN-SERVICE,NON-LIQUID,1199.28,
2026-08-13T06:20:00+08:00,KWINANA_ESR2,-225.0,114.06,1,2cd6661b-cc4e-423f-8ddb-6eb7a577cc10,IN-SERVICE,NOT APPLICABLE,113.95,0.0
2026-08-13T06:20:00+08:00,KWINANA_ESR2,225.0,129.06,2,2cd6661b-cc4e-423f-8ddb-6eb7a577cc10,IN-SERVICE,NOT APPLICABLE,128.93,0.0
2026-08-13T06:20:00+08:00,COLLIE_BESS2,0.0,-990.1,1,b8428584-9dcc-4a50-86fb-b7e318f3e9f6,IN-SERVICE,NON-LIQUID,-1000.0,
2026-08-13T06:20:00+08:00,COLLIE_BESS2,-150.0,-42.46,2,b8428584-9dcc-4a50-86fb-b7e318f3e9f6,IN-SERVICE,NON-LIQUID,-42.88,
2026-08-13T06:20:00+08:00,COLLIE_BESS2,-150.0,-10.0,3,b8428584-9dcc-4a50-86fb-b7e318f3e9f6,IN-SERVICE,NON-LIQUID,-10.1,
2026-08-13T06:20:00+08:00,COLLIE_BESS2,0.0,34.02,4,b8428584-9dcc-4a50-86fb-b7e318f3e9f6,IN-SERVICE,NON-LIQUID,34.36,
2026-08-13T06:20:00+08:00,COLLIE_BESS2,0.0,60.0,5,b8428584-9dcc-4a50-86fb-b7e318f3e9f6,IN-SERVICE,NON-LIQUID,60.6,
2026-08-13T06:20:00+08:00,COLLIE_BESS2,75.0,250.0,6,b8428584-9dcc-4a50-86fb-b7e318f3e9f6,IN-SERVICE,NON-LIQUID,252.5,
2026-08-13T06:20:00+08:00,COLLIE_BESS2,75.0,367.0,7,b8428584-9dcc-4a50-86fb-b7e318f3e9f6,IN-SERVICE,NON-LIQUID,370.67,
2026-08-13T06:20:00+08:00,COLLIE_BESS2,150.0,622.0,8,b8428584-9dcc-4a50-86fb-b7e318f3e9f6,IN-SERVICE,NON-LIQUID,628.22,
2026-08-13T06:20:00+08:00,COLLIE_BESS2,0.0,1188.12,9,b8428584-9dcc-4a50-86fb-b7e318f3e9f6,IN-SERVICE,NON-LIQUID,1200.0,
2026-08-13T06:20:00+08:00,COLLIE_BESS2,0.0,1188.12,10,b8428584-9dcc-4a50-86fb-b7e318f3e9f6,IN-SERVICE,NON-LIQUID,1200.0,
2026-08-13T06:20:00+08:00,COLLIE_ESR4,-250.0,113.77,1,1e2a2f7a-057b-4bad-b0cc-03cb59b82586,IN-SERVICE,NOT APPLICABLE,113.7,0.0
2026-08-13T06:20:00+08:00,COLLIE_ESR4,250.0,136.11,2,1e2a2f7a-057b-4bad-b0cc-03cb59b82586,IN-SERVICE,NOT APPLICABLE,136.03,0.0
2026-08-13T06:20:00+08:00,COLLIE_ESR5,-250.0,113.88,1,1bf3db55-8fd1-4954-ab56-09dc8638926e,IN-SERVICE,NOT APPLICABLE,113.81,0.0
2026-08-13T06:20:00+08:00,COLLIE_ESR5,250.0,129.14,2,1bf3db55-8fd1-4954-ab56-09dc8638926e,IN-SERVICE,NOT APPLICABLE,129.06,0.0
2026-08-13T06:25:00+08:00,KWINANA_ESR1,-100.0,121.74,1,fc6d5bc5-da1f-4360-b050-d9f3af1c0312,IN-SERVICE,NOT APPLICABLE,121.69,0.0
2026-08-13T06:25:00+08:00,KWINANA_ESR1,100.0,136.48,2,fc6d5bc5-da1f-4360-b050-d9f3af1c0312,IN-SERVICE,NOT APPLICABLE,136.43,0.0
2026-08-13T06:25:00+08:00,COLLIE_ESR1,0.0,-1000.0,1,e37e1a68-0993-4322-972a-481d5d738267,IN-SERVICE,NON-LIQUID,-999.4,
2026-08-13T06:25:00+08:00,COLLIE_ESR1,-100.0,-42.46,2,e37e1a68-0993-4322-972a-481d5d738267,IN-SERVICE,NON-LIQUID,-42.43,
2026-08-13T06:25:00+08:00,COLLIE_ESR1,-100.0,-10.0,3,e37e1a68-0993-4322-972a-481d5d738267,IN-SERVICE,NON-LIQUID,-9.99,
2026-08-13T06:25:00+08:00,COLLIE_ESR1,0.0,34.02,4,e37e1a68-0993-4322-972a-481d5d738267,IN-SERVICE,NON-LIQUID,34.0,
2026-08-13T06:25:00+08:00,COLLIE_ESR1,0.0,60.0,5,e37e1a68-0993-4322-972a-481d5d738267,IN-SERVICE,NON-LIQUID,59.96,
2026-08-13T06:25:00+08:00,COLLIE_ESR1,50.0,250.0,6,e37e1a68-0993-4322-972a-481d5d738267,IN-SERVICE,NON-LIQUID,249.85,
2026-08-13T06:25:00+08:00,COLLIE_ESR1,100.0,367.0,7,e37e1a68-0993-4322-972a-481d5d738267,IN-SERVICE,NON-LIQUID,366.78,
2026-08-13T06:25:00+08:00,COLLIE_ESR1,50.0,622.0,8,e37e1a68-0993-4322-972a-481d5d738267,IN-SERVICE,NON-LIQUID,621.63,
2026-08-13T06:25:00+08:00,COLLIE_ESR1,0.0,1191.45,9,e37e1a68-0993-4322-972a-481d5d738267,IN-SERVICE,NON-LIQUID,1190.74,
2026-08-13T06:25:00+08:00,COLLIE_ESR1,0.0,1200.0,10,e37e1a68-0993-4322-972a-481d5d738267,IN-SERVICE,NON-LIQUID,1199.28,
2026-08-13T06:25:00+08:00,KWINANA_ESR2,-225.0,114.06,1,2cd6661b-cc4e-423f-8ddb-6eb7a577cc10,IN-SERVICE,NOT APPLICABLE,113.95,0.0
2026-08-13T06:25:00+08:00,KWINANA_ESR2,225.0,129.06,2,2cd6661b-cc4e-423f-8ddb-6eb7a577cc10,IN-SERVICE,NOT APPLICABLE,128.93,0.0
2026-08-13T06:25:00+08:00,COLLIE_BESS2,0.0,-990.1,1,56c8dbc1-abf4-45f7-9def-e3fe321e2674,IN-SERVICE,NON-LIQUID,-1000.0,
2026-08-13T06:25:00+08:00,COLLIE_BESS2,-150.0,-42.46,2,56c8dbc1-abf4-45f7-9def-e3fe321e2674,IN-SERVICE,NON-LIQUID,-42.88,
2026-08-13T06:25:00+08:00,COLLIE_BESS2,-150.0,-10.0,3,56c8dbc1-abf4-45f7-9def-e3fe321e2674,IN-SERVICE,NON-LIQUID,-10.1,
2026-08-13T06:25:00+08:00,COLLIE_BESS2,0.0,34.02,4,56c8dbc1-abf4-45f7-9def-e3fe321e2674,IN-SERVICE,NON-LIQUID,34.36,
2026-08-13T06:25:00+08:00,COLLIE_BESS2,0.0,60.0,5,56c8dbc1-abf4-45f7-9def-e3fe321e2674,IN-SERVICE,NON-LIQUID,60.6,
2026-08-13T06:25:00+08:00,COLLIE_BESS2,75.0,250.0,6,56c8dbc1-abf4-45f7-9def-e3fe321e2674,IN-SERVICE,NON-LIQUID,252.5,
2026-08-13T06:25:00+08:00,COLLIE_BESS2,75.0,367.0,7,56c8dbc1-abf4-45f7-9def-e3fe321e2674,IN-SERVICE,NON-LIQUID,370.67,
2026-08-13T06:25:00+08:00,COLLIE_BESS2,150.0,622.0,8,56c8dbc1-abf4-45f7-9def-e3fe321e2674,IN-SERVICE,NON-LIQUID,628.22,
2026-08-13T06:25:00+08:00,COLLIE_BESS2,0.0,1188.12,9,56c8dbc1-abf4-45f7-9def-e3fe321e2674,IN-SERVICE,NON-LIQUID,1200.0,
2026-08-13T06:25:00+08:00,COLLIE_BESS2,0.0,1188.12,10,56c8dbc1-abf4-45f7-9def-e3fe321e2674,IN-SERVICE,NON-LIQUID,1200.0,
2026-08-13T06:25:00+08:00,COLLIE_ESR4,-250.0,113.77,1,1e2a2f7a-057b-4bad-b0cc-03cb59b82586,IN-SERVICE,NOT APPLICABLE,113.7,0.0
2026-08-13T06:25:00+08:00,COLLIE_ESR4,250.0,129.25,2,1e2a2f7a-057b-4bad-b0cc-03cb59b82586,IN-SERVICE,NOT APPLICABLE,129.17,0.0
2026-08-13T06:25:00+08:00,COLLIE_ESR5,-250.0,113.21,1,1bf3db55-8fd1-4954-ab56-09dc8638926e,IN-SERVICE,NOT APPLICABLE,113.14,0.0
2026-08-13T06:25:00+08:00,COLLIE_ESR5,250.0,129.14,2,1bf3db55-8fd1-4954-ab56-09dc8638926e,IN-SERVICE,NOT APPLICABLE,129.06,0.0
2026-08-13T06:30:00+08:00,KWINANA_ESR1,-100.0,121.85,1,fc6d5bc5-da1f-4360-b050-d9f3af1c0312,IN-SERVICE,NOT APPLICABLE,121.8,0.0
2026-08-13T06:30:00+08:00,KWINANA_ESR1,100.0,136.48,2,fc6d5bc5-da1f-4360-b050-d9f3af1c0312,IN-SERVICE,NOT APPLICABLE,136.43,0.0
2026-08-13T06:30:00+08:00,COLLIE_ESR1,0.0,-1000.0,1,a3d31db6-3474-4f35-8c09-490a703815f3,IN-SERVICE,NON-LIQUID,-999.4,
2026-08-13T06:30:00+08:00,COLLIE_ESR1,-100.0,-42.46,2,a3d31db6-3474-4f35-8c09-490a703815f3,IN-SERVICE,NON-LIQUID,-42.43,
2026-08-13T06:30:00+08:00,COLLIE_ESR1,-100.0,-10.0,3,a3d31db6-3474-4f35-8c09-490a703815f3,IN-SERVICE,NON-LIQUID,-9.99,
2026-08-13T06:30:00+08:00,COLLIE_ESR1,0.0,34.02,4,a3d31db6-3474-4f35-8c09-490a703815f3,IN-SERVICE,NON-LIQUID,34.0,
2026-08-13T06:30:00+08:00,COLLIE_ESR1,0.0,60.0,5,a3d31db6-3474-4f35-8c09-490a703815f3,IN-SERVICE,NON-LIQUID,59.96,
2026-08-13T06:30:00+08:00,COLLIE_ESR1,50.0,250.0,6,a3d31db6-3474-4f35-8c09-490a703815f3,IN-SERVICE,NON-LIQUID,249.85,
2026-08-13T06:30:00+08:00,COLLIE_ESR1,100.0,367.0,7,a3d31db6-3474-4f35-8c09-490a703815f3,IN-SERVICE,NON-LIQUID,366.78,
2026-08-13T06:30:00+08:00,COLLIE_ESR1,50.0,622.0,8,a3d31db6-3474-4f35-8c09-490a703815f3,IN-SERVICE,NON-LIQUID,621.63,
2026-08-13T06:30:00+08:00,COLLIE_ESR1,0.0,1191.21,9,a3d31db6-3474-4f35-8c09-490a703815f3,IN-SERVICE,NON-LIQUID,1190.5,
2026-08-13T06:30:00+08:00,COLLIE_ESR1,0.0,1200.0,10,a3d31db6-3474-4f35-8c09-490a703815f3,IN-SERVICE,NON-LIQUID,1199.28,
2026-08-13T06:30:00+08:00,KWINANA_ESR2,-225.0,114.06,1,2cd6661b-cc4e-423f-8ddb-6eb7a577cc10,IN-SERVICE,NOT APPLICABLE,113.95,0.0
2026-08-13T06:30:00+08:00,KWINANA_ESR2,225.0,129.06,2,2cd6661b-cc4e-423f-8ddb-6eb7a577cc10,IN-SERVICE,NOT APPLICABLE,128.93,0.0
2026-08-13T06:30:00+08:00,COLLIE_BESS2,0.0,-990.1,1,2de4c234-3b70-4ddc-a9a8-da09679bbf96,IN-SERVICE,NON-LIQUID,-1000.0,
2026-08-13T06:30:00+08:00,COLLIE_BESS2,-150.0,-42.46,2,2de4c234-3b70-4ddc-a9a8-da09679bbf96,IN-SERVICE,NON-LIQUID,-42.88,
2026-08-13T06:30:00+08:00,COLLIE_BESS2,-150.0,-10.0,3,2de4c234-3b70-4ddc-a9a8-da09679bbf96,IN-SERVICE,NON-LIQUID,-10.1,
2026-08-13T06:30:00+08:00,COLLIE_BESS2,0.0,34.02,4,2de4c234-3b70-4ddc-a9a8-da09679bbf96,IN-SERVICE,NON-LIQUID,34.36,
2026-08-13T06:30:00+08:00,COLLIE_BESS2,0.0,60.0,5,2de4c234-3b70-4ddc-a9a8-da09679bbf96,IN-SERVICE,NON-LIQUID,60.6,
2026-08-13T06:30:00+08:00,COLLIE_BESS2,75.0,250.0,6,2de4c234-3b70-4ddc-a9a8-da09679bbf96,IN-SERVICE,NON-LIQUID,252.5,
2026-08-13T06:30:00+08:00,COLLIE_BESS2,75.0,367.0,7,2de4c234-3b70-4ddc-a9a8-da09679bbf96,IN-SERVICE,NON-LIQUID,370.67,
2026-08-13T06:30:00+08:00,COLLIE_BESS2,150.0,622.0,8,2de4c234-3b70-4ddc-a9a8-da09679bbf96,IN-SERVICE,NON-LIQUID,628.22,
2026-08-13T06:30:00+08:00,COLLIE_BESS2,0.0,1188.12,9,2de4c234-3b70-4ddc-a9a8-da09679bbf96,IN-SERVICE,NON-LIQUID,1200.0,
2026-08-13T06:30:00+08:00,COLLIE_BESS2,0.0,1188.12,10,2de4c234-3b70-4ddc-a9a8-da09679bbf96,IN-SERVICE,NON-LIQUID,1200.0,
2026-08-13T06:30:00+08:00,COLLIE_ESR4,-250.0,113.77,1,1e2a2f7a-057b-4bad-b0cc-03cb59b82586,IN-SERVICE,NOT APPLICABLE,113.7,0.0
2026-08-13T06:30:00+08:00,COLLIE_ESR4,250.0,129.25,2,1e2a2f7a-057b-4bad-b0cc-03cb59b82586,IN-SERVICE,NOT APPLICABLE,129.17,0.0
2026-08-13T06:30:00+08:00,COLLIE_ESR5,-250.0,109.95,1,1bf3db55-8fd1-4954-ab56-09dc8638926e,IN-SERVICE,NOT APPLICABLE,109.88,0.0
2026-08-13T06:30:00+08:00,COLLIE_ESR5,250.0,129.14,2,1bf3db55-8fd1-4954-ab56-09dc8638926e,IN-SERVICE,NOT APPLICABLE,129.06,0.0
2026-08-13T06:35:00+08:00,KWINANA_ESR1,-100.0,132.6,1,f84d62f8-dab1-4e71-9cba-bc585e237c23,IN-SERVICE,NOT APPLICABLE,132.55,0.0
2026-08-13T06:35:00+08:00,KWINANA_ESR1,100.0,147.34,2,f84d62f8-dab1-4e71-9cba-bc585e237c23,IN-SERVICE,NOT APPLICABLE,147.28,0.0
2026-08-13T06:35:00+08:00,COLLIE_ESR1,0.0,-1000.0,1,11946baf-11df-4921-a20d-b27d6e7fe55f,IN-SERVICE,NON-LIQUID,-999.4,
2026-08-13T06:35:00+08:00,COLLIE_ESR1,-100.0,-42.46,2,11946baf-11df-4921-a20d-b27d6e7fe55f,IN-SERVICE,NON-LIQUID,-42.43,
2026-08-13T06:35:00+08:00,COLLIE_ESR1,-100.0,-10.0,3,11946baf-11df-4921-a20d-b27d6e7fe55f,IN-SERVICE,NON-LIQUID,-9.99,
2026-08-13T06:35:00+08:00,COLLIE_ESR1,0.0,34.02,4,11946baf-11df-4921-a20d-b27d6e7fe55f,IN-SERVICE,NON-LIQUID,34.0,
2026-08-13T06:35:00+08:00,COLLIE_ESR1,0.0,60.0,5,11946baf-11df-4921-a20d-b27d6e7fe55f,IN-SERVICE,NON-LIQUID,59.96,
2026-08-13T06:35:00+08:00,COLLIE_ESR1,50.0,250.0,6,11946baf-11df-4921-a20d-b27d6e7fe55f,IN-SERVICE,NON-LIQUID,249.85,
2026-08-13T06:35:00+08:00,COLLIE_ESR1,100.0,367.0,7,11946baf-11df-4921-a20d-b27d6e7fe55f,IN-SERVICE,NON-LIQUID,366.78,
2026-08-13T06:35:00+08:00,COLLIE_ESR1,50.0,622.0,8,11946baf-11df-4921-a20d-b27d6e7fe55f,IN-SERVICE,NON-LIQUID,621.63,
2026-08-13T06:35:00+08:00,COLLIE_ESR1,0.0,1191.21,9,11946baf-11df-4921-a20d-b27d6e7fe55f,IN-SERVICE,NON-LIQUID,1190.5,
2026-08-13T06:35:00+08:00,COLLIE_ESR1,0.0,1200.0,10,11946baf-11df-4921-a20d-b27d6e7fe55f,IN-SERVICE,NON-LIQUID,1199.28,
2026-08-13T06:35:00+08:00,KWINANA_ESR2,-225.0,133.35,1,48475e84-342f-442d-9365-671b3ccc9a8b,IN-SERVICE,NOT APPLICABLE,133.22,0.0
2026-08-13T06:35:00+08:00,KWINANA_ESR2,225.0,148.35,2,48475e84-342f-442d-9365-671b3ccc9a8b,IN-SERVICE,NOT APPLICABLE,148.2,0.0
2026-08-13T06:35:00+08:00,COLLIE_BESS2,0.0,-990.1,1,860ba330-8b20-4d28-9b2b-99342553b8de,IN-SERVICE,NON-LIQUID,-1000.0,
2026-08-13T06:35:00+08:00,COLLIE_BESS2,-150.0,-42.46,2,860ba330-8b20-4d28-9b2b-99342553b8de,IN-SERVICE,NON-LIQUID,-42.88,
2026-08-13T06:35:00+08:00,COLLIE_BESS2,-150.0,-10.0,3,860ba330-8b20-4d28-9b2b-99342553b8de,IN-SERVICE,NON-LIQUID,-10.1,
2026-08-13T06:35:00+08:00,COLLIE_BESS2,0.0,34.02,4,860ba330-8b20-4d28-9b2b-99342553b8de,IN-SERVICE,NON-LIQUID,34.36,
2026-08-13T06:35:00+08:00,COLLIE_BESS2,0.0,60.0,5,860ba330-8b20-4d28-9b2b-99342553b8de,IN-SERVICE,NON-LIQUID,60.6,
2026-08-13T06:35:00+08:00,COLLIE_BESS2,75.0,250.0,6,860ba330-8b20-4d28-9b2b-99342553b8de,IN-SERVICE,NON-LIQUID,252.5,
2026-08-13T06:35:00+08:00,COLLIE_BESS2,75.0,367.0,7,860ba330-8b20-4d28-9b2b-99342553b8de,IN-SERVICE,NON-LIQUID,370.67,
2026-08-13T06:35:00+08:00,COLLIE_BESS2,150.0,622.0,8,860ba330-8b20-4d28-9b2b-99342553b8de,IN-SERVICE,NON-LIQUID,628.22,
2026-08-13T06:35:00+08:00,COLLIE_BESS2,0.0,1188.12,9,860ba330-8b20-4d28-9b2b-99342553b8de,IN-SERVICE,NON-LIQUID,1200.0,
2026-08-13T06:35:00+08:00,COLLIE_BESS2,0.0,1188.12,10,860ba330-8b20-4d28-9b2b-99342553b8de,IN-SERVICE,NON-LIQUID,1200.0,
2026-08-13T06:35:00+08:00,COLLIE_ESR4,-250.0,133.05,1,187e57d6-64da-47e8-a26f-897b352f1b25,IN-SERVICE,NOT APPLICABLE,132.97,0.0
2026-08-13T06:35:00+08:00,COLLIE_ESR4,250.0,150.0,2,187e57d6-64da-47e8-a26f-897b352f1b25,IN-SERVICE,NOT APPLICABLE,149.91,0.0
2026-08-13T06:35:00+08:00,COLLIE_ESR5,-250.0,133.16,1,d3d6097f-8fbb-4435-ae7a-a2623d62b365,IN-SERVICE,NOT APPLICABLE,133.08,0.0
2026-08-13T06:35:00+08:00,COLLIE_ESR5,250.0,149.89,2,d3d6097f-8fbb-4435-ae7a-a2623d62b365,IN-SERVICE,NOT APPLICABLE,149.8,0.0
2026-08-13T06:40:00+08:00,KWINANA_ESR1,-100.0,132.6,1,f84d62f8-dab1-4e71-9cba-bc585e237c23,IN-SERVICE,NOT APPLICABLE,132.55,0.0
2026-08-13T06:40:00+08:00,KWINANA_ESR1,100.0,147.34,2,f84d62f8-dab1-4e71-9cba-bc585e237c23,IN-SERVICE,NOT APPLICABLE,147.28,0.0
2026-08-13T06:40:00+08:00,COLLIE_ESR1,0.0,-1000.0,1,31878340-261b-40b4-a0c4-c4c34c2e04a2,IN-SERVICE,NON-LIQUID,-999.4,
2026-08-13T06:40:00+08:00,COLLIE_ESR1,-100.0,-42.46,2,31878340-261b-40b4-a0c4-c4c34c2e04a2,IN-SERVICE,NON-LIQUID,-42.43,
2026-08-13T06:40:00+08:00,COLLIE_ESR1,-100.0,-10.0,3,31878340-261b-40b4-a0c4-c4c34c2e04a2,IN-SERVICE,NON-LIQUID,-9.99,
2026-08-13T06:40:00+08:00,COLLIE_ESR1,0.0,34.02,4,31878340-261b-40b4-a0c4-c4c34c2e04a2,IN-SERVICE,NON-LIQUID,34.0,
2026-08-13T06:40:00+08:00,COLLIE_ESR1,0.0,60.0,5,31878340-261b-40b4-a0c4-c4c34c2e04a2,IN-SERVICE,NON-LIQUID,59.96,
2026-08-13T06:40:00+08:00,COLLIE_ESR1,50.0,250.0,6,31878340-261b-40b4-a0c4-c4c34c2e04a2,IN-SERVICE,NON-LIQUID,249.85,
2026-08-13T06:40:00+08:00,COLLIE_ESR1,100.0,367.0,7,31878340-261b-40b4-a0c4-c4c34c2e04a2,IN-SERVICE,NON-LIQUID,366.78,
2026-08-13T06:40:00+08:00,COLLIE_ESR1,50.0,622.0,8,31878340-261b-40b4-a0c4-c4c34c2e04a2,IN-SERVICE,NON-LIQUID,621.63,
2026-08-13T06:40:00+08:00,COLLIE_ESR1,0.0,1191.21,9,31878340-261b-40b4-a0c4-c4c34c2e04a2,IN-SERVICE,NON-LIQUID,1190.5,
2026-08-13T06:40:00+08:00,COLLIE_ESR1,0.0,1200.0,10,31878340-261b-40b4-a0c4-c4c34c2e04a2,IN-SERVICE,NON-LIQUID,1199.28,
2026-08-13T06:40:00+08:00,KWINANA_ESR2,-225.0,133.35,1,48475e84-342f-442d-9365-671b3ccc9a8b,IN-SERVICE,NOT APPLICABLE,133.22,0.0
2026-08-13T06:40:00+08:00,KWINANA_ESR2,225.0,148.35,2,48475e84-342f-442d-9365-671b3ccc9a8b,IN-SERVICE,NOT APPLICABLE,148.2,0.0
2026-08-13T06:40:00+08:00,COLLIE_BESS2,0.0,-990.1,1,4c676bf5-5b5c-419f-8d7e-0deefb8d4358,IN-SERVICE,NON-LIQUID,-1000.0,
2026-08-13T06:40:00+08:00,COLLIE_BESS2,-150.0,-42.46,2,4c676bf5-5b5c-419f-8d7e-0deefb8d4358,IN-SERVICE,NON-LIQUID,-42.88,
2026-08-13T06:40:00+08:00,COLLIE_BESS2,-150.0,-10.0,3,4c676bf5-5b5c-419f-8d7e-0deefb8d4358,IN-SERVICE,NON-LIQUID,-10.1,
2026-08-13T06:40:00+08:00,COLLIE_BESS2,0.0,34.02,4,4c676bf5-5b5c-419f-8d7e-0deefb8d4358,IN-SERVICE,NON-LIQUID,34.36,
2026-08-13T06:40:00+08:00,COLLIE_BESS2,0.0,60.0,5,4c676bf5-5b5c-419f-8d7e-0deefb8d4358,IN-SERVICE,NON-LIQUID,60.6,
2026-08-13T06:40:00+08:00,COLLIE_BESS2,75.0,250.0,6,4c676bf5-5b5c-419f-8d7e-0deefb8d4358,IN-SERVICE,NON-LIQUID,252.5,
2026-08-13T06:40:00+08:00,COLLIE_BESS2,75.0,367.0,7,4c676bf5-5b5c-419f-8d7e-0deefb8d4358,IN-SERVICE,NON-LIQUID,370.67,
2026-08-13T06:40:00+08:00,COLLIE_BESS2,150.0,622.0,8,4c676bf5-5b5c-419f-8d7e-0deefb8d4358,IN-SERVICE,NON-LIQUID,628.22,
2026-08-13T06:40:00+08:00,COLLIE_BESS2,0.0,1188.12,9,4c676bf5-5b5c-419f-8d7e-0deefb8d4358,IN-SERVICE,NON-LIQUID,1200.0,
2026-08-13T06:40:00+08:00,COLLIE_BESS2,0.0,1188.12,10,4c676bf5-5b5c-419f-8d7e-0deefb8d4358,IN-SERVICE,NON-LIQUID,1200.0,
2026-08-13T06:40:00+08:00,COLLIE_ESR4,-250.0,133.05,1,187e57d6-64da-47e8-a26f-897b352f1b25,IN-SERVICE,NOT APPLICABLE,132.97,0.0
2026-08-13T06:40:00+08:00,COLLIE_ESR4,250.0,148.54,2,187e57d6-64da-47e8-a26f-897b352f1b25,IN-SERVICE,NOT APPLICABLE,148.45,0.0
2026-08-13T06:40:00+08:00,COLLIE_ESR5,-250.0,133.16,1,d3d6097f-8fbb-4435-ae7a-a2623d62b365,IN-SERVICE,NOT APPLICABLE,133.08,0.0
2026-08-13T06:40:00+08:00,COLLIE_ESR5,250.0,149.89,2,d3d6097f-8fbb-4435-ae7a-a2623d62b365,IN-SERVICE,NOT APPLICABLE,149.8,0.0
2026-08-13T06:45:00+08:00,KWINANA_ESR1,-100.0,134.86,1,f84d62f8-dab1-4e71-9cba-bc585e237c23,IN-SERVICE,NOT APPLICABLE,134.81,0.0
2026-08-13T06:45:00+08:00,KWINANA_ESR1,100.0,147.34,2,f84d62f8-dab1-4e71-9cba-bc585e237c23,IN-SERVICE,NOT APPLICABLE,147.28,0.0
2026-08-13T06:45:00+08:00,COLLIE_ESR1,0.0,-1000.0,1,4c8f041f-b4dc-4276-961a-27e213df46ed,IN-SERVICE,NON-LIQUID,-999.4,
2026-08-13T06:45:00+08:00,COLLIE_ESR1,-100.0,-42.46,2,4c8f041f-b4dc-4276-961a-27e213df46ed,IN-SERVICE,NON-LIQUID,-42.43,
2026-08-13T06:45:00+08:00,COLLIE_ESR1,-100.0,-10.0,3,4c8f041f-b4dc-4276-961a-27e213df46ed,IN-SERVICE,NON-LIQUID,-9.99,
2026-08-13T06:45:00+08:00,COLLIE_ESR1,0.0,34.02,4,4c8f041f-b4dc-4276-961a-27e213df46ed,IN-SERVICE,NON-LIQUID,34.0,
2026-08-13T06:45:00+08:00,COLLIE_ESR1,0.0,60.0,5,4c8f041f-b4dc-4276-961a-27e213df46ed,IN-SERVICE,NON-LIQUID,59.96,
2026-08-13T06:45:00+08:00,COLLIE_ESR1,100.0,133.04,6,4c8f041f-b4dc-4276-961a-27e213df46ed,IN-SERVICE,NON-LIQUID,132.96,
2026-08-13T06:45:00+08:00,COLLIE_ESR1,100.0,144.48,7,4c8f041f-b4dc-4276-961a-27e213df46ed,IN-SERVICE,NON-LIQUID,144.39,
2026-08-13T06:45:00+08:00,COLLIE_ESR1,0.0,1144.6,8,4c8f041f-b4dc-4276-961a-27e213df46ed,IN-SERVICE,NON-LIQUID,1143.91,
2026-08-13T06:45:00+08:00,COLLIE_ESR1,0.0,1191.21,9,4c8f041f-b4dc-4276-961a-27e213df46ed,IN-SERVICE,NON-LIQUID,1190.5,
2026-08-13T06:45:00+08:00,COLLIE_ESR1,0.0,1200.0,10,4c8f041f-b4dc-4276-961a-27e213df46ed,IN-SERVICE,NON-LIQUID,1199.28,
2026-08-13T06:45:00+08:00,KWINANA_ESR2,-225.0,134.81,1,48475e84-342f-442d-9365-671b3ccc9a8b,IN-SERVICE,NOT APPLICABLE,134.68,0.0
2026-08-13T06:45:00+08:00,KWINANA_ESR2,225.0,148.35,2,48475e84-342f-442d-9365-671b3ccc9a8b,IN-SERVICE,NOT APPLICABLE,148.2,0.0
2026-08-13T06:45:00+08:00,COLLIE_BESS2,0.0,-990.1,1,c487c474-b184-4e88-90fc-beeaec3a4be3,IN-SERVICE,NON-LIQUID,-1000.0,
2026-08-13T06:45:00+08:00,COLLIE_BESS2,-150.0,-42.46,2,c487c474-b184-4e88-90fc-beeaec3a4be3,IN-SERVICE,NON-LIQUID,-42.88,
2026-08-13T06:45:00+08:00,COLLIE_BESS2,-150.0,-10.0,3,c487c474-b184-4e88-90fc-beeaec3a4be3,IN-SERVICE,NON-LIQUID,-10.1,
2026-08-13T06:45:00+08:00,COLLIE_BESS2,0.0,60.0,4,c487c474-b184-4e88-90fc-beeaec3a4be3,IN-SERVICE,NON-LIQUID,60.6,
2026-08-13T06:45:00+08:00,COLLIE_BESS2,116.0,133.04,5,c487c474-b184-4e88-90fc-beeaec3a4be3,IN-SERVICE,NON-LIQUID,134.37,
2026-08-13T06:45:00+08:00,COLLIE_BESS2,115.0,144.48,6,c487c474-b184-4e88-90fc-beeaec3a4be3,IN-SERVICE,NON-LIQUID,145.92,
2026-08-13T06:45:00+08:00,COLLIE_BESS2,17.0,250.0,7,c487c474-b184-4e88-90fc-beeaec3a4be3,IN-SERVICE,NON-LIQUID,252.5,
2026-08-13T06:45:00+08:00,COLLIE_BESS2,17.0,367.0,8,c487c474-b184-4e88-90fc-beeaec3a4be3,IN-SERVICE,NON-LIQUID,370.67,
2026-08-13T06:45:00+08:00,COLLIE_BESS2,35.0,622.0,9,c487c474-b184-4e88-90fc-beeaec3a4be3,IN-SERVICE,NON-LIQUID,628.22,
2026-08-13T06:45:00+08:00,COLLIE_BESS2,0.0,1188.12,10,c487c474-b184-4e88-90fc-beeaec3a4be3,IN-SERVICE,NON-LIQUID,1200.0,
2026-08-13T06:45:00+08:00,COLLIE_ESR4,-250.0,133.05,1,187e57d6-64da-47e8-a26f-897b352f1b25,IN-SERVICE,NOT APPLICABLE,132.97,0.0
2026-08-13T06:45:00+08:00,COLLIE_ESR4,250.0,148.54,2,187e57d6-64da-47e8-a26f-897b352f1b25,IN-SERVICE,NOT APPLICABLE,148.45,0.0
2026-08-13T06:45:00+08:00,COLLIE_ESR5,-250.0,133.16,1,d3d6097f-8fbb-4435-ae7a-a2623d62b365,IN-SERVICE,NOT APPLICABLE,133.08,0.0
2026-08-13T06:45:00+08:00,COLLIE_ESR5,250.0,149.89,2,d3d6097f-8fbb-4435-ae7a-a2623d62b365,IN-SERVICE,NOT APPLICABLE,149.8,0.0
2026-08-13T06:50:00+08:00,KWINANA_ESR1,-100.0,142.49,1,09e98d73-2c3e-4a63-8def-09071042772b,IN-SERVICE,NOT APPLICABLE,142.43,0.0
2026-08-13T06:50:00+08:00,KWINANA_ESR1,100.0,157.23,2,09e98d73-2c3e-4a63-8def-09071042772b,IN-SERVICE,NOT APPLICABLE,157.17,0.0
2026-08-13T06:50:00+08:00,COLLIE_ESR1,0.0,-1000.0,1,afaa1514-e5d2-4637-8015-6293601741d7,IN-SERVICE,NON-LIQUID,-999.4,
2026-08-13T06:50:00+08:00,COLLIE_ESR1,-100.0,-42.46,2,afaa1514-e5d2-4637-8015-6293601741d7,IN-SERVICE,NON-LIQUID,-42.43,
2026-08-13T06:50:00+08:00,COLLIE_ESR1,-100.0,-10.0,3,afaa1514-e5d2-4637-8015-6293601741d7,IN-SERVICE,NON-LIQUID,-9.99,
2026-08-13T06:50:00+08:00,COLLIE_ESR1,0.0,34.02,4,afaa1514-e5d2-4637-8015-6293601741d7,IN-SERVICE,NON-LIQUID,34.0,
2026-08-13T06:50:00+08:00,COLLIE_ESR1,0.0,60.0,5,afaa1514-e5d2-4637-8015-6293601741d7,IN-SERVICE,NON-LIQUID,59.96,
2026-08-13T06:50:00+08:00,COLLIE_ESR1,100.0,128.96,6,afaa1514-e5d2-4637-8015-6293601741d7,IN-SERVICE,NON-LIQUID,128.88,
2026-08-13T06:50:00+08:00,COLLIE_ESR1,100.0,141.28,7,afaa1514-e5d2-4637-8015-6293601741d7,IN-SERVICE,NON-LIQUID,141.2,
2026-08-13T06:50:00+08:00,COLLIE_ESR1,0.0,1144.6,8,afaa1514-e5d2-4637-8015-6293601741d7,IN-SERVICE,NON-LIQUID,1143.91,
2026-08-13T06:50:00+08:00,COLLIE_ESR1,0.0,1191.21,9,afaa1514-e5d2-4637-8015-6293601741d7,IN-SERVICE,NON-LIQUID,1190.5,
2026-08-13T06:50:00+08:00,COLLIE_ESR1,0.0,1200.0,10,afaa1514-e5d2-4637-8015-6293601741d7,IN-SERVICE,NON-LIQUID,1199.28,
2026-08-13T06:50:00+08:00,KWINANA_ESR2,-225.0,141.1,1,08022ec9-6332-4eeb-8d6b-14e87b8f040f,IN-SERVICE,NOT APPLICABLE,140.96,0.0
2026-08-13T06:50:00+08:00,KWINANA_ESR2,225.0,156.1,2,08022ec9-6332-4eeb-8d6b-14e87b8f040f,IN-SERVICE,NOT APPLICABLE,155.94,0.0
2026-08-13T06:50:00+08:00,COLLIE_BESS2,0.0,-990.1,1,f2b13574-d95e-4527-8d4c-9e0a6c06ced4,IN-SERVICE,NON-LIQUID,-1000.0,
2026-08-13T06:50:00+08:00,COLLIE_BESS2,-150.0,-42.46,2,f2b13574-d95e-4527-8d4c-9e0a6c06ced4,IN-SERVICE,NON-LIQUID,-42.88,
2026-08-13T06:50:00+08:00,COLLIE_BESS2,-150.0,-10.0,3,f2b13574-d95e-4527-8d4c-9e0a6c06ced4,IN-SERVICE,NON-LIQUID,-10.1,
2026-08-13T06:50:00+08:00,COLLIE_BESS2,0.0,60.0,4,f2b13574-d95e-4527-8d4c-9e0a6c06ced4,IN-SERVICE,NON-LIQUID,60.6,
2026-08-13T06:50:00+08:00,COLLIE_BESS2,116.0,128.96,5,f2b13574-d95e-4527-8d4c-9e0a6c06ced4,IN-SERVICE,NON-LIQUID,130.25,
2026-08-13T06:50:00+08:00,COLLIE_BESS2,115.0,141.28,6,f2b13574-d95e-4527-8d4c-9e0a6c06ced4,IN-SERVICE,NON-LIQUID,142.69,
2026-08-13T06:50:00+08:00,COLLIE_BESS2,17.0,250.0,7,f2b13574-d95e-4527-8d4c-9e0a6c06ced4,IN-SERVICE,NON-LIQUID,252.5,
2026-08-13T06:50:00+08:00,COLLIE_BESS2,17.0,367.0,8,f2b13574-d95e-4527-8d4c-9e0a6c06ced4,IN-SERVICE,NON-LIQUID,370.67,
2026-08-13T06:50:00+08:00,COLLIE_BESS2,35.0,622.0,9,f2b13574-d95e-4527-8d4c-9e0a6c06ced4,IN-SERVICE,NON-LIQUID,628.22,
2026-08-13T06:50:00+08:00,COLLIE_BESS2,0.0,1188.12,10,f2b13574-d95e-4527-8d4c-9e0a6c06ced4,IN-SERVICE,NON-LIQUID,1200.0,
2026-08-13T06:50:00+08:00,COLLIE_ESR4,-250.0,134.51,1,19faa61f-949f-4c76-afbe-b26d485a1aaf,IN-SERVICE,NOT APPLICABLE,134.43,0.0
2026-08-13T06:50:00+08:00,COLLIE_ESR4,250.0,150.0,2,19faa61f-949f-4c76-afbe-b26d485a1aaf,IN-SERVICE,NOT APPLICABLE,149.91,0.0
2026-08-13T06:50:00+08:00,COLLIE_ESR5,-250.0,134.62,1,8675fb4e-f52e-4b45-9b67-b2dbaad2bd6b,IN-SERVICE,NOT APPLICABLE,134.54,0.0
2026-08-13T06:50:00+08:00,COLLIE_ESR5,250.0,156.17,2,8675fb4e-f52e-4b45-9b67-b2dbaad2bd6b,IN-SERVICE,NOT APPLICABLE,156.08,0.0
2026-08-13T06:55:00+08:00,KWINANA_ESR1,-100.0,143.74,1,09e98d73-2c3e-4a63-8def-09071042772b,IN-SERVICE,NOT APPLICABLE,143.68,0.0
2026-08-13T06:55:00+08:00,KWINANA_ESR1,100.0,157.23,2,09e98d73-2c3e-4a63-8def-09071042772b,IN-SERVICE,NOT APPLICABLE,157.17,0.0
2026-08-13T06:55:00+08:00,COLLIE_ESR1,0.0,-1000.0,1,894fb608-120f-44ed-a57e-736499eb44b2,IN-SERVICE,NON-LIQUID,-999.4,
2026-08-13T06:55:00+08:00,COLLIE_ESR1,-100.0,-42.46,2,894fb608-120f-44ed-a57e-736499eb44b2,IN-SERVICE,NON-LIQUID,-42.43,
2026-08-13T06:55:00+08:00,COLLIE_ESR1,-100.0,-10.0,3,894fb608-120f-44ed-a57e-736499eb44b2,IN-SERVICE,NON-LIQUID,-9.99,
2026-08-13T06:55:00+08:00,COLLIE_ESR1,0.0,34.02,4,894fb608-120f-44ed-a57e-736499eb44b2,IN-SERVICE,NON-LIQUID,34.0,
2026-08-13T06:55:00+08:00,COLLIE_ESR1,0.0,60.0,5,894fb608-120f-44ed-a57e-736499eb44b2,IN-SERVICE,NON-LIQUID,59.96,
2026-08-13T06:55:00+08:00,COLLIE_ESR1,100.0,130.48,6,894fb608-120f-44ed-a57e-736499eb44b2,IN-SERVICE,NON-LIQUID,130.4,
2026-08-13T06:55:00+08:00,COLLIE_ESR1,100.0,141.02,7,894fb608-120f-44ed-a57e-736499eb44b2,IN-SERVICE,NON-LIQUID,140.94,
2026-08-13T06:55:00+08:00,COLLIE_ESR1,0.0,1144.6,8,894fb608-120f-44ed-a57e-736499eb44b2,IN-SERVICE,NON-LIQUID,1143.91,
2026-08-13T06:55:00+08:00,COLLIE_ESR1,0.0,1191.21,9,894fb608-120f-44ed-a57e-736499eb44b2,IN-SERVICE,NON-LIQUID,1190.5,
2026-08-13T06:55:00+08:00,COLLIE_ESR1,0.0,1200.0,10,894fb608-120f-44ed-a57e-736499eb44b2,IN-SERVICE,NON-LIQUID,1199.28,
2026-08-13T06:55:00+08:00,KWINANA_ESR2,-225.0,141.1,1,08022ec9-6332-4eeb-8d6b-14e87b8f040f,IN-SERVICE,NOT APPLICABLE,140.96,0.0
2026-08-13T06:55:00+08:00,KWINANA_ESR2,225.0,156.1,2,08022ec9-6332-4eeb-8d6b-14e87b8f040f,IN-SERVICE,NOT APPLICABLE,155.94,0.0
2026-08-13T06:55:00+08:00,COLLIE_BESS2,0.0,-990.1,1,a3ddf86e-5dab-4998-9698-cd89834827fb,IN-SERVICE,NON-LIQUID,-1000.0,
2026-08-13T06:55:00+08:00,COLLIE_BESS2,-150.0,-42.46,2,a3ddf86e-5dab-4998-9698-cd89834827fb,IN-SERVICE,NON-LIQUID,-42.88,
2026-08-13T06:55:00+08:00,COLLIE_BESS2,-150.0,-10.0,3,a3ddf86e-5dab-4998-9698-cd89834827fb,IN-SERVICE,NON-LIQUID,-10.1,
2026-08-13T06:55:00+08:00,COLLIE_BESS2,0.0,60.0,4,a3ddf86e-5dab-4998-9698-cd89834827fb,IN-SERVICE,NON-LIQUID,60.6,
2026-08-13T06:55:00+08:00,COLLIE_BESS2,125.0,130.48,5,a3ddf86e-5dab-4998-9698-cd89834827fb,IN-SERVICE,NON-LIQUID,131.78,
2026-08-13T06:55:00+08:00,COLLIE_BESS2,125.0,141.02,6,a3ddf86e-5dab-4998-9698-cd89834827fb,IN-SERVICE,NON-LIQUID,142.43,
2026-08-13T06:55:00+08:00,COLLIE_BESS2,12.0,250.0,7,a3ddf86e-5dab-4998-9698-cd89834827fb,IN-SERVICE,NON-LIQUID,252.5,
2026-08-13T06:55:00+08:00,COLLIE_BESS2,12.0,367.0,8,a3ddf86e-5dab-4998-9698-cd89834827fb,IN-SERVICE,NON-LIQUID,370.67,
2026-08-13T06:55:00+08:00,COLLIE_BESS2,26.0,622.0,9,a3ddf86e-5dab-4998-9698-cd89834827fb,IN-SERVICE,NON-LIQUID,628.22,
2026-08-13T06:55:00+08:00,COLLIE_BESS2,0.0,1188.12,10,a3ddf86e-5dab-4998-9698-cd89834827fb,IN-SERVICE,NON-LIQUID,1200.0,
2026-08-13T06:55:00+08:00,COLLIE_ESR4,-250.0,134.51,1,19faa61f-949f-4c76-afbe-b26d485a1aaf,IN-SERVICE,NOT APPLICABLE,134.43,0.0
2026-08-13T06:55:00+08:00,COLLIE_ESR4,250.0,150.0,2,19faa61f-949f-4c76-afbe-b26d485a1aaf,IN-SERVICE,NOT APPLICABLE,149.91,0.0
2026-08-13T06:55:00+08:00,COLLIE_ESR5,-250.0,134.62,1,8675fb4e-f52e-4b45-9b67-b2dbaad2bd6b,IN-SERVICE,NOT APPLICABLE,134.54,0.0
2026-08-13T06:55:00+08:00,COLLIE_ESR5,250.0,149.89,2,8675fb4e-f52e-4b45-9b67-b2dbaad2bd6b,IN-SERVICE,NOT APPLICABLE,149.8,0.0
2026-08-13T07:00:00+08:00,KWINANA_ESR1,-100.0,143.74,1,09e98d73-2c3e-4a63-8def-09071042772b,IN-SERVICE,NOT APPLICABLE,143.68,0.0
2026-08-13T07:00:00+08:00,KWINANA_ESR1,100.0,158.48,2,09e98d73-2c3e-4a63-8def-09071042772b,IN-SERVICE,NOT APPLICABLE,158.42,0.0
2026-08-13T07:00:00+08:00,COLLIE_ESR1,0.0,-1000.0,1,166dc147-ed37-49f4-b7dd-a48c0f81ef71,IN-SERVICE,NON-LIQUID,-999.4,
2026-08-13T07:00:00+08:00,COLLIE_ESR1,-100.0,-42.46,2,166dc147-ed37-49f4-b7dd-a48c0f81ef71,IN-SERVICE,NON-LIQUID,-42.43,
2026-08-13T07:00:00+08:00,COLLIE_ESR1,-100.0,-10.0,3,166dc147-ed37-49f4-b7dd-a48c0f81ef71,IN-SERVICE,NON-LIQUID,-9.99,
2026-08-13T07:00:00+08:00,COLLIE_ESR1,0.0,34.02,4,166dc147-ed37-49f4-b7dd-a48c0f81ef71,IN-SERVICE,NON-LIQUID,34.0,
2026-08-13T07:00:00+08:00,COLLIE_ESR1,0.0,60.0,5,166dc147-ed37-49f4-b7dd-a48c0f81ef71,IN-SERVICE,NON-LIQUID,59.96,
2026-08-13T07:00:00+08:00,COLLIE_ESR1,100.0,134.51,6,166dc147-ed37-49f4-b7dd-a48c0f81ef71,IN-SERVICE,NON-LIQUID,134.43,
2026-08-13T07:00:00+08:00,COLLIE_ESR1,100.0,147.18,7,166dc147-ed37-49f4-b7dd-a48c0f81ef71,IN-SERVICE,NON-LIQUID,147.09,
2026-08-13T07:00:00+08:00,COLLIE_ESR1,0.0,1151.9,8,166dc147-ed37-49f4-b7dd-a48c0f81ef71,IN-SERVICE,NON-LIQUID,1151.21,
2026-08-13T07:00:00+08:00,COLLIE_ESR1,0.0,1155.94,9,166dc147-ed37-49f4-b7dd-a48c0f81ef71,IN-SERVICE,NON-LIQUID,1155.25,
2026-08-13T07:00:00+08:00,COLLIE_ESR1,0.0,1200.0,10,166dc147-ed37-49f4-b7dd-a48c0f81ef71,IN-SERVICE,NON-LIQUID,1199.28,
2026-08-13T07:00:00+08:00,KWINANA_ESR2,-225.0,141.1,1,08022ec9-6332-4eeb-8d6b-14e87b8f040f,IN-SERVICE,NOT APPLICABLE,140.96,0.0
2026-08-13T07:00:00+08:00,KWINANA_ESR2,225.0,156.1,2,08022ec9-6332-4eeb-8d6b-14e87b8f040f,IN-SERVICE,NOT APPLICABLE,155.94,0.0
2026-08-13T07:00:00+08:00,COLLIE_BESS2,0.0,-990.1,1,8eb62bbf-ac5d-48a0-bc2a-b9b3aac783ae,IN-SERVICE,NON-LIQUID,-1000.0,
2026-08-13T07:00:00+08:00,COLLIE_BESS2,-150.0,-42.46,2,8eb62bbf-ac5d-48a0-bc2a-b9b3aac783ae,IN-SERVICE,NON-LIQUID,-42.88,
2026-08-13T07:00:00+08:00,COLLIE_BESS2,-150.0,-10.0,3,8eb62bbf-ac5d-48a0-bc2a-b9b3aac783ae,IN-SERVICE,NON-LIQUID,-10.1,
2026-08-13T07:00:00+08:00,COLLIE_BESS2,0.0,60.0,4,8eb62bbf-ac5d-48a0-bc2a-b9b3aac783ae,IN-SERVICE,NON-LIQUID,60.6,
2026-08-13T07:00:00+08:00,COLLIE_BESS2,116.0,134.51,5,8eb62bbf-ac5d-48a0-bc2a-b9b3aac783ae,IN-SERVICE,NON-LIQUID,135.85,
2026-08-13T07:00:00+08:00,COLLIE_BESS2,115.0,147.18,6,8eb62bbf-ac5d-48a0-bc2a-b9b3aac783ae,IN-SERVICE,NON-LIQUID,148.65,
2026-08-13T07:00:00+08:00,COLLIE_BESS2,17.0,250.0,7,8eb62bbf-ac5d-48a0-bc2a-b9b3aac783ae,IN-SERVICE,NON-LIQUID,252.5,
2026-08-13T07:00:00+08:00,COLLIE_BESS2,17.0,367.0,8,8eb62bbf-ac5d-48a0-bc2a-b9b3aac783ae,IN-SERVICE,NON-LIQUID,370.67,
2026-08-13T07:00:00+08:00,COLLIE_BESS2,35.0,622.0,9,8eb62bbf-ac5d-48a0-bc2a-b9b3aac783ae,IN-SERVICE,NON-LIQUID,628.22,
2026-08-13T07:00:00+08:00,COLLIE_BESS2,0.0,1188.12,10,8eb62bbf-ac5d-48a0-bc2a-b9b3aac783ae,IN-SERVICE,NON-LIQUID,1200.0,
2026-08-13T07:00:00+08:00,COLLIE_ESR4,-250.0,134.51,1,19faa61f-949f-4c76-afbe-b26d485a1aaf,IN-SERVICE,NOT APPLICABLE,134.43,0.0
2026-08-13T07:00:00+08:00,COLLIE_ESR4,250.0,150.0,2,19faa61f-949f-4c76-afbe-b26d485a1aaf,IN-SERVICE,NOT APPLICABLE,149.91,0.0
2026-08-13T07:00:00+08:00,COLLIE_ESR5,-250.0,134.62,1,8675fb4e-f52e-4b45-9b67-b2dbaad2bd6b,IN-SERVICE,NOT APPLICABLE,134.54,0.0
2026-08-13T07:00:00+08:00,COLLIE_ESR5,250.0,149.89,2,8675fb4e-f52e-4b45-9b67-b2dbaad2bd6b,IN-SERVICE,NOT APPLICABLE,149.8,0.0
2026-08-13T07:05:00+08:00,KWINANA_ESR1,-100.0,142.35,1,aebaf1d7-a6cc-4628-854f-07e10a68eef0,IN-SERVICE,NOT APPLICABLE,142.29,0.0
2026-08-13T07:05:00+08:00,KWINANA_ESR1,100.0,157.09,2,aebaf1d7-a6cc-4628-854f-07e10a68eef0,IN-SERVICE,NOT APPLICABLE,157.03,0.0
2026-08-13T07:05:00+08:00,COLLIE_ESR1,0.0,-1000.0,1,b3846d5f-ad78-4003-9b05-763b469730ac,IN-SERVICE,NON-LIQUID,-999.4,
2026-08-13T07:05:00+08:00,COLLIE_ESR1,-100.0,-42.46,2,b3846d5f-ad78-4003-9b05-763b469730ac,IN-SERVICE,NON-LIQUID,-42.43,
2026-08-13T07:05:00+08:00,COLLIE_ESR1,-100.0,-10.0,3,b3846d5f-ad78-4003-9b05-763b469730ac,IN-SERVICE,NON-LIQUID,-9.99,
2026-08-13T07:05:00+08:00,COLLIE_ESR1,0.0,34.02,4,b3846d5f-ad78-4003-9b05-763b469730ac,IN-SERVICE,NON-LIQUID,34.0,
2026-08-13T07:05:00+08:00,COLLIE_ESR1,0.0,60.0,5,b3846d5f-ad78-4003-9b05-763b469730ac,IN-SERVICE,NON-LIQUID,59.96,
2026-08-13T07:05:00+08:00,COLLIE_ESR1,100.0,133.04,6,b3846d5f-ad78-4003-9b05-763b469730ac,IN-SERVICE,NON-LIQUID,132.96,
2026-08-13T07:05:00+08:00,COLLIE_ESR1,100.0,146.48,7,b3846d5f-ad78-4003-9b05-763b469730ac,IN-SERVICE,NON-LIQUID,146.39,
2026-08-13T07:05:00+08:00,COLLIE_ESR1,0.0,1151.9,8,b3846d5f-ad78-4003-9b05-763b469730ac,IN-SERVICE,NON-LIQUID,1151.21,
2026-08-13T07:05:00+08:00,COLLIE_ESR1,0.0,1155.94,9,b3846d5f-ad78-4003-9b05-763b469730ac,IN-SERVICE,NON-LIQUID,1155.25,
2026-08-13T07:05:00+08:00,COLLIE_ESR1,0.0,1200.0,10,b3846d5f-ad78-4003-9b05-763b469730ac,IN-SERVICE,NON-LIQUID,1199.28,
2026-08-13T07:05:00+08:00,KWINANA_ESR2,-225.0,142.31,1,ed798dad-8c15-4cf7-b067-ba02057715d8,IN-SERVICE,NOT APPLICABLE,142.17,0.0
2026-08-13T07:05:00+08:00,KWINANA_ESR2,225.0,157.31,2,ed798dad-8c15-4cf7-b067-ba02057715d8,IN-SERVICE,NOT APPLICABLE,157.15,0.0
2026-08-13T07:05:00+08:00,COLLIE_BESS2,0.0,-990.1,1,52ef7998-a1e9-4685-aa82-45d59b6c32e6,IN-SERVICE,NON-LIQUID,-1000.0,
2026-08-13T07:05:00+08:00,COLLIE_BESS2,-150.0,-42.46,2,52ef7998-a1e9-4685-aa82-45d59b6c32e6,IN-SERVICE,NON-LIQUID,-42.88,
2026-08-13T07:05:00+08:00,COLLIE_BESS2,-150.0,-10.0,3,52ef7998-a1e9-4685-aa82-45d59b6c32e6,IN-SERVICE,NON-LIQUID,-10.1,
2026-08-13T07:05:00+08:00,COLLIE_BESS2,0.0,60.0,4,52ef7998-a1e9-4685-aa82-45d59b6c32e6,IN-SERVICE,NON-LIQUID,60.6,
2026-08-13T07:05:00+08:00,COLLIE_BESS2,112.0,133.04,5,52ef7998-a1e9-4685-aa82-45d59b6c32e6,IN-SERVICE,NON-LIQUID,134.37,
2026-08-13T07:05:00+08:00,COLLIE_BESS2,111.0,146.48,6,52ef7998-a1e9-4685-aa82-45d59b6c32e6,IN-SERVICE,NON-LIQUID,147.94,
2026-08-13T07:05:00+08:00,COLLIE_BESS2,19.0,250.0,7,52ef7998-a1e9-4685-aa82-45d59b6c32e6,IN-SERVICE,NON-LIQUID,252.5,
2026-08-13T07:05:00+08:00,COLLIE_BESS2,19.0,367.0,8,52ef7998-a1e9-4685-aa82-45d59b6c32e6,IN-SERVICE,NON-LIQUID,370.67,
2026-08-13T07:05:00+08:00,COLLIE_BESS2,39.0,622.0,9,52ef7998-a1e9-4685-aa82-45d59b6c32e6,IN-SERVICE,NON-LIQUID,628.22,
2026-08-13T07:05:00+08:00,COLLIE_BESS2,0.0,1188.12,10,52ef7998-a1e9-4685-aa82-45d59b6c32e6,IN-SERVICE,NON-LIQUID,1200.0,
2026-08-13T07:05:00+08:00,COLLIE_ESR4,-250.0,140.69,1,997195ae-422c-4682-b035-c6dc0f963ac5,IN-SERVICE,NOT APPLICABLE,140.61,0.0
2026-08-13T07:05:00+08:00,COLLIE_ESR4,250.0,157.49,2,997195ae-422c-4682-b035-c6dc0f963ac5,IN-SERVICE,NOT APPLICABLE,157.4,0.0
2026-08-13T07:05:00+08:00,COLLIE_ESR5,-250.0,140.8,1,2588ab6b-543e-4084-ab0f-2eb477a23685,IN-SERVICE,NOT APPLICABLE,140.72,0.0
2026-08-13T07:05:00+08:00,COLLIE_ESR5,250.0,156.06,2,2588ab6b-543e-4084-ab0f-2eb477a23685,IN-SERVICE,NOT APPLICABLE,155.97,0.0
2026-08-13T07:10:00+08:00,KWINANA_ESR1,-100.0,142.35,1,aebaf1d7-a6cc-4628-854f-07e10a68eef0,IN-SERVICE,NOT APPLICABLE,142.29,0.0
2026-08-13T07:10:00+08:00,KWINANA_ESR1,100.0,157.09,2,aebaf1d7-a6cc-4628-854f-07e10a68eef0,IN-SERVICE,NOT APPLICABLE,157.03,0.0
2026-08-13T07:10:00+08:00,COLLIE_ESR1,0.0,-1000.0,1,6ed30fec-8671-46a9-b7d4-37a4c5969ba4,IN-SERVICE,NON-LIQUID,-999.4,
2026-08-13T07:10:00+08:00,COLLIE_ESR1,-100.0,-42.46,2,6ed30fec-8671-46a9-b7d4-37a4c5969ba4,IN-SERVICE,NON-LIQUID,-42.43,
2026-08-13T07:10:00+08:00,COLLIE_ESR1,-100.0,-10.0,3,6ed30fec-8671-46a9-b7d4-37a4c5969ba4,IN-SERVICE,NON-LIQUID,-9.99,
2026-08-13T07:10:00+08:00,COLLIE_ESR1,0.0,34.02,4,6ed30fec-8671-46a9-b7d4-37a4c5969ba4,IN-SERVICE,NON-LIQUID,34.0,
2026-08-13T07:10:00+08:00,COLLIE_ESR1,0.0,60.0,5,6ed30fec-8671-46a9-b7d4-37a4c5969ba4,IN-SERVICE,NON-LIQUID,59.96,
2026-08-13T07:10:00+08:00,COLLIE_ESR1,100.0,132.62,6,6ed30fec-8671-46a9-b7d4-37a4c5969ba4,IN-SERVICE,NON-LIQUID,132.54,
2026-08-13T07:10:00+08:00,COLLIE_ESR1,100.0,144.68,7,6ed30fec-8671-46a9-b7d4-37a4c5969ba4,IN-SERVICE,NON-LIQUID,144.59,
2026-08-13T07:10:00+08:00,COLLIE_ESR1,0.0,1136.67,8,6ed30fec-8671-46a9-b7d4-37a4c5969ba4,IN-SERVICE,NON-LIQUID,1135.99,
2026-08-13T07:10:00+08:00,COLLIE_ESR1,0.0,1155.94,9,6ed30fec-8671-46a9-b7d4-37a4c5969ba4,IN-SERVICE,NON-LIQUID,1155.25,
2026-08-13T07:10:00+08:00,COLLIE_ESR1,0.0,1200.0,10,6ed30fec-8671-46a9-b7d4-37a4c5969ba4,IN-SERVICE,NON-LIQUID,1199.28,
2026-08-13T07:10:00+08:00,KWINANA_ESR2,-225.0,142.19,1,ed798dad-8c15-4cf7-b067-ba02057715d8,IN-SERVICE,NOT APPLICABLE,142.05,0.0
2026-08-13T07:10:00+08:00,KWINANA_ESR2,225.0,157.31,2,ed798dad-8c15-4cf7-b067-ba02057715d8,IN-SERVICE,NOT APPLICABLE,157.15,0.0
2026-08-13T07:10:00+08:00,COLLIE_BESS2,0.0,-990.1,1,6886437c-c508-44b1-8a99-90ad56a74d61,IN-SERVICE,NON-LIQUID,-1000.0,
2026-08-13T07:10:00+08:00,COLLIE_BESS2,-150.0,-42.46,2,6886437c-c508-44b1-8a99-90ad56a74d61,IN-SERVICE,NON-LIQUID,-42.88,
2026-08-13T07:10:00+08:00,COLLIE_BESS2,-150.0,-10.0,3,6886437c-c508-44b1-8a99-90ad56a74d61,IN-SERVICE,NON-LIQUID,-10.1,
2026-08-13T07:10:00+08:00,COLLIE_BESS2,0.0,60.0,4,6886437c-c508-44b1-8a99-90ad56a74d61,IN-SERVICE,NON-LIQUID,60.6,
2026-08-13T07:10:00+08:00,COLLIE_BESS2,112.0,132.62,5,6886437c-c508-44b1-8a99-90ad56a74d61,IN-SERVICE,NON-LIQUID,133.95,
2026-08-13T07:10:00+08:00,COLLIE_BESS2,111.0,144.68,6,6886437c-c508-44b1-8a99-90ad56a74d61,IN-SERVICE,NON-LIQUID,146.13,
2026-08-13T07:10:00+08:00,COLLIE_BESS2,19.0,250.0,7,6886437c-c508-44b1-8a99-90ad56a74d61,IN-SERVICE,NON-LIQUID,252.5,
2026-08-13T07:10:00+08:00,COLLIE_BESS2,19.0,367.0,8,6886437c-c508-44b1-8a99-90ad56a74d61,IN-SERVICE,NON-LIQUID,370.67,
2026-08-13T07:10:00+08:00,COLLIE_BESS2,39.0,622.0,9,6886437c-c508-44b1-8a99-90ad56a74d61,IN-SERVICE,NON-LIQUID,628.22,
2026-08-13T07:10:00+08:00,COLLIE_BESS2,0.0,1188.12,10,6886437c-c508-44b1-8a99-90ad56a74d61,IN-SERVICE,NON-LIQUID,1200.0,
2026-08-13T07:10:00+08:00,COLLIE_ESR4,-250.0,140.69,1,997195ae-422c-4682-b035-c6dc0f963ac5,IN-SERVICE,NOT APPLICABLE,140.61,0.0
2026-08-13T07:10:00+08:00,COLLIE_ESR4,250.0,157.37,2,997195ae-422c-4682-b035-c6dc0f963ac5,IN-SERVICE,NOT APPLICABLE,157.28,0.0
2026-08-13T07:10:00+08:00,COLLIE_ESR5,-250.0,140.8,1,2588ab6b-543e-4084-ab0f-2eb477a23685,IN-SERVICE,NOT APPLICABLE,140.72,0.0
2026-08-13T07:10:00+08:00,COLLIE_ESR5,250.0,156.06,2,2588ab6b-543e-4084-ab0f-2eb477a23685,IN-SERVICE,NOT APPLICABLE,155.97,0.0
2026-08-13T07:15:00+08:00,KWINANA_ESR1,-100.0,142.35,1,aebaf1d7-a6cc-4628-854f-07e10a68eef0,IN-SERVICE,NOT APPLICABLE,142.29,0.0
2026-08-13T07:15:00+08:00,KWINANA_ESR1,100.0,157.09,2,aebaf1d7-a6cc-4628-854f-07e10a68eef0,IN-SERVICE,NOT APPLICABLE,157.03,0.0
2026-08-13T07:15:00+08:00,COLLIE_ESR1,0.0,-1000.0,1,5525c17a-3c93-4c8b-a170-26889276232f,IN-SERVICE,NON-LIQUID,-999.4,
2026-08-13T07:15:00+08:00,COLLIE_ESR1,-100.0,-42.46,2,5525c17a-3c93-4c8b-a170-26889276232f,IN-SERVICE,NON-LIQUID,-42.43,
2026-08-13T07:15:00+08:00,COLLIE_ESR1,-100.0,-10.0,3,5525c17a-3c93-4c8b-a170-26889276232f,IN-SERVICE,NON-LIQUID,-9.99,
2026-08-13T07:15:00+08:00,COLLIE_ESR1,0.0,34.02,4,5525c17a-3c93-4c8b-a170-26889276232f,IN-SERVICE,NON-LIQUID,34.0,
2026-08-13T07:15:00+08:00,COLLIE_ESR1,0.0,60.0,5,5525c17a-3c93-4c8b-a170-26889276232f,IN-SERVICE,NON-LIQUID,59.96,
2026-08-13T07:15:00+08:00,COLLIE_ESR1,100.0,133.04,6,5525c17a-3c93-4c8b-a170-26889276232f,IN-SERVICE,NON-LIQUID,132.96,
2026-08-13T07:15:00+08:00,COLLIE_ESR1,100.0,145.28,7,5525c17a-3c93-4c8b-a170-26889276232f,IN-SERVICE,NON-LIQUID,145.19,
2026-08-13T07:15:00+08:00,COLLIE_ESR1,0.0,1151.9,8,5525c17a-3c93-4c8b-a170-26889276232f,IN-SERVICE,NON-LIQUID,1151.21,
2026-08-13T07:15:00+08:00,COLLIE_ESR1,0.0,1155.94,9,5525c17a-3c93-4c8b-a170-26889276232f,IN-SERVICE,NON-LIQUID,1155.25,
2026-08-13T07:15:00+08:00,COLLIE_ESR1,0.0,1200.0,10,5525c17a-3c93-4c8b-a170-26889276232f,IN-SERVICE,NON-LIQUID,1199.28,
2026-08-13T07:15:00+08:00,KWINANA_ESR2,-225.0,142.19,1,ed798dad-8c15-4cf7-b067-ba02057715d8,IN-SERVICE,NOT APPLICABLE,142.05,0.0
2026-08-13T07:15:00+08:00,KWINANA_ESR2,225.0,157.19,2,ed798dad-8c15-4cf7-b067-ba02057715d8,IN-SERVICE,NOT APPLICABLE,157.03,0.0
2026-08-13T07:15:00+08:00,COLLIE_BESS2,0.0,-990.1,1,5687749f-7f3f-4990-a09c-8b33b8bca9e1,IN-SERVICE,NON-LIQUID,-1000.0,
2026-08-13T07:15:00+08:00,COLLIE_BESS2,-150.0,-42.46,2,5687749f-7f3f-4990-a09c-8b33b8bca9e1,IN-SERVICE,NON-LIQUID,-42.88,
2026-08-13T07:15:00+08:00,COLLIE_BESS2,-150.0,-10.0,3,5687749f-7f3f-4990-a09c-8b33b8bca9e1,IN-SERVICE,NON-LIQUID,-10.1,
2026-08-13T07:15:00+08:00,COLLIE_BESS2,0.0,60.0,4,5687749f-7f3f-4990-a09c-8b33b8bca9e1,IN-SERVICE,NON-LIQUID,60.6,
2026-08-13T07:15:00+08:00,COLLIE_BESS2,112.0,133.04,5,5687749f-7f3f-4990-a09c-8b33b8bca9e1,IN-SERVICE,NON-LIQUID,134.37,
2026-08-13T07:15:00+08:00,COLLIE_BESS2,111.0,145.28,6,5687749f-7f3f-4990-a09c-8b33b8bca9e1,IN-SERVICE,NON-LIQUID,146.73,
2026-08-13T07:15:00+08:00,COLLIE_BESS2,19.0,250.0,7,5687749f-7f3f-4990-a09c-8b33b8bca9e1,IN-SERVICE,NON-LIQUID,252.5,
2026-08-13T07:15:00+08:00,COLLIE_BESS2,19.0,367.0,8,5687749f-7f3f-4990-a09c-8b33b8bca9e1,IN-SERVICE,NON-LIQUID,370.67,
2026-08-13T07:15:00+08:00,COLLIE_BESS2,39.0,622.0,9,5687749f-7f3f-4990-a09c-8b33b8bca9e1,IN-SERVICE,NON-LIQUID,628.22,
2026-08-13T07:15:00+08:00,COLLIE_BESS2,0.0,1188.12,10,5687749f-7f3f-4990-a09c-8b33b8bca9e1,IN-SERVICE,NON-LIQUID,1200.0,
2026-08-13T07:15:00+08:00,COLLIE_ESR4,-250.0,134.41,1,997195ae-422c-4682-b035-c6dc0f963ac5,IN-SERVICE,NOT APPLICABLE,134.33,0.0
2026-08-13T07:15:00+08:00,COLLIE_ESR4,250.0,156.17,2,997195ae-422c-4682-b035-c6dc0f963ac5,IN-SERVICE,NOT APPLICABLE,156.08,0.0
2026-08-13T07:15:00+08:00,COLLIE_ESR5,-250.0,140.8,1,2588ab6b-543e-4084-ab0f-2eb477a23685,IN-SERVICE,NOT APPLICABLE,140.72,0.0
2026-08-13T07:15:00+08:00,COLLIE_ESR5,250.0,156.06,2,2588ab6b-543e-4084-ab0f-2eb477a23685,IN-SERVICE,NOT APPLICABLE,155.97,0.0
2026-08-13T07:20:00+08:00,KWINANA_ESR1,-100.0,142.5,1,dd01e7c6-dc6e-490f-8236-d45b2ba61dcc,IN-SERVICE,NOT APPLICABLE,142.44,0.0
2026-08-13T07:20:00+08:00,KWINANA_ESR1,100.0,157.24,2,dd01e7c6-dc6e-490f-8236-d45b2ba61dcc,IN-SERVICE,NOT APPLICABLE,157.18,0.0
2026-08-13T07:20:00+08:00,COLLIE_ESR1,0.0,-1000.0,1,85e918c3-9062-4179-aa23-1740407b6329,IN-SERVICE,NON-LIQUID,-999.4,
2026-08-13T07:20:00+08:00,COLLIE_ESR1,-100.0,-42.46,2,85e918c3-9062-4179-aa23-1740407b6329,IN-SERVICE,NON-LIQUID,-42.43,
2026-08-13T07:20:00+08:00,COLLIE_ESR1,-100.0,-10.0,3,85e918c3-9062-4179-aa23-1740407b6329,IN-SERVICE,NON-LIQUID,-9.99,
2026-08-13T07:20:00+08:00,COLLIE_ESR1,0.0,34.02,4,85e918c3-9062-4179-aa23-1740407b6329,IN-SERVICE,NON-LIQUID,34.0,
2026-08-13T07:20:00+08:00,COLLIE_ESR1,0.0,60.0,5,85e918c3-9062-4179-aa23-1740407b6329,IN-SERVICE,NON-LIQUID,59.96,
2026-08-13T07:20:00+08:00,COLLIE_ESR1,100.0,141.08,6,85e918c3-9062-4179-aa23-1740407b6329,IN-SERVICE,NON-LIQUID,141.0,
2026-08-13T07:20:00+08:00,COLLIE_ESR1,100.0,150.59,7,85e918c3-9062-4179-aa23-1740407b6329,IN-SERVICE,NON-LIQUID,150.5,
2026-08-13T07:20:00+08:00,COLLIE_ESR1,0.0,1151.9,8,85e918c3-9062-4179-aa23-1740407b6329,IN-SERVICE,NON-LIQUID,1151.21,
2026-08-13T07:20:00+08:00,COLLIE_ESR1,0.0,1155.94,9,85e918c3-9062-4179-aa23-1740407b6329,IN-SERVICE,NON-LIQUID,1155.25,
2026-08-13T07:20:00+08:00,COLLIE_ESR1,0.0,1200.0,10,85e918c3-9062-4179-aa23-1740407b6329,IN-SERVICE,NON-LIQUID,1199.28,
2026-08-13T07:20:00+08:00,KWINANA_ESR2,-225.0,134.71,1,a4d2aabb-f39f-40ff-aedc-77b18964516d,IN-SERVICE,NOT APPLICABLE,134.58,0.0
2026-08-13T07:20:00+08:00,KWINANA_ESR2,225.0,149.71,2,a4d2aabb-f39f-40ff-aedc-77b18964516d,IN-SERVICE,NOT APPLICABLE,149.56,0.0
2026-08-13T07:20:00+08:00,COLLIE_BESS2,0.0,-990.1,1,feac6213-31a3-447f-b24d-7908d407b525,IN-SERVICE,NON-LIQUID,-1000.0,
2026-08-13T07:20:00+08:00,COLLIE_BESS2,-150.0,-42.46,2,feac6213-31a3-447f-b24d-7908d407b525,IN-SERVICE,NON-LIQUID,-42.88,
2026-08-13T07:20:00+08:00,COLLIE_BESS2,-150.0,-10.0,3,feac6213-31a3-447f-b24d-7908d407b525,IN-SERVICE,NON-LIQUID,-10.1,
2026-08-13T07:20:00+08:00,COLLIE_BESS2,0.0,60.0,4,feac6213-31a3-447f-b24d-7908d407b525,IN-SERVICE,NON-LIQUID,60.6,
2026-08-13T07:20:00+08:00,COLLIE_BESS2,112.0,141.08,5,feac6213-31a3-447f-b24d-7908d407b525,IN-SERVICE,NON-LIQUID,142.49,
2026-08-13T07:20:00+08:00,COLLIE_BESS2,111.0,150.59,6,feac6213-31a3-447f-b24d-7908d407b525,IN-SERVICE,NON-LIQUID,152.1,
2026-08-13T07:20:00+08:00,COLLIE_BESS2,19.0,250.0,7,feac6213-31a3-447f-b24d-7908d407b525,IN-SERVICE,NON-LIQUID,252.5,
2026-08-13T07:20:00+08:00,COLLIE_BESS2,19.0,367.0,8,feac6213-31a3-447f-b24d-7908d407b525,IN-SERVICE,NON-LIQUID,370.67,
2026-08-13T07:20:00+08:00,COLLIE_BESS2,39.0,622.0,9,feac6213-31a3-447f-b24d-7908d407b525,IN-SERVICE,NON-LIQUID,628.22,
2026-08-13T07:20:00+08:00,COLLIE_BESS2,0.0,1188.12,10,feac6213-31a3-447f-b24d-7908d407b525,IN-SERVICE,NON-LIQUID,1200.0,
2026-08-13T07:20:00+08:00,COLLIE_ESR4,-250.0,134.41,1,02230ff8-bdad-4c05-8ebb-8e09a55066d4,IN-SERVICE,NOT APPLICABLE,134.33,0.0
2026-08-13T07:20:00+08:00,COLLIE_ESR4,250.0,149.9,2,02230ff8-bdad-4c05-8ebb-8e09a55066d4,IN-SERVICE,NOT APPLICABLE,149.81,0.0
2026-08-13T07:20:00+08:00,COLLIE_ESR5,-250.0,134.52,1,27142878-277d-4da7-8796-dadcf66f2ebf,IN-SERVICE,NOT APPLICABLE,134.44,0.0
2026-08-13T07:20:00+08:00,COLLIE_ESR5,250.0,156.06,2,27142878-277d-4da7-8796-dadcf66f2ebf,IN-SERVICE,NOT APPLICABLE,155.97,0.0
2026-08-13T07:25:00+08:00,KWINANA_ESR1,-100.0,142.13,1,dd01e7c6-dc6e-490f-8236-d45b2ba61dcc,IN-SERVICE,NOT APPLICABLE,142.07,0.0
2026-08-13T07:25:00+08:00,KWINANA_ESR1,100.0,156.87,2,dd01e7c6-dc6e-490f-8236-d45b2ba61dcc,IN-SERVICE,NOT APPLICABLE,156.81,0.0
2026-08-13T07:25:00+08:00,COLLIE_ESR1,0.0,-1000.0,1,72a58cf2-0943-4c61-b1a9-a3ada6e0b25a,IN-SERVICE,NON-LIQUID,-999.4,
2026-08-13T07:25:00+08:00,COLLIE_ESR1,-100.0,-42.46,2,72a58cf2-0943-4c61-b1a9-a3ada6e0b25a,IN-SERVICE,NON-LIQUID,-42.43,
2026-08-13T07:25:00+08:00,COLLIE_ESR1,-100.0,-10.0,3,72a58cf2-0943-4c61-b1a9-a3ada6e0b25a,IN-SERVICE,NON-LIQUID,-9.99,
2026-08-13T07:25:00+08:00,COLLIE_ESR1,0.0,34.02,4,72a58cf2-0943-4c61-b1a9-a3ada6e0b25a,IN-SERVICE,NON-LIQUID,34.0,
2026-08-13T07:25:00+08:00,COLLIE_ESR1,0.0,60.0,5,72a58cf2-0943-4c61-b1a9-a3ada6e0b25a,IN-SERVICE,NON-LIQUID,59.96,
2026-08-13T07:25:00+08:00,COLLIE_ESR1,100.0,141.15,6,72a58cf2-0943-4c61-b1a9-a3ada6e0b25a,IN-SERVICE,NON-LIQUID,141.07,
2026-08-13T07:25:00+08:00,COLLIE_ESR1,100.0,151.4,7,72a58cf2-0943-4c61-b1a9-a3ada6e0b25a,IN-SERVICE,NON-LIQUID,151.31,
2026-08-13T07:25:00+08:00,COLLIE_ESR1,0.0,1151.9,8,72a58cf2-0943-4c61-b1a9-a3ada6e0b25a,IN-SERVICE,NON-LIQUID,1151.21,
2026-08-13T07:25:00+08:00,COLLIE_ESR1,0.0,1155.94,9,72a58cf2-0943-4c61-b1a9-a3ada6e0b25a,IN-SERVICE,NON-LIQUID,1155.25,
2026-08-13T07:25:00+08:00,COLLIE_ESR1,0.0,1200.0,10,72a58cf2-0943-4c61-b1a9-a3ada6e0b25a,IN-SERVICE,NON-LIQUID,1199.28,
2026-08-13T07:25:00+08:00,KWINANA_ESR2,-225.0,134.71,1,a4d2aabb-f39f-40ff-aedc-77b18964516d,IN-SERVICE,NOT APPLICABLE,134.58,0.0
2026-08-13T07:25:00+08:00,KWINANA_ESR2,225.0,149.71,2,a4d2aabb-f39f-40ff-aedc-77b18964516d,IN-SERVICE,NOT APPLICABLE,149.56,0.0
2026-08-13T07:25:00+08:00,COLLIE_BESS2,0.0,-990.1,1,ca7263bb-d313-43d8-b678-305c652cbc18,IN-SERVICE,NON-LIQUID,-1000.0,
2026-08-13T07:25:00+08:00,COLLIE_BESS2,-150.0,-42.46,2,ca7263bb-d313-43d8-b678-305c652cbc18,IN-SERVICE,NON-LIQUID,-42.88,
2026-08-13T07:25:00+08:00,COLLIE_BESS2,-150.0,-10.0,3,ca7263bb-d313-43d8-b678-305c652cbc18,IN-SERVICE,NON-LIQUID,-10.1,
2026-08-13T07:25:00+08:00,COLLIE_BESS2,0.0,60.0,4,ca7263bb-d313-43d8-b678-305c652cbc18,IN-SERVICE,NON-LIQUID,60.6,
2026-08-13T07:25:00+08:00,COLLIE_BESS2,112.0,141.15,5,ca7263bb-d313-43d8-b678-305c652cbc18,IN-SERVICE,NON-LIQUID,142.56,
2026-08-13T07:25:00+08:00,COLLIE_BESS2,111.0,151.4,6,ca7263bb-d313-43d8-b678-305c652cbc18,IN-SERVICE,NON-LIQUID,152.91,
2026-08-13T07:25:00+08:00,COLLIE_BESS2,19.0,250.0,7,ca7263bb-d313-43d8-b678-305c652cbc18,IN-SERVICE,NON-LIQUID,252.5,
2026-08-13T07:25:00+08:00,COLLIE_BESS2,19.0,367.0,8,ca7263bb-d313-43d8-b678-305c652cbc18,IN-SERVICE,NON-LIQUID,370.67,
2026-08-13T07:25:00+08:00,COLLIE_BESS2,39.0,622.0,9,ca7263bb-d313-43d8-b678-305c652cbc18,IN-SERVICE,NON-LIQUID,628.22,
2026-08-13T07:25:00+08:00,COLLIE_BESS2,0.0,1188.12,10,ca7263bb-d313-43d8-b678-305c652cbc18,IN-SERVICE,NON-LIQUID,1200.0,
2026-08-13T07:25:00+08:00,COLLIE_ESR4,-250.0,134.41,1,02230ff8-bdad-4c05-8ebb-8e09a55066d4,IN-SERVICE,NOT APPLICABLE,134.33,0.0
2026-08-13T07:25:00+08:00,COLLIE_ESR4,250.0,149.9,2,02230ff8-bdad-4c05-8ebb-8e09a55066d4,IN-SERVICE,NOT APPLICABLE,149.81,0.0
2026-08-13T07:25:00+08:00,COLLIE_ESR5,-250.0,134.52,1,27142878-277d-4da7-8796-dadcf66f2ebf,IN-SERVICE,NOT APPLICABLE,134.44,0.0
2026-08-13T07:25:00+08:00,COLLIE_ESR5,250.0,152.15,2,27142878-277d-4da7-8796-dadcf66f2ebf,IN-SERVICE,NOT APPLICABLE,152.06,0.0
2026-08-13T07:30:00+08:00,KWINANA_ESR1,-100.0,142.13,1,dd01e7c6-dc6e-490f-8236-d45b2ba61dcc,IN-SERVICE,NOT APPLICABLE,142.07,0.0
2026-08-13T07:30:00+08:00,KWINANA_ESR1,100.0,156.87,2,dd01e7c6-dc6e-490f-8236-d45b2ba61dcc,IN-SERVICE,NOT APPLICABLE,156.81,0.0
2026-08-13T07:30:00+08:00,COLLIE_ESR1,0.0,-1000.0,1,b86f124a-57e5-4163-84eb-0000ccbf36b7,IN-SERVICE,NON-LIQUID,-999.4,
2026-08-13T07:30:00+08:00,COLLIE_ESR1,-100.0,-42.46,2,b86f124a-57e5-4163-84eb-0000ccbf36b7,IN-SERVICE,NON-LIQUID,-42.43,
2026-08-13T07:30:00+08:00,COLLIE_ESR1,-100.0,-10.0,3,b86f124a-57e5-4163-84eb-0000ccbf36b7,IN-SERVICE,NON-LIQUID,-9.99,
2026-08-13T07:30:00+08:00,COLLIE_ESR1,0.0,34.02,4,b86f124a-57e5-4163-84eb-0000ccbf36b7,IN-SERVICE,NON-LIQUID,34.0,
2026-08-13T07:30:00+08:00,COLLIE_ESR1,0.0,60.0,5,b86f124a-57e5-4163-84eb-0000ccbf36b7,IN-SERVICE,NON-LIQUID,59.96,
2026-08-13T07:30:00+08:00,COLLIE_ESR1,100.0,132.19,6,b86f124a-57e5-4163-84eb-0000ccbf36b7,IN-SERVICE,NON-LIQUID,132.11,
2026-08-13T07:30:00+08:00,COLLIE_ESR1,100.0,142.58,7,b86f124a-57e5-4163-84eb-0000ccbf36b7,IN-SERVICE,NON-LIQUID,142.49,
2026-08-13T07:30:00+08:00,COLLIE_ESR1,0.0,823.27,8,b86f124a-57e5-4163-84eb-0000ccbf36b7,IN-SERVICE,NON-LIQUID,822.78,
2026-08-13T07:30:00+08:00,COLLIE_ESR1,0.0,1199.9,9,b86f124a-57e5-4163-84eb-0000ccbf36b7,IN-SERVICE,NON-LIQUID,1199.18,
2026-08-13T07:30:00+08:00,COLLIE_ESR1,0.0,1200.0,10,b86f124a-57e5-4163-84eb-0000ccbf36b7,IN-SERVICE,NON-LIQUID,1199.28,
2026-08-13T07:30:00+08:00,KWINANA_ESR2,-225.0,134.71,1,a4d2aabb-f39f-40ff-aedc-77b18964516d,IN-SERVICE,NOT APPLICABLE,134.58,0.0
2026-08-13T07:30:00+08:00,KWINANA_ESR2,225.0,149.71,2,a4d2aabb-f39f-40ff-aedc-77b18964516d,IN-SERVICE,NOT APPLICABLE,149.56,0.0
2026-08-13T07:30:00+08:00,COLLIE_BESS2,0.0,-990.1,1,cd8c6e76-cfd4-46c4-baac-749b8ff3ca7d,IN-SERVICE,NON-LIQUID,-1000.0,
2026-08-13T07:30:00+08:00,COLLIE_BESS2,-150.0,-42.46,2,cd8c6e76-cfd4-46c4-baac-749b8ff3ca7d,IN-SERVICE,NON-LIQUID,-42.88,
2026-08-13T07:30:00+08:00,COLLIE_BESS2,-150.0,-10.0,3,cd8c6e76-cfd4-46c4-baac-749b8ff3ca7d,IN-SERVICE,NON-LIQUID,-10.1,
2026-08-13T07:30:00+08:00,COLLIE_BESS2,0.0,60.0,4,cd8c6e76-cfd4-46c4-baac-749b8ff3ca7d,IN-SERVICE,NON-LIQUID,60.6,
2026-08-13T07:30:00+08:00,COLLIE_BESS2,112.0,132.19,5,cd8c6e76-cfd4-46c4-baac-749b8ff3ca7d,IN-SERVICE,NON-LIQUID,133.51,
2026-08-13T07:30:00+08:00,COLLIE_BESS2,111.0,142.58,6,cd8c6e76-cfd4-46c4-baac-749b8ff3ca7d,IN-SERVICE,NON-LIQUID,144.01,
2026-08-13T07:30:00+08:00,COLLIE_BESS2,19.0,250.0,7,cd8c6e76-cfd4-46c4-baac-749b8ff3ca7d,IN-SERVICE,NON-LIQUID,252.5,
2026-08-13T07:30:00+08:00,COLLIE_BESS2,19.0,367.0,8,cd8c6e76-cfd4-46c4-baac-749b8ff3ca7d,IN-SERVICE,NON-LIQUID,370.67,
2026-08-13T07:30:00+08:00,COLLIE_BESS2,39.0,622.0,9,cd8c6e76-cfd4-46c4-baac-749b8ff3ca7d,IN-SERVICE,NON-LIQUID,628.22,
2026-08-13T07:30:00+08:00,COLLIE_BESS2,0.0,1188.12,10,cd8c6e76-cfd4-46c4-baac-749b8ff3ca7d,IN-SERVICE,NON-LIQUID,1200.0,
2026-08-13T07:30:00+08:00,COLLIE_ESR4,-250.0,134.41,1,02230ff8-bdad-4c05-8ebb-8e09a55066d4,IN-SERVICE,NOT APPLICABLE,134.33,0.0
2026-08-13T07:30:00+08:00,COLLIE_ESR4,250.0,149.9,2,02230ff8-bdad-4c05-8ebb-8e09a55066d4,IN-SERVICE,NOT APPLICABLE,149.81,0.0
2026-08-13T07:30:00+08:00,COLLIE_ESR5,-250.0,134.52,1,27142878-277d-4da7-8796-dadcf66f2ebf,IN-SERVICE,NOT APPLICABLE,134.44,0.0
2026-08-13T07:30:00+08:00,COLLIE_ESR5,250.0,149.79,2,27142878-277d-4da7-8796-dadcf66f2ebf,IN-SERVICE,NOT APPLICABLE,149.7,0.0
2026-08-13T07:35:00+08:00,KWINANA_ESR1,-100.0,135.49,1,92471d58-b5d1-40d1-a1d1-cb5f41ad8d58,IN-SERVICE,NOT APPLICABLE,135.44,0.0
2026-08-13T07:35:00+08:00,KWINANA_ESR1,100.0,149.5,2,92471d58-b5d1-40d1-a1d1-cb5f41ad8d58,IN-SERVICE,NOT APPLICABLE,149.44,0.0
2026-08-13T07:35:00+08:00,COLLIE_ESR1,0.0,-1000.0,1,85adb212-32ec-4275-8710-e12e7dd1de7a,IN-SERVICE,NON-LIQUID,-999.4,
2026-08-13T07:35:00+08:00,COLLIE_ESR1,-100.0,-42.46,2,85adb212-32ec-4275-8710-e12e7dd1de7a,IN-SERVICE,NON-LIQUID,-42.43,
2026-08-13T07:35:00+08:00,COLLIE_ESR1,-100.0,-10.0,3,85adb212-32ec-4275-8710-e12e7dd1de7a,IN-SERVICE,NON-LIQUID,-9.99,
2026-08-13T07:35:00+08:00,COLLIE_ESR1,0.0,34.02,4,85adb212-32ec-4275-8710-e12e7dd1de7a,IN-SERVICE,NON-LIQUID,34.0,
2026-08-13T07:35:00+08:00,COLLIE_ESR1,0.0,60.0,5,85adb212-32ec-4275-8710-e12e7dd1de7a,IN-SERVICE,NON-LIQUID,59.96,
2026-08-13T07:35:00+08:00,COLLIE_ESR1,100.0,132.12,6,85adb212-32ec-4275-8710-e12e7dd1de7a,IN-SERVICE,NON-LIQUID,132.04,
2026-08-13T07:35:00+08:00,COLLIE_ESR1,100.0,144.07,7,85adb212-32ec-4275-8710-e12e7dd1de7a,IN-SERVICE,NON-LIQUID,143.98,
2026-08-13T07:35:00+08:00,COLLIE_ESR1,0.0,823.27,8,85adb212-32ec-4275-8710-e12e7dd1de7a,IN-SERVICE,NON-LIQUID,822.78,
2026-08-13T07:35:00+08:00,COLLIE_ESR1,0.0,1199.9,9,85adb212-32ec-4275-8710-e12e7dd1de7a,IN-SERVICE,NON-LIQUID,1199.18,
2026-08-13T07:35:00+08:00,COLLIE_ESR1,0.0,1200.0,10,85adb212-32ec-4275-8710-e12e7dd1de7a,IN-SERVICE,NON-LIQUID,1199.28,
2026-08-13T07:35:00+08:00,KWINANA_ESR2,-225.0,122.96,1,585f804e-619d-402f-a94f-922538323ee1,IN-SERVICE,NOT APPLICABLE,122.84,0.0
2026-08-13T07:35:00+08:00,KWINANA_ESR2,225.0,137.96,2,585f804e-619d-402f-a94f-922538323ee1,IN-SERVICE,NOT APPLICABLE,137.82,0.0
2026-08-13T07:35:00+08:00,COLLIE_BESS2,0.0,-990.1,1,dafbd6fe-be41-49e1-8547-8af41c1d885d,IN-SERVICE,NON-LIQUID,-1000.0,
2026-08-13T07:35:00+08:00,COLLIE_BESS2,-150.0,-42.46,2,dafbd6fe-be41-49e1-8547-8af41c1d885d,IN-SERVICE,NON-LIQUID,-42.88,
2026-08-13T07:35:00+08:00,COLLIE_BESS2,-150.0,-10.0,3,dafbd6fe-be41-49e1-8547-8af41c1d885d,IN-SERVICE,NON-LIQUID,-10.1,
2026-08-13T07:35:00+08:00,COLLIE_BESS2,0.0,60.0,4,dafbd6fe-be41-49e1-8547-8af41c1d885d,IN-SERVICE,NON-LIQUID,60.6,
2026-08-13T07:35:00+08:00,COLLIE_BESS2,109.0,132.12,5,dafbd6fe-be41-49e1-8547-8af41c1d885d,IN-SERVICE,NON-LIQUID,133.44,
2026-08-13T07:35:00+08:00,COLLIE_BESS2,108.0,144.07,6,dafbd6fe-be41-49e1-8547-8af41c1d885d,IN-SERVICE,NON-LIQUID,145.51,
2026-08-13T07:35:00+08:00,COLLIE_BESS2,20.0,250.0,7,dafbd6fe-be41-49e1-8547-8af41c1d885d,IN-SERVICE,NON-LIQUID,252.5,
2026-08-13T07:35:00+08:00,COLLIE_BESS2,20.0,367.0,8,dafbd6fe-be41-49e1-8547-8af41c1d885d,IN-SERVICE,NON-LIQUID,370.67,
2026-08-13T07:35:00+08:00,COLLIE_BESS2,43.0,622.0,9,dafbd6fe-be41-49e1-8547-8af41c1d885d,IN-SERVICE,NON-LIQUID,628.22,
2026-08-13T07:35:00+08:00,COLLIE_BESS2,0.0,1188.12,10,dafbd6fe-be41-49e1-8547-8af41c1d885d,IN-SERVICE,NON-LIQUID,1200.0,
2026-08-13T07:35:00+08:00,COLLIE_ESR4,-250.0,118.93,1,5a380cb8-298d-42e1-bbcb-c0f7ac93c3d5,IN-SERVICE,NOT APPLICABLE,118.86,0.0
2026-08-13T07:35:00+08:00,COLLIE_ESR4,250.0,138.15,2,5a380cb8-298d-42e1-bbcb-c0f7ac93c3d5,IN-SERVICE,NOT APPLICABLE,138.07,0.0
2026-08-13T07:35:00+08:00,COLLIE_ESR5,-250.0,122.78,1,97a43951-4c13-4593-a9fb-290198dc9843,IN-SERVICE,NOT APPLICABLE,122.71,0.0
2026-08-13T07:35:00+08:00,COLLIE_ESR5,250.0,138.04,2,97a43951-4c13-4593-a9fb-290198dc9843,IN-SERVICE,NOT APPLICABLE,137.96,0.0
2026-08-13T07:40:00+08:00,KWINANA_ESR1,-100.0,134.76,1,92471d58-b5d1-40d1-a1d1-cb5f41ad8d58,IN-SERVICE,NOT APPLICABLE,134.71,0.0
2026-08-13T07:40:00+08:00,KWINANA_ESR1,100.0,148.15,2,92471d58-b5d1-40d1-a1d1-cb5f41ad8d58,IN-SERVICE,NOT APPLICABLE,148.09,0.0
2026-08-13T07:40:00+08:00,COLLIE_ESR1,0.0,-1000.0,1,2807e7ee-5d6c-4e3c-a6a9-6ccfd1181952,IN-SERVICE,NON-LIQUID,-999.4,
2026-08-13T07:40:00+08:00,COLLIE_ESR1,-100.0,-42.46,2,2807e7ee-5d6c-4e3c-a6a9-6ccfd1181952,IN-SERVICE,NON-LIQUID,-42.43,
2026-08-13T07:40:00+08:00,COLLIE_ESR1,-100.0,-10.0,3,2807e7ee-5d6c-4e3c-a6a9-6ccfd1181952,IN-SERVICE,NON-LIQUID,-9.99,
2026-08-13T07:40:00+08:00,COLLIE_ESR1,0.0,34.02,4,2807e7ee-5d6c-4e3c-a6a9-6ccfd1181952,IN-SERVICE,NON-LIQUID,34.0,
2026-08-13T07:40:00+08:00,COLLIE_ESR1,0.0,60.0,5,2807e7ee-5d6c-4e3c-a6a9-6ccfd1181952,IN-SERVICE,NON-LIQUID,59.96,
2026-08-13T07:40:00+08:00,COLLIE_ESR1,100.0,131.84,6,2807e7ee-5d6c-4e3c-a6a9-6ccfd1181952,IN-SERVICE,NON-LIQUID,131.76,
2026-08-13T07:40:00+08:00,COLLIE_ESR1,100.0,143.32,7,2807e7ee-5d6c-4e3c-a6a9-6ccfd1181952,IN-SERVICE,NON-LIQUID,143.23,
2026-08-13T07:40:00+08:00,COLLIE_ESR1,0.0,823.27,8,2807e7ee-5d6c-4e3c-a6a9-6ccfd1181952,IN-SERVICE,NON-LIQUID,822.78,
2026-08-13T07:40:00+08:00,COLLIE_ESR1,0.0,1199.9,9,2807e7ee-5d6c-4e3c-a6a9-6ccfd1181952,IN-SERVICE,NON-LIQUID,1199.18,
2026-08-13T07:40:00+08:00,COLLIE_ESR1,0.0,1200.0,10,2807e7ee-5d6c-4e3c-a6a9-6ccfd1181952,IN-SERVICE,NON-LIQUID,1199.28,
2026-08-13T07:40:00+08:00,KWINANA_ESR2,-225.0,122.96,1,585f804e-619d-402f-a94f-922538323ee1,IN-SERVICE,NOT APPLICABLE,122.84,0.0
2026-08-13T07:40:00+08:00,KWINANA_ESR2,225.0,137.96,2,585f804e-619d-402f-a94f-922538323ee1,IN-SERVICE,NOT APPLICABLE,137.82,0.0
2026-08-13T07:40:00+08:00,COLLIE_BESS2,0.0,-990.1,1,a5bde160-a917-4567-876c-baf007ea5065,IN-SERVICE,NON-LIQUID,-1000.0,
2026-08-13T07:40:00+08:00,COLLIE_BESS2,-150.0,-42.46,2,a5bde160-a917-4567-876c-baf007ea5065,IN-SERVICE,NON-LIQUID,-42.88,
2026-08-13T07:40:00+08:00,COLLIE_BESS2,-150.0,-10.0,3,a5bde160-a917-4567-876c-baf007ea5065,IN-SERVICE,NON-LIQUID,-10.1,
2026-08-13T07:40:00+08:00,COLLIE_BESS2,0.0,60.0,4,a5bde160-a917-4567-876c-baf007ea5065,IN-SERVICE,NON-LIQUID,60.6,
2026-08-13T07:40:00+08:00,COLLIE_BESS2,109.0,131.84,5,a5bde160-a917-4567-876c-baf007ea5065,IN-SERVICE,NON-LIQUID,133.16,
2026-08-13T07:40:00+08:00,COLLIE_BESS2,108.0,143.32,6,a5bde160-a917-4567-876c-baf007ea5065,IN-SERVICE,NON-LIQUID,144.75,
2026-08-13T07:40:00+08:00,COLLIE_BESS2,20.0,250.0,7,a5bde160-a917-4567-876c-baf007ea5065,IN-SERVICE,NON-LIQUID,252.5,
2026-08-13T07:40:00+08:00,COLLIE_BESS2,20.0,367.0,8,a5bde160-a917-4567-876c-baf007ea5065,IN-SERVICE,NON-LIQUID,370.67,
2026-08-13T07:40:00+08:00,COLLIE_BESS2,43.0,622.0,9,a5bde160-a917-4567-876c-baf007ea5065,IN-SERVICE,NON-LIQUID,628.22,
2026-08-13T07:40:00+08:00,COLLIE_BESS2,0.0,1188.12,10,a5bde160-a917-4567-876c-baf007ea5065,IN-SERVICE,NON-LIQUID,1200.0,
2026-08-13T07:40:00+08:00,COLLIE_ESR4,-250.0,118.93,1,5a380cb8-298d-42e1-bbcb-c0f7ac93c3d5,IN-SERVICE,NOT APPLICABLE,118.86,0.0
2026-08-13T07:40:00+08:00,COLLIE_ESR4,250.0,138.15,2,5a380cb8-298d-42e1-bbcb-c0f7ac93c3d5,IN-SERVICE,NOT APPLICABLE,138.07,0.0
2026-08-13T07:40:00+08:00,COLLIE_ESR5,-250.0,119.04,1,97a43951-4c13-4593-a9fb-290198dc9843,IN-SERVICE,NOT APPLICABLE,118.97,0.0
2026-08-13T07:40:00+08:00,COLLIE_ESR5,250.0,138.04,2,97a43951-4c13-4593-a9fb-290198dc9843,IN-SERVICE,NOT APPLICABLE,137.96,0.0
2026-08-13T07:45:00+08:00,KWINANA_ESR1,-100.0,133.41,1,92471d58-b5d1-40d1-a1d1-cb5f41ad8d58,IN-SERVICE,NOT APPLICABLE,133.36,0.0
2026-08-13T07:45:00+08:00,KWINANA_ESR1,100.0,142.13,2,92471d58-b5d1-40d1-a1d1-cb5f41ad8d58,IN-SERVICE,NOT APPLICABLE,142.07,0.0
2026-08-13T07:45:00+08:00,COLLIE_ESR1,0.0,-1000.0,1,f5600f84-7a96-4d66-8f44-d11da2e16055,IN-SERVICE,NON-LIQUID,-999.4,
2026-08-13T07:45:00+08:00,COLLIE_ESR1,-100.0,-42.46,2,f5600f84-7a96-4d66-8f44-d11da2e16055,IN-SERVICE,NON-LIQUID,-42.43,
2026-08-13T07:45:00+08:00,COLLIE_ESR1,-100.0,-10.0,3,f5600f84-7a96-4d66-8f44-d11da2e16055,IN-SERVICE,NON-LIQUID,-9.99,
2026-08-13T07:45:00+08:00,COLLIE_ESR1,0.0,34.02,4,f5600f84-7a96-4d66-8f44-d11da2e16055,IN-SERVICE,NON-LIQUID,34.0,
2026-08-13T07:45:00+08:00,COLLIE_ESR1,0.0,60.0,5,f5600f84-7a96-4d66-8f44-d11da2e16055,IN-SERVICE,NON-LIQUID,59.96,
2026-08-13T07:45:00+08:00,COLLIE_ESR1,100.0,119.91,6,f5600f84-7a96-4d66-8f44-d11da2e16055,IN-SERVICE,NON-LIQUID,119.84,
2026-08-13T07:45:00+08:00,COLLIE_ESR1,100.0,132.19,7,f5600f84-7a96-4d66-8f44-d11da2e16055,IN-SERVICE,NON-LIQUID,132.11,
2026-08-13T07:45:00+08:00,COLLIE_ESR1,0.0,823.27,8,f5600f84-7a96-4d66-8f44-d11da2e16055,IN-SERVICE,NON-LIQUID,822.78,
2026-08-13T07:45:00+08:00,COLLIE_ESR1,0.0,1199.9,9,f5600f84-7a96-4d66-8f44-d11da2e16055,IN-SERVICE,NON-LIQUID,1199.18,
2026-08-13T07:45:00+08:00,COLLIE_ESR1,0.0,1200.0,10,f5600f84-7a96-4d66-8f44-d11da2e16055,IN-SERVICE,NON-LIQUID,1199.28,
2026-08-13T07:45:00+08:00,KWINANA_ESR2,-225.0,122.96,1,585f804e-619d-402f-a94f-922538323ee1,IN-SERVICE,NOT APPLICABLE,122.84,0.0
2026-08-13T07:45:00+08:00,KWINANA_ESR2,225.0,137.96,2,585f804e-619d-402f-a94f-922538323ee1,IN-SERVICE,NOT APPLICABLE,137.82,0.0
2026-08-13T07:45:00+08:00,COLLIE_BESS2,0.0,-990.1,1,85b7e694-d875-400e-a1d4-b24ad4044d07,IN-SERVICE,NON-LIQUID,-1000.0,
2026-08-13T07:45:00+08:00,COLLIE_BESS2,-150.0,-42.46,2,85b7e694-d875-400e-a1d4-b24ad4044d07,IN-SERVICE,NON-LIQUID,-42.88,
2026-08-13T07:45:00+08:00,COLLIE_BESS2,-150.0,-10.0,3,85b7e694-d875-400e-a1d4-b24ad4044d07,IN-SERVICE,NON-LIQUID,-10.1,
2026-08-13T07:45:00+08:00,COLLIE_BESS2,0.0,60.0,4,85b7e694-d875-400e-a1d4-b24ad4044d07,IN-SERVICE,NON-LIQUID,60.6,
2026-08-13T07:45:00+08:00,COLLIE_BESS2,109.0,119.91,5,85b7e694-d875-400e-a1d4-b24ad4044d07,IN-SERVICE,NON-LIQUID,121.11,
2026-08-13T07:45:00+08:00,COLLIE_BESS2,108.0,132.19,6,85b7e694-d875-400e-a1d4-b24ad4044d07,IN-SERVICE,NON-LIQUID,133.51,
2026-08-13T07:45:00+08:00,COLLIE_BESS2,20.0,250.0,7,85b7e694-d875-400e-a1d4-b24ad4044d07,IN-SERVICE,NON-LIQUID,252.5,
2026-08-13T07:45:00+08:00,COLLIE_BESS2,20.0,367.0,8,85b7e694-d875-400e-a1d4-b24ad4044d07,IN-SERVICE,NON-LIQUID,370.67,
2026-08-13T07:45:00+08:00,COLLIE_BESS2,43.0,622.0,9,85b7e694-d875-400e-a1d4-b24ad4044d07,IN-SERVICE,NON-LIQUID,628.22,
2026-08-13T07:45:00+08:00,COLLIE_BESS2,0.0,1188.12,10,85b7e694-d875-400e-a1d4-b24ad4044d07,IN-SERVICE,NON-LIQUID,1200.0,
2026-08-13T07:45:00+08:00,COLLIE_ESR4,-250.0,118.93,1,5a380cb8-298d-42e1-bbcb-c0f7ac93c3d5,IN-SERVICE,NOT APPLICABLE,118.86,0.0
2026-08-13T07:45:00+08:00,COLLIE_ESR4,250.0,138.15,2,5a380cb8-298d-42e1-bbcb-c0f7ac93c3d5,IN-SERVICE,NOT APPLICABLE,138.07,0.0
2026-08-13T07:45:00+08:00,COLLIE_ESR5,-250.0,119.04,1,97a43951-4c13-4593-a9fb-290198dc9843,IN-SERVICE,NOT APPLICABLE,118.97,0.0
2026-08-13T07:45:00+08:00,COLLIE_ESR5,250.0,138.04,2,97a43951-4c13-4593-a9fb-290198dc9843,IN-SERVICE,NOT APPLICABLE,137.96,0.0
2026-08-13T07:50:00+08:00,KWINANA_ESR1,-15.208,117.73,1,409e104f-f13d-41cd-b6de-aeeacfbbc7fc,IN-SERVICE,NOT APPLICABLE,117.68,0.0
2026-08-13T07:50:00+08:00,KWINANA_ESR1,-84.792,119.27,2,409e104f-f13d-41cd-b6de-aeeacfbbc7fc,IN-SERVICE,NOT APPLICABLE,119.22,0.0
2026-08-13T07:50:00+08:00,KWINANA_ESR1,71.652,126.64,3,409e104f-f13d-41cd-b6de-aeeacfbbc7fc,IN-SERVICE,NOT APPLICABLE,126.59,0.0
2026-08-13T07:50:00+08:00,KWINANA_ESR1,28.348,130.38,4,409e104f-f13d-41cd-b6de-aeeacfbbc7fc,IN-SERVICE,NOT APPLICABLE,130.33,0.0
2026-08-13T07:50:00+08:00,COLLIE_ESR1,0.0,-1000.0,1,3cbdfb31-dfae-4224-8adf-b11dd8eac392,IN-SERVICE,NON-LIQUID,-999.4,
2026-08-13T07:50:00+08:00,COLLIE_ESR1,-100.0,-42.46,2,3cbdfb31-dfae-4224-8adf-b11dd8eac392,IN-SERVICE,NON-LIQUID,-42.43,
2026-08-13T07:50:00+08:00,COLLIE_ESR1,-100.0,-10.0,3,3cbdfb31-dfae-4224-8adf-b11dd8eac392,IN-SERVICE,NON-LIQUID,-9.99,
2026-08-13T07:50:00+08:00,COLLIE_ESR1,0.0,34.02,4,3cbdfb31-dfae-4224-8adf-b11dd8eac392,IN-SERVICE,NON-LIQUID,34.0,
2026-08-13T07:50:00+08:00,COLLIE_ESR1,0.0,60.0,5,3cbdfb31-dfae-4224-8adf-b11dd8eac392,IN-SERVICE,NON-LIQUID,59.96,
2026-08-13T07:50:00+08:00,COLLIE_ESR1,50.0,250.0,6,3cbdfb31-dfae-4224-8adf-b11dd8eac392,IN-SERVICE,NON-LIQUID,249.85,
2026-08-13T07:50:00+08:00,COLLIE_ESR1,100.0,367.0,7,3cbdfb31-dfae-4224-8adf-b11dd8eac392,IN-SERVICE,NON-LIQUID,366.78,
2026-08-13T07:50:00+08:00,COLLIE_ESR1,50.0,622.0,8,3cbdfb31-dfae-4224-8adf-b11dd8eac392,IN-SERVICE,NON-LIQUID,621.63,
2026-08-13T07:50:00+08:00,COLLIE_ESR1,0.0,1199.9,9,3cbdfb31-dfae-4224-8adf-b11dd8eac392,IN-SERVICE,NON-LIQUID,1199.18,
2026-08-13T07:50:00+08:00,COLLIE_ESR1,0.0,1200.0,10,3cbdfb31-dfae-4224-8adf-b11dd8eac392,IN-SERVICE,NON-LIQUID,1199.28,
2026-08-13T07:50:00+08:00,KWINANA_ESR2,-225.0,110.3,1,4f528aaf-dadb-40bb-9c8b-180368fe150f,IN-SERVICE,NOT APPLICABLE,110.19,0.0
2026-08-13T07:50:00+08:00,KWINANA_ESR2,225.0,125.3,2,4f528aaf-dadb-40bb-9c8b-180368fe150f,IN-SERVICE,NOT APPLICABLE,125.17,0.0
2026-08-13T07:50:00+08:00,COLLIE_BESS2,0.0,-990.1,1,a6b6c3d1-06e3-44bf-b206-aa67daf14508,IN-SERVICE,NON-LIQUID,-1000.0,
2026-08-13T07:50:00+08:00,COLLIE_BESS2,-150.0,-42.46,2,a6b6c3d1-06e3-44bf-b206-aa67daf14508,IN-SERVICE,NON-LIQUID,-42.88,
2026-08-13T07:50:00+08:00,COLLIE_BESS2,-150.0,-10.0,3,a6b6c3d1-06e3-44bf-b206-aa67daf14508,IN-SERVICE,NON-LIQUID,-10.1,
2026-08-13T07:50:00+08:00,COLLIE_BESS2,0.0,34.02,4,a6b6c3d1-06e3-44bf-b206-aa67daf14508,IN-SERVICE,NON-LIQUID,34.36,
2026-08-13T07:50:00+08:00,COLLIE_BESS2,0.0,60.0,5,a6b6c3d1-06e3-44bf-b206-aa67daf14508,IN-SERVICE,NON-LIQUID,60.6,
2026-08-13T07:50:00+08:00,COLLIE_BESS2,75.0,250.0,6,a6b6c3d1-06e3-44bf-b206-aa67daf14508,IN-SERVICE,NON-LIQUID,252.5,
2026-08-13T07:50:00+08:00,COLLIE_BESS2,75.0,367.0,7,a6b6c3d1-06e3-44bf-b206-aa67daf14508,IN-SERVICE,NON-LIQUID,370.67,
2026-08-13T07:50:00+08:00,COLLIE_BESS2,150.0,622.0,8,a6b6c3d1-06e3-44bf-b206-aa67daf14508,IN-SERVICE,NON-LIQUID,628.22,
2026-08-13T07:50:00+08:00,COLLIE_BESS2,0.0,1188.12,9,a6b6c3d1-06e3-44bf-b206-aa67daf14508,IN-SERVICE,NON-LIQUID,1200.0,
2026-08-13T07:50:00+08:00,COLLIE_BESS2,0.0,1188.12,10,a6b6c3d1-06e3-44bf-b206-aa67daf14508,IN-SERVICE,NON-LIQUID,1200.0,
2026-08-13T07:50:00+08:00,COLLIE_ESR4,-250.0,106.17,1,77b9608f-e01f-46a4-8c9a-5df261c9a184,IN-SERVICE,NOT APPLICABLE,106.11,0.0
2026-08-13T07:50:00+08:00,COLLIE_ESR4,250.0,125.35,2,77b9608f-e01f-46a4-8c9a-5df261c9a184,IN-SERVICE,NOT APPLICABLE,125.27,0.0
2026-08-13T07:50:00+08:00,COLLIE_ESR5,-250.0,109.98,1,e8fd66d9-6ecd-45e9-925d-748d77876a39,IN-SERVICE,NOT APPLICABLE,109.91,0.0
2026-08-13T07:50:00+08:00,COLLIE_ESR5,250.0,125.38,2,e8fd66d9-6ecd-45e9-925d-748d77876a39,IN-SERVICE,NOT APPLICABLE,125.3,0.0
2026-08-13T07:55:00+08:00,KWINANA_ESR1,-100.0,111.9,1,409e104f-f13d-41cd-b6de-aeeacfbbc7fc,IN-SERVICE,NOT APPLICABLE,111.86,0.0
2026-08-13T07:55:00+08:00,KWINANA_ESR1,64.212,125.1,2,409e104f-f13d-41cd-b6de-aeeacfbbc7fc,IN-SERVICE,NOT APPLICABLE,125.05,0.0
2026-08-13T07:55:00+08:00,KWINANA_ESR1,35.788,126.64,3,409e104f-f13d-41cd-b6de-aeeacfbbc7fc,IN-SERVICE,NOT APPLICABLE,126.59,0.0
2026-08-13T07:55:00+08:00,COLLIE_ESR1,0.0,-1000.0,1,435a4e40-b309-4cb8-b372-adb314310022,IN-SERVICE,NON-LIQUID,-999.4,
2026-08-13T07:55:00+08:00,COLLIE_ESR1,-100.0,-42.46,2,435a4e40-b309-4cb8-b372-adb314310022,IN-SERVICE,NON-LIQUID,-42.43,
2026-08-13T07:55:00+08:00,COLLIE_ESR1,-100.0,-10.0,3,435a4e40-b309-4cb8-b372-adb314310022,IN-SERVICE,NON-LIQUID,-9.99,
2026-08-13T07:55:00+08:00,COLLIE_ESR1,0.0,34.02,4,435a4e40-b309-4cb8-b372-adb314310022,IN-SERVICE,NON-LIQUID,34.0,
2026-08-13T07:55:00+08:00,COLLIE_ESR1,0.0,60.0,5,435a4e40-b309-4cb8-b372-adb314310022,IN-SERVICE,NON-LIQUID,59.96,
2026-08-13T07:55:00+08:00,COLLIE_ESR1,50.0,250.0,6,435a4e40-b309-4cb8-b372-adb314310022,IN-SERVICE,NON-LIQUID,249.85,
2026-08-13T07:55:00+08:00,COLLIE_ESR1,100.0,367.0,7,435a4e40-b309-4cb8-b372-adb314310022,IN-SERVICE,NON-LIQUID,366.78,
2026-08-13T07:55:00+08:00,COLLIE_ESR1,50.0,622.0,8,435a4e40-b309-4cb8-b372-adb314310022,IN-SERVICE,NON-LIQUID,621.63,
2026-08-13T07:55:00+08:00,COLLIE_ESR1,0.0,1199.9,9,435a4e40-b309-4cb8-b372-adb314310022,IN-SERVICE,NON-LIQUID,1199.18,
2026-08-13T07:55:00+08:00,COLLIE_ESR1,0.0,1200.0,10,435a4e40-b309-4cb8-b372-adb314310022,IN-SERVICE,NON-LIQUID,1199.28,
2026-08-13T07:55:00+08:00,KWINANA_ESR2,-225.0,110.3,1,4f528aaf-dadb-40bb-9c8b-180368fe150f,IN-SERVICE,NOT APPLICABLE,110.19,0.0
2026-08-13T07:55:00+08:00,KWINANA_ESR2,225.0,125.3,2,4f528aaf-dadb-40bb-9c8b-180368fe150f,IN-SERVICE,NOT APPLICABLE,125.17,0.0
2026-08-13T07:55:00+08:00,COLLIE_BESS2,0.0,-990.1,1,43f2379e-2d90-46fc-943c-0c4733ac2efe,IN-SERVICE,NON-LIQUID,-1000.0,
2026-08-13T07:55:00+08:00,COLLIE_BESS2,-150.0,-42.46,2,43f2379e-2d90-46fc-943c-0c4733ac2efe,IN-SERVICE,NON-LIQUID,-42.88,
2026-08-13T07:55:00+08:00,COLLIE_BESS2,-150.0,-10.0,3,43f2379e-2d90-46fc-943c-0c4733ac2efe,IN-SERVICE,NON-LIQUID,-10.1,
2026-08-13T07:55:00+08:00,COLLIE_BESS2,0.0,34.02,4,43f2379e-2d90-46fc-943c-0c4733ac2efe,IN-SERVICE,NON-LIQUID,34.36,
2026-08-13T07:55:00+08:00,COLLIE_BESS2,0.0,60.0,5,43f2379e-2d90-46fc-943c-0c4733ac2efe,IN-SERVICE,NON-LIQUID,60.6,
2026-08-13T07:55:00+08:00,COLLIE_BESS2,75.0,250.0,6,43f2379e-2d90-46fc-943c-0c4733ac2efe,IN-SERVICE,NON-LIQUID,252.5,
2026-08-13T07:55:00+08:00,COLLIE_BESS2,75.0,367.0,7,43f2379e-2d90-46fc-943c-0c4733ac2efe,IN-SERVICE,NON-LIQUID,370.67,
2026-08-13T07:55:00+08:00,COLLIE_BESS2,150.0,622.0,8,43f2379e-2d90-46fc-943c-0c4733ac2efe,IN-SERVICE,NON-LIQUID,628.22,
2026-08-13T07:55:00+08:00,COLLIE_BESS2,0.0,1188.12,9,43f2379e-2d90-46fc-943c-0c4733ac2efe,IN-SERVICE,NON-LIQUID,1200.0,
2026-08-13T07:55:00+08:00,COLLIE_BESS2,0.0,1188.12,10,43f2379e-2d90-46fc-943c-0c4733ac2efe,IN-SERVICE,NON-LIQUID,1200.0,
2026-08-13T07:55:00+08:00,COLLIE_ESR4,-250.0,102.38,1,77b9608f-e01f-46a4-8c9a-5df261c9a184,IN-SERVICE,NOT APPLICABLE,102.32,0.0
2026-08-13T07:55:00+08:00,COLLIE_ESR4,250.0,125.35,2,77b9608f-e01f-46a4-8c9a-5df261c9a184,IN-SERVICE,NOT APPLICABLE,125.27,0.0
2026-08-13T07:55:00+08:00,COLLIE_ESR5,-250.0,109.98,1,e8fd66d9-6ecd-45e9-925d-748d77876a39,IN-SERVICE,NOT APPLICABLE,109.91,0.0
2026-08-13T07:55:00+08:00,COLLIE_ESR5,250.0,125.38,2,e8fd66d9-6ecd-45e9-925d-748d77876a39,IN-SERVICE,NOT APPLICABLE,125.3,0.0
