dispatch_interval,code,quantity,submitted_price,tranche,submission_id,capacity_type,fuel_type,lfa_price,notice_time
2026-06-12T08:00:00+08:00,KWINANA_ESR1,-100.0,95.47,1,e9e7a39b-e4f7-4aaf-89ca-07547e15134e,IN-SERVICE,NOT APPLICABLE,95.78,0.0
2026-06-12T08:00:00+08:00,KWINANA_ESR1,100.0,110.23,2,e9e7a39b-e4f7-4aaf-89ca-07547e15134e,IN-SERVICE,NOT APPLICABLE,110.58,0.0
2026-06-12T08:00:00+08:00,COLLIE_ESR1,0.0,-987.3,1,fc78a93c-21f0-4d53-b453-631c721cadbb,IN-SERVICE,NON-LIQUID,-1000.0,
2026-06-12T08:00:00+08:00,COLLIE_ESR1,-100.0,-42.46,2,fc78a93c-21f0-4d53-b453-631c721cadbb,IN-SERVICE,NON-LIQUID,-43.01,
2026-06-12T08:00:00+08:00,COLLIE_ESR1,-100.0,-10.0,3,fc78a93c-21f0-4d53-b453-631c721cadbb,IN-SERVICE,NON-LIQUID,-10.13,
2026-06-12T08:00:00+08:00,COLLIE_ESR1,0.0,34.02,4,fc78a93c-21f0-4d53-b453-631c721cadbb,IN-SERVICE,NON-LIQUID,34.46,
2026-06-12T08:00:00+08:00,COLLIE_ESR1,0.0,43.98,5,fc78a93c-21f0-4d53-b453-631c721cadbb,IN-SERVICE,NON-LIQUID,44.55,
2026-06-12T08:00:00+08:00,COLLIE_ESR1,100.0,150.0,6,fc78a93c-21f0-4d53-b453-631c721cadbb,IN-SERVICE,NON-LIQUID,151.93,
2026-06-12T08:00:00+08:00,COLLIE_ESR1,100.0,250.0,7,fc78a93c-21f0-4d53-b453-631c721cadbb,IN-SERVICE,NON-LIQUID,253.22,
2026-06-12T08:00:00+08:00,COLLIE_ESR1,0.0,400.0,8,fc78a93c-21f0-4d53-b453-631c721cadbb,IN-SERVICE,NON-LIQUID,405.15,
2026-06-12T08:00:00+08:00,COLLIE_ESR1,0.0,622.0,9,fc78a93c-21f0-4d53-b453-631c721cadbb,IN-SERVICE,NON-LIQUID,630.0,
2026-06-12T08:00:00+08:00,COLLIE_ESR1,0.0,1678.41,10,fc78a93c-21f0-4d53-b453-631c721cadbb,IN-SERVICE,NON-LIQUID,1700.0,
2026-06-12T08:00:00+08:00,KWINANA_ESR2,-225.0,89.1,1,bf760d1a-f57c-4792-899b-8deee2a2763d,IN-SERVICE,NOT APPLICABLE,89.3,0.0
2026-06-12T08:00:00+08:00,KWINANA_ESR2,225.0,104.54,2,bf760d1a-f57c-4792-899b-8deee2a2763d,IN-SERVICE,NOT APPLICABLE,104.77,0.0
2026-06-12T08:00:00+08:00,COLLIE_BESS2,0.0,-987.3,1,d3ae3c5b-c242-4d34-9103-56ad5292a717,IN-SERVICE,NON-LIQUID,-1000.0,
2026-06-12T08:00:00+08:00,COLLIE_BESS2,-150.0,-42.46,2,d3ae3c5b-c242-4d34-9103-56ad5292a717,IN-SERVICE,NON-LIQUID,-43.01,
2026-06-12T08:00:00+08:00,COLLIE_BESS2,-150.0,-10.0,3,d3ae3c5b-c242-4d34-9103-56ad5292a717,IN-SERVICE,NON-LIQUID,-10.13,
2026-06-12T08:00:00+08:00,COLLIE_BESS2,0.0,34.02,4,d3ae3c5b-c242-4d34-9103-56ad5292a717,IN-SERVICE,NON-LIQUID,34.46,
2026-06-12T08:00:00+08:00,COLLIE_BESS2,0.0,43.98,5,d3ae3c5b-c242-4d34-9103-56ad5292a717,IN-SERVICE,NON-LIQUID,44.55,
2026-06-12T08:00:00+08:00,COLLIE_BESS2,150.0,150.0,6,d3ae3c5b-c242-4d34-9103-56ad5292a717,IN-SERVICE,NON-LIQUID,151.93,
2026-06-12T08:00:00+08:00,COLLIE_BESS2,150.0,250.0,7,d3ae3c5b-c242-4d34-9103-56ad5292a717,IN-SERVICE,NON-LIQUID,253.22,
2026-06-12T08:00:00+08:00,COLLIE_BESS2,0.0,377.74,8,d3ae3c5b-c242-4d34-9103-56ad5292a717,IN-SERVICE,NON-LIQUID,382.6,
2026-06-12T08:00:00+08:00,COLLIE_BESS2,0.0,622.0,9,d3ae3c5b-c242-4d34-9103-56ad5292a717,IN-SERVICE,NON-LIQUID,630.0,
2026-06-12T08:00:00+08:00,COLLIE_BESS2,0.0,1678.41,10,d3ae3c5b-c242-4d34-9103-56ad5292a717,IN-SERVICE,NON-LIQUID,1700.0,
2026-06-12T08:00:00+08:00,COLLIE_ESR4,-250.0,88.12,1,16fea305-22b4-4854-8cec-986a3e1f44bf,IN-SERVICE,NOT APPLICABLE,89.25,0.0
2026-06-12T08:00:00+08:00,COLLIE_ESR4,250.0,103.46,2,16fea305-22b4-4854-8cec-986a3e1f44bf,IN-SERVICE,NOT APPLICABLE,104.79,0.0
2026-06-12T08:00:00+08:00,COLLIE_ESR5,-250.0,88.24,1,fa07aa3d-6c2e-41ef-abd6-ef5492ac4dc8,IN-SERVICE,NOT APPLICABLE,89.38,0.0
2026-06-12T08:00:00+08:00,COLLIE_ESR5,250.0,103.36,2,fa07aa3d-6c2e-41ef-abd6-ef5492ac4dc8,IN-SERVICE,NOT APPLICABLE,104.69,0.0
2026-06-12T08:05:00+08:00,KWINANA_ESR1,-100.0,95.47,1,e9e7a39b-e4f7-4aaf-89ca-07547e15134e,IN-SERVICE,NOT APPLICABLE,95.78,0.0
2026-06-12T08:05:00+08:00,KWINANA_ESR1,100.0,110.23,2,e9e7a39b-e4f7-4aaf-89ca-07547e15134e,IN-SERVICE,NOT APPLICABLE,110.58,0.0
2026-06-12T08:05:00+08:00,COLLIE_ESR1,0.0,-987.3,1,fc83e508-8d7f-4548-96bb-1d6009b5adb2,IN-SERVICE,NON-LIQUID,-1000.0,
2026-06-12T08:05:00+08:00,COLLIE_ESR1,-100.0,-42.46,2,fc83e508-8d7f-4548-96bb-1d6009b5adb2,IN-SERVICE,NON-LIQUID,-43.01,
2026-06-12T08:05:00+08:00,COLLIE_ESR1,-100.0,-10.0,3,fc83e508-8d7f-4548-96bb-1d6009b5adb2,IN-SERVICE,NON-LIQUID,-10.13,
2026-06-12T08:05:00+08:00,COLLIE_ESR1,0.0,34.02,4,fc83e508-8d7f-4548-96bb-1d6009b5adb2,IN-SERVICE,NON-LIQUID,34.46,
2026-06-12T08:05:00+08:00,COLLIE_ESR1,0.0,43.98,5,fc83e508-8d7f-4548-96bb-1d6009b5adb2,IN-SERVICE,NON-LIQUID,44.55,
2026-06-12T08:05:00+08:00,COLLIE_ESR1,100.0,150.0,6,fc83e508-8d7f-4548-96bb-1d6009b5adb2,IN-SERVICE,NON-LIQUID,151.93,
2026-06-12T08:05:00+08:00,COLLIE_ESR1,100.0,250.0,7,fc83e508-8d7f-4548-96bb-1d6009b5adb2,IN-SERVICE,NON-LIQUID,253.22,
2026-06-12T08:05:00+08:00,COLLIE_ESR1,0.0,400.0,8,fc83e508-8d7f-4548-96bb-1d6009b5adb2,IN-SERVICE,NON-LIQUID,405.15,
2026-06-12T08:05:00+08:00,COLLIE_ESR1,0.0,622.0,9,fc83e508-8d7f-4548-96bb-1d6009b5adb2,IN-SERVICE,NON-LIQUID,630.0,
2026-06-12T08:05:00+08:00,COLLIE_ESR1,0.0,1678.41,10,fc83e508-8d7f-4548-96bb-1d6009b5adb2,IN-SERVICE,NON-LIQUID,1700.0,
2026-06-12T08:05:00+08:00,KWINANA_ESR2,-225.0,89.1,1,bf760d1a-f57c-4792-899b-8deee2a2763d,IN-SERVICE,NOT APPLICABLE,89.3,0.0
2026-06-12T08:05:00+08:00,KWINANA_ESR2,225.0,104.54,2,bf760d1a-f57c-4792-899b-8deee2a2763d,IN-SERVICE,NOT APPLICABLE,104.77,0.0
2026-06-12T08:05:00+08:00,COLLIE_BESS2,0.0,-987.3,1,6a4d08c5-6f13-41b0-b45b-7752241a757a,IN-SERVICE,NON-LIQUID,-1000.0,
2026-06-12T08:05:00+08:00,COLLIE_BESS2,-150.0,-42.46,2,6a4d08c5-6f13-41b0-b45b-7752241a757a,IN-SERVICE,NON-LIQUID,-43.01,
2026-06-12T08:05:00+08:00,COLLIE_BESS2,-150.0,-10.0,3,6a4d08c5-6f13-41b0-b45b-7752241a757a,IN-SERVICE,NON-LIQUID,-10.13,
2026-06-12T08:05:00+08:00,COLLIE_BESS2,0.0,34.02,4,6a4d08c5-6f13-41b0-b45b-7752241a757a,IN-SERVICE,NON-LIQUID,34.46,
2026-06-12T08:05:00+08:00,COLLIE_BESS2,0.0,43.98,5,6a4d08c5-6f13-41b0-b45b-7752241a757a,IN-SERVICE,NON-LIQUID,44.55,
2026-06-12T08:05:00+08:00,COLLIE_BESS2,150.0,150.0,6,6a4d08c5-6f13-41b0-b45b-7752241a757a,IN-SERVICE,NON-LIQUID,151.93,
2026-06-12T08:05:00+08:00,COLLIE_BESS2,150.0,250.0,7,6a4d08c5-6f13-41b0-b45b-7752241a757a,IN-SERVICE,NON-LIQUID,253.22,
2026-06-12T08:05:00+08:00,COLLIE_BESS2,0.0,377.74,8,6a4d08c5-6f13-41b0-b45b-7752241a757a,IN-SERVICE,NON-LIQUID,382.6,
2026-06-12T08:05:00+08:00,COLLIE_BESS2,0.0,622.0,9,6a4d08c5-6f13-41b0-b45b-7752241a757a,IN-SERVICE,NON-LIQUID,630.0,
2026-06-12T08:05:00+08:00,COLLIE_BESS2,0.0,1678.41,10,6a4d08c5-6f13-41b0-b45b-7752241a757a,IN-SERVICE,NON-LIQUID,1700.0,
2026-06-12T08:05:00+08:00,COLLIE_ESR4,-250.0,88.1,1,16fea305-22b4-4854-8cec-986a3e1f44bf,IN-SERVICE,NOT APPLICABLE,89.23,0.0
2026-06-12T08:05:00+08:00,COLLIE_ESR4,250.0,103.44,2,16fea305-22b4-4854-8cec-986a3e1f44bf,IN-SERVICE,NOT APPLICABLE,104.77,0.0
2026-06-12T08:05:00+08:00,COLLIE_ESR5,-250.0,88.24,1,fa07aa3d-6c2e-41ef-abd6-ef5492ac4dc8,IN-SERVICE,NOT APPLICABLE,89.38,0.0
2026-06-12T08:05:00+08:00,COLLIE_ESR5,250.0,103.36,2,fa07aa3d-6c2e-41ef-abd6-ef5492ac4dc8,IN-SERVICE,NOT APPLICABLE,104.69,0.0
2026-06-12T08:10:00+08:00,KWINANA_ESR1,-100.0,89.34,1,2454f60a-eb66-4855-a955-1ed2d3392972,IN-SERVICE,NOT APPLICABLE,89.63,0.0
2026-06-12T08:10:00+08:00,KWINANA_ESR1,100.0,104.1,2,2454f60a-eb66-4855-a955-1ed2d3392972,IN-SERVICE,NOT APPLICABLE,104.43,0.0
2026-06-12T08:10:00+08:00,COLLIE_ESR1,0.0,-987.3,1,032cab0f-2e7c-47ee-87d6-2ed7ca759076,IN-SERVICE,NON-LIQUID,-1000.0,
2026-06-12T08:10:00+08:00,COLLIE_ESR1,-100.0,-42.46,2,032cab0f-2e7c-47ee-87d6-2ed7ca759076,IN-SERVICE,NON-LIQUID,-43.01,
2026-06-12T08:10:00+08:00,COLLIE_ESR1,-100.0,-10.0,3,032cab0f-2e7c-47ee-87d6-2ed7ca759076,IN-SERVICE,NON-LIQUID,-10.13,
2026-06-12T08:10:00+08:00,COLLIE_ESR1,0.0,34.02,4,032cab0f-2e7c-47ee-87d6-2ed7ca759076,IN-SERVICE,NON-LIQUID,34.46,
2026-06-12T08:10:00+08:00,COLLIE_ESR1,0.0,43.98,5,032cab0f-2e7c-47ee-87d6-2ed7ca759076,IN-SERVICE,NON-LIQUID,44.55,
2026-06-12T08:10:00+08:00,COLLIE_ESR1,100.0,150.0,6,032cab0f-2e7c-47ee-87d6-2ed7ca759076,IN-SERVICE,NON-LIQUID,151.93,
2026-06-12T08:10:00+08:00,COLLIE_ESR1,100.0,250.0,7,032cab0f-2e7c-47ee-87d6-2ed7ca759076,IN-SERVICE,NON-LIQUID,253.22,
2026-06-12T08:10:00+08:00,COLLIE_ESR1,0.0,400.0,8,032cab0f-2e7c-47ee-87d6-2ed7ca759076,IN-SERVICE,NON-LIQUID,405.15,
2026-06-12T08:10:00+08:00,COLLIE_ESR1,0.0,622.0,9,032cab0f-2e7c-47ee-87d6-2ed7ca759076,IN-SERVICE,NON-LIQUID,630.0,
2026-06-12T08:10:00+08:00,COLLIE_ESR1,0.0,1678.41,10,032cab0f-2e7c-47ee-87d6-2ed7ca759076,IN-SERVICE,NON-LIQUID,1700.0,
2026-06-12T08:10:00+08:00,KWINANA_ESR2,-225.0,82.54,1,70e9ac27-b578-449b-953c-37318ab4d050,IN-SERVICE,NOT APPLICABLE,82.72,0.0
2026-06-12T08:10:00+08:00,KWINANA_ESR2,225.0,97.98,2,70e9ac27-b578-449b-953c-37318ab4d050,IN-SERVICE,NOT APPLICABLE,98.2,0.0
2026-06-12T08:10:00+08:00,COLLIE_BESS2,0.0,-987.3,1,fb168e65-c8d1-4d44-9078-3ad47112784a,IN-SERVICE,NON-LIQUID,-1000.0,
2026-06-12T08:10:00+08:00,COLLIE_BESS2,-150.0,-42.46,2,fb168e65-c8d1-4d44-9078-3ad47112784a,IN-SERVICE,NON-LIQUID,-43.01,
2026-06-12T08:10:00+08:00,COLLIE_BESS2,-150.0,-10.0,3,fb168e65-c8d1-4d44-9078-3ad47112784a,IN-SERVICE,NON-LIQUID,-10.13,
2026-06-12T08:10:00+08:00,COLLIE_BESS2,0.0,34.02,4,fb168e65-c8d1-4d44-9078-3ad47112784a,IN-SERVICE,NON-LIQUID,34.46,
2026-06-12T08:10:00+08:00,COLLIE_BESS2,0.0,43.98,5,fb168e65-c8d1-4d44-9078-3ad47112784a,IN-SERVICE,NON-LIQUID,44.55,
2026-06-12T08:10:00+08:00,COLLIE_BESS2,150.0,150.0,6,fb168e65-c8d1-4d44-9078-3ad47112784a,IN-SERVICE,NON-LIQUID,151.93,
2026-06-12T08:10:00+08:00,COLLIE_BESS2,150.0,250.0,7,fb168e65-c8d1-4d44-9078-3ad47112784a,IN-SERVICE,NON-LIQUID,253.22,
2026-06-12T08:10:00+08:00,COLLIE_BESS2,0.0,377.74,8,fb168e65-c8d1-4d44-9078-3ad47112784a,IN-SERVICE,NON-LIQUID,382.6,
2026-06-12T08:10:00+08:00,COLLIE_BESS2,0.0,622.0,9,fb168e65-c8d1-4d44-9078-3ad47112784a,IN-SERVICE,NON-LIQUID,630.0,
2026-06-12T08:10:00+08:00,COLLIE_BESS2,0.0,1678.41,10,fb168e65-c8d1-4d44-9078-3ad47112784a,IN-SERVICE,NON-LIQUID,1700.0,
2026-06-12T08:10:00+08:00,COLLIE_ESR4,-250.0,78.34,1,e7b83b70-e2f1-4a78-8083-dc6596757920,IN-SERVICE,NOT APPLICABLE,79.35,0.0
2026-06-12T08:10:00+08:00,COLLIE_ESR4,250.0,96.99,2,e7b83b70-e2f1-4a78-8083-dc6596757920,IN-SERVICE,NOT APPLICABLE,98.24,0.0
2026-06-12T08:10:00+08:00,COLLIE_ESR5,-250.0,86.13,1,37a2ba98-9b38-4df7-b381-f0b15d1eca12,IN-SERVICE,NOT APPLICABLE,87.24,0.0
2026-06-12T08:10:00+08:00,COLLIE_ESR5,250.0,101.26,2,37a2ba98-9b38-4df7-b381-f0b15d1eca12,IN-SERVICE,NOT APPLICABLE,102.56,0.0
2026-06-12T08:15:00+08:00,KWINANA_ESR1,-100.0,88.93,1,2454f60a-eb66-4855-a955-1ed2d3392972,IN-SERVICE,NOT APPLICABLE,89.22,0.0
2026-06-12T08:15:00+08:00,KWINANA_ESR1,100.0,103.69,2,2454f60a-eb66-4855-a955-1ed2d3392972,IN-SERVICE,NOT APPLICABLE,104.02,0.0
2026-06-12T08:15:00+08:00,COLLIE_ESR1,0.0,-987.3,1,d10a3a95-8d29-4d88-8ebd-b0b7a5780b6e,IN-SERVICE,NON-LIQUID,-1000.0,
2026-06-12T08:15:00+08:00,COLLIE_ESR1,-100.0,-42.46,2,d10a3a95-8d29-4d88-8ebd-b0b7a5780b6e,IN-SERVICE,NON-LIQUID,-43.01,
2026-06-12T08:15:00+08:00,COLLIE_ESR1,-100.0,-10.0,3,d10a3a95-8d29-4d88-8ebd-b0b7a5780b6e,IN-SERVICE,NON-LIQUID,-10.13,
2026-06-12T08:15:00+08:00,COLLIE_ESR1,0.0,34.02,4,d10a3a95-8d29-4d88-8ebd-b0b7a5780b6e,IN-SERVICE,NON-LIQUID,34.46,
2026-06-12T08:15:00+08:00,COLLIE_ESR1,0.0,43.98,5,d10a3a95-8d29-4d88-8ebd-b0b7a5780b6e,IN-SERVICE,NON-LIQUID,44.55,
2026-06-12T08:15:00+08:00,COLLIE_ESR1,100.0,150.0,6,d10a3a95-8d29-4d88-8ebd-b0b7a5780b6e,IN-SERVICE,NON-LIQUID,151.93,
2026-06-12T08:15:00+08:00,COLLIE_ESR1,100.0,250.0,7,d10a3a95-8d29-4d88-8ebd-b0b7a5780b6e,IN-SERVICE,NON-LIQUID,253.22,
2026-06-12T08:15:00+08:00,COLLIE_ESR1,0.0,400.0,8,d10a3a95-8d29-4d88-8ebd-b0b7a5780b6e,IN-SERVICE,NON-LIQUID,405.15,
2026-06-12T08:15:00+08:00,COLLIE_ESR1,0.0,622.0,9,d10a3a95-8d29-4d88-8ebd-b0b7a5780b6e,IN-SERVICE,NON-LIQUID,630.0,
2026-06-12T08:15:00+08:00,COLLIE_ESR1,0.0,1678.41,10,d10a3a95-8d29-4d88-8ebd-b0b7a5780b6e,IN-SERVICE,NON-LIQUID,1700.0,
2026-06-12T08:15:00+08:00,KWINANA_ESR2,-225.0,79.22,1,70e9ac27-b578-449b-953c-37318ab4d050,IN-SERVICE,NOT APPLICABLE,79.39,0.0
2026-06-12T08:15:00+08:00,KWINANA_ESR2,225.0,97.98,2,70e9ac27-b578-449b-953c-37318ab4d050,IN-SERVICE,NOT APPLICABLE,98.2,0.0
2026-06-12T08:15:00+08:00,COLLIE_BESS2,0.0,-987.3,1,7e05f3e2-3b29-4487-9927-c416c58208b2,IN-SERVICE,NON-LIQUID,-1000.0,
2026-06-12T08:15:00+08:00,COLLIE_BESS2,-150.0,-42.46,2,7e05f3e2-3b29-4487-9927-c416c58208b2,IN-SERVICE,NON-LIQUID,-43.01,
2026-06-12T08:15:00+08:00,COLLIE_BESS2,-150.0,-10.0,3,7e05f3e2-3b29-4487-9927-c416c58208b2,IN-SERVICE,NON-LIQUID,-10.13,
2026-06-12T08:15:00+08:00,COLLIE_BESS2,0.0,34.02,4,7e05f3e2-3b29-4487-9927-c416c58208b2,IN-SERVICE,NON-LIQUID,34.46,
2026-06-12T08:15:00+08:00,COLLIE_BESS2,0.0,43.98,5,7e05f3e2-3b29-4487-9927-c416c58208b2,IN-SERVICE,NON-LIQUID,44.55,
2026-06-12T08:15:00+08:00,COLLIE_BESS2,150.0,150.0,6,7e05f3e2-3b29-4487-9927-c416c58208b2,IN-SERVICE,NON-LIQUID,151.93,
2026-06-12T08:15:00+08:00,COLLIE_BESS2,150.0,250.0,7,7e05f3e2-3b29-4487-9927-c416c58208b2,IN-SERVICE,NON-LIQUID,253.22,
2026-06-12T08:15:00+08:00,COLLIE_BESS2,0.0,377.74,8,7e05f3e2-3b29-4487-9927-c416c58208b2,IN-SERVICE,NON-LIQUID,382.6,
2026-06-12T08:15:00+08:00,COLLIE_BESS2,0.0,622.0,9,7e05f3e2-3b29-4487-9927-c416c58208b2,IN-SERVICE,NON-LIQUID,630.0,
2026-06-12T08:15:00+08:00,COLLIE_BESS2,0.0,1678.41,10,7e05f3e2-3b29-4487-9927-c416c58208b2,IN-SERVICE,NON-LIQUID,1700.0,
2026-06-12T08:15:00+08:00,COLLIE_ESR4,-250.0,78.34,1,e7b83b70-e2f1-4a78-8083-dc6596757920,IN-SERVICE,NOT APPLICABLE,79.35,0.0
2026-06-12T08:15:00+08:00,COLLIE_ESR4,250.0,96.99,2,e7b83b70-e2f1-4a78-8083-dc6596757920,IN-SERVICE,NOT APPLICABLE,98.24,0.0
2026-06-12T08:15:00+08:00,COLLIE_ESR5,-250.0,86.13,1,37a2ba98-9b38-4df7-b381-f0b15d1eca12,IN-SERVICE,NOT APPLICABLE,87.24,0.0
2026-06-12T08:15:00+08:00,COLLIE_ESR5,250.0,101.26,2,37a2ba98-9b38-4df7-b381-f0b15d1eca12,IN-SERVICE,NOT APPLICABLE,102.56,0.0
2026-06-12T08:20:00+08:00,KWINANA_ESR1,-100.0,88.93,1,2454f60a-eb66-4855-a955-1ed2d3392972,IN-SERVICE,NOT APPLICABLE,89.22,0.0
2026-06-12T08:20:00+08:00,KWINANA_ESR1,100.0,103.69,2,2454f60a-eb66-4855-a955-1ed2d3392972,IN-SERVICE,NOT APPLICABLE,104.02,0.0
2026-06-12T08:20:00+08:00,COLLIE_ESR1,0.0,-987.3,1,789f4337-90be-4b70-b611-b521f1c1b1d9,IN-SERVICE,NON-LIQUID,-1000.0,
2026-06-12T08:20:00+08:00,COLLIE_ESR1,-100.0,-42.46,2,789f4337-90be-4b70-b611-b521f1c1b1d9,IN-SERVICE,NON-LIQUID,-43.01,
2026-06-12T08:20:00+08:00,COLLIE_ESR1,-100.0,-10.0,3,789f4337-90be-4b70-b611-b521f1c1b1d9,IN-SERVICE,NON-LIQUID,-10.13,
2026-06-12T08:20:00+08:00,COLLIE_ESR1,0.0,34.02,4,789f4337-90be-4b70-b611-b521f1c1b1d9,IN-SERVICE,NON-LIQUID,34.46,
2026-06-12T08:20:00+08:00,COLLIE_ESR1,0.0,43.98,5,789f4337-90be-4b70-b611-b521f1c1b1d9,IN-SERVICE,NON-LIQUID,44.55,
2026-06-12T08:20:00+08:00,COLLIE_ESR1,100.0,150.0,6,789f4337-90be-4b70-b611-b521f1c1b1d9,IN-SERVICE,NON-LIQUID,151.93,
2026-06-12T08:20:00+08:00,COLLIE_ESR1,100.0,250.0,7,789f4337-90be-4b70-b611-b521f1c1b1d9,IN-SERVICE,NON-LIQUID,253.22,
2026-06-12T08:20:00+08:00,COLLIE_ESR1,0.0,400.0,8,789f4337-90be-4b70-b611-b521f1c1b1d9,IN-SERVICE,NON-LIQUID,405.15,
2026-06-12T08:20:00+08:00,COLLIE_ESR1,0.0,622.0,9,789f4337-90be-4b70-b611-b521f1c1b1d9,IN-SERVICE,NON-LIQUID,630.0,
2026-06-12T08:20:00+08:00,COLLIE_ESR1,0.0,1678.41,10,789f4337-90be-4b70-b611-b521f1c1b1d9,IN-SERVICE,NON-LIQUID,1700.0,
2026-06-12T08:20:00+08:00,KWINANA_ESR2,-225.0,79.22,1,70e9ac27-b578-449b-953c-37318ab4d050,IN-SERVICE,NOT APPLICABLE,79.39,0.0
2026-06-12T08:20:00+08:00,KWINANA_ESR2,225.0,97.98,2,70e9ac27-b578-449b-953c-37318ab4d050,IN-SERVICE,NOT APPLICABLE,98.2,0.0
2026-06-12T08:20:00+08:00,COLLIE_BESS2,0.0,-987.3,1,6c66d741-90f2-4907-b476-0f426c445211,IN-SERVICE,NON-LIQUID,-1000.0,
2026-06-12T08:20:00+08:00,COLLIE_BESS2,-150.0,-42.46,2,6c66d741-90f2-4907-b476-0f426c445211,IN-SERVICE,NON-LIQUID,-43.01,
2026-06-12T08:20:00+08:00,COLLIE_BESS2,-150.0,-10.0,3,6c66d741-90f2-4907-b476-0f426c445211,IN-SERVICE,NON-LIQUID,-10.13,
2026-06-12T08:20:00+08:00,COLLIE_BESS2,0.0,34.02,4,6c66d741-90f2-4907-b476-0f426c445211,IN-SERVICE,NON-LIQUID,34.46,
2026-06-12T08:20:00+08:00,COLLIE_BESS2,0.0,43.98,5,6c66d741-90f2-4907-b476-0f426c445211,IN-SERVICE,NON-LIQUID,44.55,
2026-06-12T08:20:00+08:00,COLLIE_BESS2,150.0,150.0,6,6c66d741-90f2-4907-b476-0f426c445211,IN-SERVICE,NON-LIQUID,151.93,
2026-06-12T08:20:00+08:00,COLLIE_BESS2,150.0,250.0,7,6c66d741-90f2-4907-b476-0f426c445211,IN-SERVICE,NON-LIQUID,253.22,
2026-06-12T08:20:00+08:00,COLLIE_BESS2,0.0,377.74,8,6c66d741-90f2-4907-b476-0f426c445211,IN-SERVICE,NON-LIQUID,382.6,
2026-06-12T08:20:00+08:00,COLLIE_BESS2,0.0,622.0,9,6c66d741-90f2-4907-b476-0f426c445211,IN-SERVICE,NON-LIQUID,630.0,
2026-06-12T08:20:00+08:00,COLLIE_BESS2,0.0,1678.41,10,6c66d741-90f2-4907-b476-0f426c445211,IN-SERVICE,NON-LIQUID,1700.0,
2026-06-12T08:20:00+08:00,COLLIE_ESR4,-250.0,78.34,1,e7b83b70-e2f1-4a78-8083-dc6596757920,IN-SERVICE,NOT APPLICABLE,79.35,0.0
2026-06-12T08:20:00+08:00,COLLIE_ESR4,250.0,96.99,2,e7b83b70-e2f1-4a78-8083-dc6596757920,IN-SERVICE,NOT APPLICABLE,98.24,0.0
2026-06-12T08:20:00+08:00,COLLIE_ESR5,-250.0,81.75,1,37a2ba98-9b38-4df7-b381-f0b15d1eca12,IN-SERVICE,NOT APPLICABLE,82.8,0.0
2026-06-12T08:20:00+08:00,COLLIE_ESR5,250.0,101.26,2,37a2ba98-9b38-4df7-b381-f0b15d1eca12,IN-SERVICE,NOT APPLICABLE,102.56,0.0
2026-06-12T08:25:00+08:00,KWINANA_ESR1,-100.0,90.5,1,eb2fc841-25dd-4bc3-808d-5ab39a952462,IN-SERVICE,NOT APPLICABLE,90.79,0.0
2026-06-12T08:25:00+08:00,KWINANA_ESR1,100.0,105.27,2,eb2fc841-25dd-4bc3-808d-5ab39a952462,IN-SERVICE,NOT APPLICABLE,105.61,0.0
2026-06-12T08:25:00+08:00,COLLIE_ESR1,0.0,-987.3,1,ac1a5ebe-786f-4f41-9bc2-7e137dd6167a,IN-SERVICE,NON-LIQUID,-1000.0,
2026-06-12T08:25:00+08:00,COLLIE_ESR1,-21.0,-42.46,2,ac1a5ebe-786f-4f41-9bc2-7e137dd6167a,IN-SERVICE,NON-LIQUID,-43.01,
2026-06-12T08:25:00+08:00,COLLIE_ESR1,-22.0,-10.0,3,ac1a5ebe-786f-4f41-9bc2-7e137dd6167a,IN-SERVICE,NON-LIQUID,-10.13,
2026-06-12T08:25:00+08:00,COLLIE_ESR1,0.0,34.02,4,ac1a5ebe-786f-4f41-9bc2-7e137dd6167a,IN-SERVICE,NON-LIQUID,34.46,
2026-06-12T08:25:00+08:00,COLLIE_ESR1,0.0,43.98,5,ac1a5ebe-786f-4f41-9bc2-7e137dd6167a,IN-SERVICE,NON-LIQUID,44.55,
2026-06-12T08:25:00+08:00,COLLIE_ESR1,-157.0,97.13,6,ac1a5ebe-786f-4f41-9bc2-7e137dd6167a,IN-SERVICE,NON-LIQUID,98.38,
2026-06-12T08:25:00+08:00,COLLIE_ESR1,100.0,150.0,7,ac1a5ebe-786f-4f41-9bc2-7e137dd6167a,IN-SERVICE,NON-LIQUID,151.93,
2026-06-12T08:25:00+08:00,COLLIE_ESR1,100.0,250.0,8,ac1a5ebe-786f-4f41-9bc2-7e137dd6167a,IN-SERVICE,NON-LIQUID,253.22,
2026-06-12T08:25:00+08:00,COLLIE_ESR1,0.0,622.0,9,ac1a5ebe-786f-4f41-9bc2-7e137dd6167a,IN-SERVICE,NON-LIQUID,630.0,
2026-06-12T08:25:00+08:00,COLLIE_ESR1,0.0,1678.41,10,ac1a5ebe-786f-4f41-9bc2-7e137dd6167a,IN-SERVICE,NON-LIQUID,1700.0,
2026-06-12T08:25:00+08:00,KWINANA_ESR2,-225.0,80.5,1,8a460b95-a54e-45ad-8615-96c78eeace51,IN-SERVICE,NOT APPLICABLE,80.68,0.0
2026-06-12T08:25:00+08:00,KWINANA_ESR2,225.0,98.24,2,8a460b95-a54e-45ad-8615-96c78eeace51,IN-SERVICE,NOT APPLICABLE,98.46,0.0
2026-06-12T08:25:00+08:00,COLLIE_BESS2,0.0,-987.3,1,7152add4-d3bd-45ec-986a-ad930c3a0e0d,IN-SERVICE,NON-LIQUID,-1000.0,
2026-06-12T08:25:00+08:00,COLLIE_BESS2,-43.0,-42.46,2,7152add4-d3bd-45ec-986a-ad930c3a0e0d,IN-SERVICE,NON-LIQUID,-43.01,
2026-06-12T08:25:00+08:00,COLLIE_BESS2,-43.0,-10.0,3,7152add4-d3bd-45ec-986a-ad930c3a0e0d,IN-SERVICE,NON-LIQUID,-10.13,
2026-06-12T08:25:00+08:00,COLLIE_BESS2,0.0,34.02,4,7152add4-d3bd-45ec-986a-ad930c3a0e0d,IN-SERVICE,NON-LIQUID,34.46,
2026-06-12T08:25:00+08:00,COLLIE_BESS2,0.0,43.98,5,7152add4-d3bd-45ec-986a-ad930c3a0e0d,IN-SERVICE,NON-LIQUID,44.55,
2026-06-12T08:25:00+08:00,COLLIE_BESS2,-214.0,97.13,6,7152add4-d3bd-45ec-986a-ad930c3a0e0d,IN-SERVICE,NON-LIQUID,98.38,
2026-06-12T08:25:00+08:00,COLLIE_BESS2,150.0,150.0,7,7152add4-d3bd-45ec-986a-ad930c3a0e0d,IN-SERVICE,NON-LIQUID,151.93,
2026-06-12T08:25:00+08:00,COLLIE_BESS2,150.0,250.0,8,7152add4-d3bd-45ec-986a-ad930c3a0e0d,IN-SERVICE,NON-LIQUID,253.22,
2026-06-12T08:25:00+08:00,COLLIE_BESS2,0.0,622.0,9,7152add4-d3bd-45ec-986a-ad930c3a0e0d,IN-SERVICE,NON-LIQUID,630.0,
2026-06-12T08:25:00+08:00,COLLIE_BESS2,0.0,1678.41,10,7152add4-d3bd-45ec-986a-ad930c3a0e0d,IN-SERVICE,NON-LIQUID,1700.0,
2026-06-12T08:25:00+08:00,COLLIE_ESR4,-250.0,78.34,1,36c28aa1-32b5-4a78-aa03-7c9415a0d5a5,IN-SERVICE,NOT APPLICABLE,79.35,0.0
2026-06-12T08:25:00+08:00,COLLIE_ESR4,250.0,95.27,2,36c28aa1-32b5-4a78-aa03-7c9415a0d5a5,IN-SERVICE,NOT APPLICABLE,96.5,0.0
2026-06-12T08:25:00+08:00,COLLIE_ESR5,-250.0,79.74,1,488b778a-ecdf-49be-abf2-72f63eef895b,IN-SERVICE,NOT APPLICABLE,80.77,0.0
2026-06-12T08:25:00+08:00,COLLIE_ESR5,250.0,95.15,2,488b778a-ecdf-49be-abf2-72f63eef895b,IN-SERVICE,NOT APPLICABLE,96.37,0.0
2026-06-12T08:30:00+08:00,KWINANA_ESR1,-100.0,90.5,1,eb2fc841-25dd-4bc3-808d-5ab39a952462,IN-SERVICE,NOT APPLICABLE,90.79,0.0
2026-06-12T08:30:00+08:00,KWINANA_ESR1,100.0,105.27,2,eb2fc841-25dd-4bc3-808d-5ab39a952462,IN-SERVICE,NOT APPLICABLE,105.61,0.0
2026-06-12T08:30:00+08:00,COLLIE_ESR1,0.0,-987.3,1,3cd92710-832c-4524-8a65-712a190b85d0,IN-SERVICE,NON-LIQUID,-1000.0,
2026-06-12T08:30:00+08:00,COLLIE_ESR1,-21.0,-42.46,2,3cd92710-832c-4524-8a65-712a190b85d0,IN-SERVICE,NON-LIQUID,-43.01,
2026-06-12T08:30:00+08:00,COLLIE_ESR1,-22.0,-10.0,3,3cd92710-832c-4524-8a65-712a190b85d0,IN-SERVICE,NON-LIQUID,-10.13,
2026-06-12T08:30:00+08:00,COLLIE_ESR1,0.0,34.02,4,3cd92710-832c-4524-8a65-712a190b85d0,IN-SERVICE,NON-LIQUID,34.46,
2026-06-12T08:30:00+08:00,COLLIE_ESR1,0.0,60.0,5,3cd92710-832c-4524-8a65-712a190b85d0,IN-SERVICE,NON-LIQUID,60.77,
2026-06-12T08:30:00+08:00,COLLIE_ESR1,-157.0,97.11,6,3cd92710-832c-4524-8a65-712a190b85d0,IN-SERVICE,NON-LIQUID,98.36,
2026-06-12T08:30:00+08:00,COLLIE_ESR1,100.0,150.0,7,3cd92710-832c-4524-8a65-712a190b85d0,IN-SERVICE,NON-LIQUID,151.93,
2026-06-12T08:30:00+08:00,COLLIE_ESR1,100.0,250.0,8,3cd92710-832c-4524-8a65-712a190b85d0,IN-SERVICE,NON-LIQUID,253.22,
2026-06-12T08:30:00+08:00,COLLIE_ESR1,0.0,1678.41,9,3cd92710-832c-4524-8a65-712a190b85d0,IN-SERVICE,NON-LIQUID,1700.0,
2026-06-12T08:30:00+08:00,COLLIE_ESR1,0.0,1678.41,10,3cd92710-832c-4524-8a65-712a190b85d0,IN-SERVICE,NON-LIQUID,1700.0,
2026-06-12T08:30:00+08:00,KWINANA_ESR2,-225.0,80.5,1,8a460b95-a54e-45ad-8615-96c78eeace51,IN-SERVICE,NOT APPLICABLE,80.68,0.0
2026-06-12T08:30:00+08:00,KWINANA_ESR2,225.0,101.53,2,8a460b95-a54e-45ad-8615-96c78eeace51,IN-SERVICE,NOT APPLICABLE,101.75,0.0
2026-06-12T08:30:00+08:00,COLLIE_BESS2,0.0,-987.3,1,ac38c319-a6f2-4cfc-a634-c99aa1e1b6c0,IN-SERVICE,NON-LIQUID,-1000.0,
2026-06-12T08:30:00+08:00,COLLIE_BESS2,-43.0,-42.46,2,ac38c319-a6f2-4cfc-a634-c99aa1e1b6c0,IN-SERVICE,NON-LIQUID,-43.01,
2026-06-12T08:30:00+08:00,COLLIE_BESS2,-43.0,-10.0,3,ac38c319-a6f2-4cfc-a634-c99aa1e1b6c0,IN-SERVICE,NON-LIQUID,-10.13,
2026-06-12T08:30:00+08:00,COLLIE_BESS2,0.0,34.02,4,ac38c319-a6f2-4cfc-a634-c99aa1e1b6c0,IN-SERVICE,NON-LIQUID,34.46,
2026-06-12T08:30:00+08:00,COLLIE_BESS2,0.0,60.0,5,ac38c319-a6f2-4cfc-a634-c99aa1e1b6c0,IN-SERVICE,NON-LIQUID,60.77,
2026-06-12T08:30:00+08:00,COLLIE_BESS2,-214.0,97.11,6,ac38c319-a6f2-4cfc-a634-c99aa1e1b6c0,IN-SERVICE,NON-LIQUID,98.36,
2026-06-12T08:30:00+08:00,COLLIE_BESS2,150.0,150.0,7,ac38c319-a6f2-4cfc-a634-c99aa1e1b6c0,IN-SERVICE,NON-LIQUID,151.93,
2026-06-12T08:30:00+08:00,COLLIE_BESS2,150.0,250.0,8,ac38c319-a6f2-4cfc-a634-c99aa1e1b6c0,IN-SERVICE,NON-LIQUID,253.22,
2026-06-12T08:30:00+08:00,COLLIE_BESS2,0.0,1678.41,9,ac38c319-a6f2-4cfc-a634-c99aa1e1b6c0,IN-SERVICE,NON-LIQUID,1700.0,
2026-06-12T08:30:00+08:00,COLLIE_BESS2,0.0,1678.41,10,ac38c319-a6f2-4cfc-a634-c99aa1e1b6c0,IN-SERVICE,NON-LIQUID,1700.0,
2026-06-12T08:30:00+08:00,COLLIE_ESR4,-250.0,78.34,1,36c28aa1-32b5-4a78-aa03-7c9415a0d5a5,IN-SERVICE,NOT APPLICABLE,79.35,0.0
2026-06-12T08:30:00+08:00,COLLIE_ESR4,250.0,95.27,2,36c28aa1-32b5-4a78-aa03-7c9415a0d5a5,IN-SERVICE,NOT APPLICABLE,96.5,0.0
2026-06-12T08:30:00+08:00,COLLIE_ESR5,-250.0,78.46,1,488b778a-ecdf-49be-abf2-72f63eef895b,IN-SERVICE,NOT APPLICABLE,79.47,0.0
2026-06-12T08:30:00+08:00,COLLIE_ESR5,250.0,95.15,2,488b778a-ecdf-49be-abf2-72f63eef895b,IN-SERVICE,NOT APPLICABLE,96.37,0.0
2026-06-12T08:35:00+08:00,KWINANA_ESR1,-100.0,90.5,1,eb2fc841-25dd-4bc3-808d-5ab39a952462,IN-SERVICE,NOT APPLICABLE,90.79,0.0
2026-06-12T08:35:00+08:00,KWINANA_ESR1,100.0,105.27,2,eb2fc841-25dd-4bc3-808d-5ab39a952462,IN-SERVICE,NOT APPLICABLE,105.61,0.0
2026-06-12T08:35:00+08:00,COLLIE_ESR1,0.0,-987.3,1,b2ff50f8-937d-4ef2-a7df-e089c7f57d9b,IN-SERVICE,NON-LIQUID,-1000.0,
2026-06-12T08:35:00+08:00,COLLIE_ESR1,-22.0,-42.46,2,b2ff50f8-937d-4ef2-a7df-e089c7f57d9b,IN-SERVICE,NON-LIQUID,-43.01,
2026-06-12T08:35:00+08:00,COLLIE_ESR1,-23.0,-10.0,3,b2ff50f8-937d-4ef2-a7df-e089c7f57d9b,IN-SERVICE,NON-LIQUID,-10.13,
2026-06-12T08:35:00+08:00,COLLIE_ESR1,0.0,34.02,4,b2ff50f8-937d-4ef2-a7df-e089c7f57d9b,IN-SERVICE,NON-LIQUID,34.46,
2026-06-12T08:35:00+08:00,COLLIE_ESR1,0.0,60.0,5,b2ff50f8-937d-4ef2-a7df-e089c7f57d9b,IN-SERVICE,NON-LIQUID,60.77,
2026-06-12T08:35:00+08:00,COLLIE_ESR1,-155.0,97.11,6,b2ff50f8-937d-4ef2-a7df-e089c7f57d9b,IN-SERVICE,NON-LIQUID,98.36,
2026-06-12T08:35:00+08:00,COLLIE_ESR1,100.0,150.0,7,b2ff50f8-937d-4ef2-a7df-e089c7f57d9b,IN-SERVICE,NON-LIQUID,151.93,
2026-06-12T08:35:00+08:00,COLLIE_ESR1,100.0,250.0,8,b2ff50f8-937d-4ef2-a7df-e089c7f57d9b,IN-SERVICE,NON-LIQUID,253.22,
2026-06-12T08:35:00+08:00,COLLIE_ESR1,0.0,1678.41,9,b2ff50f8-937d-4ef2-a7df-e089c7f57d9b,IN-SERVICE,NON-LIQUID,1700.0,
2026-06-12T08:35:00+08:00,COLLIE_ESR1,0.0,1678.41,10,b2ff50f8-937d-4ef2-a7df-e089c7f57d9b,IN-SERVICE,NON-LIQUID,1700.0,
2026-06-12T08:35:00+08:00,KWINANA_ESR2,-225.0,80.8,1,8a460b95-a54e-45ad-8615-96c78eeace51,IN-SERVICE,NOT APPLICABLE,80.98,0.0
2026-06-12T08:35:00+08:00,KWINANA_ESR2,225.0,101.53,2,8a460b95-a54e-45ad-8615-96c78eeace51,IN-SERVICE,NOT APPLICABLE,101.75,0.0
2026-06-12T08:35:00+08:00,COLLIE_BESS2,0.0,-987.3,1,93ad7777-10c0-490f-a94d-f4b258ac516e,IN-SERVICE,NON-LIQUID,-1000.0,
2026-06-12T08:35:00+08:00,COLLIE_BESS2,-44.0,-42.46,2,93ad7777-10c0-490f-a94d-f4b258ac516e,IN-SERVICE,NON-LIQUID,-43.01,
2026-06-12T08:35:00+08:00,COLLIE_BESS2,-44.0,-10.0,3,93ad7777-10c0-490f-a94d-f4b258ac516e,IN-SERVICE,NON-LIQUID,-10.13,
2026-06-12T08:35:00+08:00,COLLIE_BESS2,0.0,34.02,4,93ad7777-10c0-490f-a94d-f4b258ac516e,IN-SERVICE,NON-LIQUID,34.46,
2026-06-12T08:35:00+08:00,COLLIE_BESS2,0.0,60.0,5,93ad7777-10c0-490f-a94d-f4b258ac516e,IN-SERVICE,NON-LIQUID,60.77,
2026-06-12T08:35:00+08:00,COLLIE_BESS2,-212.0,97.11,6,93ad7777-10c0-490f-a94d-f4b258ac516e,IN-SERVICE,NON-LIQUID,98.36,
2026-06-12T08:35:00+08:00,COLLIE_BESS2,150.0,150.0,7,93ad7777-10c0-490f-a94d-f4b258ac516e,IN-SERVICE,NON-LIQUID,151.93,
2026-06-12T08:35:00+08:00,COLLIE_BESS2,150.0,250.0,8,93ad7777-10c0-490f-a94d-f4b258ac516e,IN-SERVICE,NON-LIQUID,253.22,
2026-06-12T08:35:00+08:00,COLLIE_BESS2,0.0,1678.41,9,93ad7777-10c0-490f-a94d-f4b258ac516e,IN-SERVICE,NON-LIQUID,1700.0,
2026-06-12T08:35:00+08:00,COLLIE_BESS2,0.0,1678.41,10,93ad7777-10c0-490f-a94d-f4b258ac516e,IN-SERVICE,NON-LIQUID,1700.0,
2026-06-12T08:35:00+08:00,COLLIE_ESR4,-250.0,78.34,1,36c28aa1-32b5-4a78-aa03-7c9415a0d5a5,IN-SERVICE,NOT APPLICABLE,79.35,0.0
2026-06-12T08:35:00+08:00,COLLIE_ESR4,250.0,95.27,2,36c28aa1-32b5-4a78-aa03-7c9415a0d5a5,IN-SERVICE,NOT APPLICABLE,96.5,0.0
2026-06-12T08:35:00+08:00,COLLIE_ESR5,-250.0,78.46,1,488b778a-ecdf-49be-abf2-72f63eef895b,IN-SERVICE,NOT APPLICABLE,79.47,0.0
2026-06-12T08:35:00+08:00,COLLIE_ESR5,250.0,95.15,2,488b778a-ecdf-49be-abf2-72f63eef895b,IN-SERVICE,NOT APPLICABLE,96.37,0.0
2026-06-12T08:40:00+08:00,KWINANA_ESR1,-100.0,88.81,1,5870ad02-d7fd-4c35-aafc-815390e17187,IN-SERVICE,NOT APPLICABLE,89.1,0.0
2026-06-12T08:40:00+08:00,KWINANA_ESR1,100.0,103.57,2,5870ad02-d7fd-4c35-aafc-815390e17187,IN-SERVICE,NOT APPLICABLE,103.9,0.0
2026-06-12T08:40:00+08:00,COLLIE_ESR1,0.0,-987.3,1,726d44e5-6cf2-40c3-8586-07a2446d7d92,IN-SERVICE,NON-LIQUID,-1000.0,
2026-06-12T08:40:00+08:00,COLLIE_ESR1,-22.0,-42.46,2,726d44e5-6cf2-40c3-8586-07a2446d7d92,IN-SERVICE,NON-LIQUID,-43.01,
2026-06-12T08:40:00+08:00,COLLIE_ESR1,-23.0,-10.0,3,726d44e5-6cf2-40c3-8586-07a2446d7d92,IN-SERVICE,NON-LIQUID,-10.13,
2026-06-12T08:40:00+08:00,COLLIE_ESR1,0.0,34.02,4,726d44e5-6cf2-40c3-8586-07a2446d7d92,IN-SERVICE,NON-LIQUID,34.46,
2026-06-12T08:40:00+08:00,COLLIE_ESR1,0.0,60.0,5,726d44e5-6cf2-40c3-8586-07a2446d7d92,IN-SERVICE,NON-LIQUID,60.77,
2026-06-12T08:40:00+08:00,COLLIE_ESR1,-155.0,97.11,6,726d44e5-6cf2-40c3-8586-07a2446d7d92,IN-SERVICE,NON-LIQUID,98.36,
2026-06-12T08:40:00+08:00,COLLIE_ESR1,100.0,150.0,7,726d44e5-6cf2-40c3-8586-07a2446d7d92,IN-SERVICE,NON-LIQUID,151.93,
2026-06-12T08:40:00+08:00,COLLIE_ESR1,100.0,250.0,8,726d44e5-6cf2-40c3-8586-07a2446d7d92,IN-SERVICE,NON-LIQUID,253.22,
2026-06-12T08:40:00+08:00,COLLIE_ESR1,0.0,1678.41,9,726d44e5-6cf2-40c3-8586-07a2446d7d92,IN-SERVICE,NON-LIQUID,1700.0,
2026-06-12T08:40:00+08:00,COLLIE_ESR1,0.0,1678.41,10,726d44e5-6cf2-40c3-8586-07a2446d7d92,IN-SERVICE,NON-LIQUID,1700.0,
2026-06-12T08:40:00+08:00,KWINANA_ESR2,-225.0,88.57,1,efa97f57-4182-4178-886e-060905d0f488,IN-SERVICE,NOT APPLICABLE,88.77,0.0
2026-06-12T08:40:00+08:00,KWINANA_ESR2,225.0,107.61,2,efa97f57-4182-4178-886e-060905d0f488,IN-SERVICE,NOT APPLICABLE,107.85,0.0
2026-06-12T08:40:00+08:00,COLLIE_BESS2,0.0,-987.3,1,45ec1dc8-c1db-4621-ba2e-530ea73787ce,IN-SERVICE,NON-LIQUID,-1000.0,
2026-06-12T08:40:00+08:00,COLLIE_BESS2,-44.0,-42.46,2,45ec1dc8-c1db-4621-ba2e-530ea73787ce,IN-SERVICE,NON-LIQUID,-43.01,
2026-06-12T08:40:00+08:00,COLLIE_BESS2,-44.0,-10.0,3,45ec1dc8-c1db-4621-ba2e-530ea73787ce,IN-SERVICE,NON-LIQUID,-10.13,
2026-06-12T08:40:00+08:00,COLLIE_BESS2,0.0,34.02,4,45ec1dc8-c1db-4621-ba2e-530ea73787ce,IN-SERVICE,NON-LIQUID,34.46,
2026-06-12T08:40:00+08:00,COLLIE_BESS2,0.0,60.0,5,45ec1dc8-c1db-4621-ba2e-530ea73787ce,IN-SERVICE,NON-LIQUID,60.77,
2026-06-12T08:40:00+08:00,COLLIE_BESS2,-212.0,97.11,6,45ec1dc8-c1db-4621-ba2e-530ea73787ce,IN-SERVICE,NON-LIQUID,98.36,
2026-06-12T08:40:00+08:00,COLLIE_BESS2,150.0,150.0,7,45ec1dc8-c1db-4621-ba2e-530ea73787ce,IN-SERVICE,NON-LIQUID,151.93,
2026-06-12T08:40:00+08:00,COLLIE_BESS2,150.0,250.0,8,45ec1dc8-c1db-4621-ba2e-530ea73787ce,IN-SERVICE,NON-LIQUID,253.22,
2026-06-12T08:40:00+08:00,COLLIE_BESS2,0.0,1678.41,9,45ec1dc8-c1db-4621-ba2e-530ea73787ce,IN-SERVICE,NON-LIQUID,1700.0,
2026-06-12T08:40:00+08:00,COLLIE_BESS2,0.0,1678.41,10,45ec1dc8-c1db-4621-ba2e-530ea73787ce,IN-SERVICE,NON-LIQUID,1700.0,
2026-06-12T08:40:00+08:00,COLLIE_ESR4,-250.0,87.59,1,5283a118-4cae-441c-aa1e-7153aec1797c,IN-SERVICE,NOT APPLICABLE,88.72,0.0
2026-06-12T08:40:00+08:00,COLLIE_ESR4,250.0,106.52,2,5283a118-4cae-441c-aa1e-7153aec1797c,IN-SERVICE,NOT APPLICABLE,107.89,0.0
2026-06-12T08:40:00+08:00,COLLIE_ESR5,-250.0,91.28,1,aac55580-9b04-46c9-bf51-e9aae6256657,IN-SERVICE,NOT APPLICABLE,92.45,0.0
2026-06-12T08:40:00+08:00,COLLIE_ESR5,250.0,106.4,2,aac55580-9b04-46c9-bf51-e9aae6256657,IN-SERVICE,NOT APPLICABLE,107.77,0.0
2026-06-12T08:45:00+08:00,KWINANA_ESR1,-100.0,88.81,1,5870ad02-d7fd-4c35-aafc-815390e17187,IN-SERVICE,NOT APPLICABLE,89.1,0.0
2026-06-12T08:45:00+08:00,KWINANA_ESR1,100.0,103.57,2,5870ad02-d7fd-4c35-aafc-815390e17187,IN-SERVICE,NOT APPLICABLE,103.9,0.0
2026-06-12T08:45:00+08:00,COLLIE_ESR1,0.0,-987.3,1,6a4df052-ead3-448f-bf1f-85dbae908a3e,IN-SERVICE,NON-LIQUID,-1000.0,
2026-06-12T08:45:00+08:00,COLLIE_ESR1,-22.0,-42.46,2,6a4df052-ead3-448f-bf1f-85dbae908a3e,IN-SERVICE,NON-LIQUID,-43.01,
2026-06-12T08:45:00+08:00,COLLIE_ESR1,-23.0,-10.0,3,6a4df052-ead3-448f-bf1f-85dbae908a3e,IN-SERVICE,NON-LIQUID,-10.13,
2026-06-12T08:45:00+08:00,COLLIE_ESR1,0.0,34.02,4,6a4df052-ead3-448f-bf1f-85dbae908a3e,IN-SERVICE,NON-LIQUID,34.46,
2026-06-12T08:45:00+08:00,COLLIE_ESR1,0.0,60.0,5,6a4df052-ead3-448f-bf1f-85dbae908a3e,IN-SERVICE,NON-LIQUID,60.77,
2026-06-12T08:45:00+08:00,COLLIE_ESR1,-155.0,97.11,6,6a4df052-ead3-448f-bf1f-85dbae908a3e,IN-SERVICE,NON-LIQUID,98.36,
2026-06-12T08:45:00+08:00,COLLIE_ESR1,100.0,150.0,7,6a4df052-ead3-448f-bf1f-85dbae908a3e,IN-SERVICE,NON-LIQUID,151.93,
2026-06-12T08:45:00+08:00,COLLIE_ESR1,100.0,250.0,8,6a4df052-ead3-448f-bf1f-85dbae908a3e,IN-SERVICE,NON-LIQUID,253.22,
2026-06-12T08:45:00+08:00,COLLIE_ESR1,0.0,1678.41,9,6a4df052-ead3-448f-bf1f-85dbae908a3e,IN-SERVICE,NON-LIQUID,1700.0,
2026-06-12T08:45:00+08:00,COLLIE_ESR1,0.0,1678.41,10,6a4df052-ead3-448f-bf1f-85dbae908a3e,IN-SERVICE,NON-LIQUID,1700.0,
2026-06-12T08:45:00+08:00,KWINANA_ESR2,-225.0,90.44,1,efa97f57-4182-4178-886e-060905d0f488,IN-SERVICE,NOT APPLICABLE,90.64,0.0
2026-06-12T08:45:00+08:00,KWINANA_ESR2,225.0,107.61,2,efa97f57-4182-4178-886e-060905d0f488,IN-SERVICE,NOT APPLICABLE,107.85,0.0
2026-06-12T08:45:00+08:00,COLLIE_BESS2,0.0,-987.3,1,e006025d-b332-4b3f-9a8a-4a305aa56b39,IN-SERVICE,NON-LIQUID,-1000.0,
2026-06-12T08:45:00+08:00,COLLIE_BESS2,-44.0,-42.46,2,e006025d-b332-4b3f-9a8a-4a305aa56b39,IN-SERVICE,NON-LIQUID,-43.01,
2026-06-12T08:45:00+08:00,COLLIE_BESS2,-44.0,-10.0,3,e006025d-b332-4b3f-9a8a-4a305aa56b39,IN-SERVICE,NON-LIQUID,-10.13,
2026-06-12T08:45:00+08:00,COLLIE_BESS2,0.0,34.02,4,e006025d-b332-4b3f-9a8a-4a305aa56b39,IN-SERVICE,NON-LIQUID,34.46,
2026-06-12T08:45:00+08:00,COLLIE_BESS2,0.0,60.0,5,e006025d-b332-4b3f-9a8a-4a305aa56b39,IN-SERVICE,NON-LIQUID,60.77,
2026-06-12T08:45:00+08:00,COLLIE_BESS2,-212.0,97.11,6,e006025d-b332-4b3f-9a8a-4a305aa56b39,IN-SERVICE,NON-LIQUID,98.36,
2026-06-12T08:45:00+08:00,COLLIE_BESS2,150.0,150.0,7,e006025d-b332-4b3f-9a8a-4a305aa56b39,IN-SERVICE,NON-LIQUID,151.93,
2026-06-12T08:45:00+08:00,COLLIE_BESS2,150.0,250.0,8,e006025d-b332-4b3f-9a8a-4a305aa56b39,IN-SERVICE,NON-LIQUID,253.22,
2026-06-12T08:45:00+08:00,COLLIE_BESS2,0.0,1678.41,9,e006025d-b332-4b3f-9a8a-4a305aa56b39,IN-SERVICE,NON-LIQUID,1700.0,
2026-06-12T08:45:00+08:00,COLLIE_BESS2,0.0,1678.41,10,e006025d-b332-4b3f-9a8a-4a305aa56b39,IN-SERVICE,NON-LIQUID,1700.0,
2026-06-12T08:45:00+08:00,COLLIE_ESR4,-250.0,90.0,1,5283a118-4cae-441c-aa1e-7153aec1797c,IN-SERVICE,NOT APPLICABLE,91.16,0.0
2026-06-12T08:45:00+08:00,COLLIE_ESR4,250.0,106.52,2,5283a118-4cae-441c-aa1e-7153aec1797c,IN-SERVICE,NOT APPLICABLE,107.89,0.0
2026-06-12T08:45:00+08:00,COLLIE_ESR5,-250.0,91.28,1,aac55580-9b04-46c9-bf51-e9aae6256657,IN-SERVICE,NOT APPLICABLE,92.45,0.0
2026-06-12T08:45:00+08:00,COLLIE_ESR5,250.0,106.4,2,aac55580-9b04-46c9-bf51-e9aae6256657,IN-SERVICE,NOT APPLICABLE,107.77,0.0
2026-06-12T08:50:00+08:00,KWINANA_ESR1,-100.0,88.68,1,5870ad02-d7fd-4c35-aafc-815390e17187,IN-SERVICE,NOT APPLICABLE,88.96,0.0
2026-06-12T08:50:00+08:00,KWINANA_ESR1,100.0,103.44,2,5870ad02-d7fd-4c35-aafc-815390e17187,IN-SERVICE,NOT APPLICABLE,103.77,0.0
2026-06-12T08:50:00+08:00,COLLIE_ESR1,0.0,-987.3,1,6247fb3a-ba11-463c-9f00-ff497217ecff,IN-SERVICE,NON-LIQUID,-1000.0,
2026-06-12T08:50:00+08:00,COLLIE_ESR1,-22.0,-42.46,2,6247fb3a-ba11-463c-9f00-ff497217ecff,IN-SERVICE,NON-LIQUID,-43.01,
2026-06-12T08:50:00+08:00,COLLIE_ESR1,-23.0,-10.0,3,6247fb3a-ba11-463c-9f00-ff497217ecff,IN-SERVICE,NON-LIQUID,-10.13,
2026-06-12T08:50:00+08:00,COLLIE_ESR1,0.0,34.02,4,6247fb3a-ba11-463c-9f00-ff497217ecff,IN-SERVICE,NON-LIQUID,34.46,
2026-06-12T08:50:00+08:00,COLLIE_ESR1,0.0,60.0,5,6247fb3a-ba11-463c-9f00-ff497217ecff,IN-SERVICE,NON-LIQUID,60.77,
2026-06-12T08:50:00+08:00,COLLIE_ESR1,-155.0,100.68,6,6247fb3a-ba11-463c-9f00-ff497217ecff,IN-SERVICE,NON-LIQUID,101.98,
2026-06-12T08:50:00+08:00,COLLIE_ESR1,100.0,150.0,7,6247fb3a-ba11-463c-9f00-ff497217ecff,IN-SERVICE,NON-LIQUID,151.93,
2026-06-12T08:50:00+08:00,COLLIE_ESR1,100.0,250.0,8,6247fb3a-ba11-463c-9f00-ff497217ecff,IN-SERVICE,NON-LIQUID,253.22,
2026-06-12T08:50:00+08:00,COLLIE_ESR1,0.0,1678.41,9,6247fb3a-ba11-463c-9f00-ff497217ecff,IN-SERVICE,NON-LIQUID,1700.0,
2026-06-12T08:50:00+08:00,COLLIE_ESR1,0.0,1678.41,10,6247fb3a-ba11-463c-9f00-ff497217ecff,IN-SERVICE,NON-LIQUID,1700.0,
2026-06-12T08:50:00+08:00,KWINANA_ESR2,-225.0,91.0,1,efa97f57-4182-4178-886e-060905d0f488,IN-SERVICE,NOT APPLICABLE,91.2,0.0
2026-06-12T08:50:00+08:00,KWINANA_ESR2,225.0,107.61,2,efa97f57-4182-4178-886e-060905d0f488,IN-SERVICE,NOT APPLICABLE,107.85,0.0
2026-06-12T08:50:00+08:00,COLLIE_BESS2,0.0,-987.3,1,817d432d-3f35-49ad-a662-a9a5787b233b,IN-SERVICE,NON-LIQUID,-1000.0,
2026-06-12T08:50:00+08:00,COLLIE_BESS2,-44.0,-42.46,2,817d432d-3f35-49ad-a662-a9a5787b233b,IN-SERVICE,NON-LIQUID,-43.01,
2026-06-12T08:50:00+08:00,COLLIE_BESS2,-44.0,-10.0,3,817d432d-3f35-49ad-a662-a9a5787b233b,IN-SERVICE,NON-LIQUID,-10.13,
2026-06-12T08:50:00+08:00,COLLIE_BESS2,0.0,34.02,4,817d432d-3f35-49ad-a662-a9a5787b233b,IN-SERVICE,NON-LIQUID,34.46,
2026-06-12T08:50:00+08:00,COLLIE_BESS2,0.0,60.0,5,817d432d-3f35-49ad-a662-a9a5787b233b,IN-SERVICE,NON-LIQUID,60.77,
2026-06-12T08:50:00+08:00,COLLIE_BESS2,-212.0,100.68,6,817d432d-3f35-49ad-a662-a9a5787b233b,IN-SERVICE,NON-LIQUID,101.98,
2026-06-12T08:50:00+08:00,COLLIE_BESS2,150.0,150.0,7,817d432d-3f35-49ad-a662-a9a5787b233b,IN-SERVICE,NON-LIQUID,151.93,
2026-06-12T08:50:00+08:00,COLLIE_BESS2,150.0,250.0,8,817d432d-3f35-49ad-a662-a9a5787b233b,IN-SERVICE,NON-LIQUID,253.22,
2026-06-12T08:50:00+08:00,COLLIE_BESS2,0.0,1678.41,9,817d432d-3f35-49ad-a662-a9a5787b233b,IN-SERVICE,NON-LIQUID,1700.0,
2026-06-12T08:50:00+08:00,COLLIE_BESS2,0.0,1678.41,10,817d432d-3f35-49ad-a662-a9a5787b233b,IN-SERVICE,NON-LIQUID,1700.0,
2026-06-12T08:50:00+08:00,COLLIE_ESR4,-250.0,91.16,1,5283a118-4cae-441c-aa1e-7153aec1797c,IN-SERVICE,NOT APPLICABLE,92.33,0.0
2026-06-12T08:50:00+08:00,COLLIE_ESR4,250.0,106.52,2,5283a118-4cae-441c-aa1e-7153aec1797c,IN-SERVICE,NOT APPLICABLE,107.89,0.0
2026-06-12T08:50:00+08:00,COLLIE_ESR5,-250.0,91.28,1,aac55580-9b04-46c9-bf51-e9aae6256657,IN-SERVICE,NOT APPLICABLE,92.45,0.0
2026-06-12T08:50:00+08:00,COLLIE_ESR5,250.0,106.4,2,aac55580-9b04-46c9-bf51-e9aae6256657,IN-SERVICE,NOT APPLICABLE,107.77,0.0
2026-06-12T08:55:00+08:00,KWINANA_ESR1,-100.0,99.78,1,125ea5c5-84cf-4b7e-a8c1-492ef11c2312,IN-SERVICE,NOT APPLICABLE,100.1,0.0
2026-06-12T08:55:00+08:00,KWINANA_ESR1,100.0,114.55,2,125ea5c5-84cf-4b7e-a8c1-492ef11c2312,IN-SERVICE,NOT APPLICABLE,114.92,0.0
2026-06-12T08:55:00+08:00,COLLIE_ESR1,0.0,-987.3,1,d5600ee9-8f3f-4fb5-be17-5c578004ba65,IN-SERVICE,NON-LIQUID,-1000.0,
2026-06-12T08:55:00+08:00,COLLIE_ESR1,-100.0,-42.46,2,d5600ee9-8f3f-4fb5-be17-5c578004ba65,IN-SERVICE,NON-LIQUID,-43.01,
2026-06-12T08:55:00+08:00,COLLIE_ESR1,-100.0,-10.0,3,d5600ee9-8f3f-4fb5-be17-5c578004ba65,IN-SERVICE,NON-LIQUID,-10.13,
2026-06-12T08:55:00+08:00,COLLIE_ESR1,0.0,34.02,4,d5600ee9-8f3f-4fb5-be17-5c578004ba65,IN-SERVICE,NON-LIQUID,34.46,
2026-06-12T08:55:00+08:00,COLLIE_ESR1,0.0,60.0,5,d5600ee9-8f3f-4fb5-be17-5c578004ba65,IN-SERVICE,NON-LIQUID,60.77,
2026-06-12T08:55:00+08:00,COLLIE_ESR1,100.0,150.0,6,d5600ee9-8f3f-4fb5-be17-5c578004ba65,IN-SERVICE,NON-LIQUID,151.93,
2026-06-12T08:55:00+08:00,COLLIE_ESR1,100.0,250.0,7,d5600ee9-8f3f-4fb5-be17-5c578004ba65,IN-SERVICE,NON-LIQUID,253.22,
2026-06-12T08:55:00+08:00,COLLIE_ESR1,0.0,1130.59,8,d5600ee9-8f3f-4fb5-be17-5c578004ba65,IN-SERVICE,NON-LIQUID,1145.13,
2026-06-12T08:55:00+08:00,COLLIE_ESR1,0.0,1678.41,9,d5600ee9-8f3f-4fb5-be17-5c578004ba65,IN-SERVICE,NON-LIQUID,1700.0,
2026-06-12T08:55:00+08:00,COLLIE_ESR1,0.0,1678.41,10,d5600ee9-8f3f-4fb5-be17-5c578004ba65,IN-SERVICE,NON-LIQUID,1700.0,
2026-06-12T08:55:00+08:00,KWINANA_ESR2,-225.0,98.4,1,c1c714c1-490a-4b7b-a6fc-e5650e18f9fc,IN-SERVICE,NOT APPLICABLE,98.62,0.0
2026-06-12T08:55:00+08:00,KWINANA_ESR2,225.0,113.84,2,c1c714c1-490a-4b7b-a6fc-e5650e18f9fc,IN-SERVICE,NOT APPLICABLE,114.09,0.0
2026-06-12T08:55:00+08:00,COLLIE_BESS2,0.0,-987.3,1,88fd8d77-b854-43d4-922c-985187e8af1a,IN-SERVICE,NON-LIQUID,-1000.0,
2026-06-12T08:55:00+08:00,COLLIE_BESS2,-44.0,-42.46,2,88fd8d77-b854-43d4-922c-985187e8af1a,IN-SERVICE,NON-LIQUID,-43.01,
2026-06-12T08:55:00+08:00,COLLIE_BESS2,-44.0,-10.0,3,88fd8d77-b854-43d4-922c-985187e8af1a,IN-SERVICE,NON-LIQUID,-10.13,
2026-06-12T08:55:00+08:00,COLLIE_BESS2,0.0,34.02,4,88fd8d77-b854-43d4-922c-985187e8af1a,IN-SERVICE,NON-LIQUID,34.46,
2026-06-12T08:55:00+08:00,COLLIE_BESS2,0.0,60.0,5,88fd8d77-b854-43d4-922c-985187e8af1a,IN-SERVICE,NON-LIQUID,60.77,
2026-06-12T08:55:00+08:00,COLLIE_BESS2,-212.0,100.68,6,88fd8d77-b854-43d4-922c-985187e8af1a,IN-SERVICE,NON-LIQUID,101.98,
2026-06-12T08:55:00+08:00,COLLIE_BESS2,150.0,150.0,7,88fd8d77-b854-43d4-922c-985187e8af1a,IN-SERVICE,NON-LIQUID,151.93,
2026-06-12T08:55:00+08:00,COLLIE_BESS2,150.0,250.0,8,88fd8d77-b854-43d4-922c-985187e8af1a,IN-SERVICE,NON-LIQUID,253.22,
2026-06-12T08:55:00+08:00,COLLIE_BESS2,0.0,1678.41,9,88fd8d77-b854-43d4-922c-985187e8af1a,IN-SERVICE,NON-LIQUID,1700.0,
2026-06-12T08:55:00+08:00,COLLIE_BESS2,0.0,1678.41,10,88fd8d77-b854-43d4-922c-985187e8af1a,IN-SERVICE,NON-LIQUID,1700.0,
2026-06-12T08:55:00+08:00,COLLIE_ESR4,-250.0,94.2,1,2159de68-a04c-4f67-a42f-0615fd6081ee,IN-SERVICE,NOT APPLICABLE,95.41,0.0
2026-06-12T08:55:00+08:00,COLLIE_ESR4,250.0,112.68,2,2159de68-a04c-4f67-a42f-0615fd6081ee,IN-SERVICE,NOT APPLICABLE,114.13,0.0
2026-06-12T08:55:00+08:00,COLLIE_ESR5,-250.0,97.44,1,8eebc34d-dca8-4512-a159-f3d4d4db611e,IN-SERVICE,NOT APPLICABLE,98.69,0.0
2026-06-12T08:55:00+08:00,COLLIE_ESR5,250.0,117.47,2,8eebc34d-dca8-4512-a159-f3d4d4db611e,IN-SERVICE,NOT APPLICABLE,118.98,0.0
2026-06-12T09:00:00+08:00,KWINANA_ESR1,-100.0,99.78,1,125ea5c5-84cf-4b7e-a8c1-492ef11c2312,IN-SERVICE,NOT APPLICABLE,100.1,0.0
2026-06-12T09:00:00+08:00,KWINANA_ESR1,100.0,114.55,2,125ea5c5-84cf-4b7e-a8c1-492ef11c2312,IN-SERVICE,NOT APPLICABLE,114.92,0.0
2026-06-12T09:00:00+08:00,COLLIE_ESR1,0.0,-987.3,1,b153c001-3621-4d7e-89d6-2ac9739d9fbb,IN-SERVICE,NON-LIQUID,-1000.0,
2026-06-12T09:00:00+08:00,COLLIE_ESR1,-100.0,-42.46,2,b153c001-3621-4d7e-89d6-2ac9739d9fbb,IN-SERVICE,NON-LIQUID,-43.01,
2026-06-12T09:00:00+08:00,COLLIE_ESR1,-100.0,-10.0,3,b153c001-3621-4d7e-89d6-2ac9739d9fbb,IN-SERVICE,NON-LIQUID,-10.13,
2026-06-12T09:00:00+08:00,COLLIE_ESR1,0.0,34.02,4,b153c001-3621-4d7e-89d6-2ac9739d9fbb,IN-SERVICE,NON-LIQUID,34.46,
2026-06-12T09:00:00+08:00,COLLIE_ESR1,0.0,60.0,5,b153c001-3621-4d7e-89d6-2ac9739d9fbb,IN-SERVICE,NON-LIQUID,60.77,
2026-06-12T09:00:00+08:00,COLLIE_ESR1,100.0,150.0,6,b153c001-3621-4d7e-89d6-2ac9739d9fbb,IN-SERVICE,NON-LIQUID,151.93,
2026-06-12T09:00:00+08:00,COLLIE_ESR1,100.0,250.0,7,b153c001-3621-4d7e-89d6-2ac9739d9fbb,IN-SERVICE,NON-LIQUID,253.22,
2026-06-12T09:00:00+08:00,COLLIE_ESR1,0.0,790.98,8,b153c001-3621-4d7e-89d6-2ac9739d9fbb,IN-SERVICE,NON-LIQUID,801.15,
2026-06-12T09:00:00+08:00,COLLIE_ESR1,0.0,791.18,9,b153c001-3621-4d7e-89d6-2ac9739d9fbb,IN-SERVICE,NON-LIQUID,801.36,
2026-06-12T09:00:00+08:00,COLLIE_ESR1,0.0,1678.41,10,b153c001-3621-4d7e-89d6-2ac9739d9fbb,IN-SERVICE,NON-LIQUID,1700.0,
2026-06-12T09:00:00+08:00,KWINANA_ESR2,-225.0,98.4,1,c1c714c1-490a-4b7b-a6fc-e5650e18f9fc,IN-SERVICE,NOT APPLICABLE,98.62,0.0
2026-06-12T09:00:00+08:00,KWINANA_ESR2,225.0,113.84,2,c1c714c1-490a-4b7b-a6fc-e5650e18f9fc,IN-SERVICE,NOT APPLICABLE,114.09,0.0
2026-06-12T09:00:00+08:00,COLLIE_BESS2,0.0,-987.3,1,de21eefb-0ada-41ee-a629-f2318f3603d0,IN-SERVICE,NON-LIQUID,-1000.0,
2026-06-12T09:00:00+08:00,COLLIE_BESS2,-150.0,-42.46,2,de21eefb-0ada-41ee-a629-f2318f3603d0,IN-SERVICE,NON-LIQUID,-43.01,
2026-06-12T09:00:00+08:00,COLLIE_BESS2,-150.0,-10.0,3,de21eefb-0ada-41ee-a629-f2318f3603d0,IN-SERVICE,NON-LIQUID,-10.13,
2026-06-12T09:00:00+08:00,COLLIE_BESS2,0.0,34.02,4,de21eefb-0ada-41ee-a629-f2318f3603d0,IN-SERVICE,NON-LIQUID,34.46,
2026-06-12T09:00:00+08:00,COLLIE_BESS2,0.0,60.0,5,de21eefb-0ada-41ee-a629-f2318f3603d0,IN-SERVICE,NON-LIQUID,60.77,
2026-06-12T09:00:00+08:00,COLLIE_BESS2,150.0,150.0,6,de21eefb-0ada-41ee-a629-f2318f3603d0,IN-SERVICE,NON-LIQUID,151.93,
2026-06-12T09:00:00+08:00,COLLIE_BESS2,150.0,250.0,7,de21eefb-0ada-41ee-a629-f2318f3603d0,IN-SERVICE,NON-LIQUID,253.22,
2026-06-12T09:00:00+08:00,COLLIE_BESS2,0.0,790.98,8,de21eefb-0ada-41ee-a629-f2318f3603d0,IN-SERVICE,NON-LIQUID,801.15,
2026-06-12T09:00:00+08:00,COLLIE_BESS2,0.0,791.18,9,de21eefb-0ada-41ee-a629-f2318f3603d0,IN-SERVICE,NON-LIQUID,801.36,
2026-06-12T09:00:00+08:00,COLLIE_BESS2,0.0,1678.41,10,de21eefb-0ada-41ee-a629-f2318f3603d0,IN-SERVICE,NON-LIQUID,1700.0,
2026-06-12T09:00:00+08:00,COLLIE_ESR4,-250.0,97.32,1,2159de68-a04c-4f67-a42f-0615fd6081ee,IN-SERVICE,NOT APPLICABLE,98.57,0.0
2026-06-12T09:00:00+08:00,COLLIE_ESR4,250.0,113.83,2,2159de68-a04c-4f67-a42f-0615fd6081ee,IN-SERVICE,NOT APPLICABLE,115.29,0.0
2026-06-12T09:00:00+08:00,COLLIE_ESR5,-250.0,97.44,1,8eebc34d-dca8-4512-a159-f3d4d4db611e,IN-SERVICE,NOT APPLICABLE,98.69,0.0
2026-06-12T09:00:00+08:00,COLLIE_ESR5,250.0,117.47,2,8eebc34d-dca8-4512-a159-f3d4d4db611e,IN-SERVICE,NOT APPLICABLE,118.98,0.0
2026-06-12T09:05:00+08:00,KWINANA_ESR1,-100.0,99.78,1,125ea5c5-84cf-4b7e-a8c1-492ef11c2312,IN-SERVICE,NOT APPLICABLE,100.1,0.0
2026-06-12T09:05:00+08:00,KWINANA_ESR1,100.0,114.55,2,125ea5c5-84cf-4b7e-a8c1-492ef11c2312,IN-SERVICE,NOT APPLICABLE,114.92,0.0
2026-06-12T09:05:00+08:00,COLLIE_ESR1,0.0,-987.3,1,f7f53353-adf9-442e-9f94-9a0e6b80e36a,IN-SERVICE,NON-LIQUID,-1000.0,
2026-06-12T09:05:00+08:00,COLLIE_ESR1,-100.0,-42.46,2,f7f53353-adf9-442e-9f94-9a0e6b80e36a,IN-SERVICE,NON-LIQUID,-43.01,
2026-06-12T09:05:00+08:00,COLLIE_ESR1,-100.0,-10.0,3,f7f53353-adf9-442e-9f94-9a0e6b80e36a,IN-SERVICE,NON-LIQUID,-10.13,
2026-06-12T09:05:00+08:00,COLLIE_ESR1,0.0,34.02,4,f7f53353-adf9-442e-9f94-9a0e6b80e36a,IN-SERVICE,NON-LIQUID,34.46,
2026-06-12T09:05:00+08:00,COLLIE_ESR1,0.0,60.0,5,f7f53353-adf9-442e-9f94-9a0e6b80e36a,IN-SERVICE,NON-LIQUID,60.77,
2026-06-12T09:05:00+08:00,COLLIE_ESR1,100.0,150.0,6,f7f53353-adf9-442e-9f94-9a0e6b80e36a,IN-SERVICE,NON-LIQUID,151.93,
2026-06-12T09:05:00+08:00,COLLIE_ESR1,100.0,250.0,7,f7f53353-adf9-442e-9f94-9a0e6b80e36a,IN-SERVICE,NON-LIQUID,253.22,
2026-06-12T09:05:00+08:00,COLLIE_ESR1,0.0,790.98,8,f7f53353-adf9-442e-9f94-9a0e6b80e36a,IN-SERVICE,NON-LIQUID,801.15,
2026-06-12T09:05:00+08:00,COLLIE_ESR1,0.0,791.18,9,f7f53353-adf9-442e-9f94-9a0e6b80e36a,IN-SERVICE,NON-LIQUID,801.36,
2026-06-12T09:05:00+08:00,COLLIE_ESR1,0.0,1678.41,10,f7f53353-adf9-442e-9f94-9a0e6b80e36a,IN-SERVICE,NON-LIQUID,1700.0,
2026-06-12T09:05:00+08:00,KWINANA_ESR2,-225.0,98.4,1,c1c714c1-490a-4b7b-a6fc-e5650e18f9fc,IN-SERVICE,NOT APPLICABLE,98.62,0.0
2026-06-12T09:05:00+08:00,KWINANA_ESR2,225.0,114.99,2,c1c714c1-490a-4b7b-a6fc-e5650e18f9fc,IN-SERVICE,NOT APPLICABLE,115.24,0.0
2026-06-12T09:05:00+08:00,COLLIE_BESS2,0.0,-987.3,1,b28b8ef2-f796-4cef-b4bb-fed28ec95f7d,IN-SERVICE,NON-LIQUID,-1000.0,
2026-06-12T09:05:00+08:00,COLLIE_BESS2,-150.0,-42.46,2,b28b8ef2-f796-4cef-b4bb-fed28ec95f7d,IN-SERVICE,NON-LIQUID,-43.01,
2026-06-12T09:05:00+08:00,COLLIE_BESS2,-150.0,-10.0,3,b28b8ef2-f796-4cef-b4bb-fed28ec95f7d,IN-SERVICE,NON-LIQUID,-10.13,
2026-06-12T09:05:00+08:00,COLLIE_BESS2,0.0,34.02,4,b28b8ef2-f796-4cef-b4bb-fed28ec95f7d,IN-SERVICE,NON-LIQUID,34.46,
2026-06-12T09:05:00+08:00,COLLIE_BESS2,0.0,60.0,5,b28b8ef2-f796-4cef-b4bb-fed28ec95f7d,IN-SERVICE,NON-LIQUID,60.77,
2026-06-12T09:05:00+08:00,COLLIE_BESS2,150.0,150.0,6,b28b8ef2-f796-4cef-b4bb-fed28ec95f7d,IN-SERVICE,NON-LIQUID,151.93,
2026-06-12T09:05:00+08:00,COLLIE_BESS2,150.0,250.0,7,b28b8ef2-f796-4cef-b4bb-fed28ec95f7d,IN-SERVICE,NON-LIQUID,253.22,
2026-06-12T09:05:00+08:00,COLLIE_BESS2,0.0,790.98,8,b28b8ef2-f796-4cef-b4bb-fed28ec95f7d,IN-SERVICE,NON-LIQUID,801.15,
2026-06-12T09:05:00+08:00,COLLIE_BESS2,0.0,791.18,9,b28b8ef2-f796-4cef-b4bb-fed28ec95f7d,IN-SERVICE,NON-LIQUID,801.36,
2026-06-12T09:05:00+08:00,COLLIE_BESS2,0.0,1678.41,10,b28b8ef2-f796-4cef-b4bb-fed28ec95f7d,IN-SERVICE,NON-LIQUID,1700.0,
2026-06-12T09:05:00+08:00,COLLIE_ESR4,-250.0,97.32,1,2159de68-a04c-4f67-a42f-0615fd6081ee,IN-SERVICE,NOT APPLICABLE,98.57,0.0
2026-06-12T09:05:00+08:00,COLLIE_ESR4,250.0,117.59,2,2159de68-a04c-4f67-a42f-0615fd6081ee,IN-SERVICE,NOT APPLICABLE,119.1,0.0
2026-06-12T09:05:00+08:00,COLLIE_ESR5,-250.0,97.44,1,8eebc34d-dca8-4512-a159-f3d4d4db611e,IN-SERVICE,NOT APPLICABLE,98.69,0.0
2026-06-12T09:05:00+08:00,COLLIE_ESR5,250.0,117.47,2,8eebc34d-dca8-4512-a159-f3d4d4db611e,IN-SERVICE,NOT APPLICABLE,118.98,0.0
2026-06-12T09:10:00+08:00,KWINANA_ESR1,-100.0,96.87,1,a1f1edf9-9eb5-4b33-92db-0e0979c3413e,IN-SERVICE,NOT APPLICABLE,97.18,0.0
2026-06-12T09:10:00+08:00,KWINANA_ESR1,100.0,111.64,2,a1f1edf9-9eb5-4b33-92db-0e0979c3413e,IN-SERVICE,NOT APPLICABLE,112.0,0.0
2026-06-12T09:10:00+08:00,COLLIE_ESR1,0.0,-987.3,1,6b17ab90-85b4-4d33-8b85-dc8224cc30d9,IN-SERVICE,NON-LIQUID,-1000.0,
2026-06-12T09:10:00+08:00,COLLIE_ESR1,-100.0,-42.46,2,6b17ab90-85b4-4d33-8b85-dc8224cc30d9,IN-SERVICE,NON-LIQUID,-43.01,
2026-06-12T09:10:00+08:00,COLLIE_ESR1,-100.0,-10.0,3,6b17ab90-85b4-4d33-8b85-dc8224cc30d9,IN-SERVICE,NON-LIQUID,-10.13,
2026-06-12T09:10:00+08:00,COLLIE_ESR1,0.0,34.02,4,6b17ab90-85b4-4d33-8b85-dc8224cc30d9,IN-SERVICE,NON-LIQUID,34.46,
2026-06-12T09:10:00+08:00,COLLIE_ESR1,0.0,60.0,5,6b17ab90-85b4-4d33-8b85-dc8224cc30d9,IN-SERVICE,NON-LIQUID,60.77,
2026-06-12T09:10:00+08:00,COLLIE_ESR1,100.0,150.0,6,6b17ab90-85b4-4d33-8b85-dc8224cc30d9,IN-SERVICE,NON-LIQUID,151.93,
2026-06-12T09:10:00+08:00,COLLIE_ESR1,100.0,250.0,7,6b17ab90-85b4-4d33-8b85-dc8224cc30d9,IN-SERVICE,NON-LIQUID,253.22,
2026-06-12T09:10:00+08:00,COLLIE_ESR1,0.0,790.98,8,6b17ab90-85b4-4d33-8b85-dc8224cc30d9,IN-SERVICE,NON-LIQUID,801.15,
2026-06-12T09:10:00+08:00,COLLIE_ESR1,0.0,791.18,9,6b17ab90-85b4-4d33-8b85-dc8224cc30d9,IN-SERVICE,NON-LIQUID,801.36,
2026-06-12T09:10:00+08:00,COLLIE_ESR1,0.0,1678.41,10,6b17ab90-85b4-4d33-8b85-dc8224cc30d9,IN-SERVICE,NON-LIQUID,1700.0,
2026-06-12T09:10:00+08:00,KWINANA_ESR2,-225.0,94.61,1,2ff11139-7992-41f0-ac9f-2786f23aac3a,IN-SERVICE,NOT APPLICABLE,94.82,0.0
2026-06-12T09:10:00+08:00,KWINANA_ESR2,225.0,110.06,2,2ff11139-7992-41f0-ac9f-2786f23aac3a,IN-SERVICE,NOT APPLICABLE,110.3,0.0
2026-06-12T09:10:00+08:00,COLLIE_BESS2,0.0,-987.3,1,0236f52c-3827-4b95-9703-35b87dbbc88c,IN-SERVICE,NON-LIQUID,-1000.0,
2026-06-12T09:10:00+08:00,COLLIE_BESS2,-150.0,-42.46,2,0236f52c-3827-4b95-9703-35b87dbbc88c,IN-SERVICE,NON-LIQUID,-43.01,
2026-06-12T09:10:00+08:00,COLLIE_BESS2,-150.0,-10.0,3,0236f52c-3827-4b95-9703-35b87dbbc88c,IN-SERVICE,NON-LIQUID,-10.13,
2026-06-12T09:10:00+08:00,COLLIE_BESS2,0.0,34.02,4,0236f52c-3827-4b95-9703-35b87dbbc88c,IN-SERVICE,NON-LIQUID,34.46,
2026-06-12T09:10:00+08:00,COLLIE_BESS2,0.0,60.0,5,0236f52c-3827-4b95-9703-35b87dbbc88c,IN-SERVICE,NON-LIQUID,60.77,
2026-06-12T09:10:00+08:00,COLLIE_BESS2,150.0,150.0,6,0236f52c-3827-4b95-9703-35b87dbbc88c,IN-SERVICE,NON-LIQUID,151.93,
2026-06-12T09:10:00+08:00,COLLIE_BESS2,150.0,250.0,7,0236f52c-3827-4b95-9703-35b87dbbc88c,IN-SERVICE,NON-LIQUID,253.22,
2026-06-12T09:10:00+08:00,COLLIE_BESS2,0.0,790.98,8,0236f52c-3827-4b95-9703-35b87dbbc88c,IN-SERVICE,NON-LIQUID,801.15,
2026-06-12T09:10:00+08:00,COLLIE_BESS2,0.0,791.18,9,0236f52c-3827-4b95-9703-35b87dbbc88c,IN-SERVICE,NON-LIQUID,801.36,
2026-06-12T09:10:00+08:00,COLLIE_BESS2,0.0,1678.41,10,0236f52c-3827-4b95-9703-35b87dbbc88c,IN-SERVICE,NON-LIQUID,1700.0,
2026-06-12T09:10:00+08:00,COLLIE_ESR4,-250.0,93.58,1,8f622964-5345-441c-b5d7-af92c435467e,IN-SERVICE,NOT APPLICABLE,94.78,0.0
2026-06-12T09:10:00+08:00,COLLIE_ESR4,250.0,108.94,2,8f622964-5345-441c-b5d7-af92c435467e,IN-SERVICE,NOT APPLICABLE,110.34,0.0
2026-06-12T09:10:00+08:00,COLLIE_ESR5,-250.0,93.7,1,b6014cab-6b88-4a0f-b242-8f60ae18b736,IN-SERVICE,NOT APPLICABLE,94.91,0.0
2026-06-12T09:10:00+08:00,COLLIE_ESR5,250.0,108.82,2,b6014cab-6b88-4a0f-b242-8f60ae18b736,IN-SERVICE,NOT APPLICABLE,110.22,0.0
2026-06-12T09:15:00+08:00,KWINANA_ESR1,-100.0,96.87,1,a1f1edf9-9eb5-4b33-92db-0e0979c3413e,IN-SERVICE,NOT APPLICABLE,97.18,0.0
2026-06-12T09:15:00+08:00,KWINANA_ESR1,100.0,111.64,2,a1f1edf9-9eb5-4b33-92db-0e0979c3413e,IN-SERVICE,NOT APPLICABLE,112.0,0.0
2026-06-12T09:15:00+08:00,COLLIE_ESR1,0.0,-987.3,1,2b993c1d-4994-4950-990f-ad21646b4d96,IN-SERVICE,NON-LIQUID,-1000.0,
2026-06-12T09:15:00+08:00,COLLIE_ESR1,-100.0,-42.46,2,2b993c1d-4994-4950-990f-ad21646b4d96,IN-SERVICE,NON-LIQUID,-43.01,
2026-06-12T09:15:00+08:00,COLLIE_ESR1,-100.0,-10.0,3,2b993c1d-4994-4950-990f-ad21646b4d96,IN-SERVICE,NON-LIQUID,-10.13,
2026-06-12T09:15:00+08:00,COLLIE_ESR1,0.0,34.02,4,2b993c1d-4994-4950-990f-ad21646b4d96,IN-SERVICE,NON-LIQUID,34.46,
2026-06-12T09:15:00+08:00,COLLIE_ESR1,0.0,60.0,5,2b993c1d-4994-4950-990f-ad21646b4d96,IN-SERVICE,NON-LIQUID,60.77,
2026-06-12T09:15:00+08:00,COLLIE_ESR1,100.0,150.0,6,2b993c1d-4994-4950-990f-ad21646b4d96,IN-SERVICE,NON-LIQUID,151.93,
2026-06-12T09:15:00+08:00,COLLIE_ESR1,100.0,250.0,7,2b993c1d-4994-4950-990f-ad21646b4d96,IN-SERVICE,NON-LIQUID,253.22,
2026-06-12T09:15:00+08:00,COLLIE_ESR1,0.0,790.98,8,2b993c1d-4994-4950-990f-ad21646b4d96,IN-SERVICE,NON-LIQUID,801.15,
2026-06-12T09:15:00+08:00,COLLIE_ESR1,0.0,791.18,9,2b993c1d-4994-4950-990f-ad21646b4d96,IN-SERVICE,NON-LIQUID,801.36,
2026-06-12T09:15:00+08:00,COLLIE_ESR1,0.0,1678.41,10,2b993c1d-4994-4950-990f-ad21646b4d96,IN-SERVICE,NON-LIQUID,1700.0,
2026-06-12T09:15:00+08:00,KWINANA_ESR2,-225.0,94.61,1,2ff11139-7992-41f0-ac9f-2786f23aac3a,IN-SERVICE,NOT APPLICABLE,94.82,0.0
2026-06-12T09:15:00+08:00,KWINANA_ESR2,225.0,110.06,2,2ff11139-7992-41f0-ac9f-2786f23aac3a,IN-SERVICE,NOT APPLICABLE,110.3,0.0
2026-06-12T09:15:00+08:00,COLLIE_BESS2,0.0,-987.3,1,b85532cc-d612-498e-b353-995c2c224a5e,IN-SERVICE,NON-LIQUID,-1000.0,
2026-06-12T09:15:00+08:00,COLLIE_BESS2,-150.0,-42.46,2,b85532cc-d612-498e-b353-995c2c224a5e,IN-SERVICE,NON-LIQUID,-43.01,
2026-06-12T09:15:00+08:00,COLLIE_BESS2,-150.0,-10.0,3,b85532cc-d612-498e-b353-995c2c224a5e,IN-SERVICE,NON-LIQUID,-10.13,
2026-06-12T09:15:00+08:00,COLLIE_BESS2,0.0,34.02,4,b85532cc-d612-498e-b353-995c2c224a5e,IN-SERVICE,NON-LIQUID,34.46,
2026-06-12T09:15:00+08:00,COLLIE_BESS2,0.0,60.0,5,b85532cc-d612-498e-b353-995c2c224a5e,IN-SERVICE,NON-LIQUID,60.77,
2026-06-12T09:15:00+08:00,COLLIE_BESS2,150.0,150.0,6,b85532cc-d612-498e-b353-995c2c224a5e,IN-SERVICE,NON-LIQUID,151.93,
2026-06-12T09:15:00+08:00,COLLIE_BESS2,150.0,250.0,7,b85532cc-d612-498e-b353-995c2c224a5e,IN-SERVICE,NON-LIQUID,253.22,
2026-06-12T09:15:00+08:00,COLLIE_BESS2,0.0,790.98,8,b85532cc-d612-498e-b353-995c2c224a5e,IN-SERVICE,NON-LIQUID,801.15,
2026-06-12T09:15:00+08:00,COLLIE_BESS2,0.0,791.18,9,b85532cc-d612-498e-b353-995c2c224a5e,IN-SERVICE,NON-LIQUID,801.36,
2026-06-12T09:15:00+08:00,COLLIE_BESS2,0.0,1678.41,10,b85532cc-d612-498e-b353-995c2c224a5e,IN-SERVICE,NON-LIQUID,1700.0,
2026-06-12T09:15:00+08:00,COLLIE_ESR4,-250.0,93.58,1,8f622964-5345-441c-b5d7-af92c435467e,IN-SERVICE,NOT APPLICABLE,94.78,0.0
2026-06-12T09:15:00+08:00,COLLIE_ESR4,250.0,108.94,2,8f622964-5345-441c-b5d7-af92c435467e,IN-SERVICE,NOT APPLICABLE,110.34,0.0
2026-06-12T09:15:00+08:00,COLLIE_ESR5,-250.0,93.7,1,b6014cab-6b88-4a0f-b242-8f60ae18b736,IN-SERVICE,NOT APPLICABLE,94.91,0.0
2026-06-12T09:15:00+08:00,COLLIE_ESR5,250.0,108.82,2,b6014cab-6b88-4a0f-b242-8f60ae18b736,IN-SERVICE,NOT APPLICABLE,110.22,0.0
2026-06-12T09:20:00+08:00,KWINANA_ESR1,-100.0,96.87,1,a1f1edf9-9eb5-4b33-92db-0e0979c3413e,IN-SERVICE,NOT APPLICABLE,97.18,0.0
2026-06-12T09:20:00+08:00,KWINANA_ESR1,100.0,111.64,2,a1f1edf9-9eb5-4b33-92db-0e0979c3413e,IN-SERVICE,NOT APPLICABLE,112.0,0.0
2026-06-12T09:20:00+08:00,COLLIE_ESR1,0.0,-987.3,1,35207cce-ade4-4488-868c-50e606e1992e,IN-SERVICE,NON-LIQUID,-1000.0,
2026-06-12T09:20:00+08:00,COLLIE_ESR1,-100.0,-42.46,2,35207cce-ade4-4488-868c-50e606e1992e,IN-SERVICE,NON-LIQUID,-43.01,
2026-06-12T09:20:00+08:00,COLLIE_ESR1,-100.0,-10.0,3,35207cce-ade4-4488-868c-50e606e1992e,IN-SERVICE,NON-LIQUID,-10.13,
2026-06-12T09:20:00+08:00,COLLIE_ESR1,0.0,34.02,4,35207cce-ade4-4488-868c-50e606e1992e,IN-SERVICE,NON-LIQUID,34.46,
2026-06-12T09:20:00+08:00,COLLIE_ESR1,0.0,60.0,5,35207cce-ade4-4488-868c-50e606e1992e,IN-SERVICE,NON-LIQUID,60.77,
2026-06-12T09:20:00+08:00,COLLIE_ESR1,100.0,150.0,6,35207cce-ade4-4488-868c-50e606e1992e,IN-SERVICE,NON-LIQUID,151.93,
2026-06-12T09:20:00+08:00,COLLIE_ESR1,100.0,250.0,7,35207cce-ade4-4488-868c-50e606e1992e,IN-SERVICE,NON-LIQUID,253.22,
2026-06-12T09:20:00+08:00,COLLIE_ESR1,0.0,790.98,8,35207cce-ade4-4488-868c-50e606e1992e,IN-SERVICE,NON-LIQUID,801.15,
2026-06-12T09:20:00+08:00,COLLIE_ESR1,0.0,791.18,9,35207cce-ade4-4488-868c-50e606e1992e,IN-SERVICE,NON-LIQUID,801.36,
2026-06-12T09:20:00+08:00,COLLIE_ESR1,0.0,1678.41,10,35207cce-ade4-4488-868c-50e606e1992e,IN-SERVICE,NON-LIQUID,1700.0,
2026-06-12T09:20:00+08:00,KWINANA_ESR2,-225.0,94.61,1,2ff11139-7992-41f0-ac9f-2786f23aac3a,IN-SERVICE,NOT APPLICABLE,94.82,0.0
2026-06-12T09:20:00+08:00,KWINANA_ESR2,225.0,110.06,2,2ff11139-7992-41f0-ac9f-2786f23aac3a,IN-SERVICE,NOT APPLICABLE,110.3,0.0
2026-06-12T09:20:00+08:00,COLLIE_BESS2,0.0,-987.3,1,7458cf5b-8c8e-4933-9b9b-b40d10034364,IN-SERVICE,NON-LIQUID,-1000.0,
2026-06-12T09:20:00+08:00,COLLIE_BESS2,-150.0,-42.46,2,7458cf5b-8c8e-4933-9b9b-b40d10034364,IN-SERVICE,NON-LIQUID,-43.01,
2026-06-12T09:20:00+08:00,COLLIE_BESS2,-150.0,-10.0,3,7458cf5b-8c8e-4933-9b9b-b40d10034364,IN-SERVICE,NON-LIQUID,-10.13,
2026-06-12T09:20:00+08:00,COLLIE_BESS2,0.0,34.02,4,7458cf5b-8c8e-4933-9b9b-b40d10034364,IN-SERVICE,NON-LIQUID,34.46,
2026-06-12T09:20:00+08:00,COLLIE_BESS2,0.0,60.0,5,7458cf5b-8c8e-4933-9b9b-b40d10034364,IN-SERVICE,NON-LIQUID,60.77,
2026-06-12T09:20:00+08:00,COLLIE_BESS2,150.0,150.0,6,7458cf5b-8c8e-4933-9b9b-b40d10034364,IN-SERVICE,NON-LIQUID,151.93,
2026-06-12T09:20:00+08:00,COLLIE_BESS2,150.0,250.0,7,7458cf5b-8c8e-4933-9b9b-b40d10034364,IN-SERVICE,NON-LIQUID,253.22,
2026-06-12T09:20:00+08:00,COLLIE_BESS2,0.0,790.98,8,7458cf5b-8c8e-4933-9b9b-b40d10034364,IN-SERVICE,NON-LIQUID,801.15,
2026-06-12T09:20:00+08:00,COLLIE_BESS2,0.0,791.18,9,7458cf5b-8c8e-4933-9b9b-b40d10034364,IN-SERVICE,NON-LIQUID,801.36,
2026-06-12T09:20:00+08:00,COLLIE_BESS2,0.0,1678.41,10,7458cf5b-8c8e-4933-9b9b-b40d10034364,IN-SERVICE,NON-LIQUID,1700.0,
2026-06-12T09:20:00+08:00,COLLIE_ESR4,-250.0,93.58,1,8f622964-5345-441c-b5d7-af92c435467e,IN-SERVICE,NOT APPLICABLE,94.78,0.0
2026-06-12T09:20:00+08:00,COLLIE_ESR4,250.0,108.94,2,8f622964-5345-441c-b5d7-af92c435467e,IN-SERVICE,NOT APPLICABLE,110.34,0.0
2026-06-12T09:20:00+08:00,COLLIE_ESR5,-250.0,93.7,1,b6014cab-6b88-4a0f-b242-8f60ae18b736,IN-SERVICE,NOT APPLICABLE,94.91,0.0
2026-06-12T09:20:00+08:00,COLLIE_ESR5,250.0,108.82,2,b6014cab-6b88-4a0f-b242-8f60ae18b736,IN-SERVICE,NOT APPLICABLE,110.22,0.0
2026-06-12T09:25:00+08:00,KWINANA_ESR1,-100.0,94.27,1,1a0f8062-5ca3-457a-866a-d64c962b615d,IN-SERVICE,NOT APPLICABLE,94.57,0.0
2026-06-12T09:25:00+08:00,KWINANA_ESR1,100.0,107.93,2,1a0f8062-5ca3-457a-866a-d64c962b615d,IN-SERVICE,NOT APPLICABLE,108.28,0.0
2026-06-12T09:25:00+08:00,COLLIE_ESR1,0.0,-987.3,1,bf789b0a-346c-4f26-87e0-2abb06edaea9,IN-SERVICE,NON-LIQUID,-1000.0,
2026-06-12T09:25:00+08:00,COLLIE_ESR1,-100.0,-42.46,2,bf789b0a-346c-4f26-87e0-2abb06edaea9,IN-SERVICE,NON-LIQUID,-43.01,
2026-06-12T09:25:00+08:00,COLLIE_ESR1,-100.0,-10.0,3,bf789b0a-346c-4f26-87e0-2abb06edaea9,IN-SERVICE,NON-LIQUID,-10.13,
2026-06-12T09:25:00+08:00,COLLIE_ESR1,0.0,34.02,4,bf789b0a-346c-4f26-87e0-2abb06edaea9,IN-SERVICE,NON-LIQUID,34.46,
2026-06-12T09:25:00+08:00,COLLIE_ESR1,0.0,60.0,5,bf789b0a-346c-4f26-87e0-2abb06edaea9,IN-SERVICE,NON-LIQUID,60.77,
2026-06-12T09:25:00+08:00,COLLIE_ESR1,100.0,150.0,6,bf789b0a-346c-4f26-87e0-2abb06edaea9,IN-SERVICE,NON-LIQUID,151.93,
2026-06-12T09:25:00+08:00,COLLIE_ESR1,100.0,250.0,7,bf789b0a-346c-4f26-87e0-2abb06edaea9,IN-SERVICE,NON-LIQUID,253.22,
2026-06-12T09:25:00+08:00,COLLIE_ESR1,0.0,790.98,8,bf789b0a-346c-4f26-87e0-2abb06edaea9,IN-SERVICE,NON-LIQUID,801.15,
2026-06-12T09:25:00+08:00,COLLIE_ESR1,0.0,791.18,9,bf789b0a-346c-4f26-87e0-2abb06edaea9,IN-SERVICE,NON-LIQUID,801.36,
2026-06-12T09:25:00+08:00,COLLIE_ESR1,0.0,1678.41,10,bf789b0a-346c-4f26-87e0-2abb06edaea9,IN-SERVICE,NON-LIQUID,1700.0,
2026-06-12T09:25:00+08:00,KWINANA_ESR2,-225.0,91.55,1,a256cdd7-cc6d-4e5c-a4ba-2f17b1057ea2,IN-SERVICE,NOT APPLICABLE,91.75,0.0
2026-06-12T09:25:00+08:00,KWINANA_ESR2,225.0,107.01,2,a256cdd7-cc6d-4e5c-a4ba-2f17b1057ea2,IN-SERVICE,NOT APPLICABLE,107.25,0.0
2026-06-12T09:25:00+08:00,COLLIE_BESS2,0.0,-987.3,1,8bd6c88a-8154-42cf-8bbc-67443418263f,IN-SERVICE,NON-LIQUID,-1000.0,
2026-06-12T09:25:00+08:00,COLLIE_BESS2,-150.0,-42.46,2,8bd6c88a-8154-42cf-8bbc-67443418263f,IN-SERVICE,NON-LIQUID,-43.01,
2026-06-12T09:25:00+08:00,COLLIE_BESS2,-150.0,-10.0,3,8bd6c88a-8154-42cf-8bbc-67443418263f,IN-SERVICE,NON-LIQUID,-10.13,
2026-06-12T09:25:00+08:00,COLLIE_BESS2,0.0,34.02,4,8bd6c88a-8154-42cf-8bbc-67443418263f,IN-SERVICE,NON-LIQUID,34.46,
2026-06-12T09:25:00+08:00,COLLIE_BESS2,0.0,60.0,5,8bd6c88a-8154-42cf-8bbc-67443418263f,IN-SERVICE,NON-LIQUID,60.77,
2026-06-12T09:25:00+08:00,COLLIE_BESS2,150.0,150.0,6,8bd6c88a-8154-42cf-8bbc-67443418263f,IN-SERVICE,NON-LIQUID,151.93,
2026-06-12T09:25:00+08:00,COLLIE_BESS2,150.0,250.0,7,8bd6c88a-8154-42cf-8bbc-67443418263f,IN-SERVICE,NON-LIQUID,253.22,
2026-06-12T09:25:00+08:00,COLLIE_BESS2,0.0,790.98,8,8bd6c88a-8154-42cf-8bbc-67443418263f,IN-SERVICE,NON-LIQUID,801.15,
2026-06-12T09:25:00+08:00,COLLIE_BESS2,0.0,791.18,9,8bd6c88a-8154-42cf-8bbc-67443418263f,IN-SERVICE,NON-LIQUID,801.36,
2026-06-12T09:25:00+08:00,COLLIE_BESS2,0.0,1678.41,10,8bd6c88a-8154-42cf-8bbc-67443418263f,IN-SERVICE,NON-LIQUID,1700.0,
2026-06-12T09:25:00+08:00,COLLIE_ESR4,-250.0,90.55,1,677cebb4-9ca6-4377-8a7f-f6b536333ee4,IN-SERVICE,NOT APPLICABLE,91.71,0.0
2026-06-12T09:25:00+08:00,COLLIE_ESR4,250.0,105.91,2,677cebb4-9ca6-4377-8a7f-f6b536333ee4,IN-SERVICE,NOT APPLICABLE,107.27,0.0
2026-06-12T09:25:00+08:00,COLLIE_ESR5,-250.0,90.67,1,8d98ca23-40f3-471d-bc8d-c79e4005bfae,IN-SERVICE,NOT APPLICABLE,91.84,0.0
2026-06-12T09:25:00+08:00,COLLIE_ESR5,250.0,108.25,2,8d98ca23-40f3-471d-bc8d-c79e4005bfae,IN-SERVICE,NOT APPLICABLE,109.64,0.0
2026-06-12T09:30:00+08:00,KWINANA_ESR1,-100.0,94.27,1,1a0f8062-5ca3-457a-866a-d64c962b615d,IN-SERVICE,NOT APPLICABLE,94.57,0.0
2026-06-12T09:30:00+08:00,KWINANA_ESR1,100.0,109.03,2,1a0f8062-5ca3-457a-866a-d64c962b615d,IN-SERVICE,NOT APPLICABLE,109.38,0.0
2026-06-12T09:30:00+08:00,COLLIE_ESR1,0.0,-987.3,1,30c085f1-0af6-4995-98c5-453204efd27f,IN-SERVICE,NON-LIQUID,-1000.0,
2026-06-12T09:30:00+08:00,COLLIE_ESR1,-100.0,-42.46,2,30c085f1-0af6-4995-98c5-453204efd27f,IN-SERVICE,NON-LIQUID,-43.01,
2026-06-12T09:30:00+08:00,COLLIE_ESR1,-100.0,-10.0,3,30c085f1-0af6-4995-98c5-453204efd27f,IN-SERVICE,NON-LIQUID,-10.13,
2026-06-12T09:30:00+08:00,COLLIE_ESR1,0.0,34.02,4,30c085f1-0af6-4995-98c5-453204efd27f,IN-SERVICE,NON-LIQUID,34.46,
2026-06-12T09:30:00+08:00,COLLIE_ESR1,0.0,60.0,5,30c085f1-0af6-4995-98c5-453204efd27f,IN-SERVICE,NON-LIQUID,60.77,
2026-06-12T09:30:00+08:00,COLLIE_ESR1,100.0,150.0,6,30c085f1-0af6-4995-98c5-453204efd27f,IN-SERVICE,NON-LIQUID,151.93,
2026-06-12T09:30:00+08:00,COLLIE_ESR1,100.0,250.0,7,30c085f1-0af6-4995-98c5-453204efd27f,IN-SERVICE,NON-LIQUID,253.22,
2026-06-12T09:30:00+08:00,COLLIE_ESR1,0.0,790.98,8,30c085f1-0af6-4995-98c5-453204efd27f,IN-SERVICE,NON-LIQUID,801.15,
2026-06-12T09:30:00+08:00,COLLIE_ESR1,0.0,791.18,9,30c085f1-0af6-4995-98c5-453204efd27f,IN-SERVICE,NON-LIQUID,801.36,
2026-06-12T09:30:00+08:00,COLLIE_ESR1,0.0,1678.41,10,30c085f1-0af6-4995-98c5-453204efd27f,IN-SERVICE,NON-LIQUID,1700.0,
2026-06-12T09:30:00+08:00,KWINANA_ESR2,-225.0,91.55,1,a256cdd7-cc6d-4e5c-a4ba-2f17b1057ea2,IN-SERVICE,NOT APPLICABLE,91.75,0.0
2026-06-12T09:30:00+08:00,KWINANA_ESR2,225.0,106.99,2,a256cdd7-cc6d-4e5c-a4ba-2f17b1057ea2,IN-SERVICE,NOT APPLICABLE,107.23,0.0
2026-06-12T09:30:00+08:00,COLLIE_BESS2,0.0,-987.3,1,7a812982-20dc-4f3c-959d-9c9caa0614d6,IN-SERVICE,NON-LIQUID,-1000.0,
2026-06-12T09:30:00+08:00,COLLIE_BESS2,-150.0,-42.46,2,7a812982-20dc-4f3c-959d-9c9caa0614d6,IN-SERVICE,NON-LIQUID,-43.01,
2026-06-12T09:30:00+08:00,COLLIE_BESS2,-150.0,-10.0,3,7a812982-20dc-4f3c-959d-9c9caa0614d6,IN-SERVICE,NON-LIQUID,-10.13,
2026-06-12T09:30:00+08:00,COLLIE_BESS2,0.0,34.02,4,7a812982-20dc-4f3c-959d-9c9caa0614d6,IN-SERVICE,NON-LIQUID,34.46,
2026-06-12T09:30:00+08:00,COLLIE_BESS2,0.0,60.0,5,7a812982-20dc-4f3c-959d-9c9caa0614d6,IN-SERVICE,NON-LIQUID,60.77,
2026-06-12T09:30:00+08:00,COLLIE_BESS2,150.0,150.0,6,7a812982-20dc-4f3c-959d-9c9caa0614d6,IN-SERVICE,NON-LIQUID,151.93,
2026-06-12T09:30:00+08:00,COLLIE_BESS2,150.0,250.0,7,7a812982-20dc-4f3c-959d-9c9caa0614d6,IN-SERVICE,NON-LIQUID,253.22,
2026-06-12T09:30:00+08:00,COLLIE_BESS2,0.0,790.98,8,7a812982-20dc-4f3c-959d-9c9caa0614d6,IN-SERVICE,NON-LIQUID,801.15,
2026-06-12T09:30:00+08:00,COLLIE_BESS2,0.0,791.18,9,7a812982-20dc-4f3c-959d-9c9caa0614d6,IN-SERVICE,NON-LIQUID,801.36,
2026-06-12T09:30:00+08:00,COLLIE_BESS2,0.0,1678.41,10,7a812982-20dc-4f3c-959d-9c9caa0614d6,IN-SERVICE,NON-LIQUID,1700.0,
2026-06-12T09:30:00+08:00,COLLIE_ESR4,-250.0,90.55,1,677cebb4-9ca6-4377-8a7f-f6b536333ee4,IN-SERVICE,NOT APPLICABLE,91.71,0.0
2026-06-12T09:30:00+08:00,COLLIE_ESR4,250.0,105.91,2,677cebb4-9ca6-4377-8a7f-f6b536333ee4,IN-SERVICE,NOT APPLICABLE,107.27,0.0
2026-06-12T09:30:00+08:00,COLLIE_ESR5,-250.0,90.67,1,8d98ca23-40f3-471d-bc8d-c79e4005bfae,IN-SERVICE,NOT APPLICABLE,91.84,0.0
2026-06-12T09:30:00+08:00,COLLIE_ESR5,250.0,108.25,2,8d98ca23-40f3-471d-bc8d-c79e4005bfae,IN-SERVICE,NOT APPLICABLE,109.64,0.0
2026-06-12T09:35:00+08:00,KWINANA_ESR1,-100.0,94.27,1,1a0f8062-5ca3-457a-866a-d64c962b615d,IN-SERVICE,NOT APPLICABLE,94.57,0.0
2026-06-12T09:35:00+08:00,KWINANA_ESR1,100.0,109.03,2,1a0f8062-5ca3-457a-866a-d64c962b615d,IN-SERVICE,NOT APPLICABLE,109.38,0.0
2026-06-12T09:35:00+08:00,COLLIE_ESR1,0.0,-987.3,1,ced59ceb-9f83-4a4d-b0ed-7cbe64dc42f5,IN-SERVICE,NON-LIQUID,-1000.0,
2026-06-12T09:35:00+08:00,COLLIE_ESR1,-100.0,-42.46,2,ced59ceb-9f83-4a4d-b0ed-7cbe64dc42f5,IN-SERVICE,NON-LIQUID,-43.01,
2026-06-12T09:35:00+08:00,COLLIE_ESR1,-100.0,-10.0,3,ced59ceb-9f83-4a4d-b0ed-7cbe64dc42f5,IN-SERVICE,NON-LIQUID,-10.13,
2026-06-12T09:35:00+08:00,COLLIE_ESR1,0.0,34.02,4,ced59ceb-9f83-4a4d-b0ed-7cbe64dc42f5,IN-SERVICE,NON-LIQUID,34.46,
2026-06-12T09:35:00+08:00,COLLIE_ESR1,0.0,60.0,5,ced59ceb-9f83-4a4d-b0ed-7cbe64dc42f5,IN-SERVICE,NON-LIQUID,60.77,
2026-06-12T09:35:00+08:00,COLLIE_ESR1,100.0,150.0,6,ced59ceb-9f83-4a4d-b0ed-7cbe64dc42f5,IN-SERVICE,NON-LIQUID,151.93,
2026-06-12T09:35:00+08:00,COLLIE_ESR1,100.0,250.0,7,ced59ceb-9f83-4a4d-b0ed-7cbe64dc42f5,IN-SERVICE,NON-LIQUID,253.22,
2026-06-12T09:35:00+08:00,COLLIE_ESR1,0.0,790.98,8,ced59ceb-9f83-4a4d-b0ed-7cbe64dc42f5,IN-SERVICE,NON-LIQUID,801.15,
2026-06-12T09:35:00+08:00,COLLIE_ESR1,0.0,791.18,9,ced59ceb-9f83-4a4d-b0ed-7cbe64dc42f5,IN-SERVICE,NON-LIQUID,801.36,
2026-06-12T09:35:00+08:00,COLLIE_ESR1,0.0,1678.41,10,ced59ceb-9f83-4a4d-b0ed-7cbe64dc42f5,IN-SERVICE,NON-LIQUID,1700.0,
2026-06-12T09:35:00+08:00,KWINANA_ESR2,-225.0,91.55,1,a256cdd7-cc6d-4e5c-a4ba-2f17b1057ea2,IN-SERVICE,NOT APPLICABLE,91.75,0.0
2026-06-12T09:35:00+08:00,KWINANA_ESR2,225.0,106.99,2,a256cdd7-cc6d-4e5c-a4ba-2f17b1057ea2,IN-SERVICE,NOT APPLICABLE,107.23,0.0
2026-06-12T09:35:00+08:00,COLLIE_BESS2,0.0,-987.3,1,0d4c9967-c9cd-439c-891a-809047463765,IN-SERVICE,NON-LIQUID,-1000.0,
2026-06-12T09:35:00+08:00,COLLIE_BESS2,-150.0,-42.46,2,0d4c9967-c9cd-439c-891a-809047463765,IN-SERVICE,NON-LIQUID,-43.01,
2026-06-12T09:35:00+08:00,COLLIE_BESS2,-150.0,-10.0,3,0d4c9967-c9cd-439c-891a-809047463765,IN-SERVICE,NON-LIQUID,-10.13,
2026-06-12T09:35:00+08:00,COLLIE_BESS2,0.0,34.02,4,0d4c9967-c9cd-439c-891a-809047463765,IN-SERVICE,NON-LIQUID,34.46,
2026-06-12T09:35:00+08:00,COLLIE_BESS2,0.0,60.0,5,0d4c9967-c9cd-439c-891a-809047463765,IN-SERVICE,NON-LIQUID,60.77,
2026-06-12T09:35:00+08:00,COLLIE_BESS2,150.0,150.0,6,0d4c9967-c9cd-439c-891a-809047463765,IN-SERVICE,NON-LIQUID,151.93,
2026-06-12T09:35:00+08:00,COLLIE_BESS2,150.0,250.0,7,0d4c9967-c9cd-439c-891a-809047463765,IN-SERVICE,NON-LIQUID,253.22,
2026-06-12T09:35:00+08:00,COLLIE_BESS2,0.0,790.98,8,0d4c9967-c9cd-439c-891a-809047463765,IN-SERVICE,NON-LIQUID,801.15,
2026-06-12T09:35:00+08:00,COLLIE_BESS2,0.0,791.18,9,0d4c9967-c9cd-439c-891a-809047463765,IN-SERVICE,NON-LIQUID,801.36,
2026-06-12T09:35:00+08:00,COLLIE_BESS2,0.0,1678.41,10,0d4c9967-c9cd-439c-891a-809047463765,IN-SERVICE,NON-LIQUID,1700.0,
2026-06-12T09:35:00+08:00,COLLIE_ESR4,-250.0,90.55,1,677cebb4-9ca6-4377-8a7f-f6b536333ee4,IN-SERVICE,NOT APPLICABLE,91.71,0.0
2026-06-12T09:35:00+08:00,COLLIE_ESR4,250.0,105.91,2,677cebb4-9ca6-4377-8a7f-f6b536333ee4,IN-SERVICE,NOT APPLICABLE,107.27,0.0
2026-06-12T09:35:00+08:00,COLLIE_ESR5,-250.0,90.67,1,8d98ca23-40f3-471d-bc8d-c79e4005bfae,IN-SERVICE,NOT APPLICABLE,91.84,0.0
2026-06-12T09:35:00+08:00,COLLIE_ESR5,250.0,108.25,2,8d98ca23-40f3-471d-bc8d-c79e4005bfae,IN-SERVICE,NOT APPLICABLE,109.64,0.0
2026-06-12T09:40:00+08:00,KWINANA_ESR1,-100.0,82.96,1,70e53039-926a-4f0f-98c9-f9b30c74ff62,IN-SERVICE,NOT APPLICABLE,83.23,0.0
2026-06-12T09:40:00+08:00,KWINANA_ESR1,100.0,97.72,2,70e53039-926a-4f0f-98c9-f9b30c74ff62,IN-SERVICE,NOT APPLICABLE,98.03,0.0
2026-06-12T09:40:00+08:00,COLLIE_ESR1,0.0,-987.3,1,08f895b5-faf8-4a3f-a86d-5ce1d37a172a,IN-SERVICE,NON-LIQUID,-1000.0,
2026-06-12T09:40:00+08:00,COLLIE_ESR1,-100.0,-42.46,2,08f895b5-faf8-4a3f-a86d-5ce1d37a172a,IN-SERVICE,NON-LIQUID,-43.01,
2026-06-12T09:40:00+08:00,COLLIE_ESR1,-100.0,-10.0,3,08f895b5-faf8-4a3f-a86d-5ce1d37a172a,IN-SERVICE,NON-LIQUID,-10.13,
2026-06-12T09:40:00+08:00,COLLIE_ESR1,0.0,34.02,4,08f895b5-faf8-4a3f-a86d-5ce1d37a172a,IN-SERVICE,NON-LIQUID,34.46,
2026-06-12T09:40:00+08:00,COLLIE_ESR1,0.0,60.0,5,08f895b5-faf8-4a3f-a86d-5ce1d37a172a,IN-SERVICE,NON-LIQUID,60.77,
2026-06-12T09:40:00+08:00,COLLIE_ESR1,100.0,150.0,6,08f895b5-faf8-4a3f-a86d-5ce1d37a172a,IN-SERVICE,NON-LIQUID,151.93,
2026-06-12T09:40:00+08:00,COLLIE_ESR1,100.0,250.0,7,08f895b5-faf8-4a3f-a86d-5ce1d37a172a,IN-SERVICE,NON-LIQUID,253.22,
2026-06-12T09:40:00+08:00,COLLIE_ESR1,0.0,790.98,8,08f895b5-faf8-4a3f-a86d-5ce1d37a172a,IN-SERVICE,NON-LIQUID,801.15,
2026-06-12T09:40:00+08:00,COLLIE_ESR1,0.0,791.18,9,08f895b5-faf8-4a3f-a86d-5ce1d37a172a,IN-SERVICE,NON-LIQUID,801.36,
2026-06-12T09:40:00+08:00,COLLIE_ESR1,0.0,1678.41,10,08f895b5-faf8-4a3f-a86d-5ce1d37a172a,IN-SERVICE,NON-LIQUID,1700.0,
2026-06-12T09:40:00+08:00,KWINANA_ESR2,-225.0,80.43,1,1f8e40c4-fb58-47db-8803-366a12adc0e7,IN-SERVICE,NOT APPLICABLE,80.61,0.0
2026-06-12T09:40:00+08:00,KWINANA_ESR2,225.0,95.88,2,1f8e40c4-fb58-47db-8803-366a12adc0e7,IN-SERVICE,NOT APPLICABLE,96.09,0.0
2026-06-12T09:40:00+08:00,COLLIE_BESS2,0.0,-987.3,1,49b055f4-fcdf-454e-8f2c-5b95fb002eae,IN-SERVICE,NON-LIQUID,-1000.0,
2026-06-12T09:40:00+08:00,COLLIE_BESS2,-150.0,-42.46,2,49b055f4-fcdf-454e-8f2c-5b95fb002eae,IN-SERVICE,NON-LIQUID,-43.01,
2026-06-12T09:40:00+08:00,COLLIE_BESS2,-150.0,-10.0,3,49b055f4-fcdf-454e-8f2c-5b95fb002eae,IN-SERVICE,NON-LIQUID,-10.13,
2026-06-12T09:40:00+08:00,COLLIE_BESS2,0.0,34.02,4,49b055f4-fcdf-454e-8f2c-5b95fb002eae,IN-SERVICE,NON-LIQUID,34.46,
2026-06-12T09:40:00+08:00,COLLIE_BESS2,0.0,60.0,5,49b055f4-fcdf-454e-8f2c-5b95fb002eae,IN-SERVICE,NON-LIQUID,60.77,
2026-06-12T09:40:00+08:00,COLLIE_BESS2,150.0,150.0,6,49b055f4-fcdf-454e-8f2c-5b95fb002eae,IN-SERVICE,NON-LIQUID,151.93,
2026-06-12T09:40:00+08:00,COLLIE_BESS2,150.0,250.0,7,49b055f4-fcdf-454e-8f2c-5b95fb002eae,IN-SERVICE,NON-LIQUID,253.22,
2026-06-12T09:40:00+08:00,COLLIE_BESS2,0.0,790.98,8,49b055f4-fcdf-454e-8f2c-5b95fb002eae,IN-SERVICE,NON-LIQUID,801.15,
2026-06-12T09:40:00+08:00,COLLIE_BESS2,0.0,791.18,9,49b055f4-fcdf-454e-8f2c-5b95fb002eae,IN-SERVICE,NON-LIQUID,801.36,
2026-06-12T09:40:00+08:00,COLLIE_BESS2,0.0,1678.41,10,49b055f4-fcdf-454e-8f2c-5b95fb002eae,IN-SERVICE,NON-LIQUID,1700.0,
2026-06-12T09:40:00+08:00,COLLIE_ESR4,-250.0,79.55,1,fcba7088-6796-410f-9d81-4994adff4867,IN-SERVICE,NOT APPLICABLE,80.57,0.0
2026-06-12T09:40:00+08:00,COLLIE_ESR4,250.0,94.91,2,fcba7088-6796-410f-9d81-4994adff4867,IN-SERVICE,NOT APPLICABLE,96.13,0.0
2026-06-12T09:40:00+08:00,COLLIE_ESR5,-250.0,79.67,1,79a3c110-736f-4eeb-a372-435f2bca1b30,IN-SERVICE,NOT APPLICABLE,80.69,0.0
2026-06-12T09:40:00+08:00,COLLIE_ESR5,250.0,94.79,2,79a3c110-736f-4eeb-a372-435f2bca1b30,IN-SERVICE,NOT APPLICABLE,96.01,0.0
2026-06-12T09:45:00+08:00,KWINANA_ESR1,-100.0,82.96,1,70e53039-926a-4f0f-98c9-f9b30c74ff62,IN-SERVICE,NOT APPLICABLE,83.23,0.0
2026-06-12T09:45:00+08:00,KWINANA_ESR1,100.0,97.72,2,70e53039-926a-4f0f-98c9-f9b30c74ff62,IN-SERVICE,NOT APPLICABLE,98.03,0.0
2026-06-12T09:45:00+08:00,COLLIE_ESR1,0.0,-987.3,1,752ab294-5cad-4476-a115-26a265cd7d54,IN-SERVICE,NON-LIQUID,-1000.0,
2026-06-12T09:45:00+08:00,COLLIE_ESR1,-100.0,-42.46,2,752ab294-5cad-4476-a115-26a265cd7d54,IN-SERVICE,NON-LIQUID,-43.01,
2026-06-12T09:45:00+08:00,COLLIE_ESR1,-100.0,-10.0,3,752ab294-5cad-4476-a115-26a265cd7d54,IN-SERVICE,NON-LIQUID,-10.13,
2026-06-12T09:45:00+08:00,COLLIE_ESR1,0.0,34.02,4,752ab294-5cad-4476-a115-26a265cd7d54,IN-SERVICE,NON-LIQUID,34.46,
2026-06-12T09:45:00+08:00,COLLIE_ESR1,0.0,60.0,5,752ab294-5cad-4476-a115-26a265cd7d54,IN-SERVICE,NON-LIQUID,60.77,
2026-06-12T09:45:00+08:00,COLLIE_ESR1,100.0,150.0,6,752ab294-5cad-4476-a115-26a265cd7d54,IN-SERVICE,NON-LIQUID,151.93,
2026-06-12T09:45:00+08:00,COLLIE_ESR1,100.0,250.0,7,752ab294-5cad-4476-a115-26a265cd7d54,IN-SERVICE,NON-LIQUID,253.22,
2026-06-12T09:45:00+08:00,COLLIE_ESR1,0.0,790.98,8,752ab294-5cad-4476-a115-26a265cd7d54,IN-SERVICE,NON-LIQUID,801.15,
2026-06-12T09:45:00+08:00,COLLIE_ESR1,0.0,791.18,9,752ab294-5cad-4476-a115-26a265cd7d54,IN-SERVICE,NON-LIQUID,801.36,
2026-06-12T09:45:00+08:00,COLLIE_ESR1,0.0,1678.41,10,752ab294-5cad-4476-a115-26a265cd7d54,IN-SERVICE,NON-LIQUID,1700.0,
2026-06-12T09:45:00+08:00,KWINANA_ESR2,-225.0,80.43,1,1f8e40c4-fb58-47db-8803-366a12adc0e7,IN-SERVICE,NOT APPLICABLE,80.61,0.0
2026-06-12T09:45:00+08:00,KWINANA_ESR2,225.0,95.88,2,1f8e40c4-fb58-47db-8803-366a12adc0e7,IN-SERVICE,NOT APPLICABLE,96.09,0.0
2026-06-12T09:45:00+08:00,COLLIE_BESS2,0.0,-987.3,1,11becd9d-6a35-41c8-9237-023f9cfba860,IN-SERVICE,NON-LIQUID,-1000.0,
2026-06-12T09:45:00+08:00,COLLIE_BESS2,-150.0,-42.46,2,11becd9d-6a35-41c8-9237-023f9cfba860,IN-SERVICE,NON-LIQUID,-43.01,
2026-06-12T09:45:00+08:00,COLLIE_BESS2,-150.0,-10.0,3,11becd9d-6a35-41c8-9237-023f9cfba860,IN-SERVICE,NON-LIQUID,-10.13,
2026-06-12T09:45:00+08:00,COLLIE_BESS2,0.0,34.02,4,11becd9d-6a35-41c8-9237-023f9cfba860,IN-SERVICE,NON-LIQUID,34.46,
2026-06-12T09:45:00+08:00,COLLIE_BESS2,0.0,60.0,5,11becd9d-6a35-41c8-9237-023f9cfba860,IN-SERVICE,NON-LIQUID,60.77,
2026-06-12T09:45:00+08:00,COLLIE_BESS2,150.0,150.0,6,11becd9d-6a35-41c8-9237-023f9cfba860,IN-SERVICE,NON-LIQUID,151.93,
2026-06-12T09:45:00+08:00,COLLIE_BESS2,150.0,250.0,7,11becd9d-6a35-41c8-9237-023f9cfba860,IN-SERVICE,NON-LIQUID,253.22,
2026-06-12T09:45:00+08:00,COLLIE_BESS2,0.0,790.98,8,11becd9d-6a35-41c8-9237-023f9cfba860,IN-SERVICE,NON-LIQUID,801.15,
2026-06-12T09:45:00+08:00,COLLIE_BESS2,0.0,791.18,9,11becd9d-6a35-41c8-9237-023f9cfba860,IN-SERVICE,NON-LIQUID,801.36,
2026-06-12T09:45:00+08:00,COLLIE_BESS2,0.0,1678.41,10,11becd9d-6a35-41c8-9237-023f9cfba860,IN-SERVICE,NON-LIQUID,1700.0,
2026-06-12T09:45:00+08:00,COLLIE_ESR4,-250.0,79.55,1,fcba7088-6796-410f-9d81-4994adff4867,IN-SERVICE,NOT APPLICABLE,80.57,0.0
2026-06-12T09:45:00+08:00,COLLIE_ESR4,250.0,94.91,2,fcba7088-6796-410f-9d81-4994adff4867,IN-SERVICE,NOT APPLICABLE,96.13,0.0
2026-06-12T09:45:00+08:00,COLLIE_ESR5,-250.0,79.67,1,79a3c110-736f-4eeb-a372-435f2bca1b30,IN-SERVICE,NOT APPLICABLE,80.69,0.0
2026-06-12T09:45:00+08:00,COLLIE_ESR5,250.0,94.79,2,79a3c110-736f-4eeb-a372-435f2bca1b30,IN-SERVICE,NOT APPLICABLE,96.01,0.0
2026-06-12T09:50:00+08:00,KWINANA_ESR1,-100.0,80.01,1,70e53039-926a-4f0f-98c9-f9b30c74ff62,IN-SERVICE,NOT APPLICABLE,80.27,0.0
2026-06-12T09:50:00+08:00,KWINANA_ESR1,100.0,94.77,2,70e53039-926a-4f0f-98c9-f9b30c74ff62,IN-SERVICE,NOT APPLICABLE,95.07,0.0
2026-06-12T09:50:00+08:00,COLLIE_ESR1,0.0,-987.3,1,e6f52ff5-5d5e-411f-81a1-8a0188d571ba,IN-SERVICE,NON-LIQUID,-1000.0,
2026-06-12T09:50:00+08:00,COLLIE_ESR1,-26.0,-42.46,2,e6f52ff5-5d5e-411f-81a1-8a0188d571ba,IN-SERVICE,NON-LIQUID,-43.01,
2026-06-12T09:50:00+08:00,COLLIE_ESR1,-27.0,-10.0,3,e6f52ff5-5d5e-411f-81a1-8a0188d571ba,IN-SERVICE,NON-LIQUID,-10.13,
2026-06-12T09:50:00+08:00,COLLIE_ESR1,0.0,34.02,4,e6f52ff5-5d5e-411f-81a1-8a0188d571ba,IN-SERVICE,NON-LIQUID,34.46,
2026-06-12T09:50:00+08:00,COLLIE_ESR1,0.0,60.0,5,e6f52ff5-5d5e-411f-81a1-8a0188d571ba,IN-SERVICE,NON-LIQUID,60.77,
2026-06-12T09:50:00+08:00,COLLIE_ESR1,-147.0,87.23,6,e6f52ff5-5d5e-411f-81a1-8a0188d571ba,IN-SERVICE,NON-LIQUID,88.35,
2026-06-12T09:50:00+08:00,COLLIE_ESR1,100.0,150.0,7,e6f52ff5-5d5e-411f-81a1-8a0188d571ba,IN-SERVICE,NON-LIQUID,151.93,
2026-06-12T09:50:00+08:00,COLLIE_ESR1,100.0,250.0,8,e6f52ff5-5d5e-411f-81a1-8a0188d571ba,IN-SERVICE,NON-LIQUID,253.22,
2026-06-12T09:50:00+08:00,COLLIE_ESR1,0.0,791.18,9,e6f52ff5-5d5e-411f-81a1-8a0188d571ba,IN-SERVICE,NON-LIQUID,801.36,
2026-06-12T09:50:00+08:00,COLLIE_ESR1,0.0,1678.41,10,e6f52ff5-5d5e-411f-81a1-8a0188d571ba,IN-SERVICE,NON-LIQUID,1700.0,
2026-06-12T09:50:00+08:00,KWINANA_ESR2,-225.0,80.43,1,1f8e40c4-fb58-47db-8803-366a12adc0e7,IN-SERVICE,NOT APPLICABLE,80.61,0.0
2026-06-12T09:50:00+08:00,KWINANA_ESR2,225.0,95.88,2,1f8e40c4-fb58-47db-8803-366a12adc0e7,IN-SERVICE,NOT APPLICABLE,96.09,0.0
2026-06-12T09:50:00+08:00,COLLIE_BESS2,0.0,-987.3,1,99d88569-0d36-430a-aee0-368766902673,IN-SERVICE,NON-LIQUID,-1000.0,
2026-06-12T09:50:00+08:00,COLLIE_BESS2,-47.0,-42.46,2,99d88569-0d36-430a-aee0-368766902673,IN-SERVICE,NON-LIQUID,-43.01,
2026-06-12T09:50:00+08:00,COLLIE_BESS2,-48.0,-10.0,3,99d88569-0d36-430a-aee0-368766902673,IN-SERVICE,NON-LIQUID,-10.13,
2026-06-12T09:50:00+08:00,COLLIE_BESS2,0.0,34.02,4,99d88569-0d36-430a-aee0-368766902673,IN-SERVICE,NON-LIQUID,34.46,
2026-06-12T09:50:00+08:00,COLLIE_BESS2,0.0,60.0,5,99d88569-0d36-430a-aee0-368766902673,IN-SERVICE,NON-LIQUID,60.77,
2026-06-12T09:50:00+08:00,COLLIE_BESS2,-205.0,87.23,6,99d88569-0d36-430a-aee0-368766902673,IN-SERVICE,NON-LIQUID,88.35,
2026-06-12T09:50:00+08:00,COLLIE_BESS2,150.0,150.0,7,99d88569-0d36-430a-aee0-368766902673,IN-SERVICE,NON-LIQUID,151.93,
2026-06-12T09:50:00+08:00,COLLIE_BESS2,150.0,250.0,8,99d88569-0d36-430a-aee0-368766902673,IN-SERVICE,NON-LIQUID,253.22,
2026-06-12T09:50:00+08:00,COLLIE_BESS2,0.0,791.18,9,99d88569-0d36-430a-aee0-368766902673,IN-SERVICE,NON-LIQUID,801.36,
2026-06-12T09:50:00+08:00,COLLIE_BESS2,0.0,1678.41,10,99d88569-0d36-430a-aee0-368766902673,IN-SERVICE,NON-LIQUID,1700.0,
2026-06-12T09:50:00+08:00,COLLIE_ESR4,-250.0,79.55,1,fcba7088-6796-410f-9d81-4994adff4867,IN-SERVICE,NOT APPLICABLE,80.57,0.0
2026-06-12T09:50:00+08:00,COLLIE_ESR4,250.0,94.91,2,fcba7088-6796-410f-9d81-4994adff4867,IN-SERVICE,NOT APPLICABLE,96.13,0.0
2026-06-12T09:50:00+08:00,COLLIE_ESR5,-250.0,79.67,1,79a3c110-736f-4eeb-a372-435f2bca1b30,IN-SERVICE,NOT APPLICABLE,80.69,0.0
2026-06-12T09:50:00+08:00,COLLIE_ESR5,250.0,94.79,2,79a3c110-736f-4eeb-a372-435f2bca1b30,IN-SERVICE,NOT APPLICABLE,96.01,0.0
2026-06-12T09:55:00+08:00,KWINANA_ESR1,-100.0,80.69,1,7fcb1c16-651a-4f22-a37d-6c1c49350801,IN-SERVICE,NOT APPLICABLE,80.95,0.0
2026-06-12T09:55:00+08:00,KWINANA_ESR1,100.0,95.45,2,7fcb1c16-651a-4f22-a37d-6c1c49350801,IN-SERVICE,NOT APPLICABLE,95.76,0.0
2026-06-12T09:55:00+08:00,COLLIE_ESR1,0.0,-987.3,1,45780fde-ff95-4200-92d3-130dfb9d29fa,IN-SERVICE,NON-LIQUID,-1000.0,
2026-06-12T09:55:00+08:00,COLLIE_ESR1,-26.0,-42.46,2,45780fde-ff95-4200-92d3-130dfb9d29fa,IN-SERVICE,NON-LIQUID,-43.01,
2026-06-12T09:55:00+08:00,COLLIE_ESR1,-27.0,-10.0,3,45780fde-ff95-4200-92d3-130dfb9d29fa,IN-SERVICE,NON-LIQUID,-10.13,
2026-06-12T09:55:00+08:00,COLLIE_ESR1,0.0,34.02,4,45780fde-ff95-4200-92d3-130dfb9d29fa,IN-SERVICE,NON-LIQUID,34.46,
2026-06-12T09:55:00+08:00,COLLIE_ESR1,0.0,60.0,5,45780fde-ff95-4200-92d3-130dfb9d29fa,IN-SERVICE,NON-LIQUID,60.77,
2026-06-12T09:55:00+08:00,COLLIE_ESR1,-147.0,87.23,6,45780fde-ff95-4200-92d3-130dfb9d29fa,IN-SERVICE,NON-LIQUID,88.35,
2026-06-12T09:55:00+08:00,COLLIE_ESR1,100.0,150.0,7,45780fde-ff95-4200-92d3-130dfb9d29fa,IN-SERVICE,NON-LIQUID,151.93,
2026-06-12T09:55:00+08:00,COLLIE_ESR1,100.0,250.0,8,45780fde-ff95-4200-92d3-130dfb9d29fa,IN-SERVICE,NON-LIQUID,253.22,
2026-06-12T09:55:00+08:00,COLLIE_ESR1,0.0,791.18,9,45780fde-ff95-4200-92d3-130dfb9d29fa,IN-SERVICE,NON-LIQUID,801.36,
2026-06-12T09:55:00+08:00,COLLIE_ESR1,0.0,1678.41,10,45780fde-ff95-4200-92d3-130dfb9d29fa,IN-SERVICE,NON-LIQUID,1700.0,
2026-06-12T09:55:00+08:00,KWINANA_ESR2,-225.0,80.43,1,4796e348-8d55-449e-9a89-eb79567a2294,IN-SERVICE,NOT APPLICABLE,80.61,0.0
2026-06-12T09:55:00+08:00,KWINANA_ESR2,225.0,95.88,2,4796e348-8d55-449e-9a89-eb79567a2294,IN-SERVICE,NOT APPLICABLE,96.09,0.0
2026-06-12T09:55:00+08:00,COLLIE_BESS2,0.0,-987.3,1,e07835cd-4ef8-4a32-9f43-be1a0fe522c5,IN-SERVICE,NON-LIQUID,-1000.0,
2026-06-12T09:55:00+08:00,COLLIE_BESS2,-25.0,-42.46,2,e07835cd-4ef8-4a32-9f43-be1a0fe522c5,IN-SERVICE,NON-LIQUID,-43.01,
2026-06-12T09:55:00+08:00,COLLIE_BESS2,-25.0,-10.0,3,e07835cd-4ef8-4a32-9f43-be1a0fe522c5,IN-SERVICE,NON-LIQUID,-10.13,
2026-06-12T09:55:00+08:00,COLLIE_BESS2,0.0,34.02,4,e07835cd-4ef8-4a32-9f43-be1a0fe522c5,IN-SERVICE,NON-LIQUID,34.46,
2026-06-12T09:55:00+08:00,COLLIE_BESS2,0.0,60.0,5,e07835cd-4ef8-4a32-9f43-be1a0fe522c5,IN-SERVICE,NON-LIQUID,60.77,
2026-06-12T09:55:00+08:00,COLLIE_BESS2,-250.0,87.23,6,e07835cd-4ef8-4a32-9f43-be1a0fe522c5,IN-SERVICE,NON-LIQUID,88.35,
2026-06-12T09:55:00+08:00,COLLIE_BESS2,150.0,150.0,7,e07835cd-4ef8-4a32-9f43-be1a0fe522c5,IN-SERVICE,NON-LIQUID,151.93,
2026-06-12T09:55:00+08:00,COLLIE_BESS2,150.0,250.0,8,e07835cd-4ef8-4a32-9f43-be1a0fe522c5,IN-SERVICE,NON-LIQUID,253.22,
2026-06-12T09:55:00+08:00,COLLIE_BESS2,0.0,791.18,9,e07835cd-4ef8-4a32-9f43-be1a0fe522c5,IN-SERVICE,NON-LIQUID,801.36,
2026-06-12T09:55:00+08:00,COLLIE_BESS2,0.0,1678.41,10,e07835cd-4ef8-4a32-9f43-be1a0fe522c5,IN-SERVICE,NON-LIQUID,1700.0,
2026-06-12T09:55:00+08:00,COLLIE_ESR4,-250.0,79.55,1,0086f3eb-6f17-4048-9d25-7c18ffb41e2a,IN-SERVICE,NOT APPLICABLE,80.57,0.0
2026-06-12T09:55:00+08:00,COLLIE_ESR4,250.0,94.91,2,0086f3eb-6f17-4048-9d25-7c18ffb41e2a,IN-SERVICE,NOT APPLICABLE,96.13,0.0
2026-06-12T09:55:00+08:00,COLLIE_ESR5,-250.0,79.67,1,94b9a050-d11b-4cba-af14-e44111830e8f,IN-SERVICE,NOT APPLICABLE,80.69,0.0
2026-06-12T09:55:00+08:00,COLLIE_ESR5,250.0,94.79,2,94b9a050-d11b-4cba-af14-e44111830e8f,IN-SERVICE,NOT APPLICABLE,96.01,0.0
2026-06-12T10:00:00+08:00,KWINANA_ESR1,-100.0,73.23,1,7fcb1c16-651a-4f22-a37d-6c1c49350801,IN-SERVICE,NOT APPLICABLE,73.47,0.0
2026-06-12T10:00:00+08:00,KWINANA_ESR1,100.0,102.91,2,7fcb1c16-651a-4f22-a37d-6c1c49350801,IN-SERVICE,NOT APPLICABLE,103.24,0.0
2026-06-12T10:00:00+08:00,COLLIE_ESR1,0.0,-987.3,1,932bf0d8-0100-45d9-b594-f637083d6a4e,IN-SERVICE,NON-LIQUID,-1000.0,
2026-06-12T10:00:00+08:00,COLLIE_ESR1,-26.0,-42.46,2,932bf0d8-0100-45d9-b594-f637083d6a4e,IN-SERVICE,NON-LIQUID,-43.01,
2026-06-12T10:00:00+08:00,COLLIE_ESR1,-27.0,-10.0,3,932bf0d8-0100-45d9-b594-f637083d6a4e,IN-SERVICE,NON-LIQUID,-10.13,
2026-06-12T10:00:00+08:00,COLLIE_ESR1,0.0,34.02,4,932bf0d8-0100-45d9-b594-f637083d6a4e,IN-SERVICE,NON-LIQUID,34.46,
2026-06-12T10:00:00+08:00,COLLIE_ESR1,0.0,60.0,5,932bf0d8-0100-45d9-b594-f637083d6a4e,IN-SERVICE,NON-LIQUID,60.77,
2026-06-12T10:00:00+08:00,COLLIE_ESR1,-147.0,72.88,6,932bf0d8-0100-45d9-b594-f637083d6a4e,IN-SERVICE,NON-LIQUID,73.82,
2026-06-12T10:00:00+08:00,COLLIE_ESR1,100.0,150.0,7,932bf0d8-0100-45d9-b594-f637083d6a4e,IN-SERVICE,NON-LIQUID,151.93,
2026-06-12T10:00:00+08:00,COLLIE_ESR1,100.0,250.0,8,932bf0d8-0100-45d9-b594-f637083d6a4e,IN-SERVICE,NON-LIQUID,253.22,
2026-06-12T10:00:00+08:00,COLLIE_ESR1,0.0,791.18,9,932bf0d8-0100-45d9-b594-f637083d6a4e,IN-SERVICE,NON-LIQUID,801.36,
2026-06-12T10:00:00+08:00,COLLIE_ESR1,0.0,1678.41,10,932bf0d8-0100-45d9-b594-f637083d6a4e,IN-SERVICE,NON-LIQUID,1700.0,
2026-06-12T10:00:00+08:00,KWINANA_ESR2,-225.0,72.27,1,4796e348-8d55-449e-9a89-eb79567a2294,IN-SERVICE,NOT APPLICABLE,72.43,0.0
2026-06-12T10:00:00+08:00,KWINANA_ESR2,225.0,104.04,2,4796e348-8d55-449e-9a89-eb79567a2294,IN-SERVICE,NOT APPLICABLE,104.27,0.0
2026-06-12T10:00:00+08:00,COLLIE_BESS2,0.0,-987.3,1,3f4b5edc-34f1-46da-a70e-d394af49d6c9,IN-SERVICE,NON-LIQUID,-1000.0,
2026-06-12T10:00:00+08:00,COLLIE_BESS2,-25.0,-42.46,2,3f4b5edc-34f1-46da-a70e-d394af49d6c9,IN-SERVICE,NON-LIQUID,-43.01,
2026-06-12T10:00:00+08:00,COLLIE_BESS2,-25.0,-10.0,3,3f4b5edc-34f1-46da-a70e-d394af49d6c9,IN-SERVICE,NON-LIQUID,-10.13,
2026-06-12T10:00:00+08:00,COLLIE_BESS2,0.0,34.02,4,3f4b5edc-34f1-46da-a70e-d394af49d6c9,IN-SERVICE,NON-LIQUID,34.46,
2026-06-12T10:00:00+08:00,COLLIE_BESS2,0.0,60.0,5,3f4b5edc-34f1-46da-a70e-d394af49d6c9,IN-SERVICE,NON-LIQUID,60.77,
2026-06-12T10:00:00+08:00,COLLIE_BESS2,-250.0,72.88,6,3f4b5edc-34f1-46da-a70e-d394af49d6c9,IN-SERVICE,NON-LIQUID,73.82,
2026-06-12T10:00:00+08:00,COLLIE_BESS2,150.0,150.0,7,3f4b5edc-34f1-46da-a70e-d394af49d6c9,IN-SERVICE,NON-LIQUID,151.93,
2026-06-12T10:00:00+08:00,COLLIE_BESS2,150.0,250.0,8,3f4b5edc-34f1-46da-a70e-d394af49d6c9,IN-SERVICE,NON-LIQUID,253.22,
2026-06-12T10:00:00+08:00,COLLIE_BESS2,0.0,791.18,9,3f4b5edc-34f1-46da-a70e-d394af49d6c9,IN-SERVICE,NON-LIQUID,801.36,
2026-06-12T10:00:00+08:00,COLLIE_BESS2,0.0,1678.41,10,3f4b5edc-34f1-46da-a70e-d394af49d6c9,IN-SERVICE,NON-LIQUID,1700.0,
2026-06-12T10:00:00+08:00,COLLIE_ESR4,-250.0,71.46,1,0086f3eb-6f17-4048-9d25-7c18ffb41e2a,IN-SERVICE,NOT APPLICABLE,72.38,0.0
2026-06-12T10:00:00+08:00,COLLIE_ESR4,250.0,103.0,2,0086f3eb-6f17-4048-9d25-7c18ffb41e2a,IN-SERVICE,NOT APPLICABLE,104.32,0.0
2026-06-12T10:00:00+08:00,COLLIE_ESR5,-250.0,71.46,1,94b9a050-d11b-4cba-af14-e44111830e8f,IN-SERVICE,NOT APPLICABLE,72.38,0.0
2026-06-12T10:00:00+08:00,COLLIE_ESR5,250.0,103.0,2,94b9a050-d11b-4cba-af14-e44111830e8f,IN-SERVICE,NOT APPLICABLE,104.32,0.0
2026-06-12T10:05:00+08:00,KWINANA_ESR1,-100.0,73.23,1,7fcb1c16-651a-4f22-a37d-6c1c49350801,IN-SERVICE,NOT APPLICABLE,73.47,0.0
2026-06-12T10:05:00+08:00,KWINANA_ESR1,100.0,102.91,2,7fcb1c16-651a-4f22-a37d-6c1c49350801,IN-SERVICE,NOT APPLICABLE,103.24,0.0
2026-06-12T10:05:00+08:00,COLLIE_ESR1,0.0,-987.3,1,e43fe636-545c-4207-af73-97c5b34d5fd4,IN-SERVICE,NON-LIQUID,-1000.0,
2026-06-12T10:05:00+08:00,COLLIE_ESR1,-27.0,-42.46,2,e43fe636-545c-4207-af73-97c5b34d5fd4,IN-SERVICE,NON-LIQUID,-43.01,
2026-06-12T10:05:00+08:00,COLLIE_ESR1,-27.0,-10.0,3,e43fe636-545c-4207-af73-97c5b34d5fd4,IN-SERVICE,NON-LIQUID,-10.13,
2026-06-12T10:05:00+08:00,COLLIE_ESR1,0.0,34.02,4,e43fe636-545c-4207-af73-97c5b34d5fd4,IN-SERVICE,NON-LIQUID,34.46,
2026-06-12T10:05:00+08:00,COLLIE_ESR1,0.0,60.0,5,e43fe636-545c-4207-af73-97c5b34d5fd4,IN-SERVICE,NON-LIQUID,60.77,
2026-06-12T10:05:00+08:00,COLLIE_ESR1,-146.0,102.66,6,e43fe636-545c-4207-af73-97c5b34d5fd4,IN-SERVICE,NON-LIQUID,103.98,
2026-06-12T10:05:00+08:00,COLLIE_ESR1,100.0,150.0,7,e43fe636-545c-4207-af73-97c5b34d5fd4,IN-SERVICE,NON-LIQUID,151.93,
2026-06-12T10:05:00+08:00,COLLIE_ESR1,100.0,250.0,8,e43fe636-545c-4207-af73-97c5b34d5fd4,IN-SERVICE,NON-LIQUID,253.22,
2026-06-12T10:05:00+08:00,COLLIE_ESR1,0.0,791.18,9,e43fe636-545c-4207-af73-97c5b34d5fd4,IN-SERVICE,NON-LIQUID,801.36,
2026-06-12T10:05:00+08:00,COLLIE_ESR1,0.0,1678.41,10,e43fe636-545c-4207-af73-97c5b34d5fd4,IN-SERVICE,NON-LIQUID,1700.0,
2026-06-12T10:05:00+08:00,KWINANA_ESR2,-225.0,72.27,1,4796e348-8d55-449e-9a89-eb79567a2294,IN-SERVICE,NOT APPLICABLE,72.43,0.0
2026-06-12T10:05:00+08:00,KWINANA_ESR2,225.0,104.04,2,4796e348-8d55-449e-9a89-eb79567a2294,IN-SERVICE,NOT APPLICABLE,104.27,0.0
2026-06-12T10:05:00+08:00,COLLIE_BESS2,0.0,-987.3,1,e8e2c058-4cf1-4e6f-b34b-ece90e37b518,IN-SERVICE,NON-LIQUID,-1000.0,
2026-06-12T10:05:00+08:00,COLLIE_BESS2,-25.0,-42.46,2,e8e2c058-4cf1-4e6f-b34b-ece90e37b518,IN-SERVICE,NON-LIQUID,-43.01,
2026-06-12T10:05:00+08:00,COLLIE_BESS2,-25.0,-10.0,3,e8e2c058-4cf1-4e6f-b34b-ece90e37b518,IN-SERVICE,NON-LIQUID,-10.13,
2026-06-12T10:05:00+08:00,COLLIE_BESS2,0.0,34.02,4,e8e2c058-4cf1-4e6f-b34b-ece90e37b518,IN-SERVICE,NON-LIQUID,34.46,
2026-06-12T10:05:00+08:00,COLLIE_BESS2,0.0,60.0,5,e8e2c058-4cf1-4e6f-b34b-ece90e37b518,IN-SERVICE,NON-LIQUID,60.77,
2026-06-12T10:05:00+08:00,COLLIE_BESS2,-250.0,102.66,6,e8e2c058-4cf1-4e6f-b34b-ece90e37b518,IN-SERVICE,NON-LIQUID,103.98,
2026-06-12T10:05:00+08:00,COLLIE_BESS2,150.0,150.0,7,e8e2c058-4cf1-4e6f-b34b-ece90e37b518,IN-SERVICE,NON-LIQUID,151.93,
2026-06-12T10:05:00+08:00,COLLIE_BESS2,150.0,250.0,8,e8e2c058-4cf1-4e6f-b34b-ece90e37b518,IN-SERVICE,NON-LIQUID,253.22,
2026-06-12T10:05:00+08:00,COLLIE_BESS2,0.0,791.18,9,e8e2c058-4cf1-4e6f-b34b-ece90e37b518,IN-SERVICE,NON-LIQUID,801.36,
2026-06-12T10:05:00+08:00,COLLIE_BESS2,0.0,1678.41,10,e8e2c058-4cf1-4e6f-b34b-ece90e37b518,IN-SERVICE,NON-LIQUID,1700.0,
2026-06-12T10:05:00+08:00,COLLIE_ESR4,-250.0,71.46,1,0086f3eb-6f17-4048-9d25-7c18ffb41e2a,IN-SERVICE,NOT APPLICABLE,72.38,0.0
2026-06-12T10:05:00+08:00,COLLIE_ESR4,250.0,103.0,2,0086f3eb-6f17-4048-9d25-7c18ffb41e2a,IN-SERVICE,NOT APPLICABLE,104.32,0.0
2026-06-12T10:05:00+08:00,COLLIE_ESR5,-250.0,71.46,1,94b9a050-d11b-4cba-af14-e44111830e8f,IN-SERVICE,NOT APPLICABLE,72.38,0.0
2026-06-12T10:05:00+08:00,COLLIE_ESR5,250.0,103.0,2,94b9a050-d11b-4cba-af14-e44111830e8f,IN-SERVICE,NOT APPLICABLE,104.32,0.0
2026-06-12T10:10:00+08:00,KWINANA_ESR1,-100.0,83.17,1,8a9eef80-c2d5-42aa-94d5-d3bdc6188a9a,IN-SERVICE,NOT APPLICABLE,83.44,0.0
2026-06-12T10:10:00+08:00,KWINANA_ESR1,100.0,112.86,2,8a9eef80-c2d5-42aa-94d5-d3bdc6188a9a,IN-SERVICE,NOT APPLICABLE,113.22,0.0
2026-06-12T10:10:00+08:00,COLLIE_ESR1,0.0,-987.3,1,eb656df7-bfae-45ca-8624-0c26f46e2699,IN-SERVICE,NON-LIQUID,-1000.0,
2026-06-12T10:10:00+08:00,COLLIE_ESR1,-27.0,-42.46,2,eb656df7-bfae-45ca-8624-0c26f46e2699,IN-SERVICE,NON-LIQUID,-43.01,
2026-06-12T10:10:00+08:00,COLLIE_ESR1,-27.0,-10.0,3,eb656df7-bfae-45ca-8624-0c26f46e2699,IN-SERVICE,NON-LIQUID,-10.13,
2026-06-12T10:10:00+08:00,COLLIE_ESR1,0.0,34.02,4,eb656df7-bfae-45ca-8624-0c26f46e2699,IN-SERVICE,NON-LIQUID,34.46,
2026-06-12T10:10:00+08:00,COLLIE_ESR1,0.0,60.0,5,eb656df7-bfae-45ca-8624-0c26f46e2699,IN-SERVICE,NON-LIQUID,60.77,
2026-06-12T10:10:00+08:00,COLLIE_ESR1,-146.0,105.0,6,eb656df7-bfae-45ca-8624-0c26f46e2699,IN-SERVICE,NON-LIQUID,106.35,
2026-06-12T10:10:00+08:00,COLLIE_ESR1,100.0,150.0,7,eb656df7-bfae-45ca-8624-0c26f46e2699,IN-SERVICE,NON-LIQUID,151.93,
2026-06-12T10:10:00+08:00,COLLIE_ESR1,100.0,250.0,8,eb656df7-bfae-45ca-8624-0c26f46e2699,IN-SERVICE,NON-LIQUID,253.22,
2026-06-12T10:10:00+08:00,COLLIE_ESR1,0.0,791.18,9,eb656df7-bfae-45ca-8624-0c26f46e2699,IN-SERVICE,NON-LIQUID,801.36,
2026-06-12T10:10:00+08:00,COLLIE_ESR1,0.0,1678.41,10,eb656df7-bfae-45ca-8624-0c26f46e2699,IN-SERVICE,NON-LIQUID,1700.0,
2026-06-12T10:10:00+08:00,KWINANA_ESR2,-225.0,112.02,1,7a272f26-511a-449f-be78-39ac824dc8a5,IN-SERVICE,NOT APPLICABLE,112.27,0.0
2026-06-12T10:10:00+08:00,KWINANA_ESR2,225.0,153.39,2,7a272f26-511a-449f-be78-39ac824dc8a5,IN-SERVICE,NOT APPLICABLE,153.73,0.0
2026-06-12T10:10:00+08:00,COLLIE_BESS2,0.0,-987.3,1,041a82ea-0993-4cc6-9b8d-64b29baf0a2d,IN-SERVICE,NON-LIQUID,-1000.0,
2026-06-12T10:10:00+08:00,COLLIE_BESS2,-25.0,-42.46,2,041a82ea-0993-4cc6-9b8d-64b29baf0a2d,IN-SERVICE,NON-LIQUID,-43.01,
2026-06-12T10:10:00+08:00,COLLIE_BESS2,-25.0,-10.0,3,041a82ea-0993-4cc6-9b8d-64b29baf0a2d,IN-SERVICE,NON-LIQUID,-10.13,
2026-06-12T10:10:00+08:00,COLLIE_BESS2,0.0,34.02,4,041a82ea-0993-4cc6-9b8d-64b29baf0a2d,IN-SERVICE,NON-LIQUID,34.46,
2026-06-12T10:10:00+08:00,COLLIE_BESS2,0.0,60.0,5,041a82ea-0993-4cc6-9b8d-64b29baf0a2d,IN-SERVICE,NON-LIQUID,60.77,
2026-06-12T10:10:00+08:00,COLLIE_BESS2,-250.0,105.0,6,041a82ea-0993-4cc6-9b8d-64b29baf0a2d,IN-SERVICE,NON-LIQUID,106.35,
2026-06-12T10:10:00+08:00,COLLIE_BESS2,150.0,150.0,7,041a82ea-0993-4cc6-9b8d-64b29baf0a2d,IN-SERVICE,NON-LIQUID,151.93,
2026-06-12T10:10:00+08:00,COLLIE_BESS2,150.0,250.0,8,041a82ea-0993-4cc6-9b8d-64b29baf0a2d,IN-SERVICE,NON-LIQUID,253.22,
2026-06-12T10:10:00+08:00,COLLIE_BESS2,0.0,791.18,9,041a82ea-0993-4cc6-9b8d-64b29baf0a2d,IN-SERVICE,NON-LIQUID,801.36,
2026-06-12T10:10:00+08:00,COLLIE_BESS2,0.0,1678.41,10,041a82ea-0993-4cc6-9b8d-64b29baf0a2d,IN-SERVICE,NON-LIQUID,1700.0,
2026-06-12T10:10:00+08:00,COLLIE_ESR4,-250.0,110.78,1,2d0b01e2-e821-47db-b929-9676a7584edb,IN-SERVICE,NOT APPLICABLE,112.21,0.0
2026-06-12T10:10:00+08:00,COLLIE_ESR4,250.0,151.83,2,2d0b01e2-e821-47db-b929-9676a7584edb,IN-SERVICE,NOT APPLICABLE,153.78,0.0
2026-06-12T10:10:00+08:00,COLLIE_ESR5,-250.0,110.78,1,5dc80ab8-f577-4273-9f1a-f4250ae5a2b6,IN-SERVICE,NOT APPLICABLE,112.21,0.0
2026-06-12T10:10:00+08:00,COLLIE_ESR5,250.0,151.83,2,5dc80ab8-f577-4273-9f1a-f4250ae5a2b6,IN-SERVICE,NOT APPLICABLE,153.78,0.0
2026-06-12T10:15:00+08:00,KWINANA_ESR1,-100.0,83.17,1,8a9eef80-c2d5-42aa-94d5-d3bdc6188a9a,IN-SERVICE,NOT APPLICABLE,83.44,0.0
2026-06-12T10:15:00+08:00,KWINANA_ESR1,100.0,112.86,2,8a9eef80-c2d5-42aa-94d5-d3bdc6188a9a,IN-SERVICE,NOT APPLICABLE,113.22,0.0
2026-06-12T10:15:00+08:00,COLLIE_ESR1,0.0,-987.3,1,a234439a-4ed4-43e7-a00a-6994b6da97e3,IN-SERVICE,NON-LIQUID,-1000.0,
2026-06-12T10:15:00+08:00,COLLIE_ESR1,-27.0,-42.46,2,a234439a-4ed4-43e7-a00a-6994b6da97e3,IN-SERVICE,NON-LIQUID,-43.01,
2026-06-12T10:15:00+08:00,COLLIE_ESR1,-27.0,-10.0,3,a234439a-4ed4-43e7-a00a-6994b6da97e3,IN-SERVICE,NON-LIQUID,-10.13,
2026-06-12T10:15:00+08:00,COLLIE_ESR1,0.0,34.02,4,a234439a-4ed4-43e7-a00a-6994b6da97e3,IN-SERVICE,NON-LIQUID,34.46,
2026-06-12T10:15:00+08:00,COLLIE_ESR1,0.0,60.0,5,a234439a-4ed4-43e7-a00a-6994b6da97e3,IN-SERVICE,NON-LIQUID,60.77,
2026-06-12T10:15:00+08:00,COLLIE_ESR1,-146.0,115.02,6,a234439a-4ed4-43e7-a00a-6994b6da97e3,IN-SERVICE,NON-LIQUID,116.5,
2026-06-12T10:15:00+08:00,COLLIE_ESR1,100.0,150.0,7,a234439a-4ed4-43e7-a00a-6994b6da97e3,IN-SERVICE,NON-LIQUID,151.93,
2026-06-12T10:15:00+08:00,COLLIE_ESR1,100.0,250.0,8,a234439a-4ed4-43e7-a00a-6994b6da97e3,IN-SERVICE,NON-LIQUID,253.22,
2026-06-12T10:15:00+08:00,COLLIE_ESR1,0.0,791.18,9,a234439a-4ed4-43e7-a00a-6994b6da97e3,IN-SERVICE,NON-LIQUID,801.36,
2026-06-12T10:15:00+08:00,COLLIE_ESR1,0.0,1678.41,10,a234439a-4ed4-43e7-a00a-6994b6da97e3,IN-SERVICE,NON-LIQUID,1700.0,
2026-06-12T10:15:00+08:00,KWINANA_ESR2,-225.0,121.63,1,7a272f26-511a-449f-be78-39ac824dc8a5,IN-SERVICE,NOT APPLICABLE,121.9,0.0
2026-06-12T10:15:00+08:00,KWINANA_ESR2,225.0,153.39,2,7a272f26-511a-449f-be78-39ac824dc8a5,IN-SERVICE,NOT APPLICABLE,153.73,0.0
2026-06-12T10:15:00+08:00,COLLIE_BESS2,0.0,-987.3,1,5958438b-791e-4a16-ba8d-919eef71a57a,IN-SERVICE,NON-LIQUID,-1000.0,
2026-06-12T10:15:00+08:00,COLLIE_BESS2,-48.0,-42.46,2,5958438b-791e-4a16-ba8d-919eef71a57a,IN-SERVICE,NON-LIQUID,-43.01,
2026-06-12T10:15:00+08:00,COLLIE_BESS2,-48.0,-10.0,3,5958438b-791e-4a16-ba8d-919eef71a57a,IN-SERVICE,NON-LIQUID,-10.13,
2026-06-12T10:15:00+08:00,COLLIE_BESS2,0.0,34.02,4,5958438b-791e-4a16-ba8d-919eef71a57a,IN-SERVICE,NON-LIQUID,34.46,
2026-06-12T10:15:00+08:00,COLLIE_BESS2,0.0,60.0,5,5958438b-791e-4a16-ba8d-919eef71a57a,IN-SERVICE,NON-LIQUID,60.77,
2026-06-12T10:15:00+08:00,COLLIE_BESS2,-204.0,115.02,6,5958438b-791e-4a16-ba8d-919eef71a57a,IN-SERVICE,NON-LIQUID,116.5,
2026-06-12T10:15:00+08:00,COLLIE_BESS2,150.0,150.0,7,5958438b-791e-4a16-ba8d-919eef71a57a,IN-SERVICE,NON-LIQUID,151.93,
2026-06-12T10:15:00+08:00,COLLIE_BESS2,150.0,250.0,8,5958438b-791e-4a16-ba8d-919eef71a57a,IN-SERVICE,NON-LIQUID,253.22,
2026-06-12T10:15:00+08:00,COLLIE_BESS2,0.0,791.18,9,5958438b-791e-4a16-ba8d-919eef71a57a,IN-SERVICE,NON-LIQUID,801.36,
2026-06-12T10:15:00+08:00,COLLIE_BESS2,0.0,1678.41,10,5958438b-791e-4a16-ba8d-919eef71a57a,IN-SERVICE,NON-LIQUID,1700.0,
2026-06-12T10:15:00+08:00,COLLIE_ESR4,-250.0,110.78,1,2d0b01e2-e821-47db-b929-9676a7584edb,IN-SERVICE,NOT APPLICABLE,112.21,0.0
2026-06-12T10:15:00+08:00,COLLIE_ESR4,250.0,151.83,2,2d0b01e2-e821-47db-b929-9676a7584edb,IN-SERVICE,NOT APPLICABLE,153.78,0.0
2026-06-12T10:15:00+08:00,COLLIE_ESR5,-250.0,120.29,1,5dc80ab8-f577-4273-9f1a-f4250ae5a2b6,IN-SERVICE,NOT APPLICABLE,121.84,0.0
2026-06-12T10:15:00+08:00,COLLIE_ESR5,250.0,151.83,2,5dc80ab8-f577-4273-9f1a-f4250ae5a2b6,IN-SERVICE,NOT APPLICABLE,153.78,0.0
2026-06-12T10:20:00+08:00,KWINANA_ESR1,-100.0,83.17,1,8a9eef80-c2d5-42aa-94d5-d3bdc6188a9a,IN-SERVICE,NOT APPLICABLE,83.44,0.0
2026-06-12T10:20:00+08:00,KWINANA_ESR1,100.0,112.86,2,8a9eef80-c2d5-42aa-94d5-d3bdc6188a9a,IN-SERVICE,NOT APPLICABLE,113.22,0.0
2026-06-12T10:20:00+08:00,COLLIE_ESR1,0.0,-987.3,1,086dd3b1-0e43-4d05-8c6f-06b97755eddf,IN-SERVICE,NON-LIQUID,-1000.0,
2026-06-12T10:20:00+08:00,COLLIE_ESR1,-27.0,-42.46,2,086dd3b1-0e43-4d05-8c6f-06b97755eddf,IN-SERVICE,NON-LIQUID,-43.01,
2026-06-12T10:20:00+08:00,COLLIE_ESR1,-27.0,-10.0,3,086dd3b1-0e43-4d05-8c6f-06b97755eddf,IN-SERVICE,NON-LIQUID,-10.13,
2026-06-12T10:20:00+08:00,COLLIE_ESR1,0.0,34.02,4,086dd3b1-0e43-4d05-8c6f-06b97755eddf,IN-SERVICE,NON-LIQUID,34.46,
2026-06-12T10:20:00+08:00,COLLIE_ESR1,0.0,60.0,5,086dd3b1-0e43-4d05-8c6f-06b97755eddf,IN-SERVICE,NON-LIQUID,60.77,
2026-06-12T10:20:00+08:00,COLLIE_ESR1,-146.0,115.02,6,086dd3b1-0e43-4d05-8c6f-06b97755eddf,IN-SERVICE,NON-LIQUID,116.5,
2026-06-12T10:20:00+08:00,COLLIE_ESR1,100.0,150.0,7,086dd3b1-0e43-4d05-8c6f-06b97755eddf,IN-SERVICE,NON-LIQUID,151.93,
2026-06-12T10:20:00+08:00,COLLIE_ESR1,100.0,250.0,8,086dd3b1-0e43-4d05-8c6f-06b97755eddf,IN-SERVICE,NON-LIQUID,253.22,
2026-06-12T10:20:00+08:00,COLLIE_ESR1,0.0,791.18,9,086dd3b1-0e43-4d05-8c6f-06b97755eddf,IN-SERVICE,NON-LIQUID,801.36,
2026-06-12T10:20:00+08:00,COLLIE_ESR1,0.0,1678.41,10,086dd3b1-0e43-4d05-8c6f-06b97755eddf,IN-SERVICE,NON-LIQUID,1700.0,
2026-06-12T10:20:00+08:00,KWINANA_ESR2,-225.0,121.63,1,7a272f26-511a-449f-be78-39ac824dc8a5,IN-SERVICE,NOT APPLICABLE,121.9,0.0
2026-06-12T10:20:00+08:00,KWINANA_ESR2,225.0,153.39,2,7a272f26-511a-449f-be78-39ac824dc8a5,IN-SERVICE,NOT APPLICABLE,153.73,0.0
2026-06-12T10:20:00+08:00,COLLIE_BESS2,0.0,-987.3,1,bfa9104d-0d27-41d0-b269-f545c443cbab,IN-SERVICE,NON-LIQUID,-1000.0,
2026-06-12T10:20:00+08:00,COLLIE_BESS2,-48.0,-42.46,2,bfa9104d-0d27-41d0-b269-f545c443cbab,IN-SERVICE,NON-LIQUID,-43.01,
2026-06-12T10:20:00+08:00,COLLIE_BESS2,-48.0,-10.0,3,bfa9104d-0d27-41d0-b269-f545c443cbab,IN-SERVICE,NON-LIQUID,-10.13,
2026-06-12T10:20:00+08:00,COLLIE_BESS2,0.0,34.02,4,bfa9104d-0d27-41d0-b269-f545c443cbab,IN-SERVICE,NON-LIQUID,34.46,
2026-06-12T10:20:00+08:00,COLLIE_BESS2,0.0,60.0,5,bfa9104d-0d27-41d0-b269-f545c443cbab,IN-SERVICE,NON-LIQUID,60.77,
2026-06-12T10:20:00+08:00,COLLIE_BESS2,-204.0,115.02,6,bfa9104d-0d27-41d0-b269-f545c443cbab,IN-SERVICE,NON-LIQUID,116.5,
2026-06-12T10:20:00+08:00,COLLIE_BESS2,150.0,150.0,7,bfa9104d-0d27-41d0-b269-f545c443cbab,IN-SERVICE,NON-LIQUID,151.93,
2026-06-12T10:20:00+08:00,COLLIE_BESS2,150.0,250.0,8,bfa9104d-0d27-41d0-b269-f545c443cbab,IN-SERVICE,NON-LIQUID,253.22,
2026-06-12T10:20:00+08:00,COLLIE_BESS2,0.0,791.18,9,bfa9104d-0d27-41d0-b269-f545c443cbab,IN-SERVICE,NON-LIQUID,801.36,
2026-06-12T10:20:00+08:00,COLLIE_BESS2,0.0,1678.41,10,bfa9104d-0d27-41d0-b269-f545c443cbab,IN-SERVICE,NON-LIQUID,1700.0,
2026-06-12T10:20:00+08:00,COLLIE_ESR4,-250.0,110.78,1,2d0b01e2-e821-47db-b929-9676a7584edb,IN-SERVICE,NOT APPLICABLE,112.21,0.0
2026-06-12T10:20:00+08:00,COLLIE_ESR4,250.0,151.83,2,2d0b01e2-e821-47db-b929-9676a7584edb,IN-SERVICE,NOT APPLICABLE,153.78,0.0
2026-06-12T10:20:00+08:00,COLLIE_ESR5,-250.0,120.29,1,5dc80ab8-f577-4273-9f1a-f4250ae5a2b6,IN-SERVICE,NOT APPLICABLE,121.84,0.0
2026-06-12T10:20:00+08:00,COLLIE_ESR5,250.0,157.69,2,5dc80ab8-f577-4273-9f1a-f4250ae5a2b6,IN-SERVICE,NOT APPLICABLE,159.72,0.0
2026-06-12T10:25:00+08:00,KWINANA_ESR1,-100.0,84.33,1,8a9eef80-c2d5-42aa-94d5-d3bdc6188a9a,IN-SERVICE,NOT APPLICABLE,84.6,0.0
2026-06-12T10:25:00+08:00,KWINANA_ESR1,100.0,114.01,2,8a9eef80-c2d5-42aa-94d5-d3bdc6188a9a,IN-SERVICE,NOT APPLICABLE,114.38,0.0
2026-06-12T10:25:00+08:00,COLLIE_ESR1,0.0,-987.3,1,af7b135a-d9d8-4a85-b16d-37d55205d2fa,IN-SERVICE,NON-LIQUID,-1000.0,
2026-06-12T10:25:00+08:00,COLLIE_ESR1,-27.0,-42.46,2,af7b135a-d9d8-4a85-b16d-37d55205d2fa,IN-SERVICE,NON-LIQUID,-43.01,
2026-06-12T10:25:00+08:00,COLLIE_ESR1,-27.0,-10.0,3,af7b135a-d9d8-4a85-b16d-37d55205d2fa,IN-SERVICE,NON-LIQUID,-10.13,
2026-06-12T10:25:00+08:00,COLLIE_ESR1,0.0,34.02,4,af7b135a-d9d8-4a85-b16d-37d55205d2fa,IN-SERVICE,NON-LIQUID,34.46,
2026-06-12T10:25:00+08:00,COLLIE_ESR1,0.0,60.0,5,af7b135a-d9d8-4a85-b16d-37d55205d2fa,IN-SERVICE,NON-LIQUID,60.77,
2026-06-12T10:25:00+08:00,COLLIE_ESR1,-146.0,122.0,6,af7b135a-d9d8-4a85-b16d-37d55205d2fa,IN-SERVICE,NON-LIQUID,123.57,
2026-06-12T10:25:00+08:00,COLLIE_ESR1,100.0,150.0,7,af7b135a-d9d8-4a85-b16d-37d55205d2fa,IN-SERVICE,NON-LIQUID,151.93,
2026-06-12T10:25:00+08:00,COLLIE_ESR1,100.0,250.0,8,af7b135a-d9d8-4a85-b16d-37d55205d2fa,IN-SERVICE,NON-LIQUID,253.22,
2026-06-12T10:25:00+08:00,COLLIE_ESR1,0.0,791.18,9,af7b135a-d9d8-4a85-b16d-37d55205d2fa,IN-SERVICE,NON-LIQUID,801.36,
2026-06-12T10:25:00+08:00,COLLIE_ESR1,0.0,1678.41,10,af7b135a-d9d8-4a85-b16d-37d55205d2fa,IN-SERVICE,NON-LIQUID,1700.0,
2026-06-12T10:25:00+08:00,KWINANA_ESR2,-225.0,121.63,1,53e16fdb-2b75-4a54-9524-b055192f7754,IN-SERVICE,NOT APPLICABLE,121.9,0.0
2026-06-12T10:25:00+08:00,KWINANA_ESR2,225.0,153.39,2,53e16fdb-2b75-4a54-9524-b055192f7754,IN-SERVICE,NOT APPLICABLE,153.73,0.0
2026-06-12T10:25:00+08:00,COLLIE_BESS2,0.0,-987.3,1,c1f98271-c848-4544-8f94-77a300f54d0a,IN-SERVICE,NON-LIQUID,-1000.0,
2026-06-12T10:25:00+08:00,COLLIE_BESS2,-48.0,-42.46,2,c1f98271-c848-4544-8f94-77a300f54d0a,IN-SERVICE,NON-LIQUID,-43.01,
2026-06-12T10:25:00+08:00,COLLIE_BESS2,-48.0,-10.0,3,c1f98271-c848-4544-8f94-77a300f54d0a,IN-SERVICE,NON-LIQUID,-10.13,
2026-06-12T10:25:00+08:00,COLLIE_BESS2,0.0,34.02,4,c1f98271-c848-4544-8f94-77a300f54d0a,IN-SERVICE,NON-LIQUID,34.46,
2026-06-12T10:25:00+08:00,COLLIE_BESS2,0.0,60.0,5,c1f98271-c848-4544-8f94-77a300f54d0a,IN-SERVICE,NON-LIQUID,60.77,
2026-06-12T10:25:00+08:00,COLLIE_BESS2,-204.0,122.0,6,c1f98271-c848-4544-8f94-77a300f54d0a,IN-SERVICE,NON-LIQUID,123.57,
2026-06-12T10:25:00+08:00,COLLIE_BESS2,150.0,150.0,7,c1f98271-c848-4544-8f94-77a300f54d0a,IN-SERVICE,NON-LIQUID,151.93,
2026-06-12T10:25:00+08:00,COLLIE_BESS2,150.0,250.0,8,c1f98271-c848-4544-8f94-77a300f54d0a,IN-SERVICE,NON-LIQUID,253.22,
2026-06-12T10:25:00+08:00,COLLIE_BESS2,0.0,791.18,9,c1f98271-c848-4544-8f94-77a300f54d0a,IN-SERVICE,NON-LIQUID,801.36,
2026-06-12T10:25:00+08:00,COLLIE_BESS2,0.0,1678.41,10,c1f98271-c848-4544-8f94-77a300f54d0a,IN-SERVICE,NON-LIQUID,1700.0,
2026-06-12T10:25:00+08:00,COLLIE_ESR4,-250.0,120.29,1,2d0b01e2-e821-47db-b929-9676a7584edb,IN-SERVICE,NOT APPLICABLE,121.84,0.0
2026-06-12T10:25:00+08:00,COLLIE_ESR4,250.0,151.83,2,2d0b01e2-e821-47db-b929-9676a7584edb,IN-SERVICE,NOT APPLICABLE,153.78,0.0
2026-06-12T10:25:00+08:00,COLLIE_ESR5,-250.0,120.29,1,5dc80ab8-f577-4273-9f1a-f4250ae5a2b6,IN-SERVICE,NOT APPLICABLE,121.84,0.0
2026-06-12T10:25:00+08:00,COLLIE_ESR5,250.0,157.69,2,5dc80ab8-f577-4273-9f1a-f4250ae5a2b6,IN-SERVICE,NOT APPLICABLE,159.72,0.0
2026-06-12T10:30:00+08:00,KWINANA_ESR1,-100.0,120.73,1,d356b9a8-acc5-443b-838c-1d16ddb6684c,IN-SERVICE,NOT APPLICABLE,121.12,0.0
2026-06-12T10:30:00+08:00,KWINANA_ESR1,62.508,150.37,2,d356b9a8-acc5-443b-838c-1d16ddb6684c,IN-SERVICE,NOT APPLICABLE,150.85,0.0
2026-06-12T10:30:00+08:00,COLLIE_ESR1,0.0,-987.3,1,40c86a1b-1125-4d67-9e0e-7bdf82773bc1,IN-SERVICE,NON-LIQUID,-1000.0,
2026-06-12T10:30:00+08:00,COLLIE_ESR1,-27.0,-42.46,2,40c86a1b-1125-4d67-9e0e-7bdf82773bc1,IN-SERVICE,NON-LIQUID,-43.01,
2026-06-12T10:30:00+08:00,COLLIE_ESR1,-27.0,-10.0,3,40c86a1b-1125-4d67-9e0e-7bdf82773bc1,IN-SERVICE,NON-LIQUID,-10.13,
2026-06-12T10:30:00+08:00,COLLIE_ESR1,0.0,34.02,4,40c86a1b-1125-4d67-9e0e-7bdf82773bc1,IN-SERVICE,NON-LIQUID,34.46,
2026-06-12T10:30:00+08:00,COLLIE_ESR1,0.0,60.0,5,40c86a1b-1125-4d67-9e0e-7bdf82773bc1,IN-SERVICE,NON-LIQUID,60.77,
2026-06-12T10:30:00+08:00,COLLIE_ESR1,-146.0,128.76,6,40c86a1b-1125-4d67-9e0e-7bdf82773bc1,IN-SERVICE,NON-LIQUID,130.42,
2026-06-12T10:30:00+08:00,COLLIE_ESR1,100.0,150.0,7,40c86a1b-1125-4d67-9e0e-7bdf82773bc1,IN-SERVICE,NON-LIQUID,151.93,
2026-06-12T10:30:00+08:00,COLLIE_ESR1,100.0,250.0,8,40c86a1b-1125-4d67-9e0e-7bdf82773bc1,IN-SERVICE,NON-LIQUID,253.22,
2026-06-12T10:30:00+08:00,COLLIE_ESR1,0.0,791.18,9,40c86a1b-1125-4d67-9e0e-7bdf82773bc1,IN-SERVICE,NON-LIQUID,801.36,
2026-06-12T10:30:00+08:00,COLLIE_ESR1,0.0,1678.41,10,40c86a1b-1125-4d67-9e0e-7bdf82773bc1,IN-SERVICE,NON-LIQUID,1700.0,
2026-06-12T10:30:00+08:00,KWINANA_ESR2,-225.0,121.63,1,53e16fdb-2b75-4a54-9524-b055192f7754,IN-SERVICE,NOT APPLICABLE,121.9,0.0
2026-06-12T10:30:00+08:00,KWINANA_ESR2,225.0,153.39,2,53e16fdb-2b75-4a54-9524-b055192f7754,IN-SERVICE,NOT APPLICABLE,153.73,0.0
2026-06-12T10:30:00+08:00,COLLIE_BESS2,0.0,-987.3,1,76a921c6-7e98-4d4f-ad8c-f5c95511979a,IN-SERVICE,NON-LIQUID,-1000.0,
2026-06-12T10:30:00+08:00,COLLIE_BESS2,-48.0,-42.46,2,76a921c6-7e98-4d4f-ad8c-f5c95511979a,IN-SERVICE,NON-LIQUID,-43.01,
2026-06-12T10:30:00+08:00,COLLIE_BESS2,-48.0,-10.0,3,76a921c6-7e98-4d4f-ad8c-f5c95511979a,IN-SERVICE,NON-LIQUID,-10.13,
2026-06-12T10:30:00+08:00,COLLIE_BESS2,0.0,34.02,4,76a921c6-7e98-4d4f-ad8c-f5c95511979a,IN-SERVICE,NON-LIQUID,34.46,
2026-06-12T10:30:00+08:00,COLLIE_BESS2,0.0,60.0,5,76a921c6-7e98-4d4f-ad8c-f5c95511979a,IN-SERVICE,NON-LIQUID,60.77,
2026-06-12T10:30:00+08:00,COLLIE_BESS2,-204.0,128.76,6,76a921c6-7e98-4d4f-ad8c-f5c95511979a,IN-SERVICE,NON-LIQUID,130.42,
2026-06-12T10:30:00+08:00,COLLIE_BESS2,150.0,150.0,7,76a921c6-7e98-4d4f-ad8c-f5c95511979a,IN-SERVICE,NON-LIQUID,151.93,
2026-06-12T10:30:00+08:00,COLLIE_BESS2,150.0,250.0,8,76a921c6-7e98-4d4f-ad8c-f5c95511979a,IN-SERVICE,NON-LIQUID,253.22,
2026-06-12T10:30:00+08:00,COLLIE_BESS2,0.0,791.18,9,76a921c6-7e98-4d4f-ad8c-f5c95511979a,IN-SERVICE,NON-LIQUID,801.36,
2026-06-12T10:30:00+08:00,COLLIE_BESS2,0.0,1678.41,10,76a921c6-7e98-4d4f-ad8c-f5c95511979a,IN-SERVICE,NON-LIQUID,1700.0,
2026-06-12T10:30:00+08:00,COLLIE_ESR4,-250.0,120.29,1,0d194036-d71f-4b82-9152-48fc31f8cb0f,IN-SERVICE,NOT APPLICABLE,121.84,0.0
2026-06-12T10:30:00+08:00,COLLIE_ESR4,250.0,157.69,2,0d194036-d71f-4b82-9152-48fc31f8cb0f,IN-SERVICE,NOT APPLICABLE,159.72,0.0
2026-06-12T10:30:00+08:00,COLLIE_ESR5,-250.0,120.29,1,a99ad915-2dd8-44b9-8e06-07e0a3be4bf0,IN-SERVICE,NOT APPLICABLE,121.84,0.0
2026-06-12T10:30:00+08:00,COLLIE_ESR5,250.0,157.69,2,a99ad915-2dd8-44b9-8e06-07e0a3be4bf0,IN-SERVICE,NOT APPLICABLE,159.72,0.0
2026-06-12T10:35:00+08:00,KWINANA_ESR1,-100.0,120.73,1,d356b9a8-acc5-443b-838c-1d16ddb6684c,IN-SERVICE,NOT APPLICABLE,121.12,0.0
2026-06-12T10:35:00+08:00,KWINANA_ESR1,31.356,150.37,2,d356b9a8-acc5-443b-838c-1d16ddb6684c,IN-SERVICE,NOT APPLICABLE,150.85,0.0
2026-06-12T10:35:00+08:00,COLLIE_ESR1,0.0,-987.3,1,ebb5136d-9e44-4cf2-bf85-07a9c2d245e3,IN-SERVICE,NON-LIQUID,-1000.0,
2026-06-12T10:35:00+08:00,COLLIE_ESR1,-28.0,-42.46,2,ebb5136d-9e44-4cf2-bf85-07a9c2d245e3,IN-SERVICE,NON-LIQUID,-43.01,
2026-06-12T10:35:00+08:00,COLLIE_ESR1,-28.0,-10.0,3,ebb5136d-9e44-4cf2-bf85-07a9c2d245e3,IN-SERVICE,NON-LIQUID,-10.13,
2026-06-12T10:35:00+08:00,COLLIE_ESR1,0.0,34.02,4,ebb5136d-9e44-4cf2-bf85-07a9c2d245e3,IN-SERVICE,NON-LIQUID,34.46,
2026-06-12T10:35:00+08:00,COLLIE_ESR1,0.0,60.0,5,ebb5136d-9e44-4cf2-bf85-07a9c2d245e3,IN-SERVICE,NON-LIQUID,60.77,
2026-06-12T10:35:00+08:00,COLLIE_ESR1,-144.0,130.52,6,ebb5136d-9e44-4cf2-bf85-07a9c2d245e3,IN-SERVICE,NON-LIQUID,132.2,
2026-06-12T10:35:00+08:00,COLLIE_ESR1,100.0,150.0,7,ebb5136d-9e44-4cf2-bf85-07a9c2d245e3,IN-SERVICE,NON-LIQUID,151.93,
2026-06-12T10:35:00+08:00,COLLIE_ESR1,100.0,250.0,8,ebb5136d-9e44-4cf2-bf85-07a9c2d245e3,IN-SERVICE,NON-LIQUID,253.22,
2026-06-12T10:35:00+08:00,COLLIE_ESR1,0.0,791.18,9,ebb5136d-9e44-4cf2-bf85-07a9c2d245e3,IN-SERVICE,NON-LIQUID,801.36,
2026-06-12T10:35:00+08:00,COLLIE_ESR1,0.0,1678.41,10,ebb5136d-9e44-4cf2-bf85-07a9c2d245e3,IN-SERVICE,NON-LIQUID,1700.0,
2026-06-12T10:35:00+08:00,KWINANA_ESR2,-225.0,121.63,1,53e16fdb-2b75-4a54-9524-b055192f7754,IN-SERVICE,NOT APPLICABLE,121.9,0.0
2026-06-12T10:35:00+08:00,KWINANA_ESR2,225.0,153.39,2,53e16fdb-2b75-4a54-9524-b055192f7754,IN-SERVICE,NOT APPLICABLE,153.73,0.0
2026-06-12T10:35:00+08:00,COLLIE_BESS2,0.0,-987.3,1,447e6752-54c6-4c7b-9934-39b737a50ea5,IN-SERVICE,NON-LIQUID,-1000.0,
2026-06-12T10:35:00+08:00,COLLIE_BESS2,-46.0,-42.46,2,447e6752-54c6-4c7b-9934-39b737a50ea5,IN-SERVICE,NON-LIQUID,-43.01,
2026-06-12T10:35:00+08:00,COLLIE_BESS2,-47.0,-10.0,3,447e6752-54c6-4c7b-9934-39b737a50ea5,IN-SERVICE,NON-LIQUID,-10.13,
2026-06-12T10:35:00+08:00,COLLIE_BESS2,0.0,34.02,4,447e6752-54c6-4c7b-9934-39b737a50ea5,IN-SERVICE,NON-LIQUID,34.46,
2026-06-12T10:35:00+08:00,COLLIE_BESS2,0.0,60.0,5,447e6752-54c6-4c7b-9934-39b737a50ea5,IN-SERVICE,NON-LIQUID,60.77,
2026-06-12T10:35:00+08:00,COLLIE_BESS2,-207.0,130.52,6,447e6752-54c6-4c7b-9934-39b737a50ea5,IN-SERVICE,NON-LIQUID,132.2,
2026-06-12T10:35:00+08:00,COLLIE_BESS2,150.0,150.0,7,447e6752-54c6-4c7b-9934-39b737a50ea5,IN-SERVICE,NON-LIQUID,151.93,
2026-06-12T10:35:00+08:00,COLLIE_BESS2,150.0,250.0,8,447e6752-54c6-4c7b-9934-39b737a50ea5,IN-SERVICE,NON-LIQUID,253.22,
2026-06-12T10:35:00+08:00,COLLIE_BESS2,0.0,791.18,9,447e6752-54c6-4c7b-9934-39b737a50ea5,IN-SERVICE,NON-LIQUID,801.36,
2026-06-12T10:35:00+08:00,COLLIE_BESS2,0.0,1678.41,10,447e6752-54c6-4c7b-9934-39b737a50ea5,IN-SERVICE,NON-LIQUID,1700.0,
2026-06-12T10:35:00+08:00,COLLIE_ESR4,-250.0,120.29,1,0d194036-d71f-4b82-9152-48fc31f8cb0f,IN-SERVICE,NOT APPLICABLE,121.84,0.0
2026-06-12T10:35:00+08:00,COLLIE_ESR4,250.0,157.69,2,0d194036-d71f-4b82-9152-48fc31f8cb0f,IN-SERVICE,NOT APPLICABLE,159.72,0.0
2026-06-12T10:35:00+08:00,COLLIE_ESR5,-250.0,120.29,1,a99ad915-2dd8-44b9-8e06-07e0a3be4bf0,IN-SERVICE,NOT APPLICABLE,121.84,0.0
2026-06-12T10:35:00+08:00,COLLIE_ESR5,250.0,157.69,2,a99ad915-2dd8-44b9-8e06-07e0a3be4bf0,IN-SERVICE,NOT APPLICABLE,159.72,0.0
2026-06-12T10:40:00+08:00,KWINANA_ESR1,-100.0,120.68,1,daa1a28c-9140-4e24-afdf-34a19bbc3ffb,IN-SERVICE,NOT APPLICABLE,121.07,0.0
2026-06-12T10:40:00+08:00,KWINANA_ESR1,100.0,150.37,2,daa1a28c-9140-4e24-afdf-34a19bbc3ffb,IN-SERVICE,NOT APPLICABLE,150.85,0.0
2026-06-12T10:40:00+08:00,COLLIE_ESR1,0.0,-987.3,1,dc02cceb-2360-44e1-804f-b3e40c2b85ab,IN-SERVICE,NON-LIQUID,-1000.0,
2026-06-12T10:40:00+08:00,COLLIE_ESR1,-28.0,-42.46,2,dc02cceb-2360-44e1-804f-b3e40c2b85ab,IN-SERVICE,NON-LIQUID,-43.01,
2026-06-12T10:40:00+08:00,COLLIE_ESR1,-28.0,-10.0,3,dc02cceb-2360-44e1-804f-b3e40c2b85ab,IN-SERVICE,NON-LIQUID,-10.13,
2026-06-12T10:40:00+08:00,COLLIE_ESR1,0.0,34.02,4,dc02cceb-2360-44e1-804f-b3e40c2b85ab,IN-SERVICE,NON-LIQUID,34.46,
2026-06-12T10:40:00+08:00,COLLIE_ESR1,0.0,60.0,5,dc02cceb-2360-44e1-804f-b3e40c2b85ab,IN-SERVICE,NON-LIQUID,60.77,
2026-06-12T10:40:00+08:00,COLLIE_ESR1,-144.0,130.52,6,dc02cceb-2360-44e1-804f-b3e40c2b85ab,IN-SERVICE,NON-LIQUID,132.2,
2026-06-12T10:40:00+08:00,COLLIE_ESR1,100.0,150.0,7,dc02cceb-2360-44e1-804f-b3e40c2b85ab,IN-SERVICE,NON-LIQUID,151.93,
2026-06-12T10:40:00+08:00,COLLIE_ESR1,100.0,250.0,8,dc02cceb-2360-44e1-804f-b3e40c2b85ab,IN-SERVICE,NON-LIQUID,253.22,
2026-06-12T10:40:00+08:00,COLLIE_ESR1,0.0,791.18,9,dc02cceb-2360-44e1-804f-b3e40c2b85ab,IN-SERVICE,NON-LIQUID,801.36,
2026-06-12T10:40:00+08:00,COLLIE_ESR1,0.0,1678.41,10,dc02cceb-2360-44e1-804f-b3e40c2b85ab,IN-SERVICE,NON-LIQUID,1700.0,
2026-06-12T10:40:00+08:00,KWINANA_ESR2,-225.0,119.78,1,4589f1eb-3842-4f0d-ac3f-c468335d169b,IN-SERVICE,NOT APPLICABLE,120.04,0.0
2026-06-12T10:40:00+08:00,KWINANA_ESR2,225.0,151.54,2,4589f1eb-3842-4f0d-ac3f-c468335d169b,IN-SERVICE,NOT APPLICABLE,151.87,0.0
2026-06-12T10:40:00+08:00,COLLIE_BESS2,0.0,-987.3,1,4e402a24-a8dd-47e5-b69c-6b505031ed01,IN-SERVICE,NON-LIQUID,-1000.0,
2026-06-12T10:40:00+08:00,COLLIE_BESS2,-46.0,-42.46,2,4e402a24-a8dd-47e5-b69c-6b505031ed01,IN-SERVICE,NON-LIQUID,-43.01,
2026-06-12T10:40:00+08:00,COLLIE_BESS2,-47.0,-10.0,3,4e402a24-a8dd-47e5-b69c-6b505031ed01,IN-SERVICE,NON-LIQUID,-10.13,
2026-06-12T10:40:00+08:00,COLLIE_BESS2,0.0,34.02,4,4e402a24-a8dd-47e5-b69c-6b505031ed01,IN-SERVICE,NON-LIQUID,34.46,
2026-06-12T10:40:00+08:00,COLLIE_BESS2,0.0,60.0,5,4e402a24-a8dd-47e5-b69c-6b505031ed01,IN-SERVICE,NON-LIQUID,60.77,
2026-06-12T10:40:00+08:00,COLLIE_BESS2,-207.0,130.52,6,4e402a24-a8dd-47e5-b69c-6b505031ed01,IN-SERVICE,NON-LIQUID,132.2,
2026-06-12T10:40:00+08:00,COLLIE_BESS2,150.0,150.0,7,4e402a24-a8dd-47e5-b69c-6b505031ed01,IN-SERVICE,NON-LIQUID,151.93,
2026-06-12T10:40:00+08:00,COLLIE_BESS2,150.0,250.0,8,4e402a24-a8dd-47e5-b69c-6b505031ed01,IN-SERVICE,NON-LIQUID,253.22,
2026-06-12T10:40:00+08:00,COLLIE_BESS2,0.0,791.18,9,4e402a24-a8dd-47e5-b69c-6b505031ed01,IN-SERVICE,NON-LIQUID,801.36,
2026-06-12T10:40:00+08:00,COLLIE_BESS2,0.0,1678.41,10,4e402a24-a8dd-47e5-b69c-6b505031ed01,IN-SERVICE,NON-LIQUID,1700.0,
2026-06-12T10:40:00+08:00,COLLIE_ESR4,-250.0,118.46,1,3e282541-1b87-453d-abb0-c8012c8dad24,IN-SERVICE,NOT APPLICABLE,119.98,0.0
2026-06-12T10:40:00+08:00,COLLIE_ESR4,250.0,150.0,2,3e282541-1b87-453d-abb0-c8012c8dad24,IN-SERVICE,NOT APPLICABLE,151.93,0.0
2026-06-12T10:40:00+08:00,COLLIE_ESR5,-250.0,118.46,1,156fd51b-2641-46be-86ff-7b24610b77b6,IN-SERVICE,NOT APPLICABLE,119.98,0.0
2026-06-12T10:40:00+08:00,COLLIE_ESR5,250.0,150.0,2,156fd51b-2641-46be-86ff-7b24610b77b6,IN-SERVICE,NOT APPLICABLE,151.93,0.0
2026-06-12T10:45:00+08:00,KWINANA_ESR1,-100.0,120.68,1,daa1a28c-9140-4e24-afdf-34a19bbc3ffb,IN-SERVICE,NOT APPLICABLE,121.07,0.0
2026-06-12T10:45:00+08:00,KWINANA_ESR1,100.0,150.37,2,daa1a28c-9140-4e24-afdf-34a19bbc3ffb,IN-SERVICE,NOT APPLICABLE,150.85,0.0
2026-06-12T10:45:00+08:00,COLLIE_ESR1,0.0,-987.3,1,4a92f421-1eac-45e0-b212-2478e48064c0,IN-SERVICE,NON-LIQUID,-1000.0,
2026-06-12T10:45:00+08:00,COLLIE_ESR1,-28.0,-42.46,2,4a92f421-1eac-45e0-b212-2478e48064c0,IN-SERVICE,NON-LIQUID,-43.01,
2026-06-12T10:45:00+08:00,COLLIE_ESR1,-28.0,-10.0,3,4a92f421-1eac-45e0-b212-2478e48064c0,IN-SERVICE,NON-LIQUID,-10.13,
2026-06-12T10:45:00+08:00,COLLIE_ESR1,0.0,34.02,4,4a92f421-1eac-45e0-b212-2478e48064c0,IN-SERVICE,NON-LIQUID,34.46,
2026-06-12T10:45:00+08:00,COLLIE_ESR1,0.0,60.0,5,4a92f421-1eac-45e0-b212-2478e48064c0,IN-SERVICE,NON-LIQUID,60.77,
2026-06-12T10:45:00+08:00,COLLIE_ESR1,-144.0,132.3,6,4a92f421-1eac-45e0-b212-2478e48064c0,IN-SERVICE,NON-LIQUID,134.0,
2026-06-12T10:45:00+08:00,COLLIE_ESR1,100.0,150.0,7,4a92f421-1eac-45e0-b212-2478e48064c0,IN-SERVICE,NON-LIQUID,151.93,
2026-06-12T10:45:00+08:00,COLLIE_ESR1,100.0,250.0,8,4a92f421-1eac-45e0-b212-2478e48064c0,IN-SERVICE,NON-LIQUID,253.22,
2026-06-12T10:45:00+08:00,COLLIE_ESR1,0.0,791.18,9,4a92f421-1eac-45e0-b212-2478e48064c0,IN-SERVICE,NON-LIQUID,801.36,
2026-06-12T10:45:00+08:00,COLLIE_ESR1,0.0,1678.41,10,4a92f421-1eac-45e0-b212-2478e48064c0,IN-SERVICE,NON-LIQUID,1700.0,
2026-06-12T10:45:00+08:00,KWINANA_ESR2,-225.0,119.78,1,4589f1eb-3842-4f0d-ac3f-c468335d169b,IN-SERVICE,NOT APPLICABLE,120.04,0.0
2026-06-12T10:45:00+08:00,KWINANA_ESR2,225.0,151.54,2,4589f1eb-3842-4f0d-ac3f-c468335d169b,IN-SERVICE,NOT APPLICABLE,151.87,0.0
2026-06-12T10:45:00+08:00,COLLIE_BESS2,0.0,-987.3,1,d931d06a-4bd2-4e66-a3d7-3c5be3d55eb3,IN-SERVICE,NON-LIQUID,-1000.0,
2026-06-12T10:45:00+08:00,COLLIE_BESS2,-46.0,-42.46,2,d931d06a-4bd2-4e66-a3d7-3c5be3d55eb3,IN-SERVICE,NON-LIQUID,-43.01,
2026-06-12T10:45:00+08:00,COLLIE_BESS2,-47.0,-10.0,3,d931d06a-4bd2-4e66-a3d7-3c5be3d55eb3,IN-SERVICE,NON-LIQUID,-10.13,
2026-06-12T10:45:00+08:00,COLLIE_BESS2,0.0,34.02,4,d931d06a-4bd2-4e66-a3d7-3c5be3d55eb3,IN-SERVICE,NON-LIQUID,34.46,
2026-06-12T10:45:00+08:00,COLLIE_BESS2,0.0,60.0,5,d931d06a-4bd2-4e66-a3d7-3c5be3d55eb3,IN-SERVICE,NON-LIQUID,60.77,
2026-06-12T10:45:00+08:00,COLLIE_BESS2,-207.0,132.3,6,d931d06a-4bd2-4e66-a3d7-3c5be3d55eb3,IN-SERVICE,NON-LIQUID,134.0,
2026-06-12T10:45:00+08:00,COLLIE_BESS2,150.0,150.0,7,d931d06a-4bd2-4e66-a3d7-3c5be3d55eb3,IN-SERVICE,NON-LIQUID,151.93,
2026-06-12T10:45:00+08:00,COLLIE_BESS2,150.0,250.0,8,d931d06a-4bd2-4e66-a3d7-3c5be3d55eb3,IN-SERVICE,NON-LIQUID,253.22,
2026-06-12T10:45:00+08:00,COLLIE_BESS2,0.0,791.18,9,d931d06a-4bd2-4e66-a3d7-3c5be3d55eb3,IN-SERVICE,NON-LIQUID,801.36,
2026-06-12T10:45:00+08:00,COLLIE_BESS2,0.0,1678.41,10,d931d06a-4bd2-4e66-a3d7-3c5be3d55eb3,IN-SERVICE,NON-LIQUID,1700.0,
2026-06-12T10:45:00+08:00,COLLIE_ESR4,-250.0,118.46,1,3e282541-1b87-453d-abb0-c8012c8dad24,IN-SERVICE,NOT APPLICABLE,119.98,0.0
2026-06-12T10:45:00+08:00,COLLIE_ESR4,250.0,150.0,2,3e282541-1b87-453d-abb0-c8012c8dad24,IN-SERVICE,NOT APPLICABLE,151.93,0.0
2026-06-12T10:45:00+08:00,COLLIE_ESR5,-250.0,118.46,1,156fd51b-2641-46be-86ff-7b24610b77b6,IN-SERVICE,NOT APPLICABLE,119.98,0.0
2026-06-12T10:45:00+08:00,COLLIE_ESR5,250.0,158.21,2,156fd51b-2641-46be-86ff-7b24610b77b6,IN-SERVICE,NOT APPLICABLE,160.25,0.0
2026-06-12T10:50:00+08:00,KWINANA_ESR1,-100.0,120.68,1,daa1a28c-9140-4e24-afdf-34a19bbc3ffb,IN-SERVICE,NOT APPLICABLE,121.07,0.0
2026-06-12T10:50:00+08:00,KWINANA_ESR1,100.0,150.37,2,daa1a28c-9140-4e24-afdf-34a19bbc3ffb,IN-SERVICE,NOT APPLICABLE,150.85,0.0
2026-06-12T10:50:00+08:00,COLLIE_ESR1,0.0,-987.3,1,17ade0e3-dd1e-4713-9d79-cd85324ec1ac,IN-SERVICE,NON-LIQUID,-1000.0,
2026-06-12T10:50:00+08:00,COLLIE_ESR1,-28.0,-42.46,2,17ade0e3-dd1e-4713-9d79-cd85324ec1ac,IN-SERVICE,NON-LIQUID,-43.01,
2026-06-12T10:50:00+08:00,COLLIE_ESR1,-28.0,-10.0,3,17ade0e3-dd1e-4713-9d79-cd85324ec1ac,IN-SERVICE,NON-LIQUID,-10.13,
2026-06-12T10:50:00+08:00,COLLIE_ESR1,0.0,34.02,4,17ade0e3-dd1e-4713-9d79-cd85324ec1ac,IN-SERVICE,NON-LIQUID,34.46,
2026-06-12T10:50:00+08:00,COLLIE_ESR1,0.0,60.0,5,17ade0e3-dd1e-4713-9d79-cd85324ec1ac,IN-SERVICE,NON-LIQUID,60.77,
2026-06-12T10:50:00+08:00,COLLIE_ESR1,-144.0,122.0,6,17ade0e3-dd1e-4713-9d79-cd85324ec1ac,IN-SERVICE,NON-LIQUID,123.57,
2026-06-12T10:50:00+08:00,COLLIE_ESR1,100.0,150.0,7,17ade0e3-dd1e-4713-9d79-cd85324ec1ac,IN-SERVICE,NON-LIQUID,151.93,
2026-06-12T10:50:00+08:00,COLLIE_ESR1,100.0,250.0,8,17ade0e3-dd1e-4713-9d79-cd85324ec1ac,IN-SERVICE,NON-LIQUID,253.22,
2026-06-12T10:50:00+08:00,COLLIE_ESR1,0.0,791.18,9,17ade0e3-dd1e-4713-9d79-cd85324ec1ac,IN-SERVICE,NON-LIQUID,801.36,
2026-06-12T10:50:00+08:00,COLLIE_ESR1,0.0,1678.41,10,17ade0e3-dd1e-4713-9d79-cd85324ec1ac,IN-SERVICE,NON-LIQUID,1700.0,
2026-06-12T10:50:00+08:00,KWINANA_ESR2,-225.0,119.78,1,4589f1eb-3842-4f0d-ac3f-c468335d169b,IN-SERVICE,NOT APPLICABLE,120.04,0.0
2026-06-12T10:50:00+08:00,KWINANA_ESR2,225.0,151.54,2,4589f1eb-3842-4f0d-ac3f-c468335d169b,IN-SERVICE,NOT APPLICABLE,151.87,0.0
2026-06-12T10:50:00+08:00,COLLIE_BESS2,0.0,-987.3,1,e730d2f0-dc31-49de-b23e-c59531a2d1a5,IN-SERVICE,NON-LIQUID,-1000.0,
2026-06-12T10:50:00+08:00,COLLIE_BESS2,-46.0,-42.46,2,e730d2f0-dc31-49de-b23e-c59531a2d1a5,IN-SERVICE,NON-LIQUID,-43.01,
2026-06-12T10:50:00+08:00,COLLIE_BESS2,-47.0,-10.0,3,e730d2f0-dc31-49de-b23e-c59531a2d1a5,IN-SERVICE,NON-LIQUID,-10.13,
2026-06-12T10:50:00+08:00,COLLIE_BESS2,0.0,34.02,4,e730d2f0-dc31-49de-b23e-c59531a2d1a5,IN-SERVICE,NON-LIQUID,34.46,
2026-06-12T10:50:00+08:00,COLLIE_BESS2,0.0,60.0,5,e730d2f0-dc31-49de-b23e-c59531a2d1a5,IN-SERVICE,NON-LIQUID,60.77,
2026-06-12T10:50:00+08:00,COLLIE_BESS2,-207.0,122.0,6,e730d2f0-dc31-49de-b23e-c59531a2d1a5,IN-SERVICE,NON-LIQUID,123.57,
2026-06-12T10:50:00+08:00,COLLIE_BESS2,150.0,150.0,7,e730d2f0-dc31-49de-b23e-c59531a2d1a5,IN-SERVICE,NON-LIQUID,151.93,
2026-06-12T10:50:00+08:00,COLLIE_BESS2,150.0,250.0,8,e730d2f0-dc31-49de-b23e-c59531a2d1a5,IN-SERVICE,NON-LIQUID,253.22,
2026-06-12T10:50:00+08:00,COLLIE_BESS2,0.0,791.18,9,e730d2f0-dc31-49de-b23e-c59531a2d1a5,IN-SERVICE,NON-LIQUID,801.36,
2026-06-12T10:50:00+08:00,COLLIE_BESS2,0.0,1678.41,10,e730d2f0-dc31-49de-b23e-c59531a2d1a5,IN-SERVICE,NON-LIQUID,1700.0,
2026-06-12T10:50:00+08:00,COLLIE_ESR4,-250.0,118.46,1,3e282541-1b87-453d-abb0-c8012c8dad24,IN-SERVICE,NOT APPLICABLE,119.98,0.0
2026-06-12T10:50:00+08:00,COLLIE_ESR4,250.0,150.0,2,3e282541-1b87-453d-abb0-c8012c8dad24,IN-SERVICE,NOT APPLICABLE,151.93,0.0
2026-06-12T10:50:00+08:00,COLLIE_ESR5,-250.0,118.46,1,156fd51b-2641-46be-86ff-7b24610b77b6,IN-SERVICE,NOT APPLICABLE,119.98,0.0
2026-06-12T10:50:00+08:00,COLLIE_ESR5,250.0,158.21,2,156fd51b-2641-46be-86ff-7b24610b77b6,IN-SERVICE,NOT APPLICABLE,160.25,0.0
2026-06-12T10:55:00+08:00,KWINANA_ESR1,-100.0,120.16,1,f3f9f04e-de7e-47c5-a26d-53f37186d7b1,IN-SERVICE,NOT APPLICABLE,120.55,0.0
2026-06-12T10:55:00+08:00,KWINANA_ESR1,100.0,149.84,2,f3f9f04e-de7e-47c5-a26d-53f37186d7b1,IN-SERVICE,NOT APPLICABLE,150.32,0.0
2026-06-12T10:55:00+08:00,COLLIE_ESR1,0.0,-987.3,1,8fb1881c-4e5f-474b-be33-15f43c11058e,IN-SERVICE,NON-LIQUID,-1000.0,
2026-06-12T10:55:00+08:00,COLLIE_ESR1,-100.0,-42.46,2,8fb1881c-4e5f-474b-be33-15f43c11058e,IN-SERVICE,NON-LIQUID,-43.01,
2026-06-12T10:55:00+08:00,COLLIE_ESR1,-100.0,-10.0,3,8fb1881c-4e5f-474b-be33-15f43c11058e,IN-SERVICE,NON-LIQUID,-10.13,
2026-06-12T10:55:00+08:00,COLLIE_ESR1,0.0,34.02,4,8fb1881c-4e5f-474b-be33-15f43c11058e,IN-SERVICE,NON-LIQUID,34.46,
2026-06-12T10:55:00+08:00,COLLIE_ESR1,0.0,60.0,5,8fb1881c-4e5f-474b-be33-15f43c11058e,IN-SERVICE,NON-LIQUID,60.77,
2026-06-12T10:55:00+08:00,COLLIE_ESR1,100.0,150.0,6,8fb1881c-4e5f-474b-be33-15f43c11058e,IN-SERVICE,NON-LIQUID,151.93,
2026-06-12T10:55:00+08:00,COLLIE_ESR1,100.0,250.0,7,8fb1881c-4e5f-474b-be33-15f43c11058e,IN-SERVICE,NON-LIQUID,253.22,
2026-06-12T10:55:00+08:00,COLLIE_ESR1,0.0,790.98,8,8fb1881c-4e5f-474b-be33-15f43c11058e,IN-SERVICE,NON-LIQUID,801.15,
2026-06-12T10:55:00+08:00,COLLIE_ESR1,0.0,791.18,9,8fb1881c-4e5f-474b-be33-15f43c11058e,IN-SERVICE,NON-LIQUID,801.36,
2026-06-12T10:55:00+08:00,COLLIE_ESR1,0.0,1678.41,10,8fb1881c-4e5f-474b-be33-15f43c11058e,IN-SERVICE,NON-LIQUID,1700.0,
2026-06-12T10:55:00+08:00,KWINANA_ESR2,-225.0,119.78,1,576ad251-c3a9-48c1-8211-5752a95dcbed,IN-SERVICE,NOT APPLICABLE,120.04,0.0
2026-06-12T10:55:00+08:00,KWINANA_ESR2,225.0,151.54,2,576ad251-c3a9-48c1-8211-5752a95dcbed,IN-SERVICE,NOT APPLICABLE,151.87,0.0
2026-06-12T10:55:00+08:00,COLLIE_BESS2,0.0,-987.3,1,261bc829-d8cf-444b-8a17-927ce849d73f,IN-SERVICE,NON-LIQUID,-1000.0,
2026-06-12T10:55:00+08:00,COLLIE_BESS2,-150.0,-42.46,2,261bc829-d8cf-444b-8a17-927ce849d73f,IN-SERVICE,NON-LIQUID,-43.01,
2026-06-12T10:55:00+08:00,COLLIE_BESS2,-150.0,-10.0,3,261bc829-d8cf-444b-8a17-927ce849d73f,IN-SERVICE,NON-LIQUID,-10.13,
2026-06-12T10:55:00+08:00,COLLIE_BESS2,0.0,34.02,4,261bc829-d8cf-444b-8a17-927ce849d73f,IN-SERVICE,NON-LIQUID,34.46,
2026-06-12T10:55:00+08:00,COLLIE_BESS2,0.0,60.0,5,261bc829-d8cf-444b-8a17-927ce849d73f,IN-SERVICE,NON-LIQUID,60.77,
2026-06-12T10:55:00+08:00,COLLIE_BESS2,150.0,150.0,6,261bc829-d8cf-444b-8a17-927ce849d73f,IN-SERVICE,NON-LIQUID,151.93,
2026-06-12T10:55:00+08:00,COLLIE_BESS2,150.0,250.0,7,261bc829-d8cf-444b-8a17-927ce849d73f,IN-SERVICE,NON-LIQUID,253.22,
2026-06-12T10:55:00+08:00,COLLIE_BESS2,0.0,790.98,8,261bc829-d8cf-444b-8a17-927ce849d73f,IN-SERVICE,NON-LIQUID,801.15,
2026-06-12T10:55:00+08:00,COLLIE_BESS2,0.0,791.18,9,261bc829-d8cf-444b-8a17-927ce849d73f,IN-SERVICE,NON-LIQUID,801.36,
2026-06-12T10:55:00+08:00,COLLIE_BESS2,0.0,1678.41,10,261bc829-d8cf-444b-8a17-927ce849d73f,IN-SERVICE,NON-LIQUID,1700.0,
2026-06-12T10:55:00+08:00,COLLIE_ESR4,-250.0,118.46,1,2d549a80-bc06-455c-aeba-c7b11d308cb8,IN-SERVICE,NOT APPLICABLE,119.98,0.0
2026-06-12T10:55:00+08:00,COLLIE_ESR4,250.0,150.0,2,2d549a80-bc06-455c-aeba-c7b11d308cb8,IN-SERVICE,NOT APPLICABLE,151.93,0.0
2026-06-12T10:55:00+08:00,COLLIE_ESR5,-250.0,118.46,1,d3a6ee40-2cdb-4cb9-b61a-c4e4ed97175d,IN-SERVICE,NOT APPLICABLE,119.98,0.0
2026-06-12T10:55:00+08:00,COLLIE_ESR5,250.0,158.21,2,d3a6ee40-2cdb-4cb9-b61a-c4e4ed97175d,IN-SERVICE,NOT APPLICABLE,160.25,0.0
2026-06-12T11:00:00+08:00,KWINANA_ESR1,-100.0,120.68,1,f3f9f04e-de7e-47c5-a26d-53f37186d7b1,IN-SERVICE,NOT APPLICABLE,121.07,0.0
2026-06-12T11:00:00+08:00,KWINANA_ESR1,100.0,149.84,2,f3f9f04e-de7e-47c5-a26d-53f37186d7b1,IN-SERVICE,NOT APPLICABLE,150.32,0.0
2026-06-12T11:00:00+08:00,COLLIE_ESR1,0.0,-987.3,1,1e185f47-d789-4924-a767-77d271c1df37,IN-SERVICE,NON-LIQUID,-1000.0,
2026-06-12T11:00:00+08:00,COLLIE_ESR1,-100.0,-42.46,2,1e185f47-d789-4924-a767-77d271c1df37,IN-SERVICE,NON-LIQUID,-43.01,
2026-06-12T11:00:00+08:00,COLLIE_ESR1,-100.0,-10.0,3,1e185f47-d789-4924-a767-77d271c1df37,IN-SERVICE,NON-LIQUID,-10.13,
2026-06-12T11:00:00+08:00,COLLIE_ESR1,0.0,34.02,4,1e185f47-d789-4924-a767-77d271c1df37,IN-SERVICE,NON-LIQUID,34.46,
2026-06-12T11:00:00+08:00,COLLIE_ESR1,0.0,60.0,5,1e185f47-d789-4924-a767-77d271c1df37,IN-SERVICE,NON-LIQUID,60.77,
2026-06-12T11:00:00+08:00,COLLIE_ESR1,100.0,150.0,6,1e185f47-d789-4924-a767-77d271c1df37,IN-SERVICE,NON-LIQUID,151.93,
2026-06-12T11:00:00+08:00,COLLIE_ESR1,100.0,250.0,7,1e185f47-d789-4924-a767-77d271c1df37,IN-SERVICE,NON-LIQUID,253.22,
2026-06-12T11:00:00+08:00,COLLIE_ESR1,0.0,790.98,8,1e185f47-d789-4924-a767-77d271c1df37,IN-SERVICE,NON-LIQUID,801.15,
2026-06-12T11:00:00+08:00,COLLIE_ESR1,0.0,791.18,9,1e185f47-d789-4924-a767-77d271c1df37,IN-SERVICE,NON-LIQUID,801.36,
2026-06-12T11:00:00+08:00,COLLIE_ESR1,0.0,1678.41,10,1e185f47-d789-4924-a767-77d271c1df37,IN-SERVICE,NON-LIQUID,1700.0,
2026-06-12T11:00:00+08:00,KWINANA_ESR2,-225.0,119.78,1,576ad251-c3a9-48c1-8211-5752a95dcbed,IN-SERVICE,NOT APPLICABLE,120.04,0.0
2026-06-12T11:00:00+08:00,KWINANA_ESR2,225.0,151.54,2,576ad251-c3a9-48c1-8211-5752a95dcbed,IN-SERVICE,NOT APPLICABLE,151.87,0.0
2026-06-12T11:00:00+08:00,COLLIE_BESS2,0.0,-987.3,1,c4fb62e9-f724-4401-afc0-cac0636fd90a,IN-SERVICE,NON-LIQUID,-1000.0,
2026-06-12T11:00:00+08:00,COLLIE_BESS2,-150.0,-42.46,2,c4fb62e9-f724-4401-afc0-cac0636fd90a,IN-SERVICE,NON-LIQUID,-43.01,
2026-06-12T11:00:00+08:00,COLLIE_BESS2,-150.0,-10.0,3,c4fb62e9-f724-4401-afc0-cac0636fd90a,IN-SERVICE,NON-LIQUID,-10.13,
2026-06-12T11:00:00+08:00,COLLIE_BESS2,0.0,34.02,4,c4fb62e9-f724-4401-afc0-cac0636fd90a,IN-SERVICE,NON-LIQUID,34.46,
2026-06-12T11:00:00+08:00,COLLIE_BESS2,0.0,60.0,5,c4fb62e9-f724-4401-afc0-cac0636fd90a,IN-SERVICE,NON-LIQUID,60.77,
2026-06-12T11:00:00+08:00,COLLIE_BESS2,150.0,150.0,6,c4fb62e9-f724-4401-afc0-cac0636fd90a,IN-SERVICE,NON-LIQUID,151.93,
2026-06-12T11:00:00+08:00,COLLIE_BESS2,150.0,250.0,7,c4fb62e9-f724-4401-afc0-cac0636fd90a,IN-SERVICE,NON-LIQUID,253.22,
2026-06-12T11:00:00+08:00,COLLIE_BESS2,0.0,790.98,8,c4fb62e9-f724-4401-afc0-cac0636fd90a,IN-SERVICE,NON-LIQUID,801.15,
2026-06-12T11:00:00+08:00,COLLIE_BESS2,0.0,791.18,9,c4fb62e9-f724-4401-afc0-cac0636fd90a,IN-SERVICE,NON-LIQUID,801.36,
2026-06-12T11:00:00+08:00,COLLIE_BESS2,0.0,1678.41,10,c4fb62e9-f724-4401-afc0-cac0636fd90a,IN-SERVICE,NON-LIQUID,1700.0,
2026-06-12T11:00:00+08:00,COLLIE_ESR4,-250.0,118.46,1,2d549a80-bc06-455c-aeba-c7b11d308cb8,IN-SERVICE,NOT APPLICABLE,119.98,0.0
2026-06-12T11:00:00+08:00,COLLIE_ESR4,250.0,158.21,2,2d549a80-bc06-455c-aeba-c7b11d308cb8,IN-SERVICE,NOT APPLICABLE,160.25,0.0
2026-06-12T11:00:00+08:00,COLLIE_ESR5,-250.0,118.46,1,d3a6ee40-2cdb-4cb9-b61a-c4e4ed97175d,IN-SERVICE,NOT APPLICABLE,119.98,0.0
2026-06-12T11:00:00+08:00,COLLIE_ESR5,250.0,158.21,2,d3a6ee40-2cdb-4cb9-b61a-c4e4ed97175d,IN-SERVICE,NOT APPLICABLE,160.25,0.0
2026-06-12T11:05:00+08:00,KWINANA_ESR1,-100.0,120.68,1,f3f9f04e-de7e-47c5-a26d-53f37186d7b1,IN-SERVICE,NOT APPLICABLE,121.07,0.0
2026-06-12T11:05:00+08:00,KWINANA_ESR1,100.0,149.84,2,f3f9f04e-de7e-47c5-a26d-53f37186d7b1,IN-SERVICE,NOT APPLICABLE,150.32,0.0
2026-06-12T11:05:00+08:00,COLLIE_ESR1,0.0,-987.3,1,f295dbaf-bf25-40cc-8b5c-1e29e5b73a82,IN-SERVICE,NON-LIQUID,-1000.0,
2026-06-12T11:05:00+08:00,COLLIE_ESR1,-100.0,-42.46,2,f295dbaf-bf25-40cc-8b5c-1e29e5b73a82,IN-SERVICE,NON-LIQUID,-43.01,
2026-06-12T11:05:00+08:00,COLLIE_ESR1,-100.0,-10.0,3,f295dbaf-bf25-40cc-8b5c-1e29e5b73a82,IN-SERVICE,NON-LIQUID,-10.13,
2026-06-12T11:05:00+08:00,COLLIE_ESR1,0.0,34.02,4,f295dbaf-bf25-40cc-8b5c-1e29e5b73a82,IN-SERVICE,NON-LIQUID,34.46,
2026-06-12T11:05:00+08:00,COLLIE_ESR1,0.0,60.0,5,f295dbaf-bf25-40cc-8b5c-1e29e5b73a82,IN-SERVICE,NON-LIQUID,60.77,
2026-06-12T11:05:00+08:00,COLLIE_ESR1,100.0,150.0,6,f295dbaf-bf25-40cc-8b5c-1e29e5b73a82,IN-SERVICE,NON-LIQUID,151.93,
2026-06-12T11:05:00+08:00,COLLIE_ESR1,100.0,250.0,7,f295dbaf-bf25-40cc-8b5c-1e29e5b73a82,IN-SERVICE,NON-LIQUID,253.22,
2026-06-12T11:05:00+08:00,COLLIE_ESR1,0.0,790.98,8,f295dbaf-bf25-40cc-8b5c-1e29e5b73a82,IN-SERVICE,NON-LIQUID,801.15,
2026-06-12T11:05:00+08:00,COLLIE_ESR1,0.0,791.18,9,f295dbaf-bf25-40cc-8b5c-1e29e5b73a82,IN-SERVICE,NON-LIQUID,801.36,
2026-06-12T11:05:00+08:00,COLLIE_ESR1,0.0,1678.41,10,f295dbaf-bf25-40cc-8b5c-1e29e5b73a82,IN-SERVICE,NON-LIQUID,1700.0,
2026-06-12T11:05:00+08:00,KWINANA_ESR2,-225.0,119.78,1,576ad251-c3a9-48c1-8211-5752a95dcbed,IN-SERVICE,NOT APPLICABLE,120.04,0.0
2026-06-12T11:05:00+08:00,KWINANA_ESR2,225.0,151.54,2,576ad251-c3a9-48c1-8211-5752a95dcbed,IN-SERVICE,NOT APPLICABLE,151.87,0.0
2026-06-12T11:05:00+08:00,COLLIE_BESS2,0.0,-987.3,1,c60ddf0e-962b-40e0-b030-61fec4e82082,IN-SERVICE,NON-LIQUID,-1000.0,
2026-06-12T11:05:00+08:00,COLLIE_BESS2,-150.0,-42.46,2,c60ddf0e-962b-40e0-b030-61fec4e82082,IN-SERVICE,NON-LIQUID,-43.01,
2026-06-12T11:05:00+08:00,COLLIE_BESS2,-150.0,-10.0,3,c60ddf0e-962b-40e0-b030-61fec4e82082,IN-SERVICE,NON-LIQUID,-10.13,
2026-06-12T11:05:00+08:00,COLLIE_BESS2,0.0,34.02,4,c60ddf0e-962b-40e0-b030-61fec4e82082,IN-SERVICE,NON-LIQUID,34.46,
2026-06-12T11:05:00+08:00,COLLIE_BESS2,0.0,60.0,5,c60ddf0e-962b-40e0-b030-61fec4e82082,IN-SERVICE,NON-LIQUID,60.77,
2026-06-12T11:05:00+08:00,COLLIE_BESS2,150.0,150.0,6,c60ddf0e-962b-40e0-b030-61fec4e82082,IN-SERVICE,NON-LIQUID,151.93,
2026-06-12T11:05:00+08:00,COLLIE_BESS2,150.0,250.0,7,c60ddf0e-962b-40e0-b030-61fec4e82082,IN-SERVICE,NON-LIQUID,253.22,
2026-06-12T11:05:00+08:00,COLLIE_BESS2,0.0,790.98,8,c60ddf0e-962b-40e0-b030-61fec4e82082,IN-SERVICE,NON-LIQUID,801.15,
2026-06-12T11:05:00+08:00,COLLIE_BESS2,0.0,791.18,9,c60ddf0e-962b-40e0-b030-61fec4e82082,IN-SERVICE,NON-LIQUID,801.36,
2026-06-12T11:05:00+08:00,COLLIE_BESS2,0.0,1678.41,10,c60ddf0e-962b-40e0-b030-61fec4e82082,IN-SERVICE,NON-LIQUID,1700.0,
2026-06-12T11:05:00+08:00,COLLIE_ESR4,-250.0,118.46,1,2d549a80-bc06-455c-aeba-c7b11d308cb8,IN-SERVICE,NOT APPLICABLE,119.98,0.0
2026-06-12T11:05:00+08:00,COLLIE_ESR4,250.0,158.21,2,2d549a80-bc06-455c-aeba-c7b11d308cb8,IN-SERVICE,NOT APPLICABLE,160.25,0.0
2026-06-12T11:05:00+08:00,COLLIE_ESR5,-250.0,118.46,1,d3a6ee40-2cdb-4cb9-b61a-c4e4ed97175d,IN-SERVICE,NOT APPLICABLE,119.98,0.0
2026-06-12T11:05:00+08:00,COLLIE_ESR5,250.0,158.21,2,d3a6ee40-2cdb-4cb9-b61a-c4e4ed97175d,IN-SERVICE,NOT APPLICABLE,160.25,0.0
2026-06-12T11:10:00+08:00,KWINANA_ESR1,-100.0,104.81,1,ffc37de0-0f1d-4782-97e2-75dde91012b5,IN-SERVICE,NOT APPLICABLE,105.15,0.0
2026-06-12T11:10:00+08:00,KWINANA_ESR1,100.0,134.5,2,ffc37de0-0f1d-4782-97e2-75dde91012b5,IN-SERVICE,NOT APPLICABLE,134.93,0.0
2026-06-12T11:10:00+08:00,COLLIE_ESR1,0.0,-987.3,1,df4913fb-b48c-4c5b-b315-d5c3fb4eef22,IN-SERVICE,NON-LIQUID,-1000.0,
2026-06-12T11:10:00+08:00,COLLIE_ESR1,-100.0,-42.46,2,df4913fb-b48c-4c5b-b315-d5c3fb4eef22,IN-SERVICE,NON-LIQUID,-43.01,
2026-06-12T11:10:00+08:00,COLLIE_ESR1,-100.0,-10.0,3,df4913fb-b48c-4c5b-b315-d5c3fb4eef22,IN-SERVICE,NON-LIQUID,-10.13,
2026-06-12T11:10:00+08:00,COLLIE_ESR1,0.0,34.02,4,df4913fb-b48c-4c5b-b315-d5c3fb4eef22,IN-SERVICE,NON-LIQUID,34.46,
2026-06-12T11:10:00+08:00,COLLIE_ESR1,0.0,60.0,5,df4913fb-b48c-4c5b-b315-d5c3fb4eef22,IN-SERVICE,NON-LIQUID,60.77,
2026-06-12T11:10:00+08:00,COLLIE_ESR1,100.0,150.0,6,df4913fb-b48c-4c5b-b315-d5c3fb4eef22,IN-SERVICE,NON-LIQUID,151.93,
2026-06-12T11:10:00+08:00,COLLIE_ESR1,100.0,250.0,7,df4913fb-b48c-4c5b-b315-d5c3fb4eef22,IN-SERVICE,NON-LIQUID,253.22,
2026-06-12T11:10:00+08:00,COLLIE_ESR1,0.0,790.98,8,df4913fb-b48c-4c5b-b315-d5c3fb4eef22,IN-SERVICE,NON-LIQUID,801.15,
2026-06-12T11:10:00+08:00,COLLIE_ESR1,0.0,791.18,9,df4913fb-b48c-4c5b-b315-d5c3fb4eef22,IN-SERVICE,NON-LIQUID,801.36,
2026-06-12T11:10:00+08:00,COLLIE_ESR1,0.0,1678.41,10,df4913fb-b48c-4c5b-b315-d5c3fb4eef22,IN-SERVICE,NON-LIQUID,1700.0,
2026-06-12T11:10:00+08:00,KWINANA_ESR2,-225.0,119.36,1,a16eeace-46a6-43ed-9b1e-6492eaa1601e,IN-SERVICE,NOT APPLICABLE,119.62,0.0
2026-06-12T11:10:00+08:00,KWINANA_ESR2,225.0,151.12,2,a16eeace-46a6-43ed-9b1e-6492eaa1601e,IN-SERVICE,NOT APPLICABLE,151.45,0.0
2026-06-12T11:10:00+08:00,COLLIE_BESS2,0.0,-987.3,1,fff4b645-fdaa-4de9-b7df-a635bfd08cd1,IN-SERVICE,NON-LIQUID,-1000.0,
2026-06-12T11:10:00+08:00,COLLIE_BESS2,-150.0,-42.46,2,fff4b645-fdaa-4de9-b7df-a635bfd08cd1,IN-SERVICE,NON-LIQUID,-43.01,
2026-06-12T11:10:00+08:00,COLLIE_BESS2,-150.0,-10.0,3,fff4b645-fdaa-4de9-b7df-a635bfd08cd1,IN-SERVICE,NON-LIQUID,-10.13,
2026-06-12T11:10:00+08:00,COLLIE_BESS2,0.0,34.02,4,fff4b645-fdaa-4de9-b7df-a635bfd08cd1,IN-SERVICE,NON-LIQUID,34.46,
2026-06-12T11:10:00+08:00,COLLIE_BESS2,0.0,60.0,5,fff4b645-fdaa-4de9-b7df-a635bfd08cd1,IN-SERVICE,NON-LIQUID,60.77,
2026-06-12T11:10:00+08:00,COLLIE_BESS2,150.0,150.0,6,fff4b645-fdaa-4de9-b7df-a635bfd08cd1,IN-SERVICE,NON-LIQUID,151.93,
2026-06-12T11:10:00+08:00,COLLIE_BESS2,150.0,250.0,7,fff4b645-fdaa-4de9-b7df-a635bfd08cd1,IN-SERVICE,NON-LIQUID,253.22,
2026-06-12T11:10:00+08:00,COLLIE_BESS2,0.0,790.98,8,fff4b645-fdaa-4de9-b7df-a635bfd08cd1,IN-SERVICE,NON-LIQUID,801.15,
2026-06-12T11:10:00+08:00,COLLIE_BESS2,0.0,791.18,9,fff4b645-fdaa-4de9-b7df-a635bfd08cd1,IN-SERVICE,NON-LIQUID,801.36,
2026-06-12T11:10:00+08:00,COLLIE_BESS2,0.0,1678.41,10,fff4b645-fdaa-4de9-b7df-a635bfd08cd1,IN-SERVICE,NON-LIQUID,1700.0,
2026-06-12T11:10:00+08:00,COLLIE_ESR4,-250.0,118.05,1,59650ae4-06ca-4dc8-9fa8-1365401708da,IN-SERVICE,NOT APPLICABLE,119.57,0.0
2026-06-12T11:10:00+08:00,COLLIE_ESR4,250.0,149.59,2,59650ae4-06ca-4dc8-9fa8-1365401708da,IN-SERVICE,NOT APPLICABLE,151.51,0.0
2026-06-12T11:10:00+08:00,COLLIE_ESR5,-250.0,126.14,1,486f7f20-5a92-412c-9688-8321a89dddf6,IN-SERVICE,NOT APPLICABLE,127.76,0.0
2026-06-12T11:10:00+08:00,COLLIE_ESR5,250.0,157.69,2,486f7f20-5a92-412c-9688-8321a89dddf6,IN-SERVICE,NOT APPLICABLE,159.72,0.0
2026-06-12T11:15:00+08:00,KWINANA_ESR1,-100.0,104.81,1,ffc37de0-0f1d-4782-97e2-75dde91012b5,IN-SERVICE,NOT APPLICABLE,105.15,0.0
2026-06-12T11:15:00+08:00,KWINANA_ESR1,100.0,134.5,2,ffc37de0-0f1d-4782-97e2-75dde91012b5,IN-SERVICE,NOT APPLICABLE,134.93,0.0
2026-06-12T11:15:00+08:00,COLLIE_ESR1,0.0,-987.3,1,9f255052-2328-4e22-8369-ed0a46f59756,IN-SERVICE,NON-LIQUID,-1000.0,
2026-06-12T11:15:00+08:00,COLLIE_ESR1,-100.0,-42.46,2,9f255052-2328-4e22-8369-ed0a46f59756,IN-SERVICE,NON-LIQUID,-43.01,
2026-06-12T11:15:00+08:00,COLLIE_ESR1,-100.0,-10.0,3,9f255052-2328-4e22-8369-ed0a46f59756,IN-SERVICE,NON-LIQUID,-10.13,
2026-06-12T11:15:00+08:00,COLLIE_ESR1,0.0,34.02,4,9f255052-2328-4e22-8369-ed0a46f59756,IN-SERVICE,NON-LIQUID,34.46,
2026-06-12T11:15:00+08:00,COLLIE_ESR1,0.0,60.0,5,9f255052-2328-4e22-8369-ed0a46f59756,IN-SERVICE,NON-LIQUID,60.77,
2026-06-12T11:15:00+08:00,COLLIE_ESR1,100.0,150.0,6,9f255052-2328-4e22-8369-ed0a46f59756,IN-SERVICE,NON-LIQUID,151.93,
2026-06-12T11:15:00+08:00,COLLIE_ESR1,100.0,250.0,7,9f255052-2328-4e22-8369-ed0a46f59756,IN-SERVICE,NON-LIQUID,253.22,
2026-06-12T11:15:00+08:00,COLLIE_ESR1,0.0,790.98,8,9f255052-2328-4e22-8369-ed0a46f59756,IN-SERVICE,NON-LIQUID,801.15,
2026-06-12T11:15:00+08:00,COLLIE_ESR1,0.0,791.18,9,9f255052-2328-4e22-8369-ed0a46f59756,IN-SERVICE,NON-LIQUID,801.36,
2026-06-12T11:15:00+08:00,COLLIE_ESR1,0.0,1678.41,10,9f255052-2328-4e22-8369-ed0a46f59756,IN-SERVICE,NON-LIQUID,1700.0,
2026-06-12T11:15:00+08:00,KWINANA_ESR2,-225.0,119.36,1,a16eeace-46a6-43ed-9b1e-6492eaa1601e,IN-SERVICE,NOT APPLICABLE,119.62,0.0
2026-06-12T11:15:00+08:00,KWINANA_ESR2,225.0,151.12,2,a16eeace-46a6-43ed-9b1e-6492eaa1601e,IN-SERVICE,NOT APPLICABLE,151.45,0.0
2026-06-12T11:15:00+08:00,COLLIE_BESS2,0.0,-987.3,1,657fd798-5d5d-4172-9f4c-7225da47a3d2,IN-SERVICE,NON-LIQUID,-1000.0,
2026-06-12T11:15:00+08:00,COLLIE_BESS2,-150.0,-42.46,2,657fd798-5d5d-4172-9f4c-7225da47a3d2,IN-SERVICE,NON-LIQUID,-43.01,
2026-06-12T11:15:00+08:00,COLLIE_BESS2,-150.0,-10.0,3,657fd798-5d5d-4172-9f4c-7225da47a3d2,IN-SERVICE,NON-LIQUID,-10.13,
2026-06-12T11:15:00+08:00,COLLIE_BESS2,0.0,34.02,4,657fd798-5d5d-4172-9f4c-7225da47a3d2,IN-SERVICE,NON-LIQUID,34.46,
2026-06-12T11:15:00+08:00,COLLIE_BESS2,0.0,60.0,5,657fd798-5d5d-4172-9f4c-7225da47a3d2,IN-SERVICE,NON-LIQUID,60.77,
2026-06-12T11:15:00+08:00,COLLIE_BESS2,150.0,150.0,6,657fd798-5d5d-4172-9f4c-7225da47a3d2,IN-SERVICE,NON-LIQUID,151.93,
2026-06-12T11:15:00+08:00,COLLIE_BESS2,150.0,250.0,7,657fd798-5d5d-4172-9f4c-7225da47a3d2,IN-SERVICE,NON-LIQUID,253.22,
2026-06-12T11:15:00+08:00,COLLIE_BESS2,0.0,790.98,8,657fd798-5d5d-4172-9f4c-7225da47a3d2,IN-SERVICE,NON-LIQUID,801.15,
2026-06-12T11:15:00+08:00,COLLIE_BESS2,0.0,791.18,9,657fd798-5d5d-4172-9f4c-7225da47a3d2,IN-SERVICE,NON-LIQUID,801.36,
2026-06-12T11:15:00+08:00,COLLIE_BESS2,0.0,1678.41,10,657fd798-5d5d-4172-9f4c-7225da47a3d2,IN-SERVICE,NON-LIQUID,1700.0,
2026-06-12T11:15:00+08:00,COLLIE_ESR4,-250.0,118.05,1,59650ae4-06ca-4dc8-9fa8-1365401708da,IN-SERVICE,NOT APPLICABLE,119.57,0.0
2026-06-12T11:15:00+08:00,COLLIE_ESR4,250.0,149.59,2,59650ae4-06ca-4dc8-9fa8-1365401708da,IN-SERVICE,NOT APPLICABLE,151.51,0.0
2026-06-12T11:15:00+08:00,COLLIE_ESR5,-250.0,126.14,1,486f7f20-5a92-412c-9688-8321a89dddf6,IN-SERVICE,NOT APPLICABLE,127.76,0.0
2026-06-12T11:15:00+08:00,COLLIE_ESR5,250.0,157.69,2,486f7f20-5a92-412c-9688-8321a89dddf6,IN-SERVICE,NOT APPLICABLE,159.72,0.0
2026-06-12T11:20:00+08:00,KWINANA_ESR1,-100.0,104.81,1,ffc37de0-0f1d-4782-97e2-75dde91012b5,IN-SERVICE,NOT APPLICABLE,105.15,0.0
2026-06-12T11:20:00+08:00,KWINANA_ESR1,100.0,134.5,2,ffc37de0-0f1d-4782-97e2-75dde91012b5,IN-SERVICE,NOT APPLICABLE,134.93,0.0
2026-06-12T11:20:00+08:00,COLLIE_ESR1,0.0,-987.3,1,a5f8429b-17b6-4981-a805-b15350d2c185,IN-SERVICE,NON-LIQUID,-1000.0,
2026-06-12T11:20:00+08:00,COLLIE_ESR1,-100.0,-42.46,2,a5f8429b-17b6-4981-a805-b15350d2c185,IN-SERVICE,NON-LIQUID,-43.01,
2026-06-12T11:20:00+08:00,COLLIE_ESR1,-100.0,-10.0,3,a5f8429b-17b6-4981-a805-b15350d2c185,IN-SERVICE,NON-LIQUID,-10.13,
2026-06-12T11:20:00+08:00,COLLIE_ESR1,0.0,34.02,4,a5f8429b-17b6-4981-a805-b15350d2c185,IN-SERVICE,NON-LIQUID,34.46,
2026-06-12T11:20:00+08:00,COLLIE_ESR1,0.0,60.0,5,a5f8429b-17b6-4981-a805-b15350d2c185,IN-SERVICE,NON-LIQUID,60.77,
2026-06-12T11:20:00+08:00,COLLIE_ESR1,100.0,150.0,6,a5f8429b-17b6-4981-a805-b15350d2c185,IN-SERVICE,NON-LIQUID,151.93,
2026-06-12T11:20:00+08:00,COLLIE_ESR1,100.0,250.0,7,a5f8429b-17b6-4981-a805-b15350d2c185,IN-SERVICE,NON-LIQUID,253.22,
2026-06-12T11:20:00+08:00,COLLIE_ESR1,0.0,790.98,8,a5f8429b-17b6-4981-a805-b15350d2c185,IN-SERVICE,NON-LIQUID,801.15,
2026-06-12T11:20:00+08:00,COLLIE_ESR1,0.0,791.18,9,a5f8429b-17b6-4981-a805-b15350d2c185,IN-SERVICE,NON-LIQUID,801.36,
2026-06-12T11:20:00+08:00,COLLIE_ESR1,0.0,1678.41,10,a5f8429b-17b6-4981-a805-b15350d2c185,IN-SERVICE,NON-LIQUID,1700.0,
2026-06-12T11:20:00+08:00,KWINANA_ESR2,-225.0,119.36,1,a16eeace-46a6-43ed-9b1e-6492eaa1601e,IN-SERVICE,NOT APPLICABLE,119.62,0.0
2026-06-12T11:20:00+08:00,KWINANA_ESR2,225.0,151.12,2,a16eeace-46a6-43ed-9b1e-6492eaa1601e,IN-SERVICE,NOT APPLICABLE,151.45,0.0
2026-06-12T11:20:00+08:00,COLLIE_BESS2,0.0,-987.3,1,7bbb49bd-fceb-405e-ab1b-d2519f6e19c7,IN-SERVICE,NON-LIQUID,-1000.0,
2026-06-12T11:20:00+08:00,COLLIE_BESS2,-150.0,-42.46,2,7bbb49bd-fceb-405e-ab1b-d2519f6e19c7,IN-SERVICE,NON-LIQUID,-43.01,
2026-06-12T11:20:00+08:00,COLLIE_BESS2,-150.0,-10.0,3,7bbb49bd-fceb-405e-ab1b-d2519f6e19c7,IN-SERVICE,NON-LIQUID,-10.13,
2026-06-12T11:20:00+08:00,COLLIE_BESS2,0.0,34.02,4,7bbb49bd-fceb-405e-ab1b-d2519f6e19c7,IN-SERVICE,NON-LIQUID,34.46,
2026-06-12T11:20:00+08:00,COLLIE_BESS2,0.0,60.0,5,7bbb49bd-fceb-405e-ab1b-d2519f6e19c7,IN-SERVICE,NON-LIQUID,60.77,
2026-06-12T11:20:00+08:00,COLLIE_BESS2,150.0,150.0,6,7bbb49bd-fceb-405e-ab1b-d2519f6e19c7,IN-SERVICE,NON-LIQUID,151.93,
2026-06-12T11:20:00+08:00,COLLIE_BESS2,150.0,250.0,7,7bbb49bd-fceb-405e-ab1b-d2519f6e19c7,IN-SERVICE,NON-LIQUID,253.22,
2026-06-12T11:20:00+08:00,COLLIE_BESS2,0.0,790.98,8,7bbb49bd-fceb-405e-ab1b-d2519f6e19c7,IN-SERVICE,NON-LIQUID,801.15,
2026-06-12T11:20:00+08:00,COLLIE_BESS2,0.0,791.18,9,7bbb49bd-fceb-405e-ab1b-d2519f6e19c7,IN-SERVICE,NON-LIQUID,801.36,
2026-06-12T11:20:00+08:00,COLLIE_BESS2,0.0,1678.41,10,7bbb49bd-fceb-405e-ab1b-d2519f6e19c7,IN-SERVICE,NON-LIQUID,1700.0,
2026-06-12T11:20:00+08:00,COLLIE_ESR4,-250.0,118.05,1,59650ae4-06ca-4dc8-9fa8-1365401708da,IN-SERVICE,NOT APPLICABLE,119.57,0.0
2026-06-12T11:20:00+08:00,COLLIE_ESR4,250.0,157.69,2,59650ae4-06ca-4dc8-9fa8-1365401708da,IN-SERVICE,NOT APPLICABLE,159.72,0.0
2026-06-12T11:20:00+08:00,COLLIE_ESR5,-250.0,126.14,1,486f7f20-5a92-412c-9688-8321a89dddf6,IN-SERVICE,NOT APPLICABLE,127.76,0.0
2026-06-12T11:20:00+08:00,COLLIE_ESR5,250.0,157.69,2,486f7f20-5a92-412c-9688-8321a89dddf6,IN-SERVICE,NOT APPLICABLE,159.72,0.0
2026-06-12T11:25:00+08:00,KWINANA_ESR1,-100.0,104.4,1,d9ca7bf5-30b0-405c-8eaa-ef2ea91740ab,IN-SERVICE,NOT APPLICABLE,104.74,0.0
2026-06-12T11:25:00+08:00,KWINANA_ESR1,84.396,134.08,2,d9ca7bf5-30b0-405c-8eaa-ef2ea91740ab,IN-SERVICE,NOT APPLICABLE,134.51,0.0
2026-06-12T11:25:00+08:00,KWINANA_ESR1,15.604,135.11,3,d9ca7bf5-30b0-405c-8eaa-ef2ea91740ab,IN-SERVICE,NOT APPLICABLE,135.54,0.0
2026-06-12T11:25:00+08:00,COLLIE_ESR1,0.0,-987.3,1,fe7f0029-7b5e-416e-adb2-1e61f02b5e7d,IN-SERVICE,NON-LIQUID,-1000.0,
2026-06-12T11:25:00+08:00,COLLIE_ESR1,-100.0,-42.46,2,fe7f0029-7b5e-416e-adb2-1e61f02b5e7d,IN-SERVICE,NON-LIQUID,-43.01,
2026-06-12T11:25:00+08:00,COLLIE_ESR1,-100.0,-10.0,3,fe7f0029-7b5e-416e-adb2-1e61f02b5e7d,IN-SERVICE,NON-LIQUID,-10.13,
2026-06-12T11:25:00+08:00,COLLIE_ESR1,0.0,34.02,4,fe7f0029-7b5e-416e-adb2-1e61f02b5e7d,IN-SERVICE,NON-LIQUID,34.46,
2026-06-12T11:25:00+08:00,COLLIE_ESR1,0.0,60.0,5,fe7f0029-7b5e-416e-adb2-1e61f02b5e7d,IN-SERVICE,NON-LIQUID,60.77,
2026-06-12T11:25:00+08:00,COLLIE_ESR1,100.0,150.0,6,fe7f0029-7b5e-416e-adb2-1e61f02b5e7d,IN-SERVICE,NON-LIQUID,151.93,
2026-06-12T11:25:00+08:00,COLLIE_ESR1,100.0,250.0,7,fe7f0029-7b5e-416e-adb2-1e61f02b5e7d,IN-SERVICE,NON-LIQUID,253.22,
2026-06-12T11:25:00+08:00,COLLIE_ESR1,0.0,790.98,8,fe7f0029-7b5e-416e-adb2-1e61f02b5e7d,IN-SERVICE,NON-LIQUID,801.15,
2026-06-12T11:25:00+08:00,COLLIE_ESR1,0.0,791.18,9,fe7f0029-7b5e-416e-adb2-1e61f02b5e7d,IN-SERVICE,NON-LIQUID,801.36,
2026-06-12T11:25:00+08:00,COLLIE_ESR1,0.0,1678.41,10,fe7f0029-7b5e-416e-adb2-1e61f02b5e7d,IN-SERVICE,NON-LIQUID,1700.0,
2026-06-12T11:25:00+08:00,KWINANA_ESR2,-225.0,119.36,1,7a58a5de-2ee3-4f7b-b984-3e5bec41ea23,IN-SERVICE,NOT APPLICABLE,119.62,0.0
2026-06-12T11:25:00+08:00,KWINANA_ESR2,225.0,151.12,2,7a58a5de-2ee3-4f7b-b984-3e5bec41ea23,IN-SERVICE,NOT APPLICABLE,151.45,0.0
2026-06-12T11:25:00+08:00,COLLIE_BESS2,0.0,-987.3,1,7bbb49bd-fceb-405e-ab1b-d2519f6e19c7,IN-SERVICE,NON-LIQUID,-1000.0,
2026-06-12T11:25:00+08:00,COLLIE_BESS2,-40.0,-42.46,2,7bbb49bd-fceb-405e-ab1b-d2519f6e19c7,IN-SERVICE,NON-LIQUID,-43.01,
2026-06-12T11:25:00+08:00,COLLIE_BESS2,-40.0,-10.0,3,7bbb49bd-fceb-405e-ab1b-d2519f6e19c7,IN-SERVICE,NON-LIQUID,-10.13,
2026-06-12T11:25:00+08:00,COLLIE_BESS2,0.0,34.02,4,7bbb49bd-fceb-405e-ab1b-d2519f6e19c7,IN-SERVICE,NON-LIQUID,34.46,
2026-06-12T11:25:00+08:00,COLLIE_BESS2,0.0,60.0,5,7bbb49bd-fceb-405e-ab1b-d2519f6e19c7,IN-SERVICE,NON-LIQUID,60.77,
2026-06-12T11:25:00+08:00,COLLIE_BESS2,-220.0,122.0,6,7bbb49bd-fceb-405e-ab1b-d2519f6e19c7,IN-SERVICE,NON-LIQUID,123.57,
2026-06-12T11:25:00+08:00,COLLIE_BESS2,150.0,150.0,7,7bbb49bd-fceb-405e-ab1b-d2519f6e19c7,IN-SERVICE,NON-LIQUID,151.93,
2026-06-12T11:25:00+08:00,COLLIE_BESS2,150.0,250.0,8,7bbb49bd-fceb-405e-ab1b-d2519f6e19c7,IN-SERVICE,NON-LIQUID,253.22,
2026-06-12T11:25:00+08:00,COLLIE_BESS2,0.0,791.18,9,7bbb49bd-fceb-405e-ab1b-d2519f6e19c7,IN-SERVICE,NON-LIQUID,801.36,
2026-06-12T11:25:00+08:00,COLLIE_BESS2,0.0,1678.41,10,7bbb49bd-fceb-405e-ab1b-d2519f6e19c7,IN-SERVICE,NON-LIQUID,1700.0,
2026-06-12T11:25:00+08:00,COLLIE_ESR4,-250.0,118.05,1,bed5bb6d-79d7-4b7c-a937-896b1915fca6,IN-SERVICE,NOT APPLICABLE,119.57,0.0
2026-06-12T11:25:00+08:00,COLLIE_ESR4,250.0,157.69,2,bed5bb6d-79d7-4b7c-a937-896b1915fca6,IN-SERVICE,NOT APPLICABLE,159.72,0.0
2026-06-12T11:25:00+08:00,COLLIE_ESR5,-250.0,126.14,1,55d0ab10-100a-4db7-9aec-53a5b0a09135,IN-SERVICE,NOT APPLICABLE,127.76,0.0
2026-06-12T11:25:00+08:00,COLLIE_ESR5,250.0,157.69,2,55d0ab10-100a-4db7-9aec-53a5b0a09135,IN-SERVICE,NOT APPLICABLE,159.72,0.0
2026-06-12T11:30:00+08:00,KWINANA_ESR1,-100.0,119.24,1,d9ca7bf5-30b0-405c-8eaa-ef2ea91740ab,IN-SERVICE,NOT APPLICABLE,119.62,0.0
2026-06-12T11:30:00+08:00,KWINANA_ESR1,100.0,135.11,2,d9ca7bf5-30b0-405c-8eaa-ef2ea91740ab,IN-SERVICE,NOT APPLICABLE,135.54,0.0
2026-06-12T11:30:00+08:00,COLLIE_ESR1,0.0,-987.3,1,9c5bf3d2-18d9-4623-8e26-6ac573cb57d8,IN-SERVICE,NON-LIQUID,-1000.0,
2026-06-12T11:30:00+08:00,COLLIE_ESR1,-100.0,-42.46,2,9c5bf3d2-18d9-4623-8e26-6ac573cb57d8,IN-SERVICE,NON-LIQUID,-43.01,
2026-06-12T11:30:00+08:00,COLLIE_ESR1,-100.0,-10.0,3,9c5bf3d2-18d9-4623-8e26-6ac573cb57d8,IN-SERVICE,NON-LIQUID,-10.13,
2026-06-12T11:30:00+08:00,COLLIE_ESR1,0.0,34.02,4,9c5bf3d2-18d9-4623-8e26-6ac573cb57d8,IN-SERVICE,NON-LIQUID,34.46,
2026-06-12T11:30:00+08:00,COLLIE_ESR1,0.0,60.0,5,9c5bf3d2-18d9-4623-8e26-6ac573cb57d8,IN-SERVICE,NON-LIQUID,60.77,
2026-06-12T11:30:00+08:00,COLLIE_ESR1,100.0,150.0,6,9c5bf3d2-18d9-4623-8e26-6ac573cb57d8,IN-SERVICE,NON-LIQUID,151.93,
2026-06-12T11:30:00+08:00,COLLIE_ESR1,100.0,250.0,7,9c5bf3d2-18d9-4623-8e26-6ac573cb57d8,IN-SERVICE,NON-LIQUID,253.22,
2026-06-12T11:30:00+08:00,COLLIE_ESR1,0.0,790.98,8,9c5bf3d2-18d9-4623-8e26-6ac573cb57d8,IN-SERVICE,NON-LIQUID,801.15,
2026-06-12T11:30:00+08:00,COLLIE_ESR1,0.0,791.18,9,9c5bf3d2-18d9-4623-8e26-6ac573cb57d8,IN-SERVICE,NON-LIQUID,801.36,
2026-06-12T11:30:00+08:00,COLLIE_ESR1,0.0,1678.41,10,9c5bf3d2-18d9-4623-8e26-6ac573cb57d8,IN-SERVICE,NON-LIQUID,1700.0,
2026-06-12T11:30:00+08:00,KWINANA_ESR2,-225.0,119.36,1,7a58a5de-2ee3-4f7b-b984-3e5bec41ea23,IN-SERVICE,NOT APPLICABLE,119.62,0.0
2026-06-12T11:30:00+08:00,KWINANA_ESR2,225.0,151.12,2,7a58a5de-2ee3-4f7b-b984-3e5bec41ea23,IN-SERVICE,NOT APPLICABLE,151.45,0.0
2026-06-12T11:30:00+08:00,COLLIE_BESS2,0.0,-987.3,1,859016eb-725b-49eb-89ce-b7d5d0396b9a,IN-SERVICE,NON-LIQUID,-1000.0,
2026-06-12T11:30:00+08:00,COLLIE_BESS2,-150.0,-42.46,2,859016eb-725b-49eb-89ce-b7d5d0396b9a,IN-SERVICE,NON-LIQUID,-43.01,
2026-06-12T11:30:00+08:00,COLLIE_BESS2,-150.0,-10.0,3,859016eb-725b-49eb-89ce-b7d5d0396b9a,IN-SERVICE,NON-LIQUID,-10.13,
2026-06-12T11:30:00+08:00,COLLIE_BESS2,0.0,34.02,4,859016eb-725b-49eb-89ce-b7d5d0396b9a,IN-SERVICE,NON-LIQUID,34.46,
2026-06-12T11:30:00+08:00,COLLIE_BESS2,0.0,60.0,5,859016eb-725b-49eb-89ce-b7d5d0396b9a,IN-SERVICE,NON-LIQUID,60.77,
2026-06-12T11:30:00+08:00,COLLIE_BESS2,150.0,150.0,6,859016eb-725b-49eb-89ce-b7d5d0396b9a,IN-SERVICE,NON-LIQUID,151.93,
2026-06-12T11:30:00+08:00,COLLIE_BESS2,150.0,250.0,7,859016eb-725b-49eb-89ce-b7d5d0396b9a,IN-SERVICE,NON-LIQUID,253.22,
2026-06-12T11:30:00+08:00,COLLIE_BESS2,0.0,790.98,8,859016eb-725b-49eb-89ce-b7d5d0396b9a,IN-SERVICE,NON-LIQUID,801.15,
2026-06-12T11:30:00+08:00,COLLIE_BESS2,0.0,791.18,9,859016eb-725b-49eb-89ce-b7d5d0396b9a,IN-SERVICE,NON-LIQUID,801.36,
2026-06-12T11:30:00+08:00,COLLIE_BESS2,0.0,1678.41,10,859016eb-725b-49eb-89ce-b7d5d0396b9a,IN-SERVICE,NON-LIQUID,1700.0,
2026-06-12T11:30:00+08:00,COLLIE_ESR4,-250.0,118.05,1,bed5bb6d-79d7-4b7c-a937-896b1915fca6,IN-SERVICE,NOT APPLICABLE,119.57,0.0
2026-06-12T11:30:00+08:00,COLLIE_ESR4,250.0,157.69,2,bed5bb6d-79d7-4b7c-a937-896b1915fca6,IN-SERVICE,NOT APPLICABLE,159.72,0.0
2026-06-12T11:30:00+08:00,COLLIE_ESR5,-250.0,126.14,1,55d0ab10-100a-4db7-9aec-53a5b0a09135,IN-SERVICE,NOT APPLICABLE,127.76,0.0
2026-06-12T11:30:00+08:00,COLLIE_ESR5,250.0,157.69,2,55d0ab10-100a-4db7-9aec-53a5b0a09135,IN-SERVICE,NOT APPLICABLE,159.72,0.0
2026-06-12T11:35:00+08:00,KWINANA_ESR1,-57.652,119.24,1,d9ca7bf5-30b0-405c-8eaa-ef2ea91740ab,IN-SERVICE,NOT APPLICABLE,119.62,0.0
2026-06-12T11:35:00+08:00,KWINANA_ESR1,-42.348,120.27,2,d9ca7bf5-30b0-405c-8eaa-ef2ea91740ab,IN-SERVICE,NOT APPLICABLE,120.66,0.0
2026-06-12T11:35:00+08:00,KWINANA_ESR1,100.0,149.95,3,d9ca7bf5-30b0-405c-8eaa-ef2ea91740ab,IN-SERVICE,NOT APPLICABLE,150.43,0.0
2026-06-12T11:35:00+08:00,COLLIE_ESR1,0.0,-987.3,1,74a9d1ca-7b41-4b7d-aa27-fe25da20a4b0,IN-SERVICE,NON-LIQUID,-1000.0,
2026-06-12T11:35:00+08:00,COLLIE_ESR1,-100.0,-42.46,2,74a9d1ca-7b41-4b7d-aa27-fe25da20a4b0,IN-SERVICE,NON-LIQUID,-43.01,
2026-06-12T11:35:00+08:00,COLLIE_ESR1,-100.0,-10.0,3,74a9d1ca-7b41-4b7d-aa27-fe25da20a4b0,IN-SERVICE,NON-LIQUID,-10.13,
2026-06-12T11:35:00+08:00,COLLIE_ESR1,0.0,34.02,4,74a9d1ca-7b41-4b7d-aa27-fe25da20a4b0,IN-SERVICE,NON-LIQUID,34.46,
2026-06-12T11:35:00+08:00,COLLIE_ESR1,0.0,60.0,5,74a9d1ca-7b41-4b7d-aa27-fe25da20a4b0,IN-SERVICE,NON-LIQUID,60.77,
2026-06-12T11:35:00+08:00,COLLIE_ESR1,100.0,150.0,6,74a9d1ca-7b41-4b7d-aa27-fe25da20a4b0,IN-SERVICE,NON-LIQUID,151.93,
2026-06-12T11:35:00+08:00,COLLIE_ESR1,100.0,250.0,7,74a9d1ca-7b41-4b7d-aa27-fe25da20a4b0,IN-SERVICE,NON-LIQUID,253.22,
2026-06-12T11:35:00+08:00,COLLIE_ESR1,0.0,790.98,8,74a9d1ca-7b41-4b7d-aa27-fe25da20a4b0,IN-SERVICE,NON-LIQUID,801.15,
2026-06-12T11:35:00+08:00,COLLIE_ESR1,0.0,791.18,9,74a9d1ca-7b41-4b7d-aa27-fe25da20a4b0,IN-SERVICE,NON-LIQUID,801.36,
2026-06-12T11:35:00+08:00,COLLIE_ESR1,0.0,1678.41,10,74a9d1ca-7b41-4b7d-aa27-fe25da20a4b0,IN-SERVICE,NON-LIQUID,1700.0,
2026-06-12T11:35:00+08:00,KWINANA_ESR2,-225.0,119.36,1,7a58a5de-2ee3-4f7b-b984-3e5bec41ea23,IN-SERVICE,NOT APPLICABLE,119.62,0.0
2026-06-12T11:35:00+08:00,KWINANA_ESR2,225.0,151.12,2,7a58a5de-2ee3-4f7b-b984-3e5bec41ea23,IN-SERVICE,NOT APPLICABLE,151.45,0.0
2026-06-12T11:35:00+08:00,COLLIE_BESS2,0.0,-987.3,1,7fc5c08f-9a80-4331-9a10-7f3d1d91e4c8,IN-SERVICE,NON-LIQUID,-1000.0,
2026-06-12T11:35:00+08:00,COLLIE_BESS2,-150.0,-42.46,2,7fc5c08f-9a80-4331-9a10-7f3d1d91e4c8,IN-SERVICE,NON-LIQUID,-43.01,
2026-06-12T11:35:00+08:00,COLLIE_BESS2,-150.0,-10.0,3,7fc5c08f-9a80-4331-9a10-7f3d1d91e4c8,IN-SERVICE,NON-LIQUID,-10.13,
2026-06-12T11:35:00+08:00,COLLIE_BESS2,0.0,34.02,4,7fc5c08f-9a80-4331-9a10-7f3d1d91e4c8,IN-SERVICE,NON-LIQUID,34.46,
2026-06-12T11:35:00+08:00,COLLIE_BESS2,0.0,60.0,5,7fc5c08f-9a80-4331-9a10-7f3d1d91e4c8,IN-SERVICE,NON-LIQUID,60.77,
2026-06-12T11:35:00+08:00,COLLIE_BESS2,150.0,150.0,6,7fc5c08f-9a80-4331-9a10-7f3d1d91e4c8,IN-SERVICE,NON-LIQUID,151.93,
2026-06-12T11:35:00+08:00,COLLIE_BESS2,150.0,250.0,7,7fc5c08f-9a80-4331-9a10-7f3d1d91e4c8,IN-SERVICE,NON-LIQUID,253.22,
2026-06-12T11:35:00+08:00,COLLIE_BESS2,0.0,790.98,8,7fc5c08f-9a80-4331-9a10-7f3d1d91e4c8,IN-SERVICE,NON-LIQUID,801.15,
2026-06-12T11:35:00+08:00,COLLIE_BESS2,0.0,791.18,9,7fc5c08f-9a80-4331-9a10-7f3d1d91e4c8,IN-SERVICE,NON-LIQUID,801.36,
2026-06-12T11:35:00+08:00,COLLIE_BESS2,0.0,1678.41,10,7fc5c08f-9a80-4331-9a10-7f3d1d91e4c8,IN-SERVICE,NON-LIQUID,1700.0,
2026-06-12T11:35:00+08:00,COLLIE_ESR4,-250.0,126.14,1,bed5bb6d-79d7-4b7c-a937-896b1915fca6,IN-SERVICE,NOT APPLICABLE,127.76,0.0
2026-06-12T11:35:00+08:00,COLLIE_ESR4,250.0,157.69,2,bed5bb6d-79d7-4b7c-a937-896b1915fca6,IN-SERVICE,NOT APPLICABLE,159.72,0.0
2026-06-12T11:35:00+08:00,COLLIE_ESR5,-250.0,126.14,1,55d0ab10-100a-4db7-9aec-53a5b0a09135,IN-SERVICE,NOT APPLICABLE,127.76,0.0
2026-06-12T11:35:00+08:00,COLLIE_ESR5,250.0,157.69,2,55d0ab10-100a-4db7-9aec-53a5b0a09135,IN-SERVICE,NOT APPLICABLE,159.72,0.0
2026-06-12T11:40:00+08:00,KWINANA_ESR1,-100.0,112.51,1,92b97f62-96f9-4bf5-8617-21118c22c46c,IN-SERVICE,NOT APPLICABLE,112.87,0.0
2026-06-12T11:40:00+08:00,KWINANA_ESR1,100.0,142.19,2,92b97f62-96f9-4bf5-8617-21118c22c46c,IN-SERVICE,NOT APPLICABLE,142.65,0.0
2026-06-12T11:40:00+08:00,COLLIE_ESR1,0.0,-987.3,1,8688868a-295b-4a22-8f9d-1777d38b143c,IN-SERVICE,NON-LIQUID,-1000.0,
2026-06-12T11:40:00+08:00,COLLIE_ESR1,-100.0,-42.46,2,8688868a-295b-4a22-8f9d-1777d38b143c,IN-SERVICE,NON-LIQUID,-43.01,
2026-06-12T11:40:00+08:00,COLLIE_ESR1,-100.0,-10.0,3,8688868a-295b-4a22-8f9d-1777d38b143c,IN-SERVICE,NON-LIQUID,-10.13,
2026-06-12T11:40:00+08:00,COLLIE_ESR1,0.0,34.02,4,8688868a-295b-4a22-8f9d-1777d38b143c,IN-SERVICE,NON-LIQUID,34.46,
2026-06-12T11:40:00+08:00,COLLIE_ESR1,0.0,60.0,5,8688868a-295b-4a22-8f9d-1777d38b143c,IN-SERVICE,NON-LIQUID,60.77,
2026-06-12T11:40:00+08:00,COLLIE_ESR1,100.0,150.0,6,8688868a-295b-4a22-8f9d-1777d38b143c,IN-SERVICE,NON-LIQUID,151.93,
2026-06-12T11:40:00+08:00,COLLIE_ESR1,100.0,250.0,7,8688868a-295b-4a22-8f9d-1777d38b143c,IN-SERVICE,NON-LIQUID,253.22,
2026-06-12T11:40:00+08:00,COLLIE_ESR1,0.0,790.98,8,8688868a-295b-4a22-8f9d-1777d38b143c,IN-SERVICE,NON-LIQUID,801.15,
2026-06-12T11:40:00+08:00,COLLIE_ESR1,0.0,791.18,9,8688868a-295b-4a22-8f9d-1777d38b143c,IN-SERVICE,NON-LIQUID,801.36,
2026-06-12T11:40:00+08:00,COLLIE_ESR1,0.0,1678.41,10,8688868a-295b-4a22-8f9d-1777d38b143c,IN-SERVICE,NON-LIQUID,1700.0,
2026-06-12T11:40:00+08:00,KWINANA_ESR2,-225.0,103.16,1,b3529dbc-43e3-45ce-a981-70f2a696510a,IN-SERVICE,NOT APPLICABLE,103.39,0.0
2026-06-12T11:40:00+08:00,KWINANA_ESR2,225.0,134.92,2,b3529dbc-43e3-45ce-a981-70f2a696510a,IN-SERVICE,NOT APPLICABLE,135.22,0.0
2026-06-12T11:40:00+08:00,COLLIE_BESS2,0.0,-987.3,1,a26bce4d-b2a6-443d-8b10-742fe9733d4d,IN-SERVICE,NON-LIQUID,-1000.0,
2026-06-12T11:40:00+08:00,COLLIE_BESS2,-150.0,-42.46,2,a26bce4d-b2a6-443d-8b10-742fe9733d4d,IN-SERVICE,NON-LIQUID,-43.01,
2026-06-12T11:40:00+08:00,COLLIE_BESS2,-150.0,-10.0,3,a26bce4d-b2a6-443d-8b10-742fe9733d4d,IN-SERVICE,NON-LIQUID,-10.13,
2026-06-12T11:40:00+08:00,COLLIE_BESS2,0.0,34.02,4,a26bce4d-b2a6-443d-8b10-742fe9733d4d,IN-SERVICE,NON-LIQUID,34.46,
2026-06-12T11:40:00+08:00,COLLIE_BESS2,0.0,60.0,5,a26bce4d-b2a6-443d-8b10-742fe9733d4d,IN-SERVICE,NON-LIQUID,60.77,
2026-06-12T11:40:00+08:00,COLLIE_BESS2,150.0,150.0,6,a26bce4d-b2a6-443d-8b10-742fe9733d4d,IN-SERVICE,NON-LIQUID,151.93,
2026-06-12T11:40:00+08:00,COLLIE_BESS2,150.0,250.0,7,a26bce4d-b2a6-443d-8b10-742fe9733d4d,IN-SERVICE,NON-LIQUID,253.22,
2026-06-12T11:40:00+08:00,COLLIE_BESS2,0.0,790.98,8,a26bce4d-b2a6-443d-8b10-742fe9733d4d,IN-SERVICE,NON-LIQUID,801.15,
2026-06-12T11:40:00+08:00,COLLIE_BESS2,0.0,791.18,9,a26bce4d-b2a6-443d-8b10-742fe9733d4d,IN-SERVICE,NON-LIQUID,801.36,
2026-06-12T11:40:00+08:00,COLLIE_BESS2,0.0,1678.41,10,a26bce4d-b2a6-443d-8b10-742fe9733d4d,IN-SERVICE,NON-LIQUID,1700.0,
2026-06-12T11:40:00+08:00,COLLIE_ESR4,-250.0,102.33,1,51a96b99-9dae-49b6-b63c-5a6fc84be396,IN-SERVICE,NOT APPLICABLE,103.65,0.0
2026-06-12T11:40:00+08:00,COLLIE_ESR4,250.0,133.87,2,51a96b99-9dae-49b6-b63c-5a6fc84be396,IN-SERVICE,NOT APPLICABLE,135.59,0.0
2026-06-12T11:40:00+08:00,COLLIE_ESR5,-250.0,102.33,1,7deaa7c3-0085-493f-be80-d8be0e583cb8,IN-SERVICE,NOT APPLICABLE,103.65,0.0
2026-06-12T11:40:00+08:00,COLLIE_ESR5,250.0,141.59,2,7deaa7c3-0085-493f-be80-d8be0e583cb8,IN-SERVICE,NOT APPLICABLE,143.41,0.0
2026-06-12T11:45:00+08:00,KWINANA_ESR1,-100.0,112.51,1,92b97f62-96f9-4bf5-8617-21118c22c46c,IN-SERVICE,NOT APPLICABLE,112.87,0.0
2026-06-12T11:45:00+08:00,KWINANA_ESR1,100.0,142.19,2,92b97f62-96f9-4bf5-8617-21118c22c46c,IN-SERVICE,NOT APPLICABLE,142.65,0.0
2026-06-12T11:45:00+08:00,COLLIE_ESR1,0.0,-987.3,1,62b4bc68-95ae-439a-8143-5ba9d4da6199,IN-SERVICE,NON-LIQUID,-1000.0,
2026-06-12T11:45:00+08:00,COLLIE_ESR1,-100.0,-42.46,2,62b4bc68-95ae-439a-8143-5ba9d4da6199,IN-SERVICE,NON-LIQUID,-43.01,
2026-06-12T11:45:00+08:00,COLLIE_ESR1,-100.0,-10.0,3,62b4bc68-95ae-439a-8143-5ba9d4da6199,IN-SERVICE,NON-LIQUID,-10.13,
2026-06-12T11:45:00+08:00,COLLIE_ESR1,0.0,34.02,4,62b4bc68-95ae-439a-8143-5ba9d4da6199,IN-SERVICE,NON-LIQUID,34.46,
2026-06-12T11:45:00+08:00,COLLIE_ESR1,0.0,60.0,5,62b4bc68-95ae-439a-8143-5ba9d4da6199,IN-SERVICE,NON-LIQUID,60.77,
2026-06-12T11:45:00+08:00,COLLIE_ESR1,100.0,150.0,6,62b4bc68-95ae-439a-8143-5ba9d4da6199,IN-SERVICE,NON-LIQUID,151.93,
2026-06-12T11:45:00+08:00,COLLIE_ESR1,100.0,250.0,7,62b4bc68-95ae-439a-8143-5ba9d4da6199,IN-SERVICE,NON-LIQUID,253.22,
2026-06-12T11:45:00+08:00,COLLIE_ESR1,0.0,790.98,8,62b4bc68-95ae-439a-8143-5ba9d4da6199,IN-SERVICE,NON-LIQUID,801.15,
2026-06-12T11:45:00+08:00,COLLIE_ESR1,0.0,791.18,9,62b4bc68-95ae-439a-8143-5ba9d4da6199,IN-SERVICE,NON-LIQUID,801.36,
2026-06-12T11:45:00+08:00,COLLIE_ESR1,0.0,1678.41,10,62b4bc68-95ae-439a-8143-5ba9d4da6199,IN-SERVICE,NON-LIQUID,1700.0,
2026-06-12T11:45:00+08:00,KWINANA_ESR2,-225.0,103.16,1,b3529dbc-43e3-45ce-a981-70f2a696510a,IN-SERVICE,NOT APPLICABLE,103.39,0.0
2026-06-12T11:45:00+08:00,KWINANA_ESR2,225.0,134.92,2,b3529dbc-43e3-45ce-a981-70f2a696510a,IN-SERVICE,NOT APPLICABLE,135.22,0.0
2026-06-12T11:45:00+08:00,COLLIE_BESS2,0.0,-987.3,1,d5558282-9127-4dfb-a0d7-87d3040b0ff1,IN-SERVICE,NON-LIQUID,-1000.0,
2026-06-12T11:45:00+08:00,COLLIE_BESS2,-150.0,-42.46,2,d5558282-9127-4dfb-a0d7-87d3040b0ff1,IN-SERVICE,NON-LIQUID,-43.01,
2026-06-12T11:45:00+08:00,COLLIE_BESS2,-150.0,-10.0,3,d5558282-9127-4dfb-a0d7-87d3040b0ff1,IN-SERVICE,NON-LIQUID,-10.13,
2026-06-12T11:45:00+08:00,COLLIE_BESS2,0.0,34.02,4,d5558282-9127-4dfb-a0d7-87d3040b0ff1,IN-SERVICE,NON-LIQUID,34.46,
2026-06-12T11:45:00+08:00,COLLIE_BESS2,0.0,60.0,5,d5558282-9127-4dfb-a0d7-87d3040b0ff1,IN-SERVICE,NON-LIQUID,60.77,
2026-06-12T11:45:00+08:00,COLLIE_BESS2,150.0,150.0,6,d5558282-9127-4dfb-a0d7-87d3040b0ff1,IN-SERVICE,NON-LIQUID,151.93,
2026-06-12T11:45:00+08:00,COLLIE_BESS2,150.0,250.0,7,d5558282-9127-4dfb-a0d7-87d3040b0ff1,IN-SERVICE,NON-LIQUID,253.22,
2026-06-12T11:45:00+08:00,COLLIE_BESS2,0.0,790.98,8,d5558282-9127-4dfb-a0d7-87d3040b0ff1,IN-SERVICE,NON-LIQUID,801.15,
2026-06-12T11:45:00+08:00,COLLIE_BESS2,0.0,791.18,9,d5558282-9127-4dfb-a0d7-87d3040b0ff1,IN-SERVICE,NON-LIQUID,801.36,
2026-06-12T11:45:00+08:00,COLLIE_BESS2,0.0,1678.41,10,d5558282-9127-4dfb-a0d7-87d3040b0ff1,IN-SERVICE,NON-LIQUID,1700.0,
2026-06-12T11:45:00+08:00,COLLIE_ESR4,-250.0,102.33,1,51a96b99-9dae-49b6-b63c-5a6fc84be396,IN-SERVICE,NOT APPLICABLE,103.65,0.0
2026-06-12T11:45:00+08:00,COLLIE_ESR4,250.0,133.87,2,51a96b99-9dae-49b6-b63c-5a6fc84be396,IN-SERVICE,NOT APPLICABLE,135.59,0.0
2026-06-12T11:45:00+08:00,COLLIE_ESR5,-250.0,102.28,1,7deaa7c3-0085-493f-be80-d8be0e583cb8,IN-SERVICE,NOT APPLICABLE,103.6,0.0
2026-06-12T11:45:00+08:00,COLLIE_ESR5,250.0,133.87,2,7deaa7c3-0085-493f-be80-d8be0e583cb8,IN-SERVICE,NOT APPLICABLE,135.59,0.0
2026-06-12T11:50:00+08:00,KWINANA_ESR1,-100.0,112.51,1,92b97f62-96f9-4bf5-8617-21118c22c46c,IN-SERVICE,NOT APPLICABLE,112.87,0.0
2026-06-12T11:50:00+08:00,KWINANA_ESR1,100.0,142.19,2,92b97f62-96f9-4bf5-8617-21118c22c46c,IN-SERVICE,NOT APPLICABLE,142.65,0.0
2026-06-12T11:50:00+08:00,COLLIE_ESR1,0.0,-987.3,1,c272a09a-d6ca-4a44-ac42-5fbc6f2b065d,IN-SERVICE,NON-LIQUID,-1000.0,
2026-06-12T11:50:00+08:00,COLLIE_ESR1,-100.0,-42.46,2,c272a09a-d6ca-4a44-ac42-5fbc6f2b065d,IN-SERVICE,NON-LIQUID,-43.01,
2026-06-12T11:50:00+08:00,COLLIE_ESR1,-100.0,-10.0,3,c272a09a-d6ca-4a44-ac42-5fbc6f2b065d,IN-SERVICE,NON-LIQUID,-10.13,
2026-06-12T11:50:00+08:00,COLLIE_ESR1,0.0,34.02,4,c272a09a-d6ca-4a44-ac42-5fbc6f2b065d,IN-SERVICE,NON-LIQUID,34.46,
2026-06-12T11:50:00+08:00,COLLIE_ESR1,0.0,60.0,5,c272a09a-d6ca-4a44-ac42-5fbc6f2b065d,IN-SERVICE,NON-LIQUID,60.77,
2026-06-12T11:50:00+08:00,COLLIE_ESR1,100.0,150.0,6,c272a09a-d6ca-4a44-ac42-5fbc6f2b065d,IN-SERVICE,NON-LIQUID,151.93,
2026-06-12T11:50:00+08:00,COLLIE_ESR1,100.0,250.0,7,c272a09a-d6ca-4a44-ac42-5fbc6f2b065d,IN-SERVICE,NON-LIQUID,253.22,
2026-06-12T11:50:00+08:00,COLLIE_ESR1,0.0,790.98,8,c272a09a-d6ca-4a44-ac42-5fbc6f2b065d,IN-SERVICE,NON-LIQUID,801.15,
2026-06-12T11:50:00+08:00,COLLIE_ESR1,0.0,791.18,9,c272a09a-d6ca-4a44-ac42-5fbc6f2b065d,IN-SERVICE,NON-LIQUID,801.36,
2026-06-12T11:50:00+08:00,COLLIE_ESR1,0.0,1678.41,10,c272a09a-d6ca-4a44-ac42-5fbc6f2b065d,IN-SERVICE,NON-LIQUID,1700.0,
2026-06-12T11:50:00+08:00,KWINANA_ESR2,-225.0,103.16,1,b3529dbc-43e3-45ce-a981-70f2a696510a,IN-SERVICE,NOT APPLICABLE,103.39,0.0
2026-06-12T11:50:00+08:00,KWINANA_ESR2,225.0,134.92,2,b3529dbc-43e3-45ce-a981-70f2a696510a,IN-SERVICE,NOT APPLICABLE,135.22,0.0
2026-06-12T11:50:00+08:00,COLLIE_BESS2,0.0,-987.3,1,55718664-cdd5-4da6-8e25-9bf302c73e00,IN-SERVICE,NON-LIQUID,-1000.0,
2026-06-12T11:50:00+08:00,COLLIE_BESS2,-150.0,-42.46,2,55718664-cdd5-4da6-8e25-9bf302c73e00,IN-SERVICE,NON-LIQUID,-43.01,
2026-06-12T11:50:00+08:00,COLLIE_BESS2,-150.0,-10.0,3,55718664-cdd5-4da6-8e25-9bf302c73e00,IN-SERVICE,NON-LIQUID,-10.13,
2026-06-12T11:50:00+08:00,COLLIE_BESS2,0.0,34.02,4,55718664-cdd5-4da6-8e25-9bf302c73e00,IN-SERVICE,NON-LIQUID,34.46,
2026-06-12T11:50:00+08:00,COLLIE_BESS2,0.0,60.0,5,55718664-cdd5-4da6-8e25-9bf302c73e00,IN-SERVICE,NON-LIQUID,60.77,
2026-06-12T11:50:00+08:00,COLLIE_BESS2,150.0,150.0,6,55718664-cdd5-4da6-8e25-9bf302c73e00,IN-SERVICE,NON-LIQUID,151.93,
2026-06-12T11:50:00+08:00,COLLIE_BESS2,150.0,250.0,7,55718664-cdd5-4da6-8e25-9bf302c73e00,IN-SERVICE,NON-LIQUID,253.22,
2026-06-12T11:50:00+08:00,COLLIE_BESS2,0.0,790.98,8,55718664-cdd5-4da6-8e25-9bf302c73e00,IN-SERVICE,NON-LIQUID,801.15,
2026-06-12T11:50:00+08:00,COLLIE_BESS2,0.0,791.18,9,55718664-cdd5-4da6-8e25-9bf302c73e00,IN-SERVICE,NON-LIQUID,801.36,
2026-06-12T11:50:00+08:00,COLLIE_BESS2,0.0,1678.41,10,55718664-cdd5-4da6-8e25-9bf302c73e00,IN-SERVICE,NON-LIQUID,1700.0,
2026-06-12T11:50:00+08:00,COLLIE_ESR4,-250.0,102.33,1,51a96b99-9dae-49b6-b63c-5a6fc84be396,IN-SERVICE,NOT APPLICABLE,103.65,0.0
2026-06-12T11:50:00+08:00,COLLIE_ESR4,250.0,133.87,2,51a96b99-9dae-49b6-b63c-5a6fc84be396,IN-SERVICE,NOT APPLICABLE,135.59,0.0
2026-06-12T11:50:00+08:00,COLLIE_ESR5,-250.0,102.28,1,7deaa7c3-0085-493f-be80-d8be0e583cb8,IN-SERVICE,NOT APPLICABLE,103.6,0.0
2026-06-12T11:50:00+08:00,COLLIE_ESR5,250.0,133.87,2,7deaa7c3-0085-493f-be80-d8be0e583cb8,IN-SERVICE,NOT APPLICABLE,135.59,0.0
2026-06-12T11:55:00+08:00,KWINANA_ESR1,-100.0,88.09,1,c4f65e7b-d809-40b6-ab82-5ee0d347c4ed,IN-SERVICE,NOT APPLICABLE,88.37,0.0
2026-06-12T11:55:00+08:00,KWINANA_ESR1,100.0,117.77,2,c4f65e7b-d809-40b6-ab82-5ee0d347c4ed,IN-SERVICE,NOT APPLICABLE,118.15,0.0
2026-06-12T11:55:00+08:00,COLLIE_ESR1,0.0,-987.3,1,f01c0ec8-b079-4d14-bbb9-1b69ecfc0508,IN-SERVICE,NON-LIQUID,-1000.0,
2026-06-12T11:55:00+08:00,COLLIE_ESR1,-100.0,-42.46,2,f01c0ec8-b079-4d14-bbb9-1b69ecfc0508,IN-SERVICE,NON-LIQUID,-43.01,
2026-06-12T11:55:00+08:00,COLLIE_ESR1,-100.0,-10.0,3,f01c0ec8-b079-4d14-bbb9-1b69ecfc0508,IN-SERVICE,NON-LIQUID,-10.13,
2026-06-12T11:55:00+08:00,COLLIE_ESR1,0.0,34.02,4,f01c0ec8-b079-4d14-bbb9-1b69ecfc0508,IN-SERVICE,NON-LIQUID,34.46,
2026-06-12T11:55:00+08:00,COLLIE_ESR1,0.0,60.0,5,f01c0ec8-b079-4d14-bbb9-1b69ecfc0508,IN-SERVICE,NON-LIQUID,60.77,
2026-06-12T11:55:00+08:00,COLLIE_ESR1,100.0,150.0,6,f01c0ec8-b079-4d14-bbb9-1b69ecfc0508,IN-SERVICE,NON-LIQUID,151.93,
2026-06-12T11:55:00+08:00,COLLIE_ESR1,100.0,250.0,7,f01c0ec8-b079-4d14-bbb9-1b69ecfc0508,IN-SERVICE,NON-LIQUID,253.22,
2026-06-12T11:55:00+08:00,COLLIE_ESR1,0.0,790.98,8,f01c0ec8-b079-4d14-bbb9-1b69ecfc0508,IN-SERVICE,NON-LIQUID,801.15,
2026-06-12T11:55:00+08:00,COLLIE_ESR1,0.0,791.18,9,f01c0ec8-b079-4d14-bbb9-1b69ecfc0508,IN-SERVICE,NON-LIQUID,801.36,
2026-06-12T11:55:00+08:00,COLLIE_ESR1,0.0,1678.41,10,f01c0ec8-b079-4d14-bbb9-1b69ecfc0508,IN-SERVICE,NON-LIQUID,1700.0,
2026-06-12T11:55:00+08:00,KWINANA_ESR2,-225.0,87.15,1,e54767f4-ed09-4753-980d-7aeb6b8a964f,IN-SERVICE,NOT APPLICABLE,87.34,0.0
2026-06-12T11:55:00+08:00,KWINANA_ESR2,225.0,118.91,2,e54767f4-ed09-4753-980d-7aeb6b8a964f,IN-SERVICE,NOT APPLICABLE,119.17,0.0
2026-06-12T11:55:00+08:00,COLLIE_BESS2,0.0,-987.3,1,53c5b425-416f-4243-a98b-f20755cc86c7,IN-SERVICE,NON-LIQUID,-1000.0,
2026-06-12T11:55:00+08:00,COLLIE_BESS2,-150.0,-42.46,2,53c5b425-416f-4243-a98b-f20755cc86c7,IN-SERVICE,NON-LIQUID,-43.01,
2026-06-12T11:55:00+08:00,COLLIE_BESS2,-150.0,-10.0,3,53c5b425-416f-4243-a98b-f20755cc86c7,IN-SERVICE,NON-LIQUID,-10.13,
2026-06-12T11:55:00+08:00,COLLIE_BESS2,0.0,34.02,4,53c5b425-416f-4243-a98b-f20755cc86c7,IN-SERVICE,NON-LIQUID,34.46,
2026-06-12T11:55:00+08:00,COLLIE_BESS2,0.0,60.0,5,53c5b425-416f-4243-a98b-f20755cc86c7,IN-SERVICE,NON-LIQUID,60.77,
2026-06-12T11:55:00+08:00,COLLIE_BESS2,150.0,150.0,6,53c5b425-416f-4243-a98b-f20755cc86c7,IN-SERVICE,NON-LIQUID,151.93,
2026-06-12T11:55:00+08:00,COLLIE_BESS2,150.0,250.0,7,53c5b425-416f-4243-a98b-f20755cc86c7,IN-SERVICE,NON-LIQUID,253.22,
2026-06-12T11:55:00+08:00,COLLIE_BESS2,0.0,790.98,8,53c5b425-416f-4243-a98b-f20755cc86c7,IN-SERVICE,NON-LIQUID,801.15,
2026-06-12T11:55:00+08:00,COLLIE_BESS2,0.0,791.18,9,53c5b425-416f-4243-a98b-f20755cc86c7,IN-SERVICE,NON-LIQUID,801.36,
2026-06-12T11:55:00+08:00,COLLIE_BESS2,0.0,1678.41,10,53c5b425-416f-4243-a98b-f20755cc86c7,IN-SERVICE,NON-LIQUID,1700.0,
2026-06-12T11:55:00+08:00,COLLIE_ESR4,-250.0,100.23,1,c2270469-e579-4fcf-8308-b147752ce1b9,IN-SERVICE,NOT APPLICABLE,101.52,0.0
2026-06-12T11:55:00+08:00,COLLIE_ESR4,250.0,117.85,2,c2270469-e579-4fcf-8308-b147752ce1b9,IN-SERVICE,NOT APPLICABLE,119.37,0.0
2026-06-12T11:55:00+08:00,COLLIE_ESR5,-250.0,86.18,1,002c803c-6177-48f2-b81a-3b07e1519c74,IN-SERVICE,NOT APPLICABLE,87.29,0.0
2026-06-12T11:55:00+08:00,COLLIE_ESR5,250.0,117.78,2,002c803c-6177-48f2-b81a-3b07e1519c74,IN-SERVICE,NOT APPLICABLE,119.3,0.0
2026-06-12T12:00:00+08:00,KWINANA_ESR1,-100.0,88.09,1,c4f65e7b-d809-40b6-ab82-5ee0d347c4ed,IN-SERVICE,NOT APPLICABLE,88.37,0.0
2026-06-12T12:00:00+08:00,KWINANA_ESR1,100.0,117.77,2,c4f65e7b-d809-40b6-ab82-5ee0d347c4ed,IN-SERVICE,NOT APPLICABLE,118.15,0.0
2026-06-12T12:00:00+08:00,COLLIE_ESR1,0.0,-987.3,1,34cbf028-9035-47b6-aca4-db76a54d9e77,IN-SERVICE,NON-LIQUID,-1000.0,
2026-06-12T12:00:00+08:00,COLLIE_ESR1,-23.0,-42.46,2,34cbf028-9035-47b6-aca4-db76a54d9e77,IN-SERVICE,NON-LIQUID,-43.01,
2026-06-12T12:00:00+08:00,COLLIE_ESR1,-24.0,-10.0,3,34cbf028-9035-47b6-aca4-db76a54d9e77,IN-SERVICE,NON-LIQUID,-10.13,
2026-06-12T12:00:00+08:00,COLLIE_ESR1,0.0,34.02,4,34cbf028-9035-47b6-aca4-db76a54d9e77,IN-SERVICE,NON-LIQUID,34.46,
2026-06-12T12:00:00+08:00,COLLIE_ESR1,0.0,60.0,5,34cbf028-9035-47b6-aca4-db76a54d9e77,IN-SERVICE,NON-LIQUID,60.77,
2026-06-12T12:00:00+08:00,COLLIE_ESR1,-153.0,89.0,6,34cbf028-9035-47b6-aca4-db76a54d9e77,IN-SERVICE,NON-LIQUID,90.14,
2026-06-12T12:00:00+08:00,COLLIE_ESR1,100.0,150.0,7,34cbf028-9035-47b6-aca4-db76a54d9e77,IN-SERVICE,NON-LIQUID,151.93,
2026-06-12T12:00:00+08:00,COLLIE_ESR1,100.0,250.0,8,34cbf028-9035-47b6-aca4-db76a54d9e77,IN-SERVICE,NON-LIQUID,253.22,
2026-06-12T12:00:00+08:00,COLLIE_ESR1,0.0,622.0,9,34cbf028-9035-47b6-aca4-db76a54d9e77,IN-SERVICE,NON-LIQUID,630.0,
2026-06-12T12:00:00+08:00,COLLIE_ESR1,0.0,1678.41,10,34cbf028-9035-47b6-aca4-db76a54d9e77,IN-SERVICE,NON-LIQUID,1700.0,
2026-06-12T12:00:00+08:00,KWINANA_ESR2,-225.0,87.15,1,e54767f4-ed09-4753-980d-7aeb6b8a964f,IN-SERVICE,NOT APPLICABLE,87.34,0.0
2026-06-12T12:00:00+08:00,KWINANA_ESR2,225.0,118.91,2,e54767f4-ed09-4753-980d-7aeb6b8a964f,IN-SERVICE,NOT APPLICABLE,119.17,0.0
2026-06-12T12:00:00+08:00,COLLIE_BESS2,0.0,-987.3,1,9a413b2f-604b-47ee-ba61-c807eae2bc54,IN-SERVICE,NON-LIQUID,-1000.0,
2026-06-12T12:00:00+08:00,COLLIE_BESS2,-48.0,-42.46,2,9a413b2f-604b-47ee-ba61-c807eae2bc54,IN-SERVICE,NON-LIQUID,-43.01,
2026-06-12T12:00:00+08:00,COLLIE_BESS2,-49.0,-10.0,3,9a413b2f-604b-47ee-ba61-c807eae2bc54,IN-SERVICE,NON-LIQUID,-10.13,
2026-06-12T12:00:00+08:00,COLLIE_BESS2,0.0,34.02,4,9a413b2f-604b-47ee-ba61-c807eae2bc54,IN-SERVICE,NON-LIQUID,34.46,
2026-06-12T12:00:00+08:00,COLLIE_BESS2,0.0,60.0,5,9a413b2f-604b-47ee-ba61-c807eae2bc54,IN-SERVICE,NON-LIQUID,60.77,
2026-06-12T12:00:00+08:00,COLLIE_BESS2,-203.0,89.0,6,9a413b2f-604b-47ee-ba61-c807eae2bc54,IN-SERVICE,NON-LIQUID,90.14,
2026-06-12T12:00:00+08:00,COLLIE_BESS2,150.0,150.0,7,9a413b2f-604b-47ee-ba61-c807eae2bc54,IN-SERVICE,NON-LIQUID,151.93,
2026-06-12T12:00:00+08:00,COLLIE_BESS2,150.0,250.0,8,9a413b2f-604b-47ee-ba61-c807eae2bc54,IN-SERVICE,NON-LIQUID,253.22,
2026-06-12T12:00:00+08:00,COLLIE_BESS2,0.0,622.0,9,9a413b2f-604b-47ee-ba61-c807eae2bc54,IN-SERVICE,NON-LIQUID,630.0,
2026-06-12T12:00:00+08:00,COLLIE_BESS2,0.0,1678.41,10,9a413b2f-604b-47ee-ba61-c807eae2bc54,IN-SERVICE,NON-LIQUID,1700.0,
2026-06-12T12:00:00+08:00,COLLIE_ESR4,-250.0,100.23,1,c2270469-e579-4fcf-8308-b147752ce1b9,IN-SERVICE,NOT APPLICABLE,101.52,0.0
2026-06-12T12:00:00+08:00,COLLIE_ESR4,250.0,117.78,2,c2270469-e579-4fcf-8308-b147752ce1b9,IN-SERVICE,NOT APPLICABLE,119.3,0.0
2026-06-12T12:00:00+08:00,COLLIE_ESR5,-250.0,86.18,1,002c803c-6177-48f2-b81a-3b07e1519c74,IN-SERVICE,NOT APPLICABLE,87.29,0.0
2026-06-12T12:00:00+08:00,COLLIE_ESR5,250.0,117.78,2,002c803c-6177-48f2-b81a-3b07e1519c74,IN-SERVICE,NOT APPLICABLE,119.3,0.0
2026-06-12T12:05:00+08:00,KWINANA_ESR1,-100.0,88.09,1,c4f65e7b-d809-40b6-ab82-5ee0d347c4ed,IN-SERVICE,NOT APPLICABLE,88.37,0.0
2026-06-12T12:05:00+08:00,KWINANA_ESR1,100.0,117.77,2,c4f65e7b-d809-40b6-ab82-5ee0d347c4ed,IN-SERVICE,NOT APPLICABLE,118.15,0.0
2026-06-12T12:05:00+08:00,COLLIE_ESR1,0.0,-987.3,1,27db61cb-6d46-4edb-8633-ca13f5e3d02e,IN-SERVICE,NON-LIQUID,-1000.0,
2026-06-12T12:05:00+08:00,COLLIE_ESR1,-26.0,-42.46,2,27db61cb-6d46-4edb-8633-ca13f5e3d02e,IN-SERVICE,NON-LIQUID,-43.01,
2026-06-12T12:05:00+08:00,COLLIE_ESR1,-26.0,-10.0,3,27db61cb-6d46-4edb-8633-ca13f5e3d02e,IN-SERVICE,NON-LIQUID,-10.13,
2026-06-12T12:05:00+08:00,COLLIE_ESR1,0.0,34.02,4,27db61cb-6d46-4edb-8633-ca13f5e3d02e,IN-SERVICE,NON-LIQUID,34.46,
2026-06-12T12:05:00+08:00,COLLIE_ESR1,0.0,60.0,5,27db61cb-6d46-4edb-8633-ca13f5e3d02e,IN-SERVICE,NON-LIQUID,60.77,
2026-06-12T12:05:00+08:00,COLLIE_ESR1,-148.0,89.0,6,27db61cb-6d46-4edb-8633-ca13f5e3d02e,IN-SERVICE,NON-LIQUID,90.14,
2026-06-12T12:05:00+08:00,COLLIE_ESR1,100.0,150.0,7,27db61cb-6d46-4edb-8633-ca13f5e3d02e,IN-SERVICE,NON-LIQUID,151.93,
2026-06-12T12:05:00+08:00,COLLIE_ESR1,100.0,250.0,8,27db61cb-6d46-4edb-8633-ca13f5e3d02e,IN-SERVICE,NON-LIQUID,253.22,
2026-06-12T12:05:00+08:00,COLLIE_ESR1,0.0,622.0,9,27db61cb-6d46-4edb-8633-ca13f5e3d02e,IN-SERVICE,NON-LIQUID,630.0,
2026-06-12T12:05:00+08:00,COLLIE_ESR1,0.0,1678.41,10,27db61cb-6d46-4edb-8633-ca13f5e3d02e,IN-SERVICE,NON-LIQUID,1700.0,
2026-06-12T12:05:00+08:00,KWINANA_ESR2,-225.0,87.15,1,e54767f4-ed09-4753-980d-7aeb6b8a964f,IN-SERVICE,NOT APPLICABLE,87.34,0.0
2026-06-12T12:05:00+08:00,KWINANA_ESR2,225.0,118.91,2,e54767f4-ed09-4753-980d-7aeb6b8a964f,IN-SERVICE,NOT APPLICABLE,119.17,0.0
2026-06-12T12:05:00+08:00,COLLIE_BESS2,0.0,-987.3,1,9c46cb9e-fbaf-4555-a660-7ec07aeb5867,IN-SERVICE,NON-LIQUID,-1000.0,
2026-06-12T12:05:00+08:00,COLLIE_BESS2,-52.0,-42.46,2,9c46cb9e-fbaf-4555-a660-7ec07aeb5867,IN-SERVICE,NON-LIQUID,-43.01,
2026-06-12T12:05:00+08:00,COLLIE_BESS2,-52.0,-10.0,3,9c46cb9e-fbaf-4555-a660-7ec07aeb5867,IN-SERVICE,NON-LIQUID,-10.13,
2026-06-12T12:05:00+08:00,COLLIE_BESS2,0.0,34.02,4,9c46cb9e-fbaf-4555-a660-7ec07aeb5867,IN-SERVICE,NON-LIQUID,34.46,
2026-06-12T12:05:00+08:00,COLLIE_BESS2,0.0,60.0,5,9c46cb9e-fbaf-4555-a660-7ec07aeb5867,IN-SERVICE,NON-LIQUID,60.77,
2026-06-12T12:05:00+08:00,COLLIE_BESS2,-196.0,89.0,6,9c46cb9e-fbaf-4555-a660-7ec07aeb5867,IN-SERVICE,NON-LIQUID,90.14,
2026-06-12T12:05:00+08:00,COLLIE_BESS2,150.0,150.0,7,9c46cb9e-fbaf-4555-a660-7ec07aeb5867,IN-SERVICE,NON-LIQUID,151.93,
2026-06-12T12:05:00+08:00,COLLIE_BESS2,150.0,250.0,8,9c46cb9e-fbaf-4555-a660-7ec07aeb5867,IN-SERVICE,NON-LIQUID,253.22,
2026-06-12T12:05:00+08:00,COLLIE_BESS2,0.0,622.0,9,9c46cb9e-fbaf-4555-a660-7ec07aeb5867,IN-SERVICE,NON-LIQUID,630.0,
2026-06-12T12:05:00+08:00,COLLIE_BESS2,0.0,1678.41,10,9c46cb9e-fbaf-4555-a660-7ec07aeb5867,IN-SERVICE,NON-LIQUID,1700.0,
2026-06-12T12:05:00+08:00,COLLIE_ESR4,-250.0,100.23,1,c2270469-e579-4fcf-8308-b147752ce1b9,IN-SERVICE,NOT APPLICABLE,101.52,0.0
2026-06-12T12:05:00+08:00,COLLIE_ESR4,250.0,117.78,2,c2270469-e579-4fcf-8308-b147752ce1b9,IN-SERVICE,NOT APPLICABLE,119.3,0.0
2026-06-12T12:05:00+08:00,COLLIE_ESR5,-250.0,86.18,1,002c803c-6177-48f2-b81a-3b07e1519c74,IN-SERVICE,NOT APPLICABLE,87.29,0.0
2026-06-12T12:05:00+08:00,COLLIE_ESR5,250.0,117.78,2,002c803c-6177-48f2-b81a-3b07e1519c74,IN-SERVICE,NOT APPLICABLE,119.3,0.0
2026-06-12T12:10:00+08:00,KWINANA_ESR1,-100.0,86.35,1,5cc0042a-5389-4277-80ed-d26c53641002,IN-SERVICE,NOT APPLICABLE,86.63,0.0
2026-06-12T12:10:00+08:00,KWINANA_ESR1,100.0,116.04,2,5cc0042a-5389-4277-80ed-d26c53641002,IN-SERVICE,NOT APPLICABLE,116.41,0.0
2026-06-12T12:10:00+08:00,COLLIE_ESR1,0.0,-987.3,1,0749893c-ef87-4e57-9e01-7b5cb0220d46,IN-SERVICE,NON-LIQUID,-1000.0,
2026-06-12T12:10:00+08:00,COLLIE_ESR1,-26.0,-42.46,2,0749893c-ef87-4e57-9e01-7b5cb0220d46,IN-SERVICE,NON-LIQUID,-43.01,
2026-06-12T12:10:00+08:00,COLLIE_ESR1,-26.0,-10.0,3,0749893c-ef87-4e57-9e01-7b5cb0220d46,IN-SERVICE,NON-LIQUID,-10.13,
2026-06-12T12:10:00+08:00,COLLIE_ESR1,0.0,34.02,4,0749893c-ef87-4e57-9e01-7b5cb0220d46,IN-SERVICE,NON-LIQUID,34.46,
2026-06-12T12:10:00+08:00,COLLIE_ESR1,0.0,60.0,5,0749893c-ef87-4e57-9e01-7b5cb0220d46,IN-SERVICE,NON-LIQUID,60.77,
2026-06-12T12:10:00+08:00,COLLIE_ESR1,-148.0,89.0,6,0749893c-ef87-4e57-9e01-7b5cb0220d46,IN-SERVICE,NON-LIQUID,90.14,
2026-06-12T12:10:00+08:00,COLLIE_ESR1,100.0,150.0,7,0749893c-ef87-4e57-9e01-7b5cb0220d46,IN-SERVICE,NON-LIQUID,151.93,
2026-06-12T12:10:00+08:00,COLLIE_ESR1,100.0,250.0,8,0749893c-ef87-4e57-9e01-7b5cb0220d46,IN-SERVICE,NON-LIQUID,253.22,
2026-06-12T12:10:00+08:00,COLLIE_ESR1,0.0,622.0,9,0749893c-ef87-4e57-9e01-7b5cb0220d46,IN-SERVICE,NON-LIQUID,630.0,
2026-06-12T12:10:00+08:00,COLLIE_ESR1,0.0,1678.41,10,0749893c-ef87-4e57-9e01-7b5cb0220d46,IN-SERVICE,NON-LIQUID,1700.0,
2026-06-12T12:10:00+08:00,KWINANA_ESR2,-225.0,85.42,1,d54d3964-0c40-441d-bab8-b14632c469a7,IN-SERVICE,NOT APPLICABLE,85.61,0.0
2026-06-12T12:10:00+08:00,KWINANA_ESR2,225.0,117.18,2,d54d3964-0c40-441d-bab8-b14632c469a7,IN-SERVICE,NOT APPLICABLE,117.44,0.0
2026-06-12T12:10:00+08:00,COLLIE_BESS2,0.0,-987.3,1,6dcbd62b-0366-4b5a-91e9-cc6aa6b9944f,IN-SERVICE,NON-LIQUID,-1000.0,
2026-06-12T12:10:00+08:00,COLLIE_BESS2,-52.0,-42.46,2,6dcbd62b-0366-4b5a-91e9-cc6aa6b9944f,IN-SERVICE,NON-LIQUID,-43.01,
2026-06-12T12:10:00+08:00,COLLIE_BESS2,-52.0,-10.0,3,6dcbd62b-0366-4b5a-91e9-cc6aa6b9944f,IN-SERVICE,NON-LIQUID,-10.13,
2026-06-12T12:10:00+08:00,COLLIE_BESS2,0.0,34.02,4,6dcbd62b-0366-4b5a-91e9-cc6aa6b9944f,IN-SERVICE,NON-LIQUID,34.46,
2026-06-12T12:10:00+08:00,COLLIE_BESS2,0.0,60.0,5,6dcbd62b-0366-4b5a-91e9-cc6aa6b9944f,IN-SERVICE,NON-LIQUID,60.77,
2026-06-12T12:10:00+08:00,COLLIE_BESS2,-196.0,89.0,6,6dcbd62b-0366-4b5a-91e9-cc6aa6b9944f,IN-SERVICE,NON-LIQUID,90.14,
2026-06-12T12:10:00+08:00,COLLIE_BESS2,150.0,150.0,7,6dcbd62b-0366-4b5a-91e9-cc6aa6b9944f,IN-SERVICE,NON-LIQUID,151.93,
2026-06-12T12:10:00+08:00,COLLIE_BESS2,150.0,250.0,8,6dcbd62b-0366-4b5a-91e9-cc6aa6b9944f,IN-SERVICE,NON-LIQUID,253.22,
2026-06-12T12:10:00+08:00,COLLIE_BESS2,0.0,622.0,9,6dcbd62b-0366-4b5a-91e9-cc6aa6b9944f,IN-SERVICE,NON-LIQUID,630.0,
2026-06-12T12:10:00+08:00,COLLIE_BESS2,0.0,1678.41,10,6dcbd62b-0366-4b5a-91e9-cc6aa6b9944f,IN-SERVICE,NON-LIQUID,1700.0,
2026-06-12T12:10:00+08:00,COLLIE_ESR4,-250.0,84.46,1,695254fc-2dda-4852-8135-41c8946e8cad,IN-SERVICE,NOT APPLICABLE,85.55,0.0
2026-06-12T12:10:00+08:00,COLLIE_ESR4,250.0,116.0,2,695254fc-2dda-4852-8135-41c8946e8cad,IN-SERVICE,NOT APPLICABLE,117.49,0.0
2026-06-12T12:10:00+08:00,COLLIE_ESR5,-250.0,84.46,1,b84cf6a0-cd38-4cee-afaf-f7ec7ae87628,IN-SERVICE,NOT APPLICABLE,85.55,0.0
2026-06-12T12:10:00+08:00,COLLIE_ESR5,250.0,116.0,2,b84cf6a0-cd38-4cee-afaf-f7ec7ae87628,IN-SERVICE,NOT APPLICABLE,117.49,0.0
2026-06-12T12:15:00+08:00,KWINANA_ESR1,-100.0,86.35,1,5cc0042a-5389-4277-80ed-d26c53641002,IN-SERVICE,NOT APPLICABLE,86.63,0.0
2026-06-12T12:15:00+08:00,KWINANA_ESR1,100.0,116.04,2,5cc0042a-5389-4277-80ed-d26c53641002,IN-SERVICE,NOT APPLICABLE,116.41,0.0
2026-06-12T12:15:00+08:00,COLLIE_ESR1,0.0,-987.3,1,6dd1dcc2-9431-4e39-99d4-93fc580002cc,IN-SERVICE,NON-LIQUID,-1000.0,
2026-06-12T12:15:00+08:00,COLLIE_ESR1,-26.0,-42.46,2,6dd1dcc2-9431-4e39-99d4-93fc580002cc,IN-SERVICE,NON-LIQUID,-43.01,
2026-06-12T12:15:00+08:00,COLLIE_ESR1,-26.0,-10.0,3,6dd1dcc2-9431-4e39-99d4-93fc580002cc,IN-SERVICE,NON-LIQUID,-10.13,
2026-06-12T12:15:00+08:00,COLLIE_ESR1,0.0,34.02,4,6dd1dcc2-9431-4e39-99d4-93fc580002cc,IN-SERVICE,NON-LIQUID,34.46,
2026-06-12T12:15:00+08:00,COLLIE_ESR1,0.0,60.0,5,6dd1dcc2-9431-4e39-99d4-93fc580002cc,IN-SERVICE,NON-LIQUID,60.77,
2026-06-12T12:15:00+08:00,COLLIE_ESR1,-148.0,85.77,6,6dd1dcc2-9431-4e39-99d4-93fc580002cc,IN-SERVICE,NON-LIQUID,86.87,
2026-06-12T12:15:00+08:00,COLLIE_ESR1,100.0,150.0,7,6dd1dcc2-9431-4e39-99d4-93fc580002cc,IN-SERVICE,NON-LIQUID,151.93,
2026-06-12T12:15:00+08:00,COLLIE_ESR1,100.0,250.0,8,6dd1dcc2-9431-4e39-99d4-93fc580002cc,IN-SERVICE,NON-LIQUID,253.22,
2026-06-12T12:15:00+08:00,COLLIE_ESR1,0.0,622.0,9,6dd1dcc2-9431-4e39-99d4-93fc580002cc,IN-SERVICE,NON-LIQUID,630.0,
2026-06-12T12:15:00+08:00,COLLIE_ESR1,0.0,1678.41,10,6dd1dcc2-9431-4e39-99d4-93fc580002cc,IN-SERVICE,NON-LIQUID,1700.0,
2026-06-12T12:15:00+08:00,KWINANA_ESR2,-225.0,85.42,1,d54d3964-0c40-441d-bab8-b14632c469a7,IN-SERVICE,NOT APPLICABLE,85.61,0.0
2026-06-12T12:15:00+08:00,KWINANA_ESR2,225.0,117.18,2,d54d3964-0c40-441d-bab8-b14632c469a7,IN-SERVICE,NOT APPLICABLE,117.44,0.0
2026-06-12T12:15:00+08:00,COLLIE_BESS2,0.0,-987.3,1,9fbf87c9-4f25-4482-92db-5b1ab0dbad03,IN-SERVICE,NON-LIQUID,-1000.0,
2026-06-12T12:15:00+08:00,COLLIE_BESS2,-52.0,-42.46,2,9fbf87c9-4f25-4482-92db-5b1ab0dbad03,IN-SERVICE,NON-LIQUID,-43.01,
2026-06-12T12:15:00+08:00,COLLIE_BESS2,-52.0,-10.0,3,9fbf87c9-4f25-4482-92db-5b1ab0dbad03,IN-SERVICE,NON-LIQUID,-10.13,
2026-06-12T12:15:00+08:00,COLLIE_BESS2,0.0,34.02,4,9fbf87c9-4f25-4482-92db-5b1ab0dbad03,IN-SERVICE,NON-LIQUID,34.46,
2026-06-12T12:15:00+08:00,COLLIE_BESS2,0.0,60.0,5,9fbf87c9-4f25-4482-92db-5b1ab0dbad03,IN-SERVICE,NON-LIQUID,60.77,
2026-06-12T12:15:00+08:00,COLLIE_BESS2,-196.0,85.77,6,9fbf87c9-4f25-4482-92db-5b1ab0dbad03,IN-SERVICE,NON-LIQUID,86.87,
2026-06-12T12:15:00+08:00,COLLIE_BESS2,150.0,150.0,7,9fbf87c9-4f25-4482-92db-5b1ab0dbad03,IN-SERVICE,NON-LIQUID,151.93,
2026-06-12T12:15:00+08:00,COLLIE_BESS2,150.0,250.0,8,9fbf87c9-4f25-4482-92db-5b1ab0dbad03,IN-SERVICE,NON-LIQUID,253.22,
2026-06-12T12:15:00+08:00,COLLIE_BESS2,0.0,622.0,9,9fbf87c9-4f25-4482-92db-5b1ab0dbad03,IN-SERVICE,NON-LIQUID,630.0,
2026-06-12T12:15:00+08:00,COLLIE_BESS2,0.0,1678.41,10,9fbf87c9-4f25-4482-92db-5b1ab0dbad03,IN-SERVICE,NON-LIQUID,1700.0,
2026-06-12T12:15:00+08:00,COLLIE_ESR4,-250.0,84.46,1,695254fc-2dda-4852-8135-41c8946e8cad,IN-SERVICE,NOT APPLICABLE,85.55,0.0
2026-06-12T12:15:00+08:00,COLLIE_ESR4,250.0,116.0,2,695254fc-2dda-4852-8135-41c8946e8cad,IN-SERVICE,NOT APPLICABLE,117.49,0.0
2026-06-12T12:15:00+08:00,COLLIE_ESR5,-250.0,84.46,1,b84cf6a0-cd38-4cee-afaf-f7ec7ae87628,IN-SERVICE,NOT APPLICABLE,85.55,0.0
2026-06-12T12:15:00+08:00,COLLIE_ESR5,250.0,116.0,2,b84cf6a0-cd38-4cee-afaf-f7ec7ae87628,IN-SERVICE,NOT APPLICABLE,117.49,0.0
2026-06-12T12:20:00+08:00,KWINANA_ESR1,-100.0,86.35,1,5cc0042a-5389-4277-80ed-d26c53641002,IN-SERVICE,NOT APPLICABLE,86.63,0.0
2026-06-12T12:20:00+08:00,KWINANA_ESR1,100.0,116.04,2,5cc0042a-5389-4277-80ed-d26c53641002,IN-SERVICE,NOT APPLICABLE,116.41,0.0
2026-06-12T12:20:00+08:00,COLLIE_ESR1,0.0,-987.3,1,c552384c-3d22-4d92-b102-6bde3978aeff,IN-SERVICE,NON-LIQUID,-1000.0,
2026-06-12T12:20:00+08:00,COLLIE_ESR1,-26.0,-42.46,2,c552384c-3d22-4d92-b102-6bde3978aeff,IN-SERVICE,NON-LIQUID,-43.01,
2026-06-12T12:20:00+08:00,COLLIE_ESR1,-26.0,-10.0,3,c552384c-3d22-4d92-b102-6bde3978aeff,IN-SERVICE,NON-LIQUID,-10.13,
2026-06-12T12:20:00+08:00,COLLIE_ESR1,0.0,34.02,4,c552384c-3d22-4d92-b102-6bde3978aeff,IN-SERVICE,NON-LIQUID,34.46,
2026-06-12T12:20:00+08:00,COLLIE_ESR1,0.0,60.0,5,c552384c-3d22-4d92-b102-6bde3978aeff,IN-SERVICE,NON-LIQUID,60.77,
2026-06-12T12:20:00+08:00,COLLIE_ESR1,-148.0,89.0,6,c552384c-3d22-4d92-b102-6bde3978aeff,IN-SERVICE,NON-LIQUID,90.14,
2026-06-12T12:20:00+08:00,COLLIE_ESR1,100.0,150.0,7,c552384c-3d22-4d92-b102-6bde3978aeff,IN-SERVICE,NON-LIQUID,151.93,
2026-06-12T12:20:00+08:00,COLLIE_ESR1,100.0,250.0,8,c552384c-3d22-4d92-b102-6bde3978aeff,IN-SERVICE,NON-LIQUID,253.22,
2026-06-12T12:20:00+08:00,COLLIE_ESR1,0.0,622.0,9,c552384c-3d22-4d92-b102-6bde3978aeff,IN-SERVICE,NON-LIQUID,630.0,
2026-06-12T12:20:00+08:00,COLLIE_ESR1,0.0,1678.41,10,c552384c-3d22-4d92-b102-6bde3978aeff,IN-SERVICE,NON-LIQUID,1700.0,
2026-06-12T12:20:00+08:00,KWINANA_ESR2,-225.0,85.42,1,d54d3964-0c40-441d-bab8-b14632c469a7,IN-SERVICE,NOT APPLICABLE,85.61,0.0
2026-06-12T12:20:00+08:00,KWINANA_ESR2,225.0,117.18,2,d54d3964-0c40-441d-bab8-b14632c469a7,IN-SERVICE,NOT APPLICABLE,117.44,0.0
2026-06-12T12:20:00+08:00,COLLIE_BESS2,0.0,-987.3,1,e1158a43-5294-43e1-9f35-06d97a82602a,IN-SERVICE,NON-LIQUID,-1000.0,
2026-06-12T12:20:00+08:00,COLLIE_BESS2,-52.0,-42.46,2,e1158a43-5294-43e1-9f35-06d97a82602a,IN-SERVICE,NON-LIQUID,-43.01,
2026-06-12T12:20:00+08:00,COLLIE_BESS2,-52.0,-10.0,3,e1158a43-5294-43e1-9f35-06d97a82602a,IN-SERVICE,NON-LIQUID,-10.13,
2026-06-12T12:20:00+08:00,COLLIE_BESS2,0.0,34.02,4,e1158a43-5294-43e1-9f35-06d97a82602a,IN-SERVICE,NON-LIQUID,34.46,
2026-06-12T12:20:00+08:00,COLLIE_BESS2,0.0,60.0,5,e1158a43-5294-43e1-9f35-06d97a82602a,IN-SERVICE,NON-LIQUID,60.77,
2026-06-12T12:20:00+08:00,COLLIE_BESS2,-196.0,89.0,6,e1158a43-5294-43e1-9f35-06d97a82602a,IN-SERVICE,NON-LIQUID,90.14,
2026-06-12T12:20:00+08:00,COLLIE_BESS2,150.0,150.0,7,e1158a43-5294-43e1-9f35-06d97a82602a,IN-SERVICE,NON-LIQUID,151.93,
2026-06-12T12:20:00+08:00,COLLIE_BESS2,150.0,250.0,8,e1158a43-5294-43e1-9f35-06d97a82602a,IN-SERVICE,NON-LIQUID,253.22,
2026-06-12T12:20:00+08:00,COLLIE_BESS2,0.0,622.0,9,e1158a43-5294-43e1-9f35-06d97a82602a,IN-SERVICE,NON-LIQUID,630.0,
2026-06-12T12:20:00+08:00,COLLIE_BESS2,0.0,1678.41,10,e1158a43-5294-43e1-9f35-06d97a82602a,IN-SERVICE,NON-LIQUID,1700.0,
2026-06-12T12:20:00+08:00,COLLIE_ESR4,-250.0,84.46,1,695254fc-2dda-4852-8135-41c8946e8cad,IN-SERVICE,NOT APPLICABLE,85.55,0.0
2026-06-12T12:20:00+08:00,COLLIE_ESR4,250.0,116.0,2,695254fc-2dda-4852-8135-41c8946e8cad,IN-SERVICE,NOT APPLICABLE,117.49,0.0
2026-06-12T12:20:00+08:00,COLLIE_ESR5,-250.0,84.46,1,b84cf6a0-cd38-4cee-afaf-f7ec7ae87628,IN-SERVICE,NOT APPLICABLE,85.55,0.0
2026-06-12T12:20:00+08:00,COLLIE_ESR5,250.0,116.0,2,b84cf6a0-cd38-4cee-afaf-f7ec7ae87628,IN-SERVICE,NOT APPLICABLE,117.49,0.0
2026-06-12T12:25:00+08:00,KWINANA_ESR1,-100.0,71.51,1,efee3502-7969-47e6-80f1-55a9f373e27a,IN-SERVICE,NOT APPLICABLE,71.74,0.0
2026-06-12T12:25:00+08:00,KWINANA_ESR1,100.0,101.19,2,efee3502-7969-47e6-80f1-55a9f373e27a,IN-SERVICE,NOT APPLICABLE,101.51,0.0
2026-06-12T12:25:00+08:00,COLLIE_ESR1,0.0,-987.3,1,bda6ee30-260e-4da8-b350-e05695cac5f0,IN-SERVICE,NON-LIQUID,-1000.0,
2026-06-12T12:25:00+08:00,COLLIE_ESR1,-26.0,-42.46,2,bda6ee30-260e-4da8-b350-e05695cac5f0,IN-SERVICE,NON-LIQUID,-43.01,
2026-06-12T12:25:00+08:00,COLLIE_ESR1,-26.0,-10.0,3,bda6ee30-260e-4da8-b350-e05695cac5f0,IN-SERVICE,NON-LIQUID,-10.13,
2026-06-12T12:25:00+08:00,COLLIE_ESR1,0.0,34.02,4,bda6ee30-260e-4da8-b350-e05695cac5f0,IN-SERVICE,NON-LIQUID,34.46,
2026-06-12T12:25:00+08:00,COLLIE_ESR1,0.0,60.0,5,bda6ee30-260e-4da8-b350-e05695cac5f0,IN-SERVICE,NON-LIQUID,60.77,
2026-06-12T12:25:00+08:00,COLLIE_ESR1,-148.0,85.77,6,bda6ee30-260e-4da8-b350-e05695cac5f0,IN-SERVICE,NON-LIQUID,86.87,
2026-06-12T12:25:00+08:00,COLLIE_ESR1,100.0,150.0,7,bda6ee30-260e-4da8-b350-e05695cac5f0,IN-SERVICE,NON-LIQUID,151.93,
2026-06-12T12:25:00+08:00,COLLIE_ESR1,100.0,250.0,8,bda6ee30-260e-4da8-b350-e05695cac5f0,IN-SERVICE,NON-LIQUID,253.22,
2026-06-12T12:25:00+08:00,COLLIE_ESR1,0.0,622.0,9,bda6ee30-260e-4da8-b350-e05695cac5f0,IN-SERVICE,NON-LIQUID,630.0,
2026-06-12T12:25:00+08:00,COLLIE_ESR1,0.0,1678.41,10,bda6ee30-260e-4da8-b350-e05695cac5f0,IN-SERVICE,NON-LIQUID,1700.0,
2026-06-12T12:25:00+08:00,KWINANA_ESR2,-225.0,75.68,1,37a9414d-9323-4eb2-aacc-808e2cedf0c1,IN-SERVICE,NOT APPLICABLE,75.85,0.0
2026-06-12T12:25:00+08:00,KWINANA_ESR2,225.0,115.07,2,37a9414d-9323-4eb2-aacc-808e2cedf0c1,IN-SERVICE,NOT APPLICABLE,115.32,0.0
2026-06-12T12:25:00+08:00,COLLIE_BESS2,0.0,-987.3,1,49e1a157-585c-43ba-9190-5fb304068d8f,IN-SERVICE,NON-LIQUID,-1000.0,
2026-06-12T12:25:00+08:00,COLLIE_BESS2,-52.0,-42.46,2,49e1a157-585c-43ba-9190-5fb304068d8f,IN-SERVICE,NON-LIQUID,-43.01,
2026-06-12T12:25:00+08:00,COLLIE_BESS2,-52.0,-10.0,3,49e1a157-585c-43ba-9190-5fb304068d8f,IN-SERVICE,NON-LIQUID,-10.13,
2026-06-12T12:25:00+08:00,COLLIE_BESS2,0.0,34.02,4,49e1a157-585c-43ba-9190-5fb304068d8f,IN-SERVICE,NON-LIQUID,34.46,
2026-06-12T12:25:00+08:00,COLLIE_BESS2,0.0,60.0,5,49e1a157-585c-43ba-9190-5fb304068d8f,IN-SERVICE,NON-LIQUID,60.77,
2026-06-12T12:25:00+08:00,COLLIE_BESS2,-196.0,85.77,6,49e1a157-585c-43ba-9190-5fb304068d8f,IN-SERVICE,NON-LIQUID,86.87,
2026-06-12T12:25:00+08:00,COLLIE_BESS2,150.0,150.0,7,49e1a157-585c-43ba-9190-5fb304068d8f,IN-SERVICE,NON-LIQUID,151.93,
2026-06-12T12:25:00+08:00,COLLIE_BESS2,150.0,250.0,8,49e1a157-585c-43ba-9190-5fb304068d8f,IN-SERVICE,NON-LIQUID,253.22,
2026-06-12T12:25:00+08:00,COLLIE_BESS2,0.0,622.0,9,49e1a157-585c-43ba-9190-5fb304068d8f,IN-SERVICE,NON-LIQUID,630.0,
2026-06-12T12:25:00+08:00,COLLIE_BESS2,0.0,1678.41,10,49e1a157-585c-43ba-9190-5fb304068d8f,IN-SERVICE,NON-LIQUID,1700.0,
2026-06-12T12:25:00+08:00,COLLIE_ESR4,-250.0,82.38,1,2b5f744a-ce9c-448a-a069-52748d7c6a5e,IN-SERVICE,NOT APPLICABLE,83.44,0.0
2026-06-12T12:25:00+08:00,COLLIE_ESR4,250.0,117.03,2,2b5f744a-ce9c-448a-a069-52748d7c6a5e,IN-SERVICE,NOT APPLICABLE,118.54,0.0
2026-06-12T12:25:00+08:00,COLLIE_ESR5,-250.0,82.38,1,c7b3ca8a-3bad-4991-ae9c-11ef1f01f4b8,IN-SERVICE,NOT APPLICABLE,83.44,0.0
2026-06-12T12:25:00+08:00,COLLIE_ESR5,250.0,117.03,2,c7b3ca8a-3bad-4991-ae9c-11ef1f01f4b8,IN-SERVICE,NOT APPLICABLE,118.54,0.0
2026-06-12T12:30:00+08:00,KWINANA_ESR1,-100.0,71.51,1,efee3502-7969-47e6-80f1-55a9f373e27a,IN-SERVICE,NOT APPLICABLE,71.74,0.0
2026-06-12T12:30:00+08:00,KWINANA_ESR1,100.0,101.19,2,efee3502-7969-47e6-80f1-55a9f373e27a,IN-SERVICE,NOT APPLICABLE,101.51,0.0
2026-06-12T12:30:00+08:00,COLLIE_ESR1,0.0,-987.3,1,11ef3ea7-e277-4a2b-9281-721b023857e5,IN-SERVICE,NON-LIQUID,-1000.0,
2026-06-12T12:30:00+08:00,COLLIE_ESR1,-26.0,-42.46,2,11ef3ea7-e277-4a2b-9281-721b023857e5,IN-SERVICE,NON-LIQUID,-43.01,
2026-06-12T12:30:00+08:00,COLLIE_ESR1,-26.0,-10.0,3,11ef3ea7-e277-4a2b-9281-721b023857e5,IN-SERVICE,NON-LIQUID,-10.13,
2026-06-12T12:30:00+08:00,COLLIE_ESR1,0.0,34.02,4,11ef3ea7-e277-4a2b-9281-721b023857e5,IN-SERVICE,NON-LIQUID,34.46,
2026-06-12T12:30:00+08:00,COLLIE_ESR1,0.0,60.0,5,11ef3ea7-e277-4a2b-9281-721b023857e5,IN-SERVICE,NON-LIQUID,60.77,
2026-06-12T12:30:00+08:00,COLLIE_ESR1,-148.0,89.0,6,11ef3ea7-e277-4a2b-9281-721b023857e5,IN-SERVICE,NON-LIQUID,90.14,
2026-06-12T12:30:00+08:00,COLLIE_ESR1,100.0,150.0,7,11ef3ea7-e277-4a2b-9281-721b023857e5,IN-SERVICE,NON-LIQUID,151.93,
2026-06-12T12:30:00+08:00,COLLIE_ESR1,100.0,250.0,8,11ef3ea7-e277-4a2b-9281-721b023857e5,IN-SERVICE,NON-LIQUID,253.22,
2026-06-12T12:30:00+08:00,COLLIE_ESR1,0.0,622.0,9,11ef3ea7-e277-4a2b-9281-721b023857e5,IN-SERVICE,NON-LIQUID,630.0,
2026-06-12T12:30:00+08:00,COLLIE_ESR1,0.0,1678.41,10,11ef3ea7-e277-4a2b-9281-721b023857e5,IN-SERVICE,NON-LIQUID,1700.0,
2026-06-12T12:30:00+08:00,KWINANA_ESR2,-225.0,75.68,1,37a9414d-9323-4eb2-aacc-808e2cedf0c1,IN-SERVICE,NOT APPLICABLE,75.85,0.0
2026-06-12T12:30:00+08:00,KWINANA_ESR2,225.0,115.07,2,37a9414d-9323-4eb2-aacc-808e2cedf0c1,IN-SERVICE,NOT APPLICABLE,115.32,0.0
2026-06-12T12:30:00+08:00,COLLIE_BESS2,0.0,-987.3,1,15a76ebc-687f-483c-9411-21243212a072,IN-SERVICE,NON-LIQUID,-1000.0,
2026-06-12T12:30:00+08:00,COLLIE_BESS2,-52.0,-42.46,2,15a76ebc-687f-483c-9411-21243212a072,IN-SERVICE,NON-LIQUID,-43.01,
2026-06-12T12:30:00+08:00,COLLIE_BESS2,-52.0,-10.0,3,15a76ebc-687f-483c-9411-21243212a072,IN-SERVICE,NON-LIQUID,-10.13,
2026-06-12T12:30:00+08:00,COLLIE_BESS2,0.0,34.02,4,15a76ebc-687f-483c-9411-21243212a072,IN-SERVICE,NON-LIQUID,34.46,
2026-06-12T12:30:00+08:00,COLLIE_BESS2,0.0,60.0,5,15a76ebc-687f-483c-9411-21243212a072,IN-SERVICE,NON-LIQUID,60.77,
2026-06-12T12:30:00+08:00,COLLIE_BESS2,-196.0,89.0,6,15a76ebc-687f-483c-9411-21243212a072,IN-SERVICE,NON-LIQUID,90.14,
2026-06-12T12:30:00+08:00,COLLIE_BESS2,150.0,150.0,7,15a76ebc-687f-483c-9411-21243212a072,IN-SERVICE,NON-LIQUID,151.93,
2026-06-12T12:30:00+08:00,COLLIE_BESS2,150.0,250.0,8,15a76ebc-687f-483c-9411-21243212a072,IN-SERVICE,NON-LIQUID,253.22,
2026-06-12T12:30:00+08:00,COLLIE_BESS2,0.0,622.0,9,15a76ebc-687f-483c-9411-21243212a072,IN-SERVICE,NON-LIQUID,630.0,
2026-06-12T12:30:00+08:00,COLLIE_BESS2,0.0,1678.41,10,15a76ebc-687f-483c-9411-21243212a072,IN-SERVICE,NON-LIQUID,1700.0,
2026-06-12T12:30:00+08:00,COLLIE_ESR4,-250.0,82.38,1,2b5f744a-ce9c-448a-a069-52748d7c6a5e,IN-SERVICE,NOT APPLICABLE,83.44,0.0
2026-06-12T12:30:00+08:00,COLLIE_ESR4,250.0,120.56,2,2b5f744a-ce9c-448a-a069-52748d7c6a5e,IN-SERVICE,NOT APPLICABLE,122.11,0.0
2026-06-12T12:30:00+08:00,COLLIE_ESR5,-250.0,82.38,1,c7b3ca8a-3bad-4991-ae9c-11ef1f01f4b8,IN-SERVICE,NOT APPLICABLE,83.44,0.0
2026-06-12T12:30:00+08:00,COLLIE_ESR5,250.0,120.56,2,c7b3ca8a-3bad-4991-ae9c-11ef1f01f4b8,IN-SERVICE,NOT APPLICABLE,122.11,0.0
2026-06-12T12:35:00+08:00,KWINANA_ESR1,-100.0,71.64,1,efee3502-7969-47e6-80f1-55a9f373e27a,IN-SERVICE,NOT APPLICABLE,71.87,0.0
2026-06-12T12:35:00+08:00,KWINANA_ESR1,100.0,101.19,2,efee3502-7969-47e6-80f1-55a9f373e27a,IN-SERVICE,NOT APPLICABLE,101.51,0.0
2026-06-12T12:35:00+08:00,COLLIE_ESR1,0.0,-987.3,1,57a98b19-5da2-4adc-bf7c-8ec6ec1a0d6e,IN-SERVICE,NON-LIQUID,-1000.0,
2026-06-12T12:35:00+08:00,COLLIE_ESR1,-24.0,-42.46,2,57a98b19-5da2-4adc-bf7c-8ec6ec1a0d6e,IN-SERVICE,NON-LIQUID,-43.01,
2026-06-12T12:35:00+08:00,COLLIE_ESR1,-25.0,-10.0,3,57a98b19-5da2-4adc-bf7c-8ec6ec1a0d6e,IN-SERVICE,NON-LIQUID,-10.13,
2026-06-12T12:35:00+08:00,COLLIE_ESR1,0.0,34.02,4,57a98b19-5da2-4adc-bf7c-8ec6ec1a0d6e,IN-SERVICE,NON-LIQUID,34.46,
2026-06-12T12:35:00+08:00,COLLIE_ESR1,0.0,60.0,5,57a98b19-5da2-4adc-bf7c-8ec6ec1a0d6e,IN-SERVICE,NON-LIQUID,60.77,
2026-06-12T12:35:00+08:00,COLLIE_ESR1,-151.0,85.77,6,57a98b19-5da2-4adc-bf7c-8ec6ec1a0d6e,IN-SERVICE,NON-LIQUID,86.87,
2026-06-12T12:35:00+08:00,COLLIE_ESR1,100.0,150.0,7,57a98b19-5da2-4adc-bf7c-8ec6ec1a0d6e,IN-SERVICE,NON-LIQUID,151.93,
2026-06-12T12:35:00+08:00,COLLIE_ESR1,100.0,250.0,8,57a98b19-5da2-4adc-bf7c-8ec6ec1a0d6e,IN-SERVICE,NON-LIQUID,253.22,
2026-06-12T12:35:00+08:00,COLLIE_ESR1,0.0,622.0,9,57a98b19-5da2-4adc-bf7c-8ec6ec1a0d6e,IN-SERVICE,NON-LIQUID,630.0,
2026-06-12T12:35:00+08:00,COLLIE_ESR1,0.0,1678.41,10,57a98b19-5da2-4adc-bf7c-8ec6ec1a0d6e,IN-SERVICE,NON-LIQUID,1700.0,
2026-06-12T12:35:00+08:00,KWINANA_ESR2,-225.0,75.68,1,37a9414d-9323-4eb2-aacc-808e2cedf0c1,IN-SERVICE,NOT APPLICABLE,75.85,0.0
2026-06-12T12:35:00+08:00,KWINANA_ESR2,225.0,115.07,2,37a9414d-9323-4eb2-aacc-808e2cedf0c1,IN-SERVICE,NOT APPLICABLE,115.32,0.0
2026-06-12T12:35:00+08:00,COLLIE_BESS2,0.0,-987.3,1,6a0f3c3d-0a21-44b9-acc4-823ff18fc9b0,IN-SERVICE,NON-LIQUID,-1000.0,
2026-06-12T12:35:00+08:00,COLLIE_BESS2,-44.0,-42.46,2,6a0f3c3d-0a21-44b9-acc4-823ff18fc9b0,IN-SERVICE,NON-LIQUID,-43.01,
2026-06-12T12:35:00+08:00,COLLIE_BESS2,-45.0,-10.0,3,6a0f3c3d-0a21-44b9-acc4-823ff18fc9b0,IN-SERVICE,NON-LIQUID,-10.13,
2026-06-12T12:35:00+08:00,COLLIE_BESS2,0.0,34.02,4,6a0f3c3d-0a21-44b9-acc4-823ff18fc9b0,IN-SERVICE,NON-LIQUID,34.46,
2026-06-12T12:35:00+08:00,COLLIE_BESS2,0.0,60.0,5,6a0f3c3d-0a21-44b9-acc4-823ff18fc9b0,IN-SERVICE,NON-LIQUID,60.77,
2026-06-12T12:35:00+08:00,COLLIE_BESS2,-211.0,85.77,6,6a0f3c3d-0a21-44b9-acc4-823ff18fc9b0,IN-SERVICE,NON-LIQUID,86.87,
2026-06-12T12:35:00+08:00,COLLIE_BESS2,150.0,150.0,7,6a0f3c3d-0a21-44b9-acc4-823ff18fc9b0,IN-SERVICE,NON-LIQUID,151.93,
2026-06-12T12:35:00+08:00,COLLIE_BESS2,150.0,250.0,8,6a0f3c3d-0a21-44b9-acc4-823ff18fc9b0,IN-SERVICE,NON-LIQUID,253.22,
2026-06-12T12:35:00+08:00,COLLIE_BESS2,0.0,622.0,9,6a0f3c3d-0a21-44b9-acc4-823ff18fc9b0,IN-SERVICE,NON-LIQUID,630.0,
2026-06-12T12:35:00+08:00,COLLIE_BESS2,0.0,1678.41,10,6a0f3c3d-0a21-44b9-acc4-823ff18fc9b0,IN-SERVICE,NON-LIQUID,1700.0,
2026-06-12T12:35:00+08:00,COLLIE_ESR4,-250.0,82.38,1,2b5f744a-ce9c-448a-a069-52748d7c6a5e,IN-SERVICE,NOT APPLICABLE,83.44,0.0
2026-06-12T12:35:00+08:00,COLLIE_ESR4,250.0,124.21,2,2b5f744a-ce9c-448a-a069-52748d7c6a5e,IN-SERVICE,NOT APPLICABLE,125.81,0.0
2026-06-12T12:35:00+08:00,COLLIE_ESR5,-250.0,82.38,1,c7b3ca8a-3bad-4991-ae9c-11ef1f01f4b8,IN-SERVICE,NOT APPLICABLE,83.44,0.0
2026-06-12T12:35:00+08:00,COLLIE_ESR5,250.0,124.21,2,c7b3ca8a-3bad-4991-ae9c-11ef1f01f4b8,IN-SERVICE,NOT APPLICABLE,125.81,0.0
2026-06-12T12:40:00+08:00,KWINANA_ESR1,-100.0,87.39,1,feb402d6-7c6e-433a-a783-d7018feb8333,IN-SERVICE,NOT APPLICABLE,87.67,0.0
2026-06-12T12:40:00+08:00,KWINANA_ESR1,100.0,117.07,2,feb402d6-7c6e-433a-a783-d7018feb8333,IN-SERVICE,NOT APPLICABLE,117.45,0.0
2026-06-12T12:40:00+08:00,COLLIE_ESR1,0.0,-987.3,1,529c0f74-644e-4904-b089-489ff33c7e71,IN-SERVICE,NON-LIQUID,-1000.0,
2026-06-12T12:40:00+08:00,COLLIE_ESR1,-24.0,-42.46,2,529c0f74-644e-4904-b089-489ff33c7e71,IN-SERVICE,NON-LIQUID,-43.01,
2026-06-12T12:40:00+08:00,COLLIE_ESR1,-25.0,-10.0,3,529c0f74-644e-4904-b089-489ff33c7e71,IN-SERVICE,NON-LIQUID,-10.13,
2026-06-12T12:40:00+08:00,COLLIE_ESR1,0.0,34.02,4,529c0f74-644e-4904-b089-489ff33c7e71,IN-SERVICE,NON-LIQUID,34.46,
2026-06-12T12:40:00+08:00,COLLIE_ESR1,0.0,60.0,5,529c0f74-644e-4904-b089-489ff33c7e71,IN-SERVICE,NON-LIQUID,60.77,
2026-06-12T12:40:00+08:00,COLLIE_ESR1,-151.0,90.27,6,529c0f74-644e-4904-b089-489ff33c7e71,IN-SERVICE,NON-LIQUID,91.43,
2026-06-12T12:40:00+08:00,COLLIE_ESR1,100.0,150.0,7,529c0f74-644e-4904-b089-489ff33c7e71,IN-SERVICE,NON-LIQUID,151.93,
2026-06-12T12:40:00+08:00,COLLIE_ESR1,100.0,250.0,8,529c0f74-644e-4904-b089-489ff33c7e71,IN-SERVICE,NON-LIQUID,253.22,
2026-06-12T12:40:00+08:00,COLLIE_ESR1,0.0,622.0,9,529c0f74-644e-4904-b089-489ff33c7e71,IN-SERVICE,NON-LIQUID,630.0,
2026-06-12T12:40:00+08:00,COLLIE_ESR1,0.0,1678.41,10,529c0f74-644e-4904-b089-489ff33c7e71,IN-SERVICE,NON-LIQUID,1700.0,
2026-06-12T12:40:00+08:00,KWINANA_ESR2,-225.0,93.63,1,861300a4-580d-40e2-bb76-0e9c7df81a45,IN-SERVICE,NOT APPLICABLE,93.84,0.0
2026-06-12T12:40:00+08:00,KWINANA_ESR2,225.0,143.04,2,861300a4-580d-40e2-bb76-0e9c7df81a45,IN-SERVICE,NOT APPLICABLE,143.36,0.0
2026-06-12T12:40:00+08:00,COLLIE_BESS2,0.0,-987.3,1,1c8ca244-161d-41b5-b2f7-37dd551cf923,IN-SERVICE,NON-LIQUID,-1000.0,
2026-06-12T12:40:00+08:00,COLLIE_BESS2,-44.0,-42.46,2,1c8ca244-161d-41b5-b2f7-37dd551cf923,IN-SERVICE,NON-LIQUID,-43.01,
2026-06-12T12:40:00+08:00,COLLIE_BESS2,-45.0,-10.0,3,1c8ca244-161d-41b5-b2f7-37dd551cf923,IN-SERVICE,NON-LIQUID,-10.13,
2026-06-12T12:40:00+08:00,COLLIE_BESS2,0.0,34.02,4,1c8ca244-161d-41b5-b2f7-37dd551cf923,IN-SERVICE,NON-LIQUID,34.46,
2026-06-12T12:40:00+08:00,COLLIE_BESS2,0.0,60.0,5,1c8ca244-161d-41b5-b2f7-37dd551cf923,IN-SERVICE,NON-LIQUID,60.77,
2026-06-12T12:40:00+08:00,COLLIE_BESS2,-211.0,90.27,6,1c8ca244-161d-41b5-b2f7-37dd551cf923,IN-SERVICE,NON-LIQUID,91.43,
2026-06-12T12:40:00+08:00,COLLIE_BESS2,150.0,150.0,7,1c8ca244-161d-41b5-b2f7-37dd551cf923,IN-SERVICE,NON-LIQUID,151.93,
2026-06-12T12:40:00+08:00,COLLIE_BESS2,150.0,250.0,8,1c8ca244-161d-41b5-b2f7-37dd551cf923,IN-SERVICE,NON-LIQUID,253.22,
2026-06-12T12:40:00+08:00,COLLIE_BESS2,0.0,622.0,9,1c8ca244-161d-41b5-b2f7-37dd551cf923,IN-SERVICE,NON-LIQUID,630.0,
2026-06-12T12:40:00+08:00,COLLIE_BESS2,0.0,1678.41,10,1c8ca244-161d-41b5-b2f7-37dd551cf923,IN-SERVICE,NON-LIQUID,1700.0,
2026-06-12T12:40:00+08:00,COLLIE_ESR4,-250.0,110.05,1,f2da5a8b-cfc1-489c-bb65-007d397e9980,IN-SERVICE,NOT APPLICABLE,111.47,0.0
2026-06-12T12:40:00+08:00,COLLIE_ESR4,250.0,141.67,2,f2da5a8b-cfc1-489c-bb65-007d397e9980,IN-SERVICE,NOT APPLICABLE,143.49,0.0
2026-06-12T12:40:00+08:00,COLLIE_ESR5,-250.0,110.05,1,d6fe391e-0654-4f96-b30f-0f07d99813bc,IN-SERVICE,NOT APPLICABLE,111.47,0.0
2026-06-12T12:40:00+08:00,COLLIE_ESR5,250.0,141.67,2,d6fe391e-0654-4f96-b30f-0f07d99813bc,IN-SERVICE,NOT APPLICABLE,143.49,0.0
2026-06-12T12:45:00+08:00,KWINANA_ESR1,-100.0,87.39,1,feb402d6-7c6e-433a-a783-d7018feb8333,IN-SERVICE,NOT APPLICABLE,87.67,0.0
2026-06-12T12:45:00+08:00,KWINANA_ESR1,100.0,117.07,2,feb402d6-7c6e-433a-a783-d7018feb8333,IN-SERVICE,NOT APPLICABLE,117.45,0.0
2026-06-12T12:45:00+08:00,COLLIE_ESR1,0.0,-987.3,1,d1f3c0fe-d0b5-466a-a3ac-867b8a97e04c,IN-SERVICE,NON-LIQUID,-1000.0,
2026-06-12T12:45:00+08:00,COLLIE_ESR1,-24.0,-42.46,2,d1f3c0fe-d0b5-466a-a3ac-867b8a97e04c,IN-SERVICE,NON-LIQUID,-43.01,
2026-06-12T12:45:00+08:00,COLLIE_ESR1,-25.0,-10.0,3,d1f3c0fe-d0b5-466a-a3ac-867b8a97e04c,IN-SERVICE,NON-LIQUID,-10.13,
2026-06-12T12:45:00+08:00,COLLIE_ESR1,0.0,34.02,4,d1f3c0fe-d0b5-466a-a3ac-867b8a97e04c,IN-SERVICE,NON-LIQUID,34.46,
2026-06-12T12:45:00+08:00,COLLIE_ESR1,0.0,60.0,5,d1f3c0fe-d0b5-466a-a3ac-867b8a97e04c,IN-SERVICE,NON-LIQUID,60.77,
2026-06-12T12:45:00+08:00,COLLIE_ESR1,-151.0,85.77,6,d1f3c0fe-d0b5-466a-a3ac-867b8a97e04c,IN-SERVICE,NON-LIQUID,86.87,
2026-06-12T12:45:00+08:00,COLLIE_ESR1,100.0,150.0,7,d1f3c0fe-d0b5-466a-a3ac-867b8a97e04c,IN-SERVICE,NON-LIQUID,151.93,
2026-06-12T12:45:00+08:00,COLLIE_ESR1,100.0,250.0,8,d1f3c0fe-d0b5-466a-a3ac-867b8a97e04c,IN-SERVICE,NON-LIQUID,253.22,
2026-06-12T12:45:00+08:00,COLLIE_ESR1,0.0,622.0,9,d1f3c0fe-d0b5-466a-a3ac-867b8a97e04c,IN-SERVICE,NON-LIQUID,630.0,
2026-06-12T12:45:00+08:00,COLLIE_ESR1,0.0,1678.41,10,d1f3c0fe-d0b5-466a-a3ac-867b8a97e04c,IN-SERVICE,NON-LIQUID,1700.0,
2026-06-12T12:45:00+08:00,KWINANA_ESR2,-225.0,108.16,1,861300a4-580d-40e2-bb76-0e9c7df81a45,IN-SERVICE,NOT APPLICABLE,108.4,0.0
2026-06-12T12:45:00+08:00,KWINANA_ESR2,225.0,143.04,2,861300a4-580d-40e2-bb76-0e9c7df81a45,IN-SERVICE,NOT APPLICABLE,143.36,0.0
2026-06-12T12:45:00+08:00,COLLIE_BESS2,0.0,-987.3,1,641a77c1-5f6d-403c-91e5-2e8c0fde9033,IN-SERVICE,NON-LIQUID,-1000.0,
2026-06-12T12:45:00+08:00,COLLIE_BESS2,-44.0,-42.46,2,641a77c1-5f6d-403c-91e5-2e8c0fde9033,IN-SERVICE,NON-LIQUID,-43.01,
2026-06-12T12:45:00+08:00,COLLIE_BESS2,-45.0,-10.0,3,641a77c1-5f6d-403c-91e5-2e8c0fde9033,IN-SERVICE,NON-LIQUID,-10.13,
2026-06-12T12:45:00+08:00,COLLIE_BESS2,0.0,34.02,4,641a77c1-5f6d-403c-91e5-2e8c0fde9033,IN-SERVICE,NON-LIQUID,34.46,
2026-06-12T12:45:00+08:00,COLLIE_BESS2,0.0,60.0,5,641a77c1-5f6d-403c-91e5-2e8c0fde9033,IN-SERVICE,NON-LIQUID,60.77,
2026-06-12T12:45:00+08:00,COLLIE_BESS2,-211.0,85.77,6,641a77c1-5f6d-403c-91e5-2e8c0fde9033,IN-SERVICE,NON-LIQUID,86.87,
2026-06-12T12:45:00+08:00,COLLIE_BESS2,150.0,150.0,7,641a77c1-5f6d-403c-91e5-2e8c0fde9033,IN-SERVICE,NON-LIQUID,151.93,
2026-06-12T12:45:00+08:00,COLLIE_BESS2,150.0,250.0,8,641a77c1-5f6d-403c-91e5-2e8c0fde9033,IN-SERVICE,NON-LIQUID,253.22,
2026-06-12T12:45:00+08:00,COLLIE_BESS2,0.0,622.0,9,641a77c1-5f6d-403c-91e5-2e8c0fde9033,IN-SERVICE,NON-LIQUID,630.0,
2026-06-12T12:45:00+08:00,COLLIE_BESS2,0.0,1678.41,10,641a77c1-5f6d-403c-91e5-2e8c0fde9033,IN-SERVICE,NON-LIQUID,1700.0,
2026-06-12T12:45:00+08:00,COLLIE_ESR4,-250.0,110.05,1,f2da5a8b-cfc1-489c-bb65-007d397e9980,IN-SERVICE,NOT APPLICABLE,111.47,0.0
2026-06-12T12:45:00+08:00,COLLIE_ESR4,250.0,141.67,2,f2da5a8b-cfc1-489c-bb65-007d397e9980,IN-SERVICE,NOT APPLICABLE,143.49,0.0
2026-06-12T12:45:00+08:00,COLLIE_ESR5,-250.0,110.05,1,d6fe391e-0654-4f96-b30f-0f07d99813bc,IN-SERVICE,NOT APPLICABLE,111.47,0.0
2026-06-12T12:45:00+08:00,COLLIE_ESR5,250.0,141.67,2,d6fe391e-0654-4f96-b30f-0f07d99813bc,IN-SERVICE,NOT APPLICABLE,143.49,0.0
2026-06-12T12:50:00+08:00,KWINANA_ESR1,-100.0,87.39,1,feb402d6-7c6e-433a-a783-d7018feb8333,IN-SERVICE,NOT APPLICABLE,87.67,0.0
2026-06-12T12:50:00+08:00,KWINANA_ESR1,100.0,117.07,2,feb402d6-7c6e-433a-a783-d7018feb8333,IN-SERVICE,NOT APPLICABLE,117.45,0.0
2026-06-12T12:50:00+08:00,COLLIE_ESR1,0.0,-987.3,1,ae8256a4-dd90-4046-8d27-e886fb663a1d,IN-SERVICE,NON-LIQUID,-1000.0,
2026-06-12T12:50:00+08:00,COLLIE_ESR1,-24.0,-42.46,2,ae8256a4-dd90-4046-8d27-e886fb663a1d,IN-SERVICE,NON-LIQUID,-43.01,
2026-06-12T12:50:00+08:00,COLLIE_ESR1,-25.0,-10.0,3,ae8256a4-dd90-4046-8d27-e886fb663a1d,IN-SERVICE,NON-LIQUID,-10.13,
2026-06-12T12:50:00+08:00,COLLIE_ESR1,0.0,34.02,4,ae8256a4-dd90-4046-8d27-e886fb663a1d,IN-SERVICE,NON-LIQUID,34.46,
2026-06-12T12:50:00+08:00,COLLIE_ESR1,0.0,60.0,5,ae8256a4-dd90-4046-8d27-e886fb663a1d,IN-SERVICE,NON-LIQUID,60.77,
2026-06-12T12:50:00+08:00,COLLIE_ESR1,-151.0,109.93,6,ae8256a4-dd90-4046-8d27-e886fb663a1d,IN-SERVICE,NON-LIQUID,111.34,
2026-06-12T12:50:00+08:00,COLLIE_ESR1,100.0,150.0,7,ae8256a4-dd90-4046-8d27-e886fb663a1d,IN-SERVICE,NON-LIQUID,151.93,
2026-06-12T12:50:00+08:00,COLLIE_ESR1,100.0,250.0,8,ae8256a4-dd90-4046-8d27-e886fb663a1d,IN-SERVICE,NON-LIQUID,253.22,
2026-06-12T12:50:00+08:00,COLLIE_ESR1,0.0,622.0,9,ae8256a4-dd90-4046-8d27-e886fb663a1d,IN-SERVICE,NON-LIQUID,630.0,
2026-06-12T12:50:00+08:00,COLLIE_ESR1,0.0,1678.41,10,ae8256a4-dd90-4046-8d27-e886fb663a1d,IN-SERVICE,NON-LIQUID,1700.0,
2026-06-12T12:50:00+08:00,KWINANA_ESR2,-225.0,108.16,1,861300a4-580d-40e2-bb76-0e9c7df81a45,IN-SERVICE,NOT APPLICABLE,108.4,0.0
2026-06-12T12:50:00+08:00,KWINANA_ESR2,225.0,143.04,2,861300a4-580d-40e2-bb76-0e9c7df81a45,IN-SERVICE,NOT APPLICABLE,143.36,0.0
2026-06-12T12:50:00+08:00,COLLIE_BESS2,0.0,-987.3,1,a62340d7-439c-4283-94ca-f9174f48ffbe,IN-SERVICE,NON-LIQUID,-1000.0,
2026-06-12T12:50:00+08:00,COLLIE_BESS2,-44.0,-42.46,2,a62340d7-439c-4283-94ca-f9174f48ffbe,IN-SERVICE,NON-LIQUID,-43.01,
2026-06-12T12:50:00+08:00,COLLIE_BESS2,-45.0,-10.0,3,a62340d7-439c-4283-94ca-f9174f48ffbe,IN-SERVICE,NON-LIQUID,-10.13,
2026-06-12T12:50:00+08:00,COLLIE_BESS2,0.0,34.02,4,a62340d7-439c-4283-94ca-f9174f48ffbe,IN-SERVICE,NON-LIQUID,34.46,
2026-06-12T12:50:00+08:00,COLLIE_BESS2,0.0,60.0,5,a62340d7-439c-4283-94ca-f9174f48ffbe,IN-SERVICE,NON-LIQUID,60.77,
2026-06-12T12:50:00+08:00,COLLIE_BESS2,-211.0,109.93,6,a62340d7-439c-4283-94ca-f9174f48ffbe,IN-SERVICE,NON-LIQUID,111.34,
2026-06-12T12:50:00+08:00,COLLIE_BESS2,150.0,150.0,7,a62340d7-439c-4283-94ca-f9174f48ffbe,IN-SERVICE,NON-LIQUID,151.93,
2026-06-12T12:50:00+08:00,COLLIE_BESS2,150.0,250.0,8,a62340d7-439c-4283-94ca-f9174f48ffbe,IN-SERVICE,NON-LIQUID,253.22,
2026-06-12T12:50:00+08:00,COLLIE_BESS2,0.0,622.0,9,a62340d7-439c-4283-94ca-f9174f48ffbe,IN-SERVICE,NON-LIQUID,630.0,
2026-06-12T12:50:00+08:00,COLLIE_BESS2,0.0,1678.41,10,a62340d7-439c-4283-94ca-f9174f48ffbe,IN-SERVICE,NON-LIQUID,1700.0,
2026-06-12T12:50:00+08:00,COLLIE_ESR4,-250.0,110.05,1,f2da5a8b-cfc1-489c-bb65-007d397e9980,IN-SERVICE,NOT APPLICABLE,111.47,0.0
2026-06-12T12:50:00+08:00,COLLIE_ESR4,250.0,141.67,2,f2da5a8b-cfc1-489c-bb65-007d397e9980,IN-SERVICE,NOT APPLICABLE,143.49,0.0
2026-06-12T12:50:00+08:00,COLLIE_ESR5,-250.0,110.05,1,d6fe391e-0654-4f96-b30f-0f07d99813bc,IN-SERVICE,NOT APPLICABLE,111.47,0.0
2026-06-12T12:50:00+08:00,COLLIE_ESR5,250.0,141.67,2,d6fe391e-0654-4f96-b30f-0f07d99813bc,IN-SERVICE,NOT APPLICABLE,143.49,0.0
2026-06-12T12:55:00+08:00,KWINANA_ESR1,-100.0,96.41,1,0c772c69-fe80-4e30-a084-897eccf79742,IN-SERVICE,NOT APPLICABLE,96.72,0.0
2026-06-12T12:55:00+08:00,KWINANA_ESR1,100.0,126.01,2,0c772c69-fe80-4e30-a084-897eccf79742,IN-SERVICE,NOT APPLICABLE,126.41,0.0
2026-06-12T12:55:00+08:00,COLLIE_ESR1,0.0,-987.3,1,80ec02ec-a5e1-4f74-95c8-3325c6cb7494,IN-SERVICE,NON-LIQUID,-1000.0,
2026-06-12T12:55:00+08:00,COLLIE_ESR1,-100.0,-42.46,2,80ec02ec-a5e1-4f74-95c8-3325c6cb7494,IN-SERVICE,NON-LIQUID,-43.01,
2026-06-12T12:55:00+08:00,COLLIE_ESR1,-100.0,-10.0,3,80ec02ec-a5e1-4f74-95c8-3325c6cb7494,IN-SERVICE,NON-LIQUID,-10.13,
2026-06-12T12:55:00+08:00,COLLIE_ESR1,0.0,34.02,4,80ec02ec-a5e1-4f74-95c8-3325c6cb7494,IN-SERVICE,NON-LIQUID,34.46,
2026-06-12T12:55:00+08:00,COLLIE_ESR1,0.0,60.0,5,80ec02ec-a5e1-4f74-95c8-3325c6cb7494,IN-SERVICE,NON-LIQUID,60.77,
2026-06-12T12:55:00+08:00,COLLIE_ESR1,100.0,150.0,6,80ec02ec-a5e1-4f74-95c8-3325c6cb7494,IN-SERVICE,NON-LIQUID,151.93,
2026-06-12T12:55:00+08:00,COLLIE_ESR1,100.0,250.0,7,80ec02ec-a5e1-4f74-95c8-3325c6cb7494,IN-SERVICE,NON-LIQUID,253.22,
2026-06-12T12:55:00+08:00,COLLIE_ESR1,0.0,400.0,8,80ec02ec-a5e1-4f74-95c8-3325c6cb7494,IN-SERVICE,NON-LIQUID,405.15,
2026-06-12T12:55:00+08:00,COLLIE_ESR1,0.0,622.0,9,80ec02ec-a5e1-4f74-95c8-3325c6cb7494,IN-SERVICE,NON-LIQUID,630.0,
2026-06-12T12:55:00+08:00,COLLIE_ESR1,0.0,1678.41,10,80ec02ec-a5e1-4f74-95c8-3325c6cb7494,IN-SERVICE,NON-LIQUID,1700.0,
2026-06-12T12:55:00+08:00,KWINANA_ESR2,-225.0,104.02,1,a948ae89-c49f-477d-a904-89848722548c,IN-SERVICE,NOT APPLICABLE,104.25,0.0
2026-06-12T12:55:00+08:00,KWINANA_ESR2,225.0,143.04,2,a948ae89-c49f-477d-a904-89848722548c,IN-SERVICE,NOT APPLICABLE,143.36,0.0
2026-06-12T12:55:00+08:00,COLLIE_BESS2,0.0,-987.3,1,1c4834e9-1b5d-4b2c-b590-fe5844163bbb,IN-SERVICE,NON-LIQUID,-1000.0,
2026-06-12T12:55:00+08:00,COLLIE_BESS2,-44.0,-42.46,2,1c4834e9-1b5d-4b2c-b590-fe5844163bbb,IN-SERVICE,NON-LIQUID,-43.01,
2026-06-12T12:55:00+08:00,COLLIE_BESS2,-45.0,-10.0,3,1c4834e9-1b5d-4b2c-b590-fe5844163bbb,IN-SERVICE,NON-LIQUID,-10.13,
2026-06-12T12:55:00+08:00,COLLIE_BESS2,0.0,34.02,4,1c4834e9-1b5d-4b2c-b590-fe5844163bbb,IN-SERVICE,NON-LIQUID,34.46,
2026-06-12T12:55:00+08:00,COLLIE_BESS2,0.0,60.0,5,1c4834e9-1b5d-4b2c-b590-fe5844163bbb,IN-SERVICE,NON-LIQUID,60.77,
2026-06-12T12:55:00+08:00,COLLIE_BESS2,-211.0,114.19,6,1c4834e9-1b5d-4b2c-b590-fe5844163bbb,IN-SERVICE,NON-LIQUID,115.66,
2026-06-12T12:55:00+08:00,COLLIE_BESS2,150.0,150.0,7,1c4834e9-1b5d-4b2c-b590-fe5844163bbb,IN-SERVICE,NON-LIQUID,151.93,
2026-06-12T12:55:00+08:00,COLLIE_BESS2,150.0,250.0,8,1c4834e9-1b5d-4b2c-b590-fe5844163bbb,IN-SERVICE,NON-LIQUID,253.22,
2026-06-12T12:55:00+08:00,COLLIE_BESS2,0.0,622.0,9,1c4834e9-1b5d-4b2c-b590-fe5844163bbb,IN-SERVICE,NON-LIQUID,630.0,
2026-06-12T12:55:00+08:00,COLLIE_BESS2,0.0,1678.41,10,1c4834e9-1b5d-4b2c-b590-fe5844163bbb,IN-SERVICE,NON-LIQUID,1700.0,
2026-06-12T12:55:00+08:00,COLLIE_ESR4,-250.0,110.05,1,4e88a7b2-45b6-4d02-afdd-dd27c7757129,IN-SERVICE,NOT APPLICABLE,111.47,0.0
2026-06-12T12:55:00+08:00,COLLIE_ESR4,250.0,141.67,2,4e88a7b2-45b6-4d02-afdd-dd27c7757129,IN-SERVICE,NOT APPLICABLE,143.49,0.0
2026-06-12T12:55:00+08:00,COLLIE_ESR5,-250.0,110.13,1,0484a10f-7c94-4bc6-8c34-d78a38e1a8c0,IN-SERVICE,NOT APPLICABLE,111.55,0.0
2026-06-12T12:55:00+08:00,COLLIE_ESR5,250.0,141.67,2,0484a10f-7c94-4bc6-8c34-d78a38e1a8c0,IN-SERVICE,NOT APPLICABLE,143.49,0.0
2026-06-12T13:00:00+08:00,KWINANA_ESR1,-100.0,96.65,1,0c772c69-fe80-4e30-a084-897eccf79742,IN-SERVICE,NOT APPLICABLE,96.96,0.0
2026-06-12T13:00:00+08:00,KWINANA_ESR1,100.0,126.09,2,0c772c69-fe80-4e30-a084-897eccf79742,IN-SERVICE,NOT APPLICABLE,126.49,0.0
2026-06-12T13:00:00+08:00,COLLIE_ESR1,0.0,-987.3,1,f4950161-c0e7-4f9f-8536-2053d0fc8dcf,IN-SERVICE,NON-LIQUID,-1000.0,
2026-06-12T13:00:00+08:00,COLLIE_ESR1,-100.0,-42.46,2,f4950161-c0e7-4f9f-8536-2053d0fc8dcf,IN-SERVICE,NON-LIQUID,-43.01,
2026-06-12T13:00:00+08:00,COLLIE_ESR1,-100.0,-10.0,3,f4950161-c0e7-4f9f-8536-2053d0fc8dcf,IN-SERVICE,NON-LIQUID,-10.13,
2026-06-12T13:00:00+08:00,COLLIE_ESR1,0.0,34.02,4,f4950161-c0e7-4f9f-8536-2053d0fc8dcf,IN-SERVICE,NON-LIQUID,34.46,
2026-06-12T13:00:00+08:00,COLLIE_ESR1,0.0,60.0,5,f4950161-c0e7-4f9f-8536-2053d0fc8dcf,IN-SERVICE,NON-LIQUID,60.77,
2026-06-12T13:00:00+08:00,COLLIE_ESR1,100.0,150.0,6,f4950161-c0e7-4f9f-8536-2053d0fc8dcf,IN-SERVICE,NON-LIQUID,151.93,
2026-06-12T13:00:00+08:00,COLLIE_ESR1,100.0,250.0,7,f4950161-c0e7-4f9f-8536-2053d0fc8dcf,IN-SERVICE,NON-LIQUID,253.22,
2026-06-12T13:00:00+08:00,COLLIE_ESR1,0.0,400.0,8,f4950161-c0e7-4f9f-8536-2053d0fc8dcf,IN-SERVICE,NON-LIQUID,405.15,
2026-06-12T13:00:00+08:00,COLLIE_ESR1,0.0,622.0,9,f4950161-c0e7-4f9f-8536-2053d0fc8dcf,IN-SERVICE,NON-LIQUID,630.0,
2026-06-12T13:00:00+08:00,COLLIE_ESR1,0.0,1678.41,10,f4950161-c0e7-4f9f-8536-2053d0fc8dcf,IN-SERVICE,NON-LIQUID,1700.0,
2026-06-12T13:00:00+08:00,KWINANA_ESR2,-225.0,104.02,1,a948ae89-c49f-477d-a904-89848722548c,IN-SERVICE,NOT APPLICABLE,104.25,0.0
2026-06-12T13:00:00+08:00,KWINANA_ESR2,225.0,143.04,2,a948ae89-c49f-477d-a904-89848722548c,IN-SERVICE,NOT APPLICABLE,143.36,0.0
2026-06-12T13:00:00+08:00,COLLIE_BESS2,0.0,-987.3,1,1515d1c3-bdd8-4eeb-8d36-7a3653822064,IN-SERVICE,NON-LIQUID,-1000.0,
2026-06-12T13:00:00+08:00,COLLIE_BESS2,-44.0,-42.46,2,1515d1c3-bdd8-4eeb-8d36-7a3653822064,IN-SERVICE,NON-LIQUID,-43.01,
2026-06-12T13:00:00+08:00,COLLIE_BESS2,-45.0,-10.0,3,1515d1c3-bdd8-4eeb-8d36-7a3653822064,IN-SERVICE,NON-LIQUID,-10.13,
2026-06-12T13:00:00+08:00,COLLIE_BESS2,0.0,34.02,4,1515d1c3-bdd8-4eeb-8d36-7a3653822064,IN-SERVICE,NON-LIQUID,34.46,
2026-06-12T13:00:00+08:00,COLLIE_BESS2,0.0,60.0,5,1515d1c3-bdd8-4eeb-8d36-7a3653822064,IN-SERVICE,NON-LIQUID,60.77,
2026-06-12T13:00:00+08:00,COLLIE_BESS2,-211.0,114.19,6,1515d1c3-bdd8-4eeb-8d36-7a3653822064,IN-SERVICE,NON-LIQUID,115.66,
2026-06-12T13:00:00+08:00,COLLIE_BESS2,150.0,150.0,7,1515d1c3-bdd8-4eeb-8d36-7a3653822064,IN-SERVICE,NON-LIQUID,151.93,
2026-06-12T13:00:00+08:00,COLLIE_BESS2,150.0,250.0,8,1515d1c3-bdd8-4eeb-8d36-7a3653822064,IN-SERVICE,NON-LIQUID,253.22,
2026-06-12T13:00:00+08:00,COLLIE_BESS2,0.0,622.0,9,1515d1c3-bdd8-4eeb-8d36-7a3653822064,IN-SERVICE,NON-LIQUID,630.0,
2026-06-12T13:00:00+08:00,COLLIE_BESS2,0.0,1678.41,10,1515d1c3-bdd8-4eeb-8d36-7a3653822064,IN-SERVICE,NON-LIQUID,1700.0,
2026-06-12T13:00:00+08:00,COLLIE_ESR4,-250.0,110.05,1,4e88a7b2-45b6-4d02-afdd-dd27c7757129,IN-SERVICE,NOT APPLICABLE,111.47,0.0
2026-06-12T13:00:00+08:00,COLLIE_ESR4,250.0,141.67,2,4e88a7b2-45b6-4d02-afdd-dd27c7757129,IN-SERVICE,NOT APPLICABLE,143.49,0.0
2026-06-12T13:00:00+08:00,COLLIE_ESR5,-250.0,110.13,1,0484a10f-7c94-4bc6-8c34-d78a38e1a8c0,IN-SERVICE,NOT APPLICABLE,111.55,0.0
2026-06-12T13:00:00+08:00,COLLIE_ESR5,250.0,141.67,2,0484a10f-7c94-4bc6-8c34-d78a38e1a8c0,IN-SERVICE,NOT APPLICABLE,143.49,0.0
2026-06-12T13:05:00+08:00,KWINANA_ESR1,-100.0,104.81,1,0c772c69-fe80-4e30-a084-897eccf79742,IN-SERVICE,NOT APPLICABLE,105.15,0.0
2026-06-12T13:05:00+08:00,KWINANA_ESR1,100.0,126.33,2,0c772c69-fe80-4e30-a084-897eccf79742,IN-SERVICE,NOT APPLICABLE,126.74,0.0
2026-06-12T13:05:00+08:00,COLLIE_ESR1,0.0,-987.3,1,24f3746d-b41c-40c1-bd24-70a705bf8f51,IN-SERVICE,NON-LIQUID,-1000.0,
2026-06-12T13:05:00+08:00,COLLIE_ESR1,-100.0,-42.46,2,24f3746d-b41c-40c1-bd24-70a705bf8f51,IN-SERVICE,NON-LIQUID,-43.01,
2026-06-12T13:05:00+08:00,COLLIE_ESR1,-100.0,-10.0,3,24f3746d-b41c-40c1-bd24-70a705bf8f51,IN-SERVICE,NON-LIQUID,-10.13,
2026-06-12T13:05:00+08:00,COLLIE_ESR1,0.0,34.02,4,24f3746d-b41c-40c1-bd24-70a705bf8f51,IN-SERVICE,NON-LIQUID,34.46,
2026-06-12T13:05:00+08:00,COLLIE_ESR1,0.0,60.0,5,24f3746d-b41c-40c1-bd24-70a705bf8f51,IN-SERVICE,NON-LIQUID,60.77,
2026-06-12T13:05:00+08:00,COLLIE_ESR1,100.0,150.0,6,24f3746d-b41c-40c1-bd24-70a705bf8f51,IN-SERVICE,NON-LIQUID,151.93,
2026-06-12T13:05:00+08:00,COLLIE_ESR1,100.0,250.0,7,24f3746d-b41c-40c1-bd24-70a705bf8f51,IN-SERVICE,NON-LIQUID,253.22,
2026-06-12T13:05:00+08:00,COLLIE_ESR1,0.0,400.0,8,24f3746d-b41c-40c1-bd24-70a705bf8f51,IN-SERVICE,NON-LIQUID,405.15,
2026-06-12T13:05:00+08:00,COLLIE_ESR1,0.0,622.0,9,24f3746d-b41c-40c1-bd24-70a705bf8f51,IN-SERVICE,NON-LIQUID,630.0,
2026-06-12T13:05:00+08:00,COLLIE_ESR1,0.0,1678.41,10,24f3746d-b41c-40c1-bd24-70a705bf8f51,IN-SERVICE,NON-LIQUID,1700.0,
2026-06-12T13:05:00+08:00,KWINANA_ESR2,-225.0,104.02,1,a948ae89-c49f-477d-a904-89848722548c,IN-SERVICE,NOT APPLICABLE,104.25,0.0
2026-06-12T13:05:00+08:00,KWINANA_ESR2,225.0,143.04,2,a948ae89-c49f-477d-a904-89848722548c,IN-SERVICE,NOT APPLICABLE,143.36,0.0
2026-06-12T13:05:00+08:00,COLLIE_BESS2,0.0,-987.3,1,b1c387ec-32cb-4f21-ae10-2530873f3da0,IN-SERVICE,NON-LIQUID,-1000.0,
2026-06-12T13:05:00+08:00,COLLIE_BESS2,-49.0,-42.46,2,b1c387ec-32cb-4f21-ae10-2530873f3da0,IN-SERVICE,NON-LIQUID,-43.01,
2026-06-12T13:05:00+08:00,COLLIE_BESS2,-49.0,-10.0,3,b1c387ec-32cb-4f21-ae10-2530873f3da0,IN-SERVICE,NON-LIQUID,-10.13,
2026-06-12T13:05:00+08:00,COLLIE_BESS2,0.0,34.02,4,b1c387ec-32cb-4f21-ae10-2530873f3da0,IN-SERVICE,NON-LIQUID,34.46,
2026-06-12T13:05:00+08:00,COLLIE_BESS2,0.0,60.0,5,b1c387ec-32cb-4f21-ae10-2530873f3da0,IN-SERVICE,NON-LIQUID,60.77,
2026-06-12T13:05:00+08:00,COLLIE_BESS2,-202.0,114.19,6,b1c387ec-32cb-4f21-ae10-2530873f3da0,IN-SERVICE,NON-LIQUID,115.66,
2026-06-12T13:05:00+08:00,COLLIE_BESS2,150.0,150.0,7,b1c387ec-32cb-4f21-ae10-2530873f3da0,IN-SERVICE,NON-LIQUID,151.93,
2026-06-12T13:05:00+08:00,COLLIE_BESS2,150.0,250.0,8,b1c387ec-32cb-4f21-ae10-2530873f3da0,IN-SERVICE,NON-LIQUID,253.22,
2026-06-12T13:05:00+08:00,COLLIE_BESS2,0.0,622.0,9,b1c387ec-32cb-4f21-ae10-2530873f3da0,IN-SERVICE,NON-LIQUID,630.0,
2026-06-12T13:05:00+08:00,COLLIE_BESS2,0.0,1678.41,10,b1c387ec-32cb-4f21-ae10-2530873f3da0,IN-SERVICE,NON-LIQUID,1700.0,
2026-06-12T13:05:00+08:00,COLLIE_ESR4,-250.0,110.05,1,4e88a7b2-45b6-4d02-afdd-dd27c7757129,IN-SERVICE,NOT APPLICABLE,111.47,0.0
2026-06-12T13:05:00+08:00,COLLIE_ESR4,250.0,141.67,2,4e88a7b2-45b6-4d02-afdd-dd27c7757129,IN-SERVICE,NOT APPLICABLE,143.49,0.0
2026-06-12T13:05:00+08:00,COLLIE_ESR5,-250.0,110.13,1,0484a10f-7c94-4bc6-8c34-d78a38e1a8c0,IN-SERVICE,NOT APPLICABLE,111.55,0.0
2026-06-12T13:05:00+08:00,COLLIE_ESR5,250.0,141.67,2,0484a10f-7c94-4bc6-8c34-d78a38e1a8c0,IN-SERVICE,NOT APPLICABLE,143.49,0.0
2026-06-12T13:10:00+08:00,KWINANA_ESR1,-100.0,104.44,1,c1f72a3d-163d-417b-8629-4de21b0f4d5d,IN-SERVICE,NOT APPLICABLE,104.78,0.0
2026-06-12T13:10:00+08:00,KWINANA_ESR1,100.0,134.12,2,c1f72a3d-163d-417b-8629-4de21b0f4d5d,IN-SERVICE,NOT APPLICABLE,134.55,0.0
2026-06-12T13:10:00+08:00,COLLIE_ESR1,0.0,-987.3,1,dd808de8-0805-488c-9842-0e85caa45d3b,IN-SERVICE,NON-LIQUID,-1000.0,
2026-06-12T13:10:00+08:00,COLLIE_ESR1,-100.0,-42.46,2,dd808de8-0805-488c-9842-0e85caa45d3b,IN-SERVICE,NON-LIQUID,-43.01,
2026-06-12T13:10:00+08:00,COLLIE_ESR1,-100.0,-10.0,3,dd808de8-0805-488c-9842-0e85caa45d3b,IN-SERVICE,NON-LIQUID,-10.13,
2026-06-12T13:10:00+08:00,COLLIE_ESR1,0.0,34.02,4,dd808de8-0805-488c-9842-0e85caa45d3b,IN-SERVICE,NON-LIQUID,34.46,
2026-06-12T13:10:00+08:00,COLLIE_ESR1,0.0,60.0,5,dd808de8-0805-488c-9842-0e85caa45d3b,IN-SERVICE,NON-LIQUID,60.77,
2026-06-12T13:10:00+08:00,COLLIE_ESR1,100.0,150.0,6,dd808de8-0805-488c-9842-0e85caa45d3b,IN-SERVICE,NON-LIQUID,151.93,
2026-06-12T13:10:00+08:00,COLLIE_ESR1,100.0,250.0,7,dd808de8-0805-488c-9842-0e85caa45d3b,IN-SERVICE,NON-LIQUID,253.22,
2026-06-12T13:10:00+08:00,COLLIE_ESR1,0.0,400.0,8,dd808de8-0805-488c-9842-0e85caa45d3b,IN-SERVICE,NON-LIQUID,405.15,
2026-06-12T13:10:00+08:00,COLLIE_ESR1,0.0,622.0,9,dd808de8-0805-488c-9842-0e85caa45d3b,IN-SERVICE,NON-LIQUID,630.0,
2026-06-12T13:10:00+08:00,COLLIE_ESR1,0.0,1678.41,10,dd808de8-0805-488c-9842-0e85caa45d3b,IN-SERVICE,NON-LIQUID,1700.0,
2026-06-12T13:10:00+08:00,KWINANA_ESR2,-225.0,103.89,1,e0302926-cb52-4d41-a01a-ad96b4ee6717,IN-SERVICE,NOT APPLICABLE,104.12,0.0
2026-06-12T13:10:00+08:00,KWINANA_ESR2,225.0,150.88,2,e0302926-cb52-4d41-a01a-ad96b4ee6717,IN-SERVICE,NOT APPLICABLE,151.21,0.0
2026-06-12T13:10:00+08:00,COLLIE_BESS2,0.0,-987.3,1,e154a783-74f5-4ba2-84b6-d806a18731f8,IN-SERVICE,NON-LIQUID,-1000.0,
2026-06-12T13:10:00+08:00,COLLIE_BESS2,-49.0,-42.46,2,e154a783-74f5-4ba2-84b6-d806a18731f8,IN-SERVICE,NON-LIQUID,-43.01,
2026-06-12T13:10:00+08:00,COLLIE_BESS2,-49.0,-10.0,3,e154a783-74f5-4ba2-84b6-d806a18731f8,IN-SERVICE,NON-LIQUID,-10.13,
2026-06-12T13:10:00+08:00,COLLIE_BESS2,0.0,34.02,4,e154a783-74f5-4ba2-84b6-d806a18731f8,IN-SERVICE,NON-LIQUID,34.46,
2026-06-12T13:10:00+08:00,COLLIE_BESS2,0.0,60.0,5,e154a783-74f5-4ba2-84b6-d806a18731f8,IN-SERVICE,NON-LIQUID,60.77,
2026-06-12T13:10:00+08:00,COLLIE_BESS2,-202.0,114.19,6,e154a783-74f5-4ba2-84b6-d806a18731f8,IN-SERVICE,NON-LIQUID,115.66,
2026-06-12T13:10:00+08:00,COLLIE_BESS2,150.0,150.0,7,e154a783-74f5-4ba2-84b6-d806a18731f8,IN-SERVICE,NON-LIQUID,151.93,
2026-06-12T13:10:00+08:00,COLLIE_BESS2,150.0,250.0,8,e154a783-74f5-4ba2-84b6-d806a18731f8,IN-SERVICE,NON-LIQUID,253.22,
2026-06-12T13:10:00+08:00,COLLIE_BESS2,0.0,622.0,9,e154a783-74f5-4ba2-84b6-d806a18731f8,IN-SERVICE,NON-LIQUID,630.0,
2026-06-12T13:10:00+08:00,COLLIE_BESS2,0.0,1678.41,10,e154a783-74f5-4ba2-84b6-d806a18731f8,IN-SERVICE,NON-LIQUID,1700.0,
2026-06-12T13:10:00+08:00,COLLIE_ESR4,-250.0,102.73,1,4715af01-524d-484c-83f0-2d67306933d8,IN-SERVICE,NOT APPLICABLE,104.05,0.0
2026-06-12T13:10:00+08:00,COLLIE_ESR4,250.0,149.35,2,4715af01-524d-484c-83f0-2d67306933d8,IN-SERVICE,NOT APPLICABLE,151.27,0.0
2026-06-12T13:10:00+08:00,COLLIE_ESR5,-250.0,102.73,1,ea0e3d6f-8ae1-40f9-88bb-5a05942bc6a3,IN-SERVICE,NOT APPLICABLE,104.05,0.0
2026-06-12T13:10:00+08:00,COLLIE_ESR5,250.0,149.35,2,ea0e3d6f-8ae1-40f9-88bb-5a05942bc6a3,IN-SERVICE,NOT APPLICABLE,151.27,0.0
2026-06-12T13:15:00+08:00,KWINANA_ESR1,-100.0,104.44,1,c1f72a3d-163d-417b-8629-4de21b0f4d5d,IN-SERVICE,NOT APPLICABLE,104.78,0.0
2026-06-12T13:15:00+08:00,KWINANA_ESR1,100.0,134.12,2,c1f72a3d-163d-417b-8629-4de21b0f4d5d,IN-SERVICE,NOT APPLICABLE,134.55,0.0
2026-06-12T13:15:00+08:00,COLLIE_ESR1,0.0,-987.3,1,095b42c6-d83a-40f8-84d0-27f583f6d0b4,IN-SERVICE,NON-LIQUID,-1000.0,
2026-06-12T13:15:00+08:00,COLLIE_ESR1,-100.0,-42.46,2,095b42c6-d83a-40f8-84d0-27f583f6d0b4,IN-SERVICE,NON-LIQUID,-43.01,
2026-06-12T13:15:00+08:00,COLLIE_ESR1,-100.0,-10.0,3,095b42c6-d83a-40f8-84d0-27f583f6d0b4,IN-SERVICE,NON-LIQUID,-10.13,
2026-06-12T13:15:00+08:00,COLLIE_ESR1,0.0,34.02,4,095b42c6-d83a-40f8-84d0-27f583f6d0b4,IN-SERVICE,NON-LIQUID,34.46,
2026-06-12T13:15:00+08:00,COLLIE_ESR1,0.0,60.0,5,095b42c6-d83a-40f8-84d0-27f583f6d0b4,IN-SERVICE,NON-LIQUID,60.77,
2026-06-12T13:15:00+08:00,COLLIE_ESR1,100.0,150.0,6,095b42c6-d83a-40f8-84d0-27f583f6d0b4,IN-SERVICE,NON-LIQUID,151.93,
2026-06-12T13:15:00+08:00,COLLIE_ESR1,100.0,250.0,7,095b42c6-d83a-40f8-84d0-27f583f6d0b4,IN-SERVICE,NON-LIQUID,253.22,
2026-06-12T13:15:00+08:00,COLLIE_ESR1,0.0,400.0,8,095b42c6-d83a-40f8-84d0-27f583f6d0b4,IN-SERVICE,NON-LIQUID,405.15,
2026-06-12T13:15:00+08:00,COLLIE_ESR1,0.0,622.0,9,095b42c6-d83a-40f8-84d0-27f583f6d0b4,IN-SERVICE,NON-LIQUID,630.0,
2026-06-12T13:15:00+08:00,COLLIE_ESR1,0.0,1678.41,10,095b42c6-d83a-40f8-84d0-27f583f6d0b4,IN-SERVICE,NON-LIQUID,1700.0,
2026-06-12T13:15:00+08:00,KWINANA_ESR2,-225.0,119.12,1,e0302926-cb52-4d41-a01a-ad96b4ee6717,IN-SERVICE,NOT APPLICABLE,119.38,0.0
2026-06-12T13:15:00+08:00,KWINANA_ESR2,225.0,150.88,2,e0302926-cb52-4d41-a01a-ad96b4ee6717,IN-SERVICE,NOT APPLICABLE,151.21,0.0
2026-06-12T13:15:00+08:00,COLLIE_BESS2,0.0,-987.3,1,20683663-e45f-43ad-a2a6-6ec5cd58afdd,IN-SERVICE,NON-LIQUID,-1000.0,
2026-06-12T13:15:00+08:00,COLLIE_BESS2,-49.0,-42.46,2,20683663-e45f-43ad-a2a6-6ec5cd58afdd,IN-SERVICE,NON-LIQUID,-43.01,
2026-06-12T13:15:00+08:00,COLLIE_BESS2,-49.0,-10.0,3,20683663-e45f-43ad-a2a6-6ec5cd58afdd,IN-SERVICE,NON-LIQUID,-10.13,
2026-06-12T13:15:00+08:00,COLLIE_BESS2,0.0,34.02,4,20683663-e45f-43ad-a2a6-6ec5cd58afdd,IN-SERVICE,NON-LIQUID,34.46,
2026-06-12T13:15:00+08:00,COLLIE_BESS2,0.0,60.0,5,20683663-e45f-43ad-a2a6-6ec5cd58afdd,IN-SERVICE,NON-LIQUID,60.77,
2026-06-12T13:15:00+08:00,COLLIE_BESS2,-202.0,114.19,6,20683663-e45f-43ad-a2a6-6ec5cd58afdd,IN-SERVICE,NON-LIQUID,115.66,
2026-06-12T13:15:00+08:00,COLLIE_BESS2,150.0,150.0,7,20683663-e45f-43ad-a2a6-6ec5cd58afdd,IN-SERVICE,NON-LIQUID,151.93,
2026-06-12T13:15:00+08:00,COLLIE_BESS2,150.0,250.0,8,20683663-e45f-43ad-a2a6-6ec5cd58afdd,IN-SERVICE,NON-LIQUID,253.22,
2026-06-12T13:15:00+08:00,COLLIE_BESS2,0.0,622.0,9,20683663-e45f-43ad-a2a6-6ec5cd58afdd,IN-SERVICE,NON-LIQUID,630.0,
2026-06-12T13:15:00+08:00,COLLIE_BESS2,0.0,1678.41,10,20683663-e45f-43ad-a2a6-6ec5cd58afdd,IN-SERVICE,NON-LIQUID,1700.0,
2026-06-12T13:15:00+08:00,COLLIE_ESR4,-250.0,102.73,1,4715af01-524d-484c-83f0-2d67306933d8,IN-SERVICE,NOT APPLICABLE,104.05,0.0
2026-06-12T13:15:00+08:00,COLLIE_ESR4,250.0,149.35,2,4715af01-524d-484c-83f0-2d67306933d8,IN-SERVICE,NOT APPLICABLE,151.27,0.0
2026-06-12T13:15:00+08:00,COLLIE_ESR5,-250.0,102.73,1,ea0e3d6f-8ae1-40f9-88bb-5a05942bc6a3,IN-SERVICE,NOT APPLICABLE,104.05,0.0
2026-06-12T13:15:00+08:00,COLLIE_ESR5,250.0,149.35,2,ea0e3d6f-8ae1-40f9-88bb-5a05942bc6a3,IN-SERVICE,NOT APPLICABLE,151.27,0.0
2026-06-12T13:20:00+08:00,KWINANA_ESR1,-100.0,104.44,1,c1f72a3d-163d-417b-8629-4de21b0f4d5d,IN-SERVICE,NOT APPLICABLE,104.78,0.0
2026-06-12T13:20:00+08:00,KWINANA_ESR1,100.0,134.12,2,c1f72a3d-163d-417b-8629-4de21b0f4d5d,IN-SERVICE,NOT APPLICABLE,134.55,0.0
2026-06-12T13:20:00+08:00,COLLIE_ESR1,0.0,-987.3,1,858c6444-3e76-4804-9a50-2391f2e4f143,IN-SERVICE,NON-LIQUID,-1000.0,
2026-06-12T13:20:00+08:00,COLLIE_ESR1,-37.0,-42.46,2,858c6444-3e76-4804-9a50-2391f2e4f143,IN-SERVICE,NON-LIQUID,-43.01,
2026-06-12T13:20:00+08:00,COLLIE_ESR1,-37.0,-10.0,3,858c6444-3e76-4804-9a50-2391f2e4f143,IN-SERVICE,NON-LIQUID,-10.13,
2026-06-12T13:20:00+08:00,COLLIE_ESR1,0.0,34.02,4,858c6444-3e76-4804-9a50-2391f2e4f143,IN-SERVICE,NON-LIQUID,34.46,
2026-06-12T13:20:00+08:00,COLLIE_ESR1,0.0,60.0,5,858c6444-3e76-4804-9a50-2391f2e4f143,IN-SERVICE,NON-LIQUID,60.77,
2026-06-12T13:20:00+08:00,COLLIE_ESR1,-126.0,104.79,6,858c6444-3e76-4804-9a50-2391f2e4f143,IN-SERVICE,NON-LIQUID,106.14,
2026-06-12T13:20:00+08:00,COLLIE_ESR1,100.0,150.0,7,858c6444-3e76-4804-9a50-2391f2e4f143,IN-SERVICE,NON-LIQUID,151.93,
2026-06-12T13:20:00+08:00,COLLIE_ESR1,100.0,250.0,8,858c6444-3e76-4804-9a50-2391f2e4f143,IN-SERVICE,NON-LIQUID,253.22,
2026-06-12T13:20:00+08:00,COLLIE_ESR1,0.0,622.0,9,858c6444-3e76-4804-9a50-2391f2e4f143,IN-SERVICE,NON-LIQUID,630.0,
2026-06-12T13:20:00+08:00,COLLIE_ESR1,0.0,1678.41,10,858c6444-3e76-4804-9a50-2391f2e4f143,IN-SERVICE,NON-LIQUID,1700.0,
2026-06-12T13:20:00+08:00,KWINANA_ESR2,-225.0,119.12,1,e0302926-cb52-4d41-a01a-ad96b4ee6717,IN-SERVICE,NOT APPLICABLE,119.38,0.0
2026-06-12T13:20:00+08:00,KWINANA_ESR2,225.0,150.88,2,e0302926-cb52-4d41-a01a-ad96b4ee6717,IN-SERVICE,NOT APPLICABLE,151.21,0.0
2026-06-12T13:20:00+08:00,COLLIE_BESS2,0.0,-987.3,1,71b0013c-efdb-44a8-b797-c5f0e64a22f0,IN-SERVICE,NON-LIQUID,-1000.0,
2026-06-12T13:20:00+08:00,COLLIE_BESS2,-49.0,-42.46,2,71b0013c-efdb-44a8-b797-c5f0e64a22f0,IN-SERVICE,NON-LIQUID,-43.01,
2026-06-12T13:20:00+08:00,COLLIE_BESS2,-49.0,-10.0,3,71b0013c-efdb-44a8-b797-c5f0e64a22f0,IN-SERVICE,NON-LIQUID,-10.13,
2026-06-12T13:20:00+08:00,COLLIE_BESS2,0.0,34.02,4,71b0013c-efdb-44a8-b797-c5f0e64a22f0,IN-SERVICE,NON-LIQUID,34.46,
2026-06-12T13:20:00+08:00,COLLIE_BESS2,0.0,60.0,5,71b0013c-efdb-44a8-b797-c5f0e64a22f0,IN-SERVICE,NON-LIQUID,60.77,
2026-06-12T13:20:00+08:00,COLLIE_BESS2,-202.0,104.79,6,71b0013c-efdb-44a8-b797-c5f0e64a22f0,IN-SERVICE,NON-LIQUID,106.14,
2026-06-12T13:20:00+08:00,COLLIE_BESS2,150.0,150.0,7,71b0013c-efdb-44a8-b797-c5f0e64a22f0,IN-SERVICE,NON-LIQUID,151.93,
2026-06-12T13:20:00+08:00,COLLIE_BESS2,150.0,250.0,8,71b0013c-efdb-44a8-b797-c5f0e64a22f0,IN-SERVICE,NON-LIQUID,253.22,
2026-06-12T13:20:00+08:00,COLLIE_BESS2,0.0,622.0,9,71b0013c-efdb-44a8-b797-c5f0e64a22f0,IN-SERVICE,NON-LIQUID,630.0,
2026-06-12T13:20:00+08:00,COLLIE_BESS2,0.0,1678.41,10,71b0013c-efdb-44a8-b797-c5f0e64a22f0,IN-SERVICE,NON-LIQUID,1700.0,
2026-06-12T13:20:00+08:00,COLLIE_ESR4,-250.0,102.73,1,4715af01-524d-484c-83f0-2d67306933d8,IN-SERVICE,NOT APPLICABLE,104.05,0.0
2026-06-12T13:20:00+08:00,COLLIE_ESR4,250.0,149.35,2,4715af01-524d-484c-83f0-2d67306933d8,IN-SERVICE,NOT APPLICABLE,151.27,0.0
2026-06-12T13:20:00+08:00,COLLIE_ESR5,-250.0,102.73,1,ea0e3d6f-8ae1-40f9-88bb-5a05942bc6a3,IN-SERVICE,NOT APPLICABLE,104.05,0.0
2026-06-12T13:20:00+08:00,COLLIE_ESR5,250.0,149.35,2,ea0e3d6f-8ae1-40f9-88bb-5a05942bc6a3,IN-SERVICE,NOT APPLICABLE,151.27,0.0
2026-06-12T13:25:00+08:00,KWINANA_ESR1,-100.0,97.18,1,29967180-aa7a-4d2a-81ad-2fcc2f7e2c5f,IN-SERVICE,NOT APPLICABLE,97.49,0.0
2026-06-12T13:25:00+08:00,KWINANA_ESR1,100.0,126.86,2,29967180-aa7a-4d2a-81ad-2fcc2f7e2c5f,IN-SERVICE,NOT APPLICABLE,127.27,0.0
2026-06-12T13:25:00+08:00,COLLIE_ESR1,0.0,-987.3,1,0bfb5f98-e26e-4de3-b104-736997006794,IN-SERVICE,NON-LIQUID,-1000.0,
2026-06-12T13:25:00+08:00,COLLIE_ESR1,-100.0,-42.46,2,0bfb5f98-e26e-4de3-b104-736997006794,IN-SERVICE,NON-LIQUID,-43.01,
2026-06-12T13:25:00+08:00,COLLIE_ESR1,-100.0,-10.0,3,0bfb5f98-e26e-4de3-b104-736997006794,IN-SERVICE,NON-LIQUID,-10.13,
2026-06-12T13:25:00+08:00,COLLIE_ESR1,0.0,34.02,4,0bfb5f98-e26e-4de3-b104-736997006794,IN-SERVICE,NON-LIQUID,34.46,
2026-06-12T13:25:00+08:00,COLLIE_ESR1,0.0,60.0,5,0bfb5f98-e26e-4de3-b104-736997006794,IN-SERVICE,NON-LIQUID,60.77,
2026-06-12T13:25:00+08:00,COLLIE_ESR1,100.0,150.0,6,0bfb5f98-e26e-4de3-b104-736997006794,IN-SERVICE,NON-LIQUID,151.93,
2026-06-12T13:25:00+08:00,COLLIE_ESR1,100.0,250.0,7,0bfb5f98-e26e-4de3-b104-736997006794,IN-SERVICE,NON-LIQUID,253.22,
2026-06-12T13:25:00+08:00,COLLIE_ESR1,0.0,400.0,8,0bfb5f98-e26e-4de3-b104-736997006794,IN-SERVICE,NON-LIQUID,405.15,
2026-06-12T13:25:00+08:00,COLLIE_ESR1,0.0,622.0,9,0bfb5f98-e26e-4de3-b104-736997006794,IN-SERVICE,NON-LIQUID,630.0,
2026-06-12T13:25:00+08:00,COLLIE_ESR1,0.0,1678.41,10,0bfb5f98-e26e-4de3-b104-736997006794,IN-SERVICE,NON-LIQUID,1700.0,
2026-06-12T13:25:00+08:00,KWINANA_ESR2,-225.0,111.4,1,a096c25f-7aa9-45a3-8128-8c436e518a4b,IN-SERVICE,NOT APPLICABLE,111.65,0.0
2026-06-12T13:25:00+08:00,KWINANA_ESR2,225.0,150.88,2,a096c25f-7aa9-45a3-8128-8c436e518a4b,IN-SERVICE,NOT APPLICABLE,151.21,0.0
2026-06-12T13:25:00+08:00,COLLIE_BESS2,0.0,-987.3,1,fc2962d7-0979-4c87-8f12-33953034e20e,IN-SERVICE,NON-LIQUID,-1000.0,
2026-06-12T13:25:00+08:00,COLLIE_BESS2,-150.0,-42.46,2,fc2962d7-0979-4c87-8f12-33953034e20e,IN-SERVICE,NON-LIQUID,-43.01,
2026-06-12T13:25:00+08:00,COLLIE_BESS2,-150.0,-10.0,3,fc2962d7-0979-4c87-8f12-33953034e20e,IN-SERVICE,NON-LIQUID,-10.13,
2026-06-12T13:25:00+08:00,COLLIE_BESS2,0.0,34.02,4,fc2962d7-0979-4c87-8f12-33953034e20e,IN-SERVICE,NON-LIQUID,34.46,
2026-06-12T13:25:00+08:00,COLLIE_BESS2,0.0,60.0,5,fc2962d7-0979-4c87-8f12-33953034e20e,IN-SERVICE,NON-LIQUID,60.77,
2026-06-12T13:25:00+08:00,COLLIE_BESS2,150.0,150.0,6,fc2962d7-0979-4c87-8f12-33953034e20e,IN-SERVICE,NON-LIQUID,151.93,
2026-06-12T13:25:00+08:00,COLLIE_BESS2,150.0,250.0,7,fc2962d7-0979-4c87-8f12-33953034e20e,IN-SERVICE,NON-LIQUID,253.22,
2026-06-12T13:25:00+08:00,COLLIE_BESS2,0.0,377.74,8,fc2962d7-0979-4c87-8f12-33953034e20e,IN-SERVICE,NON-LIQUID,382.6,
2026-06-12T13:25:00+08:00,COLLIE_BESS2,0.0,622.0,9,fc2962d7-0979-4c87-8f12-33953034e20e,IN-SERVICE,NON-LIQUID,630.0,
2026-06-12T13:25:00+08:00,COLLIE_BESS2,0.0,1678.41,10,fc2962d7-0979-4c87-8f12-33953034e20e,IN-SERVICE,NON-LIQUID,1700.0,
2026-06-12T13:25:00+08:00,COLLIE_ESR4,-250.0,117.81,1,4ab3bea3-c8f0-4234-9f70-a359deaf88b4,IN-SERVICE,NOT APPLICABLE,119.33,0.0
2026-06-12T13:25:00+08:00,COLLIE_ESR4,250.0,149.35,2,4ab3bea3-c8f0-4234-9f70-a359deaf88b4,IN-SERVICE,NOT APPLICABLE,151.27,0.0
2026-06-12T13:25:00+08:00,COLLIE_ESR5,-250.0,110.17,1,d3a4163b-3d55-4db5-a097-e6a849ef1e0b,IN-SERVICE,NOT APPLICABLE,111.59,0.0
2026-06-12T13:25:00+08:00,COLLIE_ESR5,250.0,149.35,2,d3a4163b-3d55-4db5-a097-e6a849ef1e0b,IN-SERVICE,NOT APPLICABLE,151.27,0.0
2026-06-12T13:30:00+08:00,KWINANA_ESR1,-100.0,97.18,1,29967180-aa7a-4d2a-81ad-2fcc2f7e2c5f,IN-SERVICE,NOT APPLICABLE,97.49,0.0
2026-06-12T13:30:00+08:00,KWINANA_ESR1,100.0,126.86,2,29967180-aa7a-4d2a-81ad-2fcc2f7e2c5f,IN-SERVICE,NOT APPLICABLE,127.27,0.0
2026-06-12T13:30:00+08:00,COLLIE_ESR1,0.0,-987.3,1,77be3e35-d1db-4106-81c1-7f3ae59dddfb,IN-SERVICE,NON-LIQUID,-1000.0,
2026-06-12T13:30:00+08:00,COLLIE_ESR1,-100.0,-42.46,2,77be3e35-d1db-4106-81c1-7f3ae59dddfb,IN-SERVICE,NON-LIQUID,-43.01,
2026-06-12T13:30:00+08:00,COLLIE_ESR1,-100.0,-10.0,3,77be3e35-d1db-4106-81c1-7f3ae59dddfb,IN-SERVICE,NON-LIQUID,-10.13,
2026-06-12T13:30:00+08:00,COLLIE_ESR1,0.0,34.02,4,77be3e35-d1db-4106-81c1-7f3ae59dddfb,IN-SERVICE,NON-LIQUID,34.46,
2026-06-12T13:30:00+08:00,COLLIE_ESR1,0.0,60.0,5,77be3e35-d1db-4106-81c1-7f3ae59dddfb,IN-SERVICE,NON-LIQUID,60.77,
2026-06-12T13:30:00+08:00,COLLIE_ESR1,100.0,150.0,6,77be3e35-d1db-4106-81c1-7f3ae59dddfb,IN-SERVICE,NON-LIQUID,151.93,
2026-06-12T13:30:00+08:00,COLLIE_ESR1,100.0,250.0,7,77be3e35-d1db-4106-81c1-7f3ae59dddfb,IN-SERVICE,NON-LIQUID,253.22,
2026-06-12T13:30:00+08:00,COLLIE_ESR1,0.0,400.0,8,77be3e35-d1db-4106-81c1-7f3ae59dddfb,IN-SERVICE,NON-LIQUID,405.15,
2026-06-12T13:30:00+08:00,COLLIE_ESR1,0.0,622.0,9,77be3e35-d1db-4106-81c1-7f3ae59dddfb,IN-SERVICE,NON-LIQUID,630.0,
2026-06-12T13:30:00+08:00,COLLIE_ESR1,0.0,1678.41,10,77be3e35-d1db-4106-81c1-7f3ae59dddfb,IN-SERVICE,NON-LIQUID,1700.0,
2026-06-12T13:30:00+08:00,KWINANA_ESR2,-225.0,111.4,1,a096c25f-7aa9-45a3-8128-8c436e518a4b,IN-SERVICE,NOT APPLICABLE,111.65,0.0
2026-06-12T13:30:00+08:00,KWINANA_ESR2,225.0,150.88,2,a096c25f-7aa9-45a3-8128-8c436e518a4b,IN-SERVICE,NOT APPLICABLE,151.21,0.0
2026-06-12T13:30:00+08:00,COLLIE_BESS2,0.0,-987.3,1,a474c2ad-18cb-499a-92d0-4e1aeb73291e,IN-SERVICE,NON-LIQUID,-1000.0,
2026-06-12T13:30:00+08:00,COLLIE_BESS2,-150.0,-42.46,2,a474c2ad-18cb-499a-92d0-4e1aeb73291e,IN-SERVICE,NON-LIQUID,-43.01,
2026-06-12T13:30:00+08:00,COLLIE_BESS2,-150.0,-10.0,3,a474c2ad-18cb-499a-92d0-4e1aeb73291e,IN-SERVICE,NON-LIQUID,-10.13,
2026-06-12T13:30:00+08:00,COLLIE_BESS2,0.0,34.02,4,a474c2ad-18cb-499a-92d0-4e1aeb73291e,IN-SERVICE,NON-LIQUID,34.46,
2026-06-12T13:30:00+08:00,COLLIE_BESS2,0.0,60.0,5,a474c2ad-18cb-499a-92d0-4e1aeb73291e,IN-SERVICE,NON-LIQUID,60.77,
2026-06-12T13:30:00+08:00,COLLIE_BESS2,150.0,150.0,6,a474c2ad-18cb-499a-92d0-4e1aeb73291e,IN-SERVICE,NON-LIQUID,151.93,
2026-06-12T13:30:00+08:00,COLLIE_BESS2,150.0,250.0,7,a474c2ad-18cb-499a-92d0-4e1aeb73291e,IN-SERVICE,NON-LIQUID,253.22,
2026-06-12T13:30:00+08:00,COLLIE_BESS2,0.0,377.74,8,a474c2ad-18cb-499a-92d0-4e1aeb73291e,IN-SERVICE,NON-LIQUID,382.6,
2026-06-12T13:30:00+08:00,COLLIE_BESS2,0.0,622.0,9,a474c2ad-18cb-499a-92d0-4e1aeb73291e,IN-SERVICE,NON-LIQUID,630.0,
2026-06-12T13:30:00+08:00,COLLIE_BESS2,0.0,1678.41,10,a474c2ad-18cb-499a-92d0-4e1aeb73291e,IN-SERVICE,NON-LIQUID,1700.0,
2026-06-12T13:30:00+08:00,COLLIE_ESR4,-250.0,117.81,1,4ab3bea3-c8f0-4234-9f70-a359deaf88b4,IN-SERVICE,NOT APPLICABLE,119.33,0.0
2026-06-12T13:30:00+08:00,COLLIE_ESR4,250.0,149.35,2,4ab3bea3-c8f0-4234-9f70-a359deaf88b4,IN-SERVICE,NOT APPLICABLE,151.27,0.0
2026-06-12T13:30:00+08:00,COLLIE_ESR5,-250.0,110.17,1,d3a4163b-3d55-4db5-a097-e6a849ef1e0b,IN-SERVICE,NOT APPLICABLE,111.59,0.0
2026-06-12T13:30:00+08:00,COLLIE_ESR5,250.0,149.35,2,d3a4163b-3d55-4db5-a097-e6a849ef1e0b,IN-SERVICE,NOT APPLICABLE,151.27,0.0
2026-06-12T13:35:00+08:00,KWINANA_ESR1,-100.0,97.18,1,29967180-aa7a-4d2a-81ad-2fcc2f7e2c5f,IN-SERVICE,NOT APPLICABLE,97.49,0.0
2026-06-12T13:35:00+08:00,KWINANA_ESR1,100.0,126.86,2,29967180-aa7a-4d2a-81ad-2fcc2f7e2c5f,IN-SERVICE,NOT APPLICABLE,127.27,0.0
2026-06-12T13:35:00+08:00,COLLIE_ESR1,0.0,-987.3,1,7ead4358-a953-428b-9d44-828a02f1c0cc,IN-SERVICE,NON-LIQUID,-1000.0,
2026-06-12T13:35:00+08:00,COLLIE_ESR1,-100.0,-42.46,2,7ead4358-a953-428b-9d44-828a02f1c0cc,IN-SERVICE,NON-LIQUID,-43.01,
2026-06-12T13:35:00+08:00,COLLIE_ESR1,-100.0,-10.0,3,7ead4358-a953-428b-9d44-828a02f1c0cc,IN-SERVICE,NON-LIQUID,-10.13,
2026-06-12T13:35:00+08:00,COLLIE_ESR1,0.0,34.02,4,7ead4358-a953-428b-9d44-828a02f1c0cc,IN-SERVICE,NON-LIQUID,34.46,
2026-06-12T13:35:00+08:00,COLLIE_ESR1,0.0,60.0,5,7ead4358-a953-428b-9d44-828a02f1c0cc,IN-SERVICE,NON-LIQUID,60.77,
2026-06-12T13:35:00+08:00,COLLIE_ESR1,100.0,150.0,6,7ead4358-a953-428b-9d44-828a02f1c0cc,IN-SERVICE,NON-LIQUID,151.93,
2026-06-12T13:35:00+08:00,COLLIE_ESR1,100.0,250.0,7,7ead4358-a953-428b-9d44-828a02f1c0cc,IN-SERVICE,NON-LIQUID,253.22,
2026-06-12T13:35:00+08:00,COLLIE_ESR1,0.0,400.0,8,7ead4358-a953-428b-9d44-828a02f1c0cc,IN-SERVICE,NON-LIQUID,405.15,
2026-06-12T13:35:00+08:00,COLLIE_ESR1,0.0,622.0,9,7ead4358-a953-428b-9d44-828a02f1c0cc,IN-SERVICE,NON-LIQUID,630.0,
2026-06-12T13:35:00+08:00,COLLIE_ESR1,0.0,1678.41,10,7ead4358-a953-428b-9d44-828a02f1c0cc,IN-SERVICE,NON-LIQUID,1700.0,
2026-06-12T13:35:00+08:00,KWINANA_ESR2,-225.0,111.4,1,a096c25f-7aa9-45a3-8128-8c436e518a4b,IN-SERVICE,NOT APPLICABLE,111.65,0.0
2026-06-12T13:35:00+08:00,KWINANA_ESR2,225.0,150.88,2,a096c25f-7aa9-45a3-8128-8c436e518a4b,IN-SERVICE,NOT APPLICABLE,151.21,0.0
2026-06-12T13:35:00+08:00,COLLIE_BESS2,0.0,-987.3,1,ab1584a3-2e30-4485-8659-5d4d90541add,IN-SERVICE,NON-LIQUID,-1000.0,
2026-06-12T13:35:00+08:00,COLLIE_BESS2,-150.0,-42.46,2,ab1584a3-2e30-4485-8659-5d4d90541add,IN-SERVICE,NON-LIQUID,-43.01,
2026-06-12T13:35:00+08:00,COLLIE_BESS2,-150.0,-10.0,3,ab1584a3-2e30-4485-8659-5d4d90541add,IN-SERVICE,NON-LIQUID,-10.13,
2026-06-12T13:35:00+08:00,COLLIE_BESS2,0.0,34.02,4,ab1584a3-2e30-4485-8659-5d4d90541add,IN-SERVICE,NON-LIQUID,34.46,
2026-06-12T13:35:00+08:00,COLLIE_BESS2,0.0,60.0,5,ab1584a3-2e30-4485-8659-5d4d90541add,IN-SERVICE,NON-LIQUID,60.77,
2026-06-12T13:35:00+08:00,COLLIE_BESS2,150.0,150.0,6,ab1584a3-2e30-4485-8659-5d4d90541add,IN-SERVICE,NON-LIQUID,151.93,
2026-06-12T13:35:00+08:00,COLLIE_BESS2,150.0,250.0,7,ab1584a3-2e30-4485-8659-5d4d90541add,IN-SERVICE,NON-LIQUID,253.22,
2026-06-12T13:35:00+08:00,COLLIE_BESS2,0.0,377.74,8,ab1584a3-2e30-4485-8659-5d4d90541add,IN-SERVICE,NON-LIQUID,382.6,
2026-06-12T13:35:00+08:00,COLLIE_BESS2,0.0,622.0,9,ab1584a3-2e30-4485-8659-5d4d90541add,IN-SERVICE,NON-LIQUID,630.0,
2026-06-12T13:35:00+08:00,COLLIE_BESS2,0.0,1678.41,10,ab1584a3-2e30-4485-8659-5d4d90541add,IN-SERVICE,NON-LIQUID,1700.0,
2026-06-12T13:35:00+08:00,COLLIE_ESR4,-250.0,117.81,1,4ab3bea3-c8f0-4234-9f70-a359deaf88b4,IN-SERVICE,NOT APPLICABLE,119.33,0.0
2026-06-12T13:35:00+08:00,COLLIE_ESR4,250.0,149.35,2,4ab3bea3-c8f0-4234-9f70-a359deaf88b4,IN-SERVICE,NOT APPLICABLE,151.27,0.0
2026-06-12T13:35:00+08:00,COLLIE_ESR5,-250.0,117.81,1,d3a4163b-3d55-4db5-a097-e6a849ef1e0b,IN-SERVICE,NOT APPLICABLE,119.33,0.0
2026-06-12T13:35:00+08:00,COLLIE_ESR5,250.0,149.35,2,d3a4163b-3d55-4db5-a097-e6a849ef1e0b,IN-SERVICE,NOT APPLICABLE,151.27,0.0
2026-06-12T13:40:00+08:00,KWINANA_ESR1,-100.0,104.52,1,71994046-bd8c-4c67-af5c-8b90ee3008dd,IN-SERVICE,NOT APPLICABLE,104.86,0.0
2026-06-12T13:40:00+08:00,KWINANA_ESR1,100.0,130.56,2,71994046-bd8c-4c67-af5c-8b90ee3008dd,IN-SERVICE,NOT APPLICABLE,130.98,0.0
2026-06-12T13:40:00+08:00,COLLIE_ESR1,0.0,-987.3,1,436a82d7-f34f-476f-9b94-f7da8dfae81d,IN-SERVICE,NON-LIQUID,-1000.0,
2026-06-12T13:40:00+08:00,COLLIE_ESR1,-100.0,-42.46,2,436a82d7-f34f-476f-9b94-f7da8dfae81d,IN-SERVICE,NON-LIQUID,-43.01,
2026-06-12T13:40:00+08:00,COLLIE_ESR1,-100.0,-10.0,3,436a82d7-f34f-476f-9b94-f7da8dfae81d,IN-SERVICE,NON-LIQUID,-10.13,
2026-06-12T13:40:00+08:00,COLLIE_ESR1,0.0,34.02,4,436a82d7-f34f-476f-9b94-f7da8dfae81d,IN-SERVICE,NON-LIQUID,34.46,
2026-06-12T13:40:00+08:00,COLLIE_ESR1,0.0,60.0,5,436a82d7-f34f-476f-9b94-f7da8dfae81d,IN-SERVICE,NON-LIQUID,60.77,
2026-06-12T13:40:00+08:00,COLLIE_ESR1,100.0,150.0,6,436a82d7-f34f-476f-9b94-f7da8dfae81d,IN-SERVICE,NON-LIQUID,151.93,
2026-06-12T13:40:00+08:00,COLLIE_ESR1,100.0,250.0,7,436a82d7-f34f-476f-9b94-f7da8dfae81d,IN-SERVICE,NON-LIQUID,253.22,
2026-06-12T13:40:00+08:00,COLLIE_ESR1,0.0,400.0,8,436a82d7-f34f-476f-9b94-f7da8dfae81d,IN-SERVICE,NON-LIQUID,405.15,
2026-06-12T13:40:00+08:00,COLLIE_ESR1,0.0,622.0,9,436a82d7-f34f-476f-9b94-f7da8dfae81d,IN-SERVICE,NON-LIQUID,630.0,
2026-06-12T13:40:00+08:00,COLLIE_ESR1,0.0,1678.41,10,436a82d7-f34f-476f-9b94-f7da8dfae81d,IN-SERVICE,NON-LIQUID,1700.0,
2026-06-12T13:40:00+08:00,KWINANA_ESR2,-225.0,103.68,1,7f523c8d-fe52-460a-b63f-5cac063e4500,IN-SERVICE,NOT APPLICABLE,103.91,0.0
2026-06-12T13:40:00+08:00,KWINANA_ESR2,225.0,135.44,2,7f523c8d-fe52-460a-b63f-5cac063e4500,IN-SERVICE,NOT APPLICABLE,135.74,0.0
2026-06-12T13:40:00+08:00,COLLIE_BESS2,0.0,-987.3,1,e615b552-f188-4f06-9028-2308e6722331,IN-SERVICE,NON-LIQUID,-1000.0,
2026-06-12T13:40:00+08:00,COLLIE_BESS2,-150.0,-42.46,2,e615b552-f188-4f06-9028-2308e6722331,IN-SERVICE,NON-LIQUID,-43.01,
2026-06-12T13:40:00+08:00,COLLIE_BESS2,-150.0,-10.0,3,e615b552-f188-4f06-9028-2308e6722331,IN-SERVICE,NON-LIQUID,-10.13,
2026-06-12T13:40:00+08:00,COLLIE_BESS2,0.0,34.02,4,e615b552-f188-4f06-9028-2308e6722331,IN-SERVICE,NON-LIQUID,34.46,
2026-06-12T13:40:00+08:00,COLLIE_BESS2,0.0,60.0,5,e615b552-f188-4f06-9028-2308e6722331,IN-SERVICE,NON-LIQUID,60.77,
2026-06-12T13:40:00+08:00,COLLIE_BESS2,150.0,150.0,6,e615b552-f188-4f06-9028-2308e6722331,IN-SERVICE,NON-LIQUID,151.93,
2026-06-12T13:40:00+08:00,COLLIE_BESS2,150.0,250.0,7,e615b552-f188-4f06-9028-2308e6722331,IN-SERVICE,NON-LIQUID,253.22,
2026-06-12T13:40:00+08:00,COLLIE_BESS2,0.0,377.74,8,e615b552-f188-4f06-9028-2308e6722331,IN-SERVICE,NON-LIQUID,382.6,
2026-06-12T13:40:00+08:00,COLLIE_BESS2,0.0,622.0,9,e615b552-f188-4f06-9028-2308e6722331,IN-SERVICE,NON-LIQUID,630.0,
2026-06-12T13:40:00+08:00,COLLIE_BESS2,0.0,1678.41,10,e615b552-f188-4f06-9028-2308e6722331,IN-SERVICE,NON-LIQUID,1700.0,
2026-06-12T13:40:00+08:00,COLLIE_ESR4,-250.0,102.53,1,689b1ef9-03a0-4ba8-9b44-b8f190571857,IN-SERVICE,NOT APPLICABLE,103.85,0.0
2026-06-12T13:40:00+08:00,COLLIE_ESR4,250.0,134.07,2,689b1ef9-03a0-4ba8-9b44-b8f190571857,IN-SERVICE,NOT APPLICABLE,135.79,0.0
2026-06-12T13:40:00+08:00,COLLIE_ESR5,-250.0,110.13,1,f18b34ed-5f0e-4ab8-b247-93178933216b,IN-SERVICE,NOT APPLICABLE,111.55,0.0
2026-06-12T13:40:00+08:00,COLLIE_ESR5,250.0,141.67,2,f18b34ed-5f0e-4ab8-b247-93178933216b,IN-SERVICE,NOT APPLICABLE,143.49,0.0
2026-06-12T13:45:00+08:00,KWINANA_ESR1,-100.0,104.52,1,71994046-bd8c-4c67-af5c-8b90ee3008dd,IN-SERVICE,NOT APPLICABLE,104.86,0.0
2026-06-12T13:45:00+08:00,KWINANA_ESR1,100.0,134.2,2,71994046-bd8c-4c67-af5c-8b90ee3008dd,IN-SERVICE,NOT APPLICABLE,134.63,0.0
2026-06-12T13:45:00+08:00,COLLIE_ESR1,0.0,-987.3,1,b0ba364f-b72e-4a32-8345-d18a1969c23b,IN-SERVICE,NON-LIQUID,-1000.0,
2026-06-12T13:45:00+08:00,COLLIE_ESR1,-100.0,-42.46,2,b0ba364f-b72e-4a32-8345-d18a1969c23b,IN-SERVICE,NON-LIQUID,-43.01,
2026-06-12T13:45:00+08:00,COLLIE_ESR1,-100.0,-10.0,3,b0ba364f-b72e-4a32-8345-d18a1969c23b,IN-SERVICE,NON-LIQUID,-10.13,
2026-06-12T13:45:00+08:00,COLLIE_ESR1,0.0,34.02,4,b0ba364f-b72e-4a32-8345-d18a1969c23b,IN-SERVICE,NON-LIQUID,34.46,
2026-06-12T13:45:00+08:00,COLLIE_ESR1,0.0,60.0,5,b0ba364f-b72e-4a32-8345-d18a1969c23b,IN-SERVICE,NON-LIQUID,60.77,
2026-06-12T13:45:00+08:00,COLLIE_ESR1,100.0,150.0,6,b0ba364f-b72e-4a32-8345-d18a1969c23b,IN-SERVICE,NON-LIQUID,151.93,
2026-06-12T13:45:00+08:00,COLLIE_ESR1,100.0,250.0,7,b0ba364f-b72e-4a32-8345-d18a1969c23b,IN-SERVICE,NON-LIQUID,253.22,
2026-06-12T13:45:00+08:00,COLLIE_ESR1,0.0,400.0,8,b0ba364f-b72e-4a32-8345-d18a1969c23b,IN-SERVICE,NON-LIQUID,405.15,
2026-06-12T13:45:00+08:00,COLLIE_ESR1,0.0,622.0,9,b0ba364f-b72e-4a32-8345-d18a1969c23b,IN-SERVICE,NON-LIQUID,630.0,
2026-06-12T13:45:00+08:00,COLLIE_ESR1,0.0,1678.41,10,b0ba364f-b72e-4a32-8345-d18a1969c23b,IN-SERVICE,NON-LIQUID,1700.0,
2026-06-12T13:45:00+08:00,KWINANA_ESR2,-225.0,103.68,1,7f523c8d-fe52-460a-b63f-5cac063e4500,IN-SERVICE,NOT APPLICABLE,103.91,0.0
2026-06-12T13:45:00+08:00,KWINANA_ESR2,225.0,135.44,2,7f523c8d-fe52-460a-b63f-5cac063e4500,IN-SERVICE,NOT APPLICABLE,135.74,0.0
2026-06-12T13:45:00+08:00,COLLIE_BESS2,0.0,-987.3,1,0464d719-1f41-48c7-bd4d-a0458cda88a9,IN-SERVICE,NON-LIQUID,-1000.0,
2026-06-12T13:45:00+08:00,COLLIE_BESS2,-150.0,-42.46,2,0464d719-1f41-48c7-bd4d-a0458cda88a9,IN-SERVICE,NON-LIQUID,-43.01,
2026-06-12T13:45:00+08:00,COLLIE_BESS2,-150.0,-10.0,3,0464d719-1f41-48c7-bd4d-a0458cda88a9,IN-SERVICE,NON-LIQUID,-10.13,
2026-06-12T13:45:00+08:00,COLLIE_BESS2,0.0,34.02,4,0464d719-1f41-48c7-bd4d-a0458cda88a9,IN-SERVICE,NON-LIQUID,34.46,
2026-06-12T13:45:00+08:00,COLLIE_BESS2,0.0,60.0,5,0464d719-1f41-48c7-bd4d-a0458cda88a9,IN-SERVICE,NON-LIQUID,60.77,
2026-06-12T13:45:00+08:00,COLLIE_BESS2,150.0,150.0,6,0464d719-1f41-48c7-bd4d-a0458cda88a9,IN-SERVICE,NON-LIQUID,151.93,
2026-06-12T13:45:00+08:00,COLLIE_BESS2,150.0,250.0,7,0464d719-1f41-48c7-bd4d-a0458cda88a9,IN-SERVICE,NON-LIQUID,253.22,
2026-06-12T13:45:00+08:00,COLLIE_BESS2,0.0,377.74,8,0464d719-1f41-48c7-bd4d-a0458cda88a9,IN-SERVICE,NON-LIQUID,382.6,
2026-06-12T13:45:00+08:00,COLLIE_BESS2,0.0,622.0,9,0464d719-1f41-48c7-bd4d-a0458cda88a9,IN-SERVICE,NON-LIQUID,630.0,
2026-06-12T13:45:00+08:00,COLLIE_BESS2,0.0,1678.41,10,0464d719-1f41-48c7-bd4d-a0458cda88a9,IN-SERVICE,NON-LIQUID,1700.0,
2026-06-12T13:45:00+08:00,COLLIE_ESR4,-250.0,102.53,1,689b1ef9-03a0-4ba8-9b44-b8f190571857,IN-SERVICE,NOT APPLICABLE,103.85,0.0
2026-06-12T13:45:00+08:00,COLLIE_ESR4,250.0,134.07,2,689b1ef9-03a0-4ba8-9b44-b8f190571857,IN-SERVICE,NOT APPLICABLE,135.79,0.0
2026-06-12T13:45:00+08:00,COLLIE_ESR5,-250.0,110.13,1,f18b34ed-5f0e-4ab8-b247-93178933216b,IN-SERVICE,NOT APPLICABLE,111.55,0.0
2026-06-12T13:45:00+08:00,COLLIE_ESR5,250.0,141.67,2,f18b34ed-5f0e-4ab8-b247-93178933216b,IN-SERVICE,NOT APPLICABLE,143.49,0.0
2026-06-12T13:50:00+08:00,KWINANA_ESR1,-100.0,104.56,1,71994046-bd8c-4c67-af5c-8b90ee3008dd,IN-SERVICE,NOT APPLICABLE,104.9,0.0
2026-06-12T13:50:00+08:00,KWINANA_ESR1,100.0,134.2,2,71994046-bd8c-4c67-af5c-8b90ee3008dd,IN-SERVICE,NOT APPLICABLE,134.63,0.0
2026-06-12T13:50:00+08:00,COLLIE_ESR1,0.0,-987.3,1,243450f1-930f-454f-b31f-183bbfb2cd02,IN-SERVICE,NON-LIQUID,-1000.0,
2026-06-12T13:50:00+08:00,COLLIE_ESR1,-100.0,-42.46,2,243450f1-930f-454f-b31f-183bbfb2cd02,IN-SERVICE,NON-LIQUID,-43.01,
2026-06-12T13:50:00+08:00,COLLIE_ESR1,-100.0,-10.0,3,243450f1-930f-454f-b31f-183bbfb2cd02,IN-SERVICE,NON-LIQUID,-10.13,
2026-06-12T13:50:00+08:00,COLLIE_ESR1,0.0,34.02,4,243450f1-930f-454f-b31f-183bbfb2cd02,IN-SERVICE,NON-LIQUID,34.46,
2026-06-12T13:50:00+08:00,COLLIE_ESR1,0.0,60.0,5,243450f1-930f-454f-b31f-183bbfb2cd02,IN-SERVICE,NON-LIQUID,60.77,
2026-06-12T13:50:00+08:00,COLLIE_ESR1,100.0,150.0,6,243450f1-930f-454f-b31f-183bbfb2cd02,IN-SERVICE,NON-LIQUID,151.93,
2026-06-12T13:50:00+08:00,COLLIE_ESR1,100.0,250.0,7,243450f1-930f-454f-b31f-183bbfb2cd02,IN-SERVICE,NON-LIQUID,253.22,
2026-06-12T13:50:00+08:00,COLLIE_ESR1,0.0,400.0,8,243450f1-930f-454f-b31f-183bbfb2cd02,IN-SERVICE,NON-LIQUID,405.15,
2026-06-12T13:50:00+08:00,COLLIE_ESR1,0.0,622.0,9,243450f1-930f-454f-b31f-183bbfb2cd02,IN-SERVICE,NON-LIQUID,630.0,
2026-06-12T13:50:00+08:00,COLLIE_ESR1,0.0,1678.41,10,243450f1-930f-454f-b31f-183bbfb2cd02,IN-SERVICE,NON-LIQUID,1700.0,
2026-06-12T13:50:00+08:00,KWINANA_ESR2,-225.0,103.68,1,7f523c8d-fe52-460a-b63f-5cac063e4500,IN-SERVICE,NOT APPLICABLE,103.91,0.0
2026-06-12T13:50:00+08:00,KWINANA_ESR2,225.0,135.44,2,7f523c8d-fe52-460a-b63f-5cac063e4500,IN-SERVICE,NOT APPLICABLE,135.74,0.0
2026-06-12T13:50:00+08:00,COLLIE_BESS2,0.0,-987.3,1,474c68d2-37e2-4594-b75f-aaa3dfdbf3ed,IN-SERVICE,NON-LIQUID,-1000.0,
2026-06-12T13:50:00+08:00,COLLIE_BESS2,-150.0,-42.46,2,474c68d2-37e2-4594-b75f-aaa3dfdbf3ed,IN-SERVICE,NON-LIQUID,-43.01,
2026-06-12T13:50:00+08:00,COLLIE_BESS2,-150.0,-10.0,3,474c68d2-37e2-4594-b75f-aaa3dfdbf3ed,IN-SERVICE,NON-LIQUID,-10.13,
2026-06-12T13:50:00+08:00,COLLIE_BESS2,0.0,34.02,4,474c68d2-37e2-4594-b75f-aaa3dfdbf3ed,IN-SERVICE,NON-LIQUID,34.46,
2026-06-12T13:50:00+08:00,COLLIE_BESS2,0.0,60.0,5,474c68d2-37e2-4594-b75f-aaa3dfdbf3ed,IN-SERVICE,NON-LIQUID,60.77,
2026-06-12T13:50:00+08:00,COLLIE_BESS2,150.0,150.0,6,474c68d2-37e2-4594-b75f-aaa3dfdbf3ed,IN-SERVICE,NON-LIQUID,151.93,
2026-06-12T13:50:00+08:00,COLLIE_BESS2,150.0,250.0,7,474c68d2-37e2-4594-b75f-aaa3dfdbf3ed,IN-SERVICE,NON-LIQUID,253.22,
2026-06-12T13:50:00+08:00,COLLIE_BESS2,0.0,377.74,8,474c68d2-37e2-4594-b75f-aaa3dfdbf3ed,IN-SERVICE,NON-LIQUID,382.6,
2026-06-12T13:50:00+08:00,COLLIE_BESS2,0.0,622.0,9,474c68d2-37e2-4594-b75f-aaa3dfdbf3ed,IN-SERVICE,NON-LIQUID,630.0,
2026-06-12T13:50:00+08:00,COLLIE_BESS2,0.0,1678.41,10,474c68d2-37e2-4594-b75f-aaa3dfdbf3ed,IN-SERVICE,NON-LIQUID,1700.0,
2026-06-12T13:50:00+08:00,COLLIE_ESR4,-250.0,102.53,1,689b1ef9-03a0-4ba8-9b44-b8f190571857,IN-SERVICE,NOT APPLICABLE,103.85,0.0
2026-06-12T13:50:00+08:00,COLLIE_ESR4,250.0,134.07,2,689b1ef9-03a0-4ba8-9b44-b8f190571857,IN-SERVICE,NOT APPLICABLE,135.79,0.0
2026-06-12T13:50:00+08:00,COLLIE_ESR5,-250.0,110.13,1,f18b34ed-5f0e-4ab8-b247-93178933216b,IN-SERVICE,NOT APPLICABLE,111.55,0.0
2026-06-12T13:50:00+08:00,COLLIE_ESR5,250.0,141.67,2,f18b34ed-5f0e-4ab8-b247-93178933216b,IN-SERVICE,NOT APPLICABLE,143.49,0.0
2026-06-12T13:55:00+08:00,KWINANA_ESR1,-100.0,87.4,1,286dd623-986a-4267-aa10-1e2cc323586e,IN-SERVICE,NOT APPLICABLE,87.68,0.0
2026-06-12T13:55:00+08:00,KWINANA_ESR1,100.0,117.08,2,286dd623-986a-4267-aa10-1e2cc323586e,IN-SERVICE,NOT APPLICABLE,117.46,0.0
2026-06-12T13:55:00+08:00,COLLIE_ESR1,0.0,-987.3,1,55e6915c-7f63-4a9f-a285-1f021d014edc,IN-SERVICE,NON-LIQUID,-1000.0,
2026-06-12T13:55:00+08:00,COLLIE_ESR1,-100.0,-42.46,2,55e6915c-7f63-4a9f-a285-1f021d014edc,IN-SERVICE,NON-LIQUID,-43.01,
2026-06-12T13:55:00+08:00,COLLIE_ESR1,-100.0,-10.0,3,55e6915c-7f63-4a9f-a285-1f021d014edc,IN-SERVICE,NON-LIQUID,-10.13,
2026-06-12T13:55:00+08:00,COLLIE_ESR1,0.0,34.02,4,55e6915c-7f63-4a9f-a285-1f021d014edc,IN-SERVICE,NON-LIQUID,34.46,
2026-06-12T13:55:00+08:00,COLLIE_ESR1,0.0,60.0,5,55e6915c-7f63-4a9f-a285-1f021d014edc,IN-SERVICE,NON-LIQUID,60.77,
2026-06-12T13:55:00+08:00,COLLIE_ESR1,100.0,150.0,6,55e6915c-7f63-4a9f-a285-1f021d014edc,IN-SERVICE,NON-LIQUID,151.93,
2026-06-12T13:55:00+08:00,COLLIE_ESR1,100.0,250.0,7,55e6915c-7f63-4a9f-a285-1f021d014edc,IN-SERVICE,NON-LIQUID,253.22,
2026-06-12T13:55:00+08:00,COLLIE_ESR1,0.0,400.0,8,55e6915c-7f63-4a9f-a285-1f021d014edc,IN-SERVICE,NON-LIQUID,405.15,
2026-06-12T13:55:00+08:00,COLLIE_ESR1,0.0,622.0,9,55e6915c-7f63-4a9f-a285-1f021d014edc,IN-SERVICE,NON-LIQUID,630.0,
2026-06-12T13:55:00+08:00,COLLIE_ESR1,0.0,1678.41,10,55e6915c-7f63-4a9f-a285-1f021d014edc,IN-SERVICE,NON-LIQUID,1700.0,
2026-06-12T13:55:00+08:00,KWINANA_ESR2,-225.0,95.83,1,b43f9574-f062-4c35-9675-afb0f787ee2b,IN-SERVICE,NOT APPLICABLE,96.04,0.0
2026-06-12T13:55:00+08:00,KWINANA_ESR2,225.0,127.59,2,b43f9574-f062-4c35-9675-afb0f787ee2b,IN-SERVICE,NOT APPLICABLE,127.87,0.0
2026-06-12T13:55:00+08:00,COLLIE_BESS2,0.0,-987.3,1,dcca04f2-bba2-468b-99fc-e588c60a5066,IN-SERVICE,NON-LIQUID,-1000.0,
2026-06-12T13:55:00+08:00,COLLIE_BESS2,-150.0,-42.46,2,dcca04f2-bba2-468b-99fc-e588c60a5066,IN-SERVICE,NON-LIQUID,-43.01,
2026-06-12T13:55:00+08:00,COLLIE_BESS2,-150.0,-10.0,3,dcca04f2-bba2-468b-99fc-e588c60a5066,IN-SERVICE,NON-LIQUID,-10.13,
2026-06-12T13:55:00+08:00,COLLIE_BESS2,0.0,34.02,4,dcca04f2-bba2-468b-99fc-e588c60a5066,IN-SERVICE,NON-LIQUID,34.46,
2026-06-12T13:55:00+08:00,COLLIE_BESS2,0.0,60.0,5,dcca04f2-bba2-468b-99fc-e588c60a5066,IN-SERVICE,NON-LIQUID,60.77,
2026-06-12T13:55:00+08:00,COLLIE_BESS2,150.0,150.0,6,dcca04f2-bba2-468b-99fc-e588c60a5066,IN-SERVICE,NON-LIQUID,151.93,
2026-06-12T13:55:00+08:00,COLLIE_BESS2,150.0,250.0,7,dcca04f2-bba2-468b-99fc-e588c60a5066,IN-SERVICE,NON-LIQUID,253.22,
2026-06-12T13:55:00+08:00,COLLIE_BESS2,0.0,377.74,8,dcca04f2-bba2-468b-99fc-e588c60a5066,IN-SERVICE,NON-LIQUID,382.6,
2026-06-12T13:55:00+08:00,COLLIE_BESS2,0.0,622.0,9,dcca04f2-bba2-468b-99fc-e588c60a5066,IN-SERVICE,NON-LIQUID,630.0,
2026-06-12T13:55:00+08:00,COLLIE_BESS2,0.0,1678.41,10,dcca04f2-bba2-468b-99fc-e588c60a5066,IN-SERVICE,NON-LIQUID,1700.0,
2026-06-12T13:55:00+08:00,COLLIE_ESR4,-250.0,94.77,1,711de48c-e25d-44e7-9009-d2c22535e460,IN-SERVICE,NOT APPLICABLE,95.99,0.0
2026-06-12T13:55:00+08:00,COLLIE_ESR4,250.0,126.39,2,711de48c-e25d-44e7-9009-d2c22535e460,IN-SERVICE,NOT APPLICABLE,128.02,0.0
2026-06-12T13:55:00+08:00,COLLIE_ESR5,-250.0,94.85,1,0826e50d-da6a-423f-acb5-94a48ca8bc78,IN-SERVICE,NOT APPLICABLE,96.07,0.0
2026-06-12T13:55:00+08:00,COLLIE_ESR5,250.0,126.39,2,0826e50d-da6a-423f-acb5-94a48ca8bc78,IN-SERVICE,NOT APPLICABLE,128.02,0.0
2026-06-12T14:00:00+08:00,KWINANA_ESR1,-100.0,94.86,1,286dd623-986a-4267-aa10-1e2cc323586e,IN-SERVICE,NOT APPLICABLE,95.16,0.0
2026-06-12T14:00:00+08:00,KWINANA_ESR1,100.0,106.48,2,286dd623-986a-4267-aa10-1e2cc323586e,IN-SERVICE,NOT APPLICABLE,106.82,0.0
2026-06-12T14:00:00+08:00,COLLIE_ESR1,0.0,-987.3,1,81f4d1ae-6470-4086-af4c-5135498f5475,IN-SERVICE,NON-LIQUID,-1000.0,
2026-06-12T14:00:00+08:00,COLLIE_ESR1,-100.0,-42.46,2,81f4d1ae-6470-4086-af4c-5135498f5475,IN-SERVICE,NON-LIQUID,-43.01,
2026-06-12T14:00:00+08:00,COLLIE_ESR1,-100.0,-10.0,3,81f4d1ae-6470-4086-af4c-5135498f5475,IN-SERVICE,NON-LIQUID,-10.13,
2026-06-12T14:00:00+08:00,COLLIE_ESR1,0.0,34.02,4,81f4d1ae-6470-4086-af4c-5135498f5475,IN-SERVICE,NON-LIQUID,34.46,
2026-06-12T14:00:00+08:00,COLLIE_ESR1,0.0,60.0,5,81f4d1ae-6470-4086-af4c-5135498f5475,IN-SERVICE,NON-LIQUID,60.77,
2026-06-12T14:00:00+08:00,COLLIE_ESR1,100.0,150.0,6,81f4d1ae-6470-4086-af4c-5135498f5475,IN-SERVICE,NON-LIQUID,151.93,
2026-06-12T14:00:00+08:00,COLLIE_ESR1,100.0,250.0,7,81f4d1ae-6470-4086-af4c-5135498f5475,IN-SERVICE,NON-LIQUID,253.22,
2026-06-12T14:00:00+08:00,COLLIE_ESR1,0.0,400.0,8,81f4d1ae-6470-4086-af4c-5135498f5475,IN-SERVICE,NON-LIQUID,405.15,
2026-06-12T14:00:00+08:00,COLLIE_ESR1,0.0,622.0,9,81f4d1ae-6470-4086-af4c-5135498f5475,IN-SERVICE,NON-LIQUID,630.0,
2026-06-12T14:00:00+08:00,COLLIE_ESR1,0.0,1678.41,10,81f4d1ae-6470-4086-af4c-5135498f5475,IN-SERVICE,NON-LIQUID,1700.0,
2026-06-12T14:00:00+08:00,KWINANA_ESR2,-225.0,103.99,1,b43f9574-f062-4c35-9675-afb0f787ee2b,IN-SERVICE,NOT APPLICABLE,104.22,0.0
2026-06-12T14:00:00+08:00,KWINANA_ESR2,225.0,119.43,2,b43f9574-f062-4c35-9675-afb0f787ee2b,IN-SERVICE,NOT APPLICABLE,119.69,0.0
2026-06-12T14:00:00+08:00,COLLIE_BESS2,0.0,-987.3,1,1d6e4468-00db-451d-8e36-ff31d169e188,IN-SERVICE,NON-LIQUID,-1000.0,
2026-06-12T14:00:00+08:00,COLLIE_BESS2,-150.0,-42.46,2,1d6e4468-00db-451d-8e36-ff31d169e188,IN-SERVICE,NON-LIQUID,-43.01,
2026-06-12T14:00:00+08:00,COLLIE_BESS2,-150.0,-10.0,3,1d6e4468-00db-451d-8e36-ff31d169e188,IN-SERVICE,NON-LIQUID,-10.13,
2026-06-12T14:00:00+08:00,COLLIE_BESS2,0.0,34.02,4,1d6e4468-00db-451d-8e36-ff31d169e188,IN-SERVICE,NON-LIQUID,34.46,
2026-06-12T14:00:00+08:00,COLLIE_BESS2,0.0,60.0,5,1d6e4468-00db-451d-8e36-ff31d169e188,IN-SERVICE,NON-LIQUID,60.77,
2026-06-12T14:00:00+08:00,COLLIE_BESS2,150.0,150.0,6,1d6e4468-00db-451d-8e36-ff31d169e188,IN-SERVICE,NON-LIQUID,151.93,
2026-06-12T14:00:00+08:00,COLLIE_BESS2,150.0,250.0,7,1d6e4468-00db-451d-8e36-ff31d169e188,IN-SERVICE,NON-LIQUID,253.22,
2026-06-12T14:00:00+08:00,COLLIE_BESS2,0.0,367.0,8,1d6e4468-00db-451d-8e36-ff31d169e188,IN-SERVICE,NON-LIQUID,371.72,
2026-06-12T14:00:00+08:00,COLLIE_BESS2,0.0,622.0,9,1d6e4468-00db-451d-8e36-ff31d169e188,IN-SERVICE,NON-LIQUID,630.0,
2026-06-12T14:00:00+08:00,COLLIE_BESS2,0.0,1678.41,10,1d6e4468-00db-451d-8e36-ff31d169e188,IN-SERVICE,NON-LIQUID,1700.0,
2026-06-12T14:00:00+08:00,COLLIE_ESR4,-250.0,102.86,1,711de48c-e25d-44e7-9009-d2c22535e460,IN-SERVICE,NOT APPLICABLE,104.18,0.0
2026-06-12T14:00:00+08:00,COLLIE_ESR4,250.0,118.3,2,711de48c-e25d-44e7-9009-d2c22535e460,IN-SERVICE,NOT APPLICABLE,119.82,0.0
2026-06-12T14:00:00+08:00,COLLIE_ESR5,-250.0,103.06,1,0826e50d-da6a-423f-acb5-94a48ca8bc78,IN-SERVICE,NOT APPLICABLE,104.39,0.0
2026-06-12T14:00:00+08:00,COLLIE_ESR5,250.0,118.18,2,0826e50d-da6a-423f-acb5-94a48ca8bc78,IN-SERVICE,NOT APPLICABLE,119.7,0.0
2026-06-12T14:05:00+08:00,KWINANA_ESR1,-34.432,89.32,1,286dd623-986a-4267-aa10-1e2cc323586e,IN-SERVICE,NOT APPLICABLE,89.61,0.0
2026-06-12T14:05:00+08:00,KWINANA_ESR1,-65.568,94.86,2,286dd623-986a-4267-aa10-1e2cc323586e,IN-SERVICE,NOT APPLICABLE,95.16,0.0
2026-06-12T14:05:00+08:00,KWINANA_ESR1,100.0,105.18,3,286dd623-986a-4267-aa10-1e2cc323586e,IN-SERVICE,NOT APPLICABLE,105.52,0.0
2026-06-12T14:05:00+08:00,COLLIE_ESR1,0.0,-987.3,1,9011829d-5297-4c16-9e7f-661061915ef2,IN-SERVICE,NON-LIQUID,-1000.0,
2026-06-12T14:05:00+08:00,COLLIE_ESR1,-100.0,-42.46,2,9011829d-5297-4c16-9e7f-661061915ef2,IN-SERVICE,NON-LIQUID,-43.01,
2026-06-12T14:05:00+08:00,COLLIE_ESR1,-100.0,-10.0,3,9011829d-5297-4c16-9e7f-661061915ef2,IN-SERVICE,NON-LIQUID,-10.13,
2026-06-12T14:05:00+08:00,COLLIE_ESR1,0.0,34.02,4,9011829d-5297-4c16-9e7f-661061915ef2,IN-SERVICE,NON-LIQUID,34.46,
2026-06-12T14:05:00+08:00,COLLIE_ESR1,0.0,41.59,5,9011829d-5297-4c16-9e7f-661061915ef2,IN-SERVICE,NON-LIQUID,42.12,
2026-06-12T14:05:00+08:00,COLLIE_ESR1,100.0,150.0,6,9011829d-5297-4c16-9e7f-661061915ef2,IN-SERVICE,NON-LIQUID,151.93,
2026-06-12T14:05:00+08:00,COLLIE_ESR1,100.0,250.0,7,9011829d-5297-4c16-9e7f-661061915ef2,IN-SERVICE,NON-LIQUID,253.22,
2026-06-12T14:05:00+08:00,COLLIE_ESR1,0.0,400.0,8,9011829d-5297-4c16-9e7f-661061915ef2,IN-SERVICE,NON-LIQUID,405.15,
2026-06-12T14:05:00+08:00,COLLIE_ESR1,0.0,622.0,9,9011829d-5297-4c16-9e7f-661061915ef2,IN-SERVICE,NON-LIQUID,630.0,
2026-06-12T14:05:00+08:00,COLLIE_ESR1,0.0,1678.41,10,9011829d-5297-4c16-9e7f-661061915ef2,IN-SERVICE,NON-LIQUID,1700.0,
2026-06-12T14:05:00+08:00,KWINANA_ESR2,-225.0,103.99,1,b43f9574-f062-4c35-9675-afb0f787ee2b,IN-SERVICE,NOT APPLICABLE,104.22,0.0
2026-06-12T14:05:00+08:00,KWINANA_ESR2,225.0,119.43,2,b43f9574-f062-4c35-9675-afb0f787ee2b,IN-SERVICE,NOT APPLICABLE,119.69,0.0
2026-06-12T14:05:00+08:00,COLLIE_BESS2,0.0,-987.3,1,c2b58f6d-2cb7-4432-99a5-ef4eeb830225,IN-SERVICE,NON-LIQUID,-1000.0,
2026-06-12T14:05:00+08:00,COLLIE_BESS2,-150.0,-42.46,2,c2b58f6d-2cb7-4432-99a5-ef4eeb830225,IN-SERVICE,NON-LIQUID,-43.01,
2026-06-12T14:05:00+08:00,COLLIE_BESS2,-150.0,-10.0,3,c2b58f6d-2cb7-4432-99a5-ef4eeb830225,IN-SERVICE,NON-LIQUID,-10.13,
2026-06-12T14:05:00+08:00,COLLIE_BESS2,0.0,34.02,4,c2b58f6d-2cb7-4432-99a5-ef4eeb830225,IN-SERVICE,NON-LIQUID,34.46,
2026-06-12T14:05:00+08:00,COLLIE_BESS2,0.0,41.59,5,c2b58f6d-2cb7-4432-99a5-ef4eeb830225,IN-SERVICE,NON-LIQUID,42.12,
2026-06-12T14:05:00+08:00,COLLIE_BESS2,150.0,150.0,6,c2b58f6d-2cb7-4432-99a5-ef4eeb830225,IN-SERVICE,NON-LIQUID,151.93,
2026-06-12T14:05:00+08:00,COLLIE_BESS2,150.0,250.0,7,c2b58f6d-2cb7-4432-99a5-ef4eeb830225,IN-SERVICE,NON-LIQUID,253.22,
2026-06-12T14:05:00+08:00,COLLIE_BESS2,0.0,367.0,8,c2b58f6d-2cb7-4432-99a5-ef4eeb830225,IN-SERVICE,NON-LIQUID,371.72,
2026-06-12T14:05:00+08:00,COLLIE_BESS2,0.0,622.0,9,c2b58f6d-2cb7-4432-99a5-ef4eeb830225,IN-SERVICE,NON-LIQUID,630.0,
2026-06-12T14:05:00+08:00,COLLIE_BESS2,0.0,1678.41,10,c2b58f6d-2cb7-4432-99a5-ef4eeb830225,IN-SERVICE,NON-LIQUID,1700.0,
2026-06-12T14:05:00+08:00,COLLIE_ESR4,-250.0,102.86,1,711de48c-e25d-44e7-9009-d2c22535e460,IN-SERVICE,NOT APPLICABLE,104.18,0.0
2026-06-12T14:05:00+08:00,COLLIE_ESR4,250.0,118.3,2,711de48c-e25d-44e7-9009-d2c22535e460,IN-SERVICE,NOT APPLICABLE,119.82,0.0
2026-06-12T14:05:00+08:00,COLLIE_ESR5,-250.0,103.06,1,0826e50d-da6a-423f-acb5-94a48ca8bc78,IN-SERVICE,NOT APPLICABLE,104.39,0.0
2026-06-12T14:05:00+08:00,COLLIE_ESR5,250.0,118.18,2,0826e50d-da6a-423f-acb5-94a48ca8bc78,IN-SERVICE,NOT APPLICABLE,119.7,0.0
2026-06-12T14:10:00+08:00,KWINANA_ESR1,-100.0,87.21,1,a8b9196d-9ea5-4b6e-9600-436105125c33,IN-SERVICE,NOT APPLICABLE,87.49,0.0
2026-06-12T14:10:00+08:00,KWINANA_ESR1,100.0,101.97,2,a8b9196d-9ea5-4b6e-9600-436105125c33,IN-SERVICE,NOT APPLICABLE,102.3,0.0
2026-06-12T14:10:00+08:00,COLLIE_ESR1,0.0,-987.3,1,b6b8a826-2cc2-4f5f-98b6-6c27986a0f89,IN-SERVICE,NON-LIQUID,-1000.0,
2026-06-12T14:10:00+08:00,COLLIE_ESR1,-100.0,-42.46,2,b6b8a826-2cc2-4f5f-98b6-6c27986a0f89,IN-SERVICE,NON-LIQUID,-43.01,
2026-06-12T14:10:00+08:00,COLLIE_ESR1,-100.0,-10.0,3,b6b8a826-2cc2-4f5f-98b6-6c27986a0f89,IN-SERVICE,NON-LIQUID,-10.13,
2026-06-12T14:10:00+08:00,COLLIE_ESR1,0.0,34.02,4,b6b8a826-2cc2-4f5f-98b6-6c27986a0f89,IN-SERVICE,NON-LIQUID,34.46,
2026-06-12T14:10:00+08:00,COLLIE_ESR1,0.0,60.0,5,b6b8a826-2cc2-4f5f-98b6-6c27986a0f89,IN-SERVICE,NON-LIQUID,60.77,
2026-06-12T14:10:00+08:00,COLLIE_ESR1,100.0,150.0,6,b6b8a826-2cc2-4f5f-98b6-6c27986a0f89,IN-SERVICE,NON-LIQUID,151.93,
2026-06-12T14:10:00+08:00,COLLIE_ESR1,100.0,250.0,7,b6b8a826-2cc2-4f5f-98b6-6c27986a0f89,IN-SERVICE,NON-LIQUID,253.22,
2026-06-12T14:10:00+08:00,COLLIE_ESR1,0.0,400.0,8,b6b8a826-2cc2-4f5f-98b6-6c27986a0f89,IN-SERVICE,NON-LIQUID,405.15,
2026-06-12T14:10:00+08:00,COLLIE_ESR1,0.0,622.0,9,b6b8a826-2cc2-4f5f-98b6-6c27986a0f89,IN-SERVICE,NON-LIQUID,630.0,
2026-06-12T14:10:00+08:00,COLLIE_ESR1,0.0,1678.41,10,b6b8a826-2cc2-4f5f-98b6-6c27986a0f89,IN-SERVICE,NON-LIQUID,1700.0,
2026-06-12T14:10:00+08:00,KWINANA_ESR2,-225.0,86.96,1,f00b2cf3-bafe-4cc2-a11d-34fcd7cc4881,IN-SERVICE,NOT APPLICABLE,87.15,0.0
2026-06-12T14:10:00+08:00,KWINANA_ESR2,225.0,110.07,2,f00b2cf3-bafe-4cc2-a11d-34fcd7cc4881,IN-SERVICE,NOT APPLICABLE,110.31,0.0
2026-06-12T14:10:00+08:00,COLLIE_BESS2,0.0,-987.3,1,5b5f37ce-ff2d-4aaa-8bf5-013c5c1c014e,IN-SERVICE,NON-LIQUID,-1000.0,
2026-06-12T14:10:00+08:00,COLLIE_BESS2,-150.0,-42.46,2,5b5f37ce-ff2d-4aaa-8bf5-013c5c1c014e,IN-SERVICE,NON-LIQUID,-43.01,
2026-06-12T14:10:00+08:00,COLLIE_BESS2,-150.0,-10.0,3,5b5f37ce-ff2d-4aaa-8bf5-013c5c1c014e,IN-SERVICE,NON-LIQUID,-10.13,
2026-06-12T14:10:00+08:00,COLLIE_BESS2,0.0,34.02,4,5b5f37ce-ff2d-4aaa-8bf5-013c5c1c014e,IN-SERVICE,NON-LIQUID,34.46,
2026-06-12T14:10:00+08:00,COLLIE_BESS2,0.0,60.0,5,5b5f37ce-ff2d-4aaa-8bf5-013c5c1c014e,IN-SERVICE,NON-LIQUID,60.77,
2026-06-12T14:10:00+08:00,COLLIE_BESS2,150.0,150.0,6,5b5f37ce-ff2d-4aaa-8bf5-013c5c1c014e,IN-SERVICE,NON-LIQUID,151.93,
2026-06-12T14:10:00+08:00,COLLIE_BESS2,150.0,250.0,7,5b5f37ce-ff2d-4aaa-8bf5-013c5c1c014e,IN-SERVICE,NON-LIQUID,253.22,
2026-06-12T14:10:00+08:00,COLLIE_BESS2,0.0,367.0,8,5b5f37ce-ff2d-4aaa-8bf5-013c5c1c014e,IN-SERVICE,NON-LIQUID,371.72,
2026-06-12T14:10:00+08:00,COLLIE_BESS2,0.0,622.0,9,5b5f37ce-ff2d-4aaa-8bf5-013c5c1c014e,IN-SERVICE,NON-LIQUID,630.0,
2026-06-12T14:10:00+08:00,COLLIE_BESS2,0.0,1678.41,10,5b5f37ce-ff2d-4aaa-8bf5-013c5c1c014e,IN-SERVICE,NON-LIQUID,1700.0,
2026-06-12T14:10:00+08:00,COLLIE_ESR4,-250.0,93.59,1,ce215675-8f88-4ccc-a3f5-77545f17920d,IN-SERVICE,NOT APPLICABLE,94.79,0.0
2026-06-12T14:10:00+08:00,COLLIE_ESR4,250.0,110.58,2,ce215675-8f88-4ccc-a3f5-77545f17920d,IN-SERVICE,NOT APPLICABLE,112.0,0.0
2026-06-12T14:10:00+08:00,COLLIE_ESR5,-250.0,87.53,1,fcb5484f-f360-4dba-ab1d-a17f19abf9d6,IN-SERVICE,NOT APPLICABLE,88.66,0.0
2026-06-12T14:10:00+08:00,COLLIE_ESR5,250.0,110.42,2,fcb5484f-f360-4dba-ab1d-a17f19abf9d6,IN-SERVICE,NOT APPLICABLE,111.84,0.0
2026-06-12T14:15:00+08:00,KWINANA_ESR1,-100.0,88.62,1,a8b9196d-9ea5-4b6e-9600-436105125c33,IN-SERVICE,NOT APPLICABLE,88.9,0.0
2026-06-12T14:15:00+08:00,KWINANA_ESR1,55.884,101.97,2,a8b9196d-9ea5-4b6e-9600-436105125c33,IN-SERVICE,NOT APPLICABLE,102.3,0.0
2026-06-12T14:15:00+08:00,KWINANA_ESR1,44.116,102.24,3,a8b9196d-9ea5-4b6e-9600-436105125c33,IN-SERVICE,NOT APPLICABLE,102.57,0.0
2026-06-12T14:15:00+08:00,COLLIE_ESR1,0.0,-987.3,1,afe6afa3-ed85-4956-9172-e12a368d72cc,IN-SERVICE,NON-LIQUID,-1000.0,
2026-06-12T14:15:00+08:00,COLLIE_ESR1,-100.0,-42.46,2,afe6afa3-ed85-4956-9172-e12a368d72cc,IN-SERVICE,NON-LIQUID,-43.01,
2026-06-12T14:15:00+08:00,COLLIE_ESR1,-100.0,-10.0,3,afe6afa3-ed85-4956-9172-e12a368d72cc,IN-SERVICE,NON-LIQUID,-10.13,
2026-06-12T14:15:00+08:00,COLLIE_ESR1,0.0,34.02,4,afe6afa3-ed85-4956-9172-e12a368d72cc,IN-SERVICE,NON-LIQUID,34.46,
2026-06-12T14:15:00+08:00,COLLIE_ESR1,0.0,60.0,5,afe6afa3-ed85-4956-9172-e12a368d72cc,IN-SERVICE,NON-LIQUID,60.77,
2026-06-12T14:15:00+08:00,COLLIE_ESR1,100.0,150.0,6,afe6afa3-ed85-4956-9172-e12a368d72cc,IN-SERVICE,NON-LIQUID,151.93,
2026-06-12T14:15:00+08:00,COLLIE_ESR1,100.0,250.0,7,afe6afa3-ed85-4956-9172-e12a368d72cc,IN-SERVICE,NON-LIQUID,253.22,
2026-06-12T14:15:00+08:00,COLLIE_ESR1,0.0,400.0,8,afe6afa3-ed85-4956-9172-e12a368d72cc,IN-SERVICE,NON-LIQUID,405.15,
2026-06-12T14:15:00+08:00,COLLIE_ESR1,0.0,622.0,9,afe6afa3-ed85-4956-9172-e12a368d72cc,IN-SERVICE,NON-LIQUID,630.0,
2026-06-12T14:15:00+08:00,COLLIE_ESR1,0.0,1678.41,10,afe6afa3-ed85-4956-9172-e12a368d72cc,IN-SERVICE,NON-LIQUID,1700.0,
2026-06-12T14:15:00+08:00,KWINANA_ESR2,-225.0,86.62,1,f00b2cf3-bafe-4cc2-a11d-34fcd7cc4881,IN-SERVICE,NOT APPLICABLE,86.81,0.0
2026-06-12T14:15:00+08:00,KWINANA_ESR2,225.0,110.07,2,f00b2cf3-bafe-4cc2-a11d-34fcd7cc4881,IN-SERVICE,NOT APPLICABLE,110.31,0.0
2026-06-12T14:15:00+08:00,COLLIE_BESS2,0.0,-987.3,1,7de82d1d-ecc1-48d3-9d88-33e6bd52a59c,IN-SERVICE,NON-LIQUID,-1000.0,
2026-06-12T14:15:00+08:00,COLLIE_BESS2,-150.0,-42.46,2,7de82d1d-ecc1-48d3-9d88-33e6bd52a59c,IN-SERVICE,NON-LIQUID,-43.01,
2026-06-12T14:15:00+08:00,COLLIE_BESS2,-150.0,-10.0,3,7de82d1d-ecc1-48d3-9d88-33e6bd52a59c,IN-SERVICE,NON-LIQUID,-10.13,
2026-06-12T14:15:00+08:00,COLLIE_BESS2,0.0,34.02,4,7de82d1d-ecc1-48d3-9d88-33e6bd52a59c,IN-SERVICE,NON-LIQUID,34.46,
2026-06-12T14:15:00+08:00,COLLIE_BESS2,0.0,60.0,5,7de82d1d-ecc1-48d3-9d88-33e6bd52a59c,IN-SERVICE,NON-LIQUID,60.77,
2026-06-12T14:15:00+08:00,COLLIE_BESS2,150.0,150.0,6,7de82d1d-ecc1-48d3-9d88-33e6bd52a59c,IN-SERVICE,NON-LIQUID,151.93,
2026-06-12T14:15:00+08:00,COLLIE_BESS2,150.0,250.0,7,7de82d1d-ecc1-48d3-9d88-33e6bd52a59c,IN-SERVICE,NON-LIQUID,253.22,
2026-06-12T14:15:00+08:00,COLLIE_BESS2,0.0,367.0,8,7de82d1d-ecc1-48d3-9d88-33e6bd52a59c,IN-SERVICE,NON-LIQUID,371.72,
2026-06-12T14:15:00+08:00,COLLIE_BESS2,0.0,622.0,9,7de82d1d-ecc1-48d3-9d88-33e6bd52a59c,IN-SERVICE,NON-LIQUID,630.0,
2026-06-12T14:15:00+08:00,COLLIE_BESS2,0.0,1678.41,10,7de82d1d-ecc1-48d3-9d88-33e6bd52a59c,IN-SERVICE,NON-LIQUID,1700.0,
2026-06-12T14:15:00+08:00,COLLIE_ESR4,-250.0,93.59,1,ce215675-8f88-4ccc-a3f5-77545f17920d,IN-SERVICE,NOT APPLICABLE,94.79,0.0
2026-06-12T14:15:00+08:00,COLLIE_ESR4,250.0,110.58,2,ce215675-8f88-4ccc-a3f5-77545f17920d,IN-SERVICE,NOT APPLICABLE,112.0,0.0
2026-06-12T14:15:00+08:00,COLLIE_ESR5,-250.0,86.12,1,fcb5484f-f360-4dba-ab1d-a17f19abf9d6,IN-SERVICE,NOT APPLICABLE,87.23,0.0
2026-06-12T14:15:00+08:00,COLLIE_ESR5,250.0,109.84,2,fcb5484f-f360-4dba-ab1d-a17f19abf9d6,IN-SERVICE,NOT APPLICABLE,111.25,0.0
2026-06-12T14:20:00+08:00,KWINANA_ESR1,-45.244,94.59,1,a8b9196d-9ea5-4b6e-9600-436105125c33,IN-SERVICE,NOT APPLICABLE,94.89,0.0
2026-06-12T14:20:00+08:00,KWINANA_ESR1,-54.756,94.86,2,a8b9196d-9ea5-4b6e-9600-436105125c33,IN-SERVICE,NOT APPLICABLE,95.16,0.0
2026-06-12T14:20:00+08:00,KWINANA_ESR1,100.0,103.38,3,a8b9196d-9ea5-4b6e-9600-436105125c33,IN-SERVICE,NOT APPLICABLE,103.71,0.0
2026-06-12T14:20:00+08:00,COLLIE_ESR1,0.0,-987.3,1,1567cf0d-978c-4664-9cc0-12b57eed3d64,IN-SERVICE,NON-LIQUID,-1000.0,
2026-06-12T14:20:00+08:00,COLLIE_ESR1,-66.0,-42.46,2,1567cf0d-978c-4664-9cc0-12b57eed3d64,IN-SERVICE,NON-LIQUID,-43.01,
2026-06-12T14:20:00+08:00,COLLIE_ESR1,-66.0,-10.0,3,1567cf0d-978c-4664-9cc0-12b57eed3d64,IN-SERVICE,NON-LIQUID,-10.13,
2026-06-12T14:20:00+08:00,COLLIE_ESR1,0.0,34.02,4,1567cf0d-978c-4664-9cc0-12b57eed3d64,IN-SERVICE,NON-LIQUID,34.46,
2026-06-12T14:20:00+08:00,COLLIE_ESR1,0.0,60.0,5,1567cf0d-978c-4664-9cc0-12b57eed3d64,IN-SERVICE,NON-LIQUID,60.77,
2026-06-12T14:20:00+08:00,COLLIE_ESR1,-68.0,89.26,6,1567cf0d-978c-4664-9cc0-12b57eed3d64,IN-SERVICE,NON-LIQUID,90.41,
2026-06-12T14:20:00+08:00,COLLIE_ESR1,100.0,150.0,7,1567cf0d-978c-4664-9cc0-12b57eed3d64,IN-SERVICE,NON-LIQUID,151.93,
2026-06-12T14:20:00+08:00,COLLIE_ESR1,100.0,250.0,8,1567cf0d-978c-4664-9cc0-12b57eed3d64,IN-SERVICE,NON-LIQUID,253.22,
2026-06-12T14:20:00+08:00,COLLIE_ESR1,0.0,622.0,9,1567cf0d-978c-4664-9cc0-12b57eed3d64,IN-SERVICE,NON-LIQUID,630.0,
2026-06-12T14:20:00+08:00,COLLIE_ESR1,0.0,1678.41,10,1567cf0d-978c-4664-9cc0-12b57eed3d64,IN-SERVICE,NON-LIQUID,1700.0,
2026-06-12T14:20:00+08:00,KWINANA_ESR2,-225.0,85.19,1,f00b2cf3-bafe-4cc2-a11d-34fcd7cc4881,IN-SERVICE,NOT APPLICABLE,85.38,0.0
2026-06-12T14:20:00+08:00,KWINANA_ESR2,225.0,110.07,2,f00b2cf3-bafe-4cc2-a11d-34fcd7cc4881,IN-SERVICE,NOT APPLICABLE,110.31,0.0
2026-06-12T14:20:00+08:00,COLLIE_BESS2,0.0,-987.3,1,4a9ef807-2135-4784-b980-daf6c1d23825,IN-SERVICE,NON-LIQUID,-1000.0,
2026-06-12T14:20:00+08:00,COLLIE_BESS2,-49.0,-42.46,2,4a9ef807-2135-4784-b980-daf6c1d23825,IN-SERVICE,NON-LIQUID,-43.01,
2026-06-12T14:20:00+08:00,COLLIE_BESS2,-50.0,-10.0,3,4a9ef807-2135-4784-b980-daf6c1d23825,IN-SERVICE,NON-LIQUID,-10.13,
2026-06-12T14:20:00+08:00,COLLIE_BESS2,0.0,34.02,4,4a9ef807-2135-4784-b980-daf6c1d23825,IN-SERVICE,NON-LIQUID,34.46,
2026-06-12T14:20:00+08:00,COLLIE_BESS2,0.0,60.0,5,4a9ef807-2135-4784-b980-daf6c1d23825,IN-SERVICE,NON-LIQUID,60.77,
2026-06-12T14:20:00+08:00,COLLIE_BESS2,-201.0,89.26,6,4a9ef807-2135-4784-b980-daf6c1d23825,IN-SERVICE,NON-LIQUID,90.41,
2026-06-12T14:20:00+08:00,COLLIE_BESS2,150.0,150.0,7,4a9ef807-2135-4784-b980-daf6c1d23825,IN-SERVICE,NON-LIQUID,151.93,
2026-06-12T14:20:00+08:00,COLLIE_BESS2,150.0,250.0,8,4a9ef807-2135-4784-b980-daf6c1d23825,IN-SERVICE,NON-LIQUID,253.22,
2026-06-12T14:20:00+08:00,COLLIE_BESS2,0.0,622.0,9,4a9ef807-2135-4784-b980-daf6c1d23825,IN-SERVICE,NON-LIQUID,630.0,
2026-06-12T14:20:00+08:00,COLLIE_BESS2,0.0,1678.41,10,4a9ef807-2135-4784-b980-daf6c1d23825,IN-SERVICE,NON-LIQUID,1700.0,
2026-06-12T14:20:00+08:00,COLLIE_ESR4,-250.0,87.41,1,ce215675-8f88-4ccc-a3f5-77545f17920d,IN-SERVICE,NOT APPLICABLE,88.53,0.0
2026-06-12T14:20:00+08:00,COLLIE_ESR4,250.0,119.3,2,ce215675-8f88-4ccc-a3f5-77545f17920d,IN-SERVICE,NOT APPLICABLE,120.83,0.0
2026-06-12T14:20:00+08:00,COLLIE_ESR5,-250.0,86.12,1,fcb5484f-f360-4dba-ab1d-a17f19abf9d6,IN-SERVICE,NOT APPLICABLE,87.23,0.0
2026-06-12T14:20:00+08:00,COLLIE_ESR5,250.0,108.83,2,fcb5484f-f360-4dba-ab1d-a17f19abf9d6,IN-SERVICE,NOT APPLICABLE,110.23,0.0
2026-06-12T14:25:00+08:00,KWINANA_ESR1,-100.0,89.65,1,e6260e63-13b2-459f-ae96-1c7fb4e6dd4a,IN-SERVICE,NOT APPLICABLE,89.94,0.0
2026-06-12T14:25:00+08:00,KWINANA_ESR1,100.0,104.34,2,e6260e63-13b2-459f-ae96-1c7fb4e6dd4a,IN-SERVICE,NOT APPLICABLE,104.67,0.0
2026-06-12T14:25:00+08:00,COLLIE_ESR1,0.0,-987.3,1,0a534adb-72b4-4947-b4d2-18f4af16c4ca,IN-SERVICE,NON-LIQUID,-1000.0,
2026-06-12T14:25:00+08:00,COLLIE_ESR1,-100.0,-42.46,2,0a534adb-72b4-4947-b4d2-18f4af16c4ca,IN-SERVICE,NON-LIQUID,-43.01,
2026-06-12T14:25:00+08:00,COLLIE_ESR1,-100.0,-10.0,3,0a534adb-72b4-4947-b4d2-18f4af16c4ca,IN-SERVICE,NON-LIQUID,-10.13,
2026-06-12T14:25:00+08:00,COLLIE_ESR1,0.0,34.02,4,0a534adb-72b4-4947-b4d2-18f4af16c4ca,IN-SERVICE,NON-LIQUID,34.46,
2026-06-12T14:25:00+08:00,COLLIE_ESR1,0.0,60.0,5,0a534adb-72b4-4947-b4d2-18f4af16c4ca,IN-SERVICE,NON-LIQUID,60.77,
2026-06-12T14:25:00+08:00,COLLIE_ESR1,100.0,150.0,6,0a534adb-72b4-4947-b4d2-18f4af16c4ca,IN-SERVICE,NON-LIQUID,151.93,
2026-06-12T14:25:00+08:00,COLLIE_ESR1,100.0,250.0,7,0a534adb-72b4-4947-b4d2-18f4af16c4ca,IN-SERVICE,NON-LIQUID,253.22,
2026-06-12T14:25:00+08:00,COLLIE_ESR1,0.0,400.0,8,0a534adb-72b4-4947-b4d2-18f4af16c4ca,IN-SERVICE,NON-LIQUID,405.15,
2026-06-12T14:25:00+08:00,COLLIE_ESR1,0.0,622.0,9,0a534adb-72b4-4947-b4d2-18f4af16c4ca,IN-SERVICE,NON-LIQUID,630.0,
2026-06-12T14:25:00+08:00,COLLIE_ESR1,0.0,1678.41,10,0a534adb-72b4-4947-b4d2-18f4af16c4ca,IN-SERVICE,NON-LIQUID,1700.0,
2026-06-12T14:25:00+08:00,KWINANA_ESR2,-225.0,89.4,1,ea08d130-d579-4fc2-af98-a24b9945fcef,IN-SERVICE,NOT APPLICABLE,89.6,0.0
2026-06-12T14:25:00+08:00,KWINANA_ESR2,225.0,110.3,2,ea08d130-d579-4fc2-af98-a24b9945fcef,IN-SERVICE,NOT APPLICABLE,110.54,0.0
2026-06-12T14:25:00+08:00,COLLIE_BESS2,0.0,-987.3,1,6c4c89e2-e530-493a-8cbe-98c970c7f1df,IN-SERVICE,NON-LIQUID,-1000.0,
2026-06-12T14:25:00+08:00,COLLIE_BESS2,-49.0,-42.46,2,6c4c89e2-e530-493a-8cbe-98c970c7f1df,IN-SERVICE,NON-LIQUID,-43.01,
2026-06-12T14:25:00+08:00,COLLIE_BESS2,-50.0,-10.0,3,6c4c89e2-e530-493a-8cbe-98c970c7f1df,IN-SERVICE,NON-LIQUID,-10.13,
2026-06-12T14:25:00+08:00,COLLIE_BESS2,0.0,34.02,4,6c4c89e2-e530-493a-8cbe-98c970c7f1df,IN-SERVICE,NON-LIQUID,34.46,
2026-06-12T14:25:00+08:00,COLLIE_BESS2,0.0,60.0,5,6c4c89e2-e530-493a-8cbe-98c970c7f1df,IN-SERVICE,NON-LIQUID,60.77,
2026-06-12T14:25:00+08:00,COLLIE_BESS2,-201.0,89.26,6,6c4c89e2-e530-493a-8cbe-98c970c7f1df,IN-SERVICE,NON-LIQUID,90.41,
2026-06-12T14:25:00+08:00,COLLIE_BESS2,150.0,150.0,7,6c4c89e2-e530-493a-8cbe-98c970c7f1df,IN-SERVICE,NON-LIQUID,151.93,
2026-06-12T14:25:00+08:00,COLLIE_BESS2,150.0,250.0,8,6c4c89e2-e530-493a-8cbe-98c970c7f1df,IN-SERVICE,NON-LIQUID,253.22,
2026-06-12T14:25:00+08:00,COLLIE_BESS2,0.0,622.0,9,6c4c89e2-e530-493a-8cbe-98c970c7f1df,IN-SERVICE,NON-LIQUID,630.0,
2026-06-12T14:25:00+08:00,COLLIE_BESS2,0.0,1678.41,10,6c4c89e2-e530-493a-8cbe-98c970c7f1df,IN-SERVICE,NON-LIQUID,1700.0,
2026-06-12T14:25:00+08:00,COLLIE_ESR4,-250.0,86.0,1,ce215675-8f88-4ccc-a3f5-77545f17920d,IN-SERVICE,NOT APPLICABLE,87.11,0.0
2026-06-12T14:25:00+08:00,COLLIE_ESR4,250.0,119.3,2,ce215675-8f88-4ccc-a3f5-77545f17920d,IN-SERVICE,NOT APPLICABLE,120.83,0.0
2026-06-12T14:25:00+08:00,COLLIE_ESR5,-250.0,112.18,1,7cb2c535-2739-462d-8311-874d9b6ed4c9,IN-SERVICE,NOT APPLICABLE,113.62,0.0
2026-06-12T14:25:00+08:00,COLLIE_ESR5,250.0,127.3,2,7cb2c535-2739-462d-8311-874d9b6ed4c9,IN-SERVICE,NOT APPLICABLE,128.94,0.0
2026-06-12T14:30:00+08:00,KWINANA_ESR1,-100.0,89.65,1,e6260e63-13b2-459f-ae96-1c7fb4e6dd4a,IN-SERVICE,NOT APPLICABLE,89.94,0.0
2026-06-12T14:30:00+08:00,KWINANA_ESR1,100.0,104.34,2,e6260e63-13b2-459f-ae96-1c7fb4e6dd4a,IN-SERVICE,NOT APPLICABLE,104.67,0.0
2026-06-12T14:30:00+08:00,COLLIE_ESR1,0.0,-987.3,1,396fa3f1-7506-416e-854a-dbf46dbef871,IN-SERVICE,NON-LIQUID,-1000.0,
2026-06-12T14:30:00+08:00,COLLIE_ESR1,-100.0,-42.46,2,396fa3f1-7506-416e-854a-dbf46dbef871,IN-SERVICE,NON-LIQUID,-43.01,
2026-06-12T14:30:00+08:00,COLLIE_ESR1,-100.0,-10.0,3,396fa3f1-7506-416e-854a-dbf46dbef871,IN-SERVICE,NON-LIQUID,-10.13,
2026-06-12T14:30:00+08:00,COLLIE_ESR1,0.0,34.02,4,396fa3f1-7506-416e-854a-dbf46dbef871,IN-SERVICE,NON-LIQUID,34.46,
2026-06-12T14:30:00+08:00,COLLIE_ESR1,0.0,56.01,5,396fa3f1-7506-416e-854a-dbf46dbef871,IN-SERVICE,NON-LIQUID,56.73,
2026-06-12T14:30:00+08:00,COLLIE_ESR1,100.0,150.0,6,396fa3f1-7506-416e-854a-dbf46dbef871,IN-SERVICE,NON-LIQUID,151.93,
2026-06-12T14:30:00+08:00,COLLIE_ESR1,100.0,250.0,7,396fa3f1-7506-416e-854a-dbf46dbef871,IN-SERVICE,NON-LIQUID,253.22,
2026-06-12T14:30:00+08:00,COLLIE_ESR1,0.0,400.0,8,396fa3f1-7506-416e-854a-dbf46dbef871,IN-SERVICE,NON-LIQUID,405.15,
2026-06-12T14:30:00+08:00,COLLIE_ESR1,0.0,622.0,9,396fa3f1-7506-416e-854a-dbf46dbef871,IN-SERVICE,NON-LIQUID,630.0,
2026-06-12T14:30:00+08:00,COLLIE_ESR1,0.0,1678.41,10,396fa3f1-7506-416e-854a-dbf46dbef871,IN-SERVICE,NON-LIQUID,1700.0,
2026-06-12T14:30:00+08:00,KWINANA_ESR2,-225.0,89.4,1,ea08d130-d579-4fc2-af98-a24b9945fcef,IN-SERVICE,NOT APPLICABLE,89.6,0.0
2026-06-12T14:30:00+08:00,KWINANA_ESR2,225.0,123.56,2,ea08d130-d579-4fc2-af98-a24b9945fcef,IN-SERVICE,NOT APPLICABLE,123.83,0.0
2026-06-12T14:30:00+08:00,COLLIE_BESS2,0.0,-987.3,1,caf5094a-1f98-4bf8-98ab-8168d0984400,IN-SERVICE,NON-LIQUID,-1000.0,
2026-06-12T14:30:00+08:00,COLLIE_BESS2,-150.0,-42.46,2,caf5094a-1f98-4bf8-98ab-8168d0984400,IN-SERVICE,NON-LIQUID,-43.01,
2026-06-12T14:30:00+08:00,COLLIE_BESS2,-150.0,-10.0,3,caf5094a-1f98-4bf8-98ab-8168d0984400,IN-SERVICE,NON-LIQUID,-10.13,
2026-06-12T14:30:00+08:00,COLLIE_BESS2,0.0,34.02,4,caf5094a-1f98-4bf8-98ab-8168d0984400,IN-SERVICE,NON-LIQUID,34.46,
2026-06-12T14:30:00+08:00,COLLIE_BESS2,0.0,56.01,5,caf5094a-1f98-4bf8-98ab-8168d0984400,IN-SERVICE,NON-LIQUID,56.73,
2026-06-12T14:30:00+08:00,COLLIE_BESS2,150.0,150.0,6,caf5094a-1f98-4bf8-98ab-8168d0984400,IN-SERVICE,NON-LIQUID,151.93,
2026-06-12T14:30:00+08:00,COLLIE_BESS2,150.0,250.0,7,caf5094a-1f98-4bf8-98ab-8168d0984400,IN-SERVICE,NON-LIQUID,253.22,
2026-06-12T14:30:00+08:00,COLLIE_BESS2,0.0,377.74,8,caf5094a-1f98-4bf8-98ab-8168d0984400,IN-SERVICE,NON-LIQUID,382.6,
2026-06-12T14:30:00+08:00,COLLIE_BESS2,0.0,622.0,9,caf5094a-1f98-4bf8-98ab-8168d0984400,IN-SERVICE,NON-LIQUID,630.0,
2026-06-12T14:30:00+08:00,COLLIE_BESS2,0.0,1678.41,10,caf5094a-1f98-4bf8-98ab-8168d0984400,IN-SERVICE,NON-LIQUID,1700.0,
2026-06-12T14:30:00+08:00,COLLIE_ESR4,-250.0,90.46,1,97f5e65e-31bb-4f54-a559-6cb0f32f1551,IN-SERVICE,NOT APPLICABLE,91.62,0.0
2026-06-12T14:30:00+08:00,COLLIE_ESR4,250.0,127.42,2,97f5e65e-31bb-4f54-a559-6cb0f32f1551,IN-SERVICE,NOT APPLICABLE,129.06,0.0
2026-06-12T14:30:00+08:00,COLLIE_ESR5,-250.0,112.18,1,7cb2c535-2739-462d-8311-874d9b6ed4c9,IN-SERVICE,NOT APPLICABLE,113.62,0.0
2026-06-12T14:30:00+08:00,COLLIE_ESR5,250.0,127.3,2,7cb2c535-2739-462d-8311-874d9b6ed4c9,IN-SERVICE,NOT APPLICABLE,128.94,0.0
2026-06-12T14:35:00+08:00,KWINANA_ESR1,-100.0,89.65,1,e6260e63-13b2-459f-ae96-1c7fb4e6dd4a,IN-SERVICE,NOT APPLICABLE,89.94,0.0
2026-06-12T14:35:00+08:00,KWINANA_ESR1,100.0,104.41,2,e6260e63-13b2-459f-ae96-1c7fb4e6dd4a,IN-SERVICE,NOT APPLICABLE,104.75,0.0
2026-06-12T14:35:00+08:00,COLLIE_ESR1,0.0,-987.3,1,5a79d515-7498-45b9-9e4a-cd195e95f737,IN-SERVICE,NON-LIQUID,-1000.0,
2026-06-12T14:35:00+08:00,COLLIE_ESR1,-100.0,-42.46,2,5a79d515-7498-45b9-9e4a-cd195e95f737,IN-SERVICE,NON-LIQUID,-43.01,
2026-06-12T14:35:00+08:00,COLLIE_ESR1,-100.0,-10.0,3,5a79d515-7498-45b9-9e4a-cd195e95f737,IN-SERVICE,NON-LIQUID,-10.13,
2026-06-12T14:35:00+08:00,COLLIE_ESR1,0.0,34.02,4,5a79d515-7498-45b9-9e4a-cd195e95f737,IN-SERVICE,NON-LIQUID,34.46,
2026-06-12T14:35:00+08:00,COLLIE_ESR1,0.0,56.01,5,5a79d515-7498-45b9-9e4a-cd195e95f737,IN-SERVICE,NON-LIQUID,56.73,
2026-06-12T14:35:00+08:00,COLLIE_ESR1,100.0,150.0,6,5a79d515-7498-45b9-9e4a-cd195e95f737,IN-SERVICE,NON-LIQUID,151.93,
2026-06-12T14:35:00+08:00,COLLIE_ESR1,100.0,250.0,7,5a79d515-7498-45b9-9e4a-cd195e95f737,IN-SERVICE,NON-LIQUID,253.22,
2026-06-12T14:35:00+08:00,COLLIE_ESR1,0.0,400.0,8,5a79d515-7498-45b9-9e4a-cd195e95f737,IN-SERVICE,NON-LIQUID,405.15,
2026-06-12T14:35:00+08:00,COLLIE_ESR1,0.0,622.0,9,5a79d515-7498-45b9-9e4a-cd195e95f737,IN-SERVICE,NON-LIQUID,630.0,
2026-06-12T14:35:00+08:00,COLLIE_ESR1,0.0,1678.41,10,5a79d515-7498-45b9-9e4a-cd195e95f737,IN-SERVICE,NON-LIQUID,1700.0,
2026-06-12T14:35:00+08:00,KWINANA_ESR2,-225.0,91.46,1,ea08d130-d579-4fc2-af98-a24b9945fcef,IN-SERVICE,NOT APPLICABLE,91.66,0.0
2026-06-12T14:35:00+08:00,KWINANA_ESR2,225.0,123.56,2,ea08d130-d579-4fc2-af98-a24b9945fcef,IN-SERVICE,NOT APPLICABLE,123.83,0.0
2026-06-12T14:35:00+08:00,COLLIE_BESS2,0.0,-987.3,1,f48079de-f49c-410b-9c3d-8b4d4bb03e44,IN-SERVICE,NON-LIQUID,-1000.0,
2026-06-12T14:35:00+08:00,COLLIE_BESS2,-150.0,-42.46,2,f48079de-f49c-410b-9c3d-8b4d4bb03e44,IN-SERVICE,NON-LIQUID,-43.01,
2026-06-12T14:35:00+08:00,COLLIE_BESS2,-150.0,-10.0,3,f48079de-f49c-410b-9c3d-8b4d4bb03e44,IN-SERVICE,NON-LIQUID,-10.13,
2026-06-12T14:35:00+08:00,COLLIE_BESS2,0.0,34.02,4,f48079de-f49c-410b-9c3d-8b4d4bb03e44,IN-SERVICE,NON-LIQUID,34.46,
2026-06-12T14:35:00+08:00,COLLIE_BESS2,0.0,56.01,5,f48079de-f49c-410b-9c3d-8b4d4bb03e44,IN-SERVICE,NON-LIQUID,56.73,
2026-06-12T14:35:00+08:00,COLLIE_BESS2,150.0,150.0,6,f48079de-f49c-410b-9c3d-8b4d4bb03e44,IN-SERVICE,NON-LIQUID,151.93,
2026-06-12T14:35:00+08:00,COLLIE_BESS2,150.0,250.0,7,f48079de-f49c-410b-9c3d-8b4d4bb03e44,IN-SERVICE,NON-LIQUID,253.22,
2026-06-12T14:35:00+08:00,COLLIE_BESS2,0.0,377.74,8,f48079de-f49c-410b-9c3d-8b4d4bb03e44,IN-SERVICE,NON-LIQUID,382.6,
2026-06-12T14:35:00+08:00,COLLIE_BESS2,0.0,622.0,9,f48079de-f49c-410b-9c3d-8b4d4bb03e44,IN-SERVICE,NON-LIQUID,630.0,
2026-06-12T14:35:00+08:00,COLLIE_BESS2,0.0,1678.41,10,f48079de-f49c-410b-9c3d-8b4d4bb03e44,IN-SERVICE,NON-LIQUID,1700.0,
2026-06-12T14:35:00+08:00,COLLIE_ESR4,-250.0,90.46,1,97f5e65e-31bb-4f54-a559-6cb0f32f1551,IN-SERVICE,NOT APPLICABLE,91.62,0.0
2026-06-12T14:35:00+08:00,COLLIE_ESR4,250.0,127.47,2,97f5e65e-31bb-4f54-a559-6cb0f32f1551,IN-SERVICE,NOT APPLICABLE,129.11,0.0
2026-06-12T14:35:00+08:00,COLLIE_ESR5,-250.0,112.23,1,7cb2c535-2739-462d-8311-874d9b6ed4c9,IN-SERVICE,NOT APPLICABLE,113.67,0.0
2026-06-12T14:35:00+08:00,COLLIE_ESR5,250.0,127.3,2,7cb2c535-2739-462d-8311-874d9b6ed4c9,IN-SERVICE,NOT APPLICABLE,128.94,0.0
2026-06-12T14:40:00+08:00,KWINANA_ESR1,-100.0,113.56,1,c4ca66b5-3e5c-4c0e-895b-a2a12049b637,IN-SERVICE,NOT APPLICABLE,113.92,0.0
2026-06-12T14:40:00+08:00,KWINANA_ESR1,100.0,128.32,2,c4ca66b5-3e5c-4c0e-895b-a2a12049b637,IN-SERVICE,NOT APPLICABLE,128.73,0.0
2026-06-12T14:40:00+08:00,COLLIE_ESR1,0.0,-987.3,1,7348050f-f23d-4aa6-8d0c-250be0008cf7,IN-SERVICE,NON-LIQUID,-1000.0,
2026-06-12T14:40:00+08:00,COLLIE_ESR1,-100.0,-42.46,2,7348050f-f23d-4aa6-8d0c-250be0008cf7,IN-SERVICE,NON-LIQUID,-43.01,
2026-06-12T14:40:00+08:00,COLLIE_ESR1,-100.0,-10.0,3,7348050f-f23d-4aa6-8d0c-250be0008cf7,IN-SERVICE,NON-LIQUID,-10.13,
2026-06-12T14:40:00+08:00,COLLIE_ESR1,0.0,34.02,4,7348050f-f23d-4aa6-8d0c-250be0008cf7,IN-SERVICE,NON-LIQUID,34.46,
2026-06-12T14:40:00+08:00,COLLIE_ESR1,0.0,56.01,5,7348050f-f23d-4aa6-8d0c-250be0008cf7,IN-SERVICE,NON-LIQUID,56.73,
2026-06-12T14:40:00+08:00,COLLIE_ESR1,100.0,150.0,6,7348050f-f23d-4aa6-8d0c-250be0008cf7,IN-SERVICE,NON-LIQUID,151.93,
2026-06-12T14:40:00+08:00,COLLIE_ESR1,100.0,250.0,7,7348050f-f23d-4aa6-8d0c-250be0008cf7,IN-SERVICE,NON-LIQUID,253.22,
2026-06-12T14:40:00+08:00,COLLIE_ESR1,0.0,400.0,8,7348050f-f23d-4aa6-8d0c-250be0008cf7,IN-SERVICE,NON-LIQUID,405.15,
2026-06-12T14:40:00+08:00,COLLIE_ESR1,0.0,622.0,9,7348050f-f23d-4aa6-8d0c-250be0008cf7,IN-SERVICE,NON-LIQUID,630.0,
2026-06-12T14:40:00+08:00,COLLIE_ESR1,0.0,1678.41,10,7348050f-f23d-4aa6-8d0c-250be0008cf7,IN-SERVICE,NON-LIQUID,1700.0,
2026-06-12T14:40:00+08:00,KWINANA_ESR2,-225.0,113.34,1,d44ff454-566a-412b-8a31-15299cde5739,IN-SERVICE,NOT APPLICABLE,113.59,0.0
2026-06-12T14:40:00+08:00,KWINANA_ESR2,225.0,128.78,2,d44ff454-566a-412b-8a31-15299cde5739,IN-SERVICE,NOT APPLICABLE,129.06,0.0
2026-06-12T14:40:00+08:00,COLLIE_BESS2,0.0,-987.3,1,5731824e-fa61-4b9f-9a92-c4f5e825ee50,IN-SERVICE,NON-LIQUID,-1000.0,
2026-06-12T14:40:00+08:00,COLLIE_BESS2,-150.0,-42.46,2,5731824e-fa61-4b9f-9a92-c4f5e825ee50,IN-SERVICE,NON-LIQUID,-43.01,
2026-06-12T14:40:00+08:00,COLLIE_BESS2,-150.0,-10.0,3,5731824e-fa61-4b9f-9a92-c4f5e825ee50,IN-SERVICE,NON-LIQUID,-10.13,
2026-06-12T14:40:00+08:00,COLLIE_BESS2,0.0,34.02,4,5731824e-fa61-4b9f-9a92-c4f5e825ee50,IN-SERVICE,NON-LIQUID,34.46,
2026-06-12T14:40:00+08:00,COLLIE_BESS2,0.0,56.01,5,5731824e-fa61-4b9f-9a92-c4f5e825ee50,IN-SERVICE,NON-LIQUID,56.73,
2026-06-12T14:40:00+08:00,COLLIE_BESS2,150.0,150.0,6,5731824e-fa61-4b9f-9a92-c4f5e825ee50,IN-SERVICE,NON-LIQUID,151.93,
2026-06-12T14:40:00+08:00,COLLIE_BESS2,150.0,250.0,7,5731824e-fa61-4b9f-9a92-c4f5e825ee50,IN-SERVICE,NON-LIQUID,253.22,
2026-06-12T14:40:00+08:00,COLLIE_BESS2,0.0,377.74,8,5731824e-fa61-4b9f-9a92-c4f5e825ee50,IN-SERVICE,NON-LIQUID,382.6,
2026-06-12T14:40:00+08:00,COLLIE_BESS2,0.0,622.0,9,5731824e-fa61-4b9f-9a92-c4f5e825ee50,IN-SERVICE,NON-LIQUID,630.0,
2026-06-12T14:40:00+08:00,COLLIE_BESS2,0.0,1678.41,10,5731824e-fa61-4b9f-9a92-c4f5e825ee50,IN-SERVICE,NON-LIQUID,1700.0,
2026-06-12T14:40:00+08:00,COLLIE_ESR4,-250.0,112.11,1,49bc8ede-f6f7-47a3-9181-7fa890074d05,IN-SERVICE,NOT APPLICABLE,113.55,0.0
2026-06-12T14:40:00+08:00,COLLIE_ESR4,250.0,127.47,2,49bc8ede-f6f7-47a3-9181-7fa890074d05,IN-SERVICE,NOT APPLICABLE,129.11,0.0
2026-06-12T14:40:00+08:00,COLLIE_ESR5,-250.0,112.23,1,d9ee8e34-fe15-4af2-be62-8558c6919df9,IN-SERVICE,NOT APPLICABLE,113.67,0.0
2026-06-12T14:40:00+08:00,COLLIE_ESR5,250.0,127.35,2,d9ee8e34-fe15-4af2-be62-8558c6919df9,IN-SERVICE,NOT APPLICABLE,128.99,0.0
2026-06-12T14:45:00+08:00,KWINANA_ESR1,-100.0,113.56,1,c4ca66b5-3e5c-4c0e-895b-a2a12049b637,IN-SERVICE,NOT APPLICABLE,113.92,0.0
2026-06-12T14:45:00+08:00,KWINANA_ESR1,100.0,128.32,2,c4ca66b5-3e5c-4c0e-895b-a2a12049b637,IN-SERVICE,NOT APPLICABLE,128.73,0.0
2026-06-12T14:45:00+08:00,COLLIE_ESR1,0.0,-987.3,1,555ef778-f027-4de7-9f7a-f9b9da06f4a5,IN-SERVICE,NON-LIQUID,-1000.0,
2026-06-12T14:45:00+08:00,COLLIE_ESR1,-100.0,-42.46,2,555ef778-f027-4de7-9f7a-f9b9da06f4a5,IN-SERVICE,NON-LIQUID,-43.01,
2026-06-12T14:45:00+08:00,COLLIE_ESR1,-100.0,-10.0,3,555ef778-f027-4de7-9f7a-f9b9da06f4a5,IN-SERVICE,NON-LIQUID,-10.13,
2026-06-12T14:45:00+08:00,COLLIE_ESR1,0.0,34.02,4,555ef778-f027-4de7-9f7a-f9b9da06f4a5,IN-SERVICE,NON-LIQUID,34.46,
2026-06-12T14:45:00+08:00,COLLIE_ESR1,0.0,56.01,5,555ef778-f027-4de7-9f7a-f9b9da06f4a5,IN-SERVICE,NON-LIQUID,56.73,
2026-06-12T14:45:00+08:00,COLLIE_ESR1,100.0,150.0,6,555ef778-f027-4de7-9f7a-f9b9da06f4a5,IN-SERVICE,NON-LIQUID,151.93,
2026-06-12T14:45:00+08:00,COLLIE_ESR1,100.0,250.0,7,555ef778-f027-4de7-9f7a-f9b9da06f4a5,IN-SERVICE,NON-LIQUID,253.22,
2026-06-12T14:45:00+08:00,COLLIE_ESR1,0.0,400.0,8,555ef778-f027-4de7-9f7a-f9b9da06f4a5,IN-SERVICE,NON-LIQUID,405.15,
2026-06-12T14:45:00+08:00,COLLIE_ESR1,0.0,622.0,9,555ef778-f027-4de7-9f7a-f9b9da06f4a5,IN-SERVICE,NON-LIQUID,630.0,
2026-06-12T14:45:00+08:00,COLLIE_ESR1,0.0,1678.41,10,555ef778-f027-4de7-9f7a-f9b9da06f4a5,IN-SERVICE,NON-LIQUID,1700.0,
2026-06-12T14:45:00+08:00,KWINANA_ESR2,-225.0,113.34,1,d44ff454-566a-412b-8a31-15299cde5739,IN-SERVICE,NOT APPLICABLE,113.59,0.0
2026-06-12T14:45:00+08:00,KWINANA_ESR2,225.0,128.78,2,d44ff454-566a-412b-8a31-15299cde5739,IN-SERVICE,NOT APPLICABLE,129.06,0.0
2026-06-12T14:45:00+08:00,COLLIE_BESS2,0.0,-987.3,1,4b09fa00-ae6f-49e6-9cd9-7226f3265060,IN-SERVICE,NON-LIQUID,-1000.0,
2026-06-12T14:45:00+08:00,COLLIE_BESS2,-150.0,-42.46,2,4b09fa00-ae6f-49e6-9cd9-7226f3265060,IN-SERVICE,NON-LIQUID,-43.01,
2026-06-12T14:45:00+08:00,COLLIE_BESS2,-150.0,-10.0,3,4b09fa00-ae6f-49e6-9cd9-7226f3265060,IN-SERVICE,NON-LIQUID,-10.13,
2026-06-12T14:45:00+08:00,COLLIE_BESS2,0.0,34.02,4,4b09fa00-ae6f-49e6-9cd9-7226f3265060,IN-SERVICE,NON-LIQUID,34.46,
2026-06-12T14:45:00+08:00,COLLIE_BESS2,0.0,56.01,5,4b09fa00-ae6f-49e6-9cd9-7226f3265060,IN-SERVICE,NON-LIQUID,56.73,
2026-06-12T14:45:00+08:00,COLLIE_BESS2,150.0,150.0,6,4b09fa00-ae6f-49e6-9cd9-7226f3265060,IN-SERVICE,NON-LIQUID,151.93,
2026-06-12T14:45:00+08:00,COLLIE_BESS2,150.0,250.0,7,4b09fa00-ae6f-49e6-9cd9-7226f3265060,IN-SERVICE,NON-LIQUID,253.22,
2026-06-12T14:45:00+08:00,COLLIE_BESS2,0.0,377.74,8,4b09fa00-ae6f-49e6-9cd9-7226f3265060,IN-SERVICE,NON-LIQUID,382.6,
2026-06-12T14:45:00+08:00,COLLIE_BESS2,0.0,622.0,9,4b09fa00-ae6f-49e6-9cd9-7226f3265060,IN-SERVICE,NON-LIQUID,630.0,
2026-06-12T14:45:00+08:00,COLLIE_BESS2,0.0,1678.41,10,4b09fa00-ae6f-49e6-9cd9-7226f3265060,IN-SERVICE,NON-LIQUID,1700.0,
2026-06-12T14:45:00+08:00,COLLIE_ESR4,-250.0,112.9,1,49bc8ede-f6f7-47a3-9181-7fa890074d05,IN-SERVICE,NOT APPLICABLE,114.35,0.0
2026-06-12T14:45:00+08:00,COLLIE_ESR4,250.0,128.26,2,49bc8ede-f6f7-47a3-9181-7fa890074d05,IN-SERVICE,NOT APPLICABLE,129.91,0.0
2026-06-12T14:45:00+08:00,COLLIE_ESR5,-250.0,112.23,1,d9ee8e34-fe15-4af2-be62-8558c6919df9,IN-SERVICE,NOT APPLICABLE,113.67,0.0
2026-06-12T14:45:00+08:00,COLLIE_ESR5,250.0,127.35,2,d9ee8e34-fe15-4af2-be62-8558c6919df9,IN-SERVICE,NOT APPLICABLE,128.99,0.0
2026-06-12T14:50:00+08:00,KWINANA_ESR1,-100.0,113.56,1,c4ca66b5-3e5c-4c0e-895b-a2a12049b637,IN-SERVICE,NOT APPLICABLE,113.92,0.0
2026-06-12T14:50:00+08:00,KWINANA_ESR1,100.0,128.32,2,c4ca66b5-3e5c-4c0e-895b-a2a12049b637,IN-SERVICE,NOT APPLICABLE,128.73,0.0
2026-06-12T14:50:00+08:00,COLLIE_ESR1,0.0,-987.3,1,8f13f76e-3730-49df-bd6e-1940156b77ff,IN-SERVICE,NON-LIQUID,-1000.0,
2026-06-12T14:50:00+08:00,COLLIE_ESR1,-100.0,-42.46,2,8f13f76e-3730-49df-bd6e-1940156b77ff,IN-SERVICE,NON-LIQUID,-43.01,
2026-06-12T14:50:00+08:00,COLLIE_ESR1,-100.0,-10.0,3,8f13f76e-3730-49df-bd6e-1940156b77ff,IN-SERVICE,NON-LIQUID,-10.13,
2026-06-12T14:50:00+08:00,COLLIE_ESR1,0.0,34.02,4,8f13f76e-3730-49df-bd6e-1940156b77ff,IN-SERVICE,NON-LIQUID,34.46,
2026-06-12T14:50:00+08:00,COLLIE_ESR1,0.0,56.01,5,8f13f76e-3730-49df-bd6e-1940156b77ff,IN-SERVICE,NON-LIQUID,56.73,
2026-06-12T14:50:00+08:00,COLLIE_ESR1,100.0,150.0,6,8f13f76e-3730-49df-bd6e-1940156b77ff,IN-SERVICE,NON-LIQUID,151.93,
2026-06-12T14:50:00+08:00,COLLIE_ESR1,100.0,250.0,7,8f13f76e-3730-49df-bd6e-1940156b77ff,IN-SERVICE,NON-LIQUID,253.22,
2026-06-12T14:50:00+08:00,COLLIE_ESR1,0.0,400.0,8,8f13f76e-3730-49df-bd6e-1940156b77ff,IN-SERVICE,NON-LIQUID,405.15,
2026-06-12T14:50:00+08:00,COLLIE_ESR1,0.0,622.0,9,8f13f76e-3730-49df-bd6e-1940156b77ff,IN-SERVICE,NON-LIQUID,630.0,
2026-06-12T14:50:00+08:00,COLLIE_ESR1,0.0,1678.41,10,8f13f76e-3730-49df-bd6e-1940156b77ff,IN-SERVICE,NON-LIQUID,1700.0,
2026-06-12T14:50:00+08:00,KWINANA_ESR2,-225.0,113.34,1,d44ff454-566a-412b-8a31-15299cde5739,IN-SERVICE,NOT APPLICABLE,113.59,0.0
2026-06-12T14:50:00+08:00,KWINANA_ESR2,225.0,128.78,2,d44ff454-566a-412b-8a31-15299cde5739,IN-SERVICE,NOT APPLICABLE,129.06,0.0
2026-06-12T14:50:00+08:00,COLLIE_BESS2,0.0,-987.3,1,db539d44-78c1-48fc-876b-4589b2f53476,IN-SERVICE,NON-LIQUID,-1000.0,
2026-06-12T14:50:00+08:00,COLLIE_BESS2,-150.0,-42.46,2,db539d44-78c1-48fc-876b-4589b2f53476,IN-SERVICE,NON-LIQUID,-43.01,
2026-06-12T14:50:00+08:00,COLLIE_BESS2,-150.0,-10.0,3,db539d44-78c1-48fc-876b-4589b2f53476,IN-SERVICE,NON-LIQUID,-10.13,
2026-06-12T14:50:00+08:00,COLLIE_BESS2,0.0,34.02,4,db539d44-78c1-48fc-876b-4589b2f53476,IN-SERVICE,NON-LIQUID,34.46,
2026-06-12T14:50:00+08:00,COLLIE_BESS2,0.0,56.01,5,db539d44-78c1-48fc-876b-4589b2f53476,IN-SERVICE,NON-LIQUID,56.73,
2026-06-12T14:50:00+08:00,COLLIE_BESS2,150.0,150.0,6,db539d44-78c1-48fc-876b-4589b2f53476,IN-SERVICE,NON-LIQUID,151.93,
2026-06-12T14:50:00+08:00,COLLIE_BESS2,150.0,250.0,7,db539d44-78c1-48fc-876b-4589b2f53476,IN-SERVICE,NON-LIQUID,253.22,
2026-06-12T14:50:00+08:00,COLLIE_BESS2,0.0,377.74,8,db539d44-78c1-48fc-876b-4589b2f53476,IN-SERVICE,NON-LIQUID,382.6,
2026-06-12T14:50:00+08:00,COLLIE_BESS2,0.0,622.0,9,db539d44-78c1-48fc-876b-4589b2f53476,IN-SERVICE,NON-LIQUID,630.0,
2026-06-12T14:50:00+08:00,COLLIE_BESS2,0.0,1678.41,10,db539d44-78c1-48fc-876b-4589b2f53476,IN-SERVICE,NON-LIQUID,1700.0,
2026-06-12T14:50:00+08:00,COLLIE_ESR4,-250.0,112.9,1,49bc8ede-f6f7-47a3-9181-7fa890074d05,IN-SERVICE,NOT APPLICABLE,114.35,0.0
2026-06-12T14:50:00+08:00,COLLIE_ESR4,250.0,128.26,2,49bc8ede-f6f7-47a3-9181-7fa890074d05,IN-SERVICE,NOT APPLICABLE,129.91,0.0
2026-06-12T14:50:00+08:00,COLLIE_ESR5,-250.0,112.23,1,d9ee8e34-fe15-4af2-be62-8558c6919df9,IN-SERVICE,NOT APPLICABLE,113.67,0.0
2026-06-12T14:50:00+08:00,COLLIE_ESR5,250.0,127.35,2,d9ee8e34-fe15-4af2-be62-8558c6919df9,IN-SERVICE,NOT APPLICABLE,128.99,0.0
2026-06-12T14:55:00+08:00,KWINANA_ESR1,-100.0,107.14,1,b8b390e4-de9d-4ffa-8812-158ace126b7e,IN-SERVICE,NOT APPLICABLE,107.48,0.0
2026-06-12T14:55:00+08:00,KWINANA_ESR1,100.0,121.48,2,b8b390e4-de9d-4ffa-8812-158ace126b7e,IN-SERVICE,NOT APPLICABLE,121.87,0.0
2026-06-12T14:55:00+08:00,COLLIE_ESR1,0.0,-987.3,1,1d6182ff-2ba2-4251-be1b-6e55137b6f9f,IN-SERVICE,NON-LIQUID,-1000.0,
2026-06-12T14:55:00+08:00,COLLIE_ESR1,-100.0,-42.46,2,1d6182ff-2ba2-4251-be1b-6e55137b6f9f,IN-SERVICE,NON-LIQUID,-43.01,
2026-06-12T14:55:00+08:00,COLLIE_ESR1,-100.0,-10.0,3,1d6182ff-2ba2-4251-be1b-6e55137b6f9f,IN-SERVICE,NON-LIQUID,-10.13,
2026-06-12T14:55:00+08:00,COLLIE_ESR1,0.0,34.02,4,1d6182ff-2ba2-4251-be1b-6e55137b6f9f,IN-SERVICE,NON-LIQUID,34.46,
2026-06-12T14:55:00+08:00,COLLIE_ESR1,0.0,56.01,5,1d6182ff-2ba2-4251-be1b-6e55137b6f9f,IN-SERVICE,NON-LIQUID,56.73,
2026-06-12T14:55:00+08:00,COLLIE_ESR1,100.0,150.0,6,1d6182ff-2ba2-4251-be1b-6e55137b6f9f,IN-SERVICE,NON-LIQUID,151.93,
2026-06-12T14:55:00+08:00,COLLIE_ESR1,100.0,250.0,7,1d6182ff-2ba2-4251-be1b-6e55137b6f9f,IN-SERVICE,NON-LIQUID,253.22,
2026-06-12T14:55:00+08:00,COLLIE_ESR1,0.0,400.0,8,1d6182ff-2ba2-4251-be1b-6e55137b6f9f,IN-SERVICE,NON-LIQUID,405.15,
2026-06-12T14:55:00+08:00,COLLIE_ESR1,0.0,622.0,9,1d6182ff-2ba2-4251-be1b-6e55137b6f9f,IN-SERVICE,NON-LIQUID,630.0,
2026-06-12T14:55:00+08:00,COLLIE_ESR1,0.0,1678.41,10,1d6182ff-2ba2-4251-be1b-6e55137b6f9f,IN-SERVICE,NON-LIQUID,1700.0,
2026-06-12T14:55:00+08:00,KWINANA_ESR2,-225.0,106.96,1,38c8b945-b7cb-4d3f-815d-bc64995c8781,IN-SERVICE,NOT APPLICABLE,107.2,0.0
2026-06-12T14:55:00+08:00,KWINANA_ESR2,225.0,122.4,2,38c8b945-b7cb-4d3f-815d-bc64995c8781,IN-SERVICE,NOT APPLICABLE,122.67,0.0
2026-06-12T14:55:00+08:00,COLLIE_BESS2,0.0,-987.3,1,fe2a5dd5-a287-47d7-bd8b-d885d2237dcb,IN-SERVICE,NON-LIQUID,-1000.0,
2026-06-12T14:55:00+08:00,COLLIE_BESS2,-150.0,-42.46,2,fe2a5dd5-a287-47d7-bd8b-d885d2237dcb,IN-SERVICE,NON-LIQUID,-43.01,
2026-06-12T14:55:00+08:00,COLLIE_BESS2,-150.0,-10.0,3,fe2a5dd5-a287-47d7-bd8b-d885d2237dcb,IN-SERVICE,NON-LIQUID,-10.13,
2026-06-12T14:55:00+08:00,COLLIE_BESS2,0.0,34.02,4,fe2a5dd5-a287-47d7-bd8b-d885d2237dcb,IN-SERVICE,NON-LIQUID,34.46,
2026-06-12T14:55:00+08:00,COLLIE_BESS2,0.0,56.01,5,fe2a5dd5-a287-47d7-bd8b-d885d2237dcb,IN-SERVICE,NON-LIQUID,56.73,
2026-06-12T14:55:00+08:00,COLLIE_BESS2,150.0,150.0,6,fe2a5dd5-a287-47d7-bd8b-d885d2237dcb,IN-SERVICE,NON-LIQUID,151.93,
2026-06-12T14:55:00+08:00,COLLIE_BESS2,150.0,250.0,7,fe2a5dd5-a287-47d7-bd8b-d885d2237dcb,IN-SERVICE,NON-LIQUID,253.22,
2026-06-12T14:55:00+08:00,COLLIE_BESS2,0.0,377.74,8,fe2a5dd5-a287-47d7-bd8b-d885d2237dcb,IN-SERVICE,NON-LIQUID,382.6,
2026-06-12T14:55:00+08:00,COLLIE_BESS2,0.0,622.0,9,fe2a5dd5-a287-47d7-bd8b-d885d2237dcb,IN-SERVICE,NON-LIQUID,630.0,
2026-06-12T14:55:00+08:00,COLLIE_BESS2,0.0,1678.41,10,fe2a5dd5-a287-47d7-bd8b-d885d2237dcb,IN-SERVICE,NON-LIQUID,1700.0,
2026-06-12T14:55:00+08:00,COLLIE_ESR4,-250.0,105.79,1,242376e5-d347-4942-84ef-e59758d96b24,IN-SERVICE,NOT APPLICABLE,107.15,0.0
2026-06-12T14:55:00+08:00,COLLIE_ESR4,250.0,121.15,2,242376e5-d347-4942-84ef-e59758d96b24,IN-SERVICE,NOT APPLICABLE,122.71,0.0
2026-06-12T14:55:00+08:00,COLLIE_ESR5,-250.0,105.91,1,77166dc6-85bd-472a-80e9-c3064f3773c3,IN-SERVICE,NOT APPLICABLE,107.27,0.0
2026-06-12T14:55:00+08:00,COLLIE_ESR5,250.0,121.03,2,77166dc6-85bd-472a-80e9-c3064f3773c3,IN-SERVICE,NOT APPLICABLE,122.59,0.0
2026-06-12T15:00:00+08:00,KWINANA_ESR1,-100.0,107.14,1,b8b390e4-de9d-4ffa-8812-158ace126b7e,IN-SERVICE,NOT APPLICABLE,107.48,0.0
2026-06-12T15:00:00+08:00,KWINANA_ESR1,100.0,121.48,2,b8b390e4-de9d-4ffa-8812-158ace126b7e,IN-SERVICE,NOT APPLICABLE,121.87,0.0
2026-06-12T15:00:00+08:00,COLLIE_ESR1,0.0,-987.3,1,017a0abf-b784-499e-aeee-2b04196643b9,IN-SERVICE,NON-LIQUID,-1000.0,
2026-06-12T15:00:00+08:00,COLLIE_ESR1,-100.0,-42.46,2,017a0abf-b784-499e-aeee-2b04196643b9,IN-SERVICE,NON-LIQUID,-43.01,
2026-06-12T15:00:00+08:00,COLLIE_ESR1,-100.0,-10.0,3,017a0abf-b784-499e-aeee-2b04196643b9,IN-SERVICE,NON-LIQUID,-10.13,
2026-06-12T15:00:00+08:00,COLLIE_ESR1,0.0,34.02,4,017a0abf-b784-499e-aeee-2b04196643b9,IN-SERVICE,NON-LIQUID,34.46,
2026-06-12T15:00:00+08:00,COLLIE_ESR1,0.0,37.16,5,017a0abf-b784-499e-aeee-2b04196643b9,IN-SERVICE,NON-LIQUID,37.64,
2026-06-12T15:00:00+08:00,COLLIE_ESR1,100.0,150.0,6,017a0abf-b784-499e-aeee-2b04196643b9,IN-SERVICE,NON-LIQUID,151.93,
2026-06-12T15:00:00+08:00,COLLIE_ESR1,100.0,250.0,7,017a0abf-b784-499e-aeee-2b04196643b9,IN-SERVICE,NON-LIQUID,253.22,
2026-06-12T15:00:00+08:00,COLLIE_ESR1,0.0,400.0,8,017a0abf-b784-499e-aeee-2b04196643b9,IN-SERVICE,NON-LIQUID,405.15,
2026-06-12T15:00:00+08:00,COLLIE_ESR1,0.0,622.0,9,017a0abf-b784-499e-aeee-2b04196643b9,IN-SERVICE,NON-LIQUID,630.0,
2026-06-12T15:00:00+08:00,COLLIE_ESR1,0.0,1678.41,10,017a0abf-b784-499e-aeee-2b04196643b9,IN-SERVICE,NON-LIQUID,1700.0,
2026-06-12T15:00:00+08:00,KWINANA_ESR2,-225.0,106.96,1,38c8b945-b7cb-4d3f-815d-bc64995c8781,IN-SERVICE,NOT APPLICABLE,107.2,0.0
2026-06-12T15:00:00+08:00,KWINANA_ESR2,225.0,122.4,2,38c8b945-b7cb-4d3f-815d-bc64995c8781,IN-SERVICE,NOT APPLICABLE,122.67,0.0
2026-06-12T15:00:00+08:00,COLLIE_BESS2,0.0,-987.3,1,ad70abdc-497b-4493-a024-4c0dfba64540,IN-SERVICE,NON-LIQUID,-1000.0,
2026-06-12T15:00:00+08:00,COLLIE_BESS2,-150.0,-42.46,2,ad70abdc-497b-4493-a024-4c0dfba64540,IN-SERVICE,NON-LIQUID,-43.01,
2026-06-12T15:00:00+08:00,COLLIE_BESS2,-150.0,-10.0,3,ad70abdc-497b-4493-a024-4c0dfba64540,IN-SERVICE,NON-LIQUID,-10.13,
2026-06-12T15:00:00+08:00,COLLIE_BESS2,0.0,34.02,4,ad70abdc-497b-4493-a024-4c0dfba64540,IN-SERVICE,NON-LIQUID,34.46,
2026-06-12T15:00:00+08:00,COLLIE_BESS2,0.0,37.16,5,ad70abdc-497b-4493-a024-4c0dfba64540,IN-SERVICE,NON-LIQUID,37.64,
2026-06-12T15:00:00+08:00,COLLIE_BESS2,150.0,150.0,6,ad70abdc-497b-4493-a024-4c0dfba64540,IN-SERVICE,NON-LIQUID,151.93,
2026-06-12T15:00:00+08:00,COLLIE_BESS2,150.0,250.0,7,ad70abdc-497b-4493-a024-4c0dfba64540,IN-SERVICE,NON-LIQUID,253.22,
2026-06-12T15:00:00+08:00,COLLIE_BESS2,0.0,377.74,8,ad70abdc-497b-4493-a024-4c0dfba64540,IN-SERVICE,NON-LIQUID,382.6,
2026-06-12T15:00:00+08:00,COLLIE_BESS2,0.0,622.0,9,ad70abdc-497b-4493-a024-4c0dfba64540,IN-SERVICE,NON-LIQUID,630.0,
2026-06-12T15:00:00+08:00,COLLIE_BESS2,0.0,1678.41,10,ad70abdc-497b-4493-a024-4c0dfba64540,IN-SERVICE,NON-LIQUID,1700.0,
2026-06-12T15:00:00+08:00,COLLIE_ESR4,-250.0,105.79,1,242376e5-d347-4942-84ef-e59758d96b24,IN-SERVICE,NOT APPLICABLE,107.15,0.0
2026-06-12T15:00:00+08:00,COLLIE_ESR4,250.0,121.15,2,242376e5-d347-4942-84ef-e59758d96b24,IN-SERVICE,NOT APPLICABLE,122.71,0.0
2026-06-12T15:00:00+08:00,COLLIE_ESR5,-250.0,105.91,1,77166dc6-85bd-472a-80e9-c3064f3773c3,IN-SERVICE,NOT APPLICABLE,107.27,0.0
2026-06-12T15:00:00+08:00,COLLIE_ESR5,250.0,121.03,2,77166dc6-85bd-472a-80e9-c3064f3773c3,IN-SERVICE,NOT APPLICABLE,122.59,0.0
2026-06-12T15:05:00+08:00,KWINANA_ESR1,-100.0,107.14,1,b8b390e4-de9d-4ffa-8812-158ace126b7e,IN-SERVICE,NOT APPLICABLE,107.48,0.0
2026-06-12T15:05:00+08:00,KWINANA_ESR1,100.0,121.9,2,b8b390e4-de9d-4ffa-8812-158ace126b7e,IN-SERVICE,NOT APPLICABLE,122.29,0.0
2026-06-12T15:05:00+08:00,COLLIE_ESR1,0.0,-987.3,1,7d7dd350-fb3e-4dcb-9501-0df25a43bd5a,IN-SERVICE,NON-LIQUID,-1000.0,
2026-06-12T15:05:00+08:00,COLLIE_ESR1,-100.0,-42.46,2,7d7dd350-fb3e-4dcb-9501-0df25a43bd5a,IN-SERVICE,NON-LIQUID,-43.01,
2026-06-12T15:05:00+08:00,COLLIE_ESR1,-100.0,-10.0,3,7d7dd350-fb3e-4dcb-9501-0df25a43bd5a,IN-SERVICE,NON-LIQUID,-10.13,
2026-06-12T15:05:00+08:00,COLLIE_ESR1,0.0,34.02,4,7d7dd350-fb3e-4dcb-9501-0df25a43bd5a,IN-SERVICE,NON-LIQUID,34.46,
2026-06-12T15:05:00+08:00,COLLIE_ESR1,0.0,37.16,5,7d7dd350-fb3e-4dcb-9501-0df25a43bd5a,IN-SERVICE,NON-LIQUID,37.64,
2026-06-12T15:05:00+08:00,COLLIE_ESR1,100.0,150.0,6,7d7dd350-fb3e-4dcb-9501-0df25a43bd5a,IN-SERVICE,NON-LIQUID,151.93,
2026-06-12T15:05:00+08:00,COLLIE_ESR1,100.0,250.0,7,7d7dd350-fb3e-4dcb-9501-0df25a43bd5a,IN-SERVICE,NON-LIQUID,253.22,
2026-06-12T15:05:00+08:00,COLLIE_ESR1,0.0,400.0,8,7d7dd350-fb3e-4dcb-9501-0df25a43bd5a,IN-SERVICE,NON-LIQUID,405.15,
2026-06-12T15:05:00+08:00,COLLIE_ESR1,0.0,622.0,9,7d7dd350-fb3e-4dcb-9501-0df25a43bd5a,IN-SERVICE,NON-LIQUID,630.0,
2026-06-12T15:05:00+08:00,COLLIE_ESR1,0.0,1678.41,10,7d7dd350-fb3e-4dcb-9501-0df25a43bd5a,IN-SERVICE,NON-LIQUID,1700.0,
2026-06-12T15:05:00+08:00,KWINANA_ESR2,-225.0,106.96,1,38c8b945-b7cb-4d3f-815d-bc64995c8781,IN-SERVICE,NOT APPLICABLE,107.2,0.0
2026-06-12T15:05:00+08:00,KWINANA_ESR2,225.0,122.4,2,38c8b945-b7cb-4d3f-815d-bc64995c8781,IN-SERVICE,NOT APPLICABLE,122.67,0.0
2026-06-12T15:05:00+08:00,COLLIE_BESS2,0.0,-987.3,1,9c018bf2-aa03-4efb-a0c4-46ad7ca1d08c,IN-SERVICE,NON-LIQUID,-1000.0,
2026-06-12T15:05:00+08:00,COLLIE_BESS2,-150.0,-42.46,2,9c018bf2-aa03-4efb-a0c4-46ad7ca1d08c,IN-SERVICE,NON-LIQUID,-43.01,
2026-06-12T15:05:00+08:00,COLLIE_BESS2,-150.0,-10.0,3,9c018bf2-aa03-4efb-a0c4-46ad7ca1d08c,IN-SERVICE,NON-LIQUID,-10.13,
2026-06-12T15:05:00+08:00,COLLIE_BESS2,0.0,34.02,4,9c018bf2-aa03-4efb-a0c4-46ad7ca1d08c,IN-SERVICE,NON-LIQUID,34.46,
2026-06-12T15:05:00+08:00,COLLIE_BESS2,0.0,37.16,5,9c018bf2-aa03-4efb-a0c4-46ad7ca1d08c,IN-SERVICE,NON-LIQUID,37.64,
2026-06-12T15:05:00+08:00,COLLIE_BESS2,150.0,150.0,6,9c018bf2-aa03-4efb-a0c4-46ad7ca1d08c,IN-SERVICE,NON-LIQUID,151.93,
2026-06-12T15:05:00+08:00,COLLIE_BESS2,150.0,250.0,7,9c018bf2-aa03-4efb-a0c4-46ad7ca1d08c,IN-SERVICE,NON-LIQUID,253.22,
2026-06-12T15:05:00+08:00,COLLIE_BESS2,0.0,377.74,8,9c018bf2-aa03-4efb-a0c4-46ad7ca1d08c,IN-SERVICE,NON-LIQUID,382.6,
2026-06-12T15:05:00+08:00,COLLIE_BESS2,0.0,622.0,9,9c018bf2-aa03-4efb-a0c4-46ad7ca1d08c,IN-SERVICE,NON-LIQUID,630.0,
2026-06-12T15:05:00+08:00,COLLIE_BESS2,0.0,1678.41,10,9c018bf2-aa03-4efb-a0c4-46ad7ca1d08c,IN-SERVICE,NON-LIQUID,1700.0,
2026-06-12T15:05:00+08:00,COLLIE_ESR4,-250.0,105.79,1,242376e5-d347-4942-84ef-e59758d96b24,IN-SERVICE,NOT APPLICABLE,107.15,0.0
2026-06-12T15:05:00+08:00,COLLIE_ESR4,250.0,121.15,2,242376e5-d347-4942-84ef-e59758d96b24,IN-SERVICE,NOT APPLICABLE,122.71,0.0
2026-06-12T15:05:00+08:00,COLLIE_ESR5,-250.0,105.91,1,77166dc6-85bd-472a-80e9-c3064f3773c3,IN-SERVICE,NOT APPLICABLE,107.27,0.0
2026-06-12T15:05:00+08:00,COLLIE_ESR5,250.0,121.03,2,77166dc6-85bd-472a-80e9-c3064f3773c3,IN-SERVICE,NOT APPLICABLE,122.59,0.0
2026-06-12T15:10:00+08:00,KWINANA_ESR1,-100.0,107.14,1,5cee93b9-8a70-4c76-ab5c-a46cdd86b8ba,IN-SERVICE,NOT APPLICABLE,107.48,0.0
2026-06-12T15:10:00+08:00,KWINANA_ESR1,100.0,115.34,2,5cee93b9-8a70-4c76-ab5c-a46cdd86b8ba,IN-SERVICE,NOT APPLICABLE,115.71,0.0
2026-06-12T15:10:00+08:00,COLLIE_ESR1,0.0,-987.3,1,91565e7d-72a7-43f8-9748-b7844a1c30c4,IN-SERVICE,NON-LIQUID,-1000.0,
2026-06-12T15:10:00+08:00,COLLIE_ESR1,-100.0,-42.46,2,91565e7d-72a7-43f8-9748-b7844a1c30c4,IN-SERVICE,NON-LIQUID,-43.01,
2026-06-12T15:10:00+08:00,COLLIE_ESR1,-100.0,-10.0,3,91565e7d-72a7-43f8-9748-b7844a1c30c4,IN-SERVICE,NON-LIQUID,-10.13,
2026-06-12T15:10:00+08:00,COLLIE_ESR1,0.0,34.02,4,91565e7d-72a7-43f8-9748-b7844a1c30c4,IN-SERVICE,NON-LIQUID,34.46,
2026-06-12T15:10:00+08:00,COLLIE_ESR1,0.0,37.16,5,91565e7d-72a7-43f8-9748-b7844a1c30c4,IN-SERVICE,NON-LIQUID,37.64,
2026-06-12T15:10:00+08:00,COLLIE_ESR1,100.0,150.0,6,91565e7d-72a7-43f8-9748-b7844a1c30c4,IN-SERVICE,NON-LIQUID,151.93,
2026-06-12T15:10:00+08:00,COLLIE_ESR1,100.0,250.0,7,91565e7d-72a7-43f8-9748-b7844a1c30c4,IN-SERVICE,NON-LIQUID,253.22,
2026-06-12T15:10:00+08:00,COLLIE_ESR1,0.0,400.0,8,91565e7d-72a7-43f8-9748-b7844a1c30c4,IN-SERVICE,NON-LIQUID,405.15,
2026-06-12T15:10:00+08:00,COLLIE_ESR1,0.0,622.0,9,91565e7d-72a7-43f8-9748-b7844a1c30c4,IN-SERVICE,NON-LIQUID,630.0,
2026-06-12T15:10:00+08:00,COLLIE_ESR1,0.0,1678.41,10,91565e7d-72a7-43f8-9748-b7844a1c30c4,IN-SERVICE,NON-LIQUID,1700.0,
2026-06-12T15:10:00+08:00,KWINANA_ESR2,-225.0,106.96,1,4f38a047-e3e5-46d2-90bf-449be12eb851,IN-SERVICE,NOT APPLICABLE,107.2,0.0
2026-06-12T15:10:00+08:00,KWINANA_ESR2,225.0,122.48,2,4f38a047-e3e5-46d2-90bf-449be12eb851,IN-SERVICE,NOT APPLICABLE,122.75,0.0
2026-06-12T15:10:00+08:00,COLLIE_BESS2,0.0,-987.3,1,ab82de2e-d9b0-4d9d-81dc-1a4c519fb24f,IN-SERVICE,NON-LIQUID,-1000.0,
2026-06-12T15:10:00+08:00,COLLIE_BESS2,-150.0,-42.46,2,ab82de2e-d9b0-4d9d-81dc-1a4c519fb24f,IN-SERVICE,NON-LIQUID,-43.01,
2026-06-12T15:10:00+08:00,COLLIE_BESS2,-150.0,-10.0,3,ab82de2e-d9b0-4d9d-81dc-1a4c519fb24f,IN-SERVICE,NON-LIQUID,-10.13,
2026-06-12T15:10:00+08:00,COLLIE_BESS2,0.0,34.02,4,ab82de2e-d9b0-4d9d-81dc-1a4c519fb24f,IN-SERVICE,NON-LIQUID,34.46,
2026-06-12T15:10:00+08:00,COLLIE_BESS2,0.0,37.16,5,ab82de2e-d9b0-4d9d-81dc-1a4c519fb24f,IN-SERVICE,NON-LIQUID,37.64,
2026-06-12T15:10:00+08:00,COLLIE_BESS2,150.0,150.0,6,ab82de2e-d9b0-4d9d-81dc-1a4c519fb24f,IN-SERVICE,NON-LIQUID,151.93,
2026-06-12T15:10:00+08:00,COLLIE_BESS2,150.0,250.0,7,ab82de2e-d9b0-4d9d-81dc-1a4c519fb24f,IN-SERVICE,NON-LIQUID,253.22,
2026-06-12T15:10:00+08:00,COLLIE_BESS2,0.0,377.74,8,ab82de2e-d9b0-4d9d-81dc-1a4c519fb24f,IN-SERVICE,NON-LIQUID,382.6,
2026-06-12T15:10:00+08:00,COLLIE_BESS2,0.0,622.0,9,ab82de2e-d9b0-4d9d-81dc-1a4c519fb24f,IN-SERVICE,NON-LIQUID,630.0,
2026-06-12T15:10:00+08:00,COLLIE_BESS2,0.0,1678.41,10,ab82de2e-d9b0-4d9d-81dc-1a4c519fb24f,IN-SERVICE,NON-LIQUID,1700.0,
2026-06-12T15:10:00+08:00,COLLIE_ESR4,-250.0,105.87,1,903282c9-9fe6-41ef-bc80-cf514bcf6de1,IN-SERVICE,NOT APPLICABLE,107.23,0.0
2026-06-12T15:10:00+08:00,COLLIE_ESR4,250.0,121.23,2,903282c9-9fe6-41ef-bc80-cf514bcf6de1,IN-SERVICE,NOT APPLICABLE,122.79,0.0
2026-06-12T15:10:00+08:00,COLLIE_ESR5,-250.0,105.99,1,538f6cb4-c1b4-4563-8555-21cd85473602,IN-SERVICE,NOT APPLICABLE,107.35,0.0
2026-06-12T15:10:00+08:00,COLLIE_ESR5,250.0,121.11,2,538f6cb4-c1b4-4563-8555-21cd85473602,IN-SERVICE,NOT APPLICABLE,122.67,0.0
2026-06-12T15:15:00+08:00,KWINANA_ESR1,-100.0,107.14,1,5cee93b9-8a70-4c76-ab5c-a46cdd86b8ba,IN-SERVICE,NOT APPLICABLE,107.48,0.0
2026-06-12T15:15:00+08:00,KWINANA_ESR1,100.0,115.34,2,5cee93b9-8a70-4c76-ab5c-a46cdd86b8ba,IN-SERVICE,NOT APPLICABLE,115.71,0.0
2026-06-12T15:15:00+08:00,COLLIE_ESR1,0.0,-987.3,1,662cf166-351c-49e3-9553-c6f303a4d5e8,IN-SERVICE,NON-LIQUID,-1000.0,
2026-06-12T15:15:00+08:00,COLLIE_ESR1,-100.0,-42.46,2,662cf166-351c-49e3-9553-c6f303a4d5e8,IN-SERVICE,NON-LIQUID,-43.01,
2026-06-12T15:15:00+08:00,COLLIE_ESR1,-100.0,-10.0,3,662cf166-351c-49e3-9553-c6f303a4d5e8,IN-SERVICE,NON-LIQUID,-10.13,
2026-06-12T15:15:00+08:00,COLLIE_ESR1,0.0,34.02,4,662cf166-351c-49e3-9553-c6f303a4d5e8,IN-SERVICE,NON-LIQUID,34.46,
2026-06-12T15:15:00+08:00,COLLIE_ESR1,0.0,37.16,5,662cf166-351c-49e3-9553-c6f303a4d5e8,IN-SERVICE,NON-LIQUID,37.64,
2026-06-12T15:15:00+08:00,COLLIE_ESR1,100.0,150.0,6,662cf166-351c-49e3-9553-c6f303a4d5e8,IN-SERVICE,NON-LIQUID,151.93,
2026-06-12T15:15:00+08:00,COLLIE_ESR1,100.0,250.0,7,662cf166-351c-49e3-9553-c6f303a4d5e8,IN-SERVICE,NON-LIQUID,253.22,
2026-06-12T15:15:00+08:00,COLLIE_ESR1,0.0,400.0,8,662cf166-351c-49e3-9553-c6f303a4d5e8,IN-SERVICE,NON-LIQUID,405.15,
2026-06-12T15:15:00+08:00,COLLIE_ESR1,0.0,622.0,9,662cf166-351c-49e3-9553-c6f303a4d5e8,IN-SERVICE,NON-LIQUID,630.0,
2026-06-12T15:15:00+08:00,COLLIE_ESR1,0.0,1678.41,10,662cf166-351c-49e3-9553-c6f303a4d5e8,IN-SERVICE,NON-LIQUID,1700.0,
2026-06-12T15:15:00+08:00,KWINANA_ESR2,-225.0,107.04,1,4f38a047-e3e5-46d2-90bf-449be12eb851,IN-SERVICE,NOT APPLICABLE,107.28,0.0
2026-06-12T15:15:00+08:00,KWINANA_ESR2,225.0,122.48,2,4f38a047-e3e5-46d2-90bf-449be12eb851,IN-SERVICE,NOT APPLICABLE,122.75,0.0
2026-06-12T15:15:00+08:00,COLLIE_BESS2,0.0,-987.3,1,27556eba-c7d4-47f4-91b1-5e537eaf9bc9,IN-SERVICE,NON-LIQUID,-1000.0,
2026-06-12T15:15:00+08:00,COLLIE_BESS2,-150.0,-42.46,2,27556eba-c7d4-47f4-91b1-5e537eaf9bc9,IN-SERVICE,NON-LIQUID,-43.01,
2026-06-12T15:15:00+08:00,COLLIE_BESS2,-150.0,-10.0,3,27556eba-c7d4-47f4-91b1-5e537eaf9bc9,IN-SERVICE,NON-LIQUID,-10.13,
2026-06-12T15:15:00+08:00,COLLIE_BESS2,0.0,34.02,4,27556eba-c7d4-47f4-91b1-5e537eaf9bc9,IN-SERVICE,NON-LIQUID,34.46,
2026-06-12T15:15:00+08:00,COLLIE_BESS2,0.0,37.16,5,27556eba-c7d4-47f4-91b1-5e537eaf9bc9,IN-SERVICE,NON-LIQUID,37.64,
2026-06-12T15:15:00+08:00,COLLIE_BESS2,150.0,150.0,6,27556eba-c7d4-47f4-91b1-5e537eaf9bc9,IN-SERVICE,NON-LIQUID,151.93,
2026-06-12T15:15:00+08:00,COLLIE_BESS2,150.0,250.0,7,27556eba-c7d4-47f4-91b1-5e537eaf9bc9,IN-SERVICE,NON-LIQUID,253.22,
2026-06-12T15:15:00+08:00,COLLIE_BESS2,0.0,377.74,8,27556eba-c7d4-47f4-91b1-5e537eaf9bc9,IN-SERVICE,NON-LIQUID,382.6,
2026-06-12T15:15:00+08:00,COLLIE_BESS2,0.0,622.0,9,27556eba-c7d4-47f4-91b1-5e537eaf9bc9,IN-SERVICE,NON-LIQUID,630.0,
2026-06-12T15:15:00+08:00,COLLIE_BESS2,0.0,1678.41,10,27556eba-c7d4-47f4-91b1-5e537eaf9bc9,IN-SERVICE,NON-LIQUID,1700.0,
2026-06-12T15:15:00+08:00,COLLIE_ESR4,-250.0,105.87,1,903282c9-9fe6-41ef-bc80-cf514bcf6de1,IN-SERVICE,NOT APPLICABLE,107.23,0.0
2026-06-12T15:15:00+08:00,COLLIE_ESR4,250.0,121.23,2,903282c9-9fe6-41ef-bc80-cf514bcf6de1,IN-SERVICE,NOT APPLICABLE,122.79,0.0
2026-06-12T15:15:00+08:00,COLLIE_ESR5,-250.0,105.99,1,538f6cb4-c1b4-4563-8555-21cd85473602,IN-SERVICE,NOT APPLICABLE,107.35,0.0
2026-06-12T15:15:00+08:00,COLLIE_ESR5,250.0,121.11,2,538f6cb4-c1b4-4563-8555-21cd85473602,IN-SERVICE,NOT APPLICABLE,122.67,0.0
2026-06-12T15:20:00+08:00,KWINANA_ESR1,-100.0,107.14,1,5cee93b9-8a70-4c76-ab5c-a46cdd86b8ba,IN-SERVICE,NOT APPLICABLE,107.48,0.0
2026-06-12T15:20:00+08:00,KWINANA_ESR1,100.0,115.34,2,5cee93b9-8a70-4c76-ab5c-a46cdd86b8ba,IN-SERVICE,NOT APPLICABLE,115.71,0.0
2026-06-12T15:20:00+08:00,COLLIE_ESR1,0.0,-987.3,1,f3957dd3-32cf-4df7-b1e7-425c4c01c959,IN-SERVICE,NON-LIQUID,-1000.0,
2026-06-12T15:20:00+08:00,COLLIE_ESR1,-100.0,-42.46,2,f3957dd3-32cf-4df7-b1e7-425c4c01c959,IN-SERVICE,NON-LIQUID,-43.01,
2026-06-12T15:20:00+08:00,COLLIE_ESR1,-100.0,-10.0,3,f3957dd3-32cf-4df7-b1e7-425c4c01c959,IN-SERVICE,NON-LIQUID,-10.13,
2026-06-12T15:20:00+08:00,COLLIE_ESR1,0.0,34.02,4,f3957dd3-32cf-4df7-b1e7-425c4c01c959,IN-SERVICE,NON-LIQUID,34.46,
2026-06-12T15:20:00+08:00,COLLIE_ESR1,0.0,37.16,5,f3957dd3-32cf-4df7-b1e7-425c4c01c959,IN-SERVICE,NON-LIQUID,37.64,
2026-06-12T15:20:00+08:00,COLLIE_ESR1,100.0,150.0,6,f3957dd3-32cf-4df7-b1e7-425c4c01c959,IN-SERVICE,NON-LIQUID,151.93,
2026-06-12T15:20:00+08:00,COLLIE_ESR1,100.0,250.0,7,f3957dd3-32cf-4df7-b1e7-425c4c01c959,IN-SERVICE,NON-LIQUID,253.22,
2026-06-12T15:20:00+08:00,COLLIE_ESR1,0.0,400.0,8,f3957dd3-32cf-4df7-b1e7-425c4c01c959,IN-SERVICE,NON-LIQUID,405.15,
2026-06-12T15:20:00+08:00,COLLIE_ESR1,0.0,622.0,9,f3957dd3-32cf-4df7-b1e7-425c4c01c959,IN-SERVICE,NON-LIQUID,630.0,
2026-06-12T15:20:00+08:00,COLLIE_ESR1,0.0,1678.41,10,f3957dd3-32cf-4df7-b1e7-425c4c01c959,IN-SERVICE,NON-LIQUID,1700.0,
2026-06-12T15:20:00+08:00,KWINANA_ESR2,-225.0,107.04,1,4f38a047-e3e5-46d2-90bf-449be12eb851,IN-SERVICE,NOT APPLICABLE,107.28,0.0
2026-06-12T15:20:00+08:00,KWINANA_ESR2,225.0,122.48,2,4f38a047-e3e5-46d2-90bf-449be12eb851,IN-SERVICE,NOT APPLICABLE,122.75,0.0
2026-06-12T15:20:00+08:00,COLLIE_BESS2,0.0,-987.3,1,db79ec1c-28d2-41ac-b60f-02f77f753e88,IN-SERVICE,NON-LIQUID,-1000.0,
2026-06-12T15:20:00+08:00,COLLIE_BESS2,-150.0,-42.46,2,db79ec1c-28d2-41ac-b60f-02f77f753e88,IN-SERVICE,NON-LIQUID,-43.01,
2026-06-12T15:20:00+08:00,COLLIE_BESS2,-150.0,-10.0,3,db79ec1c-28d2-41ac-b60f-02f77f753e88,IN-SERVICE,NON-LIQUID,-10.13,
2026-06-12T15:20:00+08:00,COLLIE_BESS2,0.0,34.02,4,db79ec1c-28d2-41ac-b60f-02f77f753e88,IN-SERVICE,NON-LIQUID,34.46,
2026-06-12T15:20:00+08:00,COLLIE_BESS2,0.0,37.16,5,db79ec1c-28d2-41ac-b60f-02f77f753e88,IN-SERVICE,NON-LIQUID,37.64,
2026-06-12T15:20:00+08:00,COLLIE_BESS2,150.0,150.0,6,db79ec1c-28d2-41ac-b60f-02f77f753e88,IN-SERVICE,NON-LIQUID,151.93,
2026-06-12T15:20:00+08:00,COLLIE_BESS2,150.0,250.0,7,db79ec1c-28d2-41ac-b60f-02f77f753e88,IN-SERVICE,NON-LIQUID,253.22,
2026-06-12T15:20:00+08:00,COLLIE_BESS2,0.0,377.74,8,db79ec1c-28d2-41ac-b60f-02f77f753e88,IN-SERVICE,NON-LIQUID,382.6,
2026-06-12T15:20:00+08:00,COLLIE_BESS2,0.0,622.0,9,db79ec1c-28d2-41ac-b60f-02f77f753e88,IN-SERVICE,NON-LIQUID,630.0,
2026-06-12T15:20:00+08:00,COLLIE_BESS2,0.0,1678.41,10,db79ec1c-28d2-41ac-b60f-02f77f753e88,IN-SERVICE,NON-LIQUID,1700.0,
2026-06-12T15:20:00+08:00,COLLIE_ESR4,-250.0,105.87,1,903282c9-9fe6-41ef-bc80-cf514bcf6de1,IN-SERVICE,NOT APPLICABLE,107.23,0.0
2026-06-12T15:20:00+08:00,COLLIE_ESR4,250.0,123.94,2,903282c9-9fe6-41ef-bc80-cf514bcf6de1,IN-SERVICE,NOT APPLICABLE,125.53,0.0
2026-06-12T15:20:00+08:00,COLLIE_ESR5,-250.0,105.99,1,538f6cb4-c1b4-4563-8555-21cd85473602,IN-SERVICE,NOT APPLICABLE,107.35,0.0
2026-06-12T15:20:00+08:00,COLLIE_ESR5,250.0,121.11,2,538f6cb4-c1b4-4563-8555-21cd85473602,IN-SERVICE,NOT APPLICABLE,122.67,0.0
2026-06-12T15:25:00+08:00,KWINANA_ESR1,-100.0,102.24,1,d192ed95-5e7b-4315-ae09-3fa4bf2000db,IN-SERVICE,NOT APPLICABLE,102.57,0.0
2026-06-12T15:25:00+08:00,KWINANA_ESR1,100.0,117.0,2,d192ed95-5e7b-4315-ae09-3fa4bf2000db,IN-SERVICE,NOT APPLICABLE,117.38,0.0
2026-06-12T15:25:00+08:00,COLLIE_ESR1,0.0,-987.3,1,6aece264-e7df-401d-b575-08234351a906,IN-SERVICE,NON-LIQUID,-1000.0,
2026-06-12T15:25:00+08:00,COLLIE_ESR1,-100.0,-42.46,2,6aece264-e7df-401d-b575-08234351a906,IN-SERVICE,NON-LIQUID,-43.01,
2026-06-12T15:25:00+08:00,COLLIE_ESR1,-100.0,-10.0,3,6aece264-e7df-401d-b575-08234351a906,IN-SERVICE,NON-LIQUID,-10.13,
2026-06-12T15:25:00+08:00,COLLIE_ESR1,0.0,34.02,4,6aece264-e7df-401d-b575-08234351a906,IN-SERVICE,NON-LIQUID,34.46,
2026-06-12T15:25:00+08:00,COLLIE_ESR1,0.0,37.16,5,6aece264-e7df-401d-b575-08234351a906,IN-SERVICE,NON-LIQUID,37.64,
2026-06-12T15:25:00+08:00,COLLIE_ESR1,100.0,150.0,6,6aece264-e7df-401d-b575-08234351a906,IN-SERVICE,NON-LIQUID,151.93,
2026-06-12T15:25:00+08:00,COLLIE_ESR1,100.0,250.0,7,6aece264-e7df-401d-b575-08234351a906,IN-SERVICE,NON-LIQUID,253.22,
2026-06-12T15:25:00+08:00,COLLIE_ESR1,0.0,400.0,8,6aece264-e7df-401d-b575-08234351a906,IN-SERVICE,NON-LIQUID,405.15,
2026-06-12T15:25:00+08:00,COLLIE_ESR1,0.0,622.0,9,6aece264-e7df-401d-b575-08234351a906,IN-SERVICE,NON-LIQUID,630.0,
2026-06-12T15:25:00+08:00,COLLIE_ESR1,0.0,1678.41,10,6aece264-e7df-401d-b575-08234351a906,IN-SERVICE,NON-LIQUID,1700.0,
2026-06-12T15:25:00+08:00,KWINANA_ESR2,-225.0,109.61,1,fa90f9c0-10cd-4858-ba96-f1f84c32a6c1,IN-SERVICE,NOT APPLICABLE,109.85,0.0
2026-06-12T15:25:00+08:00,KWINANA_ESR2,225.0,130.37,2,fa90f9c0-10cd-4858-ba96-f1f84c32a6c1,IN-SERVICE,NOT APPLICABLE,130.66,0.0
2026-06-12T15:25:00+08:00,COLLIE_BESS2,0.0,-987.3,1,1d730d56-c39b-4342-b495-4364693bd69a,IN-SERVICE,NON-LIQUID,-1000.0,
2026-06-12T15:25:00+08:00,COLLIE_BESS2,-150.0,-42.46,2,1d730d56-c39b-4342-b495-4364693bd69a,IN-SERVICE,NON-LIQUID,-43.01,
2026-06-12T15:25:00+08:00,COLLIE_BESS2,-150.0,-10.0,3,1d730d56-c39b-4342-b495-4364693bd69a,IN-SERVICE,NON-LIQUID,-10.13,
2026-06-12T15:25:00+08:00,COLLIE_BESS2,0.0,34.02,4,1d730d56-c39b-4342-b495-4364693bd69a,IN-SERVICE,NON-LIQUID,34.46,
2026-06-12T15:25:00+08:00,COLLIE_BESS2,0.0,37.16,5,1d730d56-c39b-4342-b495-4364693bd69a,IN-SERVICE,NON-LIQUID,37.64,
2026-06-12T15:25:00+08:00,COLLIE_BESS2,150.0,150.0,6,1d730d56-c39b-4342-b495-4364693bd69a,IN-SERVICE,NON-LIQUID,151.93,
2026-06-12T15:25:00+08:00,COLLIE_BESS2,150.0,250.0,7,1d730d56-c39b-4342-b495-4364693bd69a,IN-SERVICE,NON-LIQUID,253.22,
2026-06-12T15:25:00+08:00,COLLIE_BESS2,0.0,377.74,8,1d730d56-c39b-4342-b495-4364693bd69a,IN-SERVICE,NON-LIQUID,382.6,
2026-06-12T15:25:00+08:00,COLLIE_BESS2,0.0,622.0,9,1d730d56-c39b-4342-b495-4364693bd69a,IN-SERVICE,NON-LIQUID,630.0,
2026-06-12T15:25:00+08:00,COLLIE_BESS2,0.0,1678.41,10,1d730d56-c39b-4342-b495-4364693bd69a,IN-SERVICE,NON-LIQUID,1700.0,
2026-06-12T15:25:00+08:00,COLLIE_ESR4,-250.0,105.87,1,903282c9-9fe6-41ef-bc80-cf514bcf6de1,IN-SERVICE,NOT APPLICABLE,107.23,0.0
2026-06-12T15:25:00+08:00,COLLIE_ESR4,250.0,127.15,2,903282c9-9fe6-41ef-bc80-cf514bcf6de1,IN-SERVICE,NOT APPLICABLE,128.79,0.0
2026-06-12T15:25:00+08:00,COLLIE_ESR5,-250.0,105.99,1,538f6cb4-c1b4-4563-8555-21cd85473602,IN-SERVICE,NOT APPLICABLE,107.35,0.0
2026-06-12T15:25:00+08:00,COLLIE_ESR5,250.0,121.11,2,538f6cb4-c1b4-4563-8555-21cd85473602,IN-SERVICE,NOT APPLICABLE,122.67,0.0
2026-06-12T15:30:00+08:00,KWINANA_ESR1,-100.0,102.24,1,d192ed95-5e7b-4315-ae09-3fa4bf2000db,IN-SERVICE,NOT APPLICABLE,102.57,0.0
2026-06-12T15:30:00+08:00,KWINANA_ESR1,100.0,117.0,2,d192ed95-5e7b-4315-ae09-3fa4bf2000db,IN-SERVICE,NOT APPLICABLE,117.38,0.0
2026-06-12T15:30:00+08:00,COLLIE_ESR1,0.0,-987.3,1,0119da8b-a7a9-4ef6-906e-83d51c7ee759,IN-SERVICE,NON-LIQUID,-1000.0,
2026-06-12T15:30:00+08:00,COLLIE_ESR1,-100.0,-42.46,2,0119da8b-a7a9-4ef6-906e-83d51c7ee759,IN-SERVICE,NON-LIQUID,-43.01,
2026-06-12T15:30:00+08:00,COLLIE_ESR1,-100.0,-10.0,3,0119da8b-a7a9-4ef6-906e-83d51c7ee759,IN-SERVICE,NON-LIQUID,-10.13,
2026-06-12T15:30:00+08:00,COLLIE_ESR1,0.0,34.02,4,0119da8b-a7a9-4ef6-906e-83d51c7ee759,IN-SERVICE,NON-LIQUID,34.46,
2026-06-12T15:30:00+08:00,COLLIE_ESR1,0.0,37.74,5,0119da8b-a7a9-4ef6-906e-83d51c7ee759,IN-SERVICE,NON-LIQUID,38.23,
2026-06-12T15:30:00+08:00,COLLIE_ESR1,100.0,150.0,6,0119da8b-a7a9-4ef6-906e-83d51c7ee759,IN-SERVICE,NON-LIQUID,151.93,
2026-06-12T15:30:00+08:00,COLLIE_ESR1,100.0,250.0,7,0119da8b-a7a9-4ef6-906e-83d51c7ee759,IN-SERVICE,NON-LIQUID,253.22,
2026-06-12T15:30:00+08:00,COLLIE_ESR1,0.0,400.0,8,0119da8b-a7a9-4ef6-906e-83d51c7ee759,IN-SERVICE,NON-LIQUID,405.15,
2026-06-12T15:30:00+08:00,COLLIE_ESR1,0.0,622.0,9,0119da8b-a7a9-4ef6-906e-83d51c7ee759,IN-SERVICE,NON-LIQUID,630.0,
2026-06-12T15:30:00+08:00,COLLIE_ESR1,0.0,1678.41,10,0119da8b-a7a9-4ef6-906e-83d51c7ee759,IN-SERVICE,NON-LIQUID,1700.0,
2026-06-12T15:30:00+08:00,KWINANA_ESR2,-225.0,109.61,1,fa90f9c0-10cd-4858-ba96-f1f84c32a6c1,IN-SERVICE,NOT APPLICABLE,109.85,0.0
2026-06-12T15:30:00+08:00,KWINANA_ESR2,225.0,130.37,2,fa90f9c0-10cd-4858-ba96-f1f84c32a6c1,IN-SERVICE,NOT APPLICABLE,130.66,0.0
2026-06-12T15:30:00+08:00,COLLIE_BESS2,0.0,-987.3,1,c8a05219-258a-4ff2-b187-12b47f4a95e7,IN-SERVICE,NON-LIQUID,-1000.0,
2026-06-12T15:30:00+08:00,COLLIE_BESS2,-150.0,-42.46,2,c8a05219-258a-4ff2-b187-12b47f4a95e7,IN-SERVICE,NON-LIQUID,-43.01,
2026-06-12T15:30:00+08:00,COLLIE_BESS2,-150.0,-10.0,3,c8a05219-258a-4ff2-b187-12b47f4a95e7,IN-SERVICE,NON-LIQUID,-10.13,
2026-06-12T15:30:00+08:00,COLLIE_BESS2,0.0,34.02,4,c8a05219-258a-4ff2-b187-12b47f4a95e7,IN-SERVICE,NON-LIQUID,34.46,
2026-06-12T15:30:00+08:00,COLLIE_BESS2,0.0,37.74,5,c8a05219-258a-4ff2-b187-12b47f4a95e7,IN-SERVICE,NON-LIQUID,38.23,
2026-06-12T15:30:00+08:00,COLLIE_BESS2,150.0,150.0,6,c8a05219-258a-4ff2-b187-12b47f4a95e7,IN-SERVICE,NON-LIQUID,151.93,
2026-06-12T15:30:00+08:00,COLLIE_BESS2,150.0,250.0,7,c8a05219-258a-4ff2-b187-12b47f4a95e7,IN-SERVICE,NON-LIQUID,253.22,
2026-06-12T15:30:00+08:00,COLLIE_BESS2,0.0,377.74,8,c8a05219-258a-4ff2-b187-12b47f4a95e7,IN-SERVICE,NON-LIQUID,382.6,
2026-06-12T15:30:00+08:00,COLLIE_BESS2,0.0,622.0,9,c8a05219-258a-4ff2-b187-12b47f4a95e7,IN-SERVICE,NON-LIQUID,630.0,
2026-06-12T15:30:00+08:00,COLLIE_BESS2,0.0,1678.41,10,c8a05219-258a-4ff2-b187-12b47f4a95e7,IN-SERVICE,NON-LIQUID,1700.0,
2026-06-12T15:30:00+08:00,COLLIE_ESR4,-250.0,108.42,1,2d05aedb-5e5c-4f88-ad62-8411b962be7f,IN-SERVICE,NOT APPLICABLE,109.81,0.0
2026-06-12T15:30:00+08:00,COLLIE_ESR4,250.0,134.71,2,2d05aedb-5e5c-4f88-ad62-8411b962be7f,IN-SERVICE,NOT APPLICABLE,136.44,0.0
2026-06-12T15:30:00+08:00,COLLIE_ESR5,-250.0,113.8,1,9867edd7-af0a-4c45-b072-8d37125f7abe,IN-SERVICE,NOT APPLICABLE,115.26,0.0
2026-06-12T15:30:00+08:00,COLLIE_ESR5,250.0,123.66,2,9867edd7-af0a-4c45-b072-8d37125f7abe,IN-SERVICE,NOT APPLICABLE,125.25,0.0
2026-06-12T15:35:00+08:00,KWINANA_ESR1,-100.0,102.24,1,d192ed95-5e7b-4315-ae09-3fa4bf2000db,IN-SERVICE,NOT APPLICABLE,102.57,0.0
2026-06-12T15:35:00+08:00,KWINANA_ESR1,100.0,117.0,2,d192ed95-5e7b-4315-ae09-3fa4bf2000db,IN-SERVICE,NOT APPLICABLE,117.38,0.0
2026-06-12T15:35:00+08:00,COLLIE_ESR1,0.0,-987.3,1,a958c0ab-bbc5-491d-8e00-7f2820f6e627,IN-SERVICE,NON-LIQUID,-1000.0,
2026-06-12T15:35:00+08:00,COLLIE_ESR1,-100.0,-42.46,2,a958c0ab-bbc5-491d-8e00-7f2820f6e627,IN-SERVICE,NON-LIQUID,-43.01,
2026-06-12T15:35:00+08:00,COLLIE_ESR1,-100.0,-10.0,3,a958c0ab-bbc5-491d-8e00-7f2820f6e627,IN-SERVICE,NON-LIQUID,-10.13,
2026-06-12T15:35:00+08:00,COLLIE_ESR1,0.0,34.02,4,a958c0ab-bbc5-491d-8e00-7f2820f6e627,IN-SERVICE,NON-LIQUID,34.46,
2026-06-12T15:35:00+08:00,COLLIE_ESR1,0.0,37.74,5,a958c0ab-bbc5-491d-8e00-7f2820f6e627,IN-SERVICE,NON-LIQUID,38.23,
2026-06-12T15:35:00+08:00,COLLIE_ESR1,100.0,150.0,6,a958c0ab-bbc5-491d-8e00-7f2820f6e627,IN-SERVICE,NON-LIQUID,151.93,
2026-06-12T15:35:00+08:00,COLLIE_ESR1,100.0,250.0,7,a958c0ab-bbc5-491d-8e00-7f2820f6e627,IN-SERVICE,NON-LIQUID,253.22,
2026-06-12T15:35:00+08:00,COLLIE_ESR1,0.0,400.0,8,a958c0ab-bbc5-491d-8e00-7f2820f6e627,IN-SERVICE,NON-LIQUID,405.15,
2026-06-12T15:35:00+08:00,COLLIE_ESR1,0.0,622.0,9,a958c0ab-bbc5-491d-8e00-7f2820f6e627,IN-SERVICE,NON-LIQUID,630.0,
2026-06-12T15:35:00+08:00,COLLIE_ESR1,0.0,1678.41,10,a958c0ab-bbc5-491d-8e00-7f2820f6e627,IN-SERVICE,NON-LIQUID,1700.0,
2026-06-12T15:35:00+08:00,KWINANA_ESR2,-225.0,109.61,1,fa90f9c0-10cd-4858-ba96-f1f84c32a6c1,IN-SERVICE,NOT APPLICABLE,109.85,0.0
2026-06-12T15:35:00+08:00,KWINANA_ESR2,225.0,132.82,2,fa90f9c0-10cd-4858-ba96-f1f84c32a6c1,IN-SERVICE,NOT APPLICABLE,133.11,0.0
2026-06-12T15:35:00+08:00,COLLIE_BESS2,0.0,-987.3,1,0a77cb08-5113-4553-8df2-c783819086b5,IN-SERVICE,NON-LIQUID,-1000.0,
2026-06-12T15:35:00+08:00,COLLIE_BESS2,-150.0,-42.46,2,0a77cb08-5113-4553-8df2-c783819086b5,IN-SERVICE,NON-LIQUID,-43.01,
2026-06-12T15:35:00+08:00,COLLIE_BESS2,-150.0,-10.0,3,0a77cb08-5113-4553-8df2-c783819086b5,IN-SERVICE,NON-LIQUID,-10.13,
2026-06-12T15:35:00+08:00,COLLIE_BESS2,0.0,34.02,4,0a77cb08-5113-4553-8df2-c783819086b5,IN-SERVICE,NON-LIQUID,34.46,
2026-06-12T15:35:00+08:00,COLLIE_BESS2,0.0,37.74,5,0a77cb08-5113-4553-8df2-c783819086b5,IN-SERVICE,NON-LIQUID,38.23,
2026-06-12T15:35:00+08:00,COLLIE_BESS2,150.0,150.0,6,0a77cb08-5113-4553-8df2-c783819086b5,IN-SERVICE,NON-LIQUID,151.93,
2026-06-12T15:35:00+08:00,COLLIE_BESS2,150.0,250.0,7,0a77cb08-5113-4553-8df2-c783819086b5,IN-SERVICE,NON-LIQUID,253.22,
2026-06-12T15:35:00+08:00,COLLIE_BESS2,0.0,377.74,8,0a77cb08-5113-4553-8df2-c783819086b5,IN-SERVICE,NON-LIQUID,382.6,
2026-06-12T15:35:00+08:00,COLLIE_BESS2,0.0,622.0,9,0a77cb08-5113-4553-8df2-c783819086b5,IN-SERVICE,NON-LIQUID,630.0,
2026-06-12T15:35:00+08:00,COLLIE_BESS2,0.0,1678.41,10,0a77cb08-5113-4553-8df2-c783819086b5,IN-SERVICE,NON-LIQUID,1700.0,
2026-06-12T15:35:00+08:00,COLLIE_ESR4,-250.0,108.42,1,2d05aedb-5e5c-4f88-ad62-8411b962be7f,IN-SERVICE,NOT APPLICABLE,109.81,0.0
2026-06-12T15:35:00+08:00,COLLIE_ESR4,250.0,134.71,2,2d05aedb-5e5c-4f88-ad62-8411b962be7f,IN-SERVICE,NOT APPLICABLE,136.44,0.0
2026-06-12T15:35:00+08:00,COLLIE_ESR5,-250.0,113.8,1,9867edd7-af0a-4c45-b072-8d37125f7abe,IN-SERVICE,NOT APPLICABLE,115.26,0.0
2026-06-12T15:35:00+08:00,COLLIE_ESR5,250.0,128.92,2,9867edd7-af0a-4c45-b072-8d37125f7abe,IN-SERVICE,NOT APPLICABLE,130.58,0.0
2026-06-12T15:40:00+08:00,KWINANA_ESR1,-100.0,117.21,1,b4721ebd-95ff-4610-99c3-619affaa6a9c,IN-SERVICE,NOT APPLICABLE,117.59,0.0
2026-06-12T15:40:00+08:00,KWINANA_ESR1,100.0,131.97,2,b4721ebd-95ff-4610-99c3-619affaa6a9c,IN-SERVICE,NOT APPLICABLE,132.39,0.0
2026-06-12T15:40:00+08:00,COLLIE_ESR1,0.0,-987.3,1,df041408-f4b2-4582-94d7-dab464dc9e58,IN-SERVICE,NON-LIQUID,-1000.0,
2026-06-12T15:40:00+08:00,COLLIE_ESR1,-100.0,-42.46,2,df041408-f4b2-4582-94d7-dab464dc9e58,IN-SERVICE,NON-LIQUID,-43.01,
2026-06-12T15:40:00+08:00,COLLIE_ESR1,-100.0,-10.0,3,df041408-f4b2-4582-94d7-dab464dc9e58,IN-SERVICE,NON-LIQUID,-10.13,
2026-06-12T15:40:00+08:00,COLLIE_ESR1,0.0,34.02,4,df041408-f4b2-4582-94d7-dab464dc9e58,IN-SERVICE,NON-LIQUID,34.46,
2026-06-12T15:40:00+08:00,COLLIE_ESR1,0.0,37.74,5,df041408-f4b2-4582-94d7-dab464dc9e58,IN-SERVICE,NON-LIQUID,38.23,
2026-06-12T15:40:00+08:00,COLLIE_ESR1,100.0,150.0,6,df041408-f4b2-4582-94d7-dab464dc9e58,IN-SERVICE,NON-LIQUID,151.93,
2026-06-12T15:40:00+08:00,COLLIE_ESR1,100.0,250.0,7,df041408-f4b2-4582-94d7-dab464dc9e58,IN-SERVICE,NON-LIQUID,253.22,
2026-06-12T15:40:00+08:00,COLLIE_ESR1,0.0,400.0,8,df041408-f4b2-4582-94d7-dab464dc9e58,IN-SERVICE,NON-LIQUID,405.15,
2026-06-12T15:40:00+08:00,COLLIE_ESR1,0.0,622.0,9,df041408-f4b2-4582-94d7-dab464dc9e58,IN-SERVICE,NON-LIQUID,630.0,
2026-06-12T15:40:00+08:00,COLLIE_ESR1,0.0,1678.41,10,df041408-f4b2-4582-94d7-dab464dc9e58,IN-SERVICE,NON-LIQUID,1700.0,
2026-06-12T15:40:00+08:00,KWINANA_ESR2,-225.0,121.29,1,52d9a5d8-6145-4e06-9c26-da1ebef7ecc8,IN-SERVICE,NOT APPLICABLE,121.56,0.0
2026-06-12T15:40:00+08:00,KWINANA_ESR2,225.0,136.74,2,52d9a5d8-6145-4e06-9c26-da1ebef7ecc8,IN-SERVICE,NOT APPLICABLE,137.04,0.0
2026-06-12T15:40:00+08:00,COLLIE_BESS2,0.0,-987.3,1,81c3c265-cfd5-4498-9822-e6e9b1b28b8d,IN-SERVICE,NON-LIQUID,-1000.0,
2026-06-12T15:40:00+08:00,COLLIE_BESS2,-150.0,-42.46,2,81c3c265-cfd5-4498-9822-e6e9b1b28b8d,IN-SERVICE,NON-LIQUID,-43.01,
2026-06-12T15:40:00+08:00,COLLIE_BESS2,-150.0,-10.0,3,81c3c265-cfd5-4498-9822-e6e9b1b28b8d,IN-SERVICE,NON-LIQUID,-10.13,
2026-06-12T15:40:00+08:00,COLLIE_BESS2,0.0,34.02,4,81c3c265-cfd5-4498-9822-e6e9b1b28b8d,IN-SERVICE,NON-LIQUID,34.46,
2026-06-12T15:40:00+08:00,COLLIE_BESS2,0.0,37.74,5,81c3c265-cfd5-4498-9822-e6e9b1b28b8d,IN-SERVICE,NON-LIQUID,38.23,
2026-06-12T15:40:00+08:00,COLLIE_BESS2,150.0,150.0,6,81c3c265-cfd5-4498-9822-e6e9b1b28b8d,IN-SERVICE,NON-LIQUID,151.93,
2026-06-12T15:40:00+08:00,COLLIE_BESS2,150.0,250.0,7,81c3c265-cfd5-4498-9822-e6e9b1b28b8d,IN-SERVICE,NON-LIQUID,253.22,
2026-06-12T15:40:00+08:00,COLLIE_BESS2,0.0,377.74,8,81c3c265-cfd5-4498-9822-e6e9b1b28b8d,IN-SERVICE,NON-LIQUID,382.6,
2026-06-12T15:40:00+08:00,COLLIE_BESS2,0.0,622.0,9,81c3c265-cfd5-4498-9822-e6e9b1b28b8d,IN-SERVICE,NON-LIQUID,630.0,
2026-06-12T15:40:00+08:00,COLLIE_BESS2,0.0,1678.41,10,81c3c265-cfd5-4498-9822-e6e9b1b28b8d,IN-SERVICE,NON-LIQUID,1700.0,
2026-06-12T15:40:00+08:00,COLLIE_ESR4,-250.0,119.98,1,0813d8bf-1220-4c43-8b8a-95c811f3e5fa,IN-SERVICE,NOT APPLICABLE,121.52,0.0
2026-06-12T15:40:00+08:00,COLLIE_ESR4,250.0,135.34,2,0813d8bf-1220-4c43-8b8a-95c811f3e5fa,IN-SERVICE,NOT APPLICABLE,137.08,0.0
2026-06-12T15:40:00+08:00,COLLIE_ESR5,-250.0,120.1,1,ead77323-f915-43c4-a813-d0a54eac1b7c,IN-SERVICE,NOT APPLICABLE,121.64,0.0
2026-06-12T15:40:00+08:00,COLLIE_ESR5,250.0,135.22,2,ead77323-f915-43c4-a813-d0a54eac1b7c,IN-SERVICE,NOT APPLICABLE,136.96,0.0
2026-06-12T15:45:00+08:00,KWINANA_ESR1,-100.0,121.51,1,b4721ebd-95ff-4610-99c3-619affaa6a9c,IN-SERVICE,NOT APPLICABLE,121.9,0.0
2026-06-12T15:45:00+08:00,KWINANA_ESR1,100.0,131.97,2,b4721ebd-95ff-4610-99c3-619affaa6a9c,IN-SERVICE,NOT APPLICABLE,132.39,0.0
2026-06-12T15:45:00+08:00,COLLIE_ESR1,0.0,-987.3,1,6983d6ee-6488-4c2f-a185-91168ad6b109,IN-SERVICE,NON-LIQUID,-1000.0,
2026-06-12T15:45:00+08:00,COLLIE_ESR1,-100.0,-42.46,2,6983d6ee-6488-4c2f-a185-91168ad6b109,IN-SERVICE,NON-LIQUID,-43.01,
2026-06-12T15:45:00+08:00,COLLIE_ESR1,-100.0,-10.0,3,6983d6ee-6488-4c2f-a185-91168ad6b109,IN-SERVICE,NON-LIQUID,-10.13,
2026-06-12T15:45:00+08:00,COLLIE_ESR1,0.0,34.02,4,6983d6ee-6488-4c2f-a185-91168ad6b109,IN-SERVICE,NON-LIQUID,34.46,
2026-06-12T15:45:00+08:00,COLLIE_ESR1,0.0,37.74,5,6983d6ee-6488-4c2f-a185-91168ad6b109,IN-SERVICE,NON-LIQUID,38.23,
2026-06-12T15:45:00+08:00,COLLIE_ESR1,100.0,150.0,6,6983d6ee-6488-4c2f-a185-91168ad6b109,IN-SERVICE,NON-LIQUID,151.93,
2026-06-12T15:45:00+08:00,COLLIE_ESR1,100.0,250.0,7,6983d6ee-6488-4c2f-a185-91168ad6b109,IN-SERVICE,NON-LIQUID,253.22,
2026-06-12T15:45:00+08:00,COLLIE_ESR1,0.0,400.0,8,6983d6ee-6488-4c2f-a185-91168ad6b109,IN-SERVICE,NON-LIQUID,405.15,
2026-06-12T15:45:00+08:00,COLLIE_ESR1,0.0,622.0,9,6983d6ee-6488-4c2f-a185-91168ad6b109,IN-SERVICE,NON-LIQUID,630.0,
2026-06-12T15:45:00+08:00,COLLIE_ESR1,0.0,1678.41,10,6983d6ee-6488-4c2f-a185-91168ad6b109,IN-SERVICE,NON-LIQUID,1700.0,
2026-06-12T15:45:00+08:00,KWINANA_ESR2,-225.0,121.29,1,52d9a5d8-6145-4e06-9c26-da1ebef7ecc8,IN-SERVICE,NOT APPLICABLE,121.56,0.0
2026-06-12T15:45:00+08:00,KWINANA_ESR2,225.0,136.74,2,52d9a5d8-6145-4e06-9c26-da1ebef7ecc8,IN-SERVICE,NOT APPLICABLE,137.04,0.0
2026-06-12T15:45:00+08:00,COLLIE_BESS2,0.0,-987.3,1,0d4191d3-86d3-4709-9395-a42a3d37ffa4,IN-SERVICE,NON-LIQUID,-1000.0,
2026-06-12T15:45:00+08:00,COLLIE_BESS2,-150.0,-42.46,2,0d4191d3-86d3-4709-9395-a42a3d37ffa4,IN-SERVICE,NON-LIQUID,-43.01,
2026-06-12T15:45:00+08:00,COLLIE_BESS2,-150.0,-10.0,3,0d4191d3-86d3-4709-9395-a42a3d37ffa4,IN-SERVICE,NON-LIQUID,-10.13,
2026-06-12T15:45:00+08:00,COLLIE_BESS2,0.0,34.02,4,0d4191d3-86d3-4709-9395-a42a3d37ffa4,IN-SERVICE,NON-LIQUID,34.46,
2026-06-12T15:45:00+08:00,COLLIE_BESS2,0.0,37.74,5,0d4191d3-86d3-4709-9395-a42a3d37ffa4,IN-SERVICE,NON-LIQUID,38.23,
2026-06-12T15:45:00+08:00,COLLIE_BESS2,150.0,150.0,6,0d4191d3-86d3-4709-9395-a42a3d37ffa4,IN-SERVICE,NON-LIQUID,151.93,
2026-06-12T15:45:00+08:00,COLLIE_BESS2,150.0,250.0,7,0d4191d3-86d3-4709-9395-a42a3d37ffa4,IN-SERVICE,NON-LIQUID,253.22,
2026-06-12T15:45:00+08:00,COLLIE_BESS2,0.0,377.74,8,0d4191d3-86d3-4709-9395-a42a3d37ffa4,IN-SERVICE,NON-LIQUID,382.6,
2026-06-12T15:45:00+08:00,COLLIE_BESS2,0.0,622.0,9,0d4191d3-86d3-4709-9395-a42a3d37ffa4,IN-SERVICE,NON-LIQUID,630.0,
2026-06-12T15:45:00+08:00,COLLIE_BESS2,0.0,1678.41,10,0d4191d3-86d3-4709-9395-a42a3d37ffa4,IN-SERVICE,NON-LIQUID,1700.0,
2026-06-12T15:45:00+08:00,COLLIE_ESR4,-250.0,119.98,1,0813d8bf-1220-4c43-8b8a-95c811f3e5fa,IN-SERVICE,NOT APPLICABLE,121.52,0.0
2026-06-12T15:45:00+08:00,COLLIE_ESR4,250.0,135.34,2,0813d8bf-1220-4c43-8b8a-95c811f3e5fa,IN-SERVICE,NOT APPLICABLE,137.08,0.0
2026-06-12T15:45:00+08:00,COLLIE_ESR5,-250.0,120.1,1,ead77323-f915-43c4-a813-d0a54eac1b7c,IN-SERVICE,NOT APPLICABLE,121.64,0.0
2026-06-12T15:45:00+08:00,COLLIE_ESR5,250.0,135.22,2,ead77323-f915-43c4-a813-d0a54eac1b7c,IN-SERVICE,NOT APPLICABLE,136.96,0.0
2026-06-12T15:50:00+08:00,KWINANA_ESR1,-100.0,121.51,1,b4721ebd-95ff-4610-99c3-619affaa6a9c,IN-SERVICE,NOT APPLICABLE,121.9,0.0
2026-06-12T15:50:00+08:00,KWINANA_ESR1,100.0,136.27,2,b4721ebd-95ff-4610-99c3-619affaa6a9c,IN-SERVICE,NOT APPLICABLE,136.71,0.0
2026-06-12T15:50:00+08:00,COLLIE_ESR1,0.0,-987.3,1,d33a8aff-0282-4bcc-83d1-60a9c0384e5c,IN-SERVICE,NON-LIQUID,-1000.0,
2026-06-12T15:50:00+08:00,COLLIE_ESR1,-100.0,-42.46,2,d33a8aff-0282-4bcc-83d1-60a9c0384e5c,IN-SERVICE,NON-LIQUID,-43.01,
2026-06-12T15:50:00+08:00,COLLIE_ESR1,-100.0,-10.0,3,d33a8aff-0282-4bcc-83d1-60a9c0384e5c,IN-SERVICE,NON-LIQUID,-10.13,
2026-06-12T15:50:00+08:00,COLLIE_ESR1,0.0,34.02,4,d33a8aff-0282-4bcc-83d1-60a9c0384e5c,IN-SERVICE,NON-LIQUID,34.46,
2026-06-12T15:50:00+08:00,COLLIE_ESR1,0.0,37.74,5,d33a8aff-0282-4bcc-83d1-60a9c0384e5c,IN-SERVICE,NON-LIQUID,38.23,
2026-06-12T15:50:00+08:00,COLLIE_ESR1,100.0,150.0,6,d33a8aff-0282-4bcc-83d1-60a9c0384e5c,IN-SERVICE,NON-LIQUID,151.93,
2026-06-12T15:50:00+08:00,COLLIE_ESR1,100.0,250.0,7,d33a8aff-0282-4bcc-83d1-60a9c0384e5c,IN-SERVICE,NON-LIQUID,253.22,
2026-06-12T15:50:00+08:00,COLLIE_ESR1,0.0,400.0,8,d33a8aff-0282-4bcc-83d1-60a9c0384e5c,IN-SERVICE,NON-LIQUID,405.15,
2026-06-12T15:50:00+08:00,COLLIE_ESR1,0.0,622.0,9,d33a8aff-0282-4bcc-83d1-60a9c0384e5c,IN-SERVICE,NON-LIQUID,630.0,
2026-06-12T15:50:00+08:00,COLLIE_ESR1,0.0,1678.41,10,d33a8aff-0282-4bcc-83d1-60a9c0384e5c,IN-SERVICE,NON-LIQUID,1700.0,
2026-06-12T15:50:00+08:00,KWINANA_ESR2,-225.0,121.29,1,52d9a5d8-6145-4e06-9c26-da1ebef7ecc8,IN-SERVICE,NOT APPLICABLE,121.56,0.0
2026-06-12T15:50:00+08:00,KWINANA_ESR2,225.0,136.74,2,52d9a5d8-6145-4e06-9c26-da1ebef7ecc8,IN-SERVICE,NOT APPLICABLE,137.04,0.0
2026-06-12T15:50:00+08:00,COLLIE_BESS2,0.0,-987.3,1,a13c1bd4-0e9f-4dc0-a689-c945e2692359,IN-SERVICE,NON-LIQUID,-1000.0,
2026-06-12T15:50:00+08:00,COLLIE_BESS2,-150.0,-42.46,2,a13c1bd4-0e9f-4dc0-a689-c945e2692359,IN-SERVICE,NON-LIQUID,-43.01,
2026-06-12T15:50:00+08:00,COLLIE_BESS2,-150.0,-10.0,3,a13c1bd4-0e9f-4dc0-a689-c945e2692359,IN-SERVICE,NON-LIQUID,-10.13,
2026-06-12T15:50:00+08:00,COLLIE_BESS2,0.0,34.02,4,a13c1bd4-0e9f-4dc0-a689-c945e2692359,IN-SERVICE,NON-LIQUID,34.46,
2026-06-12T15:50:00+08:00,COLLIE_BESS2,0.0,37.74,5,a13c1bd4-0e9f-4dc0-a689-c945e2692359,IN-SERVICE,NON-LIQUID,38.23,
2026-06-12T15:50:00+08:00,COLLIE_BESS2,150.0,150.0,6,a13c1bd4-0e9f-4dc0-a689-c945e2692359,IN-SERVICE,NON-LIQUID,151.93,
2026-06-12T15:50:00+08:00,COLLIE_BESS2,150.0,250.0,7,a13c1bd4-0e9f-4dc0-a689-c945e2692359,IN-SERVICE,NON-LIQUID,253.22,
2026-06-12T15:50:00+08:00,COLLIE_BESS2,0.0,377.74,8,a13c1bd4-0e9f-4dc0-a689-c945e2692359,IN-SERVICE,NON-LIQUID,382.6,
2026-06-12T15:50:00+08:00,COLLIE_BESS2,0.0,622.0,9,a13c1bd4-0e9f-4dc0-a689-c945e2692359,IN-SERVICE,NON-LIQUID,630.0,
2026-06-12T15:50:00+08:00,COLLIE_BESS2,0.0,1678.41,10,a13c1bd4-0e9f-4dc0-a689-c945e2692359,IN-SERVICE,NON-LIQUID,1700.0,
2026-06-12T15:50:00+08:00,COLLIE_ESR4,-250.0,119.98,1,0813d8bf-1220-4c43-8b8a-95c811f3e5fa,IN-SERVICE,NOT APPLICABLE,121.52,0.0
2026-06-12T15:50:00+08:00,COLLIE_ESR4,250.0,135.34,2,0813d8bf-1220-4c43-8b8a-95c811f3e5fa,IN-SERVICE,NOT APPLICABLE,137.08,0.0
2026-06-12T15:50:00+08:00,COLLIE_ESR5,-250.0,120.1,1,ead77323-f915-43c4-a813-d0a54eac1b7c,IN-SERVICE,NOT APPLICABLE,121.64,0.0
2026-06-12T15:50:00+08:00,COLLIE_ESR5,250.0,135.22,2,ead77323-f915-43c4-a813-d0a54eac1b7c,IN-SERVICE,NOT APPLICABLE,136.96,0.0
2026-06-12T15:55:00+08:00,KWINANA_ESR1,-100.0,113.87,1,1e97af21-1588-4cc4-849c-030f3f434c46,IN-SERVICE,NOT APPLICABLE,114.24,0.0
2026-06-12T15:55:00+08:00,KWINANA_ESR1,100.0,128.63,2,1e97af21-1588-4cc4-849c-030f3f434c46,IN-SERVICE,NOT APPLICABLE,129.04,0.0
2026-06-12T15:55:00+08:00,COLLIE_ESR1,0.0,-987.3,1,061650e9-559b-4ce9-a035-ec54c4471968,IN-SERVICE,NON-LIQUID,-1000.0,
2026-06-12T15:55:00+08:00,COLLIE_ESR1,-100.0,-42.46,2,061650e9-559b-4ce9-a035-ec54c4471968,IN-SERVICE,NON-LIQUID,-43.01,
2026-06-12T15:55:00+08:00,COLLIE_ESR1,-100.0,-10.0,3,061650e9-559b-4ce9-a035-ec54c4471968,IN-SERVICE,NON-LIQUID,-10.13,
2026-06-12T15:55:00+08:00,COLLIE_ESR1,0.0,34.02,4,061650e9-559b-4ce9-a035-ec54c4471968,IN-SERVICE,NON-LIQUID,34.46,
2026-06-12T15:55:00+08:00,COLLIE_ESR1,0.0,37.74,5,061650e9-559b-4ce9-a035-ec54c4471968,IN-SERVICE,NON-LIQUID,38.23,
2026-06-12T15:55:00+08:00,COLLIE_ESR1,100.0,150.0,6,061650e9-559b-4ce9-a035-ec54c4471968,IN-SERVICE,NON-LIQUID,151.93,
2026-06-12T15:55:00+08:00,COLLIE_ESR1,100.0,250.0,7,061650e9-559b-4ce9-a035-ec54c4471968,IN-SERVICE,NON-LIQUID,253.22,
2026-06-12T15:55:00+08:00,COLLIE_ESR1,0.0,400.0,8,061650e9-559b-4ce9-a035-ec54c4471968,IN-SERVICE,NON-LIQUID,405.15,
2026-06-12T15:55:00+08:00,COLLIE_ESR1,0.0,622.0,9,061650e9-559b-4ce9-a035-ec54c4471968,IN-SERVICE,NON-LIQUID,630.0,
2026-06-12T15:55:00+08:00,COLLIE_ESR1,0.0,1678.41,10,061650e9-559b-4ce9-a035-ec54c4471968,IN-SERVICE,NON-LIQUID,1700.0,
2026-06-12T15:55:00+08:00,KWINANA_ESR2,-225.0,121.29,1,bdbb92dc-0430-413e-9462-ba13286e78d6,IN-SERVICE,NOT APPLICABLE,121.56,0.0
2026-06-12T15:55:00+08:00,KWINANA_ESR2,225.0,136.74,2,bdbb92dc-0430-413e-9462-ba13286e78d6,IN-SERVICE,NOT APPLICABLE,137.04,0.0
2026-06-12T15:55:00+08:00,COLLIE_BESS2,0.0,-987.3,1,0ad7485a-d656-423f-82d5-7138386a0ed4,IN-SERVICE,NON-LIQUID,-1000.0,
2026-06-12T15:55:00+08:00,COLLIE_BESS2,-150.0,-42.46,2,0ad7485a-d656-423f-82d5-7138386a0ed4,IN-SERVICE,NON-LIQUID,-43.01,
2026-06-12T15:55:00+08:00,COLLIE_BESS2,-150.0,-10.0,3,0ad7485a-d656-423f-82d5-7138386a0ed4,IN-SERVICE,NON-LIQUID,-10.13,
2026-06-12T15:55:00+08:00,COLLIE_BESS2,0.0,34.02,4,0ad7485a-d656-423f-82d5-7138386a0ed4,IN-SERVICE,NON-LIQUID,34.46,
2026-06-12T15:55:00+08:00,COLLIE_BESS2,0.0,37.74,5,0ad7485a-d656-423f-82d5-7138386a0ed4,IN-SERVICE,NON-LIQUID,38.23,
2026-06-12T15:55:00+08:00,COLLIE_BESS2,150.0,150.0,6,0ad7485a-d656-423f-82d5-7138386a0ed4,IN-SERVICE,NON-LIQUID,151.93,
2026-06-12T15:55:00+08:00,COLLIE_BESS2,150.0,250.0,7,0ad7485a-d656-423f-82d5-7138386a0ed4,IN-SERVICE,NON-LIQUID,253.22,
2026-06-12T15:55:00+08:00,COLLIE_BESS2,0.0,377.74,8,0ad7485a-d656-423f-82d5-7138386a0ed4,IN-SERVICE,NON-LIQUID,382.6,
2026-06-12T15:55:00+08:00,COLLIE_BESS2,0.0,622.0,9,0ad7485a-d656-423f-82d5-7138386a0ed4,IN-SERVICE,NON-LIQUID,630.0,
2026-06-12T15:55:00+08:00,COLLIE_BESS2,0.0,1678.41,10,0ad7485a-d656-423f-82d5-7138386a0ed4,IN-SERVICE,NON-LIQUID,1700.0,
2026-06-12T15:55:00+08:00,COLLIE_ESR4,-250.0,119.98,1,0473e240-e8a9-4e2e-8898-0bbea584cd88,IN-SERVICE,NOT APPLICABLE,121.52,0.0
2026-06-12T15:55:00+08:00,COLLIE_ESR4,250.0,135.34,2,0473e240-e8a9-4e2e-8898-0bbea584cd88,IN-SERVICE,NOT APPLICABLE,137.08,0.0
2026-06-12T15:55:00+08:00,COLLIE_ESR5,-250.0,112.53,1,8e575d99-8a73-404a-b0f6-d71b345e4ea5,IN-SERVICE,NOT APPLICABLE,113.98,0.0
2026-06-12T15:55:00+08:00,COLLIE_ESR5,250.0,135.22,2,8e575d99-8a73-404a-b0f6-d71b345e4ea5,IN-SERVICE,NOT APPLICABLE,136.96,0.0
2026-06-12T16:00:00+08:00,KWINANA_ESR1,-100.0,113.87,1,1e97af21-1588-4cc4-849c-030f3f434c46,IN-SERVICE,NOT APPLICABLE,114.24,0.0
2026-06-12T16:00:00+08:00,KWINANA_ESR1,100.0,128.63,2,1e97af21-1588-4cc4-849c-030f3f434c46,IN-SERVICE,NOT APPLICABLE,129.04,0.0
2026-06-12T16:00:00+08:00,COLLIE_ESR1,0.0,-987.3,1,1cdf447b-416c-411e-9d70-65f0fde7f188,IN-SERVICE,NON-LIQUID,-1000.0,
2026-06-12T16:00:00+08:00,COLLIE_ESR1,-100.0,-42.46,2,1cdf447b-416c-411e-9d70-65f0fde7f188,IN-SERVICE,NON-LIQUID,-43.01,
2026-06-12T16:00:00+08:00,COLLIE_ESR1,-100.0,-10.0,3,1cdf447b-416c-411e-9d70-65f0fde7f188,IN-SERVICE,NON-LIQUID,-10.13,
2026-06-12T16:00:00+08:00,COLLIE_ESR1,0.0,34.02,4,1cdf447b-416c-411e-9d70-65f0fde7f188,IN-SERVICE,NON-LIQUID,34.46,
2026-06-12T16:00:00+08:00,COLLIE_ESR1,0.0,37.74,5,1cdf447b-416c-411e-9d70-65f0fde7f188,IN-SERVICE,NON-LIQUID,38.23,
2026-06-12T16:00:00+08:00,COLLIE_ESR1,100.0,150.0,6,1cdf447b-416c-411e-9d70-65f0fde7f188,IN-SERVICE,NON-LIQUID,151.93,
2026-06-12T16:00:00+08:00,COLLIE_ESR1,100.0,250.0,7,1cdf447b-416c-411e-9d70-65f0fde7f188,IN-SERVICE,NON-LIQUID,253.22,
2026-06-12T16:00:00+08:00,COLLIE_ESR1,0.0,400.0,8,1cdf447b-416c-411e-9d70-65f0fde7f188,IN-SERVICE,NON-LIQUID,405.15,
2026-06-12T16:00:00+08:00,COLLIE_ESR1,0.0,622.0,9,1cdf447b-416c-411e-9d70-65f0fde7f188,IN-SERVICE,NON-LIQUID,630.0,
2026-06-12T16:00:00+08:00,COLLIE_ESR1,0.0,1678.41,10,1cdf447b-416c-411e-9d70-65f0fde7f188,IN-SERVICE,NON-LIQUID,1700.0,
2026-06-12T16:00:00+08:00,KWINANA_ESR2,-225.0,121.29,1,bdbb92dc-0430-413e-9462-ba13286e78d6,IN-SERVICE,NOT APPLICABLE,121.56,0.0
2026-06-12T16:00:00+08:00,KWINANA_ESR2,225.0,136.74,2,bdbb92dc-0430-413e-9462-ba13286e78d6,IN-SERVICE,NOT APPLICABLE,137.04,0.0
2026-06-12T16:00:00+08:00,COLLIE_BESS2,0.0,-987.3,1,8c90ad38-fde2-4b37-9999-598c85832627,IN-SERVICE,NON-LIQUID,-1000.0,
2026-06-12T16:00:00+08:00,COLLIE_BESS2,-150.0,-42.46,2,8c90ad38-fde2-4b37-9999-598c85832627,IN-SERVICE,NON-LIQUID,-43.01,
2026-06-12T16:00:00+08:00,COLLIE_BESS2,-150.0,-10.0,3,8c90ad38-fde2-4b37-9999-598c85832627,IN-SERVICE,NON-LIQUID,-10.13,
2026-06-12T16:00:00+08:00,COLLIE_BESS2,0.0,34.02,4,8c90ad38-fde2-4b37-9999-598c85832627,IN-SERVICE,NON-LIQUID,34.46,
2026-06-12T16:00:00+08:00,COLLIE_BESS2,0.0,37.74,5,8c90ad38-fde2-4b37-9999-598c85832627,IN-SERVICE,NON-LIQUID,38.23,
2026-06-12T16:00:00+08:00,COLLIE_BESS2,150.0,150.0,6,8c90ad38-fde2-4b37-9999-598c85832627,IN-SERVICE,NON-LIQUID,151.93,
2026-06-12T16:00:00+08:00,COLLIE_BESS2,150.0,250.0,7,8c90ad38-fde2-4b37-9999-598c85832627,IN-SERVICE,NON-LIQUID,253.22,
2026-06-12T16:00:00+08:00,COLLIE_BESS2,0.0,377.74,8,8c90ad38-fde2-4b37-9999-598c85832627,IN-SERVICE,NON-LIQUID,382.6,
2026-06-12T16:00:00+08:00,COLLIE_BESS2,0.0,622.0,9,8c90ad38-fde2-4b37-9999-598c85832627,IN-SERVICE,NON-LIQUID,630.0,
2026-06-12T16:00:00+08:00,COLLIE_BESS2,0.0,1678.41,10,8c90ad38-fde2-4b37-9999-598c85832627,IN-SERVICE,NON-LIQUID,1700.0,
2026-06-12T16:00:00+08:00,COLLIE_ESR4,-250.0,119.98,1,0473e240-e8a9-4e2e-8898-0bbea584cd88,IN-SERVICE,NOT APPLICABLE,121.52,0.0
2026-06-12T16:00:00+08:00,COLLIE_ESR4,250.0,135.34,2,0473e240-e8a9-4e2e-8898-0bbea584cd88,IN-SERVICE,NOT APPLICABLE,137.08,0.0
2026-06-12T16:00:00+08:00,COLLIE_ESR5,-250.0,114.7,1,8e575d99-8a73-404a-b0f6-d71b345e4ea5,IN-SERVICE,NOT APPLICABLE,116.18,0.0
2026-06-12T16:00:00+08:00,COLLIE_ESR5,250.0,135.22,2,8e575d99-8a73-404a-b0f6-d71b345e4ea5,IN-SERVICE,NOT APPLICABLE,136.96,0.0
2026-06-12T16:05:00+08:00,KWINANA_ESR1,-100.0,113.87,1,1e97af21-1588-4cc4-849c-030f3f434c46,IN-SERVICE,NOT APPLICABLE,114.24,0.0
2026-06-12T16:05:00+08:00,KWINANA_ESR1,100.0,128.63,2,1e97af21-1588-4cc4-849c-030f3f434c46,IN-SERVICE,NOT APPLICABLE,129.04,0.0
2026-06-12T16:05:00+08:00,COLLIE_ESR1,0.0,-987.3,1,45d289ee-556c-4d6a-8dda-4e573bf80d9c,IN-SERVICE,NON-LIQUID,-1000.0,
2026-06-12T16:05:00+08:00,COLLIE_ESR1,-100.0,-42.46,2,45d289ee-556c-4d6a-8dda-4e573bf80d9c,IN-SERVICE,NON-LIQUID,-43.01,
2026-06-12T16:05:00+08:00,COLLIE_ESR1,-100.0,-10.0,3,45d289ee-556c-4d6a-8dda-4e573bf80d9c,IN-SERVICE,NON-LIQUID,-10.13,
2026-06-12T16:05:00+08:00,COLLIE_ESR1,0.0,34.02,4,45d289ee-556c-4d6a-8dda-4e573bf80d9c,IN-SERVICE,NON-LIQUID,34.46,
2026-06-12T16:05:00+08:00,COLLIE_ESR1,0.0,37.74,5,45d289ee-556c-4d6a-8dda-4e573bf80d9c,IN-SERVICE,NON-LIQUID,38.23,
2026-06-12T16:05:00+08:00,COLLIE_ESR1,100.0,113.57,6,45d289ee-556c-4d6a-8dda-4e573bf80d9c,IN-SERVICE,NON-LIQUID,115.03,
2026-06-12T16:05:00+08:00,COLLIE_ESR1,100.0,119.47,7,45d289ee-556c-4d6a-8dda-4e573bf80d9c,IN-SERVICE,NON-LIQUID,121.01,
2026-06-12T16:05:00+08:00,COLLIE_ESR1,0.0,400.0,8,45d289ee-556c-4d6a-8dda-4e573bf80d9c,IN-SERVICE,NON-LIQUID,405.15,
2026-06-12T16:05:00+08:00,COLLIE_ESR1,0.0,622.0,9,45d289ee-556c-4d6a-8dda-4e573bf80d9c,IN-SERVICE,NON-LIQUID,630.0,
2026-06-12T16:05:00+08:00,COLLIE_ESR1,0.0,1678.41,10,45d289ee-556c-4d6a-8dda-4e573bf80d9c,IN-SERVICE,NON-LIQUID,1700.0,
2026-06-12T16:05:00+08:00,KWINANA_ESR2,-225.0,121.29,1,bdbb92dc-0430-413e-9462-ba13286e78d6,IN-SERVICE,NOT APPLICABLE,121.56,0.0
2026-06-12T16:05:00+08:00,KWINANA_ESR2,225.0,136.74,2,bdbb92dc-0430-413e-9462-ba13286e78d6,IN-SERVICE,NOT APPLICABLE,137.04,0.0
2026-06-12T16:05:00+08:00,COLLIE_BESS2,0.0,-987.3,1,fa8a0069-e94a-4725-ac6d-b96c2e13ce0f,IN-SERVICE,NON-LIQUID,-1000.0,
2026-06-12T16:05:00+08:00,COLLIE_BESS2,-150.0,-42.46,2,fa8a0069-e94a-4725-ac6d-b96c2e13ce0f,IN-SERVICE,NON-LIQUID,-43.01,
2026-06-12T16:05:00+08:00,COLLIE_BESS2,-150.0,-10.0,3,fa8a0069-e94a-4725-ac6d-b96c2e13ce0f,IN-SERVICE,NON-LIQUID,-10.13,
2026-06-12T16:05:00+08:00,COLLIE_BESS2,0.0,37.74,4,fa8a0069-e94a-4725-ac6d-b96c2e13ce0f,IN-SERVICE,NON-LIQUID,38.23,
2026-06-12T16:05:00+08:00,COLLIE_BESS2,118.0,113.57,5,fa8a0069-e94a-4725-ac6d-b96c2e13ce0f,IN-SERVICE,NON-LIQUID,115.03,
2026-06-12T16:05:00+08:00,COLLIE_BESS2,118.0,119.47,6,fa8a0069-e94a-4725-ac6d-b96c2e13ce0f,IN-SERVICE,NON-LIQUID,121.01,
2026-06-12T16:05:00+08:00,COLLIE_BESS2,32.0,150.0,7,fa8a0069-e94a-4725-ac6d-b96c2e13ce0f,IN-SERVICE,NON-LIQUID,151.93,
2026-06-12T16:05:00+08:00,COLLIE_BESS2,32.0,250.0,8,fa8a0069-e94a-4725-ac6d-b96c2e13ce0f,IN-SERVICE,NON-LIQUID,253.22,
2026-06-12T16:05:00+08:00,COLLIE_BESS2,0.0,622.0,9,fa8a0069-e94a-4725-ac6d-b96c2e13ce0f,IN-SERVICE,NON-LIQUID,630.0,
2026-06-12T16:05:00+08:00,COLLIE_BESS2,0.0,1678.41,10,fa8a0069-e94a-4725-ac6d-b96c2e13ce0f,IN-SERVICE,NON-LIQUID,1700.0,
2026-06-12T16:05:00+08:00,COLLIE_ESR4,-250.0,119.98,1,0473e240-e8a9-4e2e-8898-0bbea584cd88,IN-SERVICE,NOT APPLICABLE,121.52,0.0
2026-06-12T16:05:00+08:00,COLLIE_ESR4,250.0,135.34,2,0473e240-e8a9-4e2e-8898-0bbea584cd88,IN-SERVICE,NOT APPLICABLE,137.08,0.0
2026-06-12T16:05:00+08:00,COLLIE_ESR5,-250.0,114.7,1,8e575d99-8a73-404a-b0f6-d71b345e4ea5,IN-SERVICE,NOT APPLICABLE,116.18,0.0
2026-06-12T16:05:00+08:00,COLLIE_ESR5,250.0,135.22,2,8e575d99-8a73-404a-b0f6-d71b345e4ea5,IN-SERVICE,NOT APPLICABLE,136.96,0.0
2026-06-12T16:10:00+08:00,KWINANA_ESR1,-100.0,122.44,1,1e74be46-b223-4a76-b5cf-676571a9644a,IN-SERVICE,NOT APPLICABLE,122.83,0.0
2026-06-12T16:10:00+08:00,KWINANA_ESR1,100.0,136.94,2,1e74be46-b223-4a76-b5cf-676571a9644a,IN-SERVICE,NOT APPLICABLE,137.38,0.0
2026-06-12T16:10:00+08:00,COLLIE_ESR1,0.0,-987.3,1,beddf4da-4f44-4717-bb16-2c8844ff2521,IN-SERVICE,NON-LIQUID,-1000.0,
2026-06-12T16:10:00+08:00,COLLIE_ESR1,-100.0,-42.46,2,beddf4da-4f44-4717-bb16-2c8844ff2521,IN-SERVICE,NON-LIQUID,-43.01,
2026-06-12T16:10:00+08:00,COLLIE_ESR1,-100.0,-10.0,3,beddf4da-4f44-4717-bb16-2c8844ff2521,IN-SERVICE,NON-LIQUID,-10.13,
2026-06-12T16:10:00+08:00,COLLIE_ESR1,0.0,34.02,4,beddf4da-4f44-4717-bb16-2c8844ff2521,IN-SERVICE,NON-LIQUID,34.46,
2026-06-12T16:10:00+08:00,COLLIE_ESR1,0.0,37.74,5,beddf4da-4f44-4717-bb16-2c8844ff2521,IN-SERVICE,NON-LIQUID,38.23,
2026-06-12T16:10:00+08:00,COLLIE_ESR1,100.0,113.57,6,beddf4da-4f44-4717-bb16-2c8844ff2521,IN-SERVICE,NON-LIQUID,115.03,
2026-06-12T16:10:00+08:00,COLLIE_ESR1,100.0,119.47,7,beddf4da-4f44-4717-bb16-2c8844ff2521,IN-SERVICE,NON-LIQUID,121.01,
2026-06-12T16:10:00+08:00,COLLIE_ESR1,0.0,400.0,8,beddf4da-4f44-4717-bb16-2c8844ff2521,IN-SERVICE,NON-LIQUID,405.15,
2026-06-12T16:10:00+08:00,COLLIE_ESR1,0.0,622.0,9,beddf4da-4f44-4717-bb16-2c8844ff2521,IN-SERVICE,NON-LIQUID,630.0,
2026-06-12T16:10:00+08:00,COLLIE_ESR1,0.0,1678.41,10,beddf4da-4f44-4717-bb16-2c8844ff2521,IN-SERVICE,NON-LIQUID,1700.0,
2026-06-12T16:10:00+08:00,KWINANA_ESR2,-225.0,121.92,1,5ca509e3-2bbf-4ead-8bc5-b4a1019f422f,IN-SERVICE,NOT APPLICABLE,122.19,0.0
2026-06-12T16:10:00+08:00,KWINANA_ESR2,225.0,137.41,2,5ca509e3-2bbf-4ead-8bc5-b4a1019f422f,IN-SERVICE,NOT APPLICABLE,137.71,0.0
2026-06-12T16:10:00+08:00,COLLIE_BESS2,0.0,-987.3,1,3bc3b6b7-d922-4a8c-82eb-1c12113f29fb,IN-SERVICE,NON-LIQUID,-1000.0,
2026-06-12T16:10:00+08:00,COLLIE_BESS2,-150.0,-42.46,2,3bc3b6b7-d922-4a8c-82eb-1c12113f29fb,IN-SERVICE,NON-LIQUID,-43.01,
2026-06-12T16:10:00+08:00,COLLIE_BESS2,-150.0,-10.0,3,3bc3b6b7-d922-4a8c-82eb-1c12113f29fb,IN-SERVICE,NON-LIQUID,-10.13,
2026-06-12T16:10:00+08:00,COLLIE_BESS2,0.0,37.74,4,3bc3b6b7-d922-4a8c-82eb-1c12113f29fb,IN-SERVICE,NON-LIQUID,38.23,
2026-06-12T16:10:00+08:00,COLLIE_BESS2,118.0,113.57,5,3bc3b6b7-d922-4a8c-82eb-1c12113f29fb,IN-SERVICE,NON-LIQUID,115.03,
2026-06-12T16:10:00+08:00,COLLIE_BESS2,118.0,119.47,6,3bc3b6b7-d922-4a8c-82eb-1c12113f29fb,IN-SERVICE,NON-LIQUID,121.01,
2026-06-12T16:10:00+08:00,COLLIE_BESS2,32.0,150.0,7,3bc3b6b7-d922-4a8c-82eb-1c12113f29fb,IN-SERVICE,NON-LIQUID,151.93,
2026-06-12T16:10:00+08:00,COLLIE_BESS2,32.0,250.0,8,3bc3b6b7-d922-4a8c-82eb-1c12113f29fb,IN-SERVICE,NON-LIQUID,253.22,
2026-06-12T16:10:00+08:00,COLLIE_BESS2,0.0,622.0,9,3bc3b6b7-d922-4a8c-82eb-1c12113f29fb,IN-SERVICE,NON-LIQUID,630.0,
2026-06-12T16:10:00+08:00,COLLIE_BESS2,0.0,1678.41,10,3bc3b6b7-d922-4a8c-82eb-1c12113f29fb,IN-SERVICE,NON-LIQUID,1700.0,
2026-06-12T16:10:00+08:00,COLLIE_ESR4,-250.0,120.6,1,267a626e-35d6-4da2-b901-c2ffb35e1da9,IN-SERVICE,NOT APPLICABLE,122.15,0.0
2026-06-12T16:10:00+08:00,COLLIE_ESR4,250.0,136.0,2,267a626e-35d6-4da2-b901-c2ffb35e1da9,IN-SERVICE,NOT APPLICABLE,137.75,0.0
2026-06-12T16:10:00+08:00,COLLIE_ESR5,-250.0,120.76,1,39879688-0805-4f98-a18c-c41314acc256,IN-SERVICE,NOT APPLICABLE,122.31,0.0
2026-06-12T16:10:00+08:00,COLLIE_ESR5,250.0,135.88,2,39879688-0805-4f98-a18c-c41314acc256,IN-SERVICE,NOT APPLICABLE,137.63,0.0
2026-06-12T16:15:00+08:00,KWINANA_ESR1,-100.0,122.44,1,1e74be46-b223-4a76-b5cf-676571a9644a,IN-SERVICE,NOT APPLICABLE,122.83,0.0
2026-06-12T16:15:00+08:00,KWINANA_ESR1,100.0,136.94,2,1e74be46-b223-4a76-b5cf-676571a9644a,IN-SERVICE,NOT APPLICABLE,137.38,0.0
2026-06-12T16:15:00+08:00,COLLIE_ESR1,0.0,-987.3,1,373a15b3-ee92-470b-88ad-5bc1406881c2,IN-SERVICE,NON-LIQUID,-1000.0,
2026-06-12T16:15:00+08:00,COLLIE_ESR1,-100.0,-42.46,2,373a15b3-ee92-470b-88ad-5bc1406881c2,IN-SERVICE,NON-LIQUID,-43.01,
2026-06-12T16:15:00+08:00,COLLIE_ESR1,-100.0,-10.0,3,373a15b3-ee92-470b-88ad-5bc1406881c2,IN-SERVICE,NON-LIQUID,-10.13,
2026-06-12T16:15:00+08:00,COLLIE_ESR1,0.0,34.02,4,373a15b3-ee92-470b-88ad-5bc1406881c2,IN-SERVICE,NON-LIQUID,34.46,
2026-06-12T16:15:00+08:00,COLLIE_ESR1,0.0,37.74,5,373a15b3-ee92-470b-88ad-5bc1406881c2,IN-SERVICE,NON-LIQUID,38.23,
2026-06-12T16:15:00+08:00,COLLIE_ESR1,100.0,150.0,6,373a15b3-ee92-470b-88ad-5bc1406881c2,IN-SERVICE,NON-LIQUID,151.93,
2026-06-12T16:15:00+08:00,COLLIE_ESR1,100.0,250.0,7,373a15b3-ee92-470b-88ad-5bc1406881c2,IN-SERVICE,NON-LIQUID,253.22,
2026-06-12T16:15:00+08:00,COLLIE_ESR1,0.0,400.0,8,373a15b3-ee92-470b-88ad-5bc1406881c2,IN-SERVICE,NON-LIQUID,405.15,
2026-06-12T16:15:00+08:00,COLLIE_ESR1,0.0,622.0,9,373a15b3-ee92-470b-88ad-5bc1406881c2,IN-SERVICE,NON-LIQUID,630.0,
2026-06-12T16:15:00+08:00,COLLIE_ESR1,0.0,1678.41,10,373a15b3-ee92-470b-88ad-5bc1406881c2,IN-SERVICE,NON-LIQUID,1700.0,
2026-06-12T16:15:00+08:00,KWINANA_ESR2,-225.0,121.92,1,5ca509e3-2bbf-4ead-8bc5-b4a1019f422f,IN-SERVICE,NOT APPLICABLE,122.19,0.0
2026-06-12T16:15:00+08:00,KWINANA_ESR2,225.0,137.41,2,5ca509e3-2bbf-4ead-8bc5-b4a1019f422f,IN-SERVICE,NOT APPLICABLE,137.71,0.0
2026-06-12T16:15:00+08:00,COLLIE_BESS2,0.0,-987.3,1,a73d8c0c-7501-4980-aae3-25c370d91f41,IN-SERVICE,NON-LIQUID,-1000.0,
2026-06-12T16:15:00+08:00,COLLIE_BESS2,-150.0,-42.46,2,a73d8c0c-7501-4980-aae3-25c370d91f41,IN-SERVICE,NON-LIQUID,-43.01,
2026-06-12T16:15:00+08:00,COLLIE_BESS2,-150.0,-10.0,3,a73d8c0c-7501-4980-aae3-25c370d91f41,IN-SERVICE,NON-LIQUID,-10.13,
2026-06-12T16:15:00+08:00,COLLIE_BESS2,0.0,34.02,4,a73d8c0c-7501-4980-aae3-25c370d91f41,IN-SERVICE,NON-LIQUID,34.46,
2026-06-12T16:15:00+08:00,COLLIE_BESS2,0.0,37.74,5,a73d8c0c-7501-4980-aae3-25c370d91f41,IN-SERVICE,NON-LIQUID,38.23,
2026-06-12T16:15:00+08:00,COLLIE_BESS2,150.0,150.0,6,a73d8c0c-7501-4980-aae3-25c370d91f41,IN-SERVICE,NON-LIQUID,151.93,
2026-06-12T16:15:00+08:00,COLLIE_BESS2,150.0,250.0,7,a73d8c0c-7501-4980-aae3-25c370d91f41,IN-SERVICE,NON-LIQUID,253.22,
2026-06-12T16:15:00+08:00,COLLIE_BESS2,0.0,377.74,8,a73d8c0c-7501-4980-aae3-25c370d91f41,IN-SERVICE,NON-LIQUID,382.6,
2026-06-12T16:15:00+08:00,COLLIE_BESS2,0.0,622.0,9,a73d8c0c-7501-4980-aae3-25c370d91f41,IN-SERVICE,NON-LIQUID,630.0,
2026-06-12T16:15:00+08:00,COLLIE_BESS2,0.0,1678.41,10,a73d8c0c-7501-4980-aae3-25c370d91f41,IN-SERVICE,NON-LIQUID,1700.0,
2026-06-12T16:15:00+08:00,COLLIE_ESR4,-250.0,120.6,1,267a626e-35d6-4da2-b901-c2ffb35e1da9,IN-SERVICE,NOT APPLICABLE,122.15,0.0
2026-06-12T16:15:00+08:00,COLLIE_ESR4,250.0,136.0,2,267a626e-35d6-4da2-b901-c2ffb35e1da9,IN-SERVICE,NOT APPLICABLE,137.75,0.0
2026-06-12T16:15:00+08:00,COLLIE_ESR5,-250.0,120.76,1,39879688-0805-4f98-a18c-c41314acc256,IN-SERVICE,NOT APPLICABLE,122.31,0.0
2026-06-12T16:15:00+08:00,COLLIE_ESR5,250.0,135.88,2,39879688-0805-4f98-a18c-c41314acc256,IN-SERVICE,NOT APPLICABLE,137.63,0.0
2026-06-12T16:20:00+08:00,KWINANA_ESR1,-100.0,122.44,1,1e74be46-b223-4a76-b5cf-676571a9644a,IN-SERVICE,NOT APPLICABLE,122.83,0.0
2026-06-12T16:20:00+08:00,KWINANA_ESR1,100.0,136.94,2,1e74be46-b223-4a76-b5cf-676571a9644a,IN-SERVICE,NOT APPLICABLE,137.38,0.0
2026-06-12T16:20:00+08:00,COLLIE_ESR1,0.0,-987.3,1,d6619d26-3da7-4b58-b3c7-7b3eef3fabd6,IN-SERVICE,NON-LIQUID,-1000.0,
2026-06-12T16:20:00+08:00,COLLIE_ESR1,-100.0,-42.46,2,d6619d26-3da7-4b58-b3c7-7b3eef3fabd6,IN-SERVICE,NON-LIQUID,-43.01,
2026-06-12T16:20:00+08:00,COLLIE_ESR1,-100.0,-10.0,3,d6619d26-3da7-4b58-b3c7-7b3eef3fabd6,IN-SERVICE,NON-LIQUID,-10.13,
2026-06-12T16:20:00+08:00,COLLIE_ESR1,0.0,34.02,4,d6619d26-3da7-4b58-b3c7-7b3eef3fabd6,IN-SERVICE,NON-LIQUID,34.46,
2026-06-12T16:20:00+08:00,COLLIE_ESR1,0.0,37.74,5,d6619d26-3da7-4b58-b3c7-7b3eef3fabd6,IN-SERVICE,NON-LIQUID,38.23,
2026-06-12T16:20:00+08:00,COLLIE_ESR1,100.0,150.0,6,d6619d26-3da7-4b58-b3c7-7b3eef3fabd6,IN-SERVICE,NON-LIQUID,151.93,
2026-06-12T16:20:00+08:00,COLLIE_ESR1,100.0,250.0,7,d6619d26-3da7-4b58-b3c7-7b3eef3fabd6,IN-SERVICE,NON-LIQUID,253.22,
2026-06-12T16:20:00+08:00,COLLIE_ESR1,0.0,400.0,8,d6619d26-3da7-4b58-b3c7-7b3eef3fabd6,IN-SERVICE,NON-LIQUID,405.15,
2026-06-12T16:20:00+08:00,COLLIE_ESR1,0.0,622.0,9,d6619d26-3da7-4b58-b3c7-7b3eef3fabd6,IN-SERVICE,NON-LIQUID,630.0,
2026-06-12T16:20:00+08:00,COLLIE_ESR1,0.0,1678.41,10,d6619d26-3da7-4b58-b3c7-7b3eef3fabd6,IN-SERVICE,NON-LIQUID,1700.0,
2026-06-12T16:20:00+08:00,KWINANA_ESR2,-225.0,121.92,1,5ca509e3-2bbf-4ead-8bc5-b4a1019f422f,IN-SERVICE,NOT APPLICABLE,122.19,0.0
2026-06-12T16:20:00+08:00,KWINANA_ESR2,225.0,137.41,2,5ca509e3-2bbf-4ead-8bc5-b4a1019f422f,IN-SERVICE,NOT APPLICABLE,137.71,0.0
2026-06-12T16:20:00+08:00,COLLIE_BESS2,0.0,-987.3,1,249d6c6e-1c86-42f7-9884-4eeeb6d9797e,IN-SERVICE,NON-LIQUID,-1000.0,
2026-06-12T16:20:00+08:00,COLLIE_BESS2,-150.0,-42.46,2,249d6c6e-1c86-42f7-9884-4eeeb6d9797e,IN-SERVICE,NON-LIQUID,-43.01,
2026-06-12T16:20:00+08:00,COLLIE_BESS2,-150.0,-10.0,3,249d6c6e-1c86-42f7-9884-4eeeb6d9797e,IN-SERVICE,NON-LIQUID,-10.13,
2026-06-12T16:20:00+08:00,COLLIE_BESS2,0.0,34.02,4,249d6c6e-1c86-42f7-9884-4eeeb6d9797e,IN-SERVICE,NON-LIQUID,34.46,
2026-06-12T16:20:00+08:00,COLLIE_BESS2,0.0,37.74,5,249d6c6e-1c86-42f7-9884-4eeeb6d9797e,IN-SERVICE,NON-LIQUID,38.23,
2026-06-12T16:20:00+08:00,COLLIE_BESS2,150.0,150.0,6,249d6c6e-1c86-42f7-9884-4eeeb6d9797e,IN-SERVICE,NON-LIQUID,151.93,
2026-06-12T16:20:00+08:00,COLLIE_BESS2,150.0,250.0,7,249d6c6e-1c86-42f7-9884-4eeeb6d9797e,IN-SERVICE,NON-LIQUID,253.22,
2026-06-12T16:20:00+08:00,COLLIE_BESS2,0.0,377.74,8,249d6c6e-1c86-42f7-9884-4eeeb6d9797e,IN-SERVICE,NON-LIQUID,382.6,
2026-06-12T16:20:00+08:00,COLLIE_BESS2,0.0,622.0,9,249d6c6e-1c86-42f7-9884-4eeeb6d9797e,IN-SERVICE,NON-LIQUID,630.0,
2026-06-12T16:20:00+08:00,COLLIE_BESS2,0.0,1678.41,10,249d6c6e-1c86-42f7-9884-4eeeb6d9797e,IN-SERVICE,NON-LIQUID,1700.0,
2026-06-12T16:20:00+08:00,COLLIE_ESR4,-250.0,120.6,1,267a626e-35d6-4da2-b901-c2ffb35e1da9,IN-SERVICE,NOT APPLICABLE,122.15,0.0
2026-06-12T16:20:00+08:00,COLLIE_ESR4,250.0,136.0,2,267a626e-35d6-4da2-b901-c2ffb35e1da9,IN-SERVICE,NOT APPLICABLE,137.75,0.0
2026-06-12T16:20:00+08:00,COLLIE_ESR5,-250.0,120.76,1,39879688-0805-4f98-a18c-c41314acc256,IN-SERVICE,NOT APPLICABLE,122.31,0.0
2026-06-12T16:20:00+08:00,COLLIE_ESR5,250.0,135.88,2,39879688-0805-4f98-a18c-c41314acc256,IN-SERVICE,NOT APPLICABLE,137.63,0.0
2026-06-12T16:25:00+08:00,KWINANA_ESR1,-100.0,121.51,1,00ad6c7e-7a0b-41c4-a02a-5fa620483186,IN-SERVICE,NOT APPLICABLE,121.9,0.0
2026-06-12T16:25:00+08:00,KWINANA_ESR1,100.0,136.27,2,00ad6c7e-7a0b-41c4-a02a-5fa620483186,IN-SERVICE,NOT APPLICABLE,136.71,0.0
2026-06-12T16:25:00+08:00,COLLIE_ESR1,0.0,-987.3,1,218eee42-8131-4a2d-b96e-9bd10d2b7a47,IN-SERVICE,NON-LIQUID,-1000.0,
2026-06-12T16:25:00+08:00,COLLIE_ESR1,-100.0,-42.46,2,218eee42-8131-4a2d-b96e-9bd10d2b7a47,IN-SERVICE,NON-LIQUID,-43.01,
2026-06-12T16:25:00+08:00,COLLIE_ESR1,-100.0,-10.0,3,218eee42-8131-4a2d-b96e-9bd10d2b7a47,IN-SERVICE,NON-LIQUID,-10.13,
2026-06-12T16:25:00+08:00,COLLIE_ESR1,0.0,34.02,4,218eee42-8131-4a2d-b96e-9bd10d2b7a47,IN-SERVICE,NON-LIQUID,34.46,
2026-06-12T16:25:00+08:00,COLLIE_ESR1,0.0,37.74,5,218eee42-8131-4a2d-b96e-9bd10d2b7a47,IN-SERVICE,NON-LIQUID,38.23,
2026-06-12T16:25:00+08:00,COLLIE_ESR1,100.0,113.57,6,218eee42-8131-4a2d-b96e-9bd10d2b7a47,IN-SERVICE,NON-LIQUID,115.03,
2026-06-12T16:25:00+08:00,COLLIE_ESR1,100.0,119.47,7,218eee42-8131-4a2d-b96e-9bd10d2b7a47,IN-SERVICE,NON-LIQUID,121.01,
2026-06-12T16:25:00+08:00,COLLIE_ESR1,0.0,400.0,8,218eee42-8131-4a2d-b96e-9bd10d2b7a47,IN-SERVICE,NON-LIQUID,405.15,
2026-06-12T16:25:00+08:00,COLLIE_ESR1,0.0,622.0,9,218eee42-8131-4a2d-b96e-9bd10d2b7a47,IN-SERVICE,NON-LIQUID,630.0,
2026-06-12T16:25:00+08:00,COLLIE_ESR1,0.0,1678.41,10,218eee42-8131-4a2d-b96e-9bd10d2b7a47,IN-SERVICE,NON-LIQUID,1700.0,
2026-06-12T16:25:00+08:00,KWINANA_ESR2,-225.0,121.92,1,54e18e62-a612-45fd-92dc-9cb77dcfbeeb,IN-SERVICE,NOT APPLICABLE,122.19,0.0
2026-06-12T16:25:00+08:00,KWINANA_ESR2,225.0,137.37,2,54e18e62-a612-45fd-92dc-9cb77dcfbeeb,IN-SERVICE,NOT APPLICABLE,137.67,0.0
2026-06-12T16:25:00+08:00,COLLIE_BESS2,0.0,-987.3,1,e12f1621-6c0c-4fd2-984c-82f6ff2f8527,IN-SERVICE,NON-LIQUID,-1000.0,
2026-06-12T16:25:00+08:00,COLLIE_BESS2,-150.0,-42.46,2,e12f1621-6c0c-4fd2-984c-82f6ff2f8527,IN-SERVICE,NON-LIQUID,-43.01,
2026-06-12T16:25:00+08:00,COLLIE_BESS2,-150.0,-10.0,3,e12f1621-6c0c-4fd2-984c-82f6ff2f8527,IN-SERVICE,NON-LIQUID,-10.13,
2026-06-12T16:25:00+08:00,COLLIE_BESS2,0.0,37.74,4,e12f1621-6c0c-4fd2-984c-82f6ff2f8527,IN-SERVICE,NON-LIQUID,38.23,
2026-06-12T16:25:00+08:00,COLLIE_BESS2,65.0,113.57,5,e12f1621-6c0c-4fd2-984c-82f6ff2f8527,IN-SERVICE,NON-LIQUID,115.03,
2026-06-12T16:25:00+08:00,COLLIE_BESS2,65.0,119.47,6,e12f1621-6c0c-4fd2-984c-82f6ff2f8527,IN-SERVICE,NON-LIQUID,121.01,
2026-06-12T16:25:00+08:00,COLLIE_BESS2,85.0,150.0,7,e12f1621-6c0c-4fd2-984c-82f6ff2f8527,IN-SERVICE,NON-LIQUID,151.93,
2026-06-12T16:25:00+08:00,COLLIE_BESS2,85.0,250.0,8,e12f1621-6c0c-4fd2-984c-82f6ff2f8527,IN-SERVICE,NON-LIQUID,253.22,
2026-06-12T16:25:00+08:00,COLLIE_BESS2,0.0,622.0,9,e12f1621-6c0c-4fd2-984c-82f6ff2f8527,IN-SERVICE,NON-LIQUID,630.0,
2026-06-12T16:25:00+08:00,COLLIE_BESS2,0.0,1678.41,10,e12f1621-6c0c-4fd2-984c-82f6ff2f8527,IN-SERVICE,NON-LIQUID,1700.0,
2026-06-12T16:25:00+08:00,COLLIE_ESR4,-250.0,120.64,1,267a626e-35d6-4da2-b901-c2ffb35e1da9,IN-SERVICE,NOT APPLICABLE,122.19,0.0
2026-06-12T16:25:00+08:00,COLLIE_ESR4,250.0,136.0,2,267a626e-35d6-4da2-b901-c2ffb35e1da9,IN-SERVICE,NOT APPLICABLE,137.75,0.0
2026-06-12T16:25:00+08:00,COLLIE_ESR5,-250.0,120.76,1,39879688-0805-4f98-a18c-c41314acc256,IN-SERVICE,NOT APPLICABLE,122.31,0.0
2026-06-12T16:25:00+08:00,COLLIE_ESR5,250.0,135.88,2,39879688-0805-4f98-a18c-c41314acc256,IN-SERVICE,NOT APPLICABLE,137.63,0.0
2026-06-12T16:30:00+08:00,KWINANA_ESR1,-100.0,121.51,1,00ad6c7e-7a0b-41c4-a02a-5fa620483186,IN-SERVICE,NOT APPLICABLE,121.9,0.0
2026-06-12T16:30:00+08:00,KWINANA_ESR1,100.0,136.27,2,00ad6c7e-7a0b-41c4-a02a-5fa620483186,IN-SERVICE,NOT APPLICABLE,136.71,0.0
2026-06-12T16:30:00+08:00,COLLIE_ESR1,0.0,-987.3,1,41af0e95-c4b0-4dd3-a3ca-0622933306a0,IN-SERVICE,NON-LIQUID,-1000.0,
2026-06-12T16:30:00+08:00,COLLIE_ESR1,-100.0,-42.46,2,41af0e95-c4b0-4dd3-a3ca-0622933306a0,IN-SERVICE,NON-LIQUID,-43.01,
2026-06-12T16:30:00+08:00,COLLIE_ESR1,-100.0,-10.0,3,41af0e95-c4b0-4dd3-a3ca-0622933306a0,IN-SERVICE,NON-LIQUID,-10.13,
2026-06-12T16:30:00+08:00,COLLIE_ESR1,0.0,60.0,4,41af0e95-c4b0-4dd3-a3ca-0622933306a0,IN-SERVICE,NON-LIQUID,60.77,
2026-06-12T16:30:00+08:00,COLLIE_ESR1,21.0,114.82,5,41af0e95-c4b0-4dd3-a3ca-0622933306a0,IN-SERVICE,NON-LIQUID,116.3,
2026-06-12T16:30:00+08:00,COLLIE_ESR1,21.0,119.05,6,41af0e95-c4b0-4dd3-a3ca-0622933306a0,IN-SERVICE,NON-LIQUID,120.58,
2026-06-12T16:30:00+08:00,COLLIE_ESR1,79.0,150.0,7,41af0e95-c4b0-4dd3-a3ca-0622933306a0,IN-SERVICE,NON-LIQUID,151.93,
2026-06-12T16:30:00+08:00,COLLIE_ESR1,79.0,250.0,8,41af0e95-c4b0-4dd3-a3ca-0622933306a0,IN-SERVICE,NON-LIQUID,253.22,
2026-06-12T16:30:00+08:00,COLLIE_ESR1,0.0,622.0,9,41af0e95-c4b0-4dd3-a3ca-0622933306a0,IN-SERVICE,NON-LIQUID,630.0,
2026-06-12T16:30:00+08:00,COLLIE_ESR1,0.0,1678.41,10,41af0e95-c4b0-4dd3-a3ca-0622933306a0,IN-SERVICE,NON-LIQUID,1700.0,
2026-06-12T16:30:00+08:00,KWINANA_ESR2,-225.0,121.92,1,54e18e62-a612-45fd-92dc-9cb77dcfbeeb,IN-SERVICE,NOT APPLICABLE,122.19,0.0
2026-06-12T16:30:00+08:00,KWINANA_ESR2,225.0,137.37,2,54e18e62-a612-45fd-92dc-9cb77dcfbeeb,IN-SERVICE,NOT APPLICABLE,137.67,0.0
2026-06-12T16:30:00+08:00,COLLIE_BESS2,0.0,-987.3,1,f5776266-dcbf-403d-b416-1b3c89a2bdcd,IN-SERVICE,NON-LIQUID,-1000.0,
2026-06-12T16:30:00+08:00,COLLIE_BESS2,-150.0,-42.46,2,f5776266-dcbf-403d-b416-1b3c89a2bdcd,IN-SERVICE,NON-LIQUID,-43.01,
2026-06-12T16:30:00+08:00,COLLIE_BESS2,-150.0,-10.0,3,f5776266-dcbf-403d-b416-1b3c89a2bdcd,IN-SERVICE,NON-LIQUID,-10.13,
2026-06-12T16:30:00+08:00,COLLIE_BESS2,0.0,34.02,4,f5776266-dcbf-403d-b416-1b3c89a2bdcd,IN-SERVICE,NON-LIQUID,34.46,
2026-06-12T16:30:00+08:00,COLLIE_BESS2,0.0,60.0,5,f5776266-dcbf-403d-b416-1b3c89a2bdcd,IN-SERVICE,NON-LIQUID,60.77,
2026-06-12T16:30:00+08:00,COLLIE_BESS2,150.0,150.0,6,f5776266-dcbf-403d-b416-1b3c89a2bdcd,IN-SERVICE,NON-LIQUID,151.93,
2026-06-12T16:30:00+08:00,COLLIE_BESS2,150.0,250.0,7,f5776266-dcbf-403d-b416-1b3c89a2bdcd,IN-SERVICE,NON-LIQUID,253.22,
2026-06-12T16:30:00+08:00,COLLIE_BESS2,0.0,385.51,8,f5776266-dcbf-403d-b416-1b3c89a2bdcd,IN-SERVICE,NON-LIQUID,390.47,
2026-06-12T16:30:00+08:00,COLLIE_BESS2,0.0,622.0,9,f5776266-dcbf-403d-b416-1b3c89a2bdcd,IN-SERVICE,NON-LIQUID,630.0,
2026-06-12T16:30:00+08:00,COLLIE_BESS2,0.0,1678.41,10,f5776266-dcbf-403d-b416-1b3c89a2bdcd,IN-SERVICE,NON-LIQUID,1700.0,
2026-06-12T16:30:00+08:00,COLLIE_ESR4,-250.0,120.6,1,4b1a8b89-d178-4ba0-9280-c25f1cd4fd0a,IN-SERVICE,NOT APPLICABLE,122.15,0.0
2026-06-12T16:30:00+08:00,COLLIE_ESR4,250.0,136.0,2,4b1a8b89-d178-4ba0-9280-c25f1cd4fd0a,IN-SERVICE,NOT APPLICABLE,137.75,0.0
2026-06-12T16:30:00+08:00,COLLIE_ESR5,-250.0,120.1,1,ca67d1e0-2185-4b1d-a2a6-d4fc5f1199d8,IN-SERVICE,NOT APPLICABLE,121.64,0.0
2026-06-12T16:30:00+08:00,COLLIE_ESR5,250.0,135.84,2,ca67d1e0-2185-4b1d-a2a6-d4fc5f1199d8,IN-SERVICE,NOT APPLICABLE,137.59,0.0
2026-06-12T16:35:00+08:00,KWINANA_ESR1,-100.0,121.51,1,00ad6c7e-7a0b-41c4-a02a-5fa620483186,IN-SERVICE,NOT APPLICABLE,121.9,0.0
2026-06-12T16:35:00+08:00,KWINANA_ESR1,100.0,136.27,2,00ad6c7e-7a0b-41c4-a02a-5fa620483186,IN-SERVICE,NOT APPLICABLE,136.71,0.0
2026-06-12T16:35:00+08:00,COLLIE_ESR1,0.0,-987.3,1,15a5a6f3-052d-4441-b15c-4510d324e28f,IN-SERVICE,NON-LIQUID,-1000.0,
2026-06-12T16:35:00+08:00,COLLIE_ESR1,-100.0,-42.46,2,15a5a6f3-052d-4441-b15c-4510d324e28f,IN-SERVICE,NON-LIQUID,-43.01,
2026-06-12T16:35:00+08:00,COLLIE_ESR1,-100.0,-10.0,3,15a5a6f3-052d-4441-b15c-4510d324e28f,IN-SERVICE,NON-LIQUID,-10.13,
2026-06-12T16:35:00+08:00,COLLIE_ESR1,0.0,34.02,4,15a5a6f3-052d-4441-b15c-4510d324e28f,IN-SERVICE,NON-LIQUID,34.46,
2026-06-12T16:35:00+08:00,COLLIE_ESR1,0.0,60.0,5,15a5a6f3-052d-4441-b15c-4510d324e28f,IN-SERVICE,NON-LIQUID,60.77,
2026-06-12T16:35:00+08:00,COLLIE_ESR1,100.0,122.09,6,15a5a6f3-052d-4441-b15c-4510d324e28f,IN-SERVICE,NON-LIQUID,123.66,
2026-06-12T16:35:00+08:00,COLLIE_ESR1,100.0,127.34,7,15a5a6f3-052d-4441-b15c-4510d324e28f,IN-SERVICE,NON-LIQUID,128.98,
2026-06-12T16:35:00+08:00,COLLIE_ESR1,0.0,400.0,8,15a5a6f3-052d-4441-b15c-4510d324e28f,IN-SERVICE,NON-LIQUID,405.15,
2026-06-12T16:35:00+08:00,COLLIE_ESR1,0.0,622.0,9,15a5a6f3-052d-4441-b15c-4510d324e28f,IN-SERVICE,NON-LIQUID,630.0,
2026-06-12T16:35:00+08:00,COLLIE_ESR1,0.0,1678.41,10,15a5a6f3-052d-4441-b15c-4510d324e28f,IN-SERVICE,NON-LIQUID,1700.0,
2026-06-12T16:35:00+08:00,KWINANA_ESR2,-225.0,121.92,1,54e18e62-a612-45fd-92dc-9cb77dcfbeeb,IN-SERVICE,NOT APPLICABLE,122.19,0.0
2026-06-12T16:35:00+08:00,KWINANA_ESR2,225.0,137.37,2,54e18e62-a612-45fd-92dc-9cb77dcfbeeb,IN-SERVICE,NOT APPLICABLE,137.67,0.0
2026-06-12T16:35:00+08:00,COLLIE_BESS2,0.0,-987.3,1,d399f4b0-4f51-4e29-95ce-b5d4ca7862a0,IN-SERVICE,NON-LIQUID,-1000.0,
2026-06-12T16:35:00+08:00,COLLIE_BESS2,-150.0,-42.46,2,d399f4b0-4f51-4e29-95ce-b5d4ca7862a0,IN-SERVICE,NON-LIQUID,-43.01,
2026-06-12T16:35:00+08:00,COLLIE_BESS2,-150.0,-10.0,3,d399f4b0-4f51-4e29-95ce-b5d4ca7862a0,IN-SERVICE,NON-LIQUID,-10.13,
2026-06-12T16:35:00+08:00,COLLIE_BESS2,0.0,60.0,4,d399f4b0-4f51-4e29-95ce-b5d4ca7862a0,IN-SERVICE,NON-LIQUID,60.77,
2026-06-12T16:35:00+08:00,COLLIE_BESS2,114.0,122.09,5,d399f4b0-4f51-4e29-95ce-b5d4ca7862a0,IN-SERVICE,NON-LIQUID,123.66,
2026-06-12T16:35:00+08:00,COLLIE_BESS2,113.0,127.34,6,d399f4b0-4f51-4e29-95ce-b5d4ca7862a0,IN-SERVICE,NON-LIQUID,128.98,
2026-06-12T16:35:00+08:00,COLLIE_BESS2,36.0,150.0,7,d399f4b0-4f51-4e29-95ce-b5d4ca7862a0,IN-SERVICE,NON-LIQUID,151.93,
2026-06-12T16:35:00+08:00,COLLIE_BESS2,37.0,250.0,8,d399f4b0-4f51-4e29-95ce-b5d4ca7862a0,IN-SERVICE,NON-LIQUID,253.22,
2026-06-12T16:35:00+08:00,COLLIE_BESS2,0.0,622.0,9,d399f4b0-4f51-4e29-95ce-b5d4ca7862a0,IN-SERVICE,NON-LIQUID,630.0,
2026-06-12T16:35:00+08:00,COLLIE_BESS2,0.0,1678.41,10,d399f4b0-4f51-4e29-95ce-b5d4ca7862a0,IN-SERVICE,NON-LIQUID,1700.0,
2026-06-12T16:35:00+08:00,COLLIE_ESR4,-250.0,120.6,1,4b1a8b89-d178-4ba0-9280-c25f1cd4fd0a,IN-SERVICE,NOT APPLICABLE,122.15,0.0
2026-06-12T16:35:00+08:00,COLLIE_ESR4,250.0,136.0,2,4b1a8b89-d178-4ba0-9280-c25f1cd4fd0a,IN-SERVICE,NOT APPLICABLE,137.75,0.0
2026-06-12T16:35:00+08:00,COLLIE_ESR5,-250.0,120.1,1,ca67d1e0-2185-4b1d-a2a6-d4fc5f1199d8,IN-SERVICE,NOT APPLICABLE,121.64,0.0
2026-06-12T16:35:00+08:00,COLLIE_ESR5,250.0,135.84,2,ca67d1e0-2185-4b1d-a2a6-d4fc5f1199d8,IN-SERVICE,NOT APPLICABLE,137.59,0.0
2026-06-12T16:40:00+08:00,KWINANA_ESR1,-100.0,129.56,1,a76d92fb-2490-4cbe-bc25-ea4221030084,IN-SERVICE,NOT APPLICABLE,129.98,0.0
2026-06-12T16:40:00+08:00,KWINANA_ESR1,100.0,144.28,2,a76d92fb-2490-4cbe-bc25-ea4221030084,IN-SERVICE,NOT APPLICABLE,144.74,0.0
2026-06-12T16:40:00+08:00,COLLIE_ESR1,0.0,-987.3,1,c155bef4-2a97-4d86-94cb-19c1149146b4,IN-SERVICE,NON-LIQUID,-1000.0,
2026-06-12T16:40:00+08:00,COLLIE_ESR1,-100.0,-42.46,2,c155bef4-2a97-4d86-94cb-19c1149146b4,IN-SERVICE,NON-LIQUID,-43.01,
2026-06-12T16:40:00+08:00,COLLIE_ESR1,-100.0,-10.0,3,c155bef4-2a97-4d86-94cb-19c1149146b4,IN-SERVICE,NON-LIQUID,-10.13,
2026-06-12T16:40:00+08:00,COLLIE_ESR1,0.0,34.02,4,c155bef4-2a97-4d86-94cb-19c1149146b4,IN-SERVICE,NON-LIQUID,34.46,
2026-06-12T16:40:00+08:00,COLLIE_ESR1,0.0,60.0,5,c155bef4-2a97-4d86-94cb-19c1149146b4,IN-SERVICE,NON-LIQUID,60.77,
2026-06-12T16:40:00+08:00,COLLIE_ESR1,100.0,122.09,6,c155bef4-2a97-4d86-94cb-19c1149146b4,IN-SERVICE,NON-LIQUID,123.66,
2026-06-12T16:40:00+08:00,COLLIE_ESR1,100.0,127.34,7,c155bef4-2a97-4d86-94cb-19c1149146b4,IN-SERVICE,NON-LIQUID,128.98,
2026-06-12T16:40:00+08:00,COLLIE_ESR1,0.0,400.0,8,c155bef4-2a97-4d86-94cb-19c1149146b4,IN-SERVICE,NON-LIQUID,405.15,
2026-06-12T16:40:00+08:00,COLLIE_ESR1,0.0,622.0,9,c155bef4-2a97-4d86-94cb-19c1149146b4,IN-SERVICE,NON-LIQUID,630.0,
2026-06-12T16:40:00+08:00,COLLIE_ESR1,0.0,1678.41,10,c155bef4-2a97-4d86-94cb-19c1149146b4,IN-SERVICE,NON-LIQUID,1700.0,
2026-06-12T16:40:00+08:00,KWINANA_ESR2,-225.0,121.84,1,14a10f66-1653-4007-b7dc-e750e732fb11,IN-SERVICE,NOT APPLICABLE,122.11,0.0
2026-06-12T16:40:00+08:00,KWINANA_ESR2,225.0,137.29,2,14a10f66-1653-4007-b7dc-e750e732fb11,IN-SERVICE,NOT APPLICABLE,137.59,0.0
2026-06-12T16:40:00+08:00,COLLIE_BESS2,0.0,-987.3,1,53e0af69-5c88-43a9-a013-bb0501789671,IN-SERVICE,NON-LIQUID,-1000.0,
2026-06-12T16:40:00+08:00,COLLIE_BESS2,-150.0,-42.46,2,53e0af69-5c88-43a9-a013-bb0501789671,IN-SERVICE,NON-LIQUID,-43.01,
2026-06-12T16:40:00+08:00,COLLIE_BESS2,-150.0,-10.0,3,53e0af69-5c88-43a9-a013-bb0501789671,IN-SERVICE,NON-LIQUID,-10.13,
2026-06-12T16:40:00+08:00,COLLIE_BESS2,0.0,60.0,4,53e0af69-5c88-43a9-a013-bb0501789671,IN-SERVICE,NON-LIQUID,60.77,
2026-06-12T16:40:00+08:00,COLLIE_BESS2,114.0,122.09,5,53e0af69-5c88-43a9-a013-bb0501789671,IN-SERVICE,NON-LIQUID,123.66,
2026-06-12T16:40:00+08:00,COLLIE_BESS2,113.0,127.34,6,53e0af69-5c88-43a9-a013-bb0501789671,IN-SERVICE,NON-LIQUID,128.98,
2026-06-12T16:40:00+08:00,COLLIE_BESS2,36.0,150.0,7,53e0af69-5c88-43a9-a013-bb0501789671,IN-SERVICE,NON-LIQUID,151.93,
2026-06-12T16:40:00+08:00,COLLIE_BESS2,37.0,250.0,8,53e0af69-5c88-43a9-a013-bb0501789671,IN-SERVICE,NON-LIQUID,253.22,
2026-06-12T16:40:00+08:00,COLLIE_BESS2,0.0,622.0,9,53e0af69-5c88-43a9-a013-bb0501789671,IN-SERVICE,NON-LIQUID,630.0,
2026-06-12T16:40:00+08:00,COLLIE_BESS2,0.0,1678.41,10,53e0af69-5c88-43a9-a013-bb0501789671,IN-SERVICE,NON-LIQUID,1700.0,
2026-06-12T16:40:00+08:00,COLLIE_ESR4,-250.0,120.52,1,99aaf265-d993-41e9-92c8-b4c7e2084d22,IN-SERVICE,NOT APPLICABLE,122.07,0.0
2026-06-12T16:40:00+08:00,COLLIE_ESR4,250.0,135.88,2,99aaf265-d993-41e9-92c8-b4c7e2084d22,IN-SERVICE,NOT APPLICABLE,137.63,0.0
2026-06-12T16:40:00+08:00,COLLIE_ESR5,-250.0,120.64,1,5cc4e7b5-e6a7-4ecf-a745-1df4472806d4,IN-SERVICE,NOT APPLICABLE,122.19,0.0
2026-06-12T16:40:00+08:00,COLLIE_ESR5,250.0,135.76,2,5cc4e7b5-e6a7-4ecf-a745-1df4472806d4,IN-SERVICE,NOT APPLICABLE,137.51,0.0
2026-06-12T16:45:00+08:00,KWINANA_ESR1,-100.0,129.56,1,a76d92fb-2490-4cbe-bc25-ea4221030084,IN-SERVICE,NOT APPLICABLE,129.98,0.0
2026-06-12T16:45:00+08:00,KWINANA_ESR1,100.0,144.28,2,a76d92fb-2490-4cbe-bc25-ea4221030084,IN-SERVICE,NOT APPLICABLE,144.74,0.0
2026-06-12T16:45:00+08:00,COLLIE_ESR1,0.0,-987.3,1,c7435b64-ba1c-46b9-b4d2-8a5fd3a0cde8,IN-SERVICE,NON-LIQUID,-1000.0,
2026-06-12T16:45:00+08:00,COLLIE_ESR1,-100.0,-42.46,2,c7435b64-ba1c-46b9-b4d2-8a5fd3a0cde8,IN-SERVICE,NON-LIQUID,-43.01,
2026-06-12T16:45:00+08:00,COLLIE_ESR1,-100.0,-10.0,3,c7435b64-ba1c-46b9-b4d2-8a5fd3a0cde8,IN-SERVICE,NON-LIQUID,-10.13,
2026-06-12T16:45:00+08:00,COLLIE_ESR1,0.0,34.02,4,c7435b64-ba1c-46b9-b4d2-8a5fd3a0cde8,IN-SERVICE,NON-LIQUID,34.46,
2026-06-12T16:45:00+08:00,COLLIE_ESR1,0.0,60.0,5,c7435b64-ba1c-46b9-b4d2-8a5fd3a0cde8,IN-SERVICE,NON-LIQUID,60.77,
2026-06-12T16:45:00+08:00,COLLIE_ESR1,100.0,122.09,6,c7435b64-ba1c-46b9-b4d2-8a5fd3a0cde8,IN-SERVICE,NON-LIQUID,123.66,
2026-06-12T16:45:00+08:00,COLLIE_ESR1,100.0,127.34,7,c7435b64-ba1c-46b9-b4d2-8a5fd3a0cde8,IN-SERVICE,NON-LIQUID,128.98,
2026-06-12T16:45:00+08:00,COLLIE_ESR1,0.0,400.0,8,c7435b64-ba1c-46b9-b4d2-8a5fd3a0cde8,IN-SERVICE,NON-LIQUID,405.15,
2026-06-12T16:45:00+08:00,COLLIE_ESR1,0.0,622.0,9,c7435b64-ba1c-46b9-b4d2-8a5fd3a0cde8,IN-SERVICE,NON-LIQUID,630.0,
2026-06-12T16:45:00+08:00,COLLIE_ESR1,0.0,1678.41,10,c7435b64-ba1c-46b9-b4d2-8a5fd3a0cde8,IN-SERVICE,NON-LIQUID,1700.0,
2026-06-12T16:45:00+08:00,KWINANA_ESR2,-225.0,121.84,1,14a10f66-1653-4007-b7dc-e750e732fb11,IN-SERVICE,NOT APPLICABLE,122.11,0.0
2026-06-12T16:45:00+08:00,KWINANA_ESR2,225.0,137.29,2,14a10f66-1653-4007-b7dc-e750e732fb11,IN-SERVICE,NOT APPLICABLE,137.59,0.0
2026-06-12T16:45:00+08:00,COLLIE_BESS2,0.0,-987.3,1,0020ba70-9ea1-48fe-af20-70bb598ca1aa,IN-SERVICE,NON-LIQUID,-1000.0,
2026-06-12T16:45:00+08:00,COLLIE_BESS2,-150.0,-42.46,2,0020ba70-9ea1-48fe-af20-70bb598ca1aa,IN-SERVICE,NON-LIQUID,-43.01,
2026-06-12T16:45:00+08:00,COLLIE_BESS2,-150.0,-10.0,3,0020ba70-9ea1-48fe-af20-70bb598ca1aa,IN-SERVICE,NON-LIQUID,-10.13,
2026-06-12T16:45:00+08:00,COLLIE_BESS2,0.0,60.0,4,0020ba70-9ea1-48fe-af20-70bb598ca1aa,IN-SERVICE,NON-LIQUID,60.77,
2026-06-12T16:45:00+08:00,COLLIE_BESS2,114.0,122.09,5,0020ba70-9ea1-48fe-af20-70bb598ca1aa,IN-SERVICE,NON-LIQUID,123.66,
2026-06-12T16:45:00+08:00,COLLIE_BESS2,113.0,127.34,6,0020ba70-9ea1-48fe-af20-70bb598ca1aa,IN-SERVICE,NON-LIQUID,128.98,
2026-06-12T16:45:00+08:00,COLLIE_BESS2,36.0,150.0,7,0020ba70-9ea1-48fe-af20-70bb598ca1aa,IN-SERVICE,NON-LIQUID,151.93,
2026-06-12T16:45:00+08:00,COLLIE_BESS2,37.0,250.0,8,0020ba70-9ea1-48fe-af20-70bb598ca1aa,IN-SERVICE,NON-LIQUID,253.22,
2026-06-12T16:45:00+08:00,COLLIE_BESS2,0.0,622.0,9,0020ba70-9ea1-48fe-af20-70bb598ca1aa,IN-SERVICE,NON-LIQUID,630.0,
2026-06-12T16:45:00+08:00,COLLIE_BESS2,0.0,1678.41,10,0020ba70-9ea1-48fe-af20-70bb598ca1aa,IN-SERVICE,NON-LIQUID,1700.0,
2026-06-12T16:45:00+08:00,COLLIE_ESR4,-250.0,120.52,1,99aaf265-d993-41e9-92c8-b4c7e2084d22,IN-SERVICE,NOT APPLICABLE,122.07,0.0
2026-06-12T16:45:00+08:00,COLLIE_ESR4,250.0,135.88,2,99aaf265-d993-41e9-92c8-b4c7e2084d22,IN-SERVICE,NOT APPLICABLE,137.63,0.0
2026-06-12T16:45:00+08:00,COLLIE_ESR5,-250.0,120.64,1,5cc4e7b5-e6a7-4ecf-a745-1df4472806d4,IN-SERVICE,NOT APPLICABLE,122.19,0.0
2026-06-12T16:45:00+08:00,COLLIE_ESR5,250.0,135.76,2,5cc4e7b5-e6a7-4ecf-a745-1df4472806d4,IN-SERVICE,NOT APPLICABLE,137.51,0.0
2026-06-12T16:50:00+08:00,KWINANA_ESR1,-100.0,129.56,1,a76d92fb-2490-4cbe-bc25-ea4221030084,IN-SERVICE,NOT APPLICABLE,129.98,0.0
2026-06-12T16:50:00+08:00,KWINANA_ESR1,100.0,144.28,2,a76d92fb-2490-4cbe-bc25-ea4221030084,IN-SERVICE,NOT APPLICABLE,144.74,0.0
2026-06-12T16:50:00+08:00,COLLIE_ESR1,0.0,-987.3,1,df972099-a004-4a7e-a55f-72ac76ca51ee,IN-SERVICE,NON-LIQUID,-1000.0,
2026-06-12T16:50:00+08:00,COLLIE_ESR1,-100.0,-42.46,2,df972099-a004-4a7e-a55f-72ac76ca51ee,IN-SERVICE,NON-LIQUID,-43.01,
2026-06-12T16:50:00+08:00,COLLIE_ESR1,-100.0,-10.0,3,df972099-a004-4a7e-a55f-72ac76ca51ee,IN-SERVICE,NON-LIQUID,-10.13,
2026-06-12T16:50:00+08:00,COLLIE_ESR1,0.0,34.02,4,df972099-a004-4a7e-a55f-72ac76ca51ee,IN-SERVICE,NON-LIQUID,34.46,
2026-06-12T16:50:00+08:00,COLLIE_ESR1,0.0,60.0,5,df972099-a004-4a7e-a55f-72ac76ca51ee,IN-SERVICE,NON-LIQUID,60.77,
2026-06-12T16:50:00+08:00,COLLIE_ESR1,100.0,150.0,6,df972099-a004-4a7e-a55f-72ac76ca51ee,IN-SERVICE,NON-LIQUID,151.93,
2026-06-12T16:50:00+08:00,COLLIE_ESR1,100.0,250.0,7,df972099-a004-4a7e-a55f-72ac76ca51ee,IN-SERVICE,NON-LIQUID,253.22,
2026-06-12T16:50:00+08:00,COLLIE_ESR1,0.0,400.0,8,df972099-a004-4a7e-a55f-72ac76ca51ee,IN-SERVICE,NON-LIQUID,405.15,
2026-06-12T16:50:00+08:00,COLLIE_ESR1,0.0,622.0,9,df972099-a004-4a7e-a55f-72ac76ca51ee,IN-SERVICE,NON-LIQUID,630.0,
2026-06-12T16:50:00+08:00,COLLIE_ESR1,0.0,1678.41,10,df972099-a004-4a7e-a55f-72ac76ca51ee,IN-SERVICE,NON-LIQUID,1700.0,
2026-06-12T16:50:00+08:00,KWINANA_ESR2,-225.0,121.84,1,14a10f66-1653-4007-b7dc-e750e732fb11,IN-SERVICE,NOT APPLICABLE,122.11,0.0
2026-06-12T16:50:00+08:00,KWINANA_ESR2,225.0,137.29,2,14a10f66-1653-4007-b7dc-e750e732fb11,IN-SERVICE,NOT APPLICABLE,137.59,0.0
2026-06-12T16:50:00+08:00,COLLIE_BESS2,0.0,-987.3,1,c42a0490-9c17-46eb-95c6-5127bb19876f,IN-SERVICE,NON-LIQUID,-1000.0,
2026-06-12T16:50:00+08:00,COLLIE_BESS2,-150.0,-42.46,2,c42a0490-9c17-46eb-95c6-5127bb19876f,IN-SERVICE,NON-LIQUID,-43.01,
2026-06-12T16:50:00+08:00,COLLIE_BESS2,-150.0,-10.0,3,c42a0490-9c17-46eb-95c6-5127bb19876f,IN-SERVICE,NON-LIQUID,-10.13,
2026-06-12T16:50:00+08:00,COLLIE_BESS2,0.0,34.02,4,c42a0490-9c17-46eb-95c6-5127bb19876f,IN-SERVICE,NON-LIQUID,34.46,
2026-06-12T16:50:00+08:00,COLLIE_BESS2,0.0,60.0,5,c42a0490-9c17-46eb-95c6-5127bb19876f,IN-SERVICE,NON-LIQUID,60.77,
2026-06-12T16:50:00+08:00,COLLIE_BESS2,150.0,150.0,6,c42a0490-9c17-46eb-95c6-5127bb19876f,IN-SERVICE,NON-LIQUID,151.93,
2026-06-12T16:50:00+08:00,COLLIE_BESS2,150.0,250.0,7,c42a0490-9c17-46eb-95c6-5127bb19876f,IN-SERVICE,NON-LIQUID,253.22,
2026-06-12T16:50:00+08:00,COLLIE_BESS2,0.0,385.51,8,c42a0490-9c17-46eb-95c6-5127bb19876f,IN-SERVICE,NON-LIQUID,390.47,
2026-06-12T16:50:00+08:00,COLLIE_BESS2,0.0,622.0,9,c42a0490-9c17-46eb-95c6-5127bb19876f,IN-SERVICE,NON-LIQUID,630.0,
2026-06-12T16:50:00+08:00,COLLIE_BESS2,0.0,1678.41,10,c42a0490-9c17-46eb-95c6-5127bb19876f,IN-SERVICE,NON-LIQUID,1700.0,
2026-06-12T16:50:00+08:00,COLLIE_ESR4,-250.0,120.52,1,99aaf265-d993-41e9-92c8-b4c7e2084d22,IN-SERVICE,NOT APPLICABLE,122.07,0.0
2026-06-12T16:50:00+08:00,COLLIE_ESR4,250.0,135.88,2,99aaf265-d993-41e9-92c8-b4c7e2084d22,IN-SERVICE,NOT APPLICABLE,137.63,0.0
2026-06-12T16:50:00+08:00,COLLIE_ESR5,-250.0,120.64,1,5cc4e7b5-e6a7-4ecf-a745-1df4472806d4,IN-SERVICE,NOT APPLICABLE,122.19,0.0
2026-06-12T16:50:00+08:00,COLLIE_ESR5,250.0,135.76,2,5cc4e7b5-e6a7-4ecf-a745-1df4472806d4,IN-SERVICE,NOT APPLICABLE,137.51,0.0
2026-06-12T16:55:00+08:00,KWINANA_ESR1,-100.0,129.69,1,9d62f5c3-5f60-4d62-a25a-cd0eb480004f,IN-SERVICE,NOT APPLICABLE,130.11,0.0
2026-06-12T16:55:00+08:00,KWINANA_ESR1,100.0,144.45,2,9d62f5c3-5f60-4d62-a25a-cd0eb480004f,IN-SERVICE,NOT APPLICABLE,144.91,0.0
2026-06-12T16:55:00+08:00,COLLIE_ESR1,0.0,-987.3,1,25718477-44dc-472e-860c-2841b34123ce,IN-SERVICE,NON-LIQUID,-1000.0,
2026-06-12T16:55:00+08:00,COLLIE_ESR1,-100.0,-42.46,2,25718477-44dc-472e-860c-2841b34123ce,IN-SERVICE,NON-LIQUID,-43.01,
2026-06-12T16:55:00+08:00,COLLIE_ESR1,-100.0,-10.0,3,25718477-44dc-472e-860c-2841b34123ce,IN-SERVICE,NON-LIQUID,-10.13,
2026-06-12T16:55:00+08:00,COLLIE_ESR1,0.0,34.02,4,25718477-44dc-472e-860c-2841b34123ce,IN-SERVICE,NON-LIQUID,34.46,
2026-06-12T16:55:00+08:00,COLLIE_ESR1,0.0,60.0,5,25718477-44dc-472e-860c-2841b34123ce,IN-SERVICE,NON-LIQUID,60.77,
2026-06-12T16:55:00+08:00,COLLIE_ESR1,100.0,127.66,6,25718477-44dc-472e-860c-2841b34123ce,IN-SERVICE,NON-LIQUID,129.3,
2026-06-12T16:55:00+08:00,COLLIE_ESR1,100.0,135.0,7,25718477-44dc-472e-860c-2841b34123ce,IN-SERVICE,NON-LIQUID,136.74,
2026-06-12T16:55:00+08:00,COLLIE_ESR1,0.0,400.0,8,25718477-44dc-472e-860c-2841b34123ce,IN-SERVICE,NON-LIQUID,405.15,
2026-06-12T16:55:00+08:00,COLLIE_ESR1,0.0,622.0,9,25718477-44dc-472e-860c-2841b34123ce,IN-SERVICE,NON-LIQUID,630.0,
2026-06-12T16:55:00+08:00,COLLIE_ESR1,0.0,1678.41,10,25718477-44dc-472e-860c-2841b34123ce,IN-SERVICE,NON-LIQUID,1700.0,
2026-06-12T16:55:00+08:00,KWINANA_ESR2,-225.0,121.84,1,819e6856-cb84-442b-a7a1-8699f158a3fe,IN-SERVICE,NOT APPLICABLE,122.11,0.0
2026-06-12T16:55:00+08:00,KWINANA_ESR2,225.0,137.29,2,819e6856-cb84-442b-a7a1-8699f158a3fe,IN-SERVICE,NOT APPLICABLE,137.59,0.0
2026-06-12T16:55:00+08:00,COLLIE_BESS2,0.0,-987.3,1,612e6d1f-072f-4362-9800-e773c34fcec6,IN-SERVICE,NON-LIQUID,-1000.0,
2026-06-12T16:55:00+08:00,COLLIE_BESS2,-150.0,-42.46,2,612e6d1f-072f-4362-9800-e773c34fcec6,IN-SERVICE,NON-LIQUID,-43.01,
2026-06-12T16:55:00+08:00,COLLIE_BESS2,-150.0,-10.0,3,612e6d1f-072f-4362-9800-e773c34fcec6,IN-SERVICE,NON-LIQUID,-10.13,
2026-06-12T16:55:00+08:00,COLLIE_BESS2,0.0,60.0,4,612e6d1f-072f-4362-9800-e773c34fcec6,IN-SERVICE,NON-LIQUID,60.77,
2026-06-12T16:55:00+08:00,COLLIE_BESS2,125.0,127.66,5,612e6d1f-072f-4362-9800-e773c34fcec6,IN-SERVICE,NON-LIQUID,129.3,
2026-06-12T16:55:00+08:00,COLLIE_BESS2,125.0,135.0,6,612e6d1f-072f-4362-9800-e773c34fcec6,IN-SERVICE,NON-LIQUID,136.74,
2026-06-12T16:55:00+08:00,COLLIE_BESS2,25.0,150.0,7,612e6d1f-072f-4362-9800-e773c34fcec6,IN-SERVICE,NON-LIQUID,151.93,
2026-06-12T16:55:00+08:00,COLLIE_BESS2,25.0,250.0,8,612e6d1f-072f-4362-9800-e773c34fcec6,IN-SERVICE,NON-LIQUID,253.22,
2026-06-12T16:55:00+08:00,COLLIE_BESS2,0.0,622.0,9,612e6d1f-072f-4362-9800-e773c34fcec6,IN-SERVICE,NON-LIQUID,630.0,
2026-06-12T16:55:00+08:00,COLLIE_BESS2,0.0,1678.41,10,612e6d1f-072f-4362-9800-e773c34fcec6,IN-SERVICE,NON-LIQUID,1700.0,
2026-06-12T16:55:00+08:00,COLLIE_ESR4,-250.0,120.52,1,62dba9c9-5b99-4068-be29-bc7d79630798,IN-SERVICE,NOT APPLICABLE,122.07,0.0
2026-06-12T16:55:00+08:00,COLLIE_ESR4,250.0,135.88,2,62dba9c9-5b99-4068-be29-bc7d79630798,IN-SERVICE,NOT APPLICABLE,137.63,0.0
2026-06-12T16:55:00+08:00,COLLIE_ESR5,-250.0,120.64,1,dedb970f-eba1-4f95-a7d3-9f20528a2c43,IN-SERVICE,NOT APPLICABLE,122.19,0.0
2026-06-12T16:55:00+08:00,COLLIE_ESR5,250.0,135.76,2,dedb970f-eba1-4f95-a7d3-9f20528a2c43,IN-SERVICE,NOT APPLICABLE,137.51,0.0
2026-06-12T17:00:00+08:00,KWINANA_ESR1,-100.0,129.69,1,9d62f5c3-5f60-4d62-a25a-cd0eb480004f,IN-SERVICE,NOT APPLICABLE,130.11,0.0
2026-06-12T17:00:00+08:00,KWINANA_ESR1,100.0,144.45,2,9d62f5c3-5f60-4d62-a25a-cd0eb480004f,IN-SERVICE,NOT APPLICABLE,144.91,0.0
2026-06-12T17:00:00+08:00,COLLIE_ESR1,0.0,-987.3,1,76e05950-bcf5-46b4-bdae-d5768e60a968,IN-SERVICE,NON-LIQUID,-1000.0,
2026-06-12T17:00:00+08:00,COLLIE_ESR1,-100.0,-42.46,2,76e05950-bcf5-46b4-bdae-d5768e60a968,IN-SERVICE,NON-LIQUID,-43.01,
2026-06-12T17:00:00+08:00,COLLIE_ESR1,-100.0,-10.0,3,76e05950-bcf5-46b4-bdae-d5768e60a968,IN-SERVICE,NON-LIQUID,-10.13,
2026-06-12T17:00:00+08:00,COLLIE_ESR1,0.0,34.02,4,76e05950-bcf5-46b4-bdae-d5768e60a968,IN-SERVICE,NON-LIQUID,34.46,
2026-06-12T17:00:00+08:00,COLLIE_ESR1,0.0,60.0,5,76e05950-bcf5-46b4-bdae-d5768e60a968,IN-SERVICE,NON-LIQUID,60.77,
2026-06-12T17:00:00+08:00,COLLIE_ESR1,100.0,127.66,6,76e05950-bcf5-46b4-bdae-d5768e60a968,IN-SERVICE,NON-LIQUID,129.3,
2026-06-12T17:00:00+08:00,COLLIE_ESR1,100.0,135.0,7,76e05950-bcf5-46b4-bdae-d5768e60a968,IN-SERVICE,NON-LIQUID,136.74,
2026-06-12T17:00:00+08:00,COLLIE_ESR1,0.0,400.0,8,76e05950-bcf5-46b4-bdae-d5768e60a968,IN-SERVICE,NON-LIQUID,405.15,
2026-06-12T17:00:00+08:00,COLLIE_ESR1,0.0,622.0,9,76e05950-bcf5-46b4-bdae-d5768e60a968,IN-SERVICE,NON-LIQUID,630.0,
2026-06-12T17:00:00+08:00,COLLIE_ESR1,0.0,1678.41,10,76e05950-bcf5-46b4-bdae-d5768e60a968,IN-SERVICE,NON-LIQUID,1700.0,
2026-06-12T17:00:00+08:00,KWINANA_ESR2,-225.0,121.84,1,819e6856-cb84-442b-a7a1-8699f158a3fe,IN-SERVICE,NOT APPLICABLE,122.11,0.0
2026-06-12T17:00:00+08:00,KWINANA_ESR2,225.0,137.29,2,819e6856-cb84-442b-a7a1-8699f158a3fe,IN-SERVICE,NOT APPLICABLE,137.59,0.0
2026-06-12T17:00:00+08:00,COLLIE_BESS2,0.0,-987.3,1,4f5a5e03-797f-47f7-8614-b4871ffbc757,IN-SERVICE,NON-LIQUID,-1000.0,
2026-06-12T17:00:00+08:00,COLLIE_BESS2,-150.0,-42.46,2,4f5a5e03-797f-47f7-8614-b4871ffbc757,IN-SERVICE,NON-LIQUID,-43.01,
2026-06-12T17:00:00+08:00,COLLIE_BESS2,-150.0,-10.0,3,4f5a5e03-797f-47f7-8614-b4871ffbc757,IN-SERVICE,NON-LIQUID,-10.13,
2026-06-12T17:00:00+08:00,COLLIE_BESS2,0.0,60.0,4,4f5a5e03-797f-47f7-8614-b4871ffbc757,IN-SERVICE,NON-LIQUID,60.77,
2026-06-12T17:00:00+08:00,COLLIE_BESS2,114.0,127.66,5,4f5a5e03-797f-47f7-8614-b4871ffbc757,IN-SERVICE,NON-LIQUID,129.3,
2026-06-12T17:00:00+08:00,COLLIE_BESS2,113.0,135.0,6,4f5a5e03-797f-47f7-8614-b4871ffbc757,IN-SERVICE,NON-LIQUID,136.74,
2026-06-12T17:00:00+08:00,COLLIE_BESS2,36.0,150.0,7,4f5a5e03-797f-47f7-8614-b4871ffbc757,IN-SERVICE,NON-LIQUID,151.93,
2026-06-12T17:00:00+08:00,COLLIE_BESS2,37.0,250.0,8,4f5a5e03-797f-47f7-8614-b4871ffbc757,IN-SERVICE,NON-LIQUID,253.22,
2026-06-12T17:00:00+08:00,COLLIE_BESS2,0.0,622.0,9,4f5a5e03-797f-47f7-8614-b4871ffbc757,IN-SERVICE,NON-LIQUID,630.0,
2026-06-12T17:00:00+08:00,COLLIE_BESS2,0.0,1678.41,10,4f5a5e03-797f-47f7-8614-b4871ffbc757,IN-SERVICE,NON-LIQUID,1700.0,
2026-06-12T17:00:00+08:00,COLLIE_ESR4,-250.0,120.52,1,62dba9c9-5b99-4068-be29-bc7d79630798,IN-SERVICE,NOT APPLICABLE,122.07,0.0
2026-06-12T17:00:00+08:00,COLLIE_ESR4,250.0,135.88,2,62dba9c9-5b99-4068-be29-bc7d79630798,IN-SERVICE,NOT APPLICABLE,137.63,0.0
2026-06-12T17:00:00+08:00,COLLIE_ESR5,-250.0,120.64,1,dedb970f-eba1-4f95-a7d3-9f20528a2c43,IN-SERVICE,NOT APPLICABLE,122.19,0.0
2026-06-12T17:00:00+08:00,COLLIE_ESR5,250.0,135.76,2,dedb970f-eba1-4f95-a7d3-9f20528a2c43,IN-SERVICE,NOT APPLICABLE,137.51,0.0
2026-06-12T17:05:00+08:00,KWINANA_ESR1,-100.0,129.69,1,9d62f5c3-5f60-4d62-a25a-cd0eb480004f,IN-SERVICE,NOT APPLICABLE,130.11,0.0
2026-06-12T17:05:00+08:00,KWINANA_ESR1,100.0,144.45,2,9d62f5c3-5f60-4d62-a25a-cd0eb480004f,IN-SERVICE,NOT APPLICABLE,144.91,0.0
2026-06-12T17:05:00+08:00,COLLIE_ESR1,0.0,-987.3,1,eb41feda-d297-40c3-a8f3-159c430c8626,IN-SERVICE,NON-LIQUID,-1000.0,
2026-06-12T17:05:00+08:00,COLLIE_ESR1,-100.0,-42.46,2,eb41feda-d297-40c3-a8f3-159c430c8626,IN-SERVICE,NON-LIQUID,-43.01,
2026-06-12T17:05:00+08:00,COLLIE_ESR1,-100.0,-10.0,3,eb41feda-d297-40c3-a8f3-159c430c8626,IN-SERVICE,NON-LIQUID,-10.13,
2026-06-12T17:05:00+08:00,COLLIE_ESR1,0.0,34.02,4,eb41feda-d297-40c3-a8f3-159c430c8626,IN-SERVICE,NON-LIQUID,34.46,
2026-06-12T17:05:00+08:00,COLLIE_ESR1,0.0,60.0,5,eb41feda-d297-40c3-a8f3-159c430c8626,IN-SERVICE,NON-LIQUID,60.77,
2026-06-12T17:05:00+08:00,COLLIE_ESR1,100.0,127.66,6,eb41feda-d297-40c3-a8f3-159c430c8626,IN-SERVICE,NON-LIQUID,129.3,
2026-06-12T17:05:00+08:00,COLLIE_ESR1,100.0,135.0,7,eb41feda-d297-40c3-a8f3-159c430c8626,IN-SERVICE,NON-LIQUID,136.74,
2026-06-12T17:05:00+08:00,COLLIE_ESR1,0.0,400.0,8,eb41feda-d297-40c3-a8f3-159c430c8626,IN-SERVICE,NON-LIQUID,405.15,
2026-06-12T17:05:00+08:00,COLLIE_ESR1,0.0,622.0,9,eb41feda-d297-40c3-a8f3-159c430c8626,IN-SERVICE,NON-LIQUID,630.0,
2026-06-12T17:05:00+08:00,COLLIE_ESR1,0.0,1678.41,10,eb41feda-d297-40c3-a8f3-159c430c8626,IN-SERVICE,NON-LIQUID,1700.0,
2026-06-12T17:05:00+08:00,KWINANA_ESR2,-225.0,121.84,1,819e6856-cb84-442b-a7a1-8699f158a3fe,IN-SERVICE,NOT APPLICABLE,122.11,0.0
2026-06-12T17:05:00+08:00,KWINANA_ESR2,225.0,137.29,2,819e6856-cb84-442b-a7a1-8699f158a3fe,IN-SERVICE,NOT APPLICABLE,137.59,0.0
2026-06-12T17:05:00+08:00,COLLIE_BESS2,0.0,-987.3,1,7eea2e5f-bc1c-4346-b8dc-0017713e7f37,IN-SERVICE,NON-LIQUID,-1000.0,
2026-06-12T17:05:00+08:00,COLLIE_BESS2,-150.0,-42.46,2,7eea2e5f-bc1c-4346-b8dc-0017713e7f37,IN-SERVICE,NON-LIQUID,-43.01,
2026-06-12T17:05:00+08:00,COLLIE_BESS2,-150.0,-10.0,3,7eea2e5f-bc1c-4346-b8dc-0017713e7f37,IN-SERVICE,NON-LIQUID,-10.13,
2026-06-12T17:05:00+08:00,COLLIE_BESS2,0.0,60.0,4,7eea2e5f-bc1c-4346-b8dc-0017713e7f37,IN-SERVICE,NON-LIQUID,60.77,
2026-06-12T17:05:00+08:00,COLLIE_BESS2,111.0,127.66,5,7eea2e5f-bc1c-4346-b8dc-0017713e7f37,IN-SERVICE,NON-LIQUID,129.3,
2026-06-12T17:05:00+08:00,COLLIE_BESS2,111.0,135.0,6,7eea2e5f-bc1c-4346-b8dc-0017713e7f37,IN-SERVICE,NON-LIQUID,136.74,
2026-06-12T17:05:00+08:00,COLLIE_BESS2,39.0,150.0,7,7eea2e5f-bc1c-4346-b8dc-0017713e7f37,IN-SERVICE,NON-LIQUID,151.93,
2026-06-12T17:05:00+08:00,COLLIE_BESS2,39.0,250.0,8,7eea2e5f-bc1c-4346-b8dc-0017713e7f37,IN-SERVICE,NON-LIQUID,253.22,
2026-06-12T17:05:00+08:00,COLLIE_BESS2,0.0,622.0,9,7eea2e5f-bc1c-4346-b8dc-0017713e7f37,IN-SERVICE,NON-LIQUID,630.0,
2026-06-12T17:05:00+08:00,COLLIE_BESS2,0.0,1678.41,10,7eea2e5f-bc1c-4346-b8dc-0017713e7f37,IN-SERVICE,NON-LIQUID,1700.0,
2026-06-12T17:05:00+08:00,COLLIE_ESR4,-250.0,120.52,1,62dba9c9-5b99-4068-be29-bc7d79630798,IN-SERVICE,NOT APPLICABLE,122.07,0.0
2026-06-12T17:05:00+08:00,COLLIE_ESR4,250.0,135.88,2,62dba9c9-5b99-4068-be29-bc7d79630798,IN-SERVICE,NOT APPLICABLE,137.63,0.0
2026-06-12T17:05:00+08:00,COLLIE_ESR5,-250.0,120.64,1,dedb970f-eba1-4f95-a7d3-9f20528a2c43,IN-SERVICE,NOT APPLICABLE,122.19,0.0
2026-06-12T17:05:00+08:00,COLLIE_ESR5,250.0,135.76,2,dedb970f-eba1-4f95-a7d3-9f20528a2c43,IN-SERVICE,NOT APPLICABLE,137.51,0.0
2026-06-12T17:10:00+08:00,KWINANA_ESR1,-100.0,129.69,1,16d5f5f0-eda1-403b-8bdb-15e155eaa27f,IN-SERVICE,NOT APPLICABLE,130.11,0.0
2026-06-12T17:10:00+08:00,KWINANA_ESR1,100.0,144.45,2,16d5f5f0-eda1-403b-8bdb-15e155eaa27f,IN-SERVICE,NOT APPLICABLE,144.91,0.0
2026-06-12T17:10:00+08:00,COLLIE_ESR1,0.0,-987.3,1,7a3cf217-469d-4f0a-932e-a0798278dc46,IN-SERVICE,NON-LIQUID,-1000.0,
2026-06-12T17:10:00+08:00,COLLIE_ESR1,-100.0,-42.46,2,7a3cf217-469d-4f0a-932e-a0798278dc46,IN-SERVICE,NON-LIQUID,-43.01,
2026-06-12T17:10:00+08:00,COLLIE_ESR1,-100.0,-10.0,3,7a3cf217-469d-4f0a-932e-a0798278dc46,IN-SERVICE,NON-LIQUID,-10.13,
2026-06-12T17:10:00+08:00,COLLIE_ESR1,0.0,34.02,4,7a3cf217-469d-4f0a-932e-a0798278dc46,IN-SERVICE,NON-LIQUID,34.46,
2026-06-12T17:10:00+08:00,COLLIE_ESR1,0.0,60.0,5,7a3cf217-469d-4f0a-932e-a0798278dc46,IN-SERVICE,NON-LIQUID,60.77,
2026-06-12T17:10:00+08:00,COLLIE_ESR1,100.0,127.66,6,7a3cf217-469d-4f0a-932e-a0798278dc46,IN-SERVICE,NON-LIQUID,129.3,
2026-06-12T17:10:00+08:00,COLLIE_ESR1,100.0,135.0,7,7a3cf217-469d-4f0a-932e-a0798278dc46,IN-SERVICE,NON-LIQUID,136.74,
2026-06-12T17:10:00+08:00,COLLIE_ESR1,0.0,400.0,8,7a3cf217-469d-4f0a-932e-a0798278dc46,IN-SERVICE,NON-LIQUID,405.15,
2026-06-12T17:10:00+08:00,COLLIE_ESR1,0.0,622.0,9,7a3cf217-469d-4f0a-932e-a0798278dc46,IN-SERVICE,NON-LIQUID,630.0,
2026-06-12T17:10:00+08:00,COLLIE_ESR1,0.0,1678.41,10,7a3cf217-469d-4f0a-932e-a0798278dc46,IN-SERVICE,NON-LIQUID,1700.0,
2026-06-12T17:10:00+08:00,KWINANA_ESR2,-225.0,112.54,1,2e32b7dd-92f9-4879-aa02-c6ed07a5391d,IN-SERVICE,NOT APPLICABLE,112.79,0.0
2026-06-12T17:10:00+08:00,KWINANA_ESR2,225.0,127.99,2,2e32b7dd-92f9-4879-aa02-c6ed07a5391d,IN-SERVICE,NOT APPLICABLE,128.27,0.0
2026-06-12T17:10:00+08:00,COLLIE_BESS2,0.0,-987.3,1,dd2573d3-6642-4253-bdca-868720ab5b5e,IN-SERVICE,NON-LIQUID,-1000.0,
2026-06-12T17:10:00+08:00,COLLIE_BESS2,-150.0,-42.46,2,dd2573d3-6642-4253-bdca-868720ab5b5e,IN-SERVICE,NON-LIQUID,-43.01,
2026-06-12T17:10:00+08:00,COLLIE_BESS2,-150.0,-10.0,3,dd2573d3-6642-4253-bdca-868720ab5b5e,IN-SERVICE,NON-LIQUID,-10.13,
2026-06-12T17:10:00+08:00,COLLIE_BESS2,0.0,60.0,4,dd2573d3-6642-4253-bdca-868720ab5b5e,IN-SERVICE,NON-LIQUID,60.77,
2026-06-12T17:10:00+08:00,COLLIE_BESS2,111.0,127.66,5,dd2573d3-6642-4253-bdca-868720ab5b5e,IN-SERVICE,NON-LIQUID,129.3,
2026-06-12T17:10:00+08:00,COLLIE_BESS2,111.0,135.0,6,dd2573d3-6642-4253-bdca-868720ab5b5e,IN-SERVICE,NON-LIQUID,136.74,
2026-06-12T17:10:00+08:00,COLLIE_BESS2,39.0,150.0,7,dd2573d3-6642-4253-bdca-868720ab5b5e,IN-SERVICE,NON-LIQUID,151.93,
2026-06-12T17:10:00+08:00,COLLIE_BESS2,39.0,250.0,8,dd2573d3-6642-4253-bdca-868720ab5b5e,IN-SERVICE,NON-LIQUID,253.22,
2026-06-12T17:10:00+08:00,COLLIE_BESS2,0.0,622.0,9,dd2573d3-6642-4253-bdca-868720ab5b5e,IN-SERVICE,NON-LIQUID,630.0,
2026-06-12T17:10:00+08:00,COLLIE_BESS2,0.0,1678.41,10,dd2573d3-6642-4253-bdca-868720ab5b5e,IN-SERVICE,NON-LIQUID,1700.0,
2026-06-12T17:10:00+08:00,COLLIE_ESR4,-250.0,111.32,1,74c32d14-d8ad-4bad-afb0-3164bc5b7b0f,IN-SERVICE,NOT APPLICABLE,112.75,0.0
2026-06-12T17:10:00+08:00,COLLIE_ESR4,250.0,137.42,2,74c32d14-d8ad-4bad-afb0-3164bc5b7b0f,IN-SERVICE,NOT APPLICABLE,139.19,0.0
2026-06-12T17:10:00+08:00,COLLIE_ESR5,-250.0,111.44,1,80b96a98-5ffd-448f-b94b-aabf03a01492,IN-SERVICE,NOT APPLICABLE,112.87,0.0
2026-06-12T17:10:00+08:00,COLLIE_ESR5,250.0,126.56,2,80b96a98-5ffd-448f-b94b-aabf03a01492,IN-SERVICE,NOT APPLICABLE,128.19,0.0
2026-06-12T17:15:00+08:00,KWINANA_ESR1,-100.0,129.69,1,16d5f5f0-eda1-403b-8bdb-15e155eaa27f,IN-SERVICE,NOT APPLICABLE,130.11,0.0
2026-06-12T17:15:00+08:00,KWINANA_ESR1,100.0,144.45,2,16d5f5f0-eda1-403b-8bdb-15e155eaa27f,IN-SERVICE,NOT APPLICABLE,144.91,0.0
2026-06-12T17:15:00+08:00,COLLIE_ESR1,0.0,-987.3,1,d84b50b1-8416-4530-b3d5-ea48ee610f8b,IN-SERVICE,NON-LIQUID,-1000.0,
2026-06-12T17:15:00+08:00,COLLIE_ESR1,-100.0,-42.46,2,d84b50b1-8416-4530-b3d5-ea48ee610f8b,IN-SERVICE,NON-LIQUID,-43.01,
2026-06-12T17:15:00+08:00,COLLIE_ESR1,-100.0,-10.0,3,d84b50b1-8416-4530-b3d5-ea48ee610f8b,IN-SERVICE,NON-LIQUID,-10.13,
2026-06-12T17:15:00+08:00,COLLIE_ESR1,0.0,34.02,4,d84b50b1-8416-4530-b3d5-ea48ee610f8b,IN-SERVICE,NON-LIQUID,34.46,
2026-06-12T17:15:00+08:00,COLLIE_ESR1,0.0,60.0,5,d84b50b1-8416-4530-b3d5-ea48ee610f8b,IN-SERVICE,NON-LIQUID,60.77,
2026-06-12T17:15:00+08:00,COLLIE_ESR1,100.0,127.66,6,d84b50b1-8416-4530-b3d5-ea48ee610f8b,IN-SERVICE,NON-LIQUID,129.3,
2026-06-12T17:15:00+08:00,COLLIE_ESR1,100.0,135.0,7,d84b50b1-8416-4530-b3d5-ea48ee610f8b,IN-SERVICE,NON-LIQUID,136.74,
2026-06-12T17:15:00+08:00,COLLIE_ESR1,0.0,400.0,8,d84b50b1-8416-4530-b3d5-ea48ee610f8b,IN-SERVICE,NON-LIQUID,405.15,
2026-06-12T17:15:00+08:00,COLLIE_ESR1,0.0,622.0,9,d84b50b1-8416-4530-b3d5-ea48ee610f8b,IN-SERVICE,NON-LIQUID,630.0,
2026-06-12T17:15:00+08:00,COLLIE_ESR1,0.0,1678.41,10,d84b50b1-8416-4530-b3d5-ea48ee610f8b,IN-SERVICE,NON-LIQUID,1700.0,
2026-06-12T17:15:00+08:00,KWINANA_ESR2,-225.0,112.54,1,2e32b7dd-92f9-4879-aa02-c6ed07a5391d,IN-SERVICE,NOT APPLICABLE,112.79,0.0
2026-06-12T17:15:00+08:00,KWINANA_ESR2,225.0,127.99,2,2e32b7dd-92f9-4879-aa02-c6ed07a5391d,IN-SERVICE,NOT APPLICABLE,128.27,0.0
2026-06-12T17:15:00+08:00,COLLIE_BESS2,0.0,-987.3,1,029d0ba6-4865-4c0f-a074-5a1d82cd5efe,IN-SERVICE,NON-LIQUID,-1000.0,
2026-06-12T17:15:00+08:00,COLLIE_BESS2,-150.0,-42.46,2,029d0ba6-4865-4c0f-a074-5a1d82cd5efe,IN-SERVICE,NON-LIQUID,-43.01,
2026-06-12T17:15:00+08:00,COLLIE_BESS2,-150.0,-10.0,3,029d0ba6-4865-4c0f-a074-5a1d82cd5efe,IN-SERVICE,NON-LIQUID,-10.13,
2026-06-12T17:15:00+08:00,COLLIE_BESS2,0.0,60.0,4,029d0ba6-4865-4c0f-a074-5a1d82cd5efe,IN-SERVICE,NON-LIQUID,60.77,
2026-06-12T17:15:00+08:00,COLLIE_BESS2,111.0,127.66,5,029d0ba6-4865-4c0f-a074-5a1d82cd5efe,IN-SERVICE,NON-LIQUID,129.3,
2026-06-12T17:15:00+08:00,COLLIE_BESS2,111.0,135.0,6,029d0ba6-4865-4c0f-a074-5a1d82cd5efe,IN-SERVICE,NON-LIQUID,136.74,
2026-06-12T17:15:00+08:00,COLLIE_BESS2,39.0,150.0,7,029d0ba6-4865-4c0f-a074-5a1d82cd5efe,IN-SERVICE,NON-LIQUID,151.93,
2026-06-12T17:15:00+08:00,COLLIE_BESS2,39.0,250.0,8,029d0ba6-4865-4c0f-a074-5a1d82cd5efe,IN-SERVICE,NON-LIQUID,253.22,
2026-06-12T17:15:00+08:00,COLLIE_BESS2,0.0,622.0,9,029d0ba6-4865-4c0f-a074-5a1d82cd5efe,IN-SERVICE,NON-LIQUID,630.0,
2026-06-12T17:15:00+08:00,COLLIE_BESS2,0.0,1678.41,10,029d0ba6-4865-4c0f-a074-5a1d82cd5efe,IN-SERVICE,NON-LIQUID,1700.0,
2026-06-12T17:15:00+08:00,COLLIE_ESR4,-250.0,111.32,1,74c32d14-d8ad-4bad-afb0-3164bc5b7b0f,IN-SERVICE,NOT APPLICABLE,112.75,0.0
2026-06-12T17:15:00+08:00,COLLIE_ESR4,250.0,126.68,2,74c32d14-d8ad-4bad-afb0-3164bc5b7b0f,IN-SERVICE,NOT APPLICABLE,128.31,0.0
2026-06-12T17:15:00+08:00,COLLIE_ESR5,-250.0,111.44,1,80b96a98-5ffd-448f-b94b-aabf03a01492,IN-SERVICE,NOT APPLICABLE,112.87,0.0
2026-06-12T17:15:00+08:00,COLLIE_ESR5,250.0,126.56,2,80b96a98-5ffd-448f-b94b-aabf03a01492,IN-SERVICE,NOT APPLICABLE,128.19,0.0
2026-06-12T17:20:00+08:00,KWINANA_ESR1,-100.0,129.69,1,16d5f5f0-eda1-403b-8bdb-15e155eaa27f,IN-SERVICE,NOT APPLICABLE,130.11,0.0
2026-06-12T17:20:00+08:00,KWINANA_ESR1,100.0,144.45,2,16d5f5f0-eda1-403b-8bdb-15e155eaa27f,IN-SERVICE,NOT APPLICABLE,144.91,0.0
2026-06-12T17:20:00+08:00,COLLIE_ESR1,0.0,-987.3,1,56885f0f-2f3e-432d-933f-b2784bba5317,IN-SERVICE,NON-LIQUID,-1000.0,
2026-06-12T17:20:00+08:00,COLLIE_ESR1,-100.0,-42.46,2,56885f0f-2f3e-432d-933f-b2784bba5317,IN-SERVICE,NON-LIQUID,-43.01,
2026-06-12T17:20:00+08:00,COLLIE_ESR1,-100.0,-10.0,3,56885f0f-2f3e-432d-933f-b2784bba5317,IN-SERVICE,NON-LIQUID,-10.13,
2026-06-12T17:20:00+08:00,COLLIE_ESR1,0.0,34.02,4,56885f0f-2f3e-432d-933f-b2784bba5317,IN-SERVICE,NON-LIQUID,34.46,
2026-06-12T17:20:00+08:00,COLLIE_ESR1,0.0,60.0,5,56885f0f-2f3e-432d-933f-b2784bba5317,IN-SERVICE,NON-LIQUID,60.77,
2026-06-12T17:20:00+08:00,COLLIE_ESR1,100.0,119.05,6,56885f0f-2f3e-432d-933f-b2784bba5317,IN-SERVICE,NON-LIQUID,120.58,
2026-06-12T17:20:00+08:00,COLLIE_ESR1,100.0,122.09,7,56885f0f-2f3e-432d-933f-b2784bba5317,IN-SERVICE,NON-LIQUID,123.66,
2026-06-12T17:20:00+08:00,COLLIE_ESR1,0.0,400.0,8,56885f0f-2f3e-432d-933f-b2784bba5317,IN-SERVICE,NON-LIQUID,405.15,
2026-06-12T17:20:00+08:00,COLLIE_ESR1,0.0,622.0,9,56885f0f-2f3e-432d-933f-b2784bba5317,IN-SERVICE,NON-LIQUID,630.0,
2026-06-12T17:20:00+08:00,COLLIE_ESR1,0.0,1678.41,10,56885f0f-2f3e-432d-933f-b2784bba5317,IN-SERVICE,NON-LIQUID,1700.0,
2026-06-12T17:20:00+08:00,KWINANA_ESR2,-225.0,112.54,1,2e32b7dd-92f9-4879-aa02-c6ed07a5391d,IN-SERVICE,NOT APPLICABLE,112.79,0.0
2026-06-12T17:20:00+08:00,KWINANA_ESR2,225.0,127.99,2,2e32b7dd-92f9-4879-aa02-c6ed07a5391d,IN-SERVICE,NOT APPLICABLE,128.27,0.0
2026-06-12T17:20:00+08:00,COLLIE_BESS2,0.0,-987.3,1,fcd3dba2-eec4-4b38-a225-ba95493add0c,IN-SERVICE,NON-LIQUID,-1000.0,
2026-06-12T17:20:00+08:00,COLLIE_BESS2,-150.0,-42.46,2,fcd3dba2-eec4-4b38-a225-ba95493add0c,IN-SERVICE,NON-LIQUID,-43.01,
2026-06-12T17:20:00+08:00,COLLIE_BESS2,-150.0,-10.0,3,fcd3dba2-eec4-4b38-a225-ba95493add0c,IN-SERVICE,NON-LIQUID,-10.13,
2026-06-12T17:20:00+08:00,COLLIE_BESS2,0.0,34.02,4,fcd3dba2-eec4-4b38-a225-ba95493add0c,IN-SERVICE,NON-LIQUID,34.46,
2026-06-12T17:20:00+08:00,COLLIE_BESS2,0.0,60.0,5,fcd3dba2-eec4-4b38-a225-ba95493add0c,IN-SERVICE,NON-LIQUID,60.77,
2026-06-12T17:20:00+08:00,COLLIE_BESS2,150.0,150.0,6,fcd3dba2-eec4-4b38-a225-ba95493add0c,IN-SERVICE,NON-LIQUID,151.93,
2026-06-12T17:20:00+08:00,COLLIE_BESS2,150.0,250.0,7,fcd3dba2-eec4-4b38-a225-ba95493add0c,IN-SERVICE,NON-LIQUID,253.22,
2026-06-12T17:20:00+08:00,COLLIE_BESS2,0.0,385.51,8,fcd3dba2-eec4-4b38-a225-ba95493add0c,IN-SERVICE,NON-LIQUID,390.47,
2026-06-12T17:20:00+08:00,COLLIE_BESS2,0.0,622.0,9,fcd3dba2-eec4-4b38-a225-ba95493add0c,IN-SERVICE,NON-LIQUID,630.0,
2026-06-12T17:20:00+08:00,COLLIE_BESS2,0.0,1678.41,10,fcd3dba2-eec4-4b38-a225-ba95493add0c,IN-SERVICE,NON-LIQUID,1700.0,
2026-06-12T17:20:00+08:00,COLLIE_ESR4,-250.0,111.32,1,74c32d14-d8ad-4bad-afb0-3164bc5b7b0f,IN-SERVICE,NOT APPLICABLE,112.75,0.0
2026-06-12T17:20:00+08:00,COLLIE_ESR4,250.0,126.68,2,74c32d14-d8ad-4bad-afb0-3164bc5b7b0f,IN-SERVICE,NOT APPLICABLE,128.31,0.0
2026-06-12T17:20:00+08:00,COLLIE_ESR5,-250.0,111.44,1,80b96a98-5ffd-448f-b94b-aabf03a01492,IN-SERVICE,NOT APPLICABLE,112.87,0.0
2026-06-12T17:20:00+08:00,COLLIE_ESR5,250.0,126.56,2,80b96a98-5ffd-448f-b94b-aabf03a01492,IN-SERVICE,NOT APPLICABLE,128.19,0.0
2026-06-12T17:25:00+08:00,KWINANA_ESR1,-100.0,120.52,1,2c8c362a-53c6-4f10-a0e6-156c20046540,IN-SERVICE,NOT APPLICABLE,120.91,0.0
2026-06-12T17:25:00+08:00,KWINANA_ESR1,100.0,135.28,2,2c8c362a-53c6-4f10-a0e6-156c20046540,IN-SERVICE,NOT APPLICABLE,135.71,0.0
2026-06-12T17:25:00+08:00,COLLIE_ESR1,0.0,-987.3,1,35969178-ae49-412a-9d0d-b0bc96bc1db0,IN-SERVICE,NON-LIQUID,-1000.0,
2026-06-12T17:25:00+08:00,COLLIE_ESR1,-100.0,-42.46,2,35969178-ae49-412a-9d0d-b0bc96bc1db0,IN-SERVICE,NON-LIQUID,-43.01,
2026-06-12T17:25:00+08:00,COLLIE_ESR1,-100.0,-10.0,3,35969178-ae49-412a-9d0d-b0bc96bc1db0,IN-SERVICE,NON-LIQUID,-10.13,
2026-06-12T17:25:00+08:00,COLLIE_ESR1,0.0,34.02,4,35969178-ae49-412a-9d0d-b0bc96bc1db0,IN-SERVICE,NON-LIQUID,34.46,
2026-06-12T17:25:00+08:00,COLLIE_ESR1,0.0,60.0,5,35969178-ae49-412a-9d0d-b0bc96bc1db0,IN-SERVICE,NON-LIQUID,60.77,
2026-06-12T17:25:00+08:00,COLLIE_ESR1,100.0,150.0,6,35969178-ae49-412a-9d0d-b0bc96bc1db0,IN-SERVICE,NON-LIQUID,151.93,
2026-06-12T17:25:00+08:00,COLLIE_ESR1,100.0,250.0,7,35969178-ae49-412a-9d0d-b0bc96bc1db0,IN-SERVICE,NON-LIQUID,253.22,
2026-06-12T17:25:00+08:00,COLLIE_ESR1,0.0,400.0,8,35969178-ae49-412a-9d0d-b0bc96bc1db0,IN-SERVICE,NON-LIQUID,405.15,
2026-06-12T17:25:00+08:00,COLLIE_ESR1,0.0,622.0,9,35969178-ae49-412a-9d0d-b0bc96bc1db0,IN-SERVICE,NON-LIQUID,630.0,
2026-06-12T17:25:00+08:00,COLLIE_ESR1,0.0,1678.41,10,35969178-ae49-412a-9d0d-b0bc96bc1db0,IN-SERVICE,NON-LIQUID,1700.0,
2026-06-12T17:25:00+08:00,KWINANA_ESR2,-225.0,112.54,1,c545769d-c37a-4c73-89eb-a05e2b8795ac,IN-SERVICE,NOT APPLICABLE,112.79,0.0
2026-06-12T17:25:00+08:00,KWINANA_ESR2,225.0,127.99,2,c545769d-c37a-4c73-89eb-a05e2b8795ac,IN-SERVICE,NOT APPLICABLE,128.27,0.0
2026-06-12T17:25:00+08:00,COLLIE_BESS2,0.0,-987.3,1,a95b886e-c1d3-4605-b2aa-d516af1ce6ad,IN-SERVICE,NON-LIQUID,-1000.0,
2026-06-12T17:25:00+08:00,COLLIE_BESS2,-150.0,-42.46,2,a95b886e-c1d3-4605-b2aa-d516af1ce6ad,IN-SERVICE,NON-LIQUID,-43.01,
2026-06-12T17:25:00+08:00,COLLIE_BESS2,-150.0,-10.0,3,a95b886e-c1d3-4605-b2aa-d516af1ce6ad,IN-SERVICE,NON-LIQUID,-10.13,
2026-06-12T17:25:00+08:00,COLLIE_BESS2,0.0,34.02,4,a95b886e-c1d3-4605-b2aa-d516af1ce6ad,IN-SERVICE,NON-LIQUID,34.46,
2026-06-12T17:25:00+08:00,COLLIE_BESS2,0.0,60.0,5,a95b886e-c1d3-4605-b2aa-d516af1ce6ad,IN-SERVICE,NON-LIQUID,60.77,
2026-06-12T17:25:00+08:00,COLLIE_BESS2,150.0,150.0,6,a95b886e-c1d3-4605-b2aa-d516af1ce6ad,IN-SERVICE,NON-LIQUID,151.93,
2026-06-12T17:25:00+08:00,COLLIE_BESS2,150.0,250.0,7,a95b886e-c1d3-4605-b2aa-d516af1ce6ad,IN-SERVICE,NON-LIQUID,253.22,
2026-06-12T17:25:00+08:00,COLLIE_BESS2,0.0,385.51,8,a95b886e-c1d3-4605-b2aa-d516af1ce6ad,IN-SERVICE,NON-LIQUID,390.47,
2026-06-12T17:25:00+08:00,COLLIE_BESS2,0.0,622.0,9,a95b886e-c1d3-4605-b2aa-d516af1ce6ad,IN-SERVICE,NON-LIQUID,630.0,
2026-06-12T17:25:00+08:00,COLLIE_BESS2,0.0,1678.41,10,a95b886e-c1d3-4605-b2aa-d516af1ce6ad,IN-SERVICE,NON-LIQUID,1700.0,
2026-06-12T17:25:00+08:00,COLLIE_ESR4,-250.0,111.32,1,b91246ab-d3c6-4d36-999b-bc2b2d75ebbf,IN-SERVICE,NOT APPLICABLE,112.75,0.0
2026-06-12T17:25:00+08:00,COLLIE_ESR4,250.0,126.68,2,b91246ab-d3c6-4d36-999b-bc2b2d75ebbf,IN-SERVICE,NOT APPLICABLE,128.31,0.0
2026-06-12T17:25:00+08:00,COLLIE_ESR5,-250.0,111.44,1,c6b6d767-346b-49d9-bf3f-8e2b1f52a398,IN-SERVICE,NOT APPLICABLE,112.87,0.0
2026-06-12T17:25:00+08:00,COLLIE_ESR5,250.0,126.56,2,c6b6d767-346b-49d9-bf3f-8e2b1f52a398,IN-SERVICE,NOT APPLICABLE,128.19,0.0
2026-06-12T17:30:00+08:00,KWINANA_ESR1,-100.0,120.52,1,2c8c362a-53c6-4f10-a0e6-156c20046540,IN-SERVICE,NOT APPLICABLE,120.91,0.0
2026-06-12T17:30:00+08:00,KWINANA_ESR1,100.0,135.28,2,2c8c362a-53c6-4f10-a0e6-156c20046540,IN-SERVICE,NOT APPLICABLE,135.71,0.0
2026-06-12T17:30:00+08:00,COLLIE_ESR1,0.0,-987.3,1,f70bc1bb-75c3-4da9-9dd3-c8c361e016ba,IN-SERVICE,NON-LIQUID,-1000.0,
2026-06-12T17:30:00+08:00,COLLIE_ESR1,-100.0,-42.46,2,f70bc1bb-75c3-4da9-9dd3-c8c361e016ba,IN-SERVICE,NON-LIQUID,-43.01,
2026-06-12T17:30:00+08:00,COLLIE_ESR1,-100.0,-10.0,3,f70bc1bb-75c3-4da9-9dd3-c8c361e016ba,IN-SERVICE,NON-LIQUID,-10.13,
2026-06-12T17:30:00+08:00,COLLIE_ESR1,0.0,34.02,4,f70bc1bb-75c3-4da9-9dd3-c8c361e016ba,IN-SERVICE,NON-LIQUID,34.46,
2026-06-12T17:30:00+08:00,COLLIE_ESR1,0.0,60.0,5,f70bc1bb-75c3-4da9-9dd3-c8c361e016ba,IN-SERVICE,NON-LIQUID,60.77,
2026-06-12T17:30:00+08:00,COLLIE_ESR1,100.0,150.0,6,f70bc1bb-75c3-4da9-9dd3-c8c361e016ba,IN-SERVICE,NON-LIQUID,151.93,
2026-06-12T17:30:00+08:00,COLLIE_ESR1,100.0,250.0,7,f70bc1bb-75c3-4da9-9dd3-c8c361e016ba,IN-SERVICE,NON-LIQUID,253.22,
2026-06-12T17:30:00+08:00,COLLIE_ESR1,0.0,400.0,8,f70bc1bb-75c3-4da9-9dd3-c8c361e016ba,IN-SERVICE,NON-LIQUID,405.15,
2026-06-12T17:30:00+08:00,COLLIE_ESR1,0.0,622.0,9,f70bc1bb-75c3-4da9-9dd3-c8c361e016ba,IN-SERVICE,NON-LIQUID,630.0,
2026-06-12T17:30:00+08:00,COLLIE_ESR1,0.0,1678.41,10,f70bc1bb-75c3-4da9-9dd3-c8c361e016ba,IN-SERVICE,NON-LIQUID,1700.0,
2026-06-12T17:30:00+08:00,KWINANA_ESR2,-225.0,112.54,1,c545769d-c37a-4c73-89eb-a05e2b8795ac,IN-SERVICE,NOT APPLICABLE,112.79,0.0
2026-06-12T17:30:00+08:00,KWINANA_ESR2,225.0,127.99,2,c545769d-c37a-4c73-89eb-a05e2b8795ac,IN-SERVICE,NOT APPLICABLE,128.27,0.0
2026-06-12T17:30:00+08:00,COLLIE_BESS2,0.0,-987.3,1,1bcc7b32-5aa8-4b41-85e4-0291599a2650,IN-SERVICE,NON-LIQUID,-1000.0,
2026-06-12T17:30:00+08:00,COLLIE_BESS2,-150.0,-42.46,2,1bcc7b32-5aa8-4b41-85e4-0291599a2650,IN-SERVICE,NON-LIQUID,-43.01,
2026-06-12T17:30:00+08:00,COLLIE_BESS2,-150.0,-10.0,3,1bcc7b32-5aa8-4b41-85e4-0291599a2650,IN-SERVICE,NON-LIQUID,-10.13,
2026-06-12T17:30:00+08:00,COLLIE_BESS2,0.0,34.02,4,1bcc7b32-5aa8-4b41-85e4-0291599a2650,IN-SERVICE,NON-LIQUID,34.46,
2026-06-12T17:30:00+08:00,COLLIE_BESS2,0.0,60.0,5,1bcc7b32-5aa8-4b41-85e4-0291599a2650,IN-SERVICE,NON-LIQUID,60.77,
2026-06-12T17:30:00+08:00,COLLIE_BESS2,150.0,150.0,6,1bcc7b32-5aa8-4b41-85e4-0291599a2650,IN-SERVICE,NON-LIQUID,151.93,
2026-06-12T17:30:00+08:00,COLLIE_BESS2,150.0,250.0,7,1bcc7b32-5aa8-4b41-85e4-0291599a2650,IN-SERVICE,NON-LIQUID,253.22,
2026-06-12T17:30:00+08:00,COLLIE_BESS2,0.0,385.51,8,1bcc7b32-5aa8-4b41-85e4-0291599a2650,IN-SERVICE,NON-LIQUID,390.47,
2026-06-12T17:30:00+08:00,COLLIE_BESS2,0.0,622.0,9,1bcc7b32-5aa8-4b41-85e4-0291599a2650,IN-SERVICE,NON-LIQUID,630.0,
2026-06-12T17:30:00+08:00,COLLIE_BESS2,0.0,1678.41,10,1bcc7b32-5aa8-4b41-85e4-0291599a2650,IN-SERVICE,NON-LIQUID,1700.0,
2026-06-12T17:30:00+08:00,COLLIE_ESR4,-250.0,111.32,1,b91246ab-d3c6-4d36-999b-bc2b2d75ebbf,IN-SERVICE,NOT APPLICABLE,112.75,0.0
2026-06-12T17:30:00+08:00,COLLIE_ESR4,250.0,126.68,2,b91246ab-d3c6-4d36-999b-bc2b2d75ebbf,IN-SERVICE,NOT APPLICABLE,128.31,0.0
2026-06-12T17:30:00+08:00,COLLIE_ESR5,-250.0,111.44,1,c6b6d767-346b-49d9-bf3f-8e2b1f52a398,IN-SERVICE,NOT APPLICABLE,112.87,0.0
2026-06-12T17:30:00+08:00,COLLIE_ESR5,250.0,126.56,2,c6b6d767-346b-49d9-bf3f-8e2b1f52a398,IN-SERVICE,NOT APPLICABLE,128.19,0.0
2026-06-12T17:35:00+08:00,KWINANA_ESR1,-100.0,120.52,1,2c8c362a-53c6-4f10-a0e6-156c20046540,IN-SERVICE,NOT APPLICABLE,120.91,0.0
2026-06-12T17:35:00+08:00,KWINANA_ESR1,100.0,135.28,2,2c8c362a-53c6-4f10-a0e6-156c20046540,IN-SERVICE,NOT APPLICABLE,135.71,0.0
2026-06-12T17:35:00+08:00,COLLIE_ESR1,0.0,-987.3,1,5b5b89ed-5149-428f-987a-f9c74293b023,IN-SERVICE,NON-LIQUID,-1000.0,
2026-06-12T17:35:00+08:00,COLLIE_ESR1,-100.0,-42.46,2,5b5b89ed-5149-428f-987a-f9c74293b023,IN-SERVICE,NON-LIQUID,-43.01,
2026-06-12T17:35:00+08:00,COLLIE_ESR1,-100.0,-10.0,3,5b5b89ed-5149-428f-987a-f9c74293b023,IN-SERVICE,NON-LIQUID,-10.13,
2026-06-12T17:35:00+08:00,COLLIE_ESR1,0.0,34.02,4,5b5b89ed-5149-428f-987a-f9c74293b023,IN-SERVICE,NON-LIQUID,34.46,
2026-06-12T17:35:00+08:00,COLLIE_ESR1,0.0,60.0,5,5b5b89ed-5149-428f-987a-f9c74293b023,IN-SERVICE,NON-LIQUID,60.77,
2026-06-12T17:35:00+08:00,COLLIE_ESR1,100.0,150.0,6,5b5b89ed-5149-428f-987a-f9c74293b023,IN-SERVICE,NON-LIQUID,151.93,
2026-06-12T17:35:00+08:00,COLLIE_ESR1,100.0,250.0,7,5b5b89ed-5149-428f-987a-f9c74293b023,IN-SERVICE,NON-LIQUID,253.22,
2026-06-12T17:35:00+08:00,COLLIE_ESR1,0.0,400.0,8,5b5b89ed-5149-428f-987a-f9c74293b023,IN-SERVICE,NON-LIQUID,405.15,
2026-06-12T17:35:00+08:00,COLLIE_ESR1,0.0,622.0,9,5b5b89ed-5149-428f-987a-f9c74293b023,IN-SERVICE,NON-LIQUID,630.0,
2026-06-12T17:35:00+08:00,COLLIE_ESR1,0.0,1678.41,10,5b5b89ed-5149-428f-987a-f9c74293b023,IN-SERVICE,NON-LIQUID,1700.0,
2026-06-12T17:35:00+08:00,KWINANA_ESR2,-225.0,112.54,1,c545769d-c37a-4c73-89eb-a05e2b8795ac,IN-SERVICE,NOT APPLICABLE,112.79,0.0
2026-06-12T17:35:00+08:00,KWINANA_ESR2,225.0,127.99,2,c545769d-c37a-4c73-89eb-a05e2b8795ac,IN-SERVICE,NOT APPLICABLE,128.27,0.0
2026-06-12T17:35:00+08:00,COLLIE_BESS2,0.0,-987.3,1,a820d12e-8c73-4da6-8088-9f9c9852ffb5,IN-SERVICE,NON-LIQUID,-1000.0,
2026-06-12T17:35:00+08:00,COLLIE_BESS2,-150.0,-42.46,2,a820d12e-8c73-4da6-8088-9f9c9852ffb5,IN-SERVICE,NON-LIQUID,-43.01,
2026-06-12T17:35:00+08:00,COLLIE_BESS2,-150.0,-10.0,3,a820d12e-8c73-4da6-8088-9f9c9852ffb5,IN-SERVICE,NON-LIQUID,-10.13,
2026-06-12T17:35:00+08:00,COLLIE_BESS2,0.0,34.02,4,a820d12e-8c73-4da6-8088-9f9c9852ffb5,IN-SERVICE,NON-LIQUID,34.46,
2026-06-12T17:35:00+08:00,COLLIE_BESS2,0.0,60.0,5,a820d12e-8c73-4da6-8088-9f9c9852ffb5,IN-SERVICE,NON-LIQUID,60.77,
2026-06-12T17:35:00+08:00,COLLIE_BESS2,150.0,150.0,6,a820d12e-8c73-4da6-8088-9f9c9852ffb5,IN-SERVICE,NON-LIQUID,151.93,
2026-06-12T17:35:00+08:00,COLLIE_BESS2,150.0,250.0,7,a820d12e-8c73-4da6-8088-9f9c9852ffb5,IN-SERVICE,NON-LIQUID,253.22,
2026-06-12T17:35:00+08:00,COLLIE_BESS2,0.0,385.51,8,a820d12e-8c73-4da6-8088-9f9c9852ffb5,IN-SERVICE,NON-LIQUID,390.47,
2026-06-12T17:35:00+08:00,COLLIE_BESS2,0.0,622.0,9,a820d12e-8c73-4da6-8088-9f9c9852ffb5,IN-SERVICE,NON-LIQUID,630.0,
2026-06-12T17:35:00+08:00,COLLIE_BESS2,0.0,1678.41,10,a820d12e-8c73-4da6-8088-9f9c9852ffb5,IN-SERVICE,NON-LIQUID,1700.0,
2026-06-12T17:35:00+08:00,COLLIE_ESR4,-250.0,111.32,1,b91246ab-d3c6-4d36-999b-bc2b2d75ebbf,IN-SERVICE,NOT APPLICABLE,112.75,0.0
2026-06-12T17:35:00+08:00,COLLIE_ESR4,250.0,126.68,2,b91246ab-d3c6-4d36-999b-bc2b2d75ebbf,IN-SERVICE,NOT APPLICABLE,128.31,0.0
2026-06-12T17:35:00+08:00,COLLIE_ESR5,-250.0,111.44,1,c6b6d767-346b-49d9-bf3f-8e2b1f52a398,IN-SERVICE,NOT APPLICABLE,112.87,0.0
2026-06-12T17:35:00+08:00,COLLIE_ESR5,250.0,126.56,2,c6b6d767-346b-49d9-bf3f-8e2b1f52a398,IN-SERVICE,NOT APPLICABLE,128.19,0.0
2026-06-12T17:40:00+08:00,KWINANA_ESR1,-100.0,144.06,1,af2109f0-8afe-413c-9fba-37b56e26656a,IN-SERVICE,NOT APPLICABLE,144.52,0.0
2026-06-12T17:40:00+08:00,KWINANA_ESR1,100.0,158.82,2,af2109f0-8afe-413c-9fba-37b56e26656a,IN-SERVICE,NOT APPLICABLE,159.33,0.0
2026-06-12T17:40:00+08:00,COLLIE_ESR1,0.0,-987.3,1,220d5acc-2e97-42f5-ac90-2b633efbd276,IN-SERVICE,NON-LIQUID,-1000.0,
2026-06-12T17:40:00+08:00,COLLIE_ESR1,-100.0,-42.46,2,220d5acc-2e97-42f5-ac90-2b633efbd276,IN-SERVICE,NON-LIQUID,-43.01,
2026-06-12T17:40:00+08:00,COLLIE_ESR1,-100.0,-10.0,3,220d5acc-2e97-42f5-ac90-2b633efbd276,IN-SERVICE,NON-LIQUID,-10.13,
2026-06-12T17:40:00+08:00,COLLIE_ESR1,0.0,34.02,4,220d5acc-2e97-42f5-ac90-2b633efbd276,IN-SERVICE,NON-LIQUID,34.46,
2026-06-12T17:40:00+08:00,COLLIE_ESR1,0.0,60.0,5,220d5acc-2e97-42f5-ac90-2b633efbd276,IN-SERVICE,NON-LIQUID,60.77,
2026-06-12T17:40:00+08:00,COLLIE_ESR1,100.0,127.22,6,220d5acc-2e97-42f5-ac90-2b633efbd276,IN-SERVICE,NON-LIQUID,128.86,
2026-06-12T17:40:00+08:00,COLLIE_ESR1,100.0,133.95,7,220d5acc-2e97-42f5-ac90-2b633efbd276,IN-SERVICE,NON-LIQUID,135.67,
2026-06-12T17:40:00+08:00,COLLIE_ESR1,0.0,400.0,8,220d5acc-2e97-42f5-ac90-2b633efbd276,IN-SERVICE,NON-LIQUID,405.15,
2026-06-12T17:40:00+08:00,COLLIE_ESR1,0.0,622.0,9,220d5acc-2e97-42f5-ac90-2b633efbd276,IN-SERVICE,NON-LIQUID,630.0,
2026-06-12T17:40:00+08:00,COLLIE_ESR1,0.0,1678.41,10,220d5acc-2e97-42f5-ac90-2b633efbd276,IN-SERVICE,NON-LIQUID,1700.0,
2026-06-12T17:40:00+08:00,KWINANA_ESR2,-225.0,137.47,1,8f905025-fbba-4396-98b9-6243eb11b063,IN-SERVICE,NOT APPLICABLE,137.77,0.0
2026-06-12T17:40:00+08:00,KWINANA_ESR2,225.0,152.91,2,8f905025-fbba-4396-98b9-6243eb11b063,IN-SERVICE,NOT APPLICABLE,153.25,0.0
2026-06-12T17:40:00+08:00,COLLIE_BESS2,0.0,-987.3,1,bb647e7d-a083-45bb-b7ca-5615171a1220,IN-SERVICE,NON-LIQUID,-1000.0,
2026-06-12T17:40:00+08:00,COLLIE_BESS2,-150.0,-42.46,2,bb647e7d-a083-45bb-b7ca-5615171a1220,IN-SERVICE,NON-LIQUID,-43.01,
2026-06-12T17:40:00+08:00,COLLIE_BESS2,-150.0,-10.0,3,bb647e7d-a083-45bb-b7ca-5615171a1220,IN-SERVICE,NON-LIQUID,-10.13,
2026-06-12T17:40:00+08:00,COLLIE_BESS2,0.0,34.02,4,bb647e7d-a083-45bb-b7ca-5615171a1220,IN-SERVICE,NON-LIQUID,34.46,
2026-06-12T17:40:00+08:00,COLLIE_BESS2,0.0,60.0,5,bb647e7d-a083-45bb-b7ca-5615171a1220,IN-SERVICE,NON-LIQUID,60.77,
2026-06-12T17:40:00+08:00,COLLIE_BESS2,150.0,150.0,6,bb647e7d-a083-45bb-b7ca-5615171a1220,IN-SERVICE,NON-LIQUID,151.93,
2026-06-12T17:40:00+08:00,COLLIE_BESS2,150.0,250.0,7,bb647e7d-a083-45bb-b7ca-5615171a1220,IN-SERVICE,NON-LIQUID,253.22,
2026-06-12T17:40:00+08:00,COLLIE_BESS2,0.0,385.51,8,bb647e7d-a083-45bb-b7ca-5615171a1220,IN-SERVICE,NON-LIQUID,390.47,
2026-06-12T17:40:00+08:00,COLLIE_BESS2,0.0,622.0,9,bb647e7d-a083-45bb-b7ca-5615171a1220,IN-SERVICE,NON-LIQUID,630.0,
2026-06-12T17:40:00+08:00,COLLIE_BESS2,0.0,1678.41,10,bb647e7d-a083-45bb-b7ca-5615171a1220,IN-SERVICE,NON-LIQUID,1700.0,
2026-06-12T17:40:00+08:00,COLLIE_ESR4,-250.0,133.52,1,f90d81d7-9b90-41ca-8431-92e17f26c393,IN-SERVICE,NOT APPLICABLE,135.24,0.0
2026-06-12T17:40:00+08:00,COLLIE_ESR4,250.0,148.88,2,f90d81d7-9b90-41ca-8431-92e17f26c393,IN-SERVICE,NOT APPLICABLE,150.8,0.0
2026-06-12T17:40:00+08:00,COLLIE_ESR5,-250.0,136.1,1,1836e903-d492-4c8a-a7e0-ff8d9995d7b9,IN-SERVICE,NOT APPLICABLE,137.85,0.0
2026-06-12T17:40:00+08:00,COLLIE_ESR5,250.0,151.22,2,1836e903-d492-4c8a-a7e0-ff8d9995d7b9,IN-SERVICE,NOT APPLICABLE,153.17,0.0
2026-06-12T17:45:00+08:00,KWINANA_ESR1,-100.0,144.06,1,af2109f0-8afe-413c-9fba-37b56e26656a,IN-SERVICE,NOT APPLICABLE,144.52,0.0
2026-06-12T17:45:00+08:00,KWINANA_ESR1,100.0,158.82,2,af2109f0-8afe-413c-9fba-37b56e26656a,IN-SERVICE,NOT APPLICABLE,159.33,0.0
2026-06-12T17:45:00+08:00,COLLIE_ESR1,0.0,-987.3,1,4c665e79-377a-4e4e-9936-b31b4538493b,IN-SERVICE,NON-LIQUID,-1000.0,
2026-06-12T17:45:00+08:00,COLLIE_ESR1,-100.0,-42.46,2,4c665e79-377a-4e4e-9936-b31b4538493b,IN-SERVICE,NON-LIQUID,-43.01,
2026-06-12T17:45:00+08:00,COLLIE_ESR1,-100.0,-10.0,3,4c665e79-377a-4e4e-9936-b31b4538493b,IN-SERVICE,NON-LIQUID,-10.13,
2026-06-12T17:45:00+08:00,COLLIE_ESR1,0.0,34.02,4,4c665e79-377a-4e4e-9936-b31b4538493b,IN-SERVICE,NON-LIQUID,34.46,
2026-06-12T17:45:00+08:00,COLLIE_ESR1,0.0,60.0,5,4c665e79-377a-4e4e-9936-b31b4538493b,IN-SERVICE,NON-LIQUID,60.77,
2026-06-12T17:45:00+08:00,COLLIE_ESR1,100.0,150.0,6,4c665e79-377a-4e4e-9936-b31b4538493b,IN-SERVICE,NON-LIQUID,151.93,
2026-06-12T17:45:00+08:00,COLLIE_ESR1,100.0,156.83,7,4c665e79-377a-4e4e-9936-b31b4538493b,IN-SERVICE,NON-LIQUID,158.85,
2026-06-12T17:45:00+08:00,COLLIE_ESR1,0.0,400.0,8,4c665e79-377a-4e4e-9936-b31b4538493b,IN-SERVICE,NON-LIQUID,405.15,
2026-06-12T17:45:00+08:00,COLLIE_ESR1,0.0,622.0,9,4c665e79-377a-4e4e-9936-b31b4538493b,IN-SERVICE,NON-LIQUID,630.0,
2026-06-12T17:45:00+08:00,COLLIE_ESR1,0.0,1678.41,10,4c665e79-377a-4e4e-9936-b31b4538493b,IN-SERVICE,NON-LIQUID,1700.0,
2026-06-12T17:45:00+08:00,KWINANA_ESR2,-225.0,143.87,1,8f905025-fbba-4396-98b9-6243eb11b063,IN-SERVICE,NOT APPLICABLE,144.19,0.0
2026-06-12T17:45:00+08:00,KWINANA_ESR2,225.0,159.32,2,8f905025-fbba-4396-98b9-6243eb11b063,IN-SERVICE,NOT APPLICABLE,159.67,0.0
2026-06-12T17:45:00+08:00,COLLIE_BESS2,0.0,-987.3,1,4c415e64-7d78-4b3e-a795-e542bc2b8bed,IN-SERVICE,NON-LIQUID,-1000.0,
2026-06-12T17:45:00+08:00,COLLIE_BESS2,-150.0,-42.46,2,4c415e64-7d78-4b3e-a795-e542bc2b8bed,IN-SERVICE,NON-LIQUID,-43.01,
2026-06-12T17:45:00+08:00,COLLIE_BESS2,-150.0,-10.0,3,4c415e64-7d78-4b3e-a795-e542bc2b8bed,IN-SERVICE,NON-LIQUID,-10.13,
2026-06-12T17:45:00+08:00,COLLIE_BESS2,0.0,34.02,4,4c415e64-7d78-4b3e-a795-e542bc2b8bed,IN-SERVICE,NON-LIQUID,34.46,
2026-06-12T17:45:00+08:00,COLLIE_BESS2,0.0,60.0,5,4c415e64-7d78-4b3e-a795-e542bc2b8bed,IN-SERVICE,NON-LIQUID,60.77,
2026-06-12T17:45:00+08:00,COLLIE_BESS2,150.0,150.0,6,4c415e64-7d78-4b3e-a795-e542bc2b8bed,IN-SERVICE,NON-LIQUID,151.93,
2026-06-12T17:45:00+08:00,COLLIE_BESS2,110.0,156.83,7,4c415e64-7d78-4b3e-a795-e542bc2b8bed,IN-SERVICE,NON-LIQUID,158.85,
2026-06-12T17:45:00+08:00,COLLIE_BESS2,40.0,250.0,8,4c415e64-7d78-4b3e-a795-e542bc2b8bed,IN-SERVICE,NON-LIQUID,253.22,
2026-06-12T17:45:00+08:00,COLLIE_BESS2,0.0,622.0,9,4c415e64-7d78-4b3e-a795-e542bc2b8bed,IN-SERVICE,NON-LIQUID,630.0,
2026-06-12T17:45:00+08:00,COLLIE_BESS2,0.0,1678.41,10,4c415e64-7d78-4b3e-a795-e542bc2b8bed,IN-SERVICE,NON-LIQUID,1700.0,
2026-06-12T17:45:00+08:00,COLLIE_ESR4,-250.0,136.18,1,f90d81d7-9b90-41ca-8431-92e17f26c393,IN-SERVICE,NOT APPLICABLE,137.93,0.0
2026-06-12T17:45:00+08:00,COLLIE_ESR4,250.0,151.54,2,f90d81d7-9b90-41ca-8431-92e17f26c393,IN-SERVICE,NOT APPLICABLE,153.49,0.0
2026-06-12T17:45:00+08:00,COLLIE_ESR5,-250.0,142.44,1,1836e903-d492-4c8a-a7e0-ff8d9995d7b9,IN-SERVICE,NOT APPLICABLE,144.27,0.0
2026-06-12T17:45:00+08:00,COLLIE_ESR5,250.0,151.42,2,1836e903-d492-4c8a-a7e0-ff8d9995d7b9,IN-SERVICE,NOT APPLICABLE,153.37,0.0
2026-06-12T17:50:00+08:00,KWINANA_ESR1,-100.0,144.06,1,af2109f0-8afe-413c-9fba-37b56e26656a,IN-SERVICE,NOT APPLICABLE,144.52,0.0
2026-06-12T17:50:00+08:00,KWINANA_ESR1,100.0,158.82,2,af2109f0-8afe-413c-9fba-37b56e26656a,IN-SERVICE,NOT APPLICABLE,159.33,0.0
2026-06-12T17:50:00+08:00,COLLIE_ESR1,0.0,-987.3,1,552b5ac0-9a6f-464c-bc07-47bc496b322f,IN-SERVICE,NON-LIQUID,-1000.0,
2026-06-12T17:50:00+08:00,COLLIE_ESR1,-100.0,-42.46,2,552b5ac0-9a6f-464c-bc07-47bc496b322f,IN-SERVICE,NON-LIQUID,-43.01,
2026-06-12T17:50:00+08:00,COLLIE_ESR1,-100.0,-10.0,3,552b5ac0-9a6f-464c-bc07-47bc496b322f,IN-SERVICE,NON-LIQUID,-10.13,
2026-06-12T17:50:00+08:00,COLLIE_ESR1,0.0,34.02,4,552b5ac0-9a6f-464c-bc07-47bc496b322f,IN-SERVICE,NON-LIQUID,34.46,
2026-06-12T17:50:00+08:00,COLLIE_ESR1,0.0,60.0,5,552b5ac0-9a6f-464c-bc07-47bc496b322f,IN-SERVICE,NON-LIQUID,60.77,
2026-06-12T17:50:00+08:00,COLLIE_ESR1,100.0,150.0,6,552b5ac0-9a6f-464c-bc07-47bc496b322f,IN-SERVICE,NON-LIQUID,151.93,
2026-06-12T17:50:00+08:00,COLLIE_ESR1,100.0,156.83,7,552b5ac0-9a6f-464c-bc07-47bc496b322f,IN-SERVICE,NON-LIQUID,158.85,
2026-06-12T17:50:00+08:00,COLLIE_ESR1,0.0,400.0,8,552b5ac0-9a6f-464c-bc07-47bc496b322f,IN-SERVICE,NON-LIQUID,405.15,
2026-06-12T17:50:00+08:00,COLLIE_ESR1,0.0,622.0,9,552b5ac0-9a6f-464c-bc07-47bc496b322f,IN-SERVICE,NON-LIQUID,630.0,
2026-06-12T17:50:00+08:00,COLLIE_ESR1,0.0,1678.41,10,552b5ac0-9a6f-464c-bc07-47bc496b322f,IN-SERVICE,NON-LIQUID,1700.0,
2026-06-12T17:50:00+08:00,KWINANA_ESR2,-225.0,143.87,1,8f905025-fbba-4396-98b9-6243eb11b063,IN-SERVICE,NOT APPLICABLE,144.19,0.0
2026-06-12T17:50:00+08:00,KWINANA_ESR2,225.0,159.32,2,8f905025-fbba-4396-98b9-6243eb11b063,IN-SERVICE,NOT APPLICABLE,159.67,0.0
2026-06-12T17:50:00+08:00,COLLIE_BESS2,0.0,-987.3,1,ca161202-2e25-461d-94c1-f07160b3e9b1,IN-SERVICE,NON-LIQUID,-1000.0,
2026-06-12T17:50:00+08:00,COLLIE_BESS2,-150.0,-42.46,2,ca161202-2e25-461d-94c1-f07160b3e9b1,IN-SERVICE,NON-LIQUID,-43.01,
2026-06-12T17:50:00+08:00,COLLIE_BESS2,-150.0,-10.0,3,ca161202-2e25-461d-94c1-f07160b3e9b1,IN-SERVICE,NON-LIQUID,-10.13,
2026-06-12T17:50:00+08:00,COLLIE_BESS2,0.0,34.02,4,ca161202-2e25-461d-94c1-f07160b3e9b1,IN-SERVICE,NON-LIQUID,34.46,
2026-06-12T17:50:00+08:00,COLLIE_BESS2,0.0,60.0,5,ca161202-2e25-461d-94c1-f07160b3e9b1,IN-SERVICE,NON-LIQUID,60.77,
2026-06-12T17:50:00+08:00,COLLIE_BESS2,150.0,150.0,6,ca161202-2e25-461d-94c1-f07160b3e9b1,IN-SERVICE,NON-LIQUID,151.93,
2026-06-12T17:50:00+08:00,COLLIE_BESS2,110.0,156.83,7,ca161202-2e25-461d-94c1-f07160b3e9b1,IN-SERVICE,NON-LIQUID,158.85,
2026-06-12T17:50:00+08:00,COLLIE_BESS2,40.0,250.0,8,ca161202-2e25-461d-94c1-f07160b3e9b1,IN-SERVICE,NON-LIQUID,253.22,
2026-06-12T17:50:00+08:00,COLLIE_BESS2,0.0,622.0,9,ca161202-2e25-461d-94c1-f07160b3e9b1,IN-SERVICE,NON-LIQUID,630.0,
2026-06-12T17:50:00+08:00,COLLIE_BESS2,0.0,1678.41,10,ca161202-2e25-461d-94c1-f07160b3e9b1,IN-SERVICE,NON-LIQUID,1700.0,
2026-06-12T17:50:00+08:00,COLLIE_ESR4,-250.0,142.32,1,f90d81d7-9b90-41ca-8431-92e17f26c393,IN-SERVICE,NOT APPLICABLE,144.15,0.0
2026-06-12T17:50:00+08:00,COLLIE_ESR4,250.0,157.68,2,f90d81d7-9b90-41ca-8431-92e17f26c393,IN-SERVICE,NOT APPLICABLE,159.71,0.0
2026-06-12T17:50:00+08:00,COLLIE_ESR5,-250.0,142.44,1,1836e903-d492-4c8a-a7e0-ff8d9995d7b9,IN-SERVICE,NOT APPLICABLE,144.27,0.0
2026-06-12T17:50:00+08:00,COLLIE_ESR5,250.0,157.56,2,1836e903-d492-4c8a-a7e0-ff8d9995d7b9,IN-SERVICE,NOT APPLICABLE,159.59,0.0
2026-06-12T17:55:00+08:00,KWINANA_ESR1,-100.0,151.7,1,ef2ed18a-7a03-4b9a-b51b-760fea1bad14,IN-SERVICE,NOT APPLICABLE,152.19,0.0
2026-06-12T17:55:00+08:00,KWINANA_ESR1,100.0,166.46,2,ef2ed18a-7a03-4b9a-b51b-760fea1bad14,IN-SERVICE,NOT APPLICABLE,166.99,0.0
2026-06-12T17:55:00+08:00,COLLIE_ESR1,0.0,-987.3,1,32c129e0-dc8a-4153-9cb3-6f6f7e8a1c4f,IN-SERVICE,NON-LIQUID,-1000.0,
2026-06-12T17:55:00+08:00,COLLIE_ESR1,-28.0,-42.46,2,32c129e0-dc8a-4153-9cb3-6f6f7e8a1c4f,IN-SERVICE,NON-LIQUID,-43.01,
2026-06-12T17:55:00+08:00,COLLIE_ESR1,-29.0,-10.0,3,32c129e0-dc8a-4153-9cb3-6f6f7e8a1c4f,IN-SERVICE,NON-LIQUID,-10.13,
2026-06-12T17:55:00+08:00,COLLIE_ESR1,0.0,34.02,4,32c129e0-dc8a-4153-9cb3-6f6f7e8a1c4f,IN-SERVICE,NON-LIQUID,34.46,
2026-06-12T17:55:00+08:00,COLLIE_ESR1,0.0,60.0,5,32c129e0-dc8a-4153-9cb3-6f6f7e8a1c4f,IN-SERVICE,NON-LIQUID,60.77,
2026-06-12T17:55:00+08:00,COLLIE_ESR1,-143.0,164.58,6,32c129e0-dc8a-4153-9cb3-6f6f7e8a1c4f,IN-SERVICE,NON-LIQUID,166.7,
2026-06-12T17:55:00+08:00,COLLIE_ESR1,200.0,250.0,7,32c129e0-dc8a-4153-9cb3-6f6f7e8a1c4f,IN-SERVICE,NON-LIQUID,253.22,
2026-06-12T17:55:00+08:00,COLLIE_ESR1,0.0,400.0,8,32c129e0-dc8a-4153-9cb3-6f6f7e8a1c4f,IN-SERVICE,NON-LIQUID,405.15,
2026-06-12T17:55:00+08:00,COLLIE_ESR1,0.0,622.0,9,32c129e0-dc8a-4153-9cb3-6f6f7e8a1c4f,IN-SERVICE,NON-LIQUID,630.0,
2026-06-12T17:55:00+08:00,COLLIE_ESR1,0.0,1678.41,10,32c129e0-dc8a-4153-9cb3-6f6f7e8a1c4f,IN-SERVICE,NON-LIQUID,1700.0,
2026-06-12T17:55:00+08:00,KWINANA_ESR2,-225.0,143.87,1,7c70a5a9-450b-4803-ab2e-832538f053a5,IN-SERVICE,NOT APPLICABLE,144.19,0.0
2026-06-12T17:55:00+08:00,KWINANA_ESR2,225.0,166.96,2,7c70a5a9-450b-4803-ab2e-832538f053a5,IN-SERVICE,NOT APPLICABLE,167.33,0.0
2026-06-12T17:55:00+08:00,COLLIE_BESS2,0.0,-987.3,1,1fff7e4a-90ce-4713-9ad6-b7274a4be4cf,IN-SERVICE,NON-LIQUID,-1000.0,
2026-06-12T17:55:00+08:00,COLLIE_BESS2,-51.0,-42.46,2,1fff7e4a-90ce-4713-9ad6-b7274a4be4cf,IN-SERVICE,NON-LIQUID,-43.01,
2026-06-12T17:55:00+08:00,COLLIE_BESS2,-52.0,-10.0,3,1fff7e4a-90ce-4713-9ad6-b7274a4be4cf,IN-SERVICE,NON-LIQUID,-10.13,
2026-06-12T17:55:00+08:00,COLLIE_BESS2,0.0,34.02,4,1fff7e4a-90ce-4713-9ad6-b7274a4be4cf,IN-SERVICE,NON-LIQUID,34.46,
2026-06-12T17:55:00+08:00,COLLIE_BESS2,0.0,60.0,5,1fff7e4a-90ce-4713-9ad6-b7274a4be4cf,IN-SERVICE,NON-LIQUID,60.77,
2026-06-12T17:55:00+08:00,COLLIE_BESS2,-197.0,164.58,6,1fff7e4a-90ce-4713-9ad6-b7274a4be4cf,IN-SERVICE,NON-LIQUID,166.7,
2026-06-12T17:55:00+08:00,COLLIE_BESS2,300.0,250.0,7,1fff7e4a-90ce-4713-9ad6-b7274a4be4cf,IN-SERVICE,NON-LIQUID,253.22,
2026-06-12T17:55:00+08:00,COLLIE_BESS2,0.0,385.51,8,1fff7e4a-90ce-4713-9ad6-b7274a4be4cf,IN-SERVICE,NON-LIQUID,390.47,
2026-06-12T17:55:00+08:00,COLLIE_BESS2,0.0,622.0,9,1fff7e4a-90ce-4713-9ad6-b7274a4be4cf,IN-SERVICE,NON-LIQUID,630.0,
2026-06-12T17:55:00+08:00,COLLIE_BESS2,0.0,1678.41,10,1fff7e4a-90ce-4713-9ad6-b7274a4be4cf,IN-SERVICE,NON-LIQUID,1700.0,
2026-06-12T17:55:00+08:00,COLLIE_ESR4,-250.0,142.32,1,075404e2-8c0d-476d-b7ed-a9dbb433b4b6,IN-SERVICE,NOT APPLICABLE,144.15,0.0
2026-06-12T17:55:00+08:00,COLLIE_ESR4,250.0,165.24,2,075404e2-8c0d-476d-b7ed-a9dbb433b4b6,IN-SERVICE,NOT APPLICABLE,167.37,0.0
2026-06-12T17:55:00+08:00,COLLIE_ESR5,-250.0,142.44,1,20223869-4bee-47c9-9a05-4cfd8091176a,IN-SERVICE,NOT APPLICABLE,144.27,0.0
2026-06-12T17:55:00+08:00,COLLIE_ESR5,250.0,165.12,2,20223869-4bee-47c9-9a05-4cfd8091176a,IN-SERVICE,NOT APPLICABLE,167.24,0.0
2026-06-12T18:00:00+08:00,KWINANA_ESR1,-100.0,151.78,1,ef2ed18a-7a03-4b9a-b51b-760fea1bad14,IN-SERVICE,NOT APPLICABLE,152.27,0.0
2026-06-12T18:00:00+08:00,KWINANA_ESR1,100.0,166.46,2,ef2ed18a-7a03-4b9a-b51b-760fea1bad14,IN-SERVICE,NOT APPLICABLE,166.99,0.0
2026-06-12T18:00:00+08:00,COLLIE_ESR1,0.0,-987.3,1,5d1efc45-546c-4503-8871-e4328e8fa3c7,IN-SERVICE,NON-LIQUID,-1000.0,
2026-06-12T18:00:00+08:00,COLLIE_ESR1,-28.0,-42.46,2,5d1efc45-546c-4503-8871-e4328e8fa3c7,IN-SERVICE,NON-LIQUID,-43.01,
2026-06-12T18:00:00+08:00,COLLIE_ESR1,-29.0,-10.0,3,5d1efc45-546c-4503-8871-e4328e8fa3c7,IN-SERVICE,NON-LIQUID,-10.13,
2026-06-12T18:00:00+08:00,COLLIE_ESR1,0.0,34.02,4,5d1efc45-546c-4503-8871-e4328e8fa3c7,IN-SERVICE,NON-LIQUID,34.46,
2026-06-12T18:00:00+08:00,COLLIE_ESR1,0.0,60.0,5,5d1efc45-546c-4503-8871-e4328e8fa3c7,IN-SERVICE,NON-LIQUID,60.77,
2026-06-12T18:00:00+08:00,COLLIE_ESR1,-143.0,161.36,6,5d1efc45-546c-4503-8871-e4328e8fa3c7,IN-SERVICE,NON-LIQUID,163.44,
2026-06-12T18:00:00+08:00,COLLIE_ESR1,200.0,250.0,7,5d1efc45-546c-4503-8871-e4328e8fa3c7,IN-SERVICE,NON-LIQUID,253.22,
2026-06-12T18:00:00+08:00,COLLIE_ESR1,0.0,400.0,8,5d1efc45-546c-4503-8871-e4328e8fa3c7,IN-SERVICE,NON-LIQUID,405.15,
2026-06-12T18:00:00+08:00,COLLIE_ESR1,0.0,622.0,9,5d1efc45-546c-4503-8871-e4328e8fa3c7,IN-SERVICE,NON-LIQUID,630.0,
2026-06-12T18:00:00+08:00,COLLIE_ESR1,0.0,1678.41,10,5d1efc45-546c-4503-8871-e4328e8fa3c7,IN-SERVICE,NON-LIQUID,1700.0,
2026-06-12T18:00:00+08:00,KWINANA_ESR2,-225.0,143.87,1,7c70a5a9-450b-4803-ab2e-832538f053a5,IN-SERVICE,NOT APPLICABLE,144.19,0.0
2026-06-12T18:00:00+08:00,KWINANA_ESR2,225.0,166.96,2,7c70a5a9-450b-4803-ab2e-832538f053a5,IN-SERVICE,NOT APPLICABLE,167.33,0.0
2026-06-12T18:00:00+08:00,COLLIE_BESS2,0.0,-987.3,1,6111a26b-a0c3-4c73-8c1a-bde620050203,IN-SERVICE,NON-LIQUID,-1000.0,
2026-06-12T18:00:00+08:00,COLLIE_BESS2,-51.0,-42.46,2,6111a26b-a0c3-4c73-8c1a-bde620050203,IN-SERVICE,NON-LIQUID,-43.01,
2026-06-12T18:00:00+08:00,COLLIE_BESS2,-52.0,-10.0,3,6111a26b-a0c3-4c73-8c1a-bde620050203,IN-SERVICE,NON-LIQUID,-10.13,
2026-06-12T18:00:00+08:00,COLLIE_BESS2,0.0,34.02,4,6111a26b-a0c3-4c73-8c1a-bde620050203,IN-SERVICE,NON-LIQUID,34.46,
2026-06-12T18:00:00+08:00,COLLIE_BESS2,0.0,60.0,5,6111a26b-a0c3-4c73-8c1a-bde620050203,IN-SERVICE,NON-LIQUID,60.77,
2026-06-12T18:00:00+08:00,COLLIE_BESS2,-197.0,161.36,6,6111a26b-a0c3-4c73-8c1a-bde620050203,IN-SERVICE,NON-LIQUID,163.44,
2026-06-12T18:00:00+08:00,COLLIE_BESS2,300.0,250.0,7,6111a26b-a0c3-4c73-8c1a-bde620050203,IN-SERVICE,NON-LIQUID,253.22,
2026-06-12T18:00:00+08:00,COLLIE_BESS2,0.0,385.51,8,6111a26b-a0c3-4c73-8c1a-bde620050203,IN-SERVICE,NON-LIQUID,390.47,
2026-06-12T18:00:00+08:00,COLLIE_BESS2,0.0,622.0,9,6111a26b-a0c3-4c73-8c1a-bde620050203,IN-SERVICE,NON-LIQUID,630.0,
2026-06-12T18:00:00+08:00,COLLIE_BESS2,0.0,1678.41,10,6111a26b-a0c3-4c73-8c1a-bde620050203,IN-SERVICE,NON-LIQUID,1700.0,
2026-06-12T18:00:00+08:00,COLLIE_ESR4,-250.0,142.32,1,075404e2-8c0d-476d-b7ed-a9dbb433b4b6,IN-SERVICE,NOT APPLICABLE,144.15,0.0
2026-06-12T18:00:00+08:00,COLLIE_ESR4,250.0,165.24,2,075404e2-8c0d-476d-b7ed-a9dbb433b4b6,IN-SERVICE,NOT APPLICABLE,167.37,0.0
2026-06-12T18:00:00+08:00,COLLIE_ESR5,-250.0,142.44,1,20223869-4bee-47c9-9a05-4cfd8091176a,IN-SERVICE,NOT APPLICABLE,144.27,0.0
2026-06-12T18:00:00+08:00,COLLIE_ESR5,250.0,165.12,2,20223869-4bee-47c9-9a05-4cfd8091176a,IN-SERVICE,NOT APPLICABLE,167.24,0.0
2026-06-12T18:05:00+08:00,KWINANA_ESR1,-100.0,151.78,1,ef2ed18a-7a03-4b9a-b51b-760fea1bad14,IN-SERVICE,NOT APPLICABLE,152.27,0.0
2026-06-12T18:05:00+08:00,KWINANA_ESR1,100.0,166.54,2,ef2ed18a-7a03-4b9a-b51b-760fea1bad14,IN-SERVICE,NOT APPLICABLE,167.07,0.0
2026-06-12T18:05:00+08:00,COLLIE_ESR1,0.0,-987.3,1,581c95ec-b30c-4745-b0c5-97709255cf1a,IN-SERVICE,NON-LIQUID,-1000.0,
2026-06-12T18:05:00+08:00,COLLIE_ESR1,-100.0,-42.46,2,581c95ec-b30c-4745-b0c5-97709255cf1a,IN-SERVICE,NON-LIQUID,-43.01,
2026-06-12T18:05:00+08:00,COLLIE_ESR1,-100.0,-10.0,3,581c95ec-b30c-4745-b0c5-97709255cf1a,IN-SERVICE,NON-LIQUID,-10.13,
2026-06-12T18:05:00+08:00,COLLIE_ESR1,0.0,34.02,4,581c95ec-b30c-4745-b0c5-97709255cf1a,IN-SERVICE,NON-LIQUID,34.46,
2026-06-12T18:05:00+08:00,COLLIE_ESR1,0.0,60.0,5,581c95ec-b30c-4745-b0c5-97709255cf1a,IN-SERVICE,NON-LIQUID,60.77,
2026-06-12T18:05:00+08:00,COLLIE_ESR1,100.0,150.0,6,581c95ec-b30c-4745-b0c5-97709255cf1a,IN-SERVICE,NON-LIQUID,151.93,
2026-06-12T18:05:00+08:00,COLLIE_ESR1,100.0,250.0,7,581c95ec-b30c-4745-b0c5-97709255cf1a,IN-SERVICE,NON-LIQUID,253.22,
2026-06-12T18:05:00+08:00,COLLIE_ESR1,0.0,400.0,8,581c95ec-b30c-4745-b0c5-97709255cf1a,IN-SERVICE,NON-LIQUID,405.15,
2026-06-12T18:05:00+08:00,COLLIE_ESR1,0.0,622.0,9,581c95ec-b30c-4745-b0c5-97709255cf1a,IN-SERVICE,NON-LIQUID,630.0,
2026-06-12T18:05:00+08:00,COLLIE_ESR1,0.0,1678.41,10,581c95ec-b30c-4745-b0c5-97709255cf1a,IN-SERVICE,NON-LIQUID,1700.0,
2026-06-12T18:05:00+08:00,KWINANA_ESR2,-225.0,143.87,1,7c70a5a9-450b-4803-ab2e-832538f053a5,IN-SERVICE,NOT APPLICABLE,144.19,0.0
2026-06-12T18:05:00+08:00,KWINANA_ESR2,225.0,166.96,2,7c70a5a9-450b-4803-ab2e-832538f053a5,IN-SERVICE,NOT APPLICABLE,167.33,0.0
2026-06-12T18:05:00+08:00,COLLIE_BESS2,0.0,-987.3,1,98f49b64-8ec6-4162-a4e9-c12be949a60a,IN-SERVICE,NON-LIQUID,-1000.0,
2026-06-12T18:05:00+08:00,COLLIE_BESS2,-150.0,-42.46,2,98f49b64-8ec6-4162-a4e9-c12be949a60a,IN-SERVICE,NON-LIQUID,-43.01,
2026-06-12T18:05:00+08:00,COLLIE_BESS2,-150.0,-10.0,3,98f49b64-8ec6-4162-a4e9-c12be949a60a,IN-SERVICE,NON-LIQUID,-10.13,
2026-06-12T18:05:00+08:00,COLLIE_BESS2,0.0,34.02,4,98f49b64-8ec6-4162-a4e9-c12be949a60a,IN-SERVICE,NON-LIQUID,34.46,
2026-06-12T18:05:00+08:00,COLLIE_BESS2,0.0,60.0,5,98f49b64-8ec6-4162-a4e9-c12be949a60a,IN-SERVICE,NON-LIQUID,60.77,
2026-06-12T18:05:00+08:00,COLLIE_BESS2,150.0,150.0,6,98f49b64-8ec6-4162-a4e9-c12be949a60a,IN-SERVICE,NON-LIQUID,151.93,
2026-06-12T18:05:00+08:00,COLLIE_BESS2,150.0,250.0,7,98f49b64-8ec6-4162-a4e9-c12be949a60a,IN-SERVICE,NON-LIQUID,253.22,
2026-06-12T18:05:00+08:00,COLLIE_BESS2,0.0,385.51,8,98f49b64-8ec6-4162-a4e9-c12be949a60a,IN-SERVICE,NON-LIQUID,390.47,
2026-06-12T18:05:00+08:00,COLLIE_BESS2,0.0,622.0,9,98f49b64-8ec6-4162-a4e9-c12be949a60a,IN-SERVICE,NON-LIQUID,630.0,
2026-06-12T18:05:00+08:00,COLLIE_BESS2,0.0,1678.41,10,98f49b64-8ec6-4162-a4e9-c12be949a60a,IN-SERVICE,NON-LIQUID,1700.0,
2026-06-12T18:05:00+08:00,COLLIE_ESR4,-250.0,142.32,1,075404e2-8c0d-476d-b7ed-a9dbb433b4b6,IN-SERVICE,NOT APPLICABLE,144.15,0.0
2026-06-12T18:05:00+08:00,COLLIE_ESR4,250.0,165.24,2,075404e2-8c0d-476d-b7ed-a9dbb433b4b6,IN-SERVICE,NOT APPLICABLE,167.37,0.0
2026-06-12T18:05:00+08:00,COLLIE_ESR5,-250.0,142.44,1,20223869-4bee-47c9-9a05-4cfd8091176a,IN-SERVICE,NOT APPLICABLE,144.27,0.0
2026-06-12T18:05:00+08:00,COLLIE_ESR5,250.0,165.12,2,20223869-4bee-47c9-9a05-4cfd8091176a,IN-SERVICE,NOT APPLICABLE,167.24,0.0
2026-06-12T18:10:00+08:00,KWINANA_ESR1,-100.0,151.82,1,4350b8e3-f21e-43e9-b835-ff539d5293b2,IN-SERVICE,NOT APPLICABLE,152.31,0.0
2026-06-12T18:10:00+08:00,KWINANA_ESR1,100.0,166.58,2,4350b8e3-f21e-43e9-b835-ff539d5293b2,IN-SERVICE,NOT APPLICABLE,167.11,0.0
2026-06-12T18:10:00+08:00,COLLIE_ESR1,0.0,-987.3,1,61d7b070-72a1-4f8b-8682-93a3f090abe0,IN-SERVICE,NON-LIQUID,-1000.0,
2026-06-12T18:10:00+08:00,COLLIE_ESR1,-100.0,-42.46,2,61d7b070-72a1-4f8b-8682-93a3f090abe0,IN-SERVICE,NON-LIQUID,-43.01,
2026-06-12T18:10:00+08:00,COLLIE_ESR1,-100.0,-10.0,3,61d7b070-72a1-4f8b-8682-93a3f090abe0,IN-SERVICE,NON-LIQUID,-10.13,
2026-06-12T18:10:00+08:00,COLLIE_ESR1,0.0,60.0,4,61d7b070-72a1-4f8b-8682-93a3f090abe0,IN-SERVICE,NON-LIQUID,60.77,
2026-06-12T18:10:00+08:00,COLLIE_ESR1,58.0,150.0,5,61d7b070-72a1-4f8b-8682-93a3f090abe0,IN-SERVICE,NON-LIQUID,151.93,
2026-06-12T18:10:00+08:00,COLLIE_ESR1,42.0,156.83,6,61d7b070-72a1-4f8b-8682-93a3f090abe0,IN-SERVICE,NON-LIQUID,158.85,
2026-06-12T18:10:00+08:00,COLLIE_ESR1,42.0,163.34,7,61d7b070-72a1-4f8b-8682-93a3f090abe0,IN-SERVICE,NON-LIQUID,165.44,
2026-06-12T18:10:00+08:00,COLLIE_ESR1,58.0,250.0,8,61d7b070-72a1-4f8b-8682-93a3f090abe0,IN-SERVICE,NON-LIQUID,253.22,
2026-06-12T18:10:00+08:00,COLLIE_ESR1,0.0,622.0,9,61d7b070-72a1-4f8b-8682-93a3f090abe0,IN-SERVICE,NON-LIQUID,630.0,
2026-06-12T18:10:00+08:00,COLLIE_ESR1,0.0,1678.41,10,61d7b070-72a1-4f8b-8682-93a3f090abe0,IN-SERVICE,NON-LIQUID,1700.0,
2026-06-12T18:10:00+08:00,KWINANA_ESR2,-225.0,155.36,1,faadde39-dd36-464b-aee1-3a69cb1b81c9,IN-SERVICE,NOT APPLICABLE,155.7,0.0
2026-06-12T18:10:00+08:00,KWINANA_ESR2,225.0,378.07,2,faadde39-dd36-464b-aee1-3a69cb1b81c9,IN-SERVICE,NOT APPLICABLE,378.9,0.0
2026-06-12T18:10:00+08:00,COLLIE_BESS2,0.0,-987.3,1,46113e01-5f51-4de1-93a9-b8a9fd77b3d0,IN-SERVICE,NON-LIQUID,-1000.0,
2026-06-12T18:10:00+08:00,COLLIE_BESS2,-150.0,-42.46,2,46113e01-5f51-4de1-93a9-b8a9fd77b3d0,IN-SERVICE,NON-LIQUID,-43.01,
2026-06-12T18:10:00+08:00,COLLIE_BESS2,-150.0,-10.0,3,46113e01-5f51-4de1-93a9-b8a9fd77b3d0,IN-SERVICE,NON-LIQUID,-10.13,
2026-06-12T18:10:00+08:00,COLLIE_BESS2,0.0,34.02,4,46113e01-5f51-4de1-93a9-b8a9fd77b3d0,IN-SERVICE,NON-LIQUID,34.46,
2026-06-12T18:10:00+08:00,COLLIE_BESS2,0.0,60.0,5,46113e01-5f51-4de1-93a9-b8a9fd77b3d0,IN-SERVICE,NON-LIQUID,60.77,
2026-06-12T18:10:00+08:00,COLLIE_BESS2,150.0,150.0,6,46113e01-5f51-4de1-93a9-b8a9fd77b3d0,IN-SERVICE,NON-LIQUID,151.93,
2026-06-12T18:10:00+08:00,COLLIE_BESS2,150.0,250.0,7,46113e01-5f51-4de1-93a9-b8a9fd77b3d0,IN-SERVICE,NON-LIQUID,253.22,
2026-06-12T18:10:00+08:00,COLLIE_BESS2,0.0,385.51,8,46113e01-5f51-4de1-93a9-b8a9fd77b3d0,IN-SERVICE,NON-LIQUID,390.47,
2026-06-12T18:10:00+08:00,COLLIE_BESS2,0.0,622.0,9,46113e01-5f51-4de1-93a9-b8a9fd77b3d0,IN-SERVICE,NON-LIQUID,630.0,
2026-06-12T18:10:00+08:00,COLLIE_BESS2,0.0,1678.41,10,46113e01-5f51-4de1-93a9-b8a9fd77b3d0,IN-SERVICE,NON-LIQUID,1700.0,
2026-06-12T18:10:00+08:00,COLLIE_ESR4,-250.0,150.0,1,27994f4c-a441-45a9-8570-3896e1d071de,IN-SERVICE,NOT APPLICABLE,151.93,0.0
2026-06-12T18:10:00+08:00,COLLIE_ESR4,250.0,175.22,2,27994f4c-a441-45a9-8570-3896e1d071de,IN-SERVICE,NOT APPLICABLE,177.47,0.0
2026-06-12T18:10:00+08:00,COLLIE_ESR5,-250.0,153.8,1,d4888b01-f7bc-4fd7-b8b1-a05db66b181e,IN-SERVICE,NOT APPLICABLE,155.78,0.0
2026-06-12T18:10:00+08:00,COLLIE_ESR5,250.0,374.02,2,d4888b01-f7bc-4fd7-b8b1-a05db66b181e,IN-SERVICE,NOT APPLICABLE,378.83,0.0
2026-06-12T18:15:00+08:00,KWINANA_ESR1,-100.0,151.82,1,4350b8e3-f21e-43e9-b835-ff539d5293b2,IN-SERVICE,NOT APPLICABLE,152.31,0.0
2026-06-12T18:15:00+08:00,KWINANA_ESR1,100.0,166.58,2,4350b8e3-f21e-43e9-b835-ff539d5293b2,IN-SERVICE,NOT APPLICABLE,167.11,0.0
2026-06-12T18:15:00+08:00,COLLIE_ESR1,0.0,-987.3,1,2be4369a-5c10-4c57-8163-e7888915a755,IN-SERVICE,NON-LIQUID,-1000.0,
2026-06-12T18:15:00+08:00,COLLIE_ESR1,-100.0,-42.46,2,2be4369a-5c10-4c57-8163-e7888915a755,IN-SERVICE,NON-LIQUID,-43.01,
2026-06-12T18:15:00+08:00,COLLIE_ESR1,-100.0,-10.0,3,2be4369a-5c10-4c57-8163-e7888915a755,IN-SERVICE,NON-LIQUID,-10.13,
2026-06-12T18:15:00+08:00,COLLIE_ESR1,0.0,34.02,4,2be4369a-5c10-4c57-8163-e7888915a755,IN-SERVICE,NON-LIQUID,34.46,
2026-06-12T18:15:00+08:00,COLLIE_ESR1,0.0,60.0,5,2be4369a-5c10-4c57-8163-e7888915a755,IN-SERVICE,NON-LIQUID,60.77,
2026-06-12T18:15:00+08:00,COLLIE_ESR1,100.0,150.0,6,2be4369a-5c10-4c57-8163-e7888915a755,IN-SERVICE,NON-LIQUID,151.93,
2026-06-12T18:15:00+08:00,COLLIE_ESR1,100.0,250.0,7,2be4369a-5c10-4c57-8163-e7888915a755,IN-SERVICE,NON-LIQUID,253.22,
2026-06-12T18:15:00+08:00,COLLIE_ESR1,0.0,400.0,8,2be4369a-5c10-4c57-8163-e7888915a755,IN-SERVICE,NON-LIQUID,405.15,
2026-06-12T18:15:00+08:00,COLLIE_ESR1,0.0,622.0,9,2be4369a-5c10-4c57-8163-e7888915a755,IN-SERVICE,NON-LIQUID,630.0,
2026-06-12T18:15:00+08:00,COLLIE_ESR1,0.0,1678.41,10,2be4369a-5c10-4c57-8163-e7888915a755,IN-SERVICE,NON-LIQUID,1700.0,
2026-06-12T18:15:00+08:00,KWINANA_ESR2,-225.0,151.64,1,faadde39-dd36-464b-aee1-3a69cb1b81c9,IN-SERVICE,NOT APPLICABLE,151.97,0.0
2026-06-12T18:15:00+08:00,KWINANA_ESR2,225.0,378.07,2,faadde39-dd36-464b-aee1-3a69cb1b81c9,IN-SERVICE,NOT APPLICABLE,378.9,0.0
2026-06-12T18:15:00+08:00,COLLIE_BESS2,0.0,-987.3,1,d40f7e3c-951b-4033-8920-610689e7d826,IN-SERVICE,NON-LIQUID,-1000.0,
2026-06-12T18:15:00+08:00,COLLIE_BESS2,-150.0,-42.46,2,d40f7e3c-951b-4033-8920-610689e7d826,IN-SERVICE,NON-LIQUID,-43.01,
2026-06-12T18:15:00+08:00,COLLIE_BESS2,-150.0,-10.0,3,d40f7e3c-951b-4033-8920-610689e7d826,IN-SERVICE,NON-LIQUID,-10.13,
2026-06-12T18:15:00+08:00,COLLIE_BESS2,0.0,34.02,4,d40f7e3c-951b-4033-8920-610689e7d826,IN-SERVICE,NON-LIQUID,34.46,
2026-06-12T18:15:00+08:00,COLLIE_BESS2,0.0,60.0,5,d40f7e3c-951b-4033-8920-610689e7d826,IN-SERVICE,NON-LIQUID,60.77,
2026-06-12T18:15:00+08:00,COLLIE_BESS2,150.0,150.0,6,d40f7e3c-951b-4033-8920-610689e7d826,IN-SERVICE,NON-LIQUID,151.93,
2026-06-12T18:15:00+08:00,COLLIE_BESS2,150.0,250.0,7,d40f7e3c-951b-4033-8920-610689e7d826,IN-SERVICE,NON-LIQUID,253.22,
2026-06-12T18:15:00+08:00,COLLIE_BESS2,0.0,385.51,8,d40f7e3c-951b-4033-8920-610689e7d826,IN-SERVICE,NON-LIQUID,390.47,
2026-06-12T18:15:00+08:00,COLLIE_BESS2,0.0,622.0,9,d40f7e3c-951b-4033-8920-610689e7d826,IN-SERVICE,NON-LIQUID,630.0,
2026-06-12T18:15:00+08:00,COLLIE_BESS2,0.0,1678.41,10,d40f7e3c-951b-4033-8920-610689e7d826,IN-SERVICE,NON-LIQUID,1700.0,
2026-06-12T18:15:00+08:00,COLLIE_ESR4,-250.0,150.0,1,27994f4c-a441-45a9-8570-3896e1d071de,IN-SERVICE,NOT APPLICABLE,151.93,0.0
2026-06-12T18:15:00+08:00,COLLIE_ESR4,250.0,175.22,2,27994f4c-a441-45a9-8570-3896e1d071de,IN-SERVICE,NOT APPLICABLE,177.47,0.0
2026-06-12T18:15:00+08:00,COLLIE_ESR5,-250.0,153.8,1,d4888b01-f7bc-4fd7-b8b1-a05db66b181e,IN-SERVICE,NOT APPLICABLE,155.78,0.0
2026-06-12T18:15:00+08:00,COLLIE_ESR5,250.0,374.02,2,d4888b01-f7bc-4fd7-b8b1-a05db66b181e,IN-SERVICE,NOT APPLICABLE,378.83,0.0
2026-06-12T18:20:00+08:00,KWINANA_ESR1,-100.0,151.82,1,4350b8e3-f21e-43e9-b835-ff539d5293b2,IN-SERVICE,NOT APPLICABLE,152.31,0.0
2026-06-12T18:20:00+08:00,KWINANA_ESR1,100.0,166.58,2,4350b8e3-f21e-43e9-b835-ff539d5293b2,IN-SERVICE,NOT APPLICABLE,167.11,0.0
2026-06-12T18:20:00+08:00,COLLIE_ESR1,0.0,-987.3,1,8b4dcf79-ae47-42c5-bfde-5b7e6c817b2d,IN-SERVICE,NON-LIQUID,-1000.0,
2026-06-12T18:20:00+08:00,COLLIE_ESR1,-100.0,-42.46,2,8b4dcf79-ae47-42c5-bfde-5b7e6c817b2d,IN-SERVICE,NON-LIQUID,-43.01,
2026-06-12T18:20:00+08:00,COLLIE_ESR1,-100.0,-10.0,3,8b4dcf79-ae47-42c5-bfde-5b7e6c817b2d,IN-SERVICE,NON-LIQUID,-10.13,
2026-06-12T18:20:00+08:00,COLLIE_ESR1,0.0,34.02,4,8b4dcf79-ae47-42c5-bfde-5b7e6c817b2d,IN-SERVICE,NON-LIQUID,34.46,
2026-06-12T18:20:00+08:00,COLLIE_ESR1,0.0,60.0,5,8b4dcf79-ae47-42c5-bfde-5b7e6c817b2d,IN-SERVICE,NON-LIQUID,60.77,
2026-06-12T18:20:00+08:00,COLLIE_ESR1,100.0,150.0,6,8b4dcf79-ae47-42c5-bfde-5b7e6c817b2d,IN-SERVICE,NON-LIQUID,151.93,
2026-06-12T18:20:00+08:00,COLLIE_ESR1,100.0,250.0,7,8b4dcf79-ae47-42c5-bfde-5b7e6c817b2d,IN-SERVICE,NON-LIQUID,253.22,
2026-06-12T18:20:00+08:00,COLLIE_ESR1,0.0,400.0,8,8b4dcf79-ae47-42c5-bfde-5b7e6c817b2d,IN-SERVICE,NON-LIQUID,405.15,
2026-06-12T18:20:00+08:00,COLLIE_ESR1,0.0,622.0,9,8b4dcf79-ae47-42c5-bfde-5b7e6c817b2d,IN-SERVICE,NON-LIQUID,630.0,
2026-06-12T18:20:00+08:00,COLLIE_ESR1,0.0,1678.41,10,8b4dcf79-ae47-42c5-bfde-5b7e6c817b2d,IN-SERVICE,NON-LIQUID,1700.0,
2026-06-12T18:20:00+08:00,KWINANA_ESR2,-225.0,155.36,1,faadde39-dd36-464b-aee1-3a69cb1b81c9,IN-SERVICE,NOT APPLICABLE,155.7,0.0
2026-06-12T18:20:00+08:00,KWINANA_ESR2,225.0,378.07,2,faadde39-dd36-464b-aee1-3a69cb1b81c9,IN-SERVICE,NOT APPLICABLE,378.9,0.0
2026-06-12T18:20:00+08:00,COLLIE_BESS2,0.0,-987.3,1,b9cd9930-d429-4e94-967a-4ae9d395d453,IN-SERVICE,NON-LIQUID,-1000.0,
2026-06-12T18:20:00+08:00,COLLIE_BESS2,-150.0,-42.46,2,b9cd9930-d429-4e94-967a-4ae9d395d453,IN-SERVICE,NON-LIQUID,-43.01,
2026-06-12T18:20:00+08:00,COLLIE_BESS2,-150.0,-10.0,3,b9cd9930-d429-4e94-967a-4ae9d395d453,IN-SERVICE,NON-LIQUID,-10.13,
2026-06-12T18:20:00+08:00,COLLIE_BESS2,0.0,34.02,4,b9cd9930-d429-4e94-967a-4ae9d395d453,IN-SERVICE,NON-LIQUID,34.46,
2026-06-12T18:20:00+08:00,COLLIE_BESS2,0.0,60.0,5,b9cd9930-d429-4e94-967a-4ae9d395d453,IN-SERVICE,NON-LIQUID,60.77,
2026-06-12T18:20:00+08:00,COLLIE_BESS2,150.0,150.0,6,b9cd9930-d429-4e94-967a-4ae9d395d453,IN-SERVICE,NON-LIQUID,151.93,
2026-06-12T18:20:00+08:00,COLLIE_BESS2,150.0,250.0,7,b9cd9930-d429-4e94-967a-4ae9d395d453,IN-SERVICE,NON-LIQUID,253.22,
2026-06-12T18:20:00+08:00,COLLIE_BESS2,0.0,385.51,8,b9cd9930-d429-4e94-967a-4ae9d395d453,IN-SERVICE,NON-LIQUID,390.47,
2026-06-12T18:20:00+08:00,COLLIE_BESS2,0.0,622.0,9,b9cd9930-d429-4e94-967a-4ae9d395d453,IN-SERVICE,NON-LIQUID,630.0,
2026-06-12T18:20:00+08:00,COLLIE_BESS2,0.0,1678.41,10,b9cd9930-d429-4e94-967a-4ae9d395d453,IN-SERVICE,NON-LIQUID,1700.0,
2026-06-12T18:20:00+08:00,COLLIE_ESR4,-250.0,150.0,1,27994f4c-a441-45a9-8570-3896e1d071de,IN-SERVICE,NOT APPLICABLE,151.93,0.0
2026-06-12T18:20:00+08:00,COLLIE_ESR4,250.0,374.14,2,27994f4c-a441-45a9-8570-3896e1d071de,IN-SERVICE,NOT APPLICABLE,378.95,0.0
2026-06-12T18:20:00+08:00,COLLIE_ESR5,-250.0,153.8,1,d4888b01-f7bc-4fd7-b8b1-a05db66b181e,IN-SERVICE,NOT APPLICABLE,155.78,0.0
2026-06-12T18:20:00+08:00,COLLIE_ESR5,250.0,374.02,2,d4888b01-f7bc-4fd7-b8b1-a05db66b181e,IN-SERVICE,NOT APPLICABLE,378.83,0.0
2026-06-12T18:25:00+08:00,KWINANA_ESR1,-100.0,359.44,1,a2a6fd7f-4eeb-4fb9-8a79-a30a1073a71a,IN-SERVICE,NOT APPLICABLE,360.59,0.0
2026-06-12T18:25:00+08:00,KWINANA_ESR1,100.0,374.2,2,a2a6fd7f-4eeb-4fb9-8a79-a30a1073a71a,IN-SERVICE,NOT APPLICABLE,375.4,0.0
2026-06-12T18:25:00+08:00,COLLIE_ESR1,0.0,-987.3,1,c2382a18-ac05-41c3-acfc-fcf6fff703a6,IN-SERVICE,NON-LIQUID,-1000.0,
2026-06-12T18:25:00+08:00,COLLIE_ESR1,-100.0,-42.46,2,c2382a18-ac05-41c3-acfc-fcf6fff703a6,IN-SERVICE,NON-LIQUID,-43.01,
2026-06-12T18:25:00+08:00,COLLIE_ESR1,-100.0,-10.0,3,c2382a18-ac05-41c3-acfc-fcf6fff703a6,IN-SERVICE,NON-LIQUID,-10.13,
2026-06-12T18:25:00+08:00,COLLIE_ESR1,0.0,34.02,4,c2382a18-ac05-41c3-acfc-fcf6fff703a6,IN-SERVICE,NON-LIQUID,34.46,
2026-06-12T18:25:00+08:00,COLLIE_ESR1,0.0,60.0,5,c2382a18-ac05-41c3-acfc-fcf6fff703a6,IN-SERVICE,NON-LIQUID,60.77,
2026-06-12T18:25:00+08:00,COLLIE_ESR1,100.0,150.0,6,c2382a18-ac05-41c3-acfc-fcf6fff703a6,IN-SERVICE,NON-LIQUID,151.93,
2026-06-12T18:25:00+08:00,COLLIE_ESR1,100.0,250.0,7,c2382a18-ac05-41c3-acfc-fcf6fff703a6,IN-SERVICE,NON-LIQUID,253.22,
2026-06-12T18:25:00+08:00,COLLIE_ESR1,0.0,400.0,8,c2382a18-ac05-41c3-acfc-fcf6fff703a6,IN-SERVICE,NON-LIQUID,405.15,
2026-06-12T18:25:00+08:00,COLLIE_ESR1,0.0,622.0,9,c2382a18-ac05-41c3-acfc-fcf6fff703a6,IN-SERVICE,NON-LIQUID,630.0,
2026-06-12T18:25:00+08:00,COLLIE_ESR1,0.0,1678.41,10,c2382a18-ac05-41c3-acfc-fcf6fff703a6,IN-SERVICE,NON-LIQUID,1700.0,
2026-06-12T18:25:00+08:00,KWINANA_ESR2,-225.0,354.91,1,74574305-fcee-4ce9-aeda-118af8edc10c,IN-SERVICE,NOT APPLICABLE,355.69,0.0
2026-06-12T18:25:00+08:00,KWINANA_ESR2,225.0,374.91,2,74574305-fcee-4ce9-aeda-118af8edc10c,IN-SERVICE,NOT APPLICABLE,375.74,0.0
2026-06-12T18:25:00+08:00,COLLIE_BESS2,0.0,-987.3,1,9fd17960-b066-4628-902c-c6caa31549af,IN-SERVICE,NON-LIQUID,-1000.0,
2026-06-12T18:25:00+08:00,COLLIE_BESS2,-150.0,-42.46,2,9fd17960-b066-4628-902c-c6caa31549af,IN-SERVICE,NON-LIQUID,-43.01,
2026-06-12T18:25:00+08:00,COLLIE_BESS2,-150.0,-10.0,3,9fd17960-b066-4628-902c-c6caa31549af,IN-SERVICE,NON-LIQUID,-10.13,
2026-06-12T18:25:00+08:00,COLLIE_BESS2,0.0,34.02,4,9fd17960-b066-4628-902c-c6caa31549af,IN-SERVICE,NON-LIQUID,34.46,
2026-06-12T18:25:00+08:00,COLLIE_BESS2,0.0,60.0,5,9fd17960-b066-4628-902c-c6caa31549af,IN-SERVICE,NON-LIQUID,60.77,
2026-06-12T18:25:00+08:00,COLLIE_BESS2,150.0,150.0,6,9fd17960-b066-4628-902c-c6caa31549af,IN-SERVICE,NON-LIQUID,151.93,
2026-06-12T18:25:00+08:00,COLLIE_BESS2,150.0,250.0,7,9fd17960-b066-4628-902c-c6caa31549af,IN-SERVICE,NON-LIQUID,253.22,
2026-06-12T18:25:00+08:00,COLLIE_BESS2,0.0,385.51,8,9fd17960-b066-4628-902c-c6caa31549af,IN-SERVICE,NON-LIQUID,390.47,
2026-06-12T18:25:00+08:00,COLLIE_BESS2,0.0,622.0,9,9fd17960-b066-4628-902c-c6caa31549af,IN-SERVICE,NON-LIQUID,630.0,
2026-06-12T18:25:00+08:00,COLLIE_BESS2,0.0,1678.41,10,9fd17960-b066-4628-902c-c6caa31549af,IN-SERVICE,NON-LIQUID,1700.0,
2026-06-12T18:25:00+08:00,COLLIE_ESR4,-250.0,351.13,1,9fd10192-96d0-4618-b83a-862e7ec9272f,IN-SERVICE,NOT APPLICABLE,355.65,0.0
2026-06-12T18:25:00+08:00,COLLIE_ESR4,250.0,371.01,2,9fd10192-96d0-4618-b83a-862e7ec9272f,IN-SERVICE,NOT APPLICABLE,375.78,0.0
2026-06-12T18:25:00+08:00,COLLIE_ESR5,-250.0,351.25,1,d53de600-e584-429c-8ec1-137fa26766e5,IN-SERVICE,NOT APPLICABLE,355.77,0.0
2026-06-12T18:25:00+08:00,COLLIE_ESR5,250.0,370.89,2,d53de600-e584-429c-8ec1-137fa26766e5,IN-SERVICE,NOT APPLICABLE,375.66,0.0
2026-06-12T18:30:00+08:00,KWINANA_ESR1,-100.0,359.44,1,a2a6fd7f-4eeb-4fb9-8a79-a30a1073a71a,IN-SERVICE,NOT APPLICABLE,360.59,0.0
2026-06-12T18:30:00+08:00,KWINANA_ESR1,100.0,374.2,2,a2a6fd7f-4eeb-4fb9-8a79-a30a1073a71a,IN-SERVICE,NOT APPLICABLE,375.4,0.0
2026-06-12T18:30:00+08:00,COLLIE_ESR1,0.0,-987.3,1,8d709040-12fa-467f-a11d-629efbbb9ba8,IN-SERVICE,NON-LIQUID,-1000.0,
2026-06-12T18:30:00+08:00,COLLIE_ESR1,-100.0,-42.46,2,8d709040-12fa-467f-a11d-629efbbb9ba8,IN-SERVICE,NON-LIQUID,-43.01,
2026-06-12T18:30:00+08:00,COLLIE_ESR1,-100.0,-10.0,3,8d709040-12fa-467f-a11d-629efbbb9ba8,IN-SERVICE,NON-LIQUID,-10.13,
2026-06-12T18:30:00+08:00,COLLIE_ESR1,0.0,34.02,4,8d709040-12fa-467f-a11d-629efbbb9ba8,IN-SERVICE,NON-LIQUID,34.46,
2026-06-12T18:30:00+08:00,COLLIE_ESR1,0.0,60.0,5,8d709040-12fa-467f-a11d-629efbbb9ba8,IN-SERVICE,NON-LIQUID,60.77,
2026-06-12T18:30:00+08:00,COLLIE_ESR1,60.0,150.0,6,8d709040-12fa-467f-a11d-629efbbb9ba8,IN-SERVICE,NON-LIQUID,151.93,
2026-06-12T18:30:00+08:00,COLLIE_ESR1,40.0,193.37,7,8d709040-12fa-467f-a11d-629efbbb9ba8,IN-SERVICE,NON-LIQUID,195.86,
2026-06-12T18:30:00+08:00,COLLIE_ESR1,100.0,250.0,8,8d709040-12fa-467f-a11d-629efbbb9ba8,IN-SERVICE,NON-LIQUID,253.22,
2026-06-12T18:30:00+08:00,COLLIE_ESR1,0.0,622.0,9,8d709040-12fa-467f-a11d-629efbbb9ba8,IN-SERVICE,NON-LIQUID,630.0,
2026-06-12T18:30:00+08:00,COLLIE_ESR1,0.0,1678.41,10,8d709040-12fa-467f-a11d-629efbbb9ba8,IN-SERVICE,NON-LIQUID,1700.0,
2026-06-12T18:30:00+08:00,KWINANA_ESR2,-225.0,354.91,1,74574305-fcee-4ce9-aeda-118af8edc10c,IN-SERVICE,NOT APPLICABLE,355.69,0.0
2026-06-12T18:30:00+08:00,KWINANA_ESR2,225.0,374.91,2,74574305-fcee-4ce9-aeda-118af8edc10c,IN-SERVICE,NOT APPLICABLE,375.74,0.0
2026-06-12T18:30:00+08:00,COLLIE_BESS2,0.0,-987.3,1,8123a335-ef72-40f6-a7b9-47f49811a0f1,IN-SERVICE,NON-LIQUID,-1000.0,
2026-06-12T18:30:00+08:00,COLLIE_BESS2,-150.0,-42.46,2,8123a335-ef72-40f6-a7b9-47f49811a0f1,IN-SERVICE,NON-LIQUID,-43.01,
2026-06-12T18:30:00+08:00,COLLIE_BESS2,-150.0,-10.0,3,8123a335-ef72-40f6-a7b9-47f49811a0f1,IN-SERVICE,NON-LIQUID,-10.13,
2026-06-12T18:30:00+08:00,COLLIE_BESS2,0.0,34.02,4,8123a335-ef72-40f6-a7b9-47f49811a0f1,IN-SERVICE,NON-LIQUID,34.46,
2026-06-12T18:30:00+08:00,COLLIE_BESS2,0.0,60.0,5,8123a335-ef72-40f6-a7b9-47f49811a0f1,IN-SERVICE,NON-LIQUID,60.77,
2026-06-12T18:30:00+08:00,COLLIE_BESS2,150.0,150.0,6,8123a335-ef72-40f6-a7b9-47f49811a0f1,IN-SERVICE,NON-LIQUID,151.93,
2026-06-12T18:30:00+08:00,COLLIE_BESS2,150.0,250.0,7,8123a335-ef72-40f6-a7b9-47f49811a0f1,IN-SERVICE,NON-LIQUID,253.22,
2026-06-12T18:30:00+08:00,COLLIE_BESS2,0.0,385.51,8,8123a335-ef72-40f6-a7b9-47f49811a0f1,IN-SERVICE,NON-LIQUID,390.47,
2026-06-12T18:30:00+08:00,COLLIE_BESS2,0.0,622.0,9,8123a335-ef72-40f6-a7b9-47f49811a0f1,IN-SERVICE,NON-LIQUID,630.0,
2026-06-12T18:30:00+08:00,COLLIE_BESS2,0.0,1678.41,10,8123a335-ef72-40f6-a7b9-47f49811a0f1,IN-SERVICE,NON-LIQUID,1700.0,
2026-06-12T18:30:00+08:00,COLLIE_ESR4,-250.0,351.13,1,9fd10192-96d0-4618-b83a-862e7ec9272f,IN-SERVICE,NOT APPLICABLE,355.65,0.0
2026-06-12T18:30:00+08:00,COLLIE_ESR4,250.0,371.01,2,9fd10192-96d0-4618-b83a-862e7ec9272f,IN-SERVICE,NOT APPLICABLE,375.78,0.0
2026-06-12T18:30:00+08:00,COLLIE_ESR5,-250.0,351.25,1,d53de600-e584-429c-8ec1-137fa26766e5,IN-SERVICE,NOT APPLICABLE,355.77,0.0
2026-06-12T18:30:00+08:00,COLLIE_ESR5,250.0,370.89,2,d53de600-e584-429c-8ec1-137fa26766e5,IN-SERVICE,NOT APPLICABLE,375.66,0.0
2026-06-12T18:35:00+08:00,KWINANA_ESR1,-100.0,359.44,1,a2a6fd7f-4eeb-4fb9-8a79-a30a1073a71a,IN-SERVICE,NOT APPLICABLE,360.59,0.0
2026-06-12T18:35:00+08:00,KWINANA_ESR1,100.0,374.2,2,a2a6fd7f-4eeb-4fb9-8a79-a30a1073a71a,IN-SERVICE,NOT APPLICABLE,375.4,0.0
2026-06-12T18:35:00+08:00,COLLIE_ESR1,0.0,-987.3,1,e9d17207-ade6-4f8b-94d1-0d5c5b2bbb29,IN-SERVICE,NON-LIQUID,-1000.0,
2026-06-12T18:35:00+08:00,COLLIE_ESR1,-100.0,-42.46,2,e9d17207-ade6-4f8b-94d1-0d5c5b2bbb29,IN-SERVICE,NON-LIQUID,-43.01,
2026-06-12T18:35:00+08:00,COLLIE_ESR1,-100.0,-10.0,3,e9d17207-ade6-4f8b-94d1-0d5c5b2bbb29,IN-SERVICE,NON-LIQUID,-10.13,
2026-06-12T18:35:00+08:00,COLLIE_ESR1,0.0,34.02,4,e9d17207-ade6-4f8b-94d1-0d5c5b2bbb29,IN-SERVICE,NON-LIQUID,34.46,
2026-06-12T18:35:00+08:00,COLLIE_ESR1,0.0,60.0,5,e9d17207-ade6-4f8b-94d1-0d5c5b2bbb29,IN-SERVICE,NON-LIQUID,60.77,
2026-06-12T18:35:00+08:00,COLLIE_ESR1,100.0,253.12,6,e9d17207-ade6-4f8b-94d1-0d5c5b2bbb29,IN-SERVICE,NON-LIQUID,256.38,
2026-06-12T18:35:00+08:00,COLLIE_ESR1,100.0,309.93,7,e9d17207-ade6-4f8b-94d1-0d5c5b2bbb29,IN-SERVICE,NON-LIQUID,313.92,
2026-06-12T18:35:00+08:00,COLLIE_ESR1,0.0,773.45,8,e9d17207-ade6-4f8b-94d1-0d5c5b2bbb29,IN-SERVICE,NON-LIQUID,783.4,
2026-06-12T18:35:00+08:00,COLLIE_ESR1,0.0,1678.41,9,e9d17207-ade6-4f8b-94d1-0d5c5b2bbb29,IN-SERVICE,NON-LIQUID,1700.0,
2026-06-12T18:35:00+08:00,COLLIE_ESR1,0.0,1678.41,10,e9d17207-ade6-4f8b-94d1-0d5c5b2bbb29,IN-SERVICE,NON-LIQUID,1700.0,
2026-06-12T18:35:00+08:00,KWINANA_ESR2,-225.0,354.91,1,74574305-fcee-4ce9-aeda-118af8edc10c,IN-SERVICE,NOT APPLICABLE,355.69,0.0
2026-06-12T18:35:00+08:00,KWINANA_ESR2,225.0,374.91,2,74574305-fcee-4ce9-aeda-118af8edc10c,IN-SERVICE,NOT APPLICABLE,375.74,0.0
2026-06-12T18:35:00+08:00,COLLIE_BESS2,0.0,-987.3,1,fea7715b-525a-4a75-b50f-e85a170583fd,IN-SERVICE,NON-LIQUID,-1000.0,
2026-06-12T18:35:00+08:00,COLLIE_BESS2,-150.0,-42.46,2,fea7715b-525a-4a75-b50f-e85a170583fd,IN-SERVICE,NON-LIQUID,-43.01,
2026-06-12T18:35:00+08:00,COLLIE_BESS2,-150.0,-10.0,3,fea7715b-525a-4a75-b50f-e85a170583fd,IN-SERVICE,NON-LIQUID,-10.13,
2026-06-12T18:35:00+08:00,COLLIE_BESS2,0.0,60.0,4,fea7715b-525a-4a75-b50f-e85a170583fd,IN-SERVICE,NON-LIQUID,60.77,
2026-06-12T18:35:00+08:00,COLLIE_BESS2,37.0,150.0,5,fea7715b-525a-4a75-b50f-e85a170583fd,IN-SERVICE,NON-LIQUID,151.93,
2026-06-12T18:35:00+08:00,COLLIE_BESS2,38.0,250.0,6,fea7715b-525a-4a75-b50f-e85a170583fd,IN-SERVICE,NON-LIQUID,253.22,
2026-06-12T18:35:00+08:00,COLLIE_BESS2,113.0,253.12,7,fea7715b-525a-4a75-b50f-e85a170583fd,IN-SERVICE,NON-LIQUID,256.38,
2026-06-12T18:35:00+08:00,COLLIE_BESS2,112.0,309.93,8,fea7715b-525a-4a75-b50f-e85a170583fd,IN-SERVICE,NON-LIQUID,313.92,
2026-06-12T18:35:00+08:00,COLLIE_BESS2,0.0,1678.41,9,fea7715b-525a-4a75-b50f-e85a170583fd,IN-SERVICE,NON-LIQUID,1700.0,
2026-06-12T18:35:00+08:00,COLLIE_BESS2,0.0,1678.41,10,fea7715b-525a-4a75-b50f-e85a170583fd,IN-SERVICE,NON-LIQUID,1700.0,
2026-06-12T18:35:00+08:00,COLLIE_ESR4,-250.0,351.13,1,9fd10192-96d0-4618-b83a-862e7ec9272f,IN-SERVICE,NOT APPLICABLE,355.65,0.0
2026-06-12T18:35:00+08:00,COLLIE_ESR4,250.0,371.01,2,9fd10192-96d0-4618-b83a-862e7ec9272f,IN-SERVICE,NOT APPLICABLE,375.78,0.0
2026-06-12T18:35:00+08:00,COLLIE_ESR5,-250.0,351.25,1,d53de600-e584-429c-8ec1-137fa26766e5,IN-SERVICE,NOT APPLICABLE,355.77,0.0
2026-06-12T18:35:00+08:00,COLLIE_ESR5,250.0,370.89,2,d53de600-e584-429c-8ec1-137fa26766e5,IN-SERVICE,NOT APPLICABLE,375.66,0.0
2026-06-12T18:40:00+08:00,KWINANA_ESR1,-100.0,347.17,1,de355b8a-5681-4578-b584-c71d8c63e735,IN-SERVICE,NOT APPLICABLE,348.28,0.0
2026-06-12T18:40:00+08:00,KWINANA_ESR1,100.0,361.93,2,de355b8a-5681-4578-b584-c71d8c63e735,IN-SERVICE,NOT APPLICABLE,363.09,0.0
2026-06-12T18:40:00+08:00,COLLIE_ESR1,0.0,-987.3,1,15c2ade4-f79b-4910-8971-6737024b7e12,IN-SERVICE,NON-LIQUID,-1000.0,
2026-06-12T18:40:00+08:00,COLLIE_ESR1,-100.0,-42.46,2,15c2ade4-f79b-4910-8971-6737024b7e12,IN-SERVICE,NON-LIQUID,-43.01,
2026-06-12T18:40:00+08:00,COLLIE_ESR1,-100.0,-10.0,3,15c2ade4-f79b-4910-8971-6737024b7e12,IN-SERVICE,NON-LIQUID,-10.13,
2026-06-12T18:40:00+08:00,COLLIE_ESR1,0.0,34.02,4,15c2ade4-f79b-4910-8971-6737024b7e12,IN-SERVICE,NON-LIQUID,34.46,
2026-06-12T18:40:00+08:00,COLLIE_ESR1,0.0,60.0,5,15c2ade4-f79b-4910-8971-6737024b7e12,IN-SERVICE,NON-LIQUID,60.77,
2026-06-12T18:40:00+08:00,COLLIE_ESR1,100.0,253.12,6,15c2ade4-f79b-4910-8971-6737024b7e12,IN-SERVICE,NON-LIQUID,256.38,
2026-06-12T18:40:00+08:00,COLLIE_ESR1,100.0,309.93,7,15c2ade4-f79b-4910-8971-6737024b7e12,IN-SERVICE,NON-LIQUID,313.92,
2026-06-12T18:40:00+08:00,COLLIE_ESR1,0.0,773.45,8,15c2ade4-f79b-4910-8971-6737024b7e12,IN-SERVICE,NON-LIQUID,783.4,
2026-06-12T18:40:00+08:00,COLLIE_ESR1,0.0,1678.41,9,15c2ade4-f79b-4910-8971-6737024b7e12,IN-SERVICE,NON-LIQUID,1700.0,
2026-06-12T18:40:00+08:00,COLLIE_ESR1,0.0,1678.41,10,15c2ade4-f79b-4910-8971-6737024b7e12,IN-SERVICE,NON-LIQUID,1700.0,
2026-06-12T18:40:00+08:00,KWINANA_ESR2,-225.0,134.69,1,a89d9556-fb60-44a9-a3ac-e78b6cc1b752,IN-SERVICE,NOT APPLICABLE,134.99,0.0
2026-06-12T18:40:00+08:00,KWINANA_ESR2,225.0,150.13,2,a89d9556-fb60-44a9-a3ac-e78b6cc1b752,IN-SERVICE,NOT APPLICABLE,150.46,0.0
2026-06-12T18:40:00+08:00,COLLIE_BESS2,0.0,-987.3,1,c9912b77-8214-4b0b-8bde-e97ce1fac424,IN-SERVICE,NON-LIQUID,-1000.0,
2026-06-12T18:40:00+08:00,COLLIE_BESS2,-150.0,-42.46,2,c9912b77-8214-4b0b-8bde-e97ce1fac424,IN-SERVICE,NON-LIQUID,-43.01,
2026-06-12T18:40:00+08:00,COLLIE_BESS2,-150.0,-10.0,3,c9912b77-8214-4b0b-8bde-e97ce1fac424,IN-SERVICE,NON-LIQUID,-10.13,
2026-06-12T18:40:00+08:00,COLLIE_BESS2,0.0,60.0,4,c9912b77-8214-4b0b-8bde-e97ce1fac424,IN-SERVICE,NON-LIQUID,60.77,
2026-06-12T18:40:00+08:00,COLLIE_BESS2,37.0,150.0,5,c9912b77-8214-4b0b-8bde-e97ce1fac424,IN-SERVICE,NON-LIQUID,151.93,
2026-06-12T18:40:00+08:00,COLLIE_BESS2,38.0,250.0,6,c9912b77-8214-4b0b-8bde-e97ce1fac424,IN-SERVICE,NON-LIQUID,253.22,
2026-06-12T18:40:00+08:00,COLLIE_BESS2,113.0,253.12,7,c9912b77-8214-4b0b-8bde-e97ce1fac424,IN-SERVICE,NON-LIQUID,256.38,
2026-06-12T18:40:00+08:00,COLLIE_BESS2,112.0,309.93,8,c9912b77-8214-4b0b-8bde-e97ce1fac424,IN-SERVICE,NON-LIQUID,313.92,
2026-06-12T18:40:00+08:00,COLLIE_BESS2,0.0,1678.41,9,c9912b77-8214-4b0b-8bde-e97ce1fac424,IN-SERVICE,NON-LIQUID,1700.0,
2026-06-12T18:40:00+08:00,COLLIE_BESS2,0.0,1678.41,10,c9912b77-8214-4b0b-8bde-e97ce1fac424,IN-SERVICE,NON-LIQUID,1700.0,
2026-06-12T18:40:00+08:00,COLLIE_ESR4,-250.0,133.23,1,14cffb5c-2c4d-4e10-964c-1b0eaa4c55f8,IN-SERVICE,NOT APPLICABLE,134.94,0.0
2026-06-12T18:40:00+08:00,COLLIE_ESR4,250.0,148.59,2,14cffb5c-2c4d-4e10-964c-1b0eaa4c55f8,IN-SERVICE,NOT APPLICABLE,150.5,0.0
2026-06-12T18:40:00+08:00,COLLIE_ESR5,-250.0,133.35,1,89547b8d-1da0-4c98-8c96-7a45c1903f4e,IN-SERVICE,NOT APPLICABLE,135.07,0.0
2026-06-12T18:40:00+08:00,COLLIE_ESR5,250.0,148.47,2,89547b8d-1da0-4c98-8c96-7a45c1903f4e,IN-SERVICE,NOT APPLICABLE,150.38,0.0
2026-06-12T18:45:00+08:00,KWINANA_ESR1,-100.0,347.17,1,de355b8a-5681-4578-b584-c71d8c63e735,IN-SERVICE,NOT APPLICABLE,348.28,0.0
2026-06-12T18:45:00+08:00,KWINANA_ESR1,100.0,361.93,2,de355b8a-5681-4578-b584-c71d8c63e735,IN-SERVICE,NOT APPLICABLE,363.09,0.0
2026-06-12T18:45:00+08:00,COLLIE_ESR1,0.0,-987.3,1,65093702-906f-4895-aa83-73f14f75d047,IN-SERVICE,NON-LIQUID,-1000.0,
2026-06-12T18:45:00+08:00,COLLIE_ESR1,-100.0,-42.46,2,65093702-906f-4895-aa83-73f14f75d047,IN-SERVICE,NON-LIQUID,-43.01,
2026-06-12T18:45:00+08:00,COLLIE_ESR1,-100.0,-10.0,3,65093702-906f-4895-aa83-73f14f75d047,IN-SERVICE,NON-LIQUID,-10.13,
2026-06-12T18:45:00+08:00,COLLIE_ESR1,0.0,34.02,4,65093702-906f-4895-aa83-73f14f75d047,IN-SERVICE,NON-LIQUID,34.46,
2026-06-12T18:45:00+08:00,COLLIE_ESR1,0.0,60.0,5,65093702-906f-4895-aa83-73f14f75d047,IN-SERVICE,NON-LIQUID,60.77,
2026-06-12T18:45:00+08:00,COLLIE_ESR1,100.0,135.38,6,65093702-906f-4895-aa83-73f14f75d047,IN-SERVICE,NON-LIQUID,137.12,
2026-06-12T18:45:00+08:00,COLLIE_ESR1,100.0,140.2,7,65093702-906f-4895-aa83-73f14f75d047,IN-SERVICE,NON-LIQUID,142.0,
2026-06-12T18:45:00+08:00,COLLIE_ESR1,0.0,773.45,8,65093702-906f-4895-aa83-73f14f75d047,IN-SERVICE,NON-LIQUID,783.4,
2026-06-12T18:45:00+08:00,COLLIE_ESR1,0.0,1678.41,9,65093702-906f-4895-aa83-73f14f75d047,IN-SERVICE,NON-LIQUID,1700.0,
2026-06-12T18:45:00+08:00,COLLIE_ESR1,0.0,1678.41,10,65093702-906f-4895-aa83-73f14f75d047,IN-SERVICE,NON-LIQUID,1700.0,
2026-06-12T18:45:00+08:00,KWINANA_ESR2,-225.0,134.69,1,a89d9556-fb60-44a9-a3ac-e78b6cc1b752,IN-SERVICE,NOT APPLICABLE,134.99,0.0
2026-06-12T18:45:00+08:00,KWINANA_ESR2,225.0,150.13,2,a89d9556-fb60-44a9-a3ac-e78b6cc1b752,IN-SERVICE,NOT APPLICABLE,150.46,0.0
2026-06-12T18:45:00+08:00,COLLIE_BESS2,0.0,-987.3,1,8db274d3-8096-4ef8-ad93-7985221d4ca7,IN-SERVICE,NON-LIQUID,-1000.0,
2026-06-12T18:45:00+08:00,COLLIE_BESS2,-150.0,-42.46,2,8db274d3-8096-4ef8-ad93-7985221d4ca7,IN-SERVICE,NON-LIQUID,-43.01,
2026-06-12T18:45:00+08:00,COLLIE_BESS2,-150.0,-10.0,3,8db274d3-8096-4ef8-ad93-7985221d4ca7,IN-SERVICE,NON-LIQUID,-10.13,
2026-06-12T18:45:00+08:00,COLLIE_BESS2,0.0,34.02,4,8db274d3-8096-4ef8-ad93-7985221d4ca7,IN-SERVICE,NON-LIQUID,34.46,
2026-06-12T18:45:00+08:00,COLLIE_BESS2,0.0,60.0,5,8db274d3-8096-4ef8-ad93-7985221d4ca7,IN-SERVICE,NON-LIQUID,60.77,
2026-06-12T18:45:00+08:00,COLLIE_BESS2,150.0,135.38,6,8db274d3-8096-4ef8-ad93-7985221d4ca7,IN-SERVICE,NON-LIQUID,137.12,
2026-06-12T18:45:00+08:00,COLLIE_BESS2,150.0,140.2,7,8db274d3-8096-4ef8-ad93-7985221d4ca7,IN-SERVICE,NON-LIQUID,142.0,
2026-06-12T18:45:00+08:00,COLLIE_BESS2,0.0,773.45,8,8db274d3-8096-4ef8-ad93-7985221d4ca7,IN-SERVICE,NON-LIQUID,783.4,
2026-06-12T18:45:00+08:00,COLLIE_BESS2,0.0,1678.41,9,8db274d3-8096-4ef8-ad93-7985221d4ca7,IN-SERVICE,NON-LIQUID,1700.0,
2026-06-12T18:45:00+08:00,COLLIE_BESS2,0.0,1678.41,10,8db274d3-8096-4ef8-ad93-7985221d4ca7,IN-SERVICE,NON-LIQUID,1700.0,
2026-06-12T18:45:00+08:00,COLLIE_ESR4,-250.0,133.23,1,14cffb5c-2c4d-4e10-964c-1b0eaa4c55f8,IN-SERVICE,NOT APPLICABLE,134.94,0.0
2026-06-12T18:45:00+08:00,COLLIE_ESR4,250.0,148.59,2,14cffb5c-2c4d-4e10-964c-1b0eaa4c55f8,IN-SERVICE,NOT APPLICABLE,150.5,0.0
2026-06-12T18:45:00+08:00,COLLIE_ESR5,-250.0,133.35,1,89547b8d-1da0-4c98-8c96-7a45c1903f4e,IN-SERVICE,NOT APPLICABLE,135.07,0.0
2026-06-12T18:45:00+08:00,COLLIE_ESR5,250.0,148.47,2,89547b8d-1da0-4c98-8c96-7a45c1903f4e,IN-SERVICE,NOT APPLICABLE,150.38,0.0
2026-06-12T18:50:00+08:00,KWINANA_ESR1,-78.724,312.92,1,de355b8a-5681-4578-b584-c71d8c63e735,IN-SERVICE,NOT APPLICABLE,313.92,0.0
2026-06-12T18:50:00+08:00,KWINANA_ESR1,-21.276,347.17,2,de355b8a-5681-4578-b584-c71d8c63e735,IN-SERVICE,NOT APPLICABLE,348.28,0.0
2026-06-12T18:50:00+08:00,KWINANA_ESR1,100.0,361.93,3,de355b8a-5681-4578-b584-c71d8c63e735,IN-SERVICE,NOT APPLICABLE,363.09,0.0
2026-06-12T18:50:00+08:00,COLLIE_ESR1,0.0,-987.3,1,5ca80eef-6c3d-4d3d-822e-942d7b678802,IN-SERVICE,NON-LIQUID,-1000.0,
2026-06-12T18:50:00+08:00,COLLIE_ESR1,-100.0,-42.46,2,5ca80eef-6c3d-4d3d-822e-942d7b678802,IN-SERVICE,NON-LIQUID,-43.01,
2026-06-12T18:50:00+08:00,COLLIE_ESR1,-100.0,-10.0,3,5ca80eef-6c3d-4d3d-822e-942d7b678802,IN-SERVICE,NON-LIQUID,-10.13,
2026-06-12T18:50:00+08:00,COLLIE_ESR1,0.0,34.02,4,5ca80eef-6c3d-4d3d-822e-942d7b678802,IN-SERVICE,NON-LIQUID,34.46,
2026-06-12T18:50:00+08:00,COLLIE_ESR1,0.0,60.0,5,5ca80eef-6c3d-4d3d-822e-942d7b678802,IN-SERVICE,NON-LIQUID,60.77,
2026-06-12T18:50:00+08:00,COLLIE_ESR1,100.0,135.38,6,5ca80eef-6c3d-4d3d-822e-942d7b678802,IN-SERVICE,NON-LIQUID,137.12,
2026-06-12T18:50:00+08:00,COLLIE_ESR1,100.0,140.2,7,5ca80eef-6c3d-4d3d-822e-942d7b678802,IN-SERVICE,NON-LIQUID,142.0,
2026-06-12T18:50:00+08:00,COLLIE_ESR1,0.0,773.45,8,5ca80eef-6c3d-4d3d-822e-942d7b678802,IN-SERVICE,NON-LIQUID,783.4,
2026-06-12T18:50:00+08:00,COLLIE_ESR1,0.0,1678.41,9,5ca80eef-6c3d-4d3d-822e-942d7b678802,IN-SERVICE,NON-LIQUID,1700.0,
2026-06-12T18:50:00+08:00,COLLIE_ESR1,0.0,1678.41,10,5ca80eef-6c3d-4d3d-822e-942d7b678802,IN-SERVICE,NON-LIQUID,1700.0,
2026-06-12T18:50:00+08:00,KWINANA_ESR2,-225.0,134.69,1,a89d9556-fb60-44a9-a3ac-e78b6cc1b752,IN-SERVICE,NOT APPLICABLE,134.99,0.0
2026-06-12T18:50:00+08:00,KWINANA_ESR2,225.0,150.13,2,a89d9556-fb60-44a9-a3ac-e78b6cc1b752,IN-SERVICE,NOT APPLICABLE,150.46,0.0
2026-06-12T18:50:00+08:00,COLLIE_BESS2,0.0,-987.3,1,9fa955cc-4f9e-47b8-8fc8-06454d60bc70,IN-SERVICE,NON-LIQUID,-1000.0,
2026-06-12T18:50:00+08:00,COLLIE_BESS2,-150.0,-42.46,2,9fa955cc-4f9e-47b8-8fc8-06454d60bc70,IN-SERVICE,NON-LIQUID,-43.01,
2026-06-12T18:50:00+08:00,COLLIE_BESS2,-150.0,-10.0,3,9fa955cc-4f9e-47b8-8fc8-06454d60bc70,IN-SERVICE,NON-LIQUID,-10.13,
2026-06-12T18:50:00+08:00,COLLIE_BESS2,0.0,60.0,4,9fa955cc-4f9e-47b8-8fc8-06454d60bc70,IN-SERVICE,NON-LIQUID,60.77,
2026-06-12T18:50:00+08:00,COLLIE_BESS2,113.0,135.38,5,9fa955cc-4f9e-47b8-8fc8-06454d60bc70,IN-SERVICE,NON-LIQUID,137.12,
2026-06-12T18:50:00+08:00,COLLIE_BESS2,112.0,140.2,6,9fa955cc-4f9e-47b8-8fc8-06454d60bc70,IN-SERVICE,NON-LIQUID,142.0,
2026-06-12T18:50:00+08:00,COLLIE_BESS2,37.0,150.0,7,9fa955cc-4f9e-47b8-8fc8-06454d60bc70,IN-SERVICE,NON-LIQUID,151.93,
2026-06-12T18:50:00+08:00,COLLIE_BESS2,38.0,250.0,8,9fa955cc-4f9e-47b8-8fc8-06454d60bc70,IN-SERVICE,NON-LIQUID,253.22,
2026-06-12T18:50:00+08:00,COLLIE_BESS2,0.0,1678.41,9,9fa955cc-4f9e-47b8-8fc8-06454d60bc70,IN-SERVICE,NON-LIQUID,1700.0,
2026-06-12T18:50:00+08:00,COLLIE_BESS2,0.0,1678.41,10,9fa955cc-4f9e-47b8-8fc8-06454d60bc70,IN-SERVICE,NON-LIQUID,1700.0,
2026-06-12T18:50:00+08:00,COLLIE_ESR4,-250.0,133.23,1,14cffb5c-2c4d-4e10-964c-1b0eaa4c55f8,IN-SERVICE,NOT APPLICABLE,134.94,0.0
2026-06-12T18:50:00+08:00,COLLIE_ESR4,250.0,148.59,2,14cffb5c-2c4d-4e10-964c-1b0eaa4c55f8,IN-SERVICE,NOT APPLICABLE,150.5,0.0
2026-06-12T18:50:00+08:00,COLLIE_ESR5,-250.0,133.35,1,89547b8d-1da0-4c98-8c96-7a45c1903f4e,IN-SERVICE,NOT APPLICABLE,135.07,0.0
2026-06-12T18:50:00+08:00,COLLIE_ESR5,250.0,148.47,2,89547b8d-1da0-4c98-8c96-7a45c1903f4e,IN-SERVICE,NOT APPLICABLE,150.38,0.0
2026-06-12T18:55:00+08:00,KWINANA_ESR1,-100.0,136.32,1,b84f9aa0-70cf-41e9-bd0b-ef337b85fed6,IN-SERVICE,NOT APPLICABLE,136.76,0.0
2026-06-12T18:55:00+08:00,KWINANA_ESR1,100.0,149.64,2,b84f9aa0-70cf-41e9-bd0b-ef337b85fed6,IN-SERVICE,NOT APPLICABLE,150.12,0.0
2026-06-12T18:55:00+08:00,COLLIE_ESR1,0.0,-987.3,1,185cde82-f99b-4dca-9c5f-ca4f0869bec3,IN-SERVICE,NON-LIQUID,-1000.0,
2026-06-12T18:55:00+08:00,COLLIE_ESR1,-100.0,-42.46,2,185cde82-f99b-4dca-9c5f-ca4f0869bec3,IN-SERVICE,NON-LIQUID,-43.01,
2026-06-12T18:55:00+08:00,COLLIE_ESR1,-100.0,-10.0,3,185cde82-f99b-4dca-9c5f-ca4f0869bec3,IN-SERVICE,NON-LIQUID,-10.13,
2026-06-12T18:55:00+08:00,COLLIE_ESR1,0.0,34.02,4,185cde82-f99b-4dca-9c5f-ca4f0869bec3,IN-SERVICE,NON-LIQUID,34.46,
2026-06-12T18:55:00+08:00,COLLIE_ESR1,0.0,60.0,5,185cde82-f99b-4dca-9c5f-ca4f0869bec3,IN-SERVICE,NON-LIQUID,60.77,
2026-06-12T18:55:00+08:00,COLLIE_ESR1,100.0,135.21,6,185cde82-f99b-4dca-9c5f-ca4f0869bec3,IN-SERVICE,NON-LIQUID,136.95,
2026-06-12T18:55:00+08:00,COLLIE_ESR1,100.0,144.06,7,185cde82-f99b-4dca-9c5f-ca4f0869bec3,IN-SERVICE,NON-LIQUID,145.91,
2026-06-12T18:55:00+08:00,COLLIE_ESR1,0.0,773.45,8,185cde82-f99b-4dca-9c5f-ca4f0869bec3,IN-SERVICE,NON-LIQUID,783.4,
2026-06-12T18:55:00+08:00,COLLIE_ESR1,0.0,1678.41,9,185cde82-f99b-4dca-9c5f-ca4f0869bec3,IN-SERVICE,NON-LIQUID,1700.0,
2026-06-12T18:55:00+08:00,COLLIE_ESR1,0.0,1678.41,10,185cde82-f99b-4dca-9c5f-ca4f0869bec3,IN-SERVICE,NON-LIQUID,1700.0,
2026-06-12T18:55:00+08:00,KWINANA_ESR2,-225.0,134.69,1,02f7285c-244f-4f35-8a36-6c109fb1d501,IN-SERVICE,NOT APPLICABLE,134.99,0.0
2026-06-12T18:55:00+08:00,KWINANA_ESR2,225.0,150.13,2,02f7285c-244f-4f35-8a36-6c109fb1d501,IN-SERVICE,NOT APPLICABLE,150.46,0.0
2026-06-12T18:55:00+08:00,COLLIE_BESS2,0.0,-987.3,1,7725f085-cdf8-49bc-9cb8-f40999c0ba95,IN-SERVICE,NON-LIQUID,-1000.0,
2026-06-12T18:55:00+08:00,COLLIE_BESS2,-150.0,-42.46,2,7725f085-cdf8-49bc-9cb8-f40999c0ba95,IN-SERVICE,NON-LIQUID,-43.01,
2026-06-12T18:55:00+08:00,COLLIE_BESS2,-150.0,-10.0,3,7725f085-cdf8-49bc-9cb8-f40999c0ba95,IN-SERVICE,NON-LIQUID,-10.13,
2026-06-12T18:55:00+08:00,COLLIE_BESS2,0.0,60.0,4,7725f085-cdf8-49bc-9cb8-f40999c0ba95,IN-SERVICE,NON-LIQUID,60.77,
2026-06-12T18:55:00+08:00,COLLIE_BESS2,113.0,135.21,5,7725f085-cdf8-49bc-9cb8-f40999c0ba95,IN-SERVICE,NON-LIQUID,136.95,
2026-06-12T18:55:00+08:00,COLLIE_BESS2,112.0,144.06,6,7725f085-cdf8-49bc-9cb8-f40999c0ba95,IN-SERVICE,NON-LIQUID,145.91,
2026-06-12T18:55:00+08:00,COLLIE_BESS2,37.0,150.0,7,7725f085-cdf8-49bc-9cb8-f40999c0ba95,IN-SERVICE,NON-LIQUID,151.93,
2026-06-12T18:55:00+08:00,COLLIE_BESS2,38.0,250.0,8,7725f085-cdf8-49bc-9cb8-f40999c0ba95,IN-SERVICE,NON-LIQUID,253.22,
2026-06-12T18:55:00+08:00,COLLIE_BESS2,0.0,1678.41,9,7725f085-cdf8-49bc-9cb8-f40999c0ba95,IN-SERVICE,NON-LIQUID,1700.0,
2026-06-12T18:55:00+08:00,COLLIE_BESS2,0.0,1678.41,10,7725f085-cdf8-49bc-9cb8-f40999c0ba95,IN-SERVICE,NON-LIQUID,1700.0,
2026-06-12T18:55:00+08:00,COLLIE_ESR4,-250.0,133.23,1,7790731a-f7f3-4a6d-a7c2-35c559443315,IN-SERVICE,NOT APPLICABLE,134.94,0.0
2026-06-12T18:55:00+08:00,COLLIE_ESR4,250.0,148.59,2,7790731a-f7f3-4a6d-a7c2-35c559443315,IN-SERVICE,NOT APPLICABLE,150.5,0.0
2026-06-12T18:55:00+08:00,COLLIE_ESR5,-250.0,133.35,1,232469c0-3897-4673-8587-a5181567229e,IN-SERVICE,NOT APPLICABLE,135.07,0.0
2026-06-12T18:55:00+08:00,COLLIE_ESR5,250.0,148.47,2,232469c0-3897-4673-8587-a5181567229e,IN-SERVICE,NOT APPLICABLE,150.38,0.0
2026-06-12T19:00:00+08:00,KWINANA_ESR1,-100.0,134.88,1,b84f9aa0-70cf-41e9-bd0b-ef337b85fed6,IN-SERVICE,NOT APPLICABLE,135.31,0.0
2026-06-12T19:00:00+08:00,KWINANA_ESR1,100.0,149.64,2,b84f9aa0-70cf-41e9-bd0b-ef337b85fed6,IN-SERVICE,NOT APPLICABLE,150.12,0.0
2026-06-12T19:00:00+08:00,COLLIE_ESR1,0.0,-987.3,1,62de4a79-52d2-4e13-8994-8b60ed4f1bb8,IN-SERVICE,NON-LIQUID,-1000.0,
2026-06-12T19:00:00+08:00,COLLIE_ESR1,-100.0,-42.46,2,62de4a79-52d2-4e13-8994-8b60ed4f1bb8,IN-SERVICE,NON-LIQUID,-43.01,
2026-06-12T19:00:00+08:00,COLLIE_ESR1,-100.0,-10.0,3,62de4a79-52d2-4e13-8994-8b60ed4f1bb8,IN-SERVICE,NON-LIQUID,-10.13,
2026-06-12T19:00:00+08:00,COLLIE_ESR1,0.0,34.02,4,62de4a79-52d2-4e13-8994-8b60ed4f1bb8,IN-SERVICE,NON-LIQUID,34.46,
2026-06-12T19:00:00+08:00,COLLIE_ESR1,0.0,60.0,5,62de4a79-52d2-4e13-8994-8b60ed4f1bb8,IN-SERVICE,NON-LIQUID,60.77,
2026-06-12T19:00:00+08:00,COLLIE_ESR1,100.0,135.21,6,62de4a79-52d2-4e13-8994-8b60ed4f1bb8,IN-SERVICE,NON-LIQUID,136.95,
2026-06-12T19:00:00+08:00,COLLIE_ESR1,100.0,141.9,7,62de4a79-52d2-4e13-8994-8b60ed4f1bb8,IN-SERVICE,NON-LIQUID,143.73,
2026-06-12T19:00:00+08:00,COLLIE_ESR1,0.0,646.1,8,62de4a79-52d2-4e13-8994-8b60ed4f1bb8,IN-SERVICE,NON-LIQUID,654.41,
2026-06-12T19:00:00+08:00,COLLIE_ESR1,0.0,646.3,9,62de4a79-52d2-4e13-8994-8b60ed4f1bb8,IN-SERVICE,NON-LIQUID,654.61,
2026-06-12T19:00:00+08:00,COLLIE_ESR1,0.0,1678.41,10,62de4a79-52d2-4e13-8994-8b60ed4f1bb8,IN-SERVICE,NON-LIQUID,1700.0,
2026-06-12T19:00:00+08:00,KWINANA_ESR2,-225.0,134.69,1,02f7285c-244f-4f35-8a36-6c109fb1d501,IN-SERVICE,NOT APPLICABLE,134.99,0.0
2026-06-12T19:00:00+08:00,KWINANA_ESR2,225.0,150.13,2,02f7285c-244f-4f35-8a36-6c109fb1d501,IN-SERVICE,NOT APPLICABLE,150.46,0.0
2026-06-12T19:00:00+08:00,COLLIE_BESS2,0.0,-987.3,1,178af052-c902-4b53-9005-b87b50801a67,IN-SERVICE,NON-LIQUID,-1000.0,
2026-06-12T19:00:00+08:00,COLLIE_BESS2,-150.0,-42.46,2,178af052-c902-4b53-9005-b87b50801a67,IN-SERVICE,NON-LIQUID,-43.01,
2026-06-12T19:00:00+08:00,COLLIE_BESS2,-150.0,-10.0,3,178af052-c902-4b53-9005-b87b50801a67,IN-SERVICE,NON-LIQUID,-10.13,
2026-06-12T19:00:00+08:00,COLLIE_BESS2,0.0,60.0,4,178af052-c902-4b53-9005-b87b50801a67,IN-SERVICE,NON-LIQUID,60.77,
2026-06-12T19:00:00+08:00,COLLIE_BESS2,114.0,135.21,5,178af052-c902-4b53-9005-b87b50801a67,IN-SERVICE,NON-LIQUID,136.95,
2026-06-12T19:00:00+08:00,COLLIE_BESS2,113.0,141.9,6,178af052-c902-4b53-9005-b87b50801a67,IN-SERVICE,NON-LIQUID,143.73,
2026-06-12T19:00:00+08:00,COLLIE_BESS2,36.0,150.0,7,178af052-c902-4b53-9005-b87b50801a67,IN-SERVICE,NON-LIQUID,151.93,
2026-06-12T19:00:00+08:00,COLLIE_BESS2,37.0,250.0,8,178af052-c902-4b53-9005-b87b50801a67,IN-SERVICE,NON-LIQUID,253.22,
2026-06-12T19:00:00+08:00,COLLIE_BESS2,0.0,646.3,9,178af052-c902-4b53-9005-b87b50801a67,IN-SERVICE,NON-LIQUID,654.61,
2026-06-12T19:00:00+08:00,COLLIE_BESS2,0.0,1678.41,10,178af052-c902-4b53-9005-b87b50801a67,IN-SERVICE,NON-LIQUID,1700.0,
2026-06-12T19:00:00+08:00,COLLIE_ESR4,-250.0,133.23,1,7790731a-f7f3-4a6d-a7c2-35c559443315,IN-SERVICE,NOT APPLICABLE,134.94,0.0
2026-06-12T19:00:00+08:00,COLLIE_ESR4,250.0,148.59,2,7790731a-f7f3-4a6d-a7c2-35c559443315,IN-SERVICE,NOT APPLICABLE,150.5,0.0
2026-06-12T19:00:00+08:00,COLLIE_ESR5,-250.0,133.35,1,232469c0-3897-4673-8587-a5181567229e,IN-SERVICE,NOT APPLICABLE,135.07,0.0
2026-06-12T19:00:00+08:00,COLLIE_ESR5,250.0,148.47,2,232469c0-3897-4673-8587-a5181567229e,IN-SERVICE,NOT APPLICABLE,150.38,0.0
2026-06-12T19:05:00+08:00,KWINANA_ESR1,-100.0,134.88,1,b84f9aa0-70cf-41e9-bd0b-ef337b85fed6,IN-SERVICE,NOT APPLICABLE,135.31,0.0
2026-06-12T19:05:00+08:00,KWINANA_ESR1,100.0,149.64,2,b84f9aa0-70cf-41e9-bd0b-ef337b85fed6,IN-SERVICE,NOT APPLICABLE,150.12,0.0
2026-06-12T19:05:00+08:00,COLLIE_ESR1,0.0,-987.3,1,0300747f-91d9-430f-9e8e-a55ff27aa784,IN-SERVICE,NON-LIQUID,-1000.0,
2026-06-12T19:05:00+08:00,COLLIE_ESR1,-100.0,-42.46,2,0300747f-91d9-430f-9e8e-a55ff27aa784,IN-SERVICE,NON-LIQUID,-43.01,
2026-06-12T19:05:00+08:00,COLLIE_ESR1,-100.0,-10.0,3,0300747f-91d9-430f-9e8e-a55ff27aa784,IN-SERVICE,NON-LIQUID,-10.13,
2026-06-12T19:05:00+08:00,COLLIE_ESR1,0.0,34.02,4,0300747f-91d9-430f-9e8e-a55ff27aa784,IN-SERVICE,NON-LIQUID,34.46,
2026-06-12T19:05:00+08:00,COLLIE_ESR1,0.0,60.0,5,0300747f-91d9-430f-9e8e-a55ff27aa784,IN-SERVICE,NON-LIQUID,60.77,
2026-06-12T19:05:00+08:00,COLLIE_ESR1,100.0,135.21,6,0300747f-91d9-430f-9e8e-a55ff27aa784,IN-SERVICE,NON-LIQUID,136.95,
2026-06-12T19:05:00+08:00,COLLIE_ESR1,100.0,143.63,7,0300747f-91d9-430f-9e8e-a55ff27aa784,IN-SERVICE,NON-LIQUID,145.48,
2026-06-12T19:05:00+08:00,COLLIE_ESR1,0.0,646.1,8,0300747f-91d9-430f-9e8e-a55ff27aa784,IN-SERVICE,NON-LIQUID,654.41,
2026-06-12T19:05:00+08:00,COLLIE_ESR1,0.0,646.3,9,0300747f-91d9-430f-9e8e-a55ff27aa784,IN-SERVICE,NON-LIQUID,654.61,
2026-06-12T19:05:00+08:00,COLLIE_ESR1,0.0,1678.41,10,0300747f-91d9-430f-9e8e-a55ff27aa784,IN-SERVICE,NON-LIQUID,1700.0,
2026-06-12T19:05:00+08:00,KWINANA_ESR2,-225.0,134.69,1,02f7285c-244f-4f35-8a36-6c109fb1d501,IN-SERVICE,NOT APPLICABLE,134.99,0.0
2026-06-12T19:05:00+08:00,KWINANA_ESR2,225.0,150.13,2,02f7285c-244f-4f35-8a36-6c109fb1d501,IN-SERVICE,NOT APPLICABLE,150.46,0.0
2026-06-12T19:05:00+08:00,COLLIE_BESS2,0.0,-987.3,1,b153a6db-0b38-4fdf-ae4b-ff68790dccc2,IN-SERVICE,NON-LIQUID,-1000.0,
2026-06-12T19:05:00+08:00,COLLIE_BESS2,-150.0,-42.46,2,b153a6db-0b38-4fdf-ae4b-ff68790dccc2,IN-SERVICE,NON-LIQUID,-43.01,
2026-06-12T19:05:00+08:00,COLLIE_BESS2,-150.0,-10.0,3,b153a6db-0b38-4fdf-ae4b-ff68790dccc2,IN-SERVICE,NON-LIQUID,-10.13,
2026-06-12T19:05:00+08:00,COLLIE_BESS2,0.0,60.0,4,b153a6db-0b38-4fdf-ae4b-ff68790dccc2,IN-SERVICE,NON-LIQUID,60.77,
2026-06-12T19:05:00+08:00,COLLIE_BESS2,100.0,135.21,5,b153a6db-0b38-4fdf-ae4b-ff68790dccc2,IN-SERVICE,NON-LIQUID,136.95,
2026-06-12T19:05:00+08:00,COLLIE_BESS2,99.0,143.63,6,b153a6db-0b38-4fdf-ae4b-ff68790dccc2,IN-SERVICE,NON-LIQUID,145.48,
2026-06-12T19:05:00+08:00,COLLIE_BESS2,50.0,150.0,7,b153a6db-0b38-4fdf-ae4b-ff68790dccc2,IN-SERVICE,NON-LIQUID,151.93,
2026-06-12T19:05:00+08:00,COLLIE_BESS2,51.0,250.0,8,b153a6db-0b38-4fdf-ae4b-ff68790dccc2,IN-SERVICE,NON-LIQUID,253.22,
2026-06-12T19:05:00+08:00,COLLIE_BESS2,0.0,646.3,9,b153a6db-0b38-4fdf-ae4b-ff68790dccc2,IN-SERVICE,NON-LIQUID,654.61,
2026-06-12T19:05:00+08:00,COLLIE_BESS2,0.0,1678.41,10,b153a6db-0b38-4fdf-ae4b-ff68790dccc2,IN-SERVICE,NON-LIQUID,1700.0,
2026-06-12T19:05:00+08:00,COLLIE_ESR4,-250.0,133.23,1,7790731a-f7f3-4a6d-a7c2-35c559443315,IN-SERVICE,NOT APPLICABLE,134.94,0.0
2026-06-12T19:05:00+08:00,COLLIE_ESR4,250.0,148.59,2,7790731a-f7f3-4a6d-a7c2-35c559443315,IN-SERVICE,NOT APPLICABLE,150.5,0.0
2026-06-12T19:05:00+08:00,COLLIE_ESR5,-250.0,133.35,1,232469c0-3897-4673-8587-a5181567229e,IN-SERVICE,NOT APPLICABLE,135.07,0.0
2026-06-12T19:05:00+08:00,COLLIE_ESR5,250.0,148.47,2,232469c0-3897-4673-8587-a5181567229e,IN-SERVICE,NOT APPLICABLE,150.38,0.0
2026-06-12T19:10:00+08:00,KWINANA_ESR1,-100.0,142.26,1,f1293a09-11d3-4320-8c07-974d83ce71d7,IN-SERVICE,NOT APPLICABLE,142.72,0.0
2026-06-12T19:10:00+08:00,KWINANA_ESR1,100.0,157.02,2,f1293a09-11d3-4320-8c07-974d83ce71d7,IN-SERVICE,NOT APPLICABLE,157.52,0.0
2026-06-12T19:10:00+08:00,COLLIE_ESR1,0.0,-987.3,1,1339558c-9457-4bc6-a916-c938beeafa4f,IN-SERVICE,NON-LIQUID,-1000.0,
2026-06-12T19:10:00+08:00,COLLIE_ESR1,-100.0,-42.46,2,1339558c-9457-4bc6-a916-c938beeafa4f,IN-SERVICE,NON-LIQUID,-43.01,
2026-06-12T19:10:00+08:00,COLLIE_ESR1,-100.0,-10.0,3,1339558c-9457-4bc6-a916-c938beeafa4f,IN-SERVICE,NON-LIQUID,-10.13,
2026-06-12T19:10:00+08:00,COLLIE_ESR1,0.0,34.02,4,1339558c-9457-4bc6-a916-c938beeafa4f,IN-SERVICE,NON-LIQUID,34.46,
2026-06-12T19:10:00+08:00,COLLIE_ESR1,0.0,60.0,5,1339558c-9457-4bc6-a916-c938beeafa4f,IN-SERVICE,NON-LIQUID,60.77,
2026-06-12T19:10:00+08:00,COLLIE_ESR1,100.0,135.21,6,1339558c-9457-4bc6-a916-c938beeafa4f,IN-SERVICE,NON-LIQUID,136.95,
2026-06-12T19:10:00+08:00,COLLIE_ESR1,100.0,143.63,7,1339558c-9457-4bc6-a916-c938beeafa4f,IN-SERVICE,NON-LIQUID,145.48,
2026-06-12T19:10:00+08:00,COLLIE_ESR1,0.0,646.1,8,1339558c-9457-4bc6-a916-c938beeafa4f,IN-SERVICE,NON-LIQUID,654.41,
2026-06-12T19:10:00+08:00,COLLIE_ESR1,0.0,646.3,9,1339558c-9457-4bc6-a916-c938beeafa4f,IN-SERVICE,NON-LIQUID,654.61,
2026-06-12T19:10:00+08:00,COLLIE_ESR1,0.0,1678.41,10,1339558c-9457-4bc6-a916-c938beeafa4f,IN-SERVICE,NON-LIQUID,1700.0,
2026-06-12T19:10:00+08:00,KWINANA_ESR2,-225.0,128.55,1,ba62e28c-daf0-485e-92d6-7a4aadd702a3,IN-SERVICE,NOT APPLICABLE,128.83,0.0
2026-06-12T19:10:00+08:00,KWINANA_ESR2,225.0,143.99,2,ba62e28c-daf0-485e-92d6-7a4aadd702a3,IN-SERVICE,NOT APPLICABLE,144.31,0.0
2026-06-12T19:10:00+08:00,COLLIE_BESS2,0.0,-987.3,1,25f23a8c-278f-415c-acad-f94f2b898c2c,IN-SERVICE,NON-LIQUID,-1000.0,
2026-06-12T19:10:00+08:00,COLLIE_BESS2,-150.0,-42.46,2,25f23a8c-278f-415c-acad-f94f2b898c2c,IN-SERVICE,NON-LIQUID,-43.01,
2026-06-12T19:10:00+08:00,COLLIE_BESS2,-150.0,-10.0,3,25f23a8c-278f-415c-acad-f94f2b898c2c,IN-SERVICE,NON-LIQUID,-10.13,
2026-06-12T19:10:00+08:00,COLLIE_BESS2,0.0,60.0,4,25f23a8c-278f-415c-acad-f94f2b898c2c,IN-SERVICE,NON-LIQUID,60.77,
2026-06-12T19:10:00+08:00,COLLIE_BESS2,47.0,135.21,5,25f23a8c-278f-415c-acad-f94f2b898c2c,IN-SERVICE,NON-LIQUID,136.95,
2026-06-12T19:10:00+08:00,COLLIE_BESS2,46.0,143.63,6,25f23a8c-278f-415c-acad-f94f2b898c2c,IN-SERVICE,NON-LIQUID,145.48,
2026-06-12T19:10:00+08:00,COLLIE_BESS2,103.0,150.0,7,25f23a8c-278f-415c-acad-f94f2b898c2c,IN-SERVICE,NON-LIQUID,151.93,
2026-06-12T19:10:00+08:00,COLLIE_BESS2,104.0,250.0,8,25f23a8c-278f-415c-acad-f94f2b898c2c,IN-SERVICE,NON-LIQUID,253.22,
2026-06-12T19:10:00+08:00,COLLIE_BESS2,0.0,646.3,9,25f23a8c-278f-415c-acad-f94f2b898c2c,IN-SERVICE,NON-LIQUID,654.61,
2026-06-12T19:10:00+08:00,COLLIE_BESS2,0.0,1678.41,10,25f23a8c-278f-415c-acad-f94f2b898c2c,IN-SERVICE,NON-LIQUID,1700.0,
2026-06-12T19:10:00+08:00,COLLIE_ESR4,-250.0,127.15,1,b32ebb5b-d650-4cee-a090-5f1fd33b0de9,IN-SERVICE,NOT APPLICABLE,128.79,0.0
2026-06-12T19:10:00+08:00,COLLIE_ESR4,250.0,142.84,2,b32ebb5b-d650-4cee-a090-5f1fd33b0de9,IN-SERVICE,NOT APPLICABLE,144.68,0.0
2026-06-12T19:10:00+08:00,COLLIE_ESR5,-250.0,127.27,1,1723c652-4811-410f-a0fa-1abbec91e89d,IN-SERVICE,NOT APPLICABLE,128.91,0.0
2026-06-12T19:10:00+08:00,COLLIE_ESR5,250.0,142.72,2,1723c652-4811-410f-a0fa-1abbec91e89d,IN-SERVICE,NOT APPLICABLE,144.56,0.0
2026-06-12T19:15:00+08:00,KWINANA_ESR1,-100.0,142.26,1,f1293a09-11d3-4320-8c07-974d83ce71d7,IN-SERVICE,NOT APPLICABLE,142.72,0.0
2026-06-12T19:15:00+08:00,KWINANA_ESR1,100.0,157.02,2,f1293a09-11d3-4320-8c07-974d83ce71d7,IN-SERVICE,NOT APPLICABLE,157.52,0.0
2026-06-12T19:15:00+08:00,COLLIE_ESR1,0.0,-987.3,1,50ad27fb-e8cf-4c25-80a1-ea9a1dad37ff,IN-SERVICE,NON-LIQUID,-1000.0,
2026-06-12T19:15:00+08:00,COLLIE_ESR1,-100.0,-42.46,2,50ad27fb-e8cf-4c25-80a1-ea9a1dad37ff,IN-SERVICE,NON-LIQUID,-43.01,
2026-06-12T19:15:00+08:00,COLLIE_ESR1,-100.0,-10.0,3,50ad27fb-e8cf-4c25-80a1-ea9a1dad37ff,IN-SERVICE,NON-LIQUID,-10.13,
2026-06-12T19:15:00+08:00,COLLIE_ESR1,0.0,34.02,4,50ad27fb-e8cf-4c25-80a1-ea9a1dad37ff,IN-SERVICE,NON-LIQUID,34.46,
2026-06-12T19:15:00+08:00,COLLIE_ESR1,0.0,60.0,5,50ad27fb-e8cf-4c25-80a1-ea9a1dad37ff,IN-SERVICE,NON-LIQUID,60.77,
2026-06-12T19:15:00+08:00,COLLIE_ESR1,100.0,135.21,6,50ad27fb-e8cf-4c25-80a1-ea9a1dad37ff,IN-SERVICE,NON-LIQUID,136.95,
2026-06-12T19:15:00+08:00,COLLIE_ESR1,100.0,143.63,7,50ad27fb-e8cf-4c25-80a1-ea9a1dad37ff,IN-SERVICE,NON-LIQUID,145.48,
2026-06-12T19:15:00+08:00,COLLIE_ESR1,0.0,646.1,8,50ad27fb-e8cf-4c25-80a1-ea9a1dad37ff,IN-SERVICE,NON-LIQUID,654.41,
2026-06-12T19:15:00+08:00,COLLIE_ESR1,0.0,646.3,9,50ad27fb-e8cf-4c25-80a1-ea9a1dad37ff,IN-SERVICE,NON-LIQUID,654.61,
2026-06-12T19:15:00+08:00,COLLIE_ESR1,0.0,1678.41,10,50ad27fb-e8cf-4c25-80a1-ea9a1dad37ff,IN-SERVICE,NON-LIQUID,1700.0,
2026-06-12T19:15:00+08:00,KWINANA_ESR2,-225.0,128.55,1,ba62e28c-daf0-485e-92d6-7a4aadd702a3,IN-SERVICE,NOT APPLICABLE,128.83,0.0
2026-06-12T19:15:00+08:00,KWINANA_ESR2,225.0,143.99,2,ba62e28c-daf0-485e-92d6-7a4aadd702a3,IN-SERVICE,NOT APPLICABLE,144.31,0.0
2026-06-12T19:15:00+08:00,COLLIE_BESS2,0.0,-987.3,1,93761721-f189-4871-bda8-c1c8cfa3964e,IN-SERVICE,NON-LIQUID,-1000.0,
2026-06-12T19:15:00+08:00,COLLIE_BESS2,-150.0,-42.46,2,93761721-f189-4871-bda8-c1c8cfa3964e,IN-SERVICE,NON-LIQUID,-43.01,
2026-06-12T19:15:00+08:00,COLLIE_BESS2,-150.0,-10.0,3,93761721-f189-4871-bda8-c1c8cfa3964e,IN-SERVICE,NON-LIQUID,-10.13,
2026-06-12T19:15:00+08:00,COLLIE_BESS2,0.0,60.0,4,93761721-f189-4871-bda8-c1c8cfa3964e,IN-SERVICE,NON-LIQUID,60.77,
2026-06-12T19:15:00+08:00,COLLIE_BESS2,121.0,135.21,5,93761721-f189-4871-bda8-c1c8cfa3964e,IN-SERVICE,NON-LIQUID,136.95,
2026-06-12T19:15:00+08:00,COLLIE_BESS2,121.0,143.63,6,93761721-f189-4871-bda8-c1c8cfa3964e,IN-SERVICE,NON-LIQUID,145.48,
2026-06-12T19:15:00+08:00,COLLIE_BESS2,29.0,150.0,7,93761721-f189-4871-bda8-c1c8cfa3964e,IN-SERVICE,NON-LIQUID,151.93,
2026-06-12T19:15:00+08:00,COLLIE_BESS2,29.0,250.0,8,93761721-f189-4871-bda8-c1c8cfa3964e,IN-SERVICE,NON-LIQUID,253.22,
2026-06-12T19:15:00+08:00,COLLIE_BESS2,0.0,646.3,9,93761721-f189-4871-bda8-c1c8cfa3964e,IN-SERVICE,NON-LIQUID,654.61,
2026-06-12T19:15:00+08:00,COLLIE_BESS2,0.0,1678.41,10,93761721-f189-4871-bda8-c1c8cfa3964e,IN-SERVICE,NON-LIQUID,1700.0,
2026-06-12T19:15:00+08:00,COLLIE_ESR4,-250.0,127.15,1,b32ebb5b-d650-4cee-a090-5f1fd33b0de9,IN-SERVICE,NOT APPLICABLE,128.79,0.0
2026-06-12T19:15:00+08:00,COLLIE_ESR4,250.0,142.84,2,b32ebb5b-d650-4cee-a090-5f1fd33b0de9,IN-SERVICE,NOT APPLICABLE,144.68,0.0
2026-06-12T19:15:00+08:00,COLLIE_ESR5,-250.0,127.27,1,1723c652-4811-410f-a0fa-1abbec91e89d,IN-SERVICE,NOT APPLICABLE,128.91,0.0
2026-06-12T19:15:00+08:00,COLLIE_ESR5,250.0,142.72,2,1723c652-4811-410f-a0fa-1abbec91e89d,IN-SERVICE,NOT APPLICABLE,144.56,0.0
2026-06-12T19:20:00+08:00,KWINANA_ESR1,-100.0,142.26,1,f1293a09-11d3-4320-8c07-974d83ce71d7,IN-SERVICE,NOT APPLICABLE,142.72,0.0
2026-06-12T19:20:00+08:00,KWINANA_ESR1,100.0,157.02,2,f1293a09-11d3-4320-8c07-974d83ce71d7,IN-SERVICE,NOT APPLICABLE,157.52,0.0
2026-06-12T19:20:00+08:00,COLLIE_ESR1,0.0,-987.3,1,70a680a3-ebfb-4f4f-9b26-70b02dea55de,IN-SERVICE,NON-LIQUID,-1000.0,
2026-06-12T19:20:00+08:00,COLLIE_ESR1,-100.0,-42.46,2,70a680a3-ebfb-4f4f-9b26-70b02dea55de,IN-SERVICE,NON-LIQUID,-43.01,
2026-06-12T19:20:00+08:00,COLLIE_ESR1,-100.0,-10.0,3,70a680a3-ebfb-4f4f-9b26-70b02dea55de,IN-SERVICE,NON-LIQUID,-10.13,
2026-06-12T19:20:00+08:00,COLLIE_ESR1,0.0,34.02,4,70a680a3-ebfb-4f4f-9b26-70b02dea55de,IN-SERVICE,NON-LIQUID,34.46,
2026-06-12T19:20:00+08:00,COLLIE_ESR1,0.0,60.0,5,70a680a3-ebfb-4f4f-9b26-70b02dea55de,IN-SERVICE,NON-LIQUID,60.77,
2026-06-12T19:20:00+08:00,COLLIE_ESR1,100.0,127.66,6,70a680a3-ebfb-4f4f-9b26-70b02dea55de,IN-SERVICE,NON-LIQUID,129.3,
2026-06-12T19:20:00+08:00,COLLIE_ESR1,100.0,135.21,7,70a680a3-ebfb-4f4f-9b26-70b02dea55de,IN-SERVICE,NON-LIQUID,136.95,
2026-06-12T19:20:00+08:00,COLLIE_ESR1,0.0,646.1,8,70a680a3-ebfb-4f4f-9b26-70b02dea55de,IN-SERVICE,NON-LIQUID,654.41,
2026-06-12T19:20:00+08:00,COLLIE_ESR1,0.0,646.3,9,70a680a3-ebfb-4f4f-9b26-70b02dea55de,IN-SERVICE,NON-LIQUID,654.61,
2026-06-12T19:20:00+08:00,COLLIE_ESR1,0.0,1678.41,10,70a680a3-ebfb-4f4f-9b26-70b02dea55de,IN-SERVICE,NON-LIQUID,1700.0,
2026-06-12T19:20:00+08:00,KWINANA_ESR2,-225.0,128.55,1,ba62e28c-daf0-485e-92d6-7a4aadd702a3,IN-SERVICE,NOT APPLICABLE,128.83,0.0
2026-06-12T19:20:00+08:00,KWINANA_ESR2,225.0,143.99,2,ba62e28c-daf0-485e-92d6-7a4aadd702a3,IN-SERVICE,NOT APPLICABLE,144.31,0.0
2026-06-12T19:20:00+08:00,COLLIE_BESS2,0.0,-987.3,1,314352d3-d803-4644-8391-368aafbcc4c3,IN-SERVICE,NON-LIQUID,-1000.0,
2026-06-12T19:20:00+08:00,COLLIE_BESS2,-150.0,-42.46,2,314352d3-d803-4644-8391-368aafbcc4c3,IN-SERVICE,NON-LIQUID,-43.01,
2026-06-12T19:20:00+08:00,COLLIE_BESS2,-150.0,-10.0,3,314352d3-d803-4644-8391-368aafbcc4c3,IN-SERVICE,NON-LIQUID,-10.13,
2026-06-12T19:20:00+08:00,COLLIE_BESS2,0.0,60.0,4,314352d3-d803-4644-8391-368aafbcc4c3,IN-SERVICE,NON-LIQUID,60.77,
2026-06-12T19:20:00+08:00,COLLIE_BESS2,121.0,127.66,5,314352d3-d803-4644-8391-368aafbcc4c3,IN-SERVICE,NON-LIQUID,129.3,
2026-06-12T19:20:00+08:00,COLLIE_BESS2,121.0,135.21,6,314352d3-d803-4644-8391-368aafbcc4c3,IN-SERVICE,NON-LIQUID,136.95,
2026-06-12T19:20:00+08:00,COLLIE_BESS2,29.0,150.0,7,314352d3-d803-4644-8391-368aafbcc4c3,IN-SERVICE,NON-LIQUID,151.93,
2026-06-12T19:20:00+08:00,COLLIE_BESS2,29.0,250.0,8,314352d3-d803-4644-8391-368aafbcc4c3,IN-SERVICE,NON-LIQUID,253.22,
2026-06-12T19:20:00+08:00,COLLIE_BESS2,0.0,646.3,9,314352d3-d803-4644-8391-368aafbcc4c3,IN-SERVICE,NON-LIQUID,654.61,
2026-06-12T19:20:00+08:00,COLLIE_BESS2,0.0,1678.41,10,314352d3-d803-4644-8391-368aafbcc4c3,IN-SERVICE,NON-LIQUID,1700.0,
2026-06-12T19:20:00+08:00,COLLIE_ESR4,-250.0,127.15,1,b32ebb5b-d650-4cee-a090-5f1fd33b0de9,IN-SERVICE,NOT APPLICABLE,128.79,0.0
2026-06-12T19:20:00+08:00,COLLIE_ESR4,250.0,142.84,2,b32ebb5b-d650-4cee-a090-5f1fd33b0de9,IN-SERVICE,NOT APPLICABLE,144.68,0.0
2026-06-12T19:20:00+08:00,COLLIE_ESR5,-250.0,127.27,1,1723c652-4811-410f-a0fa-1abbec91e89d,IN-SERVICE,NOT APPLICABLE,128.91,0.0
2026-06-12T19:20:00+08:00,COLLIE_ESR5,250.0,142.72,2,1723c652-4811-410f-a0fa-1abbec91e89d,IN-SERVICE,NOT APPLICABLE,144.56,0.0
2026-06-12T19:25:00+08:00,KWINANA_ESR1,-100.0,135.13,1,d6d06ac9-6ccc-42ba-92db-98858a2ec966,IN-SERVICE,NOT APPLICABLE,135.56,0.0
2026-06-12T19:25:00+08:00,KWINANA_ESR1,100.0,149.89,2,d6d06ac9-6ccc-42ba-92db-98858a2ec966,IN-SERVICE,NOT APPLICABLE,150.37,0.0
2026-06-12T19:25:00+08:00,COLLIE_ESR1,0.0,-987.3,1,092a2452-4108-4e4e-8ed0-05e076fe8c5f,IN-SERVICE,NON-LIQUID,-1000.0,
2026-06-12T19:25:00+08:00,COLLIE_ESR1,-100.0,-42.46,2,092a2452-4108-4e4e-8ed0-05e076fe8c5f,IN-SERVICE,NON-LIQUID,-43.01,
2026-06-12T19:25:00+08:00,COLLIE_ESR1,-100.0,-10.0,3,092a2452-4108-4e4e-8ed0-05e076fe8c5f,IN-SERVICE,NON-LIQUID,-10.13,
2026-06-12T19:25:00+08:00,COLLIE_ESR1,0.0,34.02,4,092a2452-4108-4e4e-8ed0-05e076fe8c5f,IN-SERVICE,NON-LIQUID,34.46,
2026-06-12T19:25:00+08:00,COLLIE_ESR1,0.0,60.0,5,092a2452-4108-4e4e-8ed0-05e076fe8c5f,IN-SERVICE,NON-LIQUID,60.77,
2026-06-12T19:25:00+08:00,COLLIE_ESR1,100.0,127.66,6,092a2452-4108-4e4e-8ed0-05e076fe8c5f,IN-SERVICE,NON-LIQUID,129.3,
2026-06-12T19:25:00+08:00,COLLIE_ESR1,100.0,136.61,7,092a2452-4108-4e4e-8ed0-05e076fe8c5f,IN-SERVICE,NON-LIQUID,138.37,
2026-06-12T19:25:00+08:00,COLLIE_ESR1,0.0,646.1,8,092a2452-4108-4e4e-8ed0-05e076fe8c5f,IN-SERVICE,NON-LIQUID,654.41,
2026-06-12T19:25:00+08:00,COLLIE_ESR1,0.0,646.3,9,092a2452-4108-4e4e-8ed0-05e076fe8c5f,IN-SERVICE,NON-LIQUID,654.61,
2026-06-12T19:25:00+08:00,COLLIE_ESR1,0.0,1678.41,10,092a2452-4108-4e4e-8ed0-05e076fe8c5f,IN-SERVICE,NON-LIQUID,1700.0,
2026-06-12T19:25:00+08:00,KWINANA_ESR2,-225.0,127.29,1,a2f7e329-127d-4cfc-ac15-d1067605306a,IN-SERVICE,NOT APPLICABLE,127.57,0.0
2026-06-12T19:25:00+08:00,KWINANA_ESR2,225.0,143.99,2,a2f7e329-127d-4cfc-ac15-d1067605306a,IN-SERVICE,NOT APPLICABLE,144.31,0.0
2026-06-12T19:25:00+08:00,COLLIE_BESS2,0.0,-987.3,1,3268df77-088b-4c87-adaf-b443a80d8f84,IN-SERVICE,NON-LIQUID,-1000.0,
2026-06-12T19:25:00+08:00,COLLIE_BESS2,-150.0,-42.46,2,3268df77-088b-4c87-adaf-b443a80d8f84,IN-SERVICE,NON-LIQUID,-43.01,
2026-06-12T19:25:00+08:00,COLLIE_BESS2,-150.0,-10.0,3,3268df77-088b-4c87-adaf-b443a80d8f84,IN-SERVICE,NON-LIQUID,-10.13,
2026-06-12T19:25:00+08:00,COLLIE_BESS2,0.0,60.0,4,3268df77-088b-4c87-adaf-b443a80d8f84,IN-SERVICE,NON-LIQUID,60.77,
2026-06-12T19:25:00+08:00,COLLIE_BESS2,52.0,127.66,5,3268df77-088b-4c87-adaf-b443a80d8f84,IN-SERVICE,NON-LIQUID,129.3,
2026-06-12T19:25:00+08:00,COLLIE_BESS2,52.0,136.61,6,3268df77-088b-4c87-adaf-b443a80d8f84,IN-SERVICE,NON-LIQUID,138.37,
2026-06-12T19:25:00+08:00,COLLIE_BESS2,98.0,150.0,7,3268df77-088b-4c87-adaf-b443a80d8f84,IN-SERVICE,NON-LIQUID,151.93,
2026-06-12T19:25:00+08:00,COLLIE_BESS2,98.0,250.0,8,3268df77-088b-4c87-adaf-b443a80d8f84,IN-SERVICE,NON-LIQUID,253.22,
2026-06-12T19:25:00+08:00,COLLIE_BESS2,0.0,646.3,9,3268df77-088b-4c87-adaf-b443a80d8f84,IN-SERVICE,NON-LIQUID,654.61,
2026-06-12T19:25:00+08:00,COLLIE_BESS2,0.0,1678.41,10,3268df77-088b-4c87-adaf-b443a80d8f84,IN-SERVICE,NON-LIQUID,1700.0,
2026-06-12T19:25:00+08:00,COLLIE_ESR4,-250.0,127.15,1,b32ebb5b-d650-4cee-a090-5f1fd33b0de9,IN-SERVICE,NOT APPLICABLE,128.79,0.0
2026-06-12T19:25:00+08:00,COLLIE_ESR4,250.0,142.84,2,b32ebb5b-d650-4cee-a090-5f1fd33b0de9,IN-SERVICE,NOT APPLICABLE,144.68,0.0
2026-06-12T19:25:00+08:00,COLLIE_ESR5,-250.0,126.03,1,0a216811-d642-4b54-a145-b49e7b109546,IN-SERVICE,NOT APPLICABLE,127.65,0.0
2026-06-12T19:25:00+08:00,COLLIE_ESR5,250.0,142.4,2,0a216811-d642-4b54-a145-b49e7b109546,IN-SERVICE,NOT APPLICABLE,144.23,0.0
2026-06-12T19:30:00+08:00,KWINANA_ESR1,-100.0,135.13,1,d6d06ac9-6ccc-42ba-92db-98858a2ec966,IN-SERVICE,NOT APPLICABLE,135.56,0.0
2026-06-12T19:30:00+08:00,KWINANA_ESR1,100.0,149.89,2,d6d06ac9-6ccc-42ba-92db-98858a2ec966,IN-SERVICE,NOT APPLICABLE,150.37,0.0
2026-06-12T19:30:00+08:00,COLLIE_ESR1,0.0,-987.3,1,909f2e86-0f32-49cc-a1de-98c1bf69d066,IN-SERVICE,NON-LIQUID,-1000.0,
2026-06-12T19:30:00+08:00,COLLIE_ESR1,-100.0,-42.46,2,909f2e86-0f32-49cc-a1de-98c1bf69d066,IN-SERVICE,NON-LIQUID,-43.01,
2026-06-12T19:30:00+08:00,COLLIE_ESR1,-100.0,-10.0,3,909f2e86-0f32-49cc-a1de-98c1bf69d066,IN-SERVICE,NON-LIQUID,-10.13,
2026-06-12T19:30:00+08:00,COLLIE_ESR1,0.0,34.02,4,909f2e86-0f32-49cc-a1de-98c1bf69d066,IN-SERVICE,NON-LIQUID,34.46,
2026-06-12T19:30:00+08:00,COLLIE_ESR1,0.0,60.0,5,909f2e86-0f32-49cc-a1de-98c1bf69d066,IN-SERVICE,NON-LIQUID,60.77,
2026-06-12T19:30:00+08:00,COLLIE_ESR1,100.0,127.66,6,909f2e86-0f32-49cc-a1de-98c1bf69d066,IN-SERVICE,NON-LIQUID,129.3,
2026-06-12T19:30:00+08:00,COLLIE_ESR1,100.0,136.61,7,909f2e86-0f32-49cc-a1de-98c1bf69d066,IN-SERVICE,NON-LIQUID,138.37,
2026-06-12T19:30:00+08:00,COLLIE_ESR1,0.0,646.1,8,909f2e86-0f32-49cc-a1de-98c1bf69d066,IN-SERVICE,NON-LIQUID,654.41,
2026-06-12T19:30:00+08:00,COLLIE_ESR1,0.0,646.3,9,909f2e86-0f32-49cc-a1de-98c1bf69d066,IN-SERVICE,NON-LIQUID,654.61,
2026-06-12T19:30:00+08:00,COLLIE_ESR1,0.0,1678.41,10,909f2e86-0f32-49cc-a1de-98c1bf69d066,IN-SERVICE,NON-LIQUID,1700.0,
2026-06-12T19:30:00+08:00,KWINANA_ESR2,-225.0,127.29,1,a2f7e329-127d-4cfc-ac15-d1067605306a,IN-SERVICE,NOT APPLICABLE,127.57,0.0
2026-06-12T19:30:00+08:00,KWINANA_ESR2,225.0,143.99,2,a2f7e329-127d-4cfc-ac15-d1067605306a,IN-SERVICE,NOT APPLICABLE,144.31,0.0
2026-06-12T19:30:00+08:00,COLLIE_BESS2,0.0,-987.3,1,9026b765-3d13-4474-bd3f-1f0ea4f4882e,IN-SERVICE,NON-LIQUID,-1000.0,
2026-06-12T19:30:00+08:00,COLLIE_BESS2,-150.0,-42.46,2,9026b765-3d13-4474-bd3f-1f0ea4f4882e,IN-SERVICE,NON-LIQUID,-43.01,
2026-06-12T19:30:00+08:00,COLLIE_BESS2,-150.0,-10.0,3,9026b765-3d13-4474-bd3f-1f0ea4f4882e,IN-SERVICE,NON-LIQUID,-10.13,
2026-06-12T19:30:00+08:00,COLLIE_BESS2,0.0,60.0,4,9026b765-3d13-4474-bd3f-1f0ea4f4882e,IN-SERVICE,NON-LIQUID,60.77,
2026-06-12T19:30:00+08:00,COLLIE_BESS2,92.0,127.66,5,9026b765-3d13-4474-bd3f-1f0ea4f4882e,IN-SERVICE,NON-LIQUID,129.3,
2026-06-12T19:30:00+08:00,COLLIE_BESS2,91.0,136.61,6,9026b765-3d13-4474-bd3f-1f0ea4f4882e,IN-SERVICE,NON-LIQUID,138.37,
2026-06-12T19:30:00+08:00,COLLIE_BESS2,58.0,150.0,7,9026b765-3d13-4474-bd3f-1f0ea4f4882e,IN-SERVICE,NON-LIQUID,151.93,
2026-06-12T19:30:00+08:00,COLLIE_BESS2,59.0,250.0,8,9026b765-3d13-4474-bd3f-1f0ea4f4882e,IN-SERVICE,NON-LIQUID,253.22,
2026-06-12T19:30:00+08:00,COLLIE_BESS2,0.0,646.3,9,9026b765-3d13-4474-bd3f-1f0ea4f4882e,IN-SERVICE,NON-LIQUID,654.61,
2026-06-12T19:30:00+08:00,COLLIE_BESS2,0.0,1678.41,10,9026b765-3d13-4474-bd3f-1f0ea4f4882e,IN-SERVICE,NON-LIQUID,1700.0,
2026-06-12T19:30:00+08:00,COLLIE_ESR4,-250.0,125.91,1,26ddfd2a-e9ba-47fd-9980-64e10b0e2651,IN-SERVICE,NOT APPLICABLE,127.53,0.0
2026-06-12T19:30:00+08:00,COLLIE_ESR4,250.0,142.52,2,26ddfd2a-e9ba-47fd-9980-64e10b0e2651,IN-SERVICE,NOT APPLICABLE,144.35,0.0
2026-06-12T19:30:00+08:00,COLLIE_ESR5,-250.0,126.03,1,0a216811-d642-4b54-a145-b49e7b109546,IN-SERVICE,NOT APPLICABLE,127.65,0.0
2026-06-12T19:30:00+08:00,COLLIE_ESR5,250.0,142.4,2,0a216811-d642-4b54-a145-b49e7b109546,IN-SERVICE,NOT APPLICABLE,144.23,0.0
2026-06-12T19:35:00+08:00,KWINANA_ESR1,-100.0,135.13,1,d6d06ac9-6ccc-42ba-92db-98858a2ec966,IN-SERVICE,NOT APPLICABLE,135.56,0.0
2026-06-12T19:35:00+08:00,KWINANA_ESR1,100.0,149.89,2,d6d06ac9-6ccc-42ba-92db-98858a2ec966,IN-SERVICE,NOT APPLICABLE,150.37,0.0
2026-06-12T19:35:00+08:00,COLLIE_ESR1,0.0,-987.3,1,bf7f6d96-a492-4cb8-a7a2-02976b26ae5e,IN-SERVICE,NON-LIQUID,-1000.0,
2026-06-12T19:35:00+08:00,COLLIE_ESR1,-100.0,-42.46,2,bf7f6d96-a492-4cb8-a7a2-02976b26ae5e,IN-SERVICE,NON-LIQUID,-43.01,
2026-06-12T19:35:00+08:00,COLLIE_ESR1,-100.0,-10.0,3,bf7f6d96-a492-4cb8-a7a2-02976b26ae5e,IN-SERVICE,NON-LIQUID,-10.13,
2026-06-12T19:35:00+08:00,COLLIE_ESR1,0.0,34.02,4,bf7f6d96-a492-4cb8-a7a2-02976b26ae5e,IN-SERVICE,NON-LIQUID,34.46,
2026-06-12T19:35:00+08:00,COLLIE_ESR1,0.0,60.0,5,bf7f6d96-a492-4cb8-a7a2-02976b26ae5e,IN-SERVICE,NON-LIQUID,60.77,
2026-06-12T19:35:00+08:00,COLLIE_ESR1,100.0,127.66,6,bf7f6d96-a492-4cb8-a7a2-02976b26ae5e,IN-SERVICE,NON-LIQUID,129.3,
2026-06-12T19:35:00+08:00,COLLIE_ESR1,100.0,136.61,7,bf7f6d96-a492-4cb8-a7a2-02976b26ae5e,IN-SERVICE,NON-LIQUID,138.37,
2026-06-12T19:35:00+08:00,COLLIE_ESR1,0.0,646.1,8,bf7f6d96-a492-4cb8-a7a2-02976b26ae5e,IN-SERVICE,NON-LIQUID,654.41,
2026-06-12T19:35:00+08:00,COLLIE_ESR1,0.0,646.3,9,bf7f6d96-a492-4cb8-a7a2-02976b26ae5e,IN-SERVICE,NON-LIQUID,654.61,
2026-06-12T19:35:00+08:00,COLLIE_ESR1,0.0,1678.41,10,bf7f6d96-a492-4cb8-a7a2-02976b26ae5e,IN-SERVICE,NON-LIQUID,1700.0,
2026-06-12T19:35:00+08:00,KWINANA_ESR2,-225.0,127.29,1,a2f7e329-127d-4cfc-ac15-d1067605306a,IN-SERVICE,NOT APPLICABLE,127.57,0.0
2026-06-12T19:35:00+08:00,KWINANA_ESR2,225.0,143.99,2,a2f7e329-127d-4cfc-ac15-d1067605306a,IN-SERVICE,NOT APPLICABLE,144.31,0.0
2026-06-12T19:35:00+08:00,COLLIE_BESS2,0.0,-987.3,1,4674af4b-c365-4f6d-b755-f41fb8bdeed4,IN-SERVICE,NON-LIQUID,-1000.0,
2026-06-12T19:35:00+08:00,COLLIE_BESS2,-150.0,-42.46,2,4674af4b-c365-4f6d-b755-f41fb8bdeed4,IN-SERVICE,NON-LIQUID,-43.01,
2026-06-12T19:35:00+08:00,COLLIE_BESS2,-150.0,-10.0,3,4674af4b-c365-4f6d-b755-f41fb8bdeed4,IN-SERVICE,NON-LIQUID,-10.13,
2026-06-12T19:35:00+08:00,COLLIE_BESS2,0.0,60.0,4,4674af4b-c365-4f6d-b755-f41fb8bdeed4,IN-SERVICE,NON-LIQUID,60.77,
2026-06-12T19:35:00+08:00,COLLIE_BESS2,29.0,127.66,5,4674af4b-c365-4f6d-b755-f41fb8bdeed4,IN-SERVICE,NON-LIQUID,129.3,
2026-06-12T19:35:00+08:00,COLLIE_BESS2,29.0,136.61,6,4674af4b-c365-4f6d-b755-f41fb8bdeed4,IN-SERVICE,NON-LIQUID,138.37,
2026-06-12T19:35:00+08:00,COLLIE_BESS2,121.0,150.0,7,4674af4b-c365-4f6d-b755-f41fb8bdeed4,IN-SERVICE,NON-LIQUID,151.93,
2026-06-12T19:35:00+08:00,COLLIE_BESS2,121.0,250.0,8,4674af4b-c365-4f6d-b755-f41fb8bdeed4,IN-SERVICE,NON-LIQUID,253.22,
2026-06-12T19:35:00+08:00,COLLIE_BESS2,0.0,646.3,9,4674af4b-c365-4f6d-b755-f41fb8bdeed4,IN-SERVICE,NON-LIQUID,654.61,
2026-06-12T19:35:00+08:00,COLLIE_BESS2,0.0,1678.41,10,4674af4b-c365-4f6d-b755-f41fb8bdeed4,IN-SERVICE,NON-LIQUID,1700.0,
2026-06-12T19:35:00+08:00,COLLIE_ESR4,-250.0,125.91,1,26ddfd2a-e9ba-47fd-9980-64e10b0e2651,IN-SERVICE,NOT APPLICABLE,127.53,0.0
2026-06-12T19:35:00+08:00,COLLIE_ESR4,250.0,142.52,2,26ddfd2a-e9ba-47fd-9980-64e10b0e2651,IN-SERVICE,NOT APPLICABLE,144.35,0.0
2026-06-12T19:35:00+08:00,COLLIE_ESR5,-250.0,126.03,1,0a216811-d642-4b54-a145-b49e7b109546,IN-SERVICE,NOT APPLICABLE,127.65,0.0
2026-06-12T19:35:00+08:00,COLLIE_ESR5,250.0,141.15,2,0a216811-d642-4b54-a145-b49e7b109546,IN-SERVICE,NOT APPLICABLE,142.97,0.0
2026-06-12T19:40:00+08:00,KWINANA_ESR1,-100.0,129.07,1,3e743183-94eb-47d2-a71e-e6e5fbf49e82,IN-SERVICE,NOT APPLICABLE,129.48,0.0
2026-06-12T19:40:00+08:00,KWINANA_ESR1,100.0,143.83,2,3e743183-94eb-47d2-a71e-e6e5fbf49e82,IN-SERVICE,NOT APPLICABLE,144.29,0.0
2026-06-12T19:40:00+08:00,COLLIE_ESR1,0.0,-987.3,1,cb654485-2fee-462e-a8f5-8930e5c1bd0d,IN-SERVICE,NON-LIQUID,-1000.0,
2026-06-12T19:40:00+08:00,COLLIE_ESR1,-100.0,-42.46,2,cb654485-2fee-462e-a8f5-8930e5c1bd0d,IN-SERVICE,NON-LIQUID,-43.01,
2026-06-12T19:40:00+08:00,COLLIE_ESR1,-100.0,-10.0,3,cb654485-2fee-462e-a8f5-8930e5c1bd0d,IN-SERVICE,NON-LIQUID,-10.13,
2026-06-12T19:40:00+08:00,COLLIE_ESR1,0.0,34.02,4,cb654485-2fee-462e-a8f5-8930e5c1bd0d,IN-SERVICE,NON-LIQUID,34.46,
2026-06-12T19:40:00+08:00,COLLIE_ESR1,0.0,60.0,5,cb654485-2fee-462e-a8f5-8930e5c1bd0d,IN-SERVICE,NON-LIQUID,60.77,
2026-06-12T19:40:00+08:00,COLLIE_ESR1,100.0,127.66,6,cb654485-2fee-462e-a8f5-8930e5c1bd0d,IN-SERVICE,NON-LIQUID,129.3,
2026-06-12T19:40:00+08:00,COLLIE_ESR1,100.0,136.61,7,cb654485-2fee-462e-a8f5-8930e5c1bd0d,IN-SERVICE,NON-LIQUID,138.37,
2026-06-12T19:40:00+08:00,COLLIE_ESR1,0.0,646.1,8,cb654485-2fee-462e-a8f5-8930e5c1bd0d,IN-SERVICE,NON-LIQUID,654.41,
2026-06-12T19:40:00+08:00,COLLIE_ESR1,0.0,646.3,9,cb654485-2fee-462e-a8f5-8930e5c1bd0d,IN-SERVICE,NON-LIQUID,654.61,
2026-06-12T19:40:00+08:00,COLLIE_ESR1,0.0,1678.41,10,cb654485-2fee-462e-a8f5-8930e5c1bd0d,IN-SERVICE,NON-LIQUID,1700.0,
2026-06-12T19:40:00+08:00,KWINANA_ESR2,-225.0,102.26,1,2dbcf5fd-5e70-418c-8200-ab7597c71416,IN-SERVICE,NOT APPLICABLE,102.49,0.0
2026-06-12T19:40:00+08:00,KWINANA_ESR2,225.0,117.7,2,2dbcf5fd-5e70-418c-8200-ab7597c71416,IN-SERVICE,NOT APPLICABLE,117.96,0.0
2026-06-12T19:40:00+08:00,COLLIE_BESS2,0.0,-987.3,1,246a403f-9f42-4ae2-9c64-2ab81c657e8a,IN-SERVICE,NON-LIQUID,-1000.0,
2026-06-12T19:40:00+08:00,COLLIE_BESS2,-150.0,-42.46,2,246a403f-9f42-4ae2-9c64-2ab81c657e8a,IN-SERVICE,NON-LIQUID,-43.01,
2026-06-12T19:40:00+08:00,COLLIE_BESS2,-150.0,-10.0,3,246a403f-9f42-4ae2-9c64-2ab81c657e8a,IN-SERVICE,NON-LIQUID,-10.13,
2026-06-12T19:40:00+08:00,COLLIE_BESS2,0.0,60.0,4,246a403f-9f42-4ae2-9c64-2ab81c657e8a,IN-SERVICE,NON-LIQUID,60.77,
2026-06-12T19:40:00+08:00,COLLIE_BESS2,120.0,127.66,5,246a403f-9f42-4ae2-9c64-2ab81c657e8a,IN-SERVICE,NON-LIQUID,129.3,
2026-06-12T19:40:00+08:00,COLLIE_BESS2,120.0,136.61,6,246a403f-9f42-4ae2-9c64-2ab81c657e8a,IN-SERVICE,NON-LIQUID,138.37,
2026-06-12T19:40:00+08:00,COLLIE_BESS2,30.0,150.0,7,246a403f-9f42-4ae2-9c64-2ab81c657e8a,IN-SERVICE,NON-LIQUID,151.93,
2026-06-12T19:40:00+08:00,COLLIE_BESS2,30.0,250.0,8,246a403f-9f42-4ae2-9c64-2ab81c657e8a,IN-SERVICE,NON-LIQUID,253.22,
2026-06-12T19:40:00+08:00,COLLIE_BESS2,0.0,646.3,9,246a403f-9f42-4ae2-9c64-2ab81c657e8a,IN-SERVICE,NON-LIQUID,654.61,
2026-06-12T19:40:00+08:00,COLLIE_BESS2,0.0,1678.41,10,246a403f-9f42-4ae2-9c64-2ab81c657e8a,IN-SERVICE,NON-LIQUID,1700.0,
2026-06-12T19:40:00+08:00,COLLIE_ESR4,-250.0,101.14,1,059e5545-8e37-4d72-a9c2-6611aa9dc3fb,IN-SERVICE,NOT APPLICABLE,102.44,0.0
2026-06-12T19:40:00+08:00,COLLIE_ESR4,250.0,116.5,2,059e5545-8e37-4d72-a9c2-6611aa9dc3fb,IN-SERVICE,NOT APPLICABLE,118.0,0.0
2026-06-12T19:40:00+08:00,COLLIE_ESR5,-250.0,101.26,1,586ce48a-1e1a-4a66-bd87-e8c7762a9758,IN-SERVICE,NOT APPLICABLE,102.56,0.0
2026-06-12T19:40:00+08:00,COLLIE_ESR5,250.0,116.38,2,586ce48a-1e1a-4a66-bd87-e8c7762a9758,IN-SERVICE,NOT APPLICABLE,117.88,0.0
2026-06-12T19:45:00+08:00,KWINANA_ESR1,-100.0,129.07,1,3e743183-94eb-47d2-a71e-e6e5fbf49e82,IN-SERVICE,NOT APPLICABLE,129.48,0.0
2026-06-12T19:45:00+08:00,KWINANA_ESR1,100.0,143.83,2,3e743183-94eb-47d2-a71e-e6e5fbf49e82,IN-SERVICE,NOT APPLICABLE,144.29,0.0
2026-06-12T19:45:00+08:00,COLLIE_ESR1,0.0,-987.3,1,b2991483-9c6e-4deb-9f76-8e5945ca276f,IN-SERVICE,NON-LIQUID,-1000.0,
2026-06-12T19:45:00+08:00,COLLIE_ESR1,-100.0,-42.46,2,b2991483-9c6e-4deb-9f76-8e5945ca276f,IN-SERVICE,NON-LIQUID,-43.01,
2026-06-12T19:45:00+08:00,COLLIE_ESR1,-100.0,-10.0,3,b2991483-9c6e-4deb-9f76-8e5945ca276f,IN-SERVICE,NON-LIQUID,-10.13,
2026-06-12T19:45:00+08:00,COLLIE_ESR1,0.0,34.02,4,b2991483-9c6e-4deb-9f76-8e5945ca276f,IN-SERVICE,NON-LIQUID,34.46,
2026-06-12T19:45:00+08:00,COLLIE_ESR1,0.0,60.0,5,b2991483-9c6e-4deb-9f76-8e5945ca276f,IN-SERVICE,NON-LIQUID,60.77,
2026-06-12T19:45:00+08:00,COLLIE_ESR1,100.0,108.3,6,b2991483-9c6e-4deb-9f76-8e5945ca276f,IN-SERVICE,NON-LIQUID,109.69,
2026-06-12T19:45:00+08:00,COLLIE_ESR1,100.0,114.82,7,b2991483-9c6e-4deb-9f76-8e5945ca276f,IN-SERVICE,NON-LIQUID,116.3,
2026-06-12T19:45:00+08:00,COLLIE_ESR1,0.0,646.1,8,b2991483-9c6e-4deb-9f76-8e5945ca276f,IN-SERVICE,NON-LIQUID,654.41,
2026-06-12T19:45:00+08:00,COLLIE_ESR1,0.0,646.3,9,b2991483-9c6e-4deb-9f76-8e5945ca276f,IN-SERVICE,NON-LIQUID,654.61,
2026-06-12T19:45:00+08:00,COLLIE_ESR1,0.0,1678.41,10,b2991483-9c6e-4deb-9f76-8e5945ca276f,IN-SERVICE,NON-LIQUID,1700.0,
2026-06-12T19:45:00+08:00,KWINANA_ESR2,-225.0,102.26,1,2dbcf5fd-5e70-418c-8200-ab7597c71416,IN-SERVICE,NOT APPLICABLE,102.49,0.0
2026-06-12T19:45:00+08:00,KWINANA_ESR2,225.0,117.7,2,2dbcf5fd-5e70-418c-8200-ab7597c71416,IN-SERVICE,NOT APPLICABLE,117.96,0.0
2026-06-12T19:45:00+08:00,COLLIE_BESS2,0.0,-987.3,1,28146de3-5123-487a-899f-17aa0ac77291,IN-SERVICE,NON-LIQUID,-1000.0,
2026-06-12T19:45:00+08:00,COLLIE_BESS2,-150.0,-42.46,2,28146de3-5123-487a-899f-17aa0ac77291,IN-SERVICE,NON-LIQUID,-43.01,
2026-06-12T19:45:00+08:00,COLLIE_BESS2,-150.0,-10.0,3,28146de3-5123-487a-899f-17aa0ac77291,IN-SERVICE,NON-LIQUID,-10.13,
2026-06-12T19:45:00+08:00,COLLIE_BESS2,0.0,34.02,4,28146de3-5123-487a-899f-17aa0ac77291,IN-SERVICE,NON-LIQUID,34.46,
2026-06-12T19:45:00+08:00,COLLIE_BESS2,0.0,60.0,5,28146de3-5123-487a-899f-17aa0ac77291,IN-SERVICE,NON-LIQUID,60.77,
2026-06-12T19:45:00+08:00,COLLIE_BESS2,150.0,150.0,6,28146de3-5123-487a-899f-17aa0ac77291,IN-SERVICE,NON-LIQUID,151.93,
2026-06-12T19:45:00+08:00,COLLIE_BESS2,150.0,250.0,7,28146de3-5123-487a-899f-17aa0ac77291,IN-SERVICE,NON-LIQUID,253.22,
2026-06-12T19:45:00+08:00,COLLIE_BESS2,0.0,646.1,8,28146de3-5123-487a-899f-17aa0ac77291,IN-SERVICE,NON-LIQUID,654.41,
2026-06-12T19:45:00+08:00,COLLIE_BESS2,0.0,646.3,9,28146de3-5123-487a-899f-17aa0ac77291,IN-SERVICE,NON-LIQUID,654.61,
2026-06-12T19:45:00+08:00,COLLIE_BESS2,0.0,1678.41,10,28146de3-5123-487a-899f-17aa0ac77291,IN-SERVICE,NON-LIQUID,1700.0,
2026-06-12T19:45:00+08:00,COLLIE_ESR4,-250.0,101.14,1,059e5545-8e37-4d72-a9c2-6611aa9dc3fb,IN-SERVICE,NOT APPLICABLE,102.44,0.0
2026-06-12T19:45:00+08:00,COLLIE_ESR4,250.0,116.5,2,059e5545-8e37-4d72-a9c2-6611aa9dc3fb,IN-SERVICE,NOT APPLICABLE,118.0,0.0
2026-06-12T19:45:00+08:00,COLLIE_ESR5,-250.0,101.26,1,586ce48a-1e1a-4a66-bd87-e8c7762a9758,IN-SERVICE,NOT APPLICABLE,102.56,0.0
2026-06-12T19:45:00+08:00,COLLIE_ESR5,250.0,116.38,2,586ce48a-1e1a-4a66-bd87-e8c7762a9758,IN-SERVICE,NOT APPLICABLE,117.88,0.0
2026-06-12T19:50:00+08:00,KWINANA_ESR1,-58.576,128.89,1,3e743183-94eb-47d2-a71e-e6e5fbf49e82,IN-SERVICE,NOT APPLICABLE,129.3,0.0
2026-06-12T19:50:00+08:00,KWINANA_ESR1,-41.424,129.04,2,3e743183-94eb-47d2-a71e-e6e5fbf49e82,IN-SERVICE,NOT APPLICABLE,129.45,0.0
2026-06-12T19:50:00+08:00,KWINANA_ESR1,100.0,143.8,3,3e743183-94eb-47d2-a71e-e6e5fbf49e82,IN-SERVICE,NOT APPLICABLE,144.26,0.0
2026-06-12T19:50:00+08:00,COLLIE_ESR1,0.0,-987.3,1,556de118-98f1-4dcb-bc82-972c8905bacf,IN-SERVICE,NON-LIQUID,-1000.0,
2026-06-12T19:50:00+08:00,COLLIE_ESR1,-100.0,-42.46,2,556de118-98f1-4dcb-bc82-972c8905bacf,IN-SERVICE,NON-LIQUID,-43.01,
2026-06-12T19:50:00+08:00,COLLIE_ESR1,-100.0,-10.0,3,556de118-98f1-4dcb-bc82-972c8905bacf,IN-SERVICE,NON-LIQUID,-10.13,
2026-06-12T19:50:00+08:00,COLLIE_ESR1,0.0,60.0,4,556de118-98f1-4dcb-bc82-972c8905bacf,IN-SERVICE,NON-LIQUID,60.77,
2026-06-12T19:50:00+08:00,COLLIE_ESR1,64.0,108.3,5,556de118-98f1-4dcb-bc82-972c8905bacf,IN-SERVICE,NON-LIQUID,109.69,
2026-06-12T19:50:00+08:00,COLLIE_ESR1,64.0,112.17,6,556de118-98f1-4dcb-bc82-972c8905bacf,IN-SERVICE,NON-LIQUID,113.61,
2026-06-12T19:50:00+08:00,COLLIE_ESR1,36.0,150.0,7,556de118-98f1-4dcb-bc82-972c8905bacf,IN-SERVICE,NON-LIQUID,151.93,
2026-06-12T19:50:00+08:00,COLLIE_ESR1,36.0,250.0,8,556de118-98f1-4dcb-bc82-972c8905bacf,IN-SERVICE,NON-LIQUID,253.22,
2026-06-12T19:50:00+08:00,COLLIE_ESR1,0.0,646.3,9,556de118-98f1-4dcb-bc82-972c8905bacf,IN-SERVICE,NON-LIQUID,654.61,
2026-06-12T19:50:00+08:00,COLLIE_ESR1,0.0,1678.41,10,556de118-98f1-4dcb-bc82-972c8905bacf,IN-SERVICE,NON-LIQUID,1700.0,
2026-06-12T19:50:00+08:00,KWINANA_ESR2,-225.0,102.26,1,2dbcf5fd-5e70-418c-8200-ab7597c71416,IN-SERVICE,NOT APPLICABLE,102.49,0.0
2026-06-12T19:50:00+08:00,KWINANA_ESR2,225.0,117.7,2,2dbcf5fd-5e70-418c-8200-ab7597c71416,IN-SERVICE,NOT APPLICABLE,117.96,0.0
2026-06-12T19:50:00+08:00,COLLIE_BESS2,0.0,-987.3,1,1be8557c-ad7c-4ae2-a541-04a0a7081d00,IN-SERVICE,NON-LIQUID,-1000.0,
2026-06-12T19:50:00+08:00,COLLIE_BESS2,-150.0,-42.46,2,1be8557c-ad7c-4ae2-a541-04a0a7081d00,IN-SERVICE,NON-LIQUID,-43.01,
2026-06-12T19:50:00+08:00,COLLIE_BESS2,-150.0,-10.0,3,1be8557c-ad7c-4ae2-a541-04a0a7081d00,IN-SERVICE,NON-LIQUID,-10.13,
2026-06-12T19:50:00+08:00,COLLIE_BESS2,0.0,34.02,4,1be8557c-ad7c-4ae2-a541-04a0a7081d00,IN-SERVICE,NON-LIQUID,34.46,
2026-06-12T19:50:00+08:00,COLLIE_BESS2,0.0,60.0,5,1be8557c-ad7c-4ae2-a541-04a0a7081d00,IN-SERVICE,NON-LIQUID,60.77,
2026-06-12T19:50:00+08:00,COLLIE_BESS2,150.0,150.0,6,1be8557c-ad7c-4ae2-a541-04a0a7081d00,IN-SERVICE,NON-LIQUID,151.93,
2026-06-12T19:50:00+08:00,COLLIE_BESS2,150.0,250.0,7,1be8557c-ad7c-4ae2-a541-04a0a7081d00,IN-SERVICE,NON-LIQUID,253.22,
2026-06-12T19:50:00+08:00,COLLIE_BESS2,0.0,646.1,8,1be8557c-ad7c-4ae2-a541-04a0a7081d00,IN-SERVICE,NON-LIQUID,654.41,
2026-06-12T19:50:00+08:00,COLLIE_BESS2,0.0,646.3,9,1be8557c-ad7c-4ae2-a541-04a0a7081d00,IN-SERVICE,NON-LIQUID,654.61,
2026-06-12T19:50:00+08:00,COLLIE_BESS2,0.0,1678.41,10,1be8557c-ad7c-4ae2-a541-04a0a7081d00,IN-SERVICE,NON-LIQUID,1700.0,
2026-06-12T19:50:00+08:00,COLLIE_ESR4,-250.0,101.14,1,059e5545-8e37-4d72-a9c2-6611aa9dc3fb,IN-SERVICE,NOT APPLICABLE,102.44,0.0
2026-06-12T19:50:00+08:00,COLLIE_ESR4,250.0,116.5,2,059e5545-8e37-4d72-a9c2-6611aa9dc3fb,IN-SERVICE,NOT APPLICABLE,118.0,0.0
2026-06-12T19:50:00+08:00,COLLIE_ESR5,-250.0,101.26,1,586ce48a-1e1a-4a66-bd87-e8c7762a9758,IN-SERVICE,NOT APPLICABLE,102.56,0.0
2026-06-12T19:50:00+08:00,COLLIE_ESR5,250.0,116.38,2,586ce48a-1e1a-4a66-bd87-e8c7762a9758,IN-SERVICE,NOT APPLICABLE,117.88,0.0
2026-06-12T19:55:00+08:00,KWINANA_ESR1,-100.0,110.12,1,b6cfee63-9f25-4bfa-a4cf-e6e785b5f4ab,IN-SERVICE,NOT APPLICABLE,110.47,0.0
2026-06-12T19:55:00+08:00,KWINANA_ESR1,100.0,124.88,2,b6cfee63-9f25-4bfa-a4cf-e6e785b5f4ab,IN-SERVICE,NOT APPLICABLE,125.28,0.0
2026-06-12T19:55:00+08:00,COLLIE_ESR1,0.0,-987.3,1,84d24930-e44a-477d-85d9-99ac9e12f54c,IN-SERVICE,NON-LIQUID,-1000.0,
2026-06-12T19:55:00+08:00,COLLIE_ESR1,-100.0,-42.46,2,84d24930-e44a-477d-85d9-99ac9e12f54c,IN-SERVICE,NON-LIQUID,-43.01,
2026-06-12T19:55:00+08:00,COLLIE_ESR1,-100.0,-10.0,3,84d24930-e44a-477d-85d9-99ac9e12f54c,IN-SERVICE,NON-LIQUID,-10.13,
2026-06-12T19:55:00+08:00,COLLIE_ESR1,0.0,34.02,4,84d24930-e44a-477d-85d9-99ac9e12f54c,IN-SERVICE,NON-LIQUID,34.46,
2026-06-12T19:55:00+08:00,COLLIE_ESR1,0.0,60.0,5,84d24930-e44a-477d-85d9-99ac9e12f54c,IN-SERVICE,NON-LIQUID,60.77,
2026-06-12T19:55:00+08:00,COLLIE_ESR1,100.0,150.0,6,84d24930-e44a-477d-85d9-99ac9e12f54c,IN-SERVICE,NON-LIQUID,151.93,
2026-06-12T19:55:00+08:00,COLLIE_ESR1,100.0,250.0,7,84d24930-e44a-477d-85d9-99ac9e12f54c,IN-SERVICE,NON-LIQUID,253.22,
2026-06-12T19:55:00+08:00,COLLIE_ESR1,0.0,646.1,8,84d24930-e44a-477d-85d9-99ac9e12f54c,IN-SERVICE,NON-LIQUID,654.41,
2026-06-12T19:55:00+08:00,COLLIE_ESR1,0.0,646.3,9,84d24930-e44a-477d-85d9-99ac9e12f54c,IN-SERVICE,NON-LIQUID,654.61,
2026-06-12T19:55:00+08:00,COLLIE_ESR1,0.0,1678.41,10,84d24930-e44a-477d-85d9-99ac9e12f54c,IN-SERVICE,NON-LIQUID,1700.0,
2026-06-12T19:55:00+08:00,KWINANA_ESR2,-225.0,102.26,1,46446058-323f-48b6-92dd-1a7394008b61,IN-SERVICE,NOT APPLICABLE,102.49,0.0
2026-06-12T19:55:00+08:00,KWINANA_ESR2,225.0,117.7,2,46446058-323f-48b6-92dd-1a7394008b61,IN-SERVICE,NOT APPLICABLE,117.96,0.0
2026-06-12T19:55:00+08:00,COLLIE_BESS2,0.0,-987.3,1,40111a6e-5381-4b25-8ad3-07a526ca083b,IN-SERVICE,NON-LIQUID,-1000.0,
2026-06-12T19:55:00+08:00,COLLIE_BESS2,-150.0,-42.46,2,40111a6e-5381-4b25-8ad3-07a526ca083b,IN-SERVICE,NON-LIQUID,-43.01,
2026-06-12T19:55:00+08:00,COLLIE_BESS2,-150.0,-10.0,3,40111a6e-5381-4b25-8ad3-07a526ca083b,IN-SERVICE,NON-LIQUID,-10.13,
2026-06-12T19:55:00+08:00,COLLIE_BESS2,0.0,34.02,4,40111a6e-5381-4b25-8ad3-07a526ca083b,IN-SERVICE,NON-LIQUID,34.46,
2026-06-12T19:55:00+08:00,COLLIE_BESS2,0.0,60.0,5,40111a6e-5381-4b25-8ad3-07a526ca083b,IN-SERVICE,NON-LIQUID,60.77,
2026-06-12T19:55:00+08:00,COLLIE_BESS2,150.0,150.0,6,40111a6e-5381-4b25-8ad3-07a526ca083b,IN-SERVICE,NON-LIQUID,151.93,
2026-06-12T19:55:00+08:00,COLLIE_BESS2,150.0,250.0,7,40111a6e-5381-4b25-8ad3-07a526ca083b,IN-SERVICE,NON-LIQUID,253.22,
2026-06-12T19:55:00+08:00,COLLIE_BESS2,0.0,646.1,8,40111a6e-5381-4b25-8ad3-07a526ca083b,IN-SERVICE,NON-LIQUID,654.41,
2026-06-12T19:55:00+08:00,COLLIE_BESS2,0.0,646.3,9,40111a6e-5381-4b25-8ad3-07a526ca083b,IN-SERVICE,NON-LIQUID,654.61,
2026-06-12T19:55:00+08:00,COLLIE_BESS2,0.0,1678.41,10,40111a6e-5381-4b25-8ad3-07a526ca083b,IN-SERVICE,NON-LIQUID,1700.0,
2026-06-12T19:55:00+08:00,COLLIE_ESR4,-250.0,101.14,1,70e14d72-fa15-4073-81f1-db1f20103d96,IN-SERVICE,NOT APPLICABLE,102.44,0.0
2026-06-12T19:55:00+08:00,COLLIE_ESR4,250.0,116.5,2,70e14d72-fa15-4073-81f1-db1f20103d96,IN-SERVICE,NOT APPLICABLE,118.0,0.0
2026-06-12T19:55:00+08:00,COLLIE_ESR5,-250.0,101.26,1,f005af66-6fed-489d-b1f2-93b138abe0fc,IN-SERVICE,NOT APPLICABLE,102.56,0.0
2026-06-12T19:55:00+08:00,COLLIE_ESR5,250.0,116.38,2,f005af66-6fed-489d-b1f2-93b138abe0fc,IN-SERVICE,NOT APPLICABLE,117.88,0.0
2026-06-12T20:00:00+08:00,KWINANA_ESR1,-100.0,108.34,1,b6cfee63-9f25-4bfa-a4cf-e6e785b5f4ab,IN-SERVICE,NOT APPLICABLE,108.69,0.0
2026-06-12T20:00:00+08:00,KWINANA_ESR1,100.0,123.1,2,b6cfee63-9f25-4bfa-a4cf-e6e785b5f4ab,IN-SERVICE,NOT APPLICABLE,123.5,0.0
2026-06-12T20:00:00+08:00,COLLIE_ESR1,0.0,-987.3,1,55868441-9b49-4197-a533-c381301e1201,IN-SERVICE,NON-LIQUID,-1000.0,
2026-06-12T20:00:00+08:00,COLLIE_ESR1,-100.0,-42.46,2,55868441-9b49-4197-a533-c381301e1201,IN-SERVICE,NON-LIQUID,-43.01,
2026-06-12T20:00:00+08:00,COLLIE_ESR1,-100.0,-10.0,3,55868441-9b49-4197-a533-c381301e1201,IN-SERVICE,NON-LIQUID,-10.13,
2026-06-12T20:00:00+08:00,COLLIE_ESR1,0.0,34.02,4,55868441-9b49-4197-a533-c381301e1201,IN-SERVICE,NON-LIQUID,34.46,
2026-06-12T20:00:00+08:00,COLLIE_ESR1,0.0,36.66,5,55868441-9b49-4197-a533-c381301e1201,IN-SERVICE,NON-LIQUID,37.13,
2026-06-12T20:00:00+08:00,COLLIE_ESR1,100.0,150.0,6,55868441-9b49-4197-a533-c381301e1201,IN-SERVICE,NON-LIQUID,151.93,
2026-06-12T20:00:00+08:00,COLLIE_ESR1,100.0,250.0,7,55868441-9b49-4197-a533-c381301e1201,IN-SERVICE,NON-LIQUID,253.22,
2026-06-12T20:00:00+08:00,COLLIE_ESR1,0.0,1084.1,8,55868441-9b49-4197-a533-c381301e1201,IN-SERVICE,NON-LIQUID,1098.05,
2026-06-12T20:00:00+08:00,COLLIE_ESR1,0.0,1678.41,9,55868441-9b49-4197-a533-c381301e1201,IN-SERVICE,NON-LIQUID,1700.0,
2026-06-12T20:00:00+08:00,COLLIE_ESR1,0.0,1678.41,10,55868441-9b49-4197-a533-c381301e1201,IN-SERVICE,NON-LIQUID,1700.0,
2026-06-12T20:00:00+08:00,KWINANA_ESR2,-225.0,102.26,1,46446058-323f-48b6-92dd-1a7394008b61,IN-SERVICE,NOT APPLICABLE,102.49,0.0
2026-06-12T20:00:00+08:00,KWINANA_ESR2,225.0,117.7,2,46446058-323f-48b6-92dd-1a7394008b61,IN-SERVICE,NOT APPLICABLE,117.96,0.0
2026-06-12T20:00:00+08:00,COLLIE_BESS2,0.0,-987.3,1,0fa485d1-0df2-42af-a040-806e2b1daf01,IN-SERVICE,NON-LIQUID,-1000.0,
2026-06-12T20:00:00+08:00,COLLIE_BESS2,-150.0,-42.46,2,0fa485d1-0df2-42af-a040-806e2b1daf01,IN-SERVICE,NON-LIQUID,-43.01,
2026-06-12T20:00:00+08:00,COLLIE_BESS2,-150.0,-10.0,3,0fa485d1-0df2-42af-a040-806e2b1daf01,IN-SERVICE,NON-LIQUID,-10.13,
2026-06-12T20:00:00+08:00,COLLIE_BESS2,0.0,34.02,4,0fa485d1-0df2-42af-a040-806e2b1daf01,IN-SERVICE,NON-LIQUID,34.46,
2026-06-12T20:00:00+08:00,COLLIE_BESS2,0.0,36.66,5,0fa485d1-0df2-42af-a040-806e2b1daf01,IN-SERVICE,NON-LIQUID,37.13,
2026-06-12T20:00:00+08:00,COLLIE_BESS2,150.0,150.0,6,0fa485d1-0df2-42af-a040-806e2b1daf01,IN-SERVICE,NON-LIQUID,151.93,
2026-06-12T20:00:00+08:00,COLLIE_BESS2,150.0,250.0,7,0fa485d1-0df2-42af-a040-806e2b1daf01,IN-SERVICE,NON-LIQUID,253.22,
2026-06-12T20:00:00+08:00,COLLIE_BESS2,0.0,1084.1,8,0fa485d1-0df2-42af-a040-806e2b1daf01,IN-SERVICE,NON-LIQUID,1098.05,
2026-06-12T20:00:00+08:00,COLLIE_BESS2,0.0,1678.41,9,0fa485d1-0df2-42af-a040-806e2b1daf01,IN-SERVICE,NON-LIQUID,1700.0,
2026-06-12T20:00:00+08:00,COLLIE_BESS2,0.0,1678.41,10,0fa485d1-0df2-42af-a040-806e2b1daf01,IN-SERVICE,NON-LIQUID,1700.0,
2026-06-12T20:00:00+08:00,COLLIE_ESR4,-250.0,101.14,1,70e14d72-fa15-4073-81f1-db1f20103d96,IN-SERVICE,NOT APPLICABLE,102.44,0.0
2026-06-12T20:00:00+08:00,COLLIE_ESR4,250.0,116.5,2,70e14d72-fa15-4073-81f1-db1f20103d96,IN-SERVICE,NOT APPLICABLE,118.0,0.0
2026-06-12T20:00:00+08:00,COLLIE_ESR5,-250.0,101.26,1,f005af66-6fed-489d-b1f2-93b138abe0fc,IN-SERVICE,NOT APPLICABLE,102.56,0.0
2026-06-12T20:00:00+08:00,COLLIE_ESR5,250.0,116.38,2,f005af66-6fed-489d-b1f2-93b138abe0fc,IN-SERVICE,NOT APPLICABLE,117.88,0.0
2026-06-12T20:05:00+08:00,KWINANA_ESR1,-100.0,105.94,1,b6cfee63-9f25-4bfa-a4cf-e6e785b5f4ab,IN-SERVICE,NOT APPLICABLE,106.28,0.0
2026-06-12T20:05:00+08:00,KWINANA_ESR1,100.0,120.7,2,b6cfee63-9f25-4bfa-a4cf-e6e785b5f4ab,IN-SERVICE,NOT APPLICABLE,121.09,0.0
2026-06-12T20:05:00+08:00,COLLIE_ESR1,0.0,-987.3,1,063549f6-1f9e-4fc6-b760-75fc188097ed,IN-SERVICE,NON-LIQUID,-1000.0,
2026-06-12T20:05:00+08:00,COLLIE_ESR1,-100.0,-42.46,2,063549f6-1f9e-4fc6-b760-75fc188097ed,IN-SERVICE,NON-LIQUID,-43.01,
2026-06-12T20:05:00+08:00,COLLIE_ESR1,-100.0,-10.0,3,063549f6-1f9e-4fc6-b760-75fc188097ed,IN-SERVICE,NON-LIQUID,-10.13,
2026-06-12T20:05:00+08:00,COLLIE_ESR1,0.0,34.02,4,063549f6-1f9e-4fc6-b760-75fc188097ed,IN-SERVICE,NON-LIQUID,34.46,
2026-06-12T20:05:00+08:00,COLLIE_ESR1,0.0,36.66,5,063549f6-1f9e-4fc6-b760-75fc188097ed,IN-SERVICE,NON-LIQUID,37.13,
2026-06-12T20:05:00+08:00,COLLIE_ESR1,100.0,150.0,6,063549f6-1f9e-4fc6-b760-75fc188097ed,IN-SERVICE,NON-LIQUID,151.93,
2026-06-12T20:05:00+08:00,COLLIE_ESR1,100.0,250.0,7,063549f6-1f9e-4fc6-b760-75fc188097ed,IN-SERVICE,NON-LIQUID,253.22,
2026-06-12T20:05:00+08:00,COLLIE_ESR1,0.0,1084.1,8,063549f6-1f9e-4fc6-b760-75fc188097ed,IN-SERVICE,NON-LIQUID,1098.05,
2026-06-12T20:05:00+08:00,COLLIE_ESR1,0.0,1678.41,9,063549f6-1f9e-4fc6-b760-75fc188097ed,IN-SERVICE,NON-LIQUID,1700.0,
2026-06-12T20:05:00+08:00,COLLIE_ESR1,0.0,1678.41,10,063549f6-1f9e-4fc6-b760-75fc188097ed,IN-SERVICE,NON-LIQUID,1700.0,
2026-06-12T20:05:00+08:00,KWINANA_ESR2,-225.0,102.26,1,46446058-323f-48b6-92dd-1a7394008b61,IN-SERVICE,NOT APPLICABLE,102.49,0.0
2026-06-12T20:05:00+08:00,KWINANA_ESR2,225.0,117.7,2,46446058-323f-48b6-92dd-1a7394008b61,IN-SERVICE,NOT APPLICABLE,117.96,0.0
2026-06-12T20:05:00+08:00,COLLIE_BESS2,0.0,-987.3,1,0ea5dd07-96a1-4eb7-9229-117d898a0380,IN-SERVICE,NON-LIQUID,-1000.0,
2026-06-12T20:05:00+08:00,COLLIE_BESS2,-150.0,-42.46,2,0ea5dd07-96a1-4eb7-9229-117d898a0380,IN-SERVICE,NON-LIQUID,-43.01,
2026-06-12T20:05:00+08:00,COLLIE_BESS2,-150.0,-10.0,3,0ea5dd07-96a1-4eb7-9229-117d898a0380,IN-SERVICE,NON-LIQUID,-10.13,
2026-06-12T20:05:00+08:00,COLLIE_BESS2,0.0,34.02,4,0ea5dd07-96a1-4eb7-9229-117d898a0380,IN-SERVICE,NON-LIQUID,34.46,
2026-06-12T20:05:00+08:00,COLLIE_BESS2,0.0,36.66,5,0ea5dd07-96a1-4eb7-9229-117d898a0380,IN-SERVICE,NON-LIQUID,37.13,
2026-06-12T20:05:00+08:00,COLLIE_BESS2,150.0,150.0,6,0ea5dd07-96a1-4eb7-9229-117d898a0380,IN-SERVICE,NON-LIQUID,151.93,
2026-06-12T20:05:00+08:00,COLLIE_BESS2,150.0,250.0,7,0ea5dd07-96a1-4eb7-9229-117d898a0380,IN-SERVICE,NON-LIQUID,253.22,
2026-06-12T20:05:00+08:00,COLLIE_BESS2,0.0,1084.1,8,0ea5dd07-96a1-4eb7-9229-117d898a0380,IN-SERVICE,NON-LIQUID,1098.05,
2026-06-12T20:05:00+08:00,COLLIE_BESS2,0.0,1678.41,9,0ea5dd07-96a1-4eb7-9229-117d898a0380,IN-SERVICE,NON-LIQUID,1700.0,
2026-06-12T20:05:00+08:00,COLLIE_BESS2,0.0,1678.41,10,0ea5dd07-96a1-4eb7-9229-117d898a0380,IN-SERVICE,NON-LIQUID,1700.0,
2026-06-12T20:05:00+08:00,COLLIE_ESR4,-250.0,101.14,1,70e14d72-fa15-4073-81f1-db1f20103d96,IN-SERVICE,NOT APPLICABLE,102.44,0.0
2026-06-12T20:05:00+08:00,COLLIE_ESR4,250.0,116.5,2,70e14d72-fa15-4073-81f1-db1f20103d96,IN-SERVICE,NOT APPLICABLE,118.0,0.0
2026-06-12T20:05:00+08:00,COLLIE_ESR5,-250.0,101.26,1,f005af66-6fed-489d-b1f2-93b138abe0fc,IN-SERVICE,NOT APPLICABLE,102.56,0.0
2026-06-12T20:05:00+08:00,COLLIE_ESR5,250.0,116.38,2,f005af66-6fed-489d-b1f2-93b138abe0fc,IN-SERVICE,NOT APPLICABLE,117.88,0.0
2026-06-12T20:10:00+08:00,KWINANA_ESR1,-100.0,110.12,1,12cddb5d-7154-4b22-b476-9ed0af4f98d9,IN-SERVICE,NOT APPLICABLE,110.47,0.0
2026-06-12T20:10:00+08:00,KWINANA_ESR1,100.0,124.88,2,12cddb5d-7154-4b22-b476-9ed0af4f98d9,IN-SERVICE,NOT APPLICABLE,125.28,0.0
2026-06-12T20:10:00+08:00,COLLIE_ESR1,0.0,-987.3,1,52c75fdc-fef6-4740-a45d-35c104ddf076,IN-SERVICE,NON-LIQUID,-1000.0,
2026-06-12T20:10:00+08:00,COLLIE_ESR1,-100.0,-42.46,2,52c75fdc-fef6-4740-a45d-35c104ddf076,IN-SERVICE,NON-LIQUID,-43.01,
2026-06-12T20:10:00+08:00,COLLIE_ESR1,-100.0,-10.0,3,52c75fdc-fef6-4740-a45d-35c104ddf076,IN-SERVICE,NON-LIQUID,-10.13,
2026-06-12T20:10:00+08:00,COLLIE_ESR1,0.0,34.02,4,52c75fdc-fef6-4740-a45d-35c104ddf076,IN-SERVICE,NON-LIQUID,34.46,
2026-06-12T20:10:00+08:00,COLLIE_ESR1,0.0,36.66,5,52c75fdc-fef6-4740-a45d-35c104ddf076,IN-SERVICE,NON-LIQUID,37.13,
2026-06-12T20:10:00+08:00,COLLIE_ESR1,100.0,150.0,6,52c75fdc-fef6-4740-a45d-35c104ddf076,IN-SERVICE,NON-LIQUID,151.93,
2026-06-12T20:10:00+08:00,COLLIE_ESR1,100.0,250.0,7,52c75fdc-fef6-4740-a45d-35c104ddf076,IN-SERVICE,NON-LIQUID,253.22,
2026-06-12T20:10:00+08:00,COLLIE_ESR1,0.0,1084.1,8,52c75fdc-fef6-4740-a45d-35c104ddf076,IN-SERVICE,NON-LIQUID,1098.05,
2026-06-12T20:10:00+08:00,COLLIE_ESR1,0.0,1678.41,9,52c75fdc-fef6-4740-a45d-35c104ddf076,IN-SERVICE,NON-LIQUID,1700.0,
2026-06-12T20:10:00+08:00,COLLIE_ESR1,0.0,1678.41,10,52c75fdc-fef6-4740-a45d-35c104ddf076,IN-SERVICE,NON-LIQUID,1700.0,
2026-06-12T20:10:00+08:00,KWINANA_ESR2,-225.0,100.47,1,8e16a1f5-8223-4fbc-a083-883e9f00bf2c,IN-SERVICE,NOT APPLICABLE,100.69,0.0
2026-06-12T20:10:00+08:00,KWINANA_ESR2,225.0,121.15,2,8e16a1f5-8223-4fbc-a083-883e9f00bf2c,IN-SERVICE,NOT APPLICABLE,121.42,0.0
2026-06-12T20:10:00+08:00,COLLIE_BESS2,0.0,-987.3,1,eb236a1c-65b7-465b-bb5c-22afd193b2ac,IN-SERVICE,NON-LIQUID,-1000.0,
2026-06-12T20:10:00+08:00,COLLIE_BESS2,-150.0,-42.46,2,eb236a1c-65b7-465b-bb5c-22afd193b2ac,IN-SERVICE,NON-LIQUID,-43.01,
2026-06-12T20:10:00+08:00,COLLIE_BESS2,-150.0,-10.0,3,eb236a1c-65b7-465b-bb5c-22afd193b2ac,IN-SERVICE,NON-LIQUID,-10.13,
2026-06-12T20:10:00+08:00,COLLIE_BESS2,0.0,34.02,4,eb236a1c-65b7-465b-bb5c-22afd193b2ac,IN-SERVICE,NON-LIQUID,34.46,
2026-06-12T20:10:00+08:00,COLLIE_BESS2,0.0,36.66,5,eb236a1c-65b7-465b-bb5c-22afd193b2ac,IN-SERVICE,NON-LIQUID,37.13,
2026-06-12T20:10:00+08:00,COLLIE_BESS2,150.0,150.0,6,eb236a1c-65b7-465b-bb5c-22afd193b2ac,IN-SERVICE,NON-LIQUID,151.93,
2026-06-12T20:10:00+08:00,COLLIE_BESS2,150.0,250.0,7,eb236a1c-65b7-465b-bb5c-22afd193b2ac,IN-SERVICE,NON-LIQUID,253.22,
2026-06-12T20:10:00+08:00,COLLIE_BESS2,0.0,1084.1,8,eb236a1c-65b7-465b-bb5c-22afd193b2ac,IN-SERVICE,NON-LIQUID,1098.05,
2026-06-12T20:10:00+08:00,COLLIE_BESS2,0.0,1678.41,9,eb236a1c-65b7-465b-bb5c-22afd193b2ac,IN-SERVICE,NON-LIQUID,1700.0,
2026-06-12T20:10:00+08:00,COLLIE_BESS2,0.0,1678.41,10,eb236a1c-65b7-465b-bb5c-22afd193b2ac,IN-SERVICE,NON-LIQUID,1700.0,
2026-06-12T20:10:00+08:00,COLLIE_ESR4,-250.0,99.33,1,289044f2-fb54-4212-817a-c64032754eed,IN-SERVICE,NOT APPLICABLE,100.61,0.0
2026-06-12T20:10:00+08:00,COLLIE_ESR4,250.0,114.73,2,289044f2-fb54-4212-817a-c64032754eed,IN-SERVICE,NOT APPLICABLE,116.21,0.0
2026-06-12T20:10:00+08:00,COLLIE_ESR5,-250.0,99.45,1,40b9096f-d24f-46bb-a61a-5d678ecc0f6c,IN-SERVICE,NOT APPLICABLE,100.73,0.0
2026-06-12T20:10:00+08:00,COLLIE_ESR5,250.0,119.8,2,40b9096f-d24f-46bb-a61a-5d678ecc0f6c,IN-SERVICE,NOT APPLICABLE,121.34,0.0
2026-06-12T20:15:00+08:00,KWINANA_ESR1,-100.0,110.12,1,12cddb5d-7154-4b22-b476-9ed0af4f98d9,IN-SERVICE,NOT APPLICABLE,110.47,0.0
2026-06-12T20:15:00+08:00,KWINANA_ESR1,100.0,124.88,2,12cddb5d-7154-4b22-b476-9ed0af4f98d9,IN-SERVICE,NOT APPLICABLE,125.28,0.0
2026-06-12T20:15:00+08:00,COLLIE_ESR1,0.0,-987.3,1,985c0373-d8e4-4d79-a38d-600cdee2ba12,IN-SERVICE,NON-LIQUID,-1000.0,
2026-06-12T20:15:00+08:00,COLLIE_ESR1,-100.0,-42.46,2,985c0373-d8e4-4d79-a38d-600cdee2ba12,IN-SERVICE,NON-LIQUID,-43.01,
2026-06-12T20:15:00+08:00,COLLIE_ESR1,-100.0,-10.0,3,985c0373-d8e4-4d79-a38d-600cdee2ba12,IN-SERVICE,NON-LIQUID,-10.13,
2026-06-12T20:15:00+08:00,COLLIE_ESR1,0.0,34.02,4,985c0373-d8e4-4d79-a38d-600cdee2ba12,IN-SERVICE,NON-LIQUID,34.46,
2026-06-12T20:15:00+08:00,COLLIE_ESR1,0.0,36.66,5,985c0373-d8e4-4d79-a38d-600cdee2ba12,IN-SERVICE,NON-LIQUID,37.13,
2026-06-12T20:15:00+08:00,COLLIE_ESR1,100.0,150.0,6,985c0373-d8e4-4d79-a38d-600cdee2ba12,IN-SERVICE,NON-LIQUID,151.93,
2026-06-12T20:15:00+08:00,COLLIE_ESR1,100.0,250.0,7,985c0373-d8e4-4d79-a38d-600cdee2ba12,IN-SERVICE,NON-LIQUID,253.22,
2026-06-12T20:15:00+08:00,COLLIE_ESR1,0.0,1084.1,8,985c0373-d8e4-4d79-a38d-600cdee2ba12,IN-SERVICE,NON-LIQUID,1098.05,
2026-06-12T20:15:00+08:00,COLLIE_ESR1,0.0,1678.41,9,985c0373-d8e4-4d79-a38d-600cdee2ba12,IN-SERVICE,NON-LIQUID,1700.0,
2026-06-12T20:15:00+08:00,COLLIE_ESR1,0.0,1678.41,10,985c0373-d8e4-4d79-a38d-600cdee2ba12,IN-SERVICE,NON-LIQUID,1700.0,
2026-06-12T20:15:00+08:00,KWINANA_ESR2,-225.0,100.47,1,8e16a1f5-8223-4fbc-a083-883e9f00bf2c,IN-SERVICE,NOT APPLICABLE,100.69,0.0
2026-06-12T20:15:00+08:00,KWINANA_ESR2,225.0,121.15,2,8e16a1f5-8223-4fbc-a083-883e9f00bf2c,IN-SERVICE,NOT APPLICABLE,121.42,0.0
2026-06-12T20:15:00+08:00,COLLIE_BESS2,0.0,-987.3,1,38bb8211-9538-484d-bfe5-c8685edde78e,IN-SERVICE,NON-LIQUID,-1000.0,
2026-06-12T20:15:00+08:00,COLLIE_BESS2,-150.0,-42.46,2,38bb8211-9538-484d-bfe5-c8685edde78e,IN-SERVICE,NON-LIQUID,-43.01,
2026-06-12T20:15:00+08:00,COLLIE_BESS2,-150.0,-10.0,3,38bb8211-9538-484d-bfe5-c8685edde78e,IN-SERVICE,NON-LIQUID,-10.13,
2026-06-12T20:15:00+08:00,COLLIE_BESS2,0.0,34.02,4,38bb8211-9538-484d-bfe5-c8685edde78e,IN-SERVICE,NON-LIQUID,34.46,
2026-06-12T20:15:00+08:00,COLLIE_BESS2,0.0,36.66,5,38bb8211-9538-484d-bfe5-c8685edde78e,IN-SERVICE,NON-LIQUID,37.13,
2026-06-12T20:15:00+08:00,COLLIE_BESS2,150.0,150.0,6,38bb8211-9538-484d-bfe5-c8685edde78e,IN-SERVICE,NON-LIQUID,151.93,
2026-06-12T20:15:00+08:00,COLLIE_BESS2,150.0,250.0,7,38bb8211-9538-484d-bfe5-c8685edde78e,IN-SERVICE,NON-LIQUID,253.22,
2026-06-12T20:15:00+08:00,COLLIE_BESS2,0.0,1084.1,8,38bb8211-9538-484d-bfe5-c8685edde78e,IN-SERVICE,NON-LIQUID,1098.05,
2026-06-12T20:15:00+08:00,COLLIE_BESS2,0.0,1678.41,9,38bb8211-9538-484d-bfe5-c8685edde78e,IN-SERVICE,NON-LIQUID,1700.0,
2026-06-12T20:15:00+08:00,COLLIE_BESS2,0.0,1678.41,10,38bb8211-9538-484d-bfe5-c8685edde78e,IN-SERVICE,NON-LIQUID,1700.0,
2026-06-12T20:15:00+08:00,COLLIE_ESR4,-250.0,99.33,1,289044f2-fb54-4212-817a-c64032754eed,IN-SERVICE,NOT APPLICABLE,100.61,0.0
2026-06-12T20:15:00+08:00,COLLIE_ESR4,250.0,114.69,2,289044f2-fb54-4212-817a-c64032754eed,IN-SERVICE,NOT APPLICABLE,116.17,0.0
2026-06-12T20:15:00+08:00,COLLIE_ESR5,-250.0,99.45,1,40b9096f-d24f-46bb-a61a-5d678ecc0f6c,IN-SERVICE,NOT APPLICABLE,100.73,0.0
2026-06-12T20:15:00+08:00,COLLIE_ESR5,250.0,119.8,2,40b9096f-d24f-46bb-a61a-5d678ecc0f6c,IN-SERVICE,NOT APPLICABLE,121.34,0.0
2026-06-12T20:20:00+08:00,KWINANA_ESR1,-100.0,110.12,1,12cddb5d-7154-4b22-b476-9ed0af4f98d9,IN-SERVICE,NOT APPLICABLE,110.47,0.0
2026-06-12T20:20:00+08:00,KWINANA_ESR1,100.0,124.88,2,12cddb5d-7154-4b22-b476-9ed0af4f98d9,IN-SERVICE,NOT APPLICABLE,125.28,0.0
2026-06-12T20:20:00+08:00,COLLIE_ESR1,0.0,-987.3,1,b4852731-cb2e-4dd8-9055-ae4c3e8ee176,IN-SERVICE,NON-LIQUID,-1000.0,
2026-06-12T20:20:00+08:00,COLLIE_ESR1,-100.0,-42.46,2,b4852731-cb2e-4dd8-9055-ae4c3e8ee176,IN-SERVICE,NON-LIQUID,-43.01,
2026-06-12T20:20:00+08:00,COLLIE_ESR1,-100.0,-10.0,3,b4852731-cb2e-4dd8-9055-ae4c3e8ee176,IN-SERVICE,NON-LIQUID,-10.13,
2026-06-12T20:20:00+08:00,COLLIE_ESR1,0.0,34.02,4,b4852731-cb2e-4dd8-9055-ae4c3e8ee176,IN-SERVICE,NON-LIQUID,34.46,
2026-06-12T20:20:00+08:00,COLLIE_ESR1,0.0,36.66,5,b4852731-cb2e-4dd8-9055-ae4c3e8ee176,IN-SERVICE,NON-LIQUID,37.13,
2026-06-12T20:20:00+08:00,COLLIE_ESR1,100.0,150.0,6,b4852731-cb2e-4dd8-9055-ae4c3e8ee176,IN-SERVICE,NON-LIQUID,151.93,
2026-06-12T20:20:00+08:00,COLLIE_ESR1,100.0,250.0,7,b4852731-cb2e-4dd8-9055-ae4c3e8ee176,IN-SERVICE,NON-LIQUID,253.22,
2026-06-12T20:20:00+08:00,COLLIE_ESR1,0.0,1084.1,8,b4852731-cb2e-4dd8-9055-ae4c3e8ee176,IN-SERVICE,NON-LIQUID,1098.05,
2026-06-12T20:20:00+08:00,COLLIE_ESR1,0.0,1678.41,9,b4852731-cb2e-4dd8-9055-ae4c3e8ee176,IN-SERVICE,NON-LIQUID,1700.0,
2026-06-12T20:20:00+08:00,COLLIE_ESR1,0.0,1678.41,10,b4852731-cb2e-4dd8-9055-ae4c3e8ee176,IN-SERVICE,NON-LIQUID,1700.0,
2026-06-12T20:20:00+08:00,KWINANA_ESR2,-225.0,100.43,1,8e16a1f5-8223-4fbc-a083-883e9f00bf2c,IN-SERVICE,NOT APPLICABLE,100.65,0.0
2026-06-12T20:20:00+08:00,KWINANA_ESR2,225.0,121.15,2,8e16a1f5-8223-4fbc-a083-883e9f00bf2c,IN-SERVICE,NOT APPLICABLE,121.42,0.0
2026-06-12T20:20:00+08:00,COLLIE_BESS2,0.0,-987.3,1,9cc70ea0-288a-4ce5-adf1-b059f7ac8fab,IN-SERVICE,NON-LIQUID,-1000.0,
2026-06-12T20:20:00+08:00,COLLIE_BESS2,-150.0,-42.46,2,9cc70ea0-288a-4ce5-adf1-b059f7ac8fab,IN-SERVICE,NON-LIQUID,-43.01,
2026-06-12T20:20:00+08:00,COLLIE_BESS2,-150.0,-10.0,3,9cc70ea0-288a-4ce5-adf1-b059f7ac8fab,IN-SERVICE,NON-LIQUID,-10.13,
2026-06-12T20:20:00+08:00,COLLIE_BESS2,0.0,34.02,4,9cc70ea0-288a-4ce5-adf1-b059f7ac8fab,IN-SERVICE,NON-LIQUID,34.46,
2026-06-12T20:20:00+08:00,COLLIE_BESS2,0.0,36.66,5,9cc70ea0-288a-4ce5-adf1-b059f7ac8fab,IN-SERVICE,NON-LIQUID,37.13,
2026-06-12T20:20:00+08:00,COLLIE_BESS2,150.0,150.0,6,9cc70ea0-288a-4ce5-adf1-b059f7ac8fab,IN-SERVICE,NON-LIQUID,151.93,
2026-06-12T20:20:00+08:00,COLLIE_BESS2,150.0,250.0,7,9cc70ea0-288a-4ce5-adf1-b059f7ac8fab,IN-SERVICE,NON-LIQUID,253.22,
2026-06-12T20:20:00+08:00,COLLIE_BESS2,0.0,1084.1,8,9cc70ea0-288a-4ce5-adf1-b059f7ac8fab,IN-SERVICE,NON-LIQUID,1098.05,
2026-06-12T20:20:00+08:00,COLLIE_BESS2,0.0,1678.41,9,9cc70ea0-288a-4ce5-adf1-b059f7ac8fab,IN-SERVICE,NON-LIQUID,1700.0,
2026-06-12T20:20:00+08:00,COLLIE_BESS2,0.0,1678.41,10,9cc70ea0-288a-4ce5-adf1-b059f7ac8fab,IN-SERVICE,NON-LIQUID,1700.0,
2026-06-12T20:20:00+08:00,COLLIE_ESR4,-250.0,99.33,1,289044f2-fb54-4212-817a-c64032754eed,IN-SERVICE,NOT APPLICABLE,100.61,0.0
2026-06-12T20:20:00+08:00,COLLIE_ESR4,250.0,114.69,2,289044f2-fb54-4212-817a-c64032754eed,IN-SERVICE,NOT APPLICABLE,116.17,0.0
2026-06-12T20:20:00+08:00,COLLIE_ESR5,-250.0,99.45,1,40b9096f-d24f-46bb-a61a-5d678ecc0f6c,IN-SERVICE,NOT APPLICABLE,100.73,0.0
2026-06-12T20:20:00+08:00,COLLIE_ESR5,250.0,119.8,2,40b9096f-d24f-46bb-a61a-5d678ecc0f6c,IN-SERVICE,NOT APPLICABLE,121.34,0.0
2026-06-12T20:25:00+08:00,KWINANA_ESR1,-100.0,108.38,1,e3ee32e7-f7a7-466b-a746-35d510a255d3,IN-SERVICE,NOT APPLICABLE,108.73,0.0
2026-06-12T20:25:00+08:00,KWINANA_ESR1,100.0,123.14,2,e3ee32e7-f7a7-466b-a746-35d510a255d3,IN-SERVICE,NOT APPLICABLE,123.54,0.0
2026-06-12T20:25:00+08:00,COLLIE_ESR1,0.0,-987.3,1,8993eb37-12d2-41cd-a29f-b8866cd232b4,IN-SERVICE,NON-LIQUID,-1000.0,
2026-06-12T20:25:00+08:00,COLLIE_ESR1,-100.0,-42.46,2,8993eb37-12d2-41cd-a29f-b8866cd232b4,IN-SERVICE,NON-LIQUID,-43.01,
2026-06-12T20:25:00+08:00,COLLIE_ESR1,-100.0,-10.0,3,8993eb37-12d2-41cd-a29f-b8866cd232b4,IN-SERVICE,NON-LIQUID,-10.13,
2026-06-12T20:25:00+08:00,COLLIE_ESR1,0.0,34.02,4,8993eb37-12d2-41cd-a29f-b8866cd232b4,IN-SERVICE,NON-LIQUID,34.46,
2026-06-12T20:25:00+08:00,COLLIE_ESR1,0.0,36.66,5,8993eb37-12d2-41cd-a29f-b8866cd232b4,IN-SERVICE,NON-LIQUID,37.13,
2026-06-12T20:25:00+08:00,COLLIE_ESR1,100.0,150.0,6,8993eb37-12d2-41cd-a29f-b8866cd232b4,IN-SERVICE,NON-LIQUID,151.93,
2026-06-12T20:25:00+08:00,COLLIE_ESR1,100.0,250.0,7,8993eb37-12d2-41cd-a29f-b8866cd232b4,IN-SERVICE,NON-LIQUID,253.22,
2026-06-12T20:25:00+08:00,COLLIE_ESR1,0.0,1084.1,8,8993eb37-12d2-41cd-a29f-b8866cd232b4,IN-SERVICE,NON-LIQUID,1098.05,
2026-06-12T20:25:00+08:00,COLLIE_ESR1,0.0,1678.41,9,8993eb37-12d2-41cd-a29f-b8866cd232b4,IN-SERVICE,NON-LIQUID,1700.0,
2026-06-12T20:25:00+08:00,COLLIE_ESR1,0.0,1678.41,10,8993eb37-12d2-41cd-a29f-b8866cd232b4,IN-SERVICE,NON-LIQUID,1700.0,
2026-06-12T20:25:00+08:00,KWINANA_ESR2,-225.0,100.43,1,5a5a84ef-985d-4a6c-9581-c3269ade50dc,IN-SERVICE,NOT APPLICABLE,100.65,0.0
2026-06-12T20:25:00+08:00,KWINANA_ESR2,225.0,123.51,2,5a5a84ef-985d-4a6c-9581-c3269ade50dc,IN-SERVICE,NOT APPLICABLE,123.78,0.0
2026-06-12T20:25:00+08:00,COLLIE_BESS2,0.0,-987.3,1,5231c28c-11b7-46ad-8068-e1cb9448fc81,IN-SERVICE,NON-LIQUID,-1000.0,
2026-06-12T20:25:00+08:00,COLLIE_BESS2,-150.0,-42.46,2,5231c28c-11b7-46ad-8068-e1cb9448fc81,IN-SERVICE,NON-LIQUID,-43.01,
2026-06-12T20:25:00+08:00,COLLIE_BESS2,-150.0,-10.0,3,5231c28c-11b7-46ad-8068-e1cb9448fc81,IN-SERVICE,NON-LIQUID,-10.13,
2026-06-12T20:25:00+08:00,COLLIE_BESS2,0.0,34.02,4,5231c28c-11b7-46ad-8068-e1cb9448fc81,IN-SERVICE,NON-LIQUID,34.46,
2026-06-12T20:25:00+08:00,COLLIE_BESS2,0.0,36.66,5,5231c28c-11b7-46ad-8068-e1cb9448fc81,IN-SERVICE,NON-LIQUID,37.13,
2026-06-12T20:25:00+08:00,COLLIE_BESS2,150.0,150.0,6,5231c28c-11b7-46ad-8068-e1cb9448fc81,IN-SERVICE,NON-LIQUID,151.93,
2026-06-12T20:25:00+08:00,COLLIE_BESS2,150.0,250.0,7,5231c28c-11b7-46ad-8068-e1cb9448fc81,IN-SERVICE,NON-LIQUID,253.22,
2026-06-12T20:25:00+08:00,COLLIE_BESS2,0.0,1084.1,8,5231c28c-11b7-46ad-8068-e1cb9448fc81,IN-SERVICE,NON-LIQUID,1098.05,
2026-06-12T20:25:00+08:00,COLLIE_BESS2,0.0,1678.41,9,5231c28c-11b7-46ad-8068-e1cb9448fc81,IN-SERVICE,NON-LIQUID,1700.0,
2026-06-12T20:25:00+08:00,COLLIE_BESS2,0.0,1678.41,10,5231c28c-11b7-46ad-8068-e1cb9448fc81,IN-SERVICE,NON-LIQUID,1700.0,
2026-06-12T20:25:00+08:00,COLLIE_ESR4,-250.0,99.33,1,0a664106-2447-4da9-a18d-1472c3dbd6dc,IN-SERVICE,NOT APPLICABLE,100.61,0.0
2026-06-12T20:25:00+08:00,COLLIE_ESR4,250.0,114.69,2,0a664106-2447-4da9-a18d-1472c3dbd6dc,IN-SERVICE,NOT APPLICABLE,116.17,0.0
2026-06-12T20:25:00+08:00,COLLIE_ESR5,-250.0,99.45,1,a3d93346-a10c-43cf-b7e3-9f9c503f28ec,IN-SERVICE,NOT APPLICABLE,100.73,0.0
2026-06-12T20:25:00+08:00,COLLIE_ESR5,250.0,122.22,2,a3d93346-a10c-43cf-b7e3-9f9c503f28ec,IN-SERVICE,NOT APPLICABLE,123.79,0.0
2026-06-12T20:30:00+08:00,KWINANA_ESR1,-100.0,108.38,1,e3ee32e7-f7a7-466b-a746-35d510a255d3,IN-SERVICE,NOT APPLICABLE,108.73,0.0
2026-06-12T20:30:00+08:00,KWINANA_ESR1,100.0,123.14,2,e3ee32e7-f7a7-466b-a746-35d510a255d3,IN-SERVICE,NOT APPLICABLE,123.54,0.0
2026-06-12T20:30:00+08:00,COLLIE_ESR1,0.0,-987.3,1,cd1de90d-21b1-4766-911e-e52d77068b25,IN-SERVICE,NON-LIQUID,-1000.0,
2026-06-12T20:30:00+08:00,COLLIE_ESR1,-100.0,-42.46,2,cd1de90d-21b1-4766-911e-e52d77068b25,IN-SERVICE,NON-LIQUID,-43.01,
2026-06-12T20:30:00+08:00,COLLIE_ESR1,-100.0,-10.0,3,cd1de90d-21b1-4766-911e-e52d77068b25,IN-SERVICE,NON-LIQUID,-10.13,
2026-06-12T20:30:00+08:00,COLLIE_ESR1,0.0,34.02,4,cd1de90d-21b1-4766-911e-e52d77068b25,IN-SERVICE,NON-LIQUID,34.46,
2026-06-12T20:30:00+08:00,COLLIE_ESR1,0.0,36.66,5,cd1de90d-21b1-4766-911e-e52d77068b25,IN-SERVICE,NON-LIQUID,37.13,
2026-06-12T20:30:00+08:00,COLLIE_ESR1,100.0,150.0,6,cd1de90d-21b1-4766-911e-e52d77068b25,IN-SERVICE,NON-LIQUID,151.93,
2026-06-12T20:30:00+08:00,COLLIE_ESR1,100.0,250.0,7,cd1de90d-21b1-4766-911e-e52d77068b25,IN-SERVICE,NON-LIQUID,253.22,
2026-06-12T20:30:00+08:00,COLLIE_ESR1,0.0,1084.1,8,cd1de90d-21b1-4766-911e-e52d77068b25,IN-SERVICE,NON-LIQUID,1098.05,
2026-06-12T20:30:00+08:00,COLLIE_ESR1,0.0,1678.41,9,cd1de90d-21b1-4766-911e-e52d77068b25,IN-SERVICE,NON-LIQUID,1700.0,
2026-06-12T20:30:00+08:00,COLLIE_ESR1,0.0,1678.41,10,cd1de90d-21b1-4766-911e-e52d77068b25,IN-SERVICE,NON-LIQUID,1700.0,
2026-06-12T20:30:00+08:00,KWINANA_ESR2,-225.0,100.43,1,5a5a84ef-985d-4a6c-9581-c3269ade50dc,IN-SERVICE,NOT APPLICABLE,100.65,0.0
2026-06-12T20:30:00+08:00,KWINANA_ESR2,225.0,123.51,2,5a5a84ef-985d-4a6c-9581-c3269ade50dc,IN-SERVICE,NOT APPLICABLE,123.78,0.0
2026-06-12T20:30:00+08:00,COLLIE_BESS2,0.0,-987.3,1,51e6b5b9-4ade-456e-8ee3-645c775d3329,IN-SERVICE,NON-LIQUID,-1000.0,
2026-06-12T20:30:00+08:00,COLLIE_BESS2,-150.0,-42.46,2,51e6b5b9-4ade-456e-8ee3-645c775d3329,IN-SERVICE,NON-LIQUID,-43.01,
2026-06-12T20:30:00+08:00,COLLIE_BESS2,-150.0,-10.0,3,51e6b5b9-4ade-456e-8ee3-645c775d3329,IN-SERVICE,NON-LIQUID,-10.13,
2026-06-12T20:30:00+08:00,COLLIE_BESS2,0.0,34.02,4,51e6b5b9-4ade-456e-8ee3-645c775d3329,IN-SERVICE,NON-LIQUID,34.46,
2026-06-12T20:30:00+08:00,COLLIE_BESS2,0.0,36.66,5,51e6b5b9-4ade-456e-8ee3-645c775d3329,IN-SERVICE,NON-LIQUID,37.13,
2026-06-12T20:30:00+08:00,COLLIE_BESS2,150.0,150.0,6,51e6b5b9-4ade-456e-8ee3-645c775d3329,IN-SERVICE,NON-LIQUID,151.93,
2026-06-12T20:30:00+08:00,COLLIE_BESS2,150.0,250.0,7,51e6b5b9-4ade-456e-8ee3-645c775d3329,IN-SERVICE,NON-LIQUID,253.22,
2026-06-12T20:30:00+08:00,COLLIE_BESS2,0.0,1084.1,8,51e6b5b9-4ade-456e-8ee3-645c775d3329,IN-SERVICE,NON-LIQUID,1098.05,
2026-06-12T20:30:00+08:00,COLLIE_BESS2,0.0,1678.41,9,51e6b5b9-4ade-456e-8ee3-645c775d3329,IN-SERVICE,NON-LIQUID,1700.0,
2026-06-12T20:30:00+08:00,COLLIE_BESS2,0.0,1678.41,10,51e6b5b9-4ade-456e-8ee3-645c775d3329,IN-SERVICE,NON-LIQUID,1700.0,
2026-06-12T20:30:00+08:00,COLLIE_ESR4,-250.0,99.33,1,0a664106-2447-4da9-a18d-1472c3dbd6dc,IN-SERVICE,NOT APPLICABLE,100.61,0.0
2026-06-12T20:30:00+08:00,COLLIE_ESR4,250.0,114.69,2,0a664106-2447-4da9-a18d-1472c3dbd6dc,IN-SERVICE,NOT APPLICABLE,116.17,0.0
2026-06-12T20:30:00+08:00,COLLIE_ESR5,-250.0,99.45,1,a3d93346-a10c-43cf-b7e3-9f9c503f28ec,IN-SERVICE,NOT APPLICABLE,100.73,0.0
2026-06-12T20:30:00+08:00,COLLIE_ESR5,250.0,122.22,2,a3d93346-a10c-43cf-b7e3-9f9c503f28ec,IN-SERVICE,NOT APPLICABLE,123.79,0.0
2026-06-12T20:35:00+08:00,KWINANA_ESR1,-100.0,108.38,1,e3ee32e7-f7a7-466b-a746-35d510a255d3,IN-SERVICE,NOT APPLICABLE,108.73,0.0
2026-06-12T20:35:00+08:00,KWINANA_ESR1,100.0,123.14,2,e3ee32e7-f7a7-466b-a746-35d510a255d3,IN-SERVICE,NOT APPLICABLE,123.54,0.0
2026-06-12T20:35:00+08:00,COLLIE_ESR1,0.0,-987.3,1,5f11f913-b573-44ef-9a90-35ce9eb3d0c0,IN-SERVICE,NON-LIQUID,-1000.0,
2026-06-12T20:35:00+08:00,COLLIE_ESR1,-100.0,-42.46,2,5f11f913-b573-44ef-9a90-35ce9eb3d0c0,IN-SERVICE,NON-LIQUID,-43.01,
2026-06-12T20:35:00+08:00,COLLIE_ESR1,-100.0,-10.0,3,5f11f913-b573-44ef-9a90-35ce9eb3d0c0,IN-SERVICE,NON-LIQUID,-10.13,
2026-06-12T20:35:00+08:00,COLLIE_ESR1,0.0,34.02,4,5f11f913-b573-44ef-9a90-35ce9eb3d0c0,IN-SERVICE,NON-LIQUID,34.46,
2026-06-12T20:35:00+08:00,COLLIE_ESR1,0.0,36.66,5,5f11f913-b573-44ef-9a90-35ce9eb3d0c0,IN-SERVICE,NON-LIQUID,37.13,
2026-06-12T20:35:00+08:00,COLLIE_ESR1,100.0,150.0,6,5f11f913-b573-44ef-9a90-35ce9eb3d0c0,IN-SERVICE,NON-LIQUID,151.93,
2026-06-12T20:35:00+08:00,COLLIE_ESR1,100.0,250.0,7,5f11f913-b573-44ef-9a90-35ce9eb3d0c0,IN-SERVICE,NON-LIQUID,253.22,
2026-06-12T20:35:00+08:00,COLLIE_ESR1,0.0,1084.1,8,5f11f913-b573-44ef-9a90-35ce9eb3d0c0,IN-SERVICE,NON-LIQUID,1098.05,
2026-06-12T20:35:00+08:00,COLLIE_ESR1,0.0,1678.41,9,5f11f913-b573-44ef-9a90-35ce9eb3d0c0,IN-SERVICE,NON-LIQUID,1700.0,
2026-06-12T20:35:00+08:00,COLLIE_ESR1,0.0,1678.41,10,5f11f913-b573-44ef-9a90-35ce9eb3d0c0,IN-SERVICE,NON-LIQUID,1700.0,
2026-06-12T20:35:00+08:00,KWINANA_ESR2,-225.0,100.43,1,5a5a84ef-985d-4a6c-9581-c3269ade50dc,IN-SERVICE,NOT APPLICABLE,100.65,0.0
2026-06-12T20:35:00+08:00,KWINANA_ESR2,225.0,115.87,2,5a5a84ef-985d-4a6c-9581-c3269ade50dc,IN-SERVICE,NOT APPLICABLE,116.13,0.0
2026-06-12T20:35:00+08:00,COLLIE_BESS2,0.0,-987.3,1,1d8674a9-0b88-400b-9f67-20ae9e4816a1,IN-SERVICE,NON-LIQUID,-1000.0,
2026-06-12T20:35:00+08:00,COLLIE_BESS2,-150.0,-42.46,2,1d8674a9-0b88-400b-9f67-20ae9e4816a1,IN-SERVICE,NON-LIQUID,-43.01,
2026-06-12T20:35:00+08:00,COLLIE_BESS2,-150.0,-10.0,3,1d8674a9-0b88-400b-9f67-20ae9e4816a1,IN-SERVICE,NON-LIQUID,-10.13,
2026-06-12T20:35:00+08:00,COLLIE_BESS2,0.0,34.02,4,1d8674a9-0b88-400b-9f67-20ae9e4816a1,IN-SERVICE,NON-LIQUID,34.46,
2026-06-12T20:35:00+08:00,COLLIE_BESS2,0.0,36.66,5,1d8674a9-0b88-400b-9f67-20ae9e4816a1,IN-SERVICE,NON-LIQUID,37.13,
2026-06-12T20:35:00+08:00,COLLIE_BESS2,150.0,150.0,6,1d8674a9-0b88-400b-9f67-20ae9e4816a1,IN-SERVICE,NON-LIQUID,151.93,
2026-06-12T20:35:00+08:00,COLLIE_BESS2,150.0,250.0,7,1d8674a9-0b88-400b-9f67-20ae9e4816a1,IN-SERVICE,NON-LIQUID,253.22,
2026-06-12T20:35:00+08:00,COLLIE_BESS2,0.0,1084.1,8,1d8674a9-0b88-400b-9f67-20ae9e4816a1,IN-SERVICE,NON-LIQUID,1098.05,
2026-06-12T20:35:00+08:00,COLLIE_BESS2,0.0,1678.41,9,1d8674a9-0b88-400b-9f67-20ae9e4816a1,IN-SERVICE,NON-LIQUID,1700.0,
2026-06-12T20:35:00+08:00,COLLIE_BESS2,0.0,1678.41,10,1d8674a9-0b88-400b-9f67-20ae9e4816a1,IN-SERVICE,NON-LIQUID,1700.0,
2026-06-12T20:35:00+08:00,COLLIE_ESR4,-250.0,99.33,1,0a664106-2447-4da9-a18d-1472c3dbd6dc,IN-SERVICE,NOT APPLICABLE,100.61,0.0
2026-06-12T20:35:00+08:00,COLLIE_ESR4,250.0,114.69,2,0a664106-2447-4da9-a18d-1472c3dbd6dc,IN-SERVICE,NOT APPLICABLE,116.17,0.0
2026-06-12T20:35:00+08:00,COLLIE_ESR5,-250.0,99.45,1,a3d93346-a10c-43cf-b7e3-9f9c503f28ec,IN-SERVICE,NOT APPLICABLE,100.73,0.0
2026-06-12T20:35:00+08:00,COLLIE_ESR5,250.0,122.22,2,a3d93346-a10c-43cf-b7e3-9f9c503f28ec,IN-SERVICE,NOT APPLICABLE,123.79,0.0
2026-06-12T20:40:00+08:00,KWINANA_ESR1,-100.0,108.38,1,e4c8f76f-e21c-4618-a626-64dc156d63c2,IN-SERVICE,NOT APPLICABLE,108.73,0.0
2026-06-12T20:40:00+08:00,KWINANA_ESR1,100.0,123.14,2,e4c8f76f-e21c-4618-a626-64dc156d63c2,IN-SERVICE,NOT APPLICABLE,123.54,0.0
2026-06-12T20:40:00+08:00,COLLIE_ESR1,0.0,-987.3,1,4e75658c-a603-4f16-9cbc-d6fe962f14d4,IN-SERVICE,NON-LIQUID,-1000.0,
2026-06-12T20:40:00+08:00,COLLIE_ESR1,-100.0,-42.46,2,4e75658c-a603-4f16-9cbc-d6fe962f14d4,IN-SERVICE,NON-LIQUID,-43.01,
2026-06-12T20:40:00+08:00,COLLIE_ESR1,-100.0,-10.0,3,4e75658c-a603-4f16-9cbc-d6fe962f14d4,IN-SERVICE,NON-LIQUID,-10.13,
2026-06-12T20:40:00+08:00,COLLIE_ESR1,0.0,34.02,4,4e75658c-a603-4f16-9cbc-d6fe962f14d4,IN-SERVICE,NON-LIQUID,34.46,
2026-06-12T20:40:00+08:00,COLLIE_ESR1,0.0,36.66,5,4e75658c-a603-4f16-9cbc-d6fe962f14d4,IN-SERVICE,NON-LIQUID,37.13,
2026-06-12T20:40:00+08:00,COLLIE_ESR1,100.0,150.0,6,4e75658c-a603-4f16-9cbc-d6fe962f14d4,IN-SERVICE,NON-LIQUID,151.93,
2026-06-12T20:40:00+08:00,COLLIE_ESR1,100.0,250.0,7,4e75658c-a603-4f16-9cbc-d6fe962f14d4,IN-SERVICE,NON-LIQUID,253.22,
2026-06-12T20:40:00+08:00,COLLIE_ESR1,0.0,1084.1,8,4e75658c-a603-4f16-9cbc-d6fe962f14d4,IN-SERVICE,NON-LIQUID,1098.05,
2026-06-12T20:40:00+08:00,COLLIE_ESR1,0.0,1678.41,9,4e75658c-a603-4f16-9cbc-d6fe962f14d4,IN-SERVICE,NON-LIQUID,1700.0,
2026-06-12T20:40:00+08:00,COLLIE_ESR1,0.0,1678.41,10,4e75658c-a603-4f16-9cbc-d6fe962f14d4,IN-SERVICE,NON-LIQUID,1700.0,
2026-06-12T20:40:00+08:00,KWINANA_ESR2,-225.0,107.81,1,0e7d686d-aef1-4dda-8289-d8b071277449,IN-SERVICE,NOT APPLICABLE,108.05,0.0
2026-06-12T20:40:00+08:00,KWINANA_ESR2,225.0,123.51,2,0e7d686d-aef1-4dda-8289-d8b071277449,IN-SERVICE,NOT APPLICABLE,123.78,0.0
2026-06-12T20:40:00+08:00,COLLIE_BESS2,0.0,-987.3,1,3eb8b84b-5317-4e0a-ab62-31101c89297d,IN-SERVICE,NON-LIQUID,-1000.0,
2026-06-12T20:40:00+08:00,COLLIE_BESS2,-150.0,-42.46,2,3eb8b84b-5317-4e0a-ab62-31101c89297d,IN-SERVICE,NON-LIQUID,-43.01,
2026-06-12T20:40:00+08:00,COLLIE_BESS2,-150.0,-10.0,3,3eb8b84b-5317-4e0a-ab62-31101c89297d,IN-SERVICE,NON-LIQUID,-10.13,
2026-06-12T20:40:00+08:00,COLLIE_BESS2,0.0,34.02,4,3eb8b84b-5317-4e0a-ab62-31101c89297d,IN-SERVICE,NON-LIQUID,34.46,
2026-06-12T20:40:00+08:00,COLLIE_BESS2,0.0,36.66,5,3eb8b84b-5317-4e0a-ab62-31101c89297d,IN-SERVICE,NON-LIQUID,37.13,
2026-06-12T20:40:00+08:00,COLLIE_BESS2,150.0,150.0,6,3eb8b84b-5317-4e0a-ab62-31101c89297d,IN-SERVICE,NON-LIQUID,151.93,
2026-06-12T20:40:00+08:00,COLLIE_BESS2,150.0,250.0,7,3eb8b84b-5317-4e0a-ab62-31101c89297d,IN-SERVICE,NON-LIQUID,253.22,
2026-06-12T20:40:00+08:00,COLLIE_BESS2,0.0,1084.1,8,3eb8b84b-5317-4e0a-ab62-31101c89297d,IN-SERVICE,NON-LIQUID,1098.05,
2026-06-12T20:40:00+08:00,COLLIE_BESS2,0.0,1678.41,9,3eb8b84b-5317-4e0a-ab62-31101c89297d,IN-SERVICE,NON-LIQUID,1700.0,
2026-06-12T20:40:00+08:00,COLLIE_BESS2,0.0,1678.41,10,3eb8b84b-5317-4e0a-ab62-31101c89297d,IN-SERVICE,NON-LIQUID,1700.0,
2026-06-12T20:40:00+08:00,COLLIE_ESR4,-250.0,101.21,1,66b9489b-06ea-49b6-ade9-2402c6b5905a,IN-SERVICE,NOT APPLICABLE,102.51,0.0
2026-06-12T20:40:00+08:00,COLLIE_ESR4,250.0,122.25,2,66b9489b-06ea-49b6-ade9-2402c6b5905a,IN-SERVICE,NOT APPLICABLE,123.82,0.0
2026-06-12T20:40:00+08:00,COLLIE_ESR5,-250.0,101.33,1,cb31e0fb-3537-4b99-88f4-315fef6519ba,IN-SERVICE,NOT APPLICABLE,102.63,0.0
2026-06-12T20:40:00+08:00,COLLIE_ESR5,250.0,122.13,2,cb31e0fb-3537-4b99-88f4-315fef6519ba,IN-SERVICE,NOT APPLICABLE,123.7,0.0
2026-06-12T20:45:00+08:00,KWINANA_ESR1,-100.0,108.38,1,e4c8f76f-e21c-4618-a626-64dc156d63c2,IN-SERVICE,NOT APPLICABLE,108.73,0.0
2026-06-12T20:45:00+08:00,KWINANA_ESR1,100.0,123.1,2,e4c8f76f-e21c-4618-a626-64dc156d63c2,IN-SERVICE,NOT APPLICABLE,123.5,0.0
2026-06-12T20:45:00+08:00,COLLIE_ESR1,0.0,-987.3,1,07bbd706-4c20-4d9d-8fe9-3d5e7c3e8e52,IN-SERVICE,NON-LIQUID,-1000.0,
2026-06-12T20:45:00+08:00,COLLIE_ESR1,-100.0,-42.46,2,07bbd706-4c20-4d9d-8fe9-3d5e7c3e8e52,IN-SERVICE,NON-LIQUID,-43.01,
2026-06-12T20:45:00+08:00,COLLIE_ESR1,-100.0,-10.0,3,07bbd706-4c20-4d9d-8fe9-3d5e7c3e8e52,IN-SERVICE,NON-LIQUID,-10.13,
2026-06-12T20:45:00+08:00,COLLIE_ESR1,0.0,34.02,4,07bbd706-4c20-4d9d-8fe9-3d5e7c3e8e52,IN-SERVICE,NON-LIQUID,34.46,
2026-06-12T20:45:00+08:00,COLLIE_ESR1,0.0,36.66,5,07bbd706-4c20-4d9d-8fe9-3d5e7c3e8e52,IN-SERVICE,NON-LIQUID,37.13,
2026-06-12T20:45:00+08:00,COLLIE_ESR1,100.0,150.0,6,07bbd706-4c20-4d9d-8fe9-3d5e7c3e8e52,IN-SERVICE,NON-LIQUID,151.93,
2026-06-12T20:45:00+08:00,COLLIE_ESR1,100.0,250.0,7,07bbd706-4c20-4d9d-8fe9-3d5e7c3e8e52,IN-SERVICE,NON-LIQUID,253.22,
2026-06-12T20:45:00+08:00,COLLIE_ESR1,0.0,1084.1,8,07bbd706-4c20-4d9d-8fe9-3d5e7c3e8e52,IN-SERVICE,NON-LIQUID,1098.05,
2026-06-12T20:45:00+08:00,COLLIE_ESR1,0.0,1678.41,9,07bbd706-4c20-4d9d-8fe9-3d5e7c3e8e52,IN-SERVICE,NON-LIQUID,1700.0,
2026-06-12T20:45:00+08:00,COLLIE_ESR1,0.0,1678.41,10,07bbd706-4c20-4d9d-8fe9-3d5e7c3e8e52,IN-SERVICE,NON-LIQUID,1700.0,
2026-06-12T20:45:00+08:00,KWINANA_ESR2,-225.0,107.81,1,0e7d686d-aef1-4dda-8289-d8b071277449,IN-SERVICE,NOT APPLICABLE,108.05,0.0
2026-06-12T20:45:00+08:00,KWINANA_ESR2,225.0,123.51,2,0e7d686d-aef1-4dda-8289-d8b071277449,IN-SERVICE,NOT APPLICABLE,123.78,0.0
2026-06-12T20:45:00+08:00,COLLIE_BESS2,0.0,-987.3,1,4685b57f-b134-45c2-a54a-907d73d96fb6,IN-SERVICE,NON-LIQUID,-1000.0,
2026-06-12T20:45:00+08:00,COLLIE_BESS2,-150.0,-42.46,2,4685b57f-b134-45c2-a54a-907d73d96fb6,IN-SERVICE,NON-LIQUID,-43.01,
2026-06-12T20:45:00+08:00,COLLIE_BESS2,-150.0,-10.0,3,4685b57f-b134-45c2-a54a-907d73d96fb6,IN-SERVICE,NON-LIQUID,-10.13,
2026-06-12T20:45:00+08:00,COLLIE_BESS2,0.0,34.02,4,4685b57f-b134-45c2-a54a-907d73d96fb6,IN-SERVICE,NON-LIQUID,34.46,
2026-06-12T20:45:00+08:00,COLLIE_BESS2,0.0,36.66,5,4685b57f-b134-45c2-a54a-907d73d96fb6,IN-SERVICE,NON-LIQUID,37.13,
2026-06-12T20:45:00+08:00,COLLIE_BESS2,150.0,150.0,6,4685b57f-b134-45c2-a54a-907d73d96fb6,IN-SERVICE,NON-LIQUID,151.93,
2026-06-12T20:45:00+08:00,COLLIE_BESS2,150.0,250.0,7,4685b57f-b134-45c2-a54a-907d73d96fb6,IN-SERVICE,NON-LIQUID,253.22,
2026-06-12T20:45:00+08:00,COLLIE_BESS2,0.0,1084.1,8,4685b57f-b134-45c2-a54a-907d73d96fb6,IN-SERVICE,NON-LIQUID,1098.05,
2026-06-12T20:45:00+08:00,COLLIE_BESS2,0.0,1678.41,9,4685b57f-b134-45c2-a54a-907d73d96fb6,IN-SERVICE,NON-LIQUID,1700.0,
2026-06-12T20:45:00+08:00,COLLIE_BESS2,0.0,1678.41,10,4685b57f-b134-45c2-a54a-907d73d96fb6,IN-SERVICE,NON-LIQUID,1700.0,
2026-06-12T20:45:00+08:00,COLLIE_ESR4,-250.0,101.21,1,66b9489b-06ea-49b6-ade9-2402c6b5905a,IN-SERVICE,NOT APPLICABLE,102.51,0.0
2026-06-12T20:45:00+08:00,COLLIE_ESR4,250.0,122.25,2,66b9489b-06ea-49b6-ade9-2402c6b5905a,IN-SERVICE,NOT APPLICABLE,123.82,0.0
2026-06-12T20:45:00+08:00,COLLIE_ESR5,-250.0,101.33,1,cb31e0fb-3537-4b99-88f4-315fef6519ba,IN-SERVICE,NOT APPLICABLE,102.63,0.0
2026-06-12T20:45:00+08:00,COLLIE_ESR5,250.0,122.13,2,cb31e0fb-3537-4b99-88f4-315fef6519ba,IN-SERVICE,NOT APPLICABLE,123.7,0.0
2026-06-12T20:50:00+08:00,KWINANA_ESR1,-100.0,108.34,1,e4c8f76f-e21c-4618-a626-64dc156d63c2,IN-SERVICE,NOT APPLICABLE,108.69,0.0
2026-06-12T20:50:00+08:00,KWINANA_ESR1,100.0,123.1,2,e4c8f76f-e21c-4618-a626-64dc156d63c2,IN-SERVICE,NOT APPLICABLE,123.5,0.0
2026-06-12T20:50:00+08:00,COLLIE_ESR1,0.0,-987.3,1,c91629a1-cabe-48f5-ba51-1b94377bf852,IN-SERVICE,NON-LIQUID,-1000.0,
2026-06-12T20:50:00+08:00,COLLIE_ESR1,-100.0,-42.46,2,c91629a1-cabe-48f5-ba51-1b94377bf852,IN-SERVICE,NON-LIQUID,-43.01,
2026-06-12T20:50:00+08:00,COLLIE_ESR1,-100.0,-10.0,3,c91629a1-cabe-48f5-ba51-1b94377bf852,IN-SERVICE,NON-LIQUID,-10.13,
2026-06-12T20:50:00+08:00,COLLIE_ESR1,0.0,34.02,4,c91629a1-cabe-48f5-ba51-1b94377bf852,IN-SERVICE,NON-LIQUID,34.46,
2026-06-12T20:50:00+08:00,COLLIE_ESR1,0.0,36.66,5,c91629a1-cabe-48f5-ba51-1b94377bf852,IN-SERVICE,NON-LIQUID,37.13,
2026-06-12T20:50:00+08:00,COLLIE_ESR1,100.0,150.0,6,c91629a1-cabe-48f5-ba51-1b94377bf852,IN-SERVICE,NON-LIQUID,151.93,
2026-06-12T20:50:00+08:00,COLLIE_ESR1,100.0,250.0,7,c91629a1-cabe-48f5-ba51-1b94377bf852,IN-SERVICE,NON-LIQUID,253.22,
2026-06-12T20:50:00+08:00,COLLIE_ESR1,0.0,1084.1,8,c91629a1-cabe-48f5-ba51-1b94377bf852,IN-SERVICE,NON-LIQUID,1098.05,
2026-06-12T20:50:00+08:00,COLLIE_ESR1,0.0,1678.41,9,c91629a1-cabe-48f5-ba51-1b94377bf852,IN-SERVICE,NON-LIQUID,1700.0,
2026-06-12T20:50:00+08:00,COLLIE_ESR1,0.0,1678.41,10,c91629a1-cabe-48f5-ba51-1b94377bf852,IN-SERVICE,NON-LIQUID,1700.0,
2026-06-12T20:50:00+08:00,KWINANA_ESR2,-225.0,107.81,1,0e7d686d-aef1-4dda-8289-d8b071277449,IN-SERVICE,NOT APPLICABLE,108.05,0.0
2026-06-12T20:50:00+08:00,KWINANA_ESR2,225.0,123.51,2,0e7d686d-aef1-4dda-8289-d8b071277449,IN-SERVICE,NOT APPLICABLE,123.78,0.0
2026-06-12T20:50:00+08:00,COLLIE_BESS2,0.0,-987.3,1,6af7bf1c-6688-4b6f-b80c-a1f14d9a661c,IN-SERVICE,NON-LIQUID,-1000.0,
2026-06-12T20:50:00+08:00,COLLIE_BESS2,-150.0,-42.46,2,6af7bf1c-6688-4b6f-b80c-a1f14d9a661c,IN-SERVICE,NON-LIQUID,-43.01,
2026-06-12T20:50:00+08:00,COLLIE_BESS2,-150.0,-10.0,3,6af7bf1c-6688-4b6f-b80c-a1f14d9a661c,IN-SERVICE,NON-LIQUID,-10.13,
2026-06-12T20:50:00+08:00,COLLIE_BESS2,0.0,34.02,4,6af7bf1c-6688-4b6f-b80c-a1f14d9a661c,IN-SERVICE,NON-LIQUID,34.46,
2026-06-12T20:50:00+08:00,COLLIE_BESS2,0.0,36.66,5,6af7bf1c-6688-4b6f-b80c-a1f14d9a661c,IN-SERVICE,NON-LIQUID,37.13,
2026-06-12T20:50:00+08:00,COLLIE_BESS2,150.0,150.0,6,6af7bf1c-6688-4b6f-b80c-a1f14d9a661c,IN-SERVICE,NON-LIQUID,151.93,
2026-06-12T20:50:00+08:00,COLLIE_BESS2,150.0,250.0,7,6af7bf1c-6688-4b6f-b80c-a1f14d9a661c,IN-SERVICE,NON-LIQUID,253.22,
2026-06-12T20:50:00+08:00,COLLIE_BESS2,0.0,1084.1,8,6af7bf1c-6688-4b6f-b80c-a1f14d9a661c,IN-SERVICE,NON-LIQUID,1098.05,
2026-06-12T20:50:00+08:00,COLLIE_BESS2,0.0,1678.41,9,6af7bf1c-6688-4b6f-b80c-a1f14d9a661c,IN-SERVICE,NON-LIQUID,1700.0,
2026-06-12T20:50:00+08:00,COLLIE_BESS2,0.0,1678.41,10,6af7bf1c-6688-4b6f-b80c-a1f14d9a661c,IN-SERVICE,NON-LIQUID,1700.0,
2026-06-12T20:50:00+08:00,COLLIE_ESR4,-250.0,101.21,1,66b9489b-06ea-49b6-ade9-2402c6b5905a,IN-SERVICE,NOT APPLICABLE,102.51,0.0
2026-06-12T20:50:00+08:00,COLLIE_ESR4,250.0,122.25,2,66b9489b-06ea-49b6-ade9-2402c6b5905a,IN-SERVICE,NOT APPLICABLE,123.82,0.0
2026-06-12T20:50:00+08:00,COLLIE_ESR5,-250.0,101.33,1,cb31e0fb-3537-4b99-88f4-315fef6519ba,IN-SERVICE,NOT APPLICABLE,102.63,0.0
2026-06-12T20:50:00+08:00,COLLIE_ESR5,250.0,116.45,2,cb31e0fb-3537-4b99-88f4-315fef6519ba,IN-SERVICE,NOT APPLICABLE,117.95,0.0
2026-06-12T20:55:00+08:00,KWINANA_ESR1,-100.0,110.31,1,0fe1ba66-1743-48ef-8619-3d102da77b28,IN-SERVICE,NOT APPLICABLE,110.66,0.0
2026-06-12T20:55:00+08:00,KWINANA_ESR1,100.0,125.07,2,0fe1ba66-1743-48ef-8619-3d102da77b28,IN-SERVICE,NOT APPLICABLE,125.47,0.0
2026-06-12T20:55:00+08:00,COLLIE_ESR1,0.0,-987.3,1,1a18de07-54a0-49bd-92e8-67595ce5dd85,IN-SERVICE,NON-LIQUID,-1000.0,
2026-06-12T20:55:00+08:00,COLLIE_ESR1,-100.0,-42.46,2,1a18de07-54a0-49bd-92e8-67595ce5dd85,IN-SERVICE,NON-LIQUID,-43.01,
2026-06-12T20:55:00+08:00,COLLIE_ESR1,-100.0,-10.0,3,1a18de07-54a0-49bd-92e8-67595ce5dd85,IN-SERVICE,NON-LIQUID,-10.13,
2026-06-12T20:55:00+08:00,COLLIE_ESR1,0.0,34.02,4,1a18de07-54a0-49bd-92e8-67595ce5dd85,IN-SERVICE,NON-LIQUID,34.46,
2026-06-12T20:55:00+08:00,COLLIE_ESR1,0.0,36.66,5,1a18de07-54a0-49bd-92e8-67595ce5dd85,IN-SERVICE,NON-LIQUID,37.13,
2026-06-12T20:55:00+08:00,COLLIE_ESR1,100.0,150.0,6,1a18de07-54a0-49bd-92e8-67595ce5dd85,IN-SERVICE,NON-LIQUID,151.93,
2026-06-12T20:55:00+08:00,COLLIE_ESR1,100.0,250.0,7,1a18de07-54a0-49bd-92e8-67595ce5dd85,IN-SERVICE,NON-LIQUID,253.22,
2026-06-12T20:55:00+08:00,COLLIE_ESR1,0.0,1084.1,8,1a18de07-54a0-49bd-92e8-67595ce5dd85,IN-SERVICE,NON-LIQUID,1098.05,
2026-06-12T20:55:00+08:00,COLLIE_ESR1,0.0,1678.41,9,1a18de07-54a0-49bd-92e8-67595ce5dd85,IN-SERVICE,NON-LIQUID,1700.0,
2026-06-12T20:55:00+08:00,COLLIE_ESR1,0.0,1678.41,10,1a18de07-54a0-49bd-92e8-67595ce5dd85,IN-SERVICE,NON-LIQUID,1700.0,
2026-06-12T20:55:00+08:00,KWINANA_ESR2,-225.0,109.71,1,dd54bcce-7e4e-4a31-8650-905a98d12eea,IN-SERVICE,NOT APPLICABLE,109.95,0.0
2026-06-12T20:55:00+08:00,KWINANA_ESR2,225.0,125.19,2,dd54bcce-7e4e-4a31-8650-905a98d12eea,IN-SERVICE,NOT APPLICABLE,125.47,0.0
2026-06-12T20:55:00+08:00,COLLIE_BESS2,0.0,-987.3,1,1556a1b1-9c2d-442c-8ea0-20596755ca09,IN-SERVICE,NON-LIQUID,-1000.0,
2026-06-12T20:55:00+08:00,COLLIE_BESS2,-150.0,-42.46,2,1556a1b1-9c2d-442c-8ea0-20596755ca09,IN-SERVICE,NON-LIQUID,-43.01,
2026-06-12T20:55:00+08:00,COLLIE_BESS2,-150.0,-10.0,3,1556a1b1-9c2d-442c-8ea0-20596755ca09,IN-SERVICE,NON-LIQUID,-10.13,
2026-06-12T20:55:00+08:00,COLLIE_BESS2,0.0,34.02,4,1556a1b1-9c2d-442c-8ea0-20596755ca09,IN-SERVICE,NON-LIQUID,34.46,
2026-06-12T20:55:00+08:00,COLLIE_BESS2,0.0,36.66,5,1556a1b1-9c2d-442c-8ea0-20596755ca09,IN-SERVICE,NON-LIQUID,37.13,
2026-06-12T20:55:00+08:00,COLLIE_BESS2,150.0,150.0,6,1556a1b1-9c2d-442c-8ea0-20596755ca09,IN-SERVICE,NON-LIQUID,151.93,
2026-06-12T20:55:00+08:00,COLLIE_BESS2,150.0,250.0,7,1556a1b1-9c2d-442c-8ea0-20596755ca09,IN-SERVICE,NON-LIQUID,253.22,
2026-06-12T20:55:00+08:00,COLLIE_BESS2,0.0,1084.1,8,1556a1b1-9c2d-442c-8ea0-20596755ca09,IN-SERVICE,NON-LIQUID,1098.05,
2026-06-12T20:55:00+08:00,COLLIE_BESS2,0.0,1678.41,9,1556a1b1-9c2d-442c-8ea0-20596755ca09,IN-SERVICE,NON-LIQUID,1700.0,
2026-06-12T20:55:00+08:00,COLLIE_BESS2,0.0,1678.41,10,1556a1b1-9c2d-442c-8ea0-20596755ca09,IN-SERVICE,NON-LIQUID,1700.0,
2026-06-12T20:55:00+08:00,COLLIE_ESR4,-250.0,101.21,1,1de8b7c0-f63b-4332-b021-276c114742fa,IN-SERVICE,NOT APPLICABLE,102.51,0.0
2026-06-12T20:55:00+08:00,COLLIE_ESR4,250.0,123.92,2,1de8b7c0-f63b-4332-b021-276c114742fa,IN-SERVICE,NOT APPLICABLE,125.51,0.0
2026-06-12T20:55:00+08:00,COLLIE_ESR5,-250.0,108.67,1,db252c7e-6fc3-4c7d-9888-ae3aa8150f00,IN-SERVICE,NOT APPLICABLE,110.07,0.0
2026-06-12T20:55:00+08:00,COLLIE_ESR5,250.0,123.8,2,db252c7e-6fc3-4c7d-9888-ae3aa8150f00,IN-SERVICE,NOT APPLICABLE,125.39,0.0
2026-06-12T21:00:00+08:00,KWINANA_ESR1,-100.0,110.31,1,0fe1ba66-1743-48ef-8619-3d102da77b28,IN-SERVICE,NOT APPLICABLE,110.66,0.0
2026-06-12T21:00:00+08:00,KWINANA_ESR1,100.0,125.07,2,0fe1ba66-1743-48ef-8619-3d102da77b28,IN-SERVICE,NOT APPLICABLE,125.47,0.0
2026-06-12T21:00:00+08:00,COLLIE_ESR1,0.0,-987.3,1,2b0197cb-c179-4e96-bb1c-8eb8227e3dbd,IN-SERVICE,NON-LIQUID,-1000.0,
2026-06-12T21:00:00+08:00,COLLIE_ESR1,-100.0,-42.46,2,2b0197cb-c179-4e96-bb1c-8eb8227e3dbd,IN-SERVICE,NON-LIQUID,-43.01,
2026-06-12T21:00:00+08:00,COLLIE_ESR1,-100.0,-10.0,3,2b0197cb-c179-4e96-bb1c-8eb8227e3dbd,IN-SERVICE,NON-LIQUID,-10.13,
2026-06-12T21:00:00+08:00,COLLIE_ESR1,0.0,34.02,4,2b0197cb-c179-4e96-bb1c-8eb8227e3dbd,IN-SERVICE,NON-LIQUID,34.46,
2026-06-12T21:00:00+08:00,COLLIE_ESR1,0.0,60.0,5,2b0197cb-c179-4e96-bb1c-8eb8227e3dbd,IN-SERVICE,NON-LIQUID,60.77,
2026-06-12T21:00:00+08:00,COLLIE_ESR1,100.0,150.0,6,2b0197cb-c179-4e96-bb1c-8eb8227e3dbd,IN-SERVICE,NON-LIQUID,151.93,
2026-06-12T21:00:00+08:00,COLLIE_ESR1,100.0,250.0,7,2b0197cb-c179-4e96-bb1c-8eb8227e3dbd,IN-SERVICE,NON-LIQUID,253.22,
2026-06-12T21:00:00+08:00,COLLIE_ESR1,0.0,400.0,8,2b0197cb-c179-4e96-bb1c-8eb8227e3dbd,IN-SERVICE,NON-LIQUID,405.15,
2026-06-12T21:00:00+08:00,COLLIE_ESR1,0.0,622.0,9,2b0197cb-c179-4e96-bb1c-8eb8227e3dbd,IN-SERVICE,NON-LIQUID,630.0,
2026-06-12T21:00:00+08:00,COLLIE_ESR1,0.0,1678.41,10,2b0197cb-c179-4e96-bb1c-8eb8227e3dbd,IN-SERVICE,NON-LIQUID,1700.0,
2026-06-12T21:00:00+08:00,KWINANA_ESR2,-225.0,109.71,1,dd54bcce-7e4e-4a31-8650-905a98d12eea,IN-SERVICE,NOT APPLICABLE,109.95,0.0
2026-06-12T21:00:00+08:00,KWINANA_ESR2,225.0,125.19,2,dd54bcce-7e4e-4a31-8650-905a98d12eea,IN-SERVICE,NOT APPLICABLE,125.47,0.0
2026-06-12T21:00:00+08:00,COLLIE_BESS2,0.0,-987.3,1,3ab42eca-6463-46b0-a8a5-d078d225d9d8,IN-SERVICE,NON-LIQUID,-1000.0,
2026-06-12T21:00:00+08:00,COLLIE_BESS2,-150.0,-42.46,2,3ab42eca-6463-46b0-a8a5-d078d225d9d8,IN-SERVICE,NON-LIQUID,-43.01,
2026-06-12T21:00:00+08:00,COLLIE_BESS2,-150.0,-10.0,3,3ab42eca-6463-46b0-a8a5-d078d225d9d8,IN-SERVICE,NON-LIQUID,-10.13,
2026-06-12T21:00:00+08:00,COLLIE_BESS2,0.0,34.02,4,3ab42eca-6463-46b0-a8a5-d078d225d9d8,IN-SERVICE,NON-LIQUID,34.46,
2026-06-12T21:00:00+08:00,COLLIE_BESS2,0.0,60.0,5,3ab42eca-6463-46b0-a8a5-d078d225d9d8,IN-SERVICE,NON-LIQUID,60.77,
2026-06-12T21:00:00+08:00,COLLIE_BESS2,150.0,150.0,6,3ab42eca-6463-46b0-a8a5-d078d225d9d8,IN-SERVICE,NON-LIQUID,151.93,
2026-06-12T21:00:00+08:00,COLLIE_BESS2,150.0,250.0,7,3ab42eca-6463-46b0-a8a5-d078d225d9d8,IN-SERVICE,NON-LIQUID,253.22,
2026-06-12T21:00:00+08:00,COLLIE_BESS2,0.0,385.48,8,3ab42eca-6463-46b0-a8a5-d078d225d9d8,IN-SERVICE,NON-LIQUID,390.44,
2026-06-12T21:00:00+08:00,COLLIE_BESS2,0.0,622.0,9,3ab42eca-6463-46b0-a8a5-d078d225d9d8,IN-SERVICE,NON-LIQUID,630.0,
2026-06-12T21:00:00+08:00,COLLIE_BESS2,0.0,1678.41,10,3ab42eca-6463-46b0-a8a5-d078d225d9d8,IN-SERVICE,NON-LIQUID,1700.0,
2026-06-12T21:00:00+08:00,COLLIE_ESR4,-250.0,101.21,1,1de8b7c0-f63b-4332-b021-276c114742fa,IN-SERVICE,NOT APPLICABLE,102.51,0.0
2026-06-12T21:00:00+08:00,COLLIE_ESR4,250.0,123.92,2,1de8b7c0-f63b-4332-b021-276c114742fa,IN-SERVICE,NOT APPLICABLE,125.51,0.0
2026-06-12T21:00:00+08:00,COLLIE_ESR5,-250.0,108.67,1,db252c7e-6fc3-4c7d-9888-ae3aa8150f00,IN-SERVICE,NOT APPLICABLE,110.07,0.0
2026-06-12T21:00:00+08:00,COLLIE_ESR5,250.0,123.8,2,db252c7e-6fc3-4c7d-9888-ae3aa8150f00,IN-SERVICE,NOT APPLICABLE,125.39,0.0
2026-06-12T21:05:00+08:00,KWINANA_ESR1,-100.0,110.31,1,0fe1ba66-1743-48ef-8619-3d102da77b28,IN-SERVICE,NOT APPLICABLE,110.66,0.0
2026-06-12T21:05:00+08:00,KWINANA_ESR1,100.0,125.07,2,0fe1ba66-1743-48ef-8619-3d102da77b28,IN-SERVICE,NOT APPLICABLE,125.47,0.0
2026-06-12T21:05:00+08:00,COLLIE_ESR1,0.0,-987.3,1,9ce92a8d-190f-4b10-8a1a-d477dab5a3f0,IN-SERVICE,NON-LIQUID,-1000.0,
2026-06-12T21:05:00+08:00,COLLIE_ESR1,-100.0,-42.46,2,9ce92a8d-190f-4b10-8a1a-d477dab5a3f0,IN-SERVICE,NON-LIQUID,-43.01,
2026-06-12T21:05:00+08:00,COLLIE_ESR1,-100.0,-10.0,3,9ce92a8d-190f-4b10-8a1a-d477dab5a3f0,IN-SERVICE,NON-LIQUID,-10.13,
2026-06-12T21:05:00+08:00,COLLIE_ESR1,0.0,34.02,4,9ce92a8d-190f-4b10-8a1a-d477dab5a3f0,IN-SERVICE,NON-LIQUID,34.46,
2026-06-12T21:05:00+08:00,COLLIE_ESR1,0.0,60.0,5,9ce92a8d-190f-4b10-8a1a-d477dab5a3f0,IN-SERVICE,NON-LIQUID,60.77,
2026-06-12T21:05:00+08:00,COLLIE_ESR1,100.0,150.0,6,9ce92a8d-190f-4b10-8a1a-d477dab5a3f0,IN-SERVICE,NON-LIQUID,151.93,
2026-06-12T21:05:00+08:00,COLLIE_ESR1,100.0,250.0,7,9ce92a8d-190f-4b10-8a1a-d477dab5a3f0,IN-SERVICE,NON-LIQUID,253.22,
2026-06-12T21:05:00+08:00,COLLIE_ESR1,0.0,400.0,8,9ce92a8d-190f-4b10-8a1a-d477dab5a3f0,IN-SERVICE,NON-LIQUID,405.15,
2026-06-12T21:05:00+08:00,COLLIE_ESR1,0.0,622.0,9,9ce92a8d-190f-4b10-8a1a-d477dab5a3f0,IN-SERVICE,NON-LIQUID,630.0,
2026-06-12T21:05:00+08:00,COLLIE_ESR1,0.0,1678.41,10,9ce92a8d-190f-4b10-8a1a-d477dab5a3f0,IN-SERVICE,NON-LIQUID,1700.0,
2026-06-12T21:05:00+08:00,KWINANA_ESR2,-225.0,109.71,1,dd54bcce-7e4e-4a31-8650-905a98d12eea,IN-SERVICE,NOT APPLICABLE,109.95,0.0
2026-06-12T21:05:00+08:00,KWINANA_ESR2,225.0,125.19,2,dd54bcce-7e4e-4a31-8650-905a98d12eea,IN-SERVICE,NOT APPLICABLE,125.47,0.0
2026-06-12T21:05:00+08:00,COLLIE_BESS2,0.0,-987.3,1,dc82d34e-e803-4287-aefc-431c518d6e81,IN-SERVICE,NON-LIQUID,-1000.0,
2026-06-12T21:05:00+08:00,COLLIE_BESS2,-150.0,-42.46,2,dc82d34e-e803-4287-aefc-431c518d6e81,IN-SERVICE,NON-LIQUID,-43.01,
2026-06-12T21:05:00+08:00,COLLIE_BESS2,-150.0,-10.0,3,dc82d34e-e803-4287-aefc-431c518d6e81,IN-SERVICE,NON-LIQUID,-10.13,
2026-06-12T21:05:00+08:00,COLLIE_BESS2,0.0,34.02,4,dc82d34e-e803-4287-aefc-431c518d6e81,IN-SERVICE,NON-LIQUID,34.46,
2026-06-12T21:05:00+08:00,COLLIE_BESS2,0.0,60.0,5,dc82d34e-e803-4287-aefc-431c518d6e81,IN-SERVICE,NON-LIQUID,60.77,
2026-06-12T21:05:00+08:00,COLLIE_BESS2,150.0,150.0,6,dc82d34e-e803-4287-aefc-431c518d6e81,IN-SERVICE,NON-LIQUID,151.93,
2026-06-12T21:05:00+08:00,COLLIE_BESS2,150.0,250.0,7,dc82d34e-e803-4287-aefc-431c518d6e81,IN-SERVICE,NON-LIQUID,253.22,
2026-06-12T21:05:00+08:00,COLLIE_BESS2,0.0,385.48,8,dc82d34e-e803-4287-aefc-431c518d6e81,IN-SERVICE,NON-LIQUID,390.44,
2026-06-12T21:05:00+08:00,COLLIE_BESS2,0.0,622.0,9,dc82d34e-e803-4287-aefc-431c518d6e81,IN-SERVICE,NON-LIQUID,630.0,
2026-06-12T21:05:00+08:00,COLLIE_BESS2,0.0,1678.41,10,dc82d34e-e803-4287-aefc-431c518d6e81,IN-SERVICE,NON-LIQUID,1700.0,
2026-06-12T21:05:00+08:00,COLLIE_ESR4,-250.0,101.21,1,1de8b7c0-f63b-4332-b021-276c114742fa,IN-SERVICE,NOT APPLICABLE,102.51,0.0
2026-06-12T21:05:00+08:00,COLLIE_ESR4,250.0,123.88,2,1de8b7c0-f63b-4332-b021-276c114742fa,IN-SERVICE,NOT APPLICABLE,125.47,0.0
2026-06-12T21:05:00+08:00,COLLIE_ESR5,-250.0,108.67,1,db252c7e-6fc3-4c7d-9888-ae3aa8150f00,IN-SERVICE,NOT APPLICABLE,110.07,0.0
2026-06-12T21:05:00+08:00,COLLIE_ESR5,250.0,123.8,2,db252c7e-6fc3-4c7d-9888-ae3aa8150f00,IN-SERVICE,NOT APPLICABLE,125.39,0.0
2026-06-12T21:10:00+08:00,KWINANA_ESR1,-100.0,117.57,1,30429ae8-5058-4415-9960-47bd7cde70db,IN-SERVICE,NOT APPLICABLE,117.95,0.0
2026-06-12T21:10:00+08:00,KWINANA_ESR1,100.0,132.33,2,30429ae8-5058-4415-9960-47bd7cde70db,IN-SERVICE,NOT APPLICABLE,132.75,0.0
2026-06-12T21:10:00+08:00,COLLIE_ESR1,0.0,-987.3,1,ca19b800-a410-4faf-bb0c-275d6a36a726,IN-SERVICE,NON-LIQUID,-1000.0,
2026-06-12T21:10:00+08:00,COLLIE_ESR1,-100.0,-42.46,2,ca19b800-a410-4faf-bb0c-275d6a36a726,IN-SERVICE,NON-LIQUID,-43.01,
2026-06-12T21:10:00+08:00,COLLIE_ESR1,-100.0,-10.0,3,ca19b800-a410-4faf-bb0c-275d6a36a726,IN-SERVICE,NON-LIQUID,-10.13,
2026-06-12T21:10:00+08:00,COLLIE_ESR1,0.0,34.02,4,ca19b800-a410-4faf-bb0c-275d6a36a726,IN-SERVICE,NON-LIQUID,34.46,
2026-06-12T21:10:00+08:00,COLLIE_ESR1,0.0,60.0,5,ca19b800-a410-4faf-bb0c-275d6a36a726,IN-SERVICE,NON-LIQUID,60.77,
2026-06-12T21:10:00+08:00,COLLIE_ESR1,100.0,150.0,6,ca19b800-a410-4faf-bb0c-275d6a36a726,IN-SERVICE,NON-LIQUID,151.93,
2026-06-12T21:10:00+08:00,COLLIE_ESR1,100.0,250.0,7,ca19b800-a410-4faf-bb0c-275d6a36a726,IN-SERVICE,NON-LIQUID,253.22,
2026-06-12T21:10:00+08:00,COLLIE_ESR1,0.0,400.0,8,ca19b800-a410-4faf-bb0c-275d6a36a726,IN-SERVICE,NON-LIQUID,405.15,
2026-06-12T21:10:00+08:00,COLLIE_ESR1,0.0,622.0,9,ca19b800-a410-4faf-bb0c-275d6a36a726,IN-SERVICE,NON-LIQUID,630.0,
2026-06-12T21:10:00+08:00,COLLIE_ESR1,0.0,1678.41,10,ca19b800-a410-4faf-bb0c-275d6a36a726,IN-SERVICE,NON-LIQUID,1700.0,
2026-06-12T21:10:00+08:00,KWINANA_ESR2,-225.0,119.07,1,007d310f-ba84-4686-86ac-03ee557b0d26,IN-SERVICE,NOT APPLICABLE,119.33,0.0
2026-06-12T21:10:00+08:00,KWINANA_ESR2,225.0,134.51,2,007d310f-ba84-4686-86ac-03ee557b0d26,IN-SERVICE,NOT APPLICABLE,134.81,0.0
2026-06-12T21:10:00+08:00,COLLIE_BESS2,0.0,-987.3,1,502c849a-d669-4ce5-9d9d-fe6164dcc0b5,IN-SERVICE,NON-LIQUID,-1000.0,
2026-06-12T21:10:00+08:00,COLLIE_BESS2,-150.0,-42.46,2,502c849a-d669-4ce5-9d9d-fe6164dcc0b5,IN-SERVICE,NON-LIQUID,-43.01,
2026-06-12T21:10:00+08:00,COLLIE_BESS2,-150.0,-10.0,3,502c849a-d669-4ce5-9d9d-fe6164dcc0b5,IN-SERVICE,NON-LIQUID,-10.13,
2026-06-12T21:10:00+08:00,COLLIE_BESS2,0.0,34.02,4,502c849a-d669-4ce5-9d9d-fe6164dcc0b5,IN-SERVICE,NON-LIQUID,34.46,
2026-06-12T21:10:00+08:00,COLLIE_BESS2,0.0,60.0,5,502c849a-d669-4ce5-9d9d-fe6164dcc0b5,IN-SERVICE,NON-LIQUID,60.77,
2026-06-12T21:10:00+08:00,COLLIE_BESS2,150.0,150.0,6,502c849a-d669-4ce5-9d9d-fe6164dcc0b5,IN-SERVICE,NON-LIQUID,151.93,
2026-06-12T21:10:00+08:00,COLLIE_BESS2,150.0,250.0,7,502c849a-d669-4ce5-9d9d-fe6164dcc0b5,IN-SERVICE,NON-LIQUID,253.22,
2026-06-12T21:10:00+08:00,COLLIE_BESS2,0.0,385.48,8,502c849a-d669-4ce5-9d9d-fe6164dcc0b5,IN-SERVICE,NON-LIQUID,390.44,
2026-06-12T21:10:00+08:00,COLLIE_BESS2,0.0,622.0,9,502c849a-d669-4ce5-9d9d-fe6164dcc0b5,IN-SERVICE,NON-LIQUID,630.0,
2026-06-12T21:10:00+08:00,COLLIE_BESS2,0.0,1678.41,10,502c849a-d669-4ce5-9d9d-fe6164dcc0b5,IN-SERVICE,NON-LIQUID,1700.0,
2026-06-12T21:10:00+08:00,COLLIE_ESR4,-250.0,108.89,1,dcd40f79-e5ab-4312-89c3-8f39c9c4c795,IN-SERVICE,NOT APPLICABLE,110.29,0.0
2026-06-12T21:10:00+08:00,COLLIE_ESR4,250.0,131.56,2,dcd40f79-e5ab-4312-89c3-8f39c9c4c795,IN-SERVICE,NOT APPLICABLE,133.25,0.0
2026-06-12T21:10:00+08:00,COLLIE_ESR5,-250.0,116.32,1,7825a134-c245-4aa6-b298-6649538e56a3,IN-SERVICE,NOT APPLICABLE,117.82,0.0
2026-06-12T21:10:00+08:00,COLLIE_ESR5,250.0,133.02,2,7825a134-c245-4aa6-b298-6649538e56a3,IN-SERVICE,NOT APPLICABLE,134.73,0.0
2026-06-12T21:15:00+08:00,KWINANA_ESR1,-100.0,117.57,1,30429ae8-5058-4415-9960-47bd7cde70db,IN-SERVICE,NOT APPLICABLE,117.95,0.0
2026-06-12T21:15:00+08:00,KWINANA_ESR1,100.0,132.33,2,30429ae8-5058-4415-9960-47bd7cde70db,IN-SERVICE,NOT APPLICABLE,132.75,0.0
2026-06-12T21:15:00+08:00,COLLIE_ESR1,0.0,-987.3,1,812beeb1-bc1d-4af8-9cf8-cc80433f6ed4,IN-SERVICE,NON-LIQUID,-1000.0,
2026-06-12T21:15:00+08:00,COLLIE_ESR1,-100.0,-42.46,2,812beeb1-bc1d-4af8-9cf8-cc80433f6ed4,IN-SERVICE,NON-LIQUID,-43.01,
2026-06-12T21:15:00+08:00,COLLIE_ESR1,-100.0,-10.0,3,812beeb1-bc1d-4af8-9cf8-cc80433f6ed4,IN-SERVICE,NON-LIQUID,-10.13,
2026-06-12T21:15:00+08:00,COLLIE_ESR1,0.0,34.02,4,812beeb1-bc1d-4af8-9cf8-cc80433f6ed4,IN-SERVICE,NON-LIQUID,34.46,
2026-06-12T21:15:00+08:00,COLLIE_ESR1,0.0,60.0,5,812beeb1-bc1d-4af8-9cf8-cc80433f6ed4,IN-SERVICE,NON-LIQUID,60.77,
2026-06-12T21:15:00+08:00,COLLIE_ESR1,100.0,150.0,6,812beeb1-bc1d-4af8-9cf8-cc80433f6ed4,IN-SERVICE,NON-LIQUID,151.93,
2026-06-12T21:15:00+08:00,COLLIE_ESR1,100.0,250.0,7,812beeb1-bc1d-4af8-9cf8-cc80433f6ed4,IN-SERVICE,NON-LIQUID,253.22,
2026-06-12T21:15:00+08:00,COLLIE_ESR1,0.0,400.0,8,812beeb1-bc1d-4af8-9cf8-cc80433f6ed4,IN-SERVICE,NON-LIQUID,405.15,
2026-06-12T21:15:00+08:00,COLLIE_ESR1,0.0,622.0,9,812beeb1-bc1d-4af8-9cf8-cc80433f6ed4,IN-SERVICE,NON-LIQUID,630.0,
2026-06-12T21:15:00+08:00,COLLIE_ESR1,0.0,1678.41,10,812beeb1-bc1d-4af8-9cf8-cc80433f6ed4,IN-SERVICE,NON-LIQUID,1700.0,
2026-06-12T21:15:00+08:00,KWINANA_ESR2,-225.0,119.07,1,007d310f-ba84-4686-86ac-03ee557b0d26,IN-SERVICE,NOT APPLICABLE,119.33,0.0
2026-06-12T21:15:00+08:00,KWINANA_ESR2,225.0,134.51,2,007d310f-ba84-4686-86ac-03ee557b0d26,IN-SERVICE,NOT APPLICABLE,134.81,0.0
2026-06-12T21:15:00+08:00,COLLIE_BESS2,0.0,-987.3,1,c99f0cd8-da60-47f0-94d0-783a68381284,IN-SERVICE,NON-LIQUID,-1000.0,
2026-06-12T21:15:00+08:00,COLLIE_BESS2,-150.0,-42.46,2,c99f0cd8-da60-47f0-94d0-783a68381284,IN-SERVICE,NON-LIQUID,-43.01,
2026-06-12T21:15:00+08:00,COLLIE_BESS2,-150.0,-10.0,3,c99f0cd8-da60-47f0-94d0-783a68381284,IN-SERVICE,NON-LIQUID,-10.13,
2026-06-12T21:15:00+08:00,COLLIE_BESS2,0.0,34.02,4,c99f0cd8-da60-47f0-94d0-783a68381284,IN-SERVICE,NON-LIQUID,34.46,
2026-06-12T21:15:00+08:00,COLLIE_BESS2,0.0,60.0,5,c99f0cd8-da60-47f0-94d0-783a68381284,IN-SERVICE,NON-LIQUID,60.77,
2026-06-12T21:15:00+08:00,COLLIE_BESS2,150.0,150.0,6,c99f0cd8-da60-47f0-94d0-783a68381284,IN-SERVICE,NON-LIQUID,151.93,
2026-06-12T21:15:00+08:00,COLLIE_BESS2,150.0,250.0,7,c99f0cd8-da60-47f0-94d0-783a68381284,IN-SERVICE,NON-LIQUID,253.22,
2026-06-12T21:15:00+08:00,COLLIE_BESS2,0.0,385.48,8,c99f0cd8-da60-47f0-94d0-783a68381284,IN-SERVICE,NON-LIQUID,390.44,
2026-06-12T21:15:00+08:00,COLLIE_BESS2,0.0,622.0,9,c99f0cd8-da60-47f0-94d0-783a68381284,IN-SERVICE,NON-LIQUID,630.0,
2026-06-12T21:15:00+08:00,COLLIE_BESS2,0.0,1678.41,10,c99f0cd8-da60-47f0-94d0-783a68381284,IN-SERVICE,NON-LIQUID,1700.0,
2026-06-12T21:15:00+08:00,COLLIE_ESR4,-250.0,108.89,1,dcd40f79-e5ab-4312-89c3-8f39c9c4c795,IN-SERVICE,NOT APPLICABLE,110.29,0.0
2026-06-12T21:15:00+08:00,COLLIE_ESR4,250.0,133.14,2,dcd40f79-e5ab-4312-89c3-8f39c9c4c795,IN-SERVICE,NOT APPLICABLE,134.85,0.0
2026-06-12T21:15:00+08:00,COLLIE_ESR5,-250.0,117.9,1,7825a134-c245-4aa6-b298-6649538e56a3,IN-SERVICE,NOT APPLICABLE,119.42,0.0
2026-06-12T21:15:00+08:00,COLLIE_ESR5,250.0,133.02,2,7825a134-c245-4aa6-b298-6649538e56a3,IN-SERVICE,NOT APPLICABLE,134.73,0.0
2026-06-12T21:20:00+08:00,KWINANA_ESR1,-100.0,110.31,1,30429ae8-5058-4415-9960-47bd7cde70db,IN-SERVICE,NOT APPLICABLE,110.66,0.0
2026-06-12T21:20:00+08:00,KWINANA_ESR1,100.0,125.07,2,30429ae8-5058-4415-9960-47bd7cde70db,IN-SERVICE,NOT APPLICABLE,125.47,0.0
2026-06-12T21:20:00+08:00,COLLIE_ESR1,0.0,-987.3,1,575d0739-1a8e-4d49-b0c4-f6954d23e421,IN-SERVICE,NON-LIQUID,-1000.0,
2026-06-12T21:20:00+08:00,COLLIE_ESR1,-100.0,-42.46,2,575d0739-1a8e-4d49-b0c4-f6954d23e421,IN-SERVICE,NON-LIQUID,-43.01,
2026-06-12T21:20:00+08:00,COLLIE_ESR1,-100.0,-10.0,3,575d0739-1a8e-4d49-b0c4-f6954d23e421,IN-SERVICE,NON-LIQUID,-10.13,
2026-06-12T21:20:00+08:00,COLLIE_ESR1,0.0,34.02,4,575d0739-1a8e-4d49-b0c4-f6954d23e421,IN-SERVICE,NON-LIQUID,34.46,
2026-06-12T21:20:00+08:00,COLLIE_ESR1,0.0,60.0,5,575d0739-1a8e-4d49-b0c4-f6954d23e421,IN-SERVICE,NON-LIQUID,60.77,
2026-06-12T21:20:00+08:00,COLLIE_ESR1,100.0,150.0,6,575d0739-1a8e-4d49-b0c4-f6954d23e421,IN-SERVICE,NON-LIQUID,151.93,
2026-06-12T21:20:00+08:00,COLLIE_ESR1,100.0,250.0,7,575d0739-1a8e-4d49-b0c4-f6954d23e421,IN-SERVICE,NON-LIQUID,253.22,
2026-06-12T21:20:00+08:00,COLLIE_ESR1,0.0,400.0,8,575d0739-1a8e-4d49-b0c4-f6954d23e421,IN-SERVICE,NON-LIQUID,405.15,
2026-06-12T21:20:00+08:00,COLLIE_ESR1,0.0,622.0,9,575d0739-1a8e-4d49-b0c4-f6954d23e421,IN-SERVICE,NON-LIQUID,630.0,
2026-06-12T21:20:00+08:00,COLLIE_ESR1,0.0,1678.41,10,575d0739-1a8e-4d49-b0c4-f6954d23e421,IN-SERVICE,NON-LIQUID,1700.0,
2026-06-12T21:20:00+08:00,KWINANA_ESR2,-225.0,119.07,1,007d310f-ba84-4686-86ac-03ee557b0d26,IN-SERVICE,NOT APPLICABLE,119.33,0.0
2026-06-12T21:20:00+08:00,KWINANA_ESR2,225.0,134.51,2,007d310f-ba84-4686-86ac-03ee557b0d26,IN-SERVICE,NOT APPLICABLE,134.81,0.0
2026-06-12T21:20:00+08:00,COLLIE_BESS2,0.0,-987.3,1,cea90ac3-f0a8-47fb-ae12-0a9bfda69815,IN-SERVICE,NON-LIQUID,-1000.0,
2026-06-12T21:20:00+08:00,COLLIE_BESS2,-150.0,-42.46,2,cea90ac3-f0a8-47fb-ae12-0a9bfda69815,IN-SERVICE,NON-LIQUID,-43.01,
2026-06-12T21:20:00+08:00,COLLIE_BESS2,-150.0,-10.0,3,cea90ac3-f0a8-47fb-ae12-0a9bfda69815,IN-SERVICE,NON-LIQUID,-10.13,
2026-06-12T21:20:00+08:00,COLLIE_BESS2,0.0,34.02,4,cea90ac3-f0a8-47fb-ae12-0a9bfda69815,IN-SERVICE,NON-LIQUID,34.46,
2026-06-12T21:20:00+08:00,COLLIE_BESS2,0.0,60.0,5,cea90ac3-f0a8-47fb-ae12-0a9bfda69815,IN-SERVICE,NON-LIQUID,60.77,
2026-06-12T21:20:00+08:00,COLLIE_BESS2,150.0,150.0,6,cea90ac3-f0a8-47fb-ae12-0a9bfda69815,IN-SERVICE,NON-LIQUID,151.93,
2026-06-12T21:20:00+08:00,COLLIE_BESS2,150.0,250.0,7,cea90ac3-f0a8-47fb-ae12-0a9bfda69815,IN-SERVICE,NON-LIQUID,253.22,
2026-06-12T21:20:00+08:00,COLLIE_BESS2,0.0,385.48,8,cea90ac3-f0a8-47fb-ae12-0a9bfda69815,IN-SERVICE,NON-LIQUID,390.44,
2026-06-12T21:20:00+08:00,COLLIE_BESS2,0.0,622.0,9,cea90ac3-f0a8-47fb-ae12-0a9bfda69815,IN-SERVICE,NON-LIQUID,630.0,
2026-06-12T21:20:00+08:00,COLLIE_BESS2,0.0,1678.41,10,cea90ac3-f0a8-47fb-ae12-0a9bfda69815,IN-SERVICE,NON-LIQUID,1700.0,
2026-06-12T21:20:00+08:00,COLLIE_ESR4,-250.0,108.89,1,dcd40f79-e5ab-4312-89c3-8f39c9c4c795,IN-SERVICE,NOT APPLICABLE,110.29,0.0
2026-06-12T21:20:00+08:00,COLLIE_ESR4,250.0,133.14,2,dcd40f79-e5ab-4312-89c3-8f39c9c4c795,IN-SERVICE,NOT APPLICABLE,134.85,0.0
2026-06-12T21:20:00+08:00,COLLIE_ESR5,-250.0,117.9,1,7825a134-c245-4aa6-b298-6649538e56a3,IN-SERVICE,NOT APPLICABLE,119.42,0.0
2026-06-12T21:20:00+08:00,COLLIE_ESR5,250.0,133.02,2,7825a134-c245-4aa6-b298-6649538e56a3,IN-SERVICE,NOT APPLICABLE,134.73,0.0
2026-06-12T21:25:00+08:00,KWINANA_ESR1,-100.0,134.43,1,610e2b77-d1e5-41b2-abdd-dbfe3422cc4b,IN-SERVICE,NOT APPLICABLE,134.86,0.0
2026-06-12T21:25:00+08:00,KWINANA_ESR1,60.6,143.69,2,610e2b77-d1e5-41b2-abdd-dbfe3422cc4b,IN-SERVICE,NOT APPLICABLE,144.15,0.0
2026-06-12T21:25:00+08:00,COLLIE_ESR1,0.0,-987.3,1,f0834a3f-f264-4003-9211-8eb445467219,IN-SERVICE,NON-LIQUID,-1000.0,
2026-06-12T21:25:00+08:00,COLLIE_ESR1,-100.0,-42.46,2,f0834a3f-f264-4003-9211-8eb445467219,IN-SERVICE,NON-LIQUID,-43.01,
2026-06-12T21:25:00+08:00,COLLIE_ESR1,-100.0,-10.0,3,f0834a3f-f264-4003-9211-8eb445467219,IN-SERVICE,NON-LIQUID,-10.13,
2026-06-12T21:25:00+08:00,COLLIE_ESR1,0.0,34.02,4,f0834a3f-f264-4003-9211-8eb445467219,IN-SERVICE,NON-LIQUID,34.46,
2026-06-12T21:25:00+08:00,COLLIE_ESR1,0.0,60.0,5,f0834a3f-f264-4003-9211-8eb445467219,IN-SERVICE,NON-LIQUID,60.77,
2026-06-12T21:25:00+08:00,COLLIE_ESR1,100.0,150.0,6,f0834a3f-f264-4003-9211-8eb445467219,IN-SERVICE,NON-LIQUID,151.93,
2026-06-12T21:25:00+08:00,COLLIE_ESR1,100.0,250.0,7,f0834a3f-f264-4003-9211-8eb445467219,IN-SERVICE,NON-LIQUID,253.22,
2026-06-12T21:25:00+08:00,COLLIE_ESR1,0.0,400.0,8,f0834a3f-f264-4003-9211-8eb445467219,IN-SERVICE,NON-LIQUID,405.15,
2026-06-12T21:25:00+08:00,COLLIE_ESR1,0.0,622.0,9,f0834a3f-f264-4003-9211-8eb445467219,IN-SERVICE,NON-LIQUID,630.0,
2026-06-12T21:25:00+08:00,COLLIE_ESR1,0.0,1678.41,10,f0834a3f-f264-4003-9211-8eb445467219,IN-SERVICE,NON-LIQUID,1700.0,
2026-06-12T21:25:00+08:00,KWINANA_ESR2,-225.0,126.84,1,47d3b356-04a3-4136-873b-ee4ae708c9a5,IN-SERVICE,NOT APPLICABLE,127.12,0.0
2026-06-12T21:25:00+08:00,KWINANA_ESR2,225.0,142.28,2,47d3b356-04a3-4136-873b-ee4ae708c9a5,IN-SERVICE,NOT APPLICABLE,142.59,0.0
2026-06-12T21:25:00+08:00,COLLIE_BESS2,0.0,-987.3,1,e0e9511c-d213-4de4-a0b3-dc6793368f3d,IN-SERVICE,NON-LIQUID,-1000.0,
2026-06-12T21:25:00+08:00,COLLIE_BESS2,-150.0,-42.46,2,e0e9511c-d213-4de4-a0b3-dc6793368f3d,IN-SERVICE,NON-LIQUID,-43.01,
2026-06-12T21:25:00+08:00,COLLIE_BESS2,-150.0,-10.0,3,e0e9511c-d213-4de4-a0b3-dc6793368f3d,IN-SERVICE,NON-LIQUID,-10.13,
2026-06-12T21:25:00+08:00,COLLIE_BESS2,0.0,34.02,4,e0e9511c-d213-4de4-a0b3-dc6793368f3d,IN-SERVICE,NON-LIQUID,34.46,
2026-06-12T21:25:00+08:00,COLLIE_BESS2,0.0,60.0,5,e0e9511c-d213-4de4-a0b3-dc6793368f3d,IN-SERVICE,NON-LIQUID,60.77,
2026-06-12T21:25:00+08:00,COLLIE_BESS2,150.0,150.0,6,e0e9511c-d213-4de4-a0b3-dc6793368f3d,IN-SERVICE,NON-LIQUID,151.93,
2026-06-12T21:25:00+08:00,COLLIE_BESS2,150.0,250.0,7,e0e9511c-d213-4de4-a0b3-dc6793368f3d,IN-SERVICE,NON-LIQUID,253.22,
2026-06-12T21:25:00+08:00,COLLIE_BESS2,0.0,385.48,8,e0e9511c-d213-4de4-a0b3-dc6793368f3d,IN-SERVICE,NON-LIQUID,390.44,
2026-06-12T21:25:00+08:00,COLLIE_BESS2,0.0,622.0,9,e0e9511c-d213-4de4-a0b3-dc6793368f3d,IN-SERVICE,NON-LIQUID,630.0,
2026-06-12T21:25:00+08:00,COLLIE_BESS2,0.0,1678.41,10,e0e9511c-d213-4de4-a0b3-dc6793368f3d,IN-SERVICE,NON-LIQUID,1700.0,
2026-06-12T21:25:00+08:00,COLLIE_ESR4,-250.0,125.42,1,2e44d401-3515-4eea-ac95-5ab451ef4bda,IN-SERVICE,NOT APPLICABLE,127.03,0.0
2026-06-12T21:25:00+08:00,COLLIE_ESR4,250.0,140.83,2,2e44d401-3515-4eea-ac95-5ab451ef4bda,IN-SERVICE,NOT APPLICABLE,142.64,0.0
2026-06-12T21:25:00+08:00,COLLIE_ESR5,-250.0,125.59,1,024306aa-4ed3-4b70-b766-8ef968c3daf6,IN-SERVICE,NOT APPLICABLE,127.21,0.0
2026-06-12T21:25:00+08:00,COLLIE_ESR5,250.0,140.71,2,024306aa-4ed3-4b70-b766-8ef968c3daf6,IN-SERVICE,NOT APPLICABLE,142.52,0.0
2026-06-12T21:30:00+08:00,KWINANA_ESR1,-100.0,134.43,1,610e2b77-d1e5-41b2-abdd-dbfe3422cc4b,IN-SERVICE,NOT APPLICABLE,134.86,0.0
2026-06-12T21:30:00+08:00,KWINANA_ESR1,16.2,143.69,2,610e2b77-d1e5-41b2-abdd-dbfe3422cc4b,IN-SERVICE,NOT APPLICABLE,144.15,0.0
2026-06-12T21:30:00+08:00,COLLIE_ESR1,0.0,-987.3,1,4f19de1d-1795-427c-b58d-d9833ee8114b,IN-SERVICE,NON-LIQUID,-1000.0,
2026-06-12T21:30:00+08:00,COLLIE_ESR1,-100.0,-42.46,2,4f19de1d-1795-427c-b58d-d9833ee8114b,IN-SERVICE,NON-LIQUID,-43.01,
2026-06-12T21:30:00+08:00,COLLIE_ESR1,-100.0,-10.0,3,4f19de1d-1795-427c-b58d-d9833ee8114b,IN-SERVICE,NON-LIQUID,-10.13,
2026-06-12T21:30:00+08:00,COLLIE_ESR1,0.0,34.02,4,4f19de1d-1795-427c-b58d-d9833ee8114b,IN-SERVICE,NON-LIQUID,34.46,
2026-06-12T21:30:00+08:00,COLLIE_ESR1,0.0,60.0,5,4f19de1d-1795-427c-b58d-d9833ee8114b,IN-SERVICE,NON-LIQUID,60.77,
2026-06-12T21:30:00+08:00,COLLIE_ESR1,100.0,117.9,6,4f19de1d-1795-427c-b58d-d9833ee8114b,IN-SERVICE,NON-LIQUID,119.42,
2026-06-12T21:30:00+08:00,COLLIE_ESR1,100.0,124.84,7,4f19de1d-1795-427c-b58d-d9833ee8114b,IN-SERVICE,NON-LIQUID,126.45,
2026-06-12T21:30:00+08:00,COLLIE_ESR1,0.0,400.0,8,4f19de1d-1795-427c-b58d-d9833ee8114b,IN-SERVICE,NON-LIQUID,405.15,
2026-06-12T21:30:00+08:00,COLLIE_ESR1,0.0,622.0,9,4f19de1d-1795-427c-b58d-d9833ee8114b,IN-SERVICE,NON-LIQUID,630.0,
2026-06-12T21:30:00+08:00,COLLIE_ESR1,0.0,1678.41,10,4f19de1d-1795-427c-b58d-d9833ee8114b,IN-SERVICE,NON-LIQUID,1700.0,
2026-06-12T21:30:00+08:00,KWINANA_ESR2,-225.0,126.84,1,47d3b356-04a3-4136-873b-ee4ae708c9a5,IN-SERVICE,NOT APPLICABLE,127.12,0.0
2026-06-12T21:30:00+08:00,KWINANA_ESR2,225.0,142.28,2,47d3b356-04a3-4136-873b-ee4ae708c9a5,IN-SERVICE,NOT APPLICABLE,142.59,0.0
2026-06-12T21:30:00+08:00,COLLIE_BESS2,0.0,-987.3,1,5465ff57-bb7c-4bd1-8591-8ca19bf9c7c4,IN-SERVICE,NON-LIQUID,-1000.0,
2026-06-12T21:30:00+08:00,COLLIE_BESS2,-150.0,-42.46,2,5465ff57-bb7c-4bd1-8591-8ca19bf9c7c4,IN-SERVICE,NON-LIQUID,-43.01,
2026-06-12T21:30:00+08:00,COLLIE_BESS2,-150.0,-10.0,3,5465ff57-bb7c-4bd1-8591-8ca19bf9c7c4,IN-SERVICE,NON-LIQUID,-10.13,
2026-06-12T21:30:00+08:00,COLLIE_BESS2,0.0,60.0,4,5465ff57-bb7c-4bd1-8591-8ca19bf9c7c4,IN-SERVICE,NON-LIQUID,60.77,
2026-06-12T21:30:00+08:00,COLLIE_BESS2,110.0,117.9,5,5465ff57-bb7c-4bd1-8591-8ca19bf9c7c4,IN-SERVICE,NON-LIQUID,119.42,
2026-06-12T21:30:00+08:00,COLLIE_BESS2,110.0,124.84,6,5465ff57-bb7c-4bd1-8591-8ca19bf9c7c4,IN-SERVICE,NON-LIQUID,126.45,
2026-06-12T21:30:00+08:00,COLLIE_BESS2,40.0,150.0,7,5465ff57-bb7c-4bd1-8591-8ca19bf9c7c4,IN-SERVICE,NON-LIQUID,151.93,
2026-06-12T21:30:00+08:00,COLLIE_BESS2,40.0,250.0,8,5465ff57-bb7c-4bd1-8591-8ca19bf9c7c4,IN-SERVICE,NON-LIQUID,253.22,
2026-06-12T21:30:00+08:00,COLLIE_BESS2,0.0,622.0,9,5465ff57-bb7c-4bd1-8591-8ca19bf9c7c4,IN-SERVICE,NON-LIQUID,630.0,
2026-06-12T21:30:00+08:00,COLLIE_BESS2,0.0,1678.41,10,5465ff57-bb7c-4bd1-8591-8ca19bf9c7c4,IN-SERVICE,NON-LIQUID,1700.0,
2026-06-12T21:30:00+08:00,COLLIE_ESR4,-250.0,125.46,1,2e44d401-3515-4eea-ac95-5ab451ef4bda,IN-SERVICE,NOT APPLICABLE,127.07,0.0
2026-06-12T21:30:00+08:00,COLLIE_ESR4,250.0,140.83,2,2e44d401-3515-4eea-ac95-5ab451ef4bda,IN-SERVICE,NOT APPLICABLE,142.64,0.0
2026-06-12T21:30:00+08:00,COLLIE_ESR5,-250.0,125.59,1,024306aa-4ed3-4b70-b766-8ef968c3daf6,IN-SERVICE,NOT APPLICABLE,127.21,0.0
2026-06-12T21:30:00+08:00,COLLIE_ESR5,250.0,140.71,2,024306aa-4ed3-4b70-b766-8ef968c3daf6,IN-SERVICE,NOT APPLICABLE,142.52,0.0
2026-06-12T21:35:00+08:00,KWINANA_ESR1,-100.0,134.43,1,610e2b77-d1e5-41b2-abdd-dbfe3422cc4b,IN-SERVICE,NOT APPLICABLE,134.86,0.0
2026-06-12T21:35:00+08:00,KWINANA_ESR1,30.42,143.69,2,610e2b77-d1e5-41b2-abdd-dbfe3422cc4b,IN-SERVICE,NOT APPLICABLE,144.15,0.0
2026-06-12T21:35:00+08:00,COLLIE_ESR1,0.0,-987.3,1,6e8c6cfc-6d9a-4c48-9e16-663a69ed8512,IN-SERVICE,NON-LIQUID,-1000.0,
2026-06-12T21:35:00+08:00,COLLIE_ESR1,-100.0,-42.46,2,6e8c6cfc-6d9a-4c48-9e16-663a69ed8512,IN-SERVICE,NON-LIQUID,-43.01,
2026-06-12T21:35:00+08:00,COLLIE_ESR1,-100.0,-10.0,3,6e8c6cfc-6d9a-4c48-9e16-663a69ed8512,IN-SERVICE,NON-LIQUID,-10.13,
2026-06-12T21:35:00+08:00,COLLIE_ESR1,0.0,34.02,4,6e8c6cfc-6d9a-4c48-9e16-663a69ed8512,IN-SERVICE,NON-LIQUID,34.46,
2026-06-12T21:35:00+08:00,COLLIE_ESR1,0.0,60.0,5,6e8c6cfc-6d9a-4c48-9e16-663a69ed8512,IN-SERVICE,NON-LIQUID,60.77,
2026-06-12T21:35:00+08:00,COLLIE_ESR1,100.0,133.15,6,6e8c6cfc-6d9a-4c48-9e16-663a69ed8512,IN-SERVICE,NON-LIQUID,134.86,
2026-06-12T21:35:00+08:00,COLLIE_ESR1,100.0,139.93,7,6e8c6cfc-6d9a-4c48-9e16-663a69ed8512,IN-SERVICE,NON-LIQUID,141.73,
2026-06-12T21:35:00+08:00,COLLIE_ESR1,0.0,400.0,8,6e8c6cfc-6d9a-4c48-9e16-663a69ed8512,IN-SERVICE,NON-LIQUID,405.15,
2026-06-12T21:35:00+08:00,COLLIE_ESR1,0.0,622.0,9,6e8c6cfc-6d9a-4c48-9e16-663a69ed8512,IN-SERVICE,NON-LIQUID,630.0,
2026-06-12T21:35:00+08:00,COLLIE_ESR1,0.0,1678.41,10,6e8c6cfc-6d9a-4c48-9e16-663a69ed8512,IN-SERVICE,NON-LIQUID,1700.0,
2026-06-12T21:35:00+08:00,KWINANA_ESR2,-225.0,126.84,1,47d3b356-04a3-4136-873b-ee4ae708c9a5,IN-SERVICE,NOT APPLICABLE,127.12,0.0
2026-06-12T21:35:00+08:00,KWINANA_ESR2,225.0,142.28,2,47d3b356-04a3-4136-873b-ee4ae708c9a5,IN-SERVICE,NOT APPLICABLE,142.59,0.0
2026-06-12T21:35:00+08:00,COLLIE_BESS2,0.0,-987.3,1,56c7db2a-fbd1-488e-9894-e15c26be2915,IN-SERVICE,NON-LIQUID,-1000.0,
2026-06-12T21:35:00+08:00,COLLIE_BESS2,-150.0,-42.46,2,56c7db2a-fbd1-488e-9894-e15c26be2915,IN-SERVICE,NON-LIQUID,-43.01,
2026-06-12T21:35:00+08:00,COLLIE_BESS2,-150.0,-10.0,3,56c7db2a-fbd1-488e-9894-e15c26be2915,IN-SERVICE,NON-LIQUID,-10.13,
2026-06-12T21:35:00+08:00,COLLIE_BESS2,0.0,60.0,4,56c7db2a-fbd1-488e-9894-e15c26be2915,IN-SERVICE,NON-LIQUID,60.77,
2026-06-12T21:35:00+08:00,COLLIE_BESS2,115.0,133.15,5,56c7db2a-fbd1-488e-9894-e15c26be2915,IN-SERVICE,NON-LIQUID,134.86,
2026-06-12T21:35:00+08:00,COLLIE_BESS2,114.0,139.93,6,56c7db2a-fbd1-488e-9894-e15c26be2915,IN-SERVICE,NON-LIQUID,141.73,
2026-06-12T21:35:00+08:00,COLLIE_BESS2,35.0,150.0,7,56c7db2a-fbd1-488e-9894-e15c26be2915,IN-SERVICE,NON-LIQUID,151.93,
2026-06-12T21:35:00+08:00,COLLIE_BESS2,36.0,250.0,8,56c7db2a-fbd1-488e-9894-e15c26be2915,IN-SERVICE,NON-LIQUID,253.22,
2026-06-12T21:35:00+08:00,COLLIE_BESS2,0.0,622.0,9,56c7db2a-fbd1-488e-9894-e15c26be2915,IN-SERVICE,NON-LIQUID,630.0,
2026-06-12T21:35:00+08:00,COLLIE_BESS2,0.0,1678.41,10,56c7db2a-fbd1-488e-9894-e15c26be2915,IN-SERVICE,NON-LIQUID,1700.0,
2026-06-12T21:35:00+08:00,COLLIE_ESR4,-250.0,125.46,1,2e44d401-3515-4eea-ac95-5ab451ef4bda,IN-SERVICE,NOT APPLICABLE,127.07,0.0
2026-06-12T21:35:00+08:00,COLLIE_ESR4,250.0,140.83,2,2e44d401-3515-4eea-ac95-5ab451ef4bda,IN-SERVICE,NOT APPLICABLE,142.64,0.0
2026-06-12T21:35:00+08:00,COLLIE_ESR5,-250.0,125.59,1,024306aa-4ed3-4b70-b766-8ef968c3daf6,IN-SERVICE,NOT APPLICABLE,127.21,0.0
2026-06-12T21:35:00+08:00,COLLIE_ESR5,250.0,142.32,2,024306aa-4ed3-4b70-b766-8ef968c3daf6,IN-SERVICE,NOT APPLICABLE,144.15,0.0
2026-06-12T21:40:00+08:00,KWINANA_ESR1,-100.0,136.31,1,3ecc1665-bcf5-4fd5-b40f-27463f2151ff,IN-SERVICE,NOT APPLICABLE,136.75,0.0
2026-06-12T21:40:00+08:00,KWINANA_ESR1,100.0,151.07,2,3ecc1665-bcf5-4fd5-b40f-27463f2151ff,IN-SERVICE,NOT APPLICABLE,151.55,0.0
2026-06-12T21:40:00+08:00,COLLIE_ESR1,0.0,-987.3,1,0f88acec-80fe-4b6f-8c88-228cf32325e7,IN-SERVICE,NON-LIQUID,-1000.0,
2026-06-12T21:40:00+08:00,COLLIE_ESR1,-100.0,-42.46,2,0f88acec-80fe-4b6f-8c88-228cf32325e7,IN-SERVICE,NON-LIQUID,-43.01,
2026-06-12T21:40:00+08:00,COLLIE_ESR1,-100.0,-10.0,3,0f88acec-80fe-4b6f-8c88-228cf32325e7,IN-SERVICE,NON-LIQUID,-10.13,
2026-06-12T21:40:00+08:00,COLLIE_ESR1,0.0,34.02,4,0f88acec-80fe-4b6f-8c88-228cf32325e7,IN-SERVICE,NON-LIQUID,34.46,
2026-06-12T21:40:00+08:00,COLLIE_ESR1,0.0,60.0,5,0f88acec-80fe-4b6f-8c88-228cf32325e7,IN-SERVICE,NON-LIQUID,60.77,
2026-06-12T21:40:00+08:00,COLLIE_ESR1,100.0,150.0,6,0f88acec-80fe-4b6f-8c88-228cf32325e7,IN-SERVICE,NON-LIQUID,151.93,
2026-06-12T21:40:00+08:00,COLLIE_ESR1,100.0,250.0,7,0f88acec-80fe-4b6f-8c88-228cf32325e7,IN-SERVICE,NON-LIQUID,253.22,
2026-06-12T21:40:00+08:00,COLLIE_ESR1,0.0,400.0,8,0f88acec-80fe-4b6f-8c88-228cf32325e7,IN-SERVICE,NON-LIQUID,405.15,
2026-06-12T21:40:00+08:00,COLLIE_ESR1,0.0,622.0,9,0f88acec-80fe-4b6f-8c88-228cf32325e7,IN-SERVICE,NON-LIQUID,630.0,
2026-06-12T21:40:00+08:00,COLLIE_ESR1,0.0,1678.41,10,0f88acec-80fe-4b6f-8c88-228cf32325e7,IN-SERVICE,NON-LIQUID,1700.0,
2026-06-12T21:40:00+08:00,KWINANA_ESR2,-225.0,126.84,1,d9922b92-7612-4498-abd6-b113cf5208a8,IN-SERVICE,NOT APPLICABLE,127.12,0.0
2026-06-12T21:40:00+08:00,KWINANA_ESR2,225.0,142.28,2,d9922b92-7612-4498-abd6-b113cf5208a8,IN-SERVICE,NOT APPLICABLE,142.59,0.0
2026-06-12T21:40:00+08:00,COLLIE_BESS2,0.0,-987.3,1,2573b594-f864-41fc-9b7c-db2fdf53cfc6,IN-SERVICE,NON-LIQUID,-1000.0,
2026-06-12T21:40:00+08:00,COLLIE_BESS2,-150.0,-42.46,2,2573b594-f864-41fc-9b7c-db2fdf53cfc6,IN-SERVICE,NON-LIQUID,-43.01,
2026-06-12T21:40:00+08:00,COLLIE_BESS2,-150.0,-10.0,3,2573b594-f864-41fc-9b7c-db2fdf53cfc6,IN-SERVICE,NON-LIQUID,-10.13,
2026-06-12T21:40:00+08:00,COLLIE_BESS2,0.0,34.02,4,2573b594-f864-41fc-9b7c-db2fdf53cfc6,IN-SERVICE,NON-LIQUID,34.46,
2026-06-12T21:40:00+08:00,COLLIE_BESS2,0.0,60.0,5,2573b594-f864-41fc-9b7c-db2fdf53cfc6,IN-SERVICE,NON-LIQUID,60.77,
2026-06-12T21:40:00+08:00,COLLIE_BESS2,150.0,150.0,6,2573b594-f864-41fc-9b7c-db2fdf53cfc6,IN-SERVICE,NON-LIQUID,151.93,
2026-06-12T21:40:00+08:00,COLLIE_BESS2,150.0,250.0,7,2573b594-f864-41fc-9b7c-db2fdf53cfc6,IN-SERVICE,NON-LIQUID,253.22,
2026-06-12T21:40:00+08:00,COLLIE_BESS2,0.0,385.48,8,2573b594-f864-41fc-9b7c-db2fdf53cfc6,IN-SERVICE,NON-LIQUID,390.44,
2026-06-12T21:40:00+08:00,COLLIE_BESS2,0.0,622.0,9,2573b594-f864-41fc-9b7c-db2fdf53cfc6,IN-SERVICE,NON-LIQUID,630.0,
2026-06-12T21:40:00+08:00,COLLIE_BESS2,0.0,1678.41,10,2573b594-f864-41fc-9b7c-db2fdf53cfc6,IN-SERVICE,NON-LIQUID,1700.0,
2026-06-12T21:40:00+08:00,COLLIE_ESR4,-250.0,119.76,1,28b8aa32-2bd9-490f-838b-632c9c01b013,IN-SERVICE,NOT APPLICABLE,121.3,0.0
2026-06-12T21:40:00+08:00,COLLIE_ESR4,250.0,135.12,2,28b8aa32-2bd9-490f-838b-632c9c01b013,IN-SERVICE,NOT APPLICABLE,136.86,0.0
2026-06-12T21:40:00+08:00,COLLIE_ESR5,-250.0,132.37,1,6d5b8839-2049-46db-9c58-ed7896df5564,IN-SERVICE,NOT APPLICABLE,134.07,0.0
2026-06-12T21:40:00+08:00,COLLIE_ESR5,250.0,149.88,2,6d5b8839-2049-46db-9c58-ed7896df5564,IN-SERVICE,NOT APPLICABLE,151.81,0.0
2026-06-12T21:45:00+08:00,KWINANA_ESR1,-100.0,136.31,1,3ecc1665-bcf5-4fd5-b40f-27463f2151ff,IN-SERVICE,NOT APPLICABLE,136.75,0.0
2026-06-12T21:45:00+08:00,KWINANA_ESR1,100.0,151.07,2,3ecc1665-bcf5-4fd5-b40f-27463f2151ff,IN-SERVICE,NOT APPLICABLE,151.55,0.0
2026-06-12T21:45:00+08:00,COLLIE_ESR1,0.0,-987.3,1,59411b56-74ec-4c3f-8866-95884965821b,IN-SERVICE,NON-LIQUID,-1000.0,
2026-06-12T21:45:00+08:00,COLLIE_ESR1,-100.0,-42.46,2,59411b56-74ec-4c3f-8866-95884965821b,IN-SERVICE,NON-LIQUID,-43.01,
2026-06-12T21:45:00+08:00,COLLIE_ESR1,-100.0,-10.0,3,59411b56-74ec-4c3f-8866-95884965821b,IN-SERVICE,NON-LIQUID,-10.13,
2026-06-12T21:45:00+08:00,COLLIE_ESR1,0.0,60.0,4,59411b56-74ec-4c3f-8866-95884965821b,IN-SERVICE,NON-LIQUID,60.77,
2026-06-12T21:45:00+08:00,COLLIE_ESR1,20.0,124.84,5,59411b56-74ec-4c3f-8866-95884965821b,IN-SERVICE,NON-LIQUID,126.45,
2026-06-12T21:45:00+08:00,COLLIE_ESR1,19.0,133.15,6,59411b56-74ec-4c3f-8866-95884965821b,IN-SERVICE,NON-LIQUID,134.86,
2026-06-12T21:45:00+08:00,COLLIE_ESR1,80.0,150.0,7,59411b56-74ec-4c3f-8866-95884965821b,IN-SERVICE,NON-LIQUID,151.93,
2026-06-12T21:45:00+08:00,COLLIE_ESR1,81.0,250.0,8,59411b56-74ec-4c3f-8866-95884965821b,IN-SERVICE,NON-LIQUID,253.22,
2026-06-12T21:45:00+08:00,COLLIE_ESR1,0.0,622.0,9,59411b56-74ec-4c3f-8866-95884965821b,IN-SERVICE,NON-LIQUID,630.0,
2026-06-12T21:45:00+08:00,COLLIE_ESR1,0.0,1678.41,10,59411b56-74ec-4c3f-8866-95884965821b,IN-SERVICE,NON-LIQUID,1700.0,
2026-06-12T21:45:00+08:00,KWINANA_ESR2,-225.0,121.08,1,d9922b92-7612-4498-abd6-b113cf5208a8,IN-SERVICE,NOT APPLICABLE,121.35,0.0
2026-06-12T21:45:00+08:00,KWINANA_ESR2,225.0,136.52,2,d9922b92-7612-4498-abd6-b113cf5208a8,IN-SERVICE,NOT APPLICABLE,136.82,0.0
2026-06-12T21:45:00+08:00,COLLIE_BESS2,0.0,-987.3,1,f23beb47-0e94-4237-8545-ae9b1dcfeafb,IN-SERVICE,NON-LIQUID,-1000.0,
2026-06-12T21:45:00+08:00,COLLIE_BESS2,-150.0,-42.46,2,f23beb47-0e94-4237-8545-ae9b1dcfeafb,IN-SERVICE,NON-LIQUID,-43.01,
2026-06-12T21:45:00+08:00,COLLIE_BESS2,-150.0,-10.0,3,f23beb47-0e94-4237-8545-ae9b1dcfeafb,IN-SERVICE,NON-LIQUID,-10.13,
2026-06-12T21:45:00+08:00,COLLIE_BESS2,0.0,60.0,4,f23beb47-0e94-4237-8545-ae9b1dcfeafb,IN-SERVICE,NON-LIQUID,60.77,
2026-06-12T21:45:00+08:00,COLLIE_BESS2,115.0,124.84,5,f23beb47-0e94-4237-8545-ae9b1dcfeafb,IN-SERVICE,NON-LIQUID,126.45,
2026-06-12T21:45:00+08:00,COLLIE_BESS2,114.0,133.15,6,f23beb47-0e94-4237-8545-ae9b1dcfeafb,IN-SERVICE,NON-LIQUID,134.86,
2026-06-12T21:45:00+08:00,COLLIE_BESS2,35.0,150.0,7,f23beb47-0e94-4237-8545-ae9b1dcfeafb,IN-SERVICE,NON-LIQUID,151.93,
2026-06-12T21:45:00+08:00,COLLIE_BESS2,36.0,250.0,8,f23beb47-0e94-4237-8545-ae9b1dcfeafb,IN-SERVICE,NON-LIQUID,253.22,
2026-06-12T21:45:00+08:00,COLLIE_BESS2,0.0,622.0,9,f23beb47-0e94-4237-8545-ae9b1dcfeafb,IN-SERVICE,NON-LIQUID,630.0,
2026-06-12T21:45:00+08:00,COLLIE_BESS2,0.0,1678.41,10,f23beb47-0e94-4237-8545-ae9b1dcfeafb,IN-SERVICE,NON-LIQUID,1700.0,
2026-06-12T21:45:00+08:00,COLLIE_ESR4,-250.0,119.52,1,28b8aa32-2bd9-490f-838b-632c9c01b013,IN-SERVICE,NOT APPLICABLE,121.06,0.0
2026-06-12T21:45:00+08:00,COLLIE_ESR4,250.0,134.88,2,28b8aa32-2bd9-490f-838b-632c9c01b013,IN-SERVICE,NOT APPLICABLE,136.62,0.0
2026-06-12T21:45:00+08:00,COLLIE_ESR5,-250.0,132.37,1,6d5b8839-2049-46db-9c58-ed7896df5564,IN-SERVICE,NOT APPLICABLE,134.07,0.0
2026-06-12T21:45:00+08:00,COLLIE_ESR5,250.0,149.88,2,6d5b8839-2049-46db-9c58-ed7896df5564,IN-SERVICE,NOT APPLICABLE,151.81,0.0
2026-06-12T21:50:00+08:00,KWINANA_ESR1,-100.0,136.31,1,3ecc1665-bcf5-4fd5-b40f-27463f2151ff,IN-SERVICE,NOT APPLICABLE,136.75,0.0
2026-06-12T21:50:00+08:00,KWINANA_ESR1,100.0,151.07,2,3ecc1665-bcf5-4fd5-b40f-27463f2151ff,IN-SERVICE,NOT APPLICABLE,151.55,0.0
2026-06-12T21:50:00+08:00,COLLIE_ESR1,0.0,-987.3,1,a669d92b-42ba-43d0-b24e-f686f088a40d,IN-SERVICE,NON-LIQUID,-1000.0,
2026-06-12T21:50:00+08:00,COLLIE_ESR1,-100.0,-42.46,2,a669d92b-42ba-43d0-b24e-f686f088a40d,IN-SERVICE,NON-LIQUID,-43.01,
2026-06-12T21:50:00+08:00,COLLIE_ESR1,-100.0,-10.0,3,a669d92b-42ba-43d0-b24e-f686f088a40d,IN-SERVICE,NON-LIQUID,-10.13,
2026-06-12T21:50:00+08:00,COLLIE_ESR1,0.0,34.02,4,a669d92b-42ba-43d0-b24e-f686f088a40d,IN-SERVICE,NON-LIQUID,34.46,
2026-06-12T21:50:00+08:00,COLLIE_ESR1,0.0,60.0,5,a669d92b-42ba-43d0-b24e-f686f088a40d,IN-SERVICE,NON-LIQUID,60.77,
2026-06-12T21:50:00+08:00,COLLIE_ESR1,100.0,124.84,6,a669d92b-42ba-43d0-b24e-f686f088a40d,IN-SERVICE,NON-LIQUID,126.45,
2026-06-12T21:50:00+08:00,COLLIE_ESR1,100.0,133.15,7,a669d92b-42ba-43d0-b24e-f686f088a40d,IN-SERVICE,NON-LIQUID,134.86,
2026-06-12T21:50:00+08:00,COLLIE_ESR1,0.0,400.0,8,a669d92b-42ba-43d0-b24e-f686f088a40d,IN-SERVICE,NON-LIQUID,405.15,
2026-06-12T21:50:00+08:00,COLLIE_ESR1,0.0,622.0,9,a669d92b-42ba-43d0-b24e-f686f088a40d,IN-SERVICE,NON-LIQUID,630.0,
2026-06-12T21:50:00+08:00,COLLIE_ESR1,0.0,1678.41,10,a669d92b-42ba-43d0-b24e-f686f088a40d,IN-SERVICE,NON-LIQUID,1700.0,
2026-06-12T21:50:00+08:00,KWINANA_ESR2,-225.0,121.08,1,d9922b92-7612-4498-abd6-b113cf5208a8,IN-SERVICE,NOT APPLICABLE,121.35,0.0
2026-06-12T21:50:00+08:00,KWINANA_ESR2,225.0,136.52,2,d9922b92-7612-4498-abd6-b113cf5208a8,IN-SERVICE,NOT APPLICABLE,136.82,0.0
2026-06-12T21:50:00+08:00,COLLIE_BESS2,0.0,-987.3,1,46f3f537-7a23-410b-9884-45eb82593a5f,IN-SERVICE,NON-LIQUID,-1000.0,
2026-06-12T21:50:00+08:00,COLLIE_BESS2,-150.0,-42.46,2,46f3f537-7a23-410b-9884-45eb82593a5f,IN-SERVICE,NON-LIQUID,-43.01,
2026-06-12T21:50:00+08:00,COLLIE_BESS2,-150.0,-10.0,3,46f3f537-7a23-410b-9884-45eb82593a5f,IN-SERVICE,NON-LIQUID,-10.13,
2026-06-12T21:50:00+08:00,COLLIE_BESS2,0.0,60.0,4,46f3f537-7a23-410b-9884-45eb82593a5f,IN-SERVICE,NON-LIQUID,60.77,
2026-06-12T21:50:00+08:00,COLLIE_BESS2,115.0,124.84,5,46f3f537-7a23-410b-9884-45eb82593a5f,IN-SERVICE,NON-LIQUID,126.45,
2026-06-12T21:50:00+08:00,COLLIE_BESS2,114.0,133.15,6,46f3f537-7a23-410b-9884-45eb82593a5f,IN-SERVICE,NON-LIQUID,134.86,
2026-06-12T21:50:00+08:00,COLLIE_BESS2,35.0,150.0,7,46f3f537-7a23-410b-9884-45eb82593a5f,IN-SERVICE,NON-LIQUID,151.93,
2026-06-12T21:50:00+08:00,COLLIE_BESS2,36.0,250.0,8,46f3f537-7a23-410b-9884-45eb82593a5f,IN-SERVICE,NON-LIQUID,253.22,
2026-06-12T21:50:00+08:00,COLLIE_BESS2,0.0,622.0,9,46f3f537-7a23-410b-9884-45eb82593a5f,IN-SERVICE,NON-LIQUID,630.0,
2026-06-12T21:50:00+08:00,COLLIE_BESS2,0.0,1678.41,10,46f3f537-7a23-410b-9884-45eb82593a5f,IN-SERVICE,NON-LIQUID,1700.0,
2026-06-12T21:50:00+08:00,COLLIE_ESR4,-250.0,119.52,1,28b8aa32-2bd9-490f-838b-632c9c01b013,IN-SERVICE,NOT APPLICABLE,121.06,0.0
2026-06-12T21:50:00+08:00,COLLIE_ESR4,250.0,134.88,2,28b8aa32-2bd9-490f-838b-632c9c01b013,IN-SERVICE,NOT APPLICABLE,136.62,0.0
2026-06-12T21:50:00+08:00,COLLIE_ESR5,-250.0,132.37,1,6d5b8839-2049-46db-9c58-ed7896df5564,IN-SERVICE,NOT APPLICABLE,134.07,0.0
2026-06-12T21:50:00+08:00,COLLIE_ESR5,250.0,149.88,2,6d5b8839-2049-46db-9c58-ed7896df5564,IN-SERVICE,NOT APPLICABLE,151.81,0.0
2026-06-12T21:55:00+08:00,KWINANA_ESR1,-100.0,128.67,1,d40c60c7-0ad5-4189-9bd7-40d1a4e09c82,IN-SERVICE,NOT APPLICABLE,129.08,0.0
2026-06-12T21:55:00+08:00,KWINANA_ESR1,100.0,143.43,2,d40c60c7-0ad5-4189-9bd7-40d1a4e09c82,IN-SERVICE,NOT APPLICABLE,143.89,0.0
2026-06-12T21:55:00+08:00,COLLIE_ESR1,0.0,-987.3,1,daf876fc-7a58-4589-8ace-92ec19593587,IN-SERVICE,NON-LIQUID,-1000.0,
2026-06-12T21:55:00+08:00,COLLIE_ESR1,-100.0,-42.46,2,daf876fc-7a58-4589-8ace-92ec19593587,IN-SERVICE,NON-LIQUID,-43.01,
2026-06-12T21:55:00+08:00,COLLIE_ESR1,-100.0,-10.0,3,daf876fc-7a58-4589-8ace-92ec19593587,IN-SERVICE,NON-LIQUID,-10.13,
2026-06-12T21:55:00+08:00,COLLIE_ESR1,0.0,34.02,4,daf876fc-7a58-4589-8ace-92ec19593587,IN-SERVICE,NON-LIQUID,34.46,
2026-06-12T21:55:00+08:00,COLLIE_ESR1,0.0,60.0,5,daf876fc-7a58-4589-8ace-92ec19593587,IN-SERVICE,NON-LIQUID,60.77,
2026-06-12T21:55:00+08:00,COLLIE_ESR1,100.0,124.84,6,daf876fc-7a58-4589-8ace-92ec19593587,IN-SERVICE,NON-LIQUID,126.45,
2026-06-12T21:55:00+08:00,COLLIE_ESR1,100.0,133.15,7,daf876fc-7a58-4589-8ace-92ec19593587,IN-SERVICE,NON-LIQUID,134.86,
2026-06-12T21:55:00+08:00,COLLIE_ESR1,0.0,400.0,8,daf876fc-7a58-4589-8ace-92ec19593587,IN-SERVICE,NON-LIQUID,405.15,
2026-06-12T21:55:00+08:00,COLLIE_ESR1,0.0,622.0,9,daf876fc-7a58-4589-8ace-92ec19593587,IN-SERVICE,NON-LIQUID,630.0,
2026-06-12T21:55:00+08:00,COLLIE_ESR1,0.0,1678.41,10,daf876fc-7a58-4589-8ace-92ec19593587,IN-SERVICE,NON-LIQUID,1700.0,
2026-06-12T21:55:00+08:00,KWINANA_ESR2,-225.0,120.84,1,dcbd003e-7cf2-4ae7-bc6a-bd48248ce25f,IN-SERVICE,NOT APPLICABLE,121.11,0.0
2026-06-12T21:55:00+08:00,KWINANA_ESR2,225.0,136.28,2,dcbd003e-7cf2-4ae7-bc6a-bd48248ce25f,IN-SERVICE,NOT APPLICABLE,136.58,0.0
2026-06-12T21:55:00+08:00,COLLIE_BESS2,0.0,-987.3,1,28dfe208-c8b1-4bf1-9edf-c803735350ed,IN-SERVICE,NON-LIQUID,-1000.0,
2026-06-12T21:55:00+08:00,COLLIE_BESS2,-150.0,-42.46,2,28dfe208-c8b1-4bf1-9edf-c803735350ed,IN-SERVICE,NON-LIQUID,-43.01,
2026-06-12T21:55:00+08:00,COLLIE_BESS2,-150.0,-10.0,3,28dfe208-c8b1-4bf1-9edf-c803735350ed,IN-SERVICE,NON-LIQUID,-10.13,
2026-06-12T21:55:00+08:00,COLLIE_BESS2,0.0,60.0,4,28dfe208-c8b1-4bf1-9edf-c803735350ed,IN-SERVICE,NON-LIQUID,60.77,
2026-06-12T21:55:00+08:00,COLLIE_BESS2,115.0,124.84,5,28dfe208-c8b1-4bf1-9edf-c803735350ed,IN-SERVICE,NON-LIQUID,126.45,
2026-06-12T21:55:00+08:00,COLLIE_BESS2,114.0,133.15,6,28dfe208-c8b1-4bf1-9edf-c803735350ed,IN-SERVICE,NON-LIQUID,134.86,
2026-06-12T21:55:00+08:00,COLLIE_BESS2,35.0,150.0,7,28dfe208-c8b1-4bf1-9edf-c803735350ed,IN-SERVICE,NON-LIQUID,151.93,
2026-06-12T21:55:00+08:00,COLLIE_BESS2,36.0,250.0,8,28dfe208-c8b1-4bf1-9edf-c803735350ed,IN-SERVICE,NON-LIQUID,253.22,
2026-06-12T21:55:00+08:00,COLLIE_BESS2,0.0,622.0,9,28dfe208-c8b1-4bf1-9edf-c803735350ed,IN-SERVICE,NON-LIQUID,630.0,
2026-06-12T21:55:00+08:00,COLLIE_BESS2,0.0,1678.41,10,28dfe208-c8b1-4bf1-9edf-c803735350ed,IN-SERVICE,NON-LIQUID,1700.0,
2026-06-12T21:55:00+08:00,COLLIE_ESR4,-250.0,119.52,1,31a7171a-9dfc-45c9-92ab-9707288627ff,IN-SERVICE,NOT APPLICABLE,121.06,0.0
2026-06-12T21:55:00+08:00,COLLIE_ESR4,250.0,134.88,2,31a7171a-9dfc-45c9-92ab-9707288627ff,IN-SERVICE,NOT APPLICABLE,136.62,0.0
2026-06-12T21:55:00+08:00,COLLIE_ESR5,-250.0,125.59,1,b56fd370-bd5b-47e5-86ec-0d8a08c57c30,IN-SERVICE,NOT APPLICABLE,127.21,0.0
2026-06-12T21:55:00+08:00,COLLIE_ESR5,250.0,142.32,2,b56fd370-bd5b-47e5-86ec-0d8a08c57c30,IN-SERVICE,NOT APPLICABLE,144.15,0.0
2026-06-12T22:00:00+08:00,KWINANA_ESR1,-100.0,128.67,1,d40c60c7-0ad5-4189-9bd7-40d1a4e09c82,IN-SERVICE,NOT APPLICABLE,129.08,0.0
2026-06-12T22:00:00+08:00,KWINANA_ESR1,100.0,143.43,2,d40c60c7-0ad5-4189-9bd7-40d1a4e09c82,IN-SERVICE,NOT APPLICABLE,143.89,0.0
2026-06-12T22:00:00+08:00,COLLIE_ESR1,0.0,-987.3,1,ae3f5a22-20e4-4c4d-9608-2a59946c9a6f,IN-SERVICE,NON-LIQUID,-1000.0,
2026-06-12T22:00:00+08:00,COLLIE_ESR1,-100.0,-42.46,2,ae3f5a22-20e4-4c4d-9608-2a59946c9a6f,IN-SERVICE,NON-LIQUID,-43.01,
2026-06-12T22:00:00+08:00,COLLIE_ESR1,-100.0,-10.0,3,ae3f5a22-20e4-4c4d-9608-2a59946c9a6f,IN-SERVICE,NON-LIQUID,-10.13,
2026-06-12T22:00:00+08:00,COLLIE_ESR1,0.0,34.02,4,ae3f5a22-20e4-4c4d-9608-2a59946c9a6f,IN-SERVICE,NON-LIQUID,34.46,
2026-06-12T22:00:00+08:00,COLLIE_ESR1,0.0,60.0,5,ae3f5a22-20e4-4c4d-9608-2a59946c9a6f,IN-SERVICE,NON-LIQUID,60.77,
2026-06-12T22:00:00+08:00,COLLIE_ESR1,100.0,117.9,6,ae3f5a22-20e4-4c4d-9608-2a59946c9a6f,IN-SERVICE,NON-LIQUID,119.42,
2026-06-12T22:00:00+08:00,COLLIE_ESR1,100.0,123.47,7,ae3f5a22-20e4-4c4d-9608-2a59946c9a6f,IN-SERVICE,NON-LIQUID,125.06,
2026-06-12T22:00:00+08:00,COLLIE_ESR1,0.0,400.0,8,ae3f5a22-20e4-4c4d-9608-2a59946c9a6f,IN-SERVICE,NON-LIQUID,405.15,
2026-06-12T22:00:00+08:00,COLLIE_ESR1,0.0,622.0,9,ae3f5a22-20e4-4c4d-9608-2a59946c9a6f,IN-SERVICE,NON-LIQUID,630.0,
2026-06-12T22:00:00+08:00,COLLIE_ESR1,0.0,1678.41,10,ae3f5a22-20e4-4c4d-9608-2a59946c9a6f,IN-SERVICE,NON-LIQUID,1700.0,
2026-06-12T22:00:00+08:00,KWINANA_ESR2,-225.0,120.84,1,dcbd003e-7cf2-4ae7-bc6a-bd48248ce25f,IN-SERVICE,NOT APPLICABLE,121.11,0.0
2026-06-12T22:00:00+08:00,KWINANA_ESR2,225.0,136.28,2,dcbd003e-7cf2-4ae7-bc6a-bd48248ce25f,IN-SERVICE,NOT APPLICABLE,136.58,0.0
2026-06-12T22:00:00+08:00,COLLIE_BESS2,0.0,-987.3,1,9a1d4068-0a47-47a1-8a1d-759b0310cab8,IN-SERVICE,NON-LIQUID,-1000.0,
2026-06-12T22:00:00+08:00,COLLIE_BESS2,-150.0,-42.46,2,9a1d4068-0a47-47a1-8a1d-759b0310cab8,IN-SERVICE,NON-LIQUID,-43.01,
2026-06-12T22:00:00+08:00,COLLIE_BESS2,-150.0,-10.0,3,9a1d4068-0a47-47a1-8a1d-759b0310cab8,IN-SERVICE,NON-LIQUID,-10.13,
2026-06-12T22:00:00+08:00,COLLIE_BESS2,0.0,60.0,4,9a1d4068-0a47-47a1-8a1d-759b0310cab8,IN-SERVICE,NON-LIQUID,60.77,
2026-06-12T22:00:00+08:00,COLLIE_BESS2,115.0,117.9,5,9a1d4068-0a47-47a1-8a1d-759b0310cab8,IN-SERVICE,NON-LIQUID,119.42,
2026-06-12T22:00:00+08:00,COLLIE_BESS2,114.0,123.47,6,9a1d4068-0a47-47a1-8a1d-759b0310cab8,IN-SERVICE,NON-LIQUID,125.06,
2026-06-12T22:00:00+08:00,COLLIE_BESS2,35.0,150.0,7,9a1d4068-0a47-47a1-8a1d-759b0310cab8,IN-SERVICE,NON-LIQUID,151.93,
2026-06-12T22:00:00+08:00,COLLIE_BESS2,36.0,250.0,8,9a1d4068-0a47-47a1-8a1d-759b0310cab8,IN-SERVICE,NON-LIQUID,253.22,
2026-06-12T22:00:00+08:00,COLLIE_BESS2,0.0,622.0,9,9a1d4068-0a47-47a1-8a1d-759b0310cab8,IN-SERVICE,NON-LIQUID,630.0,
2026-06-12T22:00:00+08:00,COLLIE_BESS2,0.0,1678.41,10,9a1d4068-0a47-47a1-8a1d-759b0310cab8,IN-SERVICE,NON-LIQUID,1700.0,
2026-06-12T22:00:00+08:00,COLLIE_ESR4,-250.0,119.52,1,31a7171a-9dfc-45c9-92ab-9707288627ff,IN-SERVICE,NOT APPLICABLE,121.06,0.0
2026-06-12T22:00:00+08:00,COLLIE_ESR4,250.0,134.88,2,31a7171a-9dfc-45c9-92ab-9707288627ff,IN-SERVICE,NOT APPLICABLE,136.62,0.0
2026-06-12T22:00:00+08:00,COLLIE_ESR5,-250.0,125.59,1,b56fd370-bd5b-47e5-86ec-0d8a08c57c30,IN-SERVICE,NOT APPLICABLE,127.21,0.0
2026-06-12T22:00:00+08:00,COLLIE_ESR5,250.0,142.32,2,b56fd370-bd5b-47e5-86ec-0d8a08c57c30,IN-SERVICE,NOT APPLICABLE,144.15,0.0
2026-06-12T22:05:00+08:00,KWINANA_ESR1,-100.0,128.67,1,d40c60c7-0ad5-4189-9bd7-40d1a4e09c82,IN-SERVICE,NOT APPLICABLE,129.08,0.0
2026-06-12T22:05:00+08:00,KWINANA_ESR1,100.0,143.43,2,d40c60c7-0ad5-4189-9bd7-40d1a4e09c82,IN-SERVICE,NOT APPLICABLE,143.89,0.0
2026-06-12T22:05:00+08:00,COLLIE_ESR1,0.0,-987.3,1,9491ecc0-ae87-4561-a826-2dba8570f8b4,IN-SERVICE,NON-LIQUID,-1000.0,
2026-06-12T22:05:00+08:00,COLLIE_ESR1,-100.0,-42.46,2,9491ecc0-ae87-4561-a826-2dba8570f8b4,IN-SERVICE,NON-LIQUID,-43.01,
2026-06-12T22:05:00+08:00,COLLIE_ESR1,-100.0,-10.0,3,9491ecc0-ae87-4561-a826-2dba8570f8b4,IN-SERVICE,NON-LIQUID,-10.13,
2026-06-12T22:05:00+08:00,COLLIE_ESR1,0.0,34.02,4,9491ecc0-ae87-4561-a826-2dba8570f8b4,IN-SERVICE,NON-LIQUID,34.46,
2026-06-12T22:05:00+08:00,COLLIE_ESR1,0.0,60.0,5,9491ecc0-ae87-4561-a826-2dba8570f8b4,IN-SERVICE,NON-LIQUID,60.77,
2026-06-12T22:05:00+08:00,COLLIE_ESR1,100.0,117.9,6,9491ecc0-ae87-4561-a826-2dba8570f8b4,IN-SERVICE,NON-LIQUID,119.42,
2026-06-12T22:05:00+08:00,COLLIE_ESR1,100.0,124.84,7,9491ecc0-ae87-4561-a826-2dba8570f8b4,IN-SERVICE,NON-LIQUID,126.45,
2026-06-12T22:05:00+08:00,COLLIE_ESR1,0.0,400.0,8,9491ecc0-ae87-4561-a826-2dba8570f8b4,IN-SERVICE,NON-LIQUID,405.15,
2026-06-12T22:05:00+08:00,COLLIE_ESR1,0.0,622.0,9,9491ecc0-ae87-4561-a826-2dba8570f8b4,IN-SERVICE,NON-LIQUID,630.0,
2026-06-12T22:05:00+08:00,COLLIE_ESR1,0.0,1678.41,10,9491ecc0-ae87-4561-a826-2dba8570f8b4,IN-SERVICE,NON-LIQUID,1700.0,
2026-06-12T22:05:00+08:00,KWINANA_ESR2,-225.0,120.84,1,dcbd003e-7cf2-4ae7-bc6a-bd48248ce25f,IN-SERVICE,NOT APPLICABLE,121.11,0.0
2026-06-12T22:05:00+08:00,KWINANA_ESR2,225.0,136.28,2,dcbd003e-7cf2-4ae7-bc6a-bd48248ce25f,IN-SERVICE,NOT APPLICABLE,136.58,0.0
2026-06-12T22:05:00+08:00,COLLIE_BESS2,0.0,-987.3,1,b6fabb27-ff1c-4137-bea7-909a120c061f,IN-SERVICE,NON-LIQUID,-1000.0,
2026-06-12T22:05:00+08:00,COLLIE_BESS2,-150.0,-42.46,2,b6fabb27-ff1c-4137-bea7-909a120c061f,IN-SERVICE,NON-LIQUID,-43.01,
2026-06-12T22:05:00+08:00,COLLIE_BESS2,-150.0,-10.0,3,b6fabb27-ff1c-4137-bea7-909a120c061f,IN-SERVICE,NON-LIQUID,-10.13,
2026-06-12T22:05:00+08:00,COLLIE_BESS2,0.0,60.0,4,b6fabb27-ff1c-4137-bea7-909a120c061f,IN-SERVICE,NON-LIQUID,60.77,
2026-06-12T22:05:00+08:00,COLLIE_BESS2,116.0,117.9,5,b6fabb27-ff1c-4137-bea7-909a120c061f,IN-SERVICE,NON-LIQUID,119.42,
2026-06-12T22:05:00+08:00,COLLIE_BESS2,116.0,124.84,6,b6fabb27-ff1c-4137-bea7-909a120c061f,IN-SERVICE,NON-LIQUID,126.45,
2026-06-12T22:05:00+08:00,COLLIE_BESS2,34.0,150.0,7,b6fabb27-ff1c-4137-bea7-909a120c061f,IN-SERVICE,NON-LIQUID,151.93,
2026-06-12T22:05:00+08:00,COLLIE_BESS2,34.0,250.0,8,b6fabb27-ff1c-4137-bea7-909a120c061f,IN-SERVICE,NON-LIQUID,253.22,
2026-06-12T22:05:00+08:00,COLLIE_BESS2,0.0,622.0,9,b6fabb27-ff1c-4137-bea7-909a120c061f,IN-SERVICE,NON-LIQUID,630.0,
2026-06-12T22:05:00+08:00,COLLIE_BESS2,0.0,1678.41,10,b6fabb27-ff1c-4137-bea7-909a120c061f,IN-SERVICE,NON-LIQUID,1700.0,
2026-06-12T22:05:00+08:00,COLLIE_ESR4,-250.0,119.52,1,31a7171a-9dfc-45c9-92ab-9707288627ff,IN-SERVICE,NOT APPLICABLE,121.06,0.0
2026-06-12T22:05:00+08:00,COLLIE_ESR4,250.0,134.88,2,31a7171a-9dfc-45c9-92ab-9707288627ff,IN-SERVICE,NOT APPLICABLE,136.62,0.0
2026-06-12T22:05:00+08:00,COLLIE_ESR5,-250.0,125.59,1,b56fd370-bd5b-47e5-86ec-0d8a08c57c30,IN-SERVICE,NOT APPLICABLE,127.21,0.0
2026-06-12T22:05:00+08:00,COLLIE_ESR5,250.0,142.32,2,b56fd370-bd5b-47e5-86ec-0d8a08c57c30,IN-SERVICE,NOT APPLICABLE,144.15,0.0
2026-06-12T22:10:00+08:00,KWINANA_ESR1,-36.328,126.05,1,b06e0a41-6168-40c4-96be-046ad9e0749d,IN-SERVICE,NOT APPLICABLE,126.45,0.0
2026-06-12T22:10:00+08:00,KWINANA_ESR1,-63.672,128.43,2,b06e0a41-6168-40c4-96be-046ad9e0749d,IN-SERVICE,NOT APPLICABLE,128.84,0.0
2026-06-12T22:10:00+08:00,KWINANA_ESR1,100.0,136.05,3,b06e0a41-6168-40c4-96be-046ad9e0749d,IN-SERVICE,NOT APPLICABLE,136.49,0.0
2026-06-12T22:10:00+08:00,COLLIE_ESR1,0.0,-987.3,1,41bf792b-ecde-4503-98a7-e12e3c61309d,IN-SERVICE,NON-LIQUID,-1000.0,
2026-06-12T22:10:00+08:00,COLLIE_ESR1,-100.0,-42.46,2,41bf792b-ecde-4503-98a7-e12e3c61309d,IN-SERVICE,NON-LIQUID,-43.01,
2026-06-12T22:10:00+08:00,COLLIE_ESR1,-100.0,-10.0,3,41bf792b-ecde-4503-98a7-e12e3c61309d,IN-SERVICE,NON-LIQUID,-10.13,
2026-06-12T22:10:00+08:00,COLLIE_ESR1,0.0,34.02,4,41bf792b-ecde-4503-98a7-e12e3c61309d,IN-SERVICE,NON-LIQUID,34.46,
2026-06-12T22:10:00+08:00,COLLIE_ESR1,0.0,60.0,5,41bf792b-ecde-4503-98a7-e12e3c61309d,IN-SERVICE,NON-LIQUID,60.77,
2026-06-12T22:10:00+08:00,COLLIE_ESR1,100.0,150.0,6,41bf792b-ecde-4503-98a7-e12e3c61309d,IN-SERVICE,NON-LIQUID,151.93,
2026-06-12T22:10:00+08:00,COLLIE_ESR1,100.0,250.0,7,41bf792b-ecde-4503-98a7-e12e3c61309d,IN-SERVICE,NON-LIQUID,253.22,
2026-06-12T22:10:00+08:00,COLLIE_ESR1,0.0,400.0,8,41bf792b-ecde-4503-98a7-e12e3c61309d,IN-SERVICE,NON-LIQUID,405.15,
2026-06-12T22:10:00+08:00,COLLIE_ESR1,0.0,622.0,9,41bf792b-ecde-4503-98a7-e12e3c61309d,IN-SERVICE,NON-LIQUID,630.0,
2026-06-12T22:10:00+08:00,COLLIE_ESR1,0.0,1678.41,10,41bf792b-ecde-4503-98a7-e12e3c61309d,IN-SERVICE,NON-LIQUID,1700.0,
2026-06-12T22:10:00+08:00,KWINANA_ESR2,-225.0,113.45,1,f1da8a9e-aa85-41bf-9f16-2033dfe29be0,IN-SERVICE,NOT APPLICABLE,113.7,0.0
2026-06-12T22:10:00+08:00,KWINANA_ESR2,225.0,128.89,2,f1da8a9e-aa85-41bf-9f16-2033dfe29be0,IN-SERVICE,NOT APPLICABLE,129.17,0.0
2026-06-12T22:10:00+08:00,COLLIE_BESS2,0.0,-987.3,1,c66c8cfa-49db-43c8-820f-3a4be0815ffb,IN-SERVICE,NON-LIQUID,-1000.0,
2026-06-12T22:10:00+08:00,COLLIE_BESS2,-150.0,-42.46,2,c66c8cfa-49db-43c8-820f-3a4be0815ffb,IN-SERVICE,NON-LIQUID,-43.01,
2026-06-12T22:10:00+08:00,COLLIE_BESS2,-150.0,-10.0,3,c66c8cfa-49db-43c8-820f-3a4be0815ffb,IN-SERVICE,NON-LIQUID,-10.13,
2026-06-12T22:10:00+08:00,COLLIE_BESS2,0.0,34.02,4,c66c8cfa-49db-43c8-820f-3a4be0815ffb,IN-SERVICE,NON-LIQUID,34.46,
2026-06-12T22:10:00+08:00,COLLIE_BESS2,0.0,60.0,5,c66c8cfa-49db-43c8-820f-3a4be0815ffb,IN-SERVICE,NON-LIQUID,60.77,
2026-06-12T22:10:00+08:00,COLLIE_BESS2,150.0,150.0,6,c66c8cfa-49db-43c8-820f-3a4be0815ffb,IN-SERVICE,NON-LIQUID,151.93,
2026-06-12T22:10:00+08:00,COLLIE_BESS2,150.0,250.0,7,c66c8cfa-49db-43c8-820f-3a4be0815ffb,IN-SERVICE,NON-LIQUID,253.22,
2026-06-12T22:10:00+08:00,COLLIE_BESS2,0.0,385.48,8,c66c8cfa-49db-43c8-820f-3a4be0815ffb,IN-SERVICE,NON-LIQUID,390.44,
2026-06-12T22:10:00+08:00,COLLIE_BESS2,0.0,622.0,9,c66c8cfa-49db-43c8-820f-3a4be0815ffb,IN-SERVICE,NON-LIQUID,630.0,
2026-06-12T22:10:00+08:00,COLLIE_BESS2,0.0,1678.41,10,c66c8cfa-49db-43c8-820f-3a4be0815ffb,IN-SERVICE,NON-LIQUID,1700.0,
2026-06-12T22:10:00+08:00,COLLIE_ESR4,-250.0,111.96,1,af74e770-394a-4064-a4f4-9813a99925d8,IN-SERVICE,NOT APPLICABLE,113.4,0.0
2026-06-12T22:10:00+08:00,COLLIE_ESR4,250.0,127.32,2,af74e770-394a-4064-a4f4-9813a99925d8,IN-SERVICE,NOT APPLICABLE,128.96,0.0
2026-06-12T22:10:00+08:00,COLLIE_ESR5,-250.0,112.34,1,1168cef3-e73d-434d-a51d-a3d28e64d2ea,IN-SERVICE,NOT APPLICABLE,113.79,0.0
2026-06-12T22:10:00+08:00,COLLIE_ESR5,250.0,127.46,2,1168cef3-e73d-434d-a51d-a3d28e64d2ea,IN-SERVICE,NOT APPLICABLE,129.1,0.0
2026-06-12T22:15:00+08:00,KWINANA_ESR1,-100.0,121.05,1,b06e0a41-6168-40c4-96be-046ad9e0749d,IN-SERVICE,NOT APPLICABLE,121.44,0.0
2026-06-12T22:15:00+08:00,KWINANA_ESR1,76.572,128.67,2,b06e0a41-6168-40c4-96be-046ad9e0749d,IN-SERVICE,NOT APPLICABLE,129.08,0.0
2026-06-12T22:15:00+08:00,KWINANA_ESR1,23.428,135.81,3,b06e0a41-6168-40c4-96be-046ad9e0749d,IN-SERVICE,NOT APPLICABLE,136.25,0.0
2026-06-12T22:15:00+08:00,COLLIE_ESR1,0.0,-987.3,1,39412665-f5a5-4e04-a58e-a8f87dc63878,IN-SERVICE,NON-LIQUID,-1000.0,
2026-06-12T22:15:00+08:00,COLLIE_ESR1,-100.0,-42.46,2,39412665-f5a5-4e04-a58e-a8f87dc63878,IN-SERVICE,NON-LIQUID,-43.01,
2026-06-12T22:15:00+08:00,COLLIE_ESR1,-100.0,-10.0,3,39412665-f5a5-4e04-a58e-a8f87dc63878,IN-SERVICE,NON-LIQUID,-10.13,
2026-06-12T22:15:00+08:00,COLLIE_ESR1,0.0,34.02,4,39412665-f5a5-4e04-a58e-a8f87dc63878,IN-SERVICE,NON-LIQUID,34.46,
2026-06-12T22:15:00+08:00,COLLIE_ESR1,0.0,60.0,5,39412665-f5a5-4e04-a58e-a8f87dc63878,IN-SERVICE,NON-LIQUID,60.77,
2026-06-12T22:15:00+08:00,COLLIE_ESR1,100.0,117.9,6,39412665-f5a5-4e04-a58e-a8f87dc63878,IN-SERVICE,NON-LIQUID,119.42,
2026-06-12T22:15:00+08:00,COLLIE_ESR1,100.0,124.84,7,39412665-f5a5-4e04-a58e-a8f87dc63878,IN-SERVICE,NON-LIQUID,126.45,
2026-06-12T22:15:00+08:00,COLLIE_ESR1,0.0,400.0,8,39412665-f5a5-4e04-a58e-a8f87dc63878,IN-SERVICE,NON-LIQUID,405.15,
2026-06-12T22:15:00+08:00,COLLIE_ESR1,0.0,622.0,9,39412665-f5a5-4e04-a58e-a8f87dc63878,IN-SERVICE,NON-LIQUID,630.0,
2026-06-12T22:15:00+08:00,COLLIE_ESR1,0.0,1678.41,10,39412665-f5a5-4e04-a58e-a8f87dc63878,IN-SERVICE,NON-LIQUID,1700.0,
2026-06-12T22:15:00+08:00,KWINANA_ESR2,-225.0,113.45,1,f1da8a9e-aa85-41bf-9f16-2033dfe29be0,IN-SERVICE,NOT APPLICABLE,113.7,0.0
2026-06-12T22:15:00+08:00,KWINANA_ESR2,225.0,128.89,2,f1da8a9e-aa85-41bf-9f16-2033dfe29be0,IN-SERVICE,NOT APPLICABLE,129.17,0.0
2026-06-12T22:15:00+08:00,COLLIE_BESS2,0.0,-987.3,1,95fb61ec-1de0-468b-84de-8d1f72b3ae90,IN-SERVICE,NON-LIQUID,-1000.0,
2026-06-12T22:15:00+08:00,COLLIE_BESS2,-150.0,-42.46,2,95fb61ec-1de0-468b-84de-8d1f72b3ae90,IN-SERVICE,NON-LIQUID,-43.01,
2026-06-12T22:15:00+08:00,COLLIE_BESS2,-150.0,-10.0,3,95fb61ec-1de0-468b-84de-8d1f72b3ae90,IN-SERVICE,NON-LIQUID,-10.13,
2026-06-12T22:15:00+08:00,COLLIE_BESS2,0.0,34.02,4,95fb61ec-1de0-468b-84de-8d1f72b3ae90,IN-SERVICE,NON-LIQUID,34.46,
2026-06-12T22:15:00+08:00,COLLIE_BESS2,0.0,60.0,5,95fb61ec-1de0-468b-84de-8d1f72b3ae90,IN-SERVICE,NON-LIQUID,60.77,
2026-06-12T22:15:00+08:00,COLLIE_BESS2,150.0,150.0,6,95fb61ec-1de0-468b-84de-8d1f72b3ae90,IN-SERVICE,NON-LIQUID,151.93,
2026-06-12T22:15:00+08:00,COLLIE_BESS2,150.0,250.0,7,95fb61ec-1de0-468b-84de-8d1f72b3ae90,IN-SERVICE,NON-LIQUID,253.22,
2026-06-12T22:15:00+08:00,COLLIE_BESS2,0.0,385.48,8,95fb61ec-1de0-468b-84de-8d1f72b3ae90,IN-SERVICE,NON-LIQUID,390.44,
2026-06-12T22:15:00+08:00,COLLIE_BESS2,0.0,622.0,9,95fb61ec-1de0-468b-84de-8d1f72b3ae90,IN-SERVICE,NON-LIQUID,630.0,
2026-06-12T22:15:00+08:00,COLLIE_BESS2,0.0,1678.41,10,95fb61ec-1de0-468b-84de-8d1f72b3ae90,IN-SERVICE,NON-LIQUID,1700.0,
2026-06-12T22:15:00+08:00,COLLIE_ESR4,-250.0,111.96,1,af74e770-394a-4064-a4f4-9813a99925d8,IN-SERVICE,NOT APPLICABLE,113.4,0.0
2026-06-12T22:15:00+08:00,COLLIE_ESR4,250.0,127.32,2,af74e770-394a-4064-a4f4-9813a99925d8,IN-SERVICE,NOT APPLICABLE,128.96,0.0
2026-06-12T22:15:00+08:00,COLLIE_ESR5,-250.0,112.34,1,1168cef3-e73d-434d-a51d-a3d28e64d2ea,IN-SERVICE,NOT APPLICABLE,113.79,0.0
2026-06-12T22:15:00+08:00,COLLIE_ESR5,250.0,127.46,2,1168cef3-e73d-434d-a51d-a3d28e64d2ea,IN-SERVICE,NOT APPLICABLE,129.1,0.0
2026-06-12T22:20:00+08:00,KWINANA_ESR1,-100.0,113.67,1,b06e0a41-6168-40c4-96be-046ad9e0749d,IN-SERVICE,NOT APPLICABLE,114.03,0.0
2026-06-12T22:20:00+08:00,KWINANA_ESR1,100.0,128.43,2,b06e0a41-6168-40c4-96be-046ad9e0749d,IN-SERVICE,NOT APPLICABLE,128.84,0.0
2026-06-12T22:20:00+08:00,COLLIE_ESR1,0.0,-987.3,1,78f15847-2585-4f26-906e-0de4c7f08905,IN-SERVICE,NON-LIQUID,-1000.0,
2026-06-12T22:20:00+08:00,COLLIE_ESR1,-100.0,-42.46,2,78f15847-2585-4f26-906e-0de4c7f08905,IN-SERVICE,NON-LIQUID,-43.01,
2026-06-12T22:20:00+08:00,COLLIE_ESR1,-100.0,-10.0,3,78f15847-2585-4f26-906e-0de4c7f08905,IN-SERVICE,NON-LIQUID,-10.13,
2026-06-12T22:20:00+08:00,COLLIE_ESR1,0.0,34.02,4,78f15847-2585-4f26-906e-0de4c7f08905,IN-SERVICE,NON-LIQUID,34.46,
2026-06-12T22:20:00+08:00,COLLIE_ESR1,0.0,60.0,5,78f15847-2585-4f26-906e-0de4c7f08905,IN-SERVICE,NON-LIQUID,60.77,
2026-06-12T22:20:00+08:00,COLLIE_ESR1,100.0,150.0,6,78f15847-2585-4f26-906e-0de4c7f08905,IN-SERVICE,NON-LIQUID,151.93,
2026-06-12T22:20:00+08:00,COLLIE_ESR1,100.0,250.0,7,78f15847-2585-4f26-906e-0de4c7f08905,IN-SERVICE,NON-LIQUID,253.22,
2026-06-12T22:20:00+08:00,COLLIE_ESR1,0.0,400.0,8,78f15847-2585-4f26-906e-0de4c7f08905,IN-SERVICE,NON-LIQUID,405.15,
2026-06-12T22:20:00+08:00,COLLIE_ESR1,0.0,622.0,9,78f15847-2585-4f26-906e-0de4c7f08905,IN-SERVICE,NON-LIQUID,630.0,
2026-06-12T22:20:00+08:00,COLLIE_ESR1,0.0,1678.41,10,78f15847-2585-4f26-906e-0de4c7f08905,IN-SERVICE,NON-LIQUID,1700.0,
2026-06-12T22:20:00+08:00,KWINANA_ESR2,-225.0,113.45,1,f1da8a9e-aa85-41bf-9f16-2033dfe29be0,IN-SERVICE,NOT APPLICABLE,113.7,0.0
2026-06-12T22:20:00+08:00,KWINANA_ESR2,225.0,128.89,2,f1da8a9e-aa85-41bf-9f16-2033dfe29be0,IN-SERVICE,NOT APPLICABLE,129.17,0.0
2026-06-12T22:20:00+08:00,COLLIE_BESS2,0.0,-987.3,1,29cc6684-3f32-4a1c-8091-d96549308f5f,IN-SERVICE,NON-LIQUID,-1000.0,
2026-06-12T22:20:00+08:00,COLLIE_BESS2,-150.0,-42.46,2,29cc6684-3f32-4a1c-8091-d96549308f5f,IN-SERVICE,NON-LIQUID,-43.01,
2026-06-12T22:20:00+08:00,COLLIE_BESS2,-150.0,-10.0,3,29cc6684-3f32-4a1c-8091-d96549308f5f,IN-SERVICE,NON-LIQUID,-10.13,
2026-06-12T22:20:00+08:00,COLLIE_BESS2,0.0,34.02,4,29cc6684-3f32-4a1c-8091-d96549308f5f,IN-SERVICE,NON-LIQUID,34.46,
2026-06-12T22:20:00+08:00,COLLIE_BESS2,0.0,60.0,5,29cc6684-3f32-4a1c-8091-d96549308f5f,IN-SERVICE,NON-LIQUID,60.77,
2026-06-12T22:20:00+08:00,COLLIE_BESS2,150.0,150.0,6,29cc6684-3f32-4a1c-8091-d96549308f5f,IN-SERVICE,NON-LIQUID,151.93,
2026-06-12T22:20:00+08:00,COLLIE_BESS2,150.0,250.0,7,29cc6684-3f32-4a1c-8091-d96549308f5f,IN-SERVICE,NON-LIQUID,253.22,
2026-06-12T22:20:00+08:00,COLLIE_BESS2,0.0,385.48,8,29cc6684-3f32-4a1c-8091-d96549308f5f,IN-SERVICE,NON-LIQUID,390.44,
2026-06-12T22:20:00+08:00,COLLIE_BESS2,0.0,622.0,9,29cc6684-3f32-4a1c-8091-d96549308f5f,IN-SERVICE,NON-LIQUID,630.0,
2026-06-12T22:20:00+08:00,COLLIE_BESS2,0.0,1678.41,10,29cc6684-3f32-4a1c-8091-d96549308f5f,IN-SERVICE,NON-LIQUID,1700.0,
2026-06-12T22:20:00+08:00,COLLIE_ESR4,-250.0,111.96,1,af74e770-394a-4064-a4f4-9813a99925d8,IN-SERVICE,NOT APPLICABLE,113.4,0.0
2026-06-12T22:20:00+08:00,COLLIE_ESR4,250.0,127.32,2,af74e770-394a-4064-a4f4-9813a99925d8,IN-SERVICE,NOT APPLICABLE,128.96,0.0
2026-06-12T22:20:00+08:00,COLLIE_ESR5,-250.0,112.34,1,1168cef3-e73d-434d-a51d-a3d28e64d2ea,IN-SERVICE,NOT APPLICABLE,113.79,0.0
2026-06-12T22:20:00+08:00,COLLIE_ESR5,250.0,127.46,2,1168cef3-e73d-434d-a51d-a3d28e64d2ea,IN-SERVICE,NOT APPLICABLE,129.1,0.0
2026-06-12T22:25:00+08:00,KWINANA_ESR1,-100.0,113.41,1,ce1e44b5-4d8d-43d8-b8be-96ac51ec214b,IN-SERVICE,NOT APPLICABLE,113.77,0.0
2026-06-12T22:25:00+08:00,KWINANA_ESR1,57.096,128.17,2,ce1e44b5-4d8d-43d8-b8be-96ac51ec214b,IN-SERVICE,NOT APPLICABLE,128.58,0.0
2026-06-12T22:25:00+08:00,KWINANA_ESR1,42.904,128.43,3,ce1e44b5-4d8d-43d8-b8be-96ac51ec214b,IN-SERVICE,NOT APPLICABLE,128.84,0.0
2026-06-12T22:25:00+08:00,COLLIE_ESR1,0.0,-987.3,1,4504648e-fe69-4f9c-a275-c4469e4060c8,IN-SERVICE,NON-LIQUID,-1000.0,
2026-06-12T22:25:00+08:00,COLLIE_ESR1,-100.0,-42.46,2,4504648e-fe69-4f9c-a275-c4469e4060c8,IN-SERVICE,NON-LIQUID,-43.01,
2026-06-12T22:25:00+08:00,COLLIE_ESR1,-100.0,-10.0,3,4504648e-fe69-4f9c-a275-c4469e4060c8,IN-SERVICE,NON-LIQUID,-10.13,
2026-06-12T22:25:00+08:00,COLLIE_ESR1,0.0,34.02,4,4504648e-fe69-4f9c-a275-c4469e4060c8,IN-SERVICE,NON-LIQUID,34.46,
2026-06-12T22:25:00+08:00,COLLIE_ESR1,0.0,60.0,5,4504648e-fe69-4f9c-a275-c4469e4060c8,IN-SERVICE,NON-LIQUID,60.77,
2026-06-12T22:25:00+08:00,COLLIE_ESR1,100.0,150.0,6,4504648e-fe69-4f9c-a275-c4469e4060c8,IN-SERVICE,NON-LIQUID,151.93,
2026-06-12T22:25:00+08:00,COLLIE_ESR1,100.0,250.0,7,4504648e-fe69-4f9c-a275-c4469e4060c8,IN-SERVICE,NON-LIQUID,253.22,
2026-06-12T22:25:00+08:00,COLLIE_ESR1,0.0,400.0,8,4504648e-fe69-4f9c-a275-c4469e4060c8,IN-SERVICE,NON-LIQUID,405.15,
2026-06-12T22:25:00+08:00,COLLIE_ESR1,0.0,622.0,9,4504648e-fe69-4f9c-a275-c4469e4060c8,IN-SERVICE,NON-LIQUID,630.0,
2026-06-12T22:25:00+08:00,COLLIE_ESR1,0.0,1678.41,10,4504648e-fe69-4f9c-a275-c4469e4060c8,IN-SERVICE,NON-LIQUID,1700.0,
2026-06-12T22:25:00+08:00,KWINANA_ESR2,-225.0,112.99,1,962e67ca-636d-423e-b867-612fbc8145d2,IN-SERVICE,NOT APPLICABLE,113.24,0.0
2026-06-12T22:25:00+08:00,KWINANA_ESR2,225.0,128.43,2,962e67ca-636d-423e-b867-612fbc8145d2,IN-SERVICE,NOT APPLICABLE,128.71,0.0
2026-06-12T22:25:00+08:00,COLLIE_BESS2,0.0,-987.3,1,ed7452df-e606-48bd-971b-3a22005477e5,IN-SERVICE,NON-LIQUID,-1000.0,
2026-06-12T22:25:00+08:00,COLLIE_BESS2,-150.0,-42.46,2,ed7452df-e606-48bd-971b-3a22005477e5,IN-SERVICE,NON-LIQUID,-43.01,
2026-06-12T22:25:00+08:00,COLLIE_BESS2,-150.0,-10.0,3,ed7452df-e606-48bd-971b-3a22005477e5,IN-SERVICE,NON-LIQUID,-10.13,
2026-06-12T22:25:00+08:00,COLLIE_BESS2,0.0,34.02,4,ed7452df-e606-48bd-971b-3a22005477e5,IN-SERVICE,NON-LIQUID,34.46,
2026-06-12T22:25:00+08:00,COLLIE_BESS2,0.0,60.0,5,ed7452df-e606-48bd-971b-3a22005477e5,IN-SERVICE,NON-LIQUID,60.77,
2026-06-12T22:25:00+08:00,COLLIE_BESS2,150.0,150.0,6,ed7452df-e606-48bd-971b-3a22005477e5,IN-SERVICE,NON-LIQUID,151.93,
2026-06-12T22:25:00+08:00,COLLIE_BESS2,150.0,250.0,7,ed7452df-e606-48bd-971b-3a22005477e5,IN-SERVICE,NON-LIQUID,253.22,
2026-06-12T22:25:00+08:00,COLLIE_BESS2,0.0,385.48,8,ed7452df-e606-48bd-971b-3a22005477e5,IN-SERVICE,NON-LIQUID,390.44,
2026-06-12T22:25:00+08:00,COLLIE_BESS2,0.0,622.0,9,ed7452df-e606-48bd-971b-3a22005477e5,IN-SERVICE,NON-LIQUID,630.0,
2026-06-12T22:25:00+08:00,COLLIE_BESS2,0.0,1678.41,10,ed7452df-e606-48bd-971b-3a22005477e5,IN-SERVICE,NON-LIQUID,1700.0,
2026-06-12T22:25:00+08:00,COLLIE_ESR4,-250.0,111.96,1,af74e770-394a-4064-a4f4-9813a99925d8,IN-SERVICE,NOT APPLICABLE,113.4,0.0
2026-06-12T22:25:00+08:00,COLLIE_ESR4,250.0,127.32,2,af74e770-394a-4064-a4f4-9813a99925d8,IN-SERVICE,NOT APPLICABLE,128.96,0.0
2026-06-12T22:25:00+08:00,COLLIE_ESR5,-250.0,111.92,1,401db351-9f3e-4edc-8d73-d97477fe8b3f,IN-SERVICE,NOT APPLICABLE,113.36,0.0
2026-06-12T22:25:00+08:00,COLLIE_ESR5,250.0,127.04,2,401db351-9f3e-4edc-8d73-d97477fe8b3f,IN-SERVICE,NOT APPLICABLE,128.67,0.0
2026-06-12T22:30:00+08:00,KWINANA_ESR1,-100.0,113.41,1,ce1e44b5-4d8d-43d8-b8be-96ac51ec214b,IN-SERVICE,NOT APPLICABLE,113.77,0.0
2026-06-12T22:30:00+08:00,KWINANA_ESR1,100.0,128.17,2,ce1e44b5-4d8d-43d8-b8be-96ac51ec214b,IN-SERVICE,NOT APPLICABLE,128.58,0.0
2026-06-12T22:30:00+08:00,COLLIE_ESR1,0.0,-987.3,1,651ef757-f0a9-44a7-b7c8-c8bcbba95ea9,IN-SERVICE,NON-LIQUID,-1000.0,
2026-06-12T22:30:00+08:00,COLLIE_ESR1,-100.0,-42.46,2,651ef757-f0a9-44a7-b7c8-c8bcbba95ea9,IN-SERVICE,NON-LIQUID,-43.01,
2026-06-12T22:30:00+08:00,COLLIE_ESR1,-100.0,-10.0,3,651ef757-f0a9-44a7-b7c8-c8bcbba95ea9,IN-SERVICE,NON-LIQUID,-10.13,
2026-06-12T22:30:00+08:00,COLLIE_ESR1,0.0,34.02,4,651ef757-f0a9-44a7-b7c8-c8bcbba95ea9,IN-SERVICE,NON-LIQUID,34.46,
2026-06-12T22:30:00+08:00,COLLIE_ESR1,0.0,60.0,5,651ef757-f0a9-44a7-b7c8-c8bcbba95ea9,IN-SERVICE,NON-LIQUID,60.77,
2026-06-12T22:30:00+08:00,COLLIE_ESR1,100.0,150.0,6,651ef757-f0a9-44a7-b7c8-c8bcbba95ea9,IN-SERVICE,NON-LIQUID,151.93,
2026-06-12T22:30:00+08:00,COLLIE_ESR1,100.0,250.0,7,651ef757-f0a9-44a7-b7c8-c8bcbba95ea9,IN-SERVICE,NON-LIQUID,253.22,
2026-06-12T22:30:00+08:00,COLLIE_ESR1,0.0,773.25,8,651ef757-f0a9-44a7-b7c8-c8bcbba95ea9,IN-SERVICE,NON-LIQUID,783.2,
2026-06-12T22:30:00+08:00,COLLIE_ESR1,0.0,773.45,9,651ef757-f0a9-44a7-b7c8-c8bcbba95ea9,IN-SERVICE,NON-LIQUID,783.4,
2026-06-12T22:30:00+08:00,COLLIE_ESR1,0.0,1678.41,10,651ef757-f0a9-44a7-b7c8-c8bcbba95ea9,IN-SERVICE,NON-LIQUID,1700.0,
2026-06-12T22:30:00+08:00,KWINANA_ESR2,-225.0,112.99,1,962e67ca-636d-423e-b867-612fbc8145d2,IN-SERVICE,NOT APPLICABLE,113.24,0.0
2026-06-12T22:30:00+08:00,KWINANA_ESR2,225.0,128.43,2,962e67ca-636d-423e-b867-612fbc8145d2,IN-SERVICE,NOT APPLICABLE,128.71,0.0
2026-06-12T22:30:00+08:00,COLLIE_BESS2,0.0,-987.3,1,2fbb7d9c-aaf0-4311-be24-f2b3204783c1,IN-SERVICE,NON-LIQUID,-1000.0,
2026-06-12T22:30:00+08:00,COLLIE_BESS2,-150.0,-42.46,2,2fbb7d9c-aaf0-4311-be24-f2b3204783c1,IN-SERVICE,NON-LIQUID,-43.01,
2026-06-12T22:30:00+08:00,COLLIE_BESS2,-150.0,-10.0,3,2fbb7d9c-aaf0-4311-be24-f2b3204783c1,IN-SERVICE,NON-LIQUID,-10.13,
2026-06-12T22:30:00+08:00,COLLIE_BESS2,0.0,34.02,4,2fbb7d9c-aaf0-4311-be24-f2b3204783c1,IN-SERVICE,NON-LIQUID,34.46,
2026-06-12T22:30:00+08:00,COLLIE_BESS2,0.0,60.0,5,2fbb7d9c-aaf0-4311-be24-f2b3204783c1,IN-SERVICE,NON-LIQUID,60.77,
2026-06-12T22:30:00+08:00,COLLIE_BESS2,150.0,150.0,6,2fbb7d9c-aaf0-4311-be24-f2b3204783c1,IN-SERVICE,NON-LIQUID,151.93,
2026-06-12T22:30:00+08:00,COLLIE_BESS2,150.0,250.0,7,2fbb7d9c-aaf0-4311-be24-f2b3204783c1,IN-SERVICE,NON-LIQUID,253.22,
2026-06-12T22:30:00+08:00,COLLIE_BESS2,0.0,773.25,8,2fbb7d9c-aaf0-4311-be24-f2b3204783c1,IN-SERVICE,NON-LIQUID,783.2,
2026-06-12T22:30:00+08:00,COLLIE_BESS2,0.0,773.45,9,2fbb7d9c-aaf0-4311-be24-f2b3204783c1,IN-SERVICE,NON-LIQUID,783.4,
2026-06-12T22:30:00+08:00,COLLIE_BESS2,0.0,1678.41,10,2fbb7d9c-aaf0-4311-be24-f2b3204783c1,IN-SERVICE,NON-LIQUID,1700.0,
2026-06-12T22:30:00+08:00,COLLIE_ESR4,-250.0,111.76,1,e4ed0ccc-2f67-4135-a2ba-537295f3d1f6,IN-SERVICE,NOT APPLICABLE,113.2,0.0
2026-06-12T22:30:00+08:00,COLLIE_ESR4,250.0,127.12,2,e4ed0ccc-2f67-4135-a2ba-537295f3d1f6,IN-SERVICE,NOT APPLICABLE,128.76,0.0
2026-06-12T22:30:00+08:00,COLLIE_ESR5,-250.0,111.92,1,401db351-9f3e-4edc-8d73-d97477fe8b3f,IN-SERVICE,NOT APPLICABLE,113.36,0.0
2026-06-12T22:30:00+08:00,COLLIE_ESR5,250.0,127.04,2,401db351-9f3e-4edc-8d73-d97477fe8b3f,IN-SERVICE,NOT APPLICABLE,128.67,0.0
2026-06-12T22:35:00+08:00,KWINANA_ESR1,-100.0,113.41,1,ce1e44b5-4d8d-43d8-b8be-96ac51ec214b,IN-SERVICE,NOT APPLICABLE,113.77,0.0
2026-06-12T22:35:00+08:00,KWINANA_ESR1,100.0,128.17,2,ce1e44b5-4d8d-43d8-b8be-96ac51ec214b,IN-SERVICE,NOT APPLICABLE,128.58,0.0
2026-06-12T22:35:00+08:00,COLLIE_ESR1,0.0,-987.3,1,694a954f-67be-4216-b23f-043970bdf35a,IN-SERVICE,NON-LIQUID,-1000.0,
2026-06-12T22:35:00+08:00,COLLIE_ESR1,-100.0,-42.46,2,694a954f-67be-4216-b23f-043970bdf35a,IN-SERVICE,NON-LIQUID,-43.01,
2026-06-12T22:35:00+08:00,COLLIE_ESR1,-100.0,-10.0,3,694a954f-67be-4216-b23f-043970bdf35a,IN-SERVICE,NON-LIQUID,-10.13,
2026-06-12T22:35:00+08:00,COLLIE_ESR1,0.0,34.02,4,694a954f-67be-4216-b23f-043970bdf35a,IN-SERVICE,NON-LIQUID,34.46,
2026-06-12T22:35:00+08:00,COLLIE_ESR1,0.0,60.0,5,694a954f-67be-4216-b23f-043970bdf35a,IN-SERVICE,NON-LIQUID,60.77,
2026-06-12T22:35:00+08:00,COLLIE_ESR1,100.0,150.0,6,694a954f-67be-4216-b23f-043970bdf35a,IN-SERVICE,NON-LIQUID,151.93,
2026-06-12T22:35:00+08:00,COLLIE_ESR1,100.0,250.0,7,694a954f-67be-4216-b23f-043970bdf35a,IN-SERVICE,NON-LIQUID,253.22,
2026-06-12T22:35:00+08:00,COLLIE_ESR1,0.0,773.25,8,694a954f-67be-4216-b23f-043970bdf35a,IN-SERVICE,NON-LIQUID,783.2,
2026-06-12T22:35:00+08:00,COLLIE_ESR1,0.0,773.45,9,694a954f-67be-4216-b23f-043970bdf35a,IN-SERVICE,NON-LIQUID,783.4,
2026-06-12T22:35:00+08:00,COLLIE_ESR1,0.0,1678.41,10,694a954f-67be-4216-b23f-043970bdf35a,IN-SERVICE,NON-LIQUID,1700.0,
2026-06-12T22:35:00+08:00,KWINANA_ESR2,-225.0,112.99,1,962e67ca-636d-423e-b867-612fbc8145d2,IN-SERVICE,NOT APPLICABLE,113.24,0.0
2026-06-12T22:35:00+08:00,KWINANA_ESR2,225.0,128.43,2,962e67ca-636d-423e-b867-612fbc8145d2,IN-SERVICE,NOT APPLICABLE,128.71,0.0
2026-06-12T22:35:00+08:00,COLLIE_BESS2,0.0,-987.3,1,c77c9e81-4528-4453-8274-b00debd07880,IN-SERVICE,NON-LIQUID,-1000.0,
2026-06-12T22:35:00+08:00,COLLIE_BESS2,-150.0,-42.46,2,c77c9e81-4528-4453-8274-b00debd07880,IN-SERVICE,NON-LIQUID,-43.01,
2026-06-12T22:35:00+08:00,COLLIE_BESS2,-150.0,-10.0,3,c77c9e81-4528-4453-8274-b00debd07880,IN-SERVICE,NON-LIQUID,-10.13,
2026-06-12T22:35:00+08:00,COLLIE_BESS2,0.0,34.02,4,c77c9e81-4528-4453-8274-b00debd07880,IN-SERVICE,NON-LIQUID,34.46,
2026-06-12T22:35:00+08:00,COLLIE_BESS2,0.0,60.0,5,c77c9e81-4528-4453-8274-b00debd07880,IN-SERVICE,NON-LIQUID,60.77,
2026-06-12T22:35:00+08:00,COLLIE_BESS2,150.0,150.0,6,c77c9e81-4528-4453-8274-b00debd07880,IN-SERVICE,NON-LIQUID,151.93,
2026-06-12T22:35:00+08:00,COLLIE_BESS2,150.0,250.0,7,c77c9e81-4528-4453-8274-b00debd07880,IN-SERVICE,NON-LIQUID,253.22,
2026-06-12T22:35:00+08:00,COLLIE_BESS2,0.0,773.25,8,c77c9e81-4528-4453-8274-b00debd07880,IN-SERVICE,NON-LIQUID,783.2,
2026-06-12T22:35:00+08:00,COLLIE_BESS2,0.0,773.45,9,c77c9e81-4528-4453-8274-b00debd07880,IN-SERVICE,NON-LIQUID,783.4,
2026-06-12T22:35:00+08:00,COLLIE_BESS2,0.0,1678.41,10,c77c9e81-4528-4453-8274-b00debd07880,IN-SERVICE,NON-LIQUID,1700.0,
2026-06-12T22:35:00+08:00,COLLIE_ESR4,-250.0,111.76,1,e4ed0ccc-2f67-4135-a2ba-537295f3d1f6,IN-SERVICE,NOT APPLICABLE,113.2,0.0
2026-06-12T22:35:00+08:00,COLLIE_ESR4,250.0,127.12,2,e4ed0ccc-2f67-4135-a2ba-537295f3d1f6,IN-SERVICE,NOT APPLICABLE,128.76,0.0
2026-06-12T22:35:00+08:00,COLLIE_ESR5,-250.0,111.92,1,401db351-9f3e-4edc-8d73-d97477fe8b3f,IN-SERVICE,NOT APPLICABLE,113.36,0.0
2026-06-12T22:35:00+08:00,COLLIE_ESR5,250.0,127.04,2,401db351-9f3e-4edc-8d73-d97477fe8b3f,IN-SERVICE,NOT APPLICABLE,128.67,0.0
2026-06-12T22:40:00+08:00,KWINANA_ESR1,-100.0,108.34,1,4d223085-7fb9-4ec7-8392-cec4ccd38fe9,IN-SERVICE,NOT APPLICABLE,108.69,0.0
2026-06-12T22:40:00+08:00,KWINANA_ESR1,100.0,123.1,2,4d223085-7fb9-4ec7-8392-cec4ccd38fe9,IN-SERVICE,NOT APPLICABLE,123.5,0.0
2026-06-12T22:40:00+08:00,COLLIE_ESR1,0.0,-987.3,1,b6bf63cc-d829-4d62-9c32-14e38decaf27,IN-SERVICE,NON-LIQUID,-1000.0,
2026-06-12T22:40:00+08:00,COLLIE_ESR1,-100.0,-42.46,2,b6bf63cc-d829-4d62-9c32-14e38decaf27,IN-SERVICE,NON-LIQUID,-43.01,
2026-06-12T22:40:00+08:00,COLLIE_ESR1,-100.0,-10.0,3,b6bf63cc-d829-4d62-9c32-14e38decaf27,IN-SERVICE,NON-LIQUID,-10.13,
2026-06-12T22:40:00+08:00,COLLIE_ESR1,0.0,34.02,4,b6bf63cc-d829-4d62-9c32-14e38decaf27,IN-SERVICE,NON-LIQUID,34.46,
2026-06-12T22:40:00+08:00,COLLIE_ESR1,0.0,60.0,5,b6bf63cc-d829-4d62-9c32-14e38decaf27,IN-SERVICE,NON-LIQUID,60.77,
2026-06-12T22:40:00+08:00,COLLIE_ESR1,100.0,150.0,6,b6bf63cc-d829-4d62-9c32-14e38decaf27,IN-SERVICE,NON-LIQUID,151.93,
2026-06-12T22:40:00+08:00,COLLIE_ESR1,100.0,250.0,7,b6bf63cc-d829-4d62-9c32-14e38decaf27,IN-SERVICE,NON-LIQUID,253.22,
2026-06-12T22:40:00+08:00,COLLIE_ESR1,0.0,773.25,8,b6bf63cc-d829-4d62-9c32-14e38decaf27,IN-SERVICE,NON-LIQUID,783.2,
2026-06-12T22:40:00+08:00,COLLIE_ESR1,0.0,773.45,9,b6bf63cc-d829-4d62-9c32-14e38decaf27,IN-SERVICE,NON-LIQUID,783.4,
2026-06-12T22:40:00+08:00,COLLIE_ESR1,0.0,1678.41,10,b6bf63cc-d829-4d62-9c32-14e38decaf27,IN-SERVICE,NON-LIQUID,1700.0,
2026-06-12T22:40:00+08:00,KWINANA_ESR2,-225.0,105.8,1,5de19250-b051-4f14-bbbc-9e370a4b75ab,IN-SERVICE,NOT APPLICABLE,106.03,0.0
2026-06-12T22:40:00+08:00,KWINANA_ESR2,225.0,121.24,2,5de19250-b051-4f14-bbbc-9e370a4b75ab,IN-SERVICE,NOT APPLICABLE,121.51,0.0
2026-06-12T22:40:00+08:00,COLLIE_BESS2,0.0,-987.3,1,d084ef07-bfb5-4e23-8203-c484dbb986c9,IN-SERVICE,NON-LIQUID,-1000.0,
2026-06-12T22:40:00+08:00,COLLIE_BESS2,-150.0,-42.46,2,d084ef07-bfb5-4e23-8203-c484dbb986c9,IN-SERVICE,NON-LIQUID,-43.01,
2026-06-12T22:40:00+08:00,COLLIE_BESS2,-150.0,-10.0,3,d084ef07-bfb5-4e23-8203-c484dbb986c9,IN-SERVICE,NON-LIQUID,-10.13,
2026-06-12T22:40:00+08:00,COLLIE_BESS2,0.0,34.02,4,d084ef07-bfb5-4e23-8203-c484dbb986c9,IN-SERVICE,NON-LIQUID,34.46,
2026-06-12T22:40:00+08:00,COLLIE_BESS2,0.0,60.0,5,d084ef07-bfb5-4e23-8203-c484dbb986c9,IN-SERVICE,NON-LIQUID,60.77,
2026-06-12T22:40:00+08:00,COLLIE_BESS2,150.0,150.0,6,d084ef07-bfb5-4e23-8203-c484dbb986c9,IN-SERVICE,NON-LIQUID,151.93,
2026-06-12T22:40:00+08:00,COLLIE_BESS2,150.0,250.0,7,d084ef07-bfb5-4e23-8203-c484dbb986c9,IN-SERVICE,NON-LIQUID,253.22,
2026-06-12T22:40:00+08:00,COLLIE_BESS2,0.0,773.25,8,d084ef07-bfb5-4e23-8203-c484dbb986c9,IN-SERVICE,NON-LIQUID,783.2,
2026-06-12T22:40:00+08:00,COLLIE_BESS2,0.0,773.45,9,d084ef07-bfb5-4e23-8203-c484dbb986c9,IN-SERVICE,NON-LIQUID,783.4,
2026-06-12T22:40:00+08:00,COLLIE_BESS2,0.0,1678.41,10,d084ef07-bfb5-4e23-8203-c484dbb986c9,IN-SERVICE,NON-LIQUID,1700.0,
2026-06-12T22:40:00+08:00,COLLIE_ESR4,-250.0,104.64,1,f2417f11-5371-447d-a2e2-80c13c996aa9,IN-SERVICE,NOT APPLICABLE,105.99,0.0
2026-06-12T22:40:00+08:00,COLLIE_ESR4,250.0,120.01,2,f2417f11-5371-447d-a2e2-80c13c996aa9,IN-SERVICE,NOT APPLICABLE,121.55,0.0
2026-06-12T22:40:00+08:00,COLLIE_ESR5,-250.0,104.76,1,d2c1699d-3455-4082-8f99-2901ea71d15a,IN-SERVICE,NOT APPLICABLE,106.11,0.0
2026-06-12T22:40:00+08:00,COLLIE_ESR5,250.0,119.89,2,d2c1699d-3455-4082-8f99-2901ea71d15a,IN-SERVICE,NOT APPLICABLE,121.43,0.0
2026-06-12T22:45:00+08:00,KWINANA_ESR1,-100.0,108.34,1,4d223085-7fb9-4ec7-8392-cec4ccd38fe9,IN-SERVICE,NOT APPLICABLE,108.69,0.0
2026-06-12T22:45:00+08:00,KWINANA_ESR1,100.0,123.1,2,4d223085-7fb9-4ec7-8392-cec4ccd38fe9,IN-SERVICE,NOT APPLICABLE,123.5,0.0
2026-06-12T22:45:00+08:00,COLLIE_ESR1,0.0,-987.3,1,fe99b417-0ce9-47e8-bf82-9fb902461ebe,IN-SERVICE,NON-LIQUID,-1000.0,
2026-06-12T22:45:00+08:00,COLLIE_ESR1,-100.0,-42.46,2,fe99b417-0ce9-47e8-bf82-9fb902461ebe,IN-SERVICE,NON-LIQUID,-43.01,
2026-06-12T22:45:00+08:00,COLLIE_ESR1,-100.0,-10.0,3,fe99b417-0ce9-47e8-bf82-9fb902461ebe,IN-SERVICE,NON-LIQUID,-10.13,
2026-06-12T22:45:00+08:00,COLLIE_ESR1,0.0,34.02,4,fe99b417-0ce9-47e8-bf82-9fb902461ebe,IN-SERVICE,NON-LIQUID,34.46,
2026-06-12T22:45:00+08:00,COLLIE_ESR1,0.0,60.0,5,fe99b417-0ce9-47e8-bf82-9fb902461ebe,IN-SERVICE,NON-LIQUID,60.77,
2026-06-12T22:45:00+08:00,COLLIE_ESR1,100.0,150.0,6,fe99b417-0ce9-47e8-bf82-9fb902461ebe,IN-SERVICE,NON-LIQUID,151.93,
2026-06-12T22:45:00+08:00,COLLIE_ESR1,100.0,250.0,7,fe99b417-0ce9-47e8-bf82-9fb902461ebe,IN-SERVICE,NON-LIQUID,253.22,
2026-06-12T22:45:00+08:00,COLLIE_ESR1,0.0,773.25,8,fe99b417-0ce9-47e8-bf82-9fb902461ebe,IN-SERVICE,NON-LIQUID,783.2,
2026-06-12T22:45:00+08:00,COLLIE_ESR1,0.0,773.45,9,fe99b417-0ce9-47e8-bf82-9fb902461ebe,IN-SERVICE,NON-LIQUID,783.4,
2026-06-12T22:45:00+08:00,COLLIE_ESR1,0.0,1678.41,10,fe99b417-0ce9-47e8-bf82-9fb902461ebe,IN-SERVICE,NON-LIQUID,1700.0,
2026-06-12T22:45:00+08:00,KWINANA_ESR2,-225.0,105.8,1,5de19250-b051-4f14-bbbc-9e370a4b75ab,IN-SERVICE,NOT APPLICABLE,106.03,0.0
2026-06-12T22:45:00+08:00,KWINANA_ESR2,225.0,121.24,2,5de19250-b051-4f14-bbbc-9e370a4b75ab,IN-SERVICE,NOT APPLICABLE,121.51,0.0
2026-06-12T22:45:00+08:00,COLLIE_BESS2,0.0,-987.3,1,132ca52d-7128-4e77-9245-57254e3061c8,IN-SERVICE,NON-LIQUID,-1000.0,
2026-06-12T22:45:00+08:00,COLLIE_BESS2,-150.0,-42.46,2,132ca52d-7128-4e77-9245-57254e3061c8,IN-SERVICE,NON-LIQUID,-43.01,
2026-06-12T22:45:00+08:00,COLLIE_BESS2,-150.0,-10.0,3,132ca52d-7128-4e77-9245-57254e3061c8,IN-SERVICE,NON-LIQUID,-10.13,
2026-06-12T22:45:00+08:00,COLLIE_BESS2,0.0,34.02,4,132ca52d-7128-4e77-9245-57254e3061c8,IN-SERVICE,NON-LIQUID,34.46,
2026-06-12T22:45:00+08:00,COLLIE_BESS2,0.0,60.0,5,132ca52d-7128-4e77-9245-57254e3061c8,IN-SERVICE,NON-LIQUID,60.77,
2026-06-12T22:45:00+08:00,COLLIE_BESS2,150.0,150.0,6,132ca52d-7128-4e77-9245-57254e3061c8,IN-SERVICE,NON-LIQUID,151.93,
2026-06-12T22:45:00+08:00,COLLIE_BESS2,150.0,250.0,7,132ca52d-7128-4e77-9245-57254e3061c8,IN-SERVICE,NON-LIQUID,253.22,
2026-06-12T22:45:00+08:00,COLLIE_BESS2,0.0,773.25,8,132ca52d-7128-4e77-9245-57254e3061c8,IN-SERVICE,NON-LIQUID,783.2,
2026-06-12T22:45:00+08:00,COLLIE_BESS2,0.0,773.45,9,132ca52d-7128-4e77-9245-57254e3061c8,IN-SERVICE,NON-LIQUID,783.4,
2026-06-12T22:45:00+08:00,COLLIE_BESS2,0.0,1678.41,10,132ca52d-7128-4e77-9245-57254e3061c8,IN-SERVICE,NON-LIQUID,1700.0,
2026-06-12T22:45:00+08:00,COLLIE_ESR4,-250.0,104.24,1,f2417f11-5371-447d-a2e2-80c13c996aa9,IN-SERVICE,NOT APPLICABLE,105.58,0.0
2026-06-12T22:45:00+08:00,COLLIE_ESR4,250.0,119.6,2,f2417f11-5371-447d-a2e2-80c13c996aa9,IN-SERVICE,NOT APPLICABLE,121.14,0.0
2026-06-12T22:45:00+08:00,COLLIE_ESR5,-250.0,104.76,1,d2c1699d-3455-4082-8f99-2901ea71d15a,IN-SERVICE,NOT APPLICABLE,106.11,0.0
2026-06-12T22:45:00+08:00,COLLIE_ESR5,250.0,119.89,2,d2c1699d-3455-4082-8f99-2901ea71d15a,IN-SERVICE,NOT APPLICABLE,121.43,0.0
2026-06-12T22:50:00+08:00,KWINANA_ESR1,-100.0,108.34,1,4d223085-7fb9-4ec7-8392-cec4ccd38fe9,IN-SERVICE,NOT APPLICABLE,108.69,0.0
2026-06-12T22:50:00+08:00,KWINANA_ESR1,100.0,123.1,2,4d223085-7fb9-4ec7-8392-cec4ccd38fe9,IN-SERVICE,NOT APPLICABLE,123.5,0.0
2026-06-12T22:50:00+08:00,COLLIE_ESR1,0.0,-987.3,1,6c237345-c45f-44d3-ae2d-1db81b47910e,IN-SERVICE,NON-LIQUID,-1000.0,
2026-06-12T22:50:00+08:00,COLLIE_ESR1,-100.0,-42.46,2,6c237345-c45f-44d3-ae2d-1db81b47910e,IN-SERVICE,NON-LIQUID,-43.01,
2026-06-12T22:50:00+08:00,COLLIE_ESR1,-100.0,-10.0,3,6c237345-c45f-44d3-ae2d-1db81b47910e,IN-SERVICE,NON-LIQUID,-10.13,
2026-06-12T22:50:00+08:00,COLLIE_ESR1,0.0,34.02,4,6c237345-c45f-44d3-ae2d-1db81b47910e,IN-SERVICE,NON-LIQUID,34.46,
2026-06-12T22:50:00+08:00,COLLIE_ESR1,0.0,60.0,5,6c237345-c45f-44d3-ae2d-1db81b47910e,IN-SERVICE,NON-LIQUID,60.77,
2026-06-12T22:50:00+08:00,COLLIE_ESR1,100.0,150.0,6,6c237345-c45f-44d3-ae2d-1db81b47910e,IN-SERVICE,NON-LIQUID,151.93,
2026-06-12T22:50:00+08:00,COLLIE_ESR1,100.0,250.0,7,6c237345-c45f-44d3-ae2d-1db81b47910e,IN-SERVICE,NON-LIQUID,253.22,
2026-06-12T22:50:00+08:00,COLLIE_ESR1,0.0,773.25,8,6c237345-c45f-44d3-ae2d-1db81b47910e,IN-SERVICE,NON-LIQUID,783.2,
2026-06-12T22:50:00+08:00,COLLIE_ESR1,0.0,773.45,9,6c237345-c45f-44d3-ae2d-1db81b47910e,IN-SERVICE,NON-LIQUID,783.4,
2026-06-12T22:50:00+08:00,COLLIE_ESR1,0.0,1678.41,10,6c237345-c45f-44d3-ae2d-1db81b47910e,IN-SERVICE,NON-LIQUID,1700.0,
2026-06-12T22:50:00+08:00,KWINANA_ESR2,-225.0,105.8,1,5de19250-b051-4f14-bbbc-9e370a4b75ab,IN-SERVICE,NOT APPLICABLE,106.03,0.0
2026-06-12T22:50:00+08:00,KWINANA_ESR2,225.0,121.24,2,5de19250-b051-4f14-bbbc-9e370a4b75ab,IN-SERVICE,NOT APPLICABLE,121.51,0.0
2026-06-12T22:50:00+08:00,COLLIE_BESS2,0.0,-987.3,1,04778bb4-b3ee-4bb0-8ae5-c7e2a63a55d3,IN-SERVICE,NON-LIQUID,-1000.0,
2026-06-12T22:50:00+08:00,COLLIE_BESS2,-150.0,-42.46,2,04778bb4-b3ee-4bb0-8ae5-c7e2a63a55d3,IN-SERVICE,NON-LIQUID,-43.01,
2026-06-12T22:50:00+08:00,COLLIE_BESS2,-150.0,-10.0,3,04778bb4-b3ee-4bb0-8ae5-c7e2a63a55d3,IN-SERVICE,NON-LIQUID,-10.13,
2026-06-12T22:50:00+08:00,COLLIE_BESS2,0.0,34.02,4,04778bb4-b3ee-4bb0-8ae5-c7e2a63a55d3,IN-SERVICE,NON-LIQUID,34.46,
2026-06-12T22:50:00+08:00,COLLIE_BESS2,0.0,60.0,5,04778bb4-b3ee-4bb0-8ae5-c7e2a63a55d3,IN-SERVICE,NON-LIQUID,60.77,
2026-06-12T22:50:00+08:00,COLLIE_BESS2,150.0,150.0,6,04778bb4-b3ee-4bb0-8ae5-c7e2a63a55d3,IN-SERVICE,NON-LIQUID,151.93,
2026-06-12T22:50:00+08:00,COLLIE_BESS2,150.0,250.0,7,04778bb4-b3ee-4bb0-8ae5-c7e2a63a55d3,IN-SERVICE,NON-LIQUID,253.22,
2026-06-12T22:50:00+08:00,COLLIE_BESS2,0.0,773.25,8,04778bb4-b3ee-4bb0-8ae5-c7e2a63a55d3,IN-SERVICE,NON-LIQUID,783.2,
2026-06-12T22:50:00+08:00,COLLIE_BESS2,0.0,773.45,9,04778bb4-b3ee-4bb0-8ae5-c7e2a63a55d3,IN-SERVICE,NON-LIQUID,783.4,
2026-06-12T22:50:00+08:00,COLLIE_BESS2,0.0,1678.41,10,04778bb4-b3ee-4bb0-8ae5-c7e2a63a55d3,IN-SERVICE,NON-LIQUID,1700.0,
2026-06-12T22:50:00+08:00,COLLIE_ESR4,-250.0,104.2,1,f2417f11-5371-447d-a2e2-80c13c996aa9,IN-SERVICE,NOT APPLICABLE,105.54,0.0
2026-06-12T22:50:00+08:00,COLLIE_ESR4,250.0,119.56,2,f2417f11-5371-447d-a2e2-80c13c996aa9,IN-SERVICE,NOT APPLICABLE,121.1,0.0
2026-06-12T22:50:00+08:00,COLLIE_ESR5,-250.0,104.76,1,d2c1699d-3455-4082-8f99-2901ea71d15a,IN-SERVICE,NOT APPLICABLE,106.11,0.0
2026-06-12T22:50:00+08:00,COLLIE_ESR5,250.0,119.89,2,d2c1699d-3455-4082-8f99-2901ea71d15a,IN-SERVICE,NOT APPLICABLE,121.43,0.0
2026-06-12T22:55:00+08:00,KWINANA_ESR1,-100.0,102.56,1,b94c1161-9161-44be-92c4-cf6a26f61074,IN-SERVICE,NOT APPLICABLE,102.89,0.0
2026-06-12T22:55:00+08:00,KWINANA_ESR1,100.0,117.32,2,b94c1161-9161-44be-92c4-cf6a26f61074,IN-SERVICE,NOT APPLICABLE,117.7,0.0
2026-06-12T22:55:00+08:00,COLLIE_ESR1,0.0,-987.3,1,e28eba29-8a2d-43af-a2c3-590da531ca57,IN-SERVICE,NON-LIQUID,-1000.0,
2026-06-12T22:55:00+08:00,COLLIE_ESR1,-100.0,-42.46,2,e28eba29-8a2d-43af-a2c3-590da531ca57,IN-SERVICE,NON-LIQUID,-43.01,
2026-06-12T22:55:00+08:00,COLLIE_ESR1,-100.0,-10.0,3,e28eba29-8a2d-43af-a2c3-590da531ca57,IN-SERVICE,NON-LIQUID,-10.13,
2026-06-12T22:55:00+08:00,COLLIE_ESR1,0.0,34.02,4,e28eba29-8a2d-43af-a2c3-590da531ca57,IN-SERVICE,NON-LIQUID,34.46,
2026-06-12T22:55:00+08:00,COLLIE_ESR1,0.0,60.0,5,e28eba29-8a2d-43af-a2c3-590da531ca57,IN-SERVICE,NON-LIQUID,60.77,
2026-06-12T22:55:00+08:00,COLLIE_ESR1,100.0,150.0,6,e28eba29-8a2d-43af-a2c3-590da531ca57,IN-SERVICE,NON-LIQUID,151.93,
2026-06-12T22:55:00+08:00,COLLIE_ESR1,100.0,250.0,7,e28eba29-8a2d-43af-a2c3-590da531ca57,IN-SERVICE,NON-LIQUID,253.22,
2026-06-12T22:55:00+08:00,COLLIE_ESR1,0.0,773.25,8,e28eba29-8a2d-43af-a2c3-590da531ca57,IN-SERVICE,NON-LIQUID,783.2,
2026-06-12T22:55:00+08:00,COLLIE_ESR1,0.0,773.45,9,e28eba29-8a2d-43af-a2c3-590da531ca57,IN-SERVICE,NON-LIQUID,783.4,
2026-06-12T22:55:00+08:00,COLLIE_ESR1,0.0,1678.41,10,e28eba29-8a2d-43af-a2c3-590da531ca57,IN-SERVICE,NON-LIQUID,1700.0,
2026-06-12T22:55:00+08:00,KWINANA_ESR2,-225.0,94.6,1,52589669-f75f-4cfe-8c5f-cf694302ad68,IN-SERVICE,NOT APPLICABLE,94.81,0.0
2026-06-12T22:55:00+08:00,KWINANA_ESR2,225.0,110.05,2,52589669-f75f-4cfe-8c5f-cf694302ad68,IN-SERVICE,NOT APPLICABLE,110.29,0.0
2026-06-12T22:55:00+08:00,COLLIE_BESS2,0.0,-987.3,1,ef1b2030-76f6-46b6-a2ab-50c445d3b0ac,IN-SERVICE,NON-LIQUID,-1000.0,
2026-06-12T22:55:00+08:00,COLLIE_BESS2,-150.0,-42.46,2,ef1b2030-76f6-46b6-a2ab-50c445d3b0ac,IN-SERVICE,NON-LIQUID,-43.01,
2026-06-12T22:55:00+08:00,COLLIE_BESS2,-150.0,-10.0,3,ef1b2030-76f6-46b6-a2ab-50c445d3b0ac,IN-SERVICE,NON-LIQUID,-10.13,
2026-06-12T22:55:00+08:00,COLLIE_BESS2,0.0,34.02,4,ef1b2030-76f6-46b6-a2ab-50c445d3b0ac,IN-SERVICE,NON-LIQUID,34.46,
2026-06-12T22:55:00+08:00,COLLIE_BESS2,0.0,60.0,5,ef1b2030-76f6-46b6-a2ab-50c445d3b0ac,IN-SERVICE,NON-LIQUID,60.77,
2026-06-12T22:55:00+08:00,COLLIE_BESS2,150.0,150.0,6,ef1b2030-76f6-46b6-a2ab-50c445d3b0ac,IN-SERVICE,NON-LIQUID,151.93,
2026-06-12T22:55:00+08:00,COLLIE_BESS2,150.0,250.0,7,ef1b2030-76f6-46b6-a2ab-50c445d3b0ac,IN-SERVICE,NON-LIQUID,253.22,
2026-06-12T22:55:00+08:00,COLLIE_BESS2,0.0,773.25,8,ef1b2030-76f6-46b6-a2ab-50c445d3b0ac,IN-SERVICE,NON-LIQUID,783.2,
2026-06-12T22:55:00+08:00,COLLIE_BESS2,0.0,773.45,9,ef1b2030-76f6-46b6-a2ab-50c445d3b0ac,IN-SERVICE,NON-LIQUID,783.4,
2026-06-12T22:55:00+08:00,COLLIE_BESS2,0.0,1678.41,10,ef1b2030-76f6-46b6-a2ab-50c445d3b0ac,IN-SERVICE,NON-LIQUID,1700.0,
2026-06-12T22:55:00+08:00,COLLIE_ESR4,-250.0,93.57,1,af80aa2b-6dad-4392-8c4d-1f588dcc3d57,IN-SERVICE,NOT APPLICABLE,94.77,0.0
2026-06-12T22:55:00+08:00,COLLIE_ESR4,250.0,108.93,2,af80aa2b-6dad-4392-8c4d-1f588dcc3d57,IN-SERVICE,NOT APPLICABLE,110.33,0.0
2026-06-12T22:55:00+08:00,COLLIE_ESR5,-250.0,93.69,1,b5b8dbbb-7a79-45c8-b8ad-4b449fada248,IN-SERVICE,NOT APPLICABLE,94.9,0.0
2026-06-12T22:55:00+08:00,COLLIE_ESR5,250.0,108.81,2,b5b8dbbb-7a79-45c8-b8ad-4b449fada248,IN-SERVICE,NOT APPLICABLE,110.21,0.0
2026-06-12T23:00:00+08:00,KWINANA_ESR1,-100.0,102.56,1,b94c1161-9161-44be-92c4-cf6a26f61074,IN-SERVICE,NOT APPLICABLE,102.89,0.0
2026-06-12T23:00:00+08:00,KWINANA_ESR1,100.0,117.32,2,b94c1161-9161-44be-92c4-cf6a26f61074,IN-SERVICE,NOT APPLICABLE,117.7,0.0
2026-06-12T23:00:00+08:00,COLLIE_ESR1,0.0,-987.3,1,abfa0f29-267a-42ab-a6bb-c350efb1cd25,IN-SERVICE,NON-LIQUID,-1000.0,
2026-06-12T23:00:00+08:00,COLLIE_ESR1,-100.0,-42.46,2,abfa0f29-267a-42ab-a6bb-c350efb1cd25,IN-SERVICE,NON-LIQUID,-43.01,
2026-06-12T23:00:00+08:00,COLLIE_ESR1,-100.0,-10.0,3,abfa0f29-267a-42ab-a6bb-c350efb1cd25,IN-SERVICE,NON-LIQUID,-10.13,
2026-06-12T23:00:00+08:00,COLLIE_ESR1,0.0,34.02,4,abfa0f29-267a-42ab-a6bb-c350efb1cd25,IN-SERVICE,NON-LIQUID,34.46,
2026-06-12T23:00:00+08:00,COLLIE_ESR1,0.0,60.0,5,abfa0f29-267a-42ab-a6bb-c350efb1cd25,IN-SERVICE,NON-LIQUID,60.77,
2026-06-12T23:00:00+08:00,COLLIE_ESR1,100.0,150.0,6,abfa0f29-267a-42ab-a6bb-c350efb1cd25,IN-SERVICE,NON-LIQUID,151.93,
2026-06-12T23:00:00+08:00,COLLIE_ESR1,100.0,250.0,7,abfa0f29-267a-42ab-a6bb-c350efb1cd25,IN-SERVICE,NON-LIQUID,253.22,
2026-06-12T23:00:00+08:00,COLLIE_ESR1,0.0,773.25,8,abfa0f29-267a-42ab-a6bb-c350efb1cd25,IN-SERVICE,NON-LIQUID,783.2,
2026-06-12T23:00:00+08:00,COLLIE_ESR1,0.0,773.45,9,abfa0f29-267a-42ab-a6bb-c350efb1cd25,IN-SERVICE,NON-LIQUID,783.4,
2026-06-12T23:00:00+08:00,COLLIE_ESR1,0.0,1678.41,10,abfa0f29-267a-42ab-a6bb-c350efb1cd25,IN-SERVICE,NON-LIQUID,1700.0,
2026-06-12T23:00:00+08:00,KWINANA_ESR2,-225.0,94.6,1,52589669-f75f-4cfe-8c5f-cf694302ad68,IN-SERVICE,NOT APPLICABLE,94.81,0.0
2026-06-12T23:00:00+08:00,KWINANA_ESR2,225.0,110.05,2,52589669-f75f-4cfe-8c5f-cf694302ad68,IN-SERVICE,NOT APPLICABLE,110.29,0.0
2026-06-12T23:00:00+08:00,COLLIE_BESS2,0.0,-987.3,1,ddea48fe-2657-47ae-a061-b933f807234f,IN-SERVICE,NON-LIQUID,-1000.0,
2026-06-12T23:00:00+08:00,COLLIE_BESS2,-150.0,-42.46,2,ddea48fe-2657-47ae-a061-b933f807234f,IN-SERVICE,NON-LIQUID,-43.01,
2026-06-12T23:00:00+08:00,COLLIE_BESS2,-150.0,-10.0,3,ddea48fe-2657-47ae-a061-b933f807234f,IN-SERVICE,NON-LIQUID,-10.13,
2026-06-12T23:00:00+08:00,COLLIE_BESS2,0.0,34.02,4,ddea48fe-2657-47ae-a061-b933f807234f,IN-SERVICE,NON-LIQUID,34.46,
2026-06-12T23:00:00+08:00,COLLIE_BESS2,0.0,60.0,5,ddea48fe-2657-47ae-a061-b933f807234f,IN-SERVICE,NON-LIQUID,60.77,
2026-06-12T23:00:00+08:00,COLLIE_BESS2,150.0,150.0,6,ddea48fe-2657-47ae-a061-b933f807234f,IN-SERVICE,NON-LIQUID,151.93,
2026-06-12T23:00:00+08:00,COLLIE_BESS2,150.0,250.0,7,ddea48fe-2657-47ae-a061-b933f807234f,IN-SERVICE,NON-LIQUID,253.22,
2026-06-12T23:00:00+08:00,COLLIE_BESS2,0.0,773.25,8,ddea48fe-2657-47ae-a061-b933f807234f,IN-SERVICE,NON-LIQUID,783.2,
2026-06-12T23:00:00+08:00,COLLIE_BESS2,0.0,773.45,9,ddea48fe-2657-47ae-a061-b933f807234f,IN-SERVICE,NON-LIQUID,783.4,
2026-06-12T23:00:00+08:00,COLLIE_BESS2,0.0,1678.41,10,ddea48fe-2657-47ae-a061-b933f807234f,IN-SERVICE,NON-LIQUID,1700.0,
2026-06-12T23:00:00+08:00,COLLIE_ESR4,-250.0,93.57,1,af80aa2b-6dad-4392-8c4d-1f588dcc3d57,IN-SERVICE,NOT APPLICABLE,94.77,0.0
2026-06-12T23:00:00+08:00,COLLIE_ESR4,250.0,108.93,2,af80aa2b-6dad-4392-8c4d-1f588dcc3d57,IN-SERVICE,NOT APPLICABLE,110.33,0.0
2026-06-12T23:00:00+08:00,COLLIE_ESR5,-250.0,93.69,1,b5b8dbbb-7a79-45c8-b8ad-4b449fada248,IN-SERVICE,NOT APPLICABLE,94.9,0.0
2026-06-12T23:00:00+08:00,COLLIE_ESR5,250.0,108.81,2,b5b8dbbb-7a79-45c8-b8ad-4b449fada248,IN-SERVICE,NOT APPLICABLE,110.21,0.0
2026-06-12T23:05:00+08:00,KWINANA_ESR1,-100.0,102.56,1,b94c1161-9161-44be-92c4-cf6a26f61074,IN-SERVICE,NOT APPLICABLE,102.89,0.0
2026-06-12T23:05:00+08:00,KWINANA_ESR1,100.0,113.4,2,b94c1161-9161-44be-92c4-cf6a26f61074,IN-SERVICE,NOT APPLICABLE,113.76,0.0
2026-06-12T23:05:00+08:00,COLLIE_ESR1,0.0,-987.3,1,b21ed695-884d-44d7-949f-bd69e173914d,IN-SERVICE,NON-LIQUID,-1000.0,
2026-06-12T23:05:00+08:00,COLLIE_ESR1,-100.0,-42.46,2,b21ed695-884d-44d7-949f-bd69e173914d,IN-SERVICE,NON-LIQUID,-43.01,
2026-06-12T23:05:00+08:00,COLLIE_ESR1,-100.0,-10.0,3,b21ed695-884d-44d7-949f-bd69e173914d,IN-SERVICE,NON-LIQUID,-10.13,
2026-06-12T23:05:00+08:00,COLLIE_ESR1,0.0,34.02,4,b21ed695-884d-44d7-949f-bd69e173914d,IN-SERVICE,NON-LIQUID,34.46,
2026-06-12T23:05:00+08:00,COLLIE_ESR1,0.0,60.0,5,b21ed695-884d-44d7-949f-bd69e173914d,IN-SERVICE,NON-LIQUID,60.77,
2026-06-12T23:05:00+08:00,COLLIE_ESR1,100.0,150.0,6,b21ed695-884d-44d7-949f-bd69e173914d,IN-SERVICE,NON-LIQUID,151.93,
2026-06-12T23:05:00+08:00,COLLIE_ESR1,100.0,250.0,7,b21ed695-884d-44d7-949f-bd69e173914d,IN-SERVICE,NON-LIQUID,253.22,
2026-06-12T23:05:00+08:00,COLLIE_ESR1,0.0,773.25,8,b21ed695-884d-44d7-949f-bd69e173914d,IN-SERVICE,NON-LIQUID,783.2,
2026-06-12T23:05:00+08:00,COLLIE_ESR1,0.0,773.45,9,b21ed695-884d-44d7-949f-bd69e173914d,IN-SERVICE,NON-LIQUID,783.4,
2026-06-12T23:05:00+08:00,COLLIE_ESR1,0.0,1678.41,10,b21ed695-884d-44d7-949f-bd69e173914d,IN-SERVICE,NON-LIQUID,1700.0,
2026-06-12T23:05:00+08:00,KWINANA_ESR2,-225.0,94.6,1,52589669-f75f-4cfe-8c5f-cf694302ad68,IN-SERVICE,NOT APPLICABLE,94.81,0.0
2026-06-12T23:05:00+08:00,KWINANA_ESR2,225.0,110.05,2,52589669-f75f-4cfe-8c5f-cf694302ad68,IN-SERVICE,NOT APPLICABLE,110.29,0.0
2026-06-12T23:05:00+08:00,COLLIE_BESS2,0.0,-987.3,1,64f69443-fe1e-4228-87d1-f476927de686,IN-SERVICE,NON-LIQUID,-1000.0,
2026-06-12T23:05:00+08:00,COLLIE_BESS2,-150.0,-42.46,2,64f69443-fe1e-4228-87d1-f476927de686,IN-SERVICE,NON-LIQUID,-43.01,
2026-06-12T23:05:00+08:00,COLLIE_BESS2,-150.0,-10.0,3,64f69443-fe1e-4228-87d1-f476927de686,IN-SERVICE,NON-LIQUID,-10.13,
2026-06-12T23:05:00+08:00,COLLIE_BESS2,0.0,34.02,4,64f69443-fe1e-4228-87d1-f476927de686,IN-SERVICE,NON-LIQUID,34.46,
2026-06-12T23:05:00+08:00,COLLIE_BESS2,0.0,60.0,5,64f69443-fe1e-4228-87d1-f476927de686,IN-SERVICE,NON-LIQUID,60.77,
2026-06-12T23:05:00+08:00,COLLIE_BESS2,150.0,150.0,6,64f69443-fe1e-4228-87d1-f476927de686,IN-SERVICE,NON-LIQUID,151.93,
2026-06-12T23:05:00+08:00,COLLIE_BESS2,150.0,250.0,7,64f69443-fe1e-4228-87d1-f476927de686,IN-SERVICE,NON-LIQUID,253.22,
2026-06-12T23:05:00+08:00,COLLIE_BESS2,0.0,773.25,8,64f69443-fe1e-4228-87d1-f476927de686,IN-SERVICE,NON-LIQUID,783.2,
2026-06-12T23:05:00+08:00,COLLIE_BESS2,0.0,773.45,9,64f69443-fe1e-4228-87d1-f476927de686,IN-SERVICE,NON-LIQUID,783.4,
2026-06-12T23:05:00+08:00,COLLIE_BESS2,0.0,1678.41,10,64f69443-fe1e-4228-87d1-f476927de686,IN-SERVICE,NON-LIQUID,1700.0,
2026-06-12T23:05:00+08:00,COLLIE_ESR4,-250.0,93.57,1,af80aa2b-6dad-4392-8c4d-1f588dcc3d57,IN-SERVICE,NOT APPLICABLE,94.77,0.0
2026-06-12T23:05:00+08:00,COLLIE_ESR4,250.0,108.93,2,af80aa2b-6dad-4392-8c4d-1f588dcc3d57,IN-SERVICE,NOT APPLICABLE,110.33,0.0
2026-06-12T23:05:00+08:00,COLLIE_ESR5,-250.0,93.69,1,b5b8dbbb-7a79-45c8-b8ad-4b449fada248,IN-SERVICE,NOT APPLICABLE,94.9,0.0
2026-06-12T23:05:00+08:00,COLLIE_ESR5,250.0,108.81,2,b5b8dbbb-7a79-45c8-b8ad-4b449fada248,IN-SERVICE,NOT APPLICABLE,110.21,0.0
2026-06-12T23:10:00+08:00,KWINANA_ESR1,-100.0,97.94,1,f6b128ef-e73b-4b5d-99df-1f52c49f35d6,IN-SERVICE,NOT APPLICABLE,98.25,0.0
2026-06-12T23:10:00+08:00,KWINANA_ESR1,100.0,112.7,2,f6b128ef-e73b-4b5d-99df-1f52c49f35d6,IN-SERVICE,NOT APPLICABLE,113.06,0.0
2026-06-12T23:10:00+08:00,COLLIE_ESR1,0.0,-987.3,1,bdf0afcd-4fad-49eb-b040-52248a8d7eee,IN-SERVICE,NON-LIQUID,-1000.0,
2026-06-12T23:10:00+08:00,COLLIE_ESR1,-100.0,-42.46,2,bdf0afcd-4fad-49eb-b040-52248a8d7eee,IN-SERVICE,NON-LIQUID,-43.01,
2026-06-12T23:10:00+08:00,COLLIE_ESR1,-100.0,-10.0,3,bdf0afcd-4fad-49eb-b040-52248a8d7eee,IN-SERVICE,NON-LIQUID,-10.13,
2026-06-12T23:10:00+08:00,COLLIE_ESR1,0.0,34.02,4,bdf0afcd-4fad-49eb-b040-52248a8d7eee,IN-SERVICE,NON-LIQUID,34.46,
2026-06-12T23:10:00+08:00,COLLIE_ESR1,0.0,60.0,5,bdf0afcd-4fad-49eb-b040-52248a8d7eee,IN-SERVICE,NON-LIQUID,60.77,
2026-06-12T23:10:00+08:00,COLLIE_ESR1,100.0,150.0,6,bdf0afcd-4fad-49eb-b040-52248a8d7eee,IN-SERVICE,NON-LIQUID,151.93,
2026-06-12T23:10:00+08:00,COLLIE_ESR1,100.0,250.0,7,bdf0afcd-4fad-49eb-b040-52248a8d7eee,IN-SERVICE,NON-LIQUID,253.22,
2026-06-12T23:10:00+08:00,COLLIE_ESR1,0.0,773.25,8,bdf0afcd-4fad-49eb-b040-52248a8d7eee,IN-SERVICE,NON-LIQUID,783.2,
2026-06-12T23:10:00+08:00,COLLIE_ESR1,0.0,773.45,9,bdf0afcd-4fad-49eb-b040-52248a8d7eee,IN-SERVICE,NON-LIQUID,783.4,
2026-06-12T23:10:00+08:00,COLLIE_ESR1,0.0,1678.41,10,bdf0afcd-4fad-49eb-b040-52248a8d7eee,IN-SERVICE,NON-LIQUID,1700.0,
2026-06-12T23:10:00+08:00,KWINANA_ESR2,-225.0,97.98,1,40acbfa5-e759-4d5e-97f1-834e66bed0db,IN-SERVICE,NOT APPLICABLE,98.2,0.0
2026-06-12T23:10:00+08:00,KWINANA_ESR2,225.0,113.42,2,40acbfa5-e759-4d5e-97f1-834e66bed0db,IN-SERVICE,NOT APPLICABLE,113.67,0.0
2026-06-12T23:10:00+08:00,COLLIE_BESS2,0.0,-987.3,1,13c86741-57ff-4410-a6fa-20debfef2682,IN-SERVICE,NON-LIQUID,-1000.0,
2026-06-12T23:10:00+08:00,COLLIE_BESS2,-150.0,-42.46,2,13c86741-57ff-4410-a6fa-20debfef2682,IN-SERVICE,NON-LIQUID,-43.01,
2026-06-12T23:10:00+08:00,COLLIE_BESS2,-150.0,-10.0,3,13c86741-57ff-4410-a6fa-20debfef2682,IN-SERVICE,NON-LIQUID,-10.13,
2026-06-12T23:10:00+08:00,COLLIE_BESS2,0.0,34.02,4,13c86741-57ff-4410-a6fa-20debfef2682,IN-SERVICE,NON-LIQUID,34.46,
2026-06-12T23:10:00+08:00,COLLIE_BESS2,0.0,60.0,5,13c86741-57ff-4410-a6fa-20debfef2682,IN-SERVICE,NON-LIQUID,60.77,
2026-06-12T23:10:00+08:00,COLLIE_BESS2,150.0,150.0,6,13c86741-57ff-4410-a6fa-20debfef2682,IN-SERVICE,NON-LIQUID,151.93,
2026-06-12T23:10:00+08:00,COLLIE_BESS2,150.0,250.0,7,13c86741-57ff-4410-a6fa-20debfef2682,IN-SERVICE,NON-LIQUID,253.22,
2026-06-12T23:10:00+08:00,COLLIE_BESS2,0.0,773.25,8,13c86741-57ff-4410-a6fa-20debfef2682,IN-SERVICE,NON-LIQUID,783.2,
2026-06-12T23:10:00+08:00,COLLIE_BESS2,0.0,773.45,9,13c86741-57ff-4410-a6fa-20debfef2682,IN-SERVICE,NON-LIQUID,783.4,
2026-06-12T23:10:00+08:00,COLLIE_BESS2,0.0,1678.41,10,13c86741-57ff-4410-a6fa-20debfef2682,IN-SERVICE,NON-LIQUID,1700.0,
2026-06-12T23:10:00+08:00,COLLIE_ESR4,-250.0,96.9,1,c6c1d3b0-2944-448c-8398-ba58b21f1a6a,IN-SERVICE,NOT APPLICABLE,98.15,0.0
2026-06-12T23:10:00+08:00,COLLIE_ESR4,250.0,112.27,2,c6c1d3b0-2944-448c-8398-ba58b21f1a6a,IN-SERVICE,NOT APPLICABLE,113.71,0.0
2026-06-12T23:10:00+08:00,COLLIE_ESR5,-250.0,97.02,1,7d8a9481-f474-41fe-9403-a0e9b0a2cebe,IN-SERVICE,NOT APPLICABLE,98.27,0.0
2026-06-12T23:10:00+08:00,COLLIE_ESR5,250.0,112.15,2,7d8a9481-f474-41fe-9403-a0e9b0a2cebe,IN-SERVICE,NOT APPLICABLE,113.59,0.0
2026-06-12T23:15:00+08:00,KWINANA_ESR1,-100.0,97.94,1,f6b128ef-e73b-4b5d-99df-1f52c49f35d6,IN-SERVICE,NOT APPLICABLE,98.25,0.0
2026-06-12T23:15:00+08:00,KWINANA_ESR1,100.0,112.7,2,f6b128ef-e73b-4b5d-99df-1f52c49f35d6,IN-SERVICE,NOT APPLICABLE,113.06,0.0
2026-06-12T23:15:00+08:00,COLLIE_ESR1,0.0,-987.3,1,1ac02da5-d3e7-4746-9ff9-40ab6240ce03,IN-SERVICE,NON-LIQUID,-1000.0,
2026-06-12T23:15:00+08:00,COLLIE_ESR1,-100.0,-42.46,2,1ac02da5-d3e7-4746-9ff9-40ab6240ce03,IN-SERVICE,NON-LIQUID,-43.01,
2026-06-12T23:15:00+08:00,COLLIE_ESR1,-100.0,-10.0,3,1ac02da5-d3e7-4746-9ff9-40ab6240ce03,IN-SERVICE,NON-LIQUID,-10.13,
2026-06-12T23:15:00+08:00,COLLIE_ESR1,0.0,34.02,4,1ac02da5-d3e7-4746-9ff9-40ab6240ce03,IN-SERVICE,NON-LIQUID,34.46,
2026-06-12T23:15:00+08:00,COLLIE_ESR1,0.0,60.0,5,1ac02da5-d3e7-4746-9ff9-40ab6240ce03,IN-SERVICE,NON-LIQUID,60.77,
2026-06-12T23:15:00+08:00,COLLIE_ESR1,100.0,150.0,6,1ac02da5-d3e7-4746-9ff9-40ab6240ce03,IN-SERVICE,NON-LIQUID,151.93,
2026-06-12T23:15:00+08:00,COLLIE_ESR1,100.0,250.0,7,1ac02da5-d3e7-4746-9ff9-40ab6240ce03,IN-SERVICE,NON-LIQUID,253.22,
2026-06-12T23:15:00+08:00,COLLIE_ESR1,0.0,773.25,8,1ac02da5-d3e7-4746-9ff9-40ab6240ce03,IN-SERVICE,NON-LIQUID,783.2,
2026-06-12T23:15:00+08:00,COLLIE_ESR1,0.0,773.45,9,1ac02da5-d3e7-4746-9ff9-40ab6240ce03,IN-SERVICE,NON-LIQUID,783.4,
2026-06-12T23:15:00+08:00,COLLIE_ESR1,0.0,1678.41,10,1ac02da5-d3e7-4746-9ff9-40ab6240ce03,IN-SERVICE,NON-LIQUID,1700.0,
2026-06-12T23:15:00+08:00,KWINANA_ESR2,-225.0,97.98,1,40acbfa5-e759-4d5e-97f1-834e66bed0db,IN-SERVICE,NOT APPLICABLE,98.2,0.0
2026-06-12T23:15:00+08:00,KWINANA_ESR2,225.0,113.42,2,40acbfa5-e759-4d5e-97f1-834e66bed0db,IN-SERVICE,NOT APPLICABLE,113.67,0.0
2026-06-12T23:15:00+08:00,COLLIE_BESS2,0.0,-987.3,1,475e2d49-7558-4d6b-8160-39976ef55906,IN-SERVICE,NON-LIQUID,-1000.0,
2026-06-12T23:15:00+08:00,COLLIE_BESS2,-150.0,-42.46,2,475e2d49-7558-4d6b-8160-39976ef55906,IN-SERVICE,NON-LIQUID,-43.01,
2026-06-12T23:15:00+08:00,COLLIE_BESS2,-150.0,-10.0,3,475e2d49-7558-4d6b-8160-39976ef55906,IN-SERVICE,NON-LIQUID,-10.13,
2026-06-12T23:15:00+08:00,COLLIE_BESS2,0.0,34.02,4,475e2d49-7558-4d6b-8160-39976ef55906,IN-SERVICE,NON-LIQUID,34.46,
2026-06-12T23:15:00+08:00,COLLIE_BESS2,0.0,60.0,5,475e2d49-7558-4d6b-8160-39976ef55906,IN-SERVICE,NON-LIQUID,60.77,
2026-06-12T23:15:00+08:00,COLLIE_BESS2,150.0,150.0,6,475e2d49-7558-4d6b-8160-39976ef55906,IN-SERVICE,NON-LIQUID,151.93,
2026-06-12T23:15:00+08:00,COLLIE_BESS2,150.0,250.0,7,475e2d49-7558-4d6b-8160-39976ef55906,IN-SERVICE,NON-LIQUID,253.22,
2026-06-12T23:15:00+08:00,COLLIE_BESS2,0.0,773.25,8,475e2d49-7558-4d6b-8160-39976ef55906,IN-SERVICE,NON-LIQUID,783.2,
2026-06-12T23:15:00+08:00,COLLIE_BESS2,0.0,773.45,9,475e2d49-7558-4d6b-8160-39976ef55906,IN-SERVICE,NON-LIQUID,783.4,
2026-06-12T23:15:00+08:00,COLLIE_BESS2,0.0,1678.41,10,475e2d49-7558-4d6b-8160-39976ef55906,IN-SERVICE,NON-LIQUID,1700.0,
2026-06-12T23:15:00+08:00,COLLIE_ESR4,-250.0,96.9,1,c6c1d3b0-2944-448c-8398-ba58b21f1a6a,IN-SERVICE,NOT APPLICABLE,98.15,0.0
2026-06-12T23:15:00+08:00,COLLIE_ESR4,250.0,112.27,2,c6c1d3b0-2944-448c-8398-ba58b21f1a6a,IN-SERVICE,NOT APPLICABLE,113.71,0.0
2026-06-12T23:15:00+08:00,COLLIE_ESR5,-250.0,97.02,1,7d8a9481-f474-41fe-9403-a0e9b0a2cebe,IN-SERVICE,NOT APPLICABLE,98.27,0.0
2026-06-12T23:15:00+08:00,COLLIE_ESR5,250.0,112.15,2,7d8a9481-f474-41fe-9403-a0e9b0a2cebe,IN-SERVICE,NOT APPLICABLE,113.59,0.0
2026-06-12T23:20:00+08:00,KWINANA_ESR1,-100.0,97.94,1,f6b128ef-e73b-4b5d-99df-1f52c49f35d6,IN-SERVICE,NOT APPLICABLE,98.25,0.0
2026-06-12T23:20:00+08:00,KWINANA_ESR1,100.0,112.7,2,f6b128ef-e73b-4b5d-99df-1f52c49f35d6,IN-SERVICE,NOT APPLICABLE,113.06,0.0
2026-06-12T23:20:00+08:00,COLLIE_ESR1,0.0,-987.3,1,45cc5954-9757-44ab-a929-611dd0276abb,IN-SERVICE,NON-LIQUID,-1000.0,
2026-06-12T23:20:00+08:00,COLLIE_ESR1,-100.0,-42.46,2,45cc5954-9757-44ab-a929-611dd0276abb,IN-SERVICE,NON-LIQUID,-43.01,
2026-06-12T23:20:00+08:00,COLLIE_ESR1,-100.0,-10.0,3,45cc5954-9757-44ab-a929-611dd0276abb,IN-SERVICE,NON-LIQUID,-10.13,
2026-06-12T23:20:00+08:00,COLLIE_ESR1,0.0,34.02,4,45cc5954-9757-44ab-a929-611dd0276abb,IN-SERVICE,NON-LIQUID,34.46,
2026-06-12T23:20:00+08:00,COLLIE_ESR1,0.0,60.0,5,45cc5954-9757-44ab-a929-611dd0276abb,IN-SERVICE,NON-LIQUID,60.77,
2026-06-12T23:20:00+08:00,COLLIE_ESR1,100.0,150.0,6,45cc5954-9757-44ab-a929-611dd0276abb,IN-SERVICE,NON-LIQUID,151.93,
2026-06-12T23:20:00+08:00,COLLIE_ESR1,100.0,250.0,7,45cc5954-9757-44ab-a929-611dd0276abb,IN-SERVICE,NON-LIQUID,253.22,
2026-06-12T23:20:00+08:00,COLLIE_ESR1,0.0,773.25,8,45cc5954-9757-44ab-a929-611dd0276abb,IN-SERVICE,NON-LIQUID,783.2,
2026-06-12T23:20:00+08:00,COLLIE_ESR1,0.0,773.45,9,45cc5954-9757-44ab-a929-611dd0276abb,IN-SERVICE,NON-LIQUID,783.4,
2026-06-12T23:20:00+08:00,COLLIE_ESR1,0.0,1678.41,10,45cc5954-9757-44ab-a929-611dd0276abb,IN-SERVICE,NON-LIQUID,1700.0,
2026-06-12T23:20:00+08:00,KWINANA_ESR2,-225.0,97.98,1,40acbfa5-e759-4d5e-97f1-834e66bed0db,IN-SERVICE,NOT APPLICABLE,98.2,0.0
2026-06-12T23:20:00+08:00,KWINANA_ESR2,225.0,113.42,2,40acbfa5-e759-4d5e-97f1-834e66bed0db,IN-SERVICE,NOT APPLICABLE,113.67,0.0
2026-06-12T23:20:00+08:00,COLLIE_BESS2,0.0,-987.3,1,aac2e072-a83e-4c65-b3b9-d8f07eeb3d82,IN-SERVICE,NON-LIQUID,-1000.0,
2026-06-12T23:20:00+08:00,COLLIE_BESS2,-150.0,-42.46,2,aac2e072-a83e-4c65-b3b9-d8f07eeb3d82,IN-SERVICE,NON-LIQUID,-43.01,
2026-06-12T23:20:00+08:00,COLLIE_BESS2,-150.0,-10.0,3,aac2e072-a83e-4c65-b3b9-d8f07eeb3d82,IN-SERVICE,NON-LIQUID,-10.13,
2026-06-12T23:20:00+08:00,COLLIE_BESS2,0.0,34.02,4,aac2e072-a83e-4c65-b3b9-d8f07eeb3d82,IN-SERVICE,NON-LIQUID,34.46,
2026-06-12T23:20:00+08:00,COLLIE_BESS2,0.0,60.0,5,aac2e072-a83e-4c65-b3b9-d8f07eeb3d82,IN-SERVICE,NON-LIQUID,60.77,
2026-06-12T23:20:00+08:00,COLLIE_BESS2,150.0,150.0,6,aac2e072-a83e-4c65-b3b9-d8f07eeb3d82,IN-SERVICE,NON-LIQUID,151.93,
2026-06-12T23:20:00+08:00,COLLIE_BESS2,150.0,250.0,7,aac2e072-a83e-4c65-b3b9-d8f07eeb3d82,IN-SERVICE,NON-LIQUID,253.22,
2026-06-12T23:20:00+08:00,COLLIE_BESS2,0.0,773.25,8,aac2e072-a83e-4c65-b3b9-d8f07eeb3d82,IN-SERVICE,NON-LIQUID,783.2,
2026-06-12T23:20:00+08:00,COLLIE_BESS2,0.0,773.45,9,aac2e072-a83e-4c65-b3b9-d8f07eeb3d82,IN-SERVICE,NON-LIQUID,783.4,
2026-06-12T23:20:00+08:00,COLLIE_BESS2,0.0,1678.41,10,aac2e072-a83e-4c65-b3b9-d8f07eeb3d82,IN-SERVICE,NON-LIQUID,1700.0,
2026-06-12T23:20:00+08:00,COLLIE_ESR4,-250.0,96.9,1,c6c1d3b0-2944-448c-8398-ba58b21f1a6a,IN-SERVICE,NOT APPLICABLE,98.15,0.0
2026-06-12T23:20:00+08:00,COLLIE_ESR4,250.0,112.27,2,c6c1d3b0-2944-448c-8398-ba58b21f1a6a,IN-SERVICE,NOT APPLICABLE,113.71,0.0
2026-06-12T23:20:00+08:00,COLLIE_ESR5,-250.0,97.02,1,7d8a9481-f474-41fe-9403-a0e9b0a2cebe,IN-SERVICE,NOT APPLICABLE,98.27,0.0
2026-06-12T23:20:00+08:00,COLLIE_ESR5,250.0,112.15,2,7d8a9481-f474-41fe-9403-a0e9b0a2cebe,IN-SERVICE,NOT APPLICABLE,113.59,0.0
2026-06-12T23:25:00+08:00,KWINANA_ESR1,-100.0,99.33,1,1922f88a-6266-414d-b795-4a12e1aa73f0,IN-SERVICE,NOT APPLICABLE,99.65,0.0
2026-06-12T23:25:00+08:00,KWINANA_ESR1,100.0,114.09,2,1922f88a-6266-414d-b795-4a12e1aa73f0,IN-SERVICE,NOT APPLICABLE,114.46,0.0
2026-06-12T23:25:00+08:00,COLLIE_ESR1,0.0,-987.3,1,36705bfd-eb53-468c-a79c-0330b25d5424,IN-SERVICE,NON-LIQUID,-1000.0,
2026-06-12T23:25:00+08:00,COLLIE_ESR1,-100.0,-42.46,2,36705bfd-eb53-468c-a79c-0330b25d5424,IN-SERVICE,NON-LIQUID,-43.01,
2026-06-12T23:25:00+08:00,COLLIE_ESR1,-100.0,-10.0,3,36705bfd-eb53-468c-a79c-0330b25d5424,IN-SERVICE,NON-LIQUID,-10.13,
2026-06-12T23:25:00+08:00,COLLIE_ESR1,0.0,34.02,4,36705bfd-eb53-468c-a79c-0330b25d5424,IN-SERVICE,NON-LIQUID,34.46,
2026-06-12T23:25:00+08:00,COLLIE_ESR1,0.0,60.0,5,36705bfd-eb53-468c-a79c-0330b25d5424,IN-SERVICE,NON-LIQUID,60.77,
2026-06-12T23:25:00+08:00,COLLIE_ESR1,100.0,150.0,6,36705bfd-eb53-468c-a79c-0330b25d5424,IN-SERVICE,NON-LIQUID,151.93,
2026-06-12T23:25:00+08:00,COLLIE_ESR1,100.0,250.0,7,36705bfd-eb53-468c-a79c-0330b25d5424,IN-SERVICE,NON-LIQUID,253.22,
2026-06-12T23:25:00+08:00,COLLIE_ESR1,0.0,773.25,8,36705bfd-eb53-468c-a79c-0330b25d5424,IN-SERVICE,NON-LIQUID,783.2,
2026-06-12T23:25:00+08:00,COLLIE_ESR1,0.0,773.45,9,36705bfd-eb53-468c-a79c-0330b25d5424,IN-SERVICE,NON-LIQUID,783.4,
2026-06-12T23:25:00+08:00,COLLIE_ESR1,0.0,1678.41,10,36705bfd-eb53-468c-a79c-0330b25d5424,IN-SERVICE,NON-LIQUID,1700.0,
2026-06-12T23:25:00+08:00,KWINANA_ESR2,-225.0,98.32,1,ac5aa015-1497-4505-955d-751d24fce37f,IN-SERVICE,NOT APPLICABLE,98.54,0.0
2026-06-12T23:25:00+08:00,KWINANA_ESR2,225.0,113.76,2,ac5aa015-1497-4505-955d-751d24fce37f,IN-SERVICE,NOT APPLICABLE,114.01,0.0
2026-06-12T23:25:00+08:00,COLLIE_BESS2,0.0,-987.3,1,763451dc-9fe2-4236-abe5-7b0d8b1f4c1d,IN-SERVICE,NON-LIQUID,-1000.0,
2026-06-12T23:25:00+08:00,COLLIE_BESS2,-150.0,-42.46,2,763451dc-9fe2-4236-abe5-7b0d8b1f4c1d,IN-SERVICE,NON-LIQUID,-43.01,
2026-06-12T23:25:00+08:00,COLLIE_BESS2,-150.0,-10.0,3,763451dc-9fe2-4236-abe5-7b0d8b1f4c1d,IN-SERVICE,NON-LIQUID,-10.13,
2026-06-12T23:25:00+08:00,COLLIE_BESS2,0.0,34.02,4,763451dc-9fe2-4236-abe5-7b0d8b1f4c1d,IN-SERVICE,NON-LIQUID,34.46,
2026-06-12T23:25:00+08:00,COLLIE_BESS2,0.0,60.0,5,763451dc-9fe2-4236-abe5-7b0d8b1f4c1d,IN-SERVICE,NON-LIQUID,60.77,
2026-06-12T23:25:00+08:00,COLLIE_BESS2,150.0,150.0,6,763451dc-9fe2-4236-abe5-7b0d8b1f4c1d,IN-SERVICE,NON-LIQUID,151.93,
2026-06-12T23:25:00+08:00,COLLIE_BESS2,150.0,250.0,7,763451dc-9fe2-4236-abe5-7b0d8b1f4c1d,IN-SERVICE,NON-LIQUID,253.22,
2026-06-12T23:25:00+08:00,COLLIE_BESS2,0.0,773.25,8,763451dc-9fe2-4236-abe5-7b0d8b1f4c1d,IN-SERVICE,NON-LIQUID,783.2,
2026-06-12T23:25:00+08:00,COLLIE_BESS2,0.0,773.45,9,763451dc-9fe2-4236-abe5-7b0d8b1f4c1d,IN-SERVICE,NON-LIQUID,783.4,
2026-06-12T23:25:00+08:00,COLLIE_BESS2,0.0,1678.41,10,763451dc-9fe2-4236-abe5-7b0d8b1f4c1d,IN-SERVICE,NON-LIQUID,1700.0,
2026-06-12T23:25:00+08:00,COLLIE_ESR4,-250.0,96.9,1,157a2c22-43ec-4142-a9a7-87da78fec250,IN-SERVICE,NOT APPLICABLE,98.15,0.0
2026-06-12T23:25:00+08:00,COLLIE_ESR4,250.0,112.6,2,157a2c22-43ec-4142-a9a7-87da78fec250,IN-SERVICE,NOT APPLICABLE,114.05,0.0
2026-06-12T23:25:00+08:00,COLLIE_ESR5,-250.0,97.36,1,9557672e-aee3-487e-891c-a03a79b79c24,IN-SERVICE,NOT APPLICABLE,98.61,0.0
2026-06-12T23:25:00+08:00,COLLIE_ESR5,250.0,113.25,2,9557672e-aee3-487e-891c-a03a79b79c24,IN-SERVICE,NOT APPLICABLE,114.71,0.0
2026-06-12T23:30:00+08:00,KWINANA_ESR1,-100.0,99.33,1,1922f88a-6266-414d-b795-4a12e1aa73f0,IN-SERVICE,NOT APPLICABLE,99.65,0.0
2026-06-12T23:30:00+08:00,KWINANA_ESR1,100.0,114.09,2,1922f88a-6266-414d-b795-4a12e1aa73f0,IN-SERVICE,NOT APPLICABLE,114.46,0.0
2026-06-12T23:30:00+08:00,COLLIE_ESR1,0.0,-987.3,1,465f0f24-0539-45ad-ae09-71f8779caab1,IN-SERVICE,NON-LIQUID,-1000.0,
2026-06-12T23:30:00+08:00,COLLIE_ESR1,-100.0,-42.46,2,465f0f24-0539-45ad-ae09-71f8779caab1,IN-SERVICE,NON-LIQUID,-43.01,
2026-06-12T23:30:00+08:00,COLLIE_ESR1,-100.0,-10.0,3,465f0f24-0539-45ad-ae09-71f8779caab1,IN-SERVICE,NON-LIQUID,-10.13,
2026-06-12T23:30:00+08:00,COLLIE_ESR1,0.0,34.02,4,465f0f24-0539-45ad-ae09-71f8779caab1,IN-SERVICE,NON-LIQUID,34.46,
2026-06-12T23:30:00+08:00,COLLIE_ESR1,0.0,60.0,5,465f0f24-0539-45ad-ae09-71f8779caab1,IN-SERVICE,NON-LIQUID,60.77,
2026-06-12T23:30:00+08:00,COLLIE_ESR1,100.0,150.0,6,465f0f24-0539-45ad-ae09-71f8779caab1,IN-SERVICE,NON-LIQUID,151.93,
2026-06-12T23:30:00+08:00,COLLIE_ESR1,100.0,250.0,7,465f0f24-0539-45ad-ae09-71f8779caab1,IN-SERVICE,NON-LIQUID,253.22,
2026-06-12T23:30:00+08:00,COLLIE_ESR1,0.0,400.0,8,465f0f24-0539-45ad-ae09-71f8779caab1,IN-SERVICE,NON-LIQUID,405.15,
2026-06-12T23:30:00+08:00,COLLIE_ESR1,0.0,622.0,9,465f0f24-0539-45ad-ae09-71f8779caab1,IN-SERVICE,NON-LIQUID,630.0,
2026-06-12T23:30:00+08:00,COLLIE_ESR1,0.0,1678.41,10,465f0f24-0539-45ad-ae09-71f8779caab1,IN-SERVICE,NON-LIQUID,1700.0,
2026-06-12T23:30:00+08:00,KWINANA_ESR2,-225.0,98.32,1,ac5aa015-1497-4505-955d-751d24fce37f,IN-SERVICE,NOT APPLICABLE,98.54,0.0
2026-06-12T23:30:00+08:00,KWINANA_ESR2,225.0,113.76,2,ac5aa015-1497-4505-955d-751d24fce37f,IN-SERVICE,NOT APPLICABLE,114.01,0.0
2026-06-12T23:30:00+08:00,COLLIE_BESS2,0.0,-987.3,1,05e8e024-fdab-465c-a641-0cd16e403ba4,IN-SERVICE,NON-LIQUID,-1000.0,
2026-06-12T23:30:00+08:00,COLLIE_BESS2,-150.0,-42.46,2,05e8e024-fdab-465c-a641-0cd16e403ba4,IN-SERVICE,NON-LIQUID,-43.01,
2026-06-12T23:30:00+08:00,COLLIE_BESS2,-150.0,-10.0,3,05e8e024-fdab-465c-a641-0cd16e403ba4,IN-SERVICE,NON-LIQUID,-10.13,
2026-06-12T23:30:00+08:00,COLLIE_BESS2,0.0,34.02,4,05e8e024-fdab-465c-a641-0cd16e403ba4,IN-SERVICE,NON-LIQUID,34.46,
2026-06-12T23:30:00+08:00,COLLIE_BESS2,0.0,60.0,5,05e8e024-fdab-465c-a641-0cd16e403ba4,IN-SERVICE,NON-LIQUID,60.77,
2026-06-12T23:30:00+08:00,COLLIE_BESS2,150.0,150.0,6,05e8e024-fdab-465c-a641-0cd16e403ba4,IN-SERVICE,NON-LIQUID,151.93,
2026-06-12T23:30:00+08:00,COLLIE_BESS2,150.0,250.0,7,05e8e024-fdab-465c-a641-0cd16e403ba4,IN-SERVICE,NON-LIQUID,253.22,
2026-06-12T23:30:00+08:00,COLLIE_BESS2,0.0,377.74,8,05e8e024-fdab-465c-a641-0cd16e403ba4,IN-SERVICE,NON-LIQUID,382.6,
2026-06-12T23:30:00+08:00,COLLIE_BESS2,0.0,622.0,9,05e8e024-fdab-465c-a641-0cd16e403ba4,IN-SERVICE,NON-LIQUID,630.0,
2026-06-12T23:30:00+08:00,COLLIE_BESS2,0.0,1678.41,10,05e8e024-fdab-465c-a641-0cd16e403ba4,IN-SERVICE,NON-LIQUID,1700.0,
2026-06-12T23:30:00+08:00,COLLIE_ESR4,-250.0,96.9,1,157a2c22-43ec-4142-a9a7-87da78fec250,IN-SERVICE,NOT APPLICABLE,98.15,0.0
2026-06-12T23:30:00+08:00,COLLIE_ESR4,250.0,112.6,2,157a2c22-43ec-4142-a9a7-87da78fec250,IN-SERVICE,NOT APPLICABLE,114.05,0.0
2026-06-12T23:30:00+08:00,COLLIE_ESR5,-250.0,97.36,1,9557672e-aee3-487e-891c-a03a79b79c24,IN-SERVICE,NOT APPLICABLE,98.61,0.0
2026-06-12T23:30:00+08:00,COLLIE_ESR5,250.0,113.25,2,9557672e-aee3-487e-891c-a03a79b79c24,IN-SERVICE,NOT APPLICABLE,114.71,0.0
2026-06-12T23:35:00+08:00,KWINANA_ESR1,-100.0,99.33,1,1922f88a-6266-414d-b795-4a12e1aa73f0,IN-SERVICE,NOT APPLICABLE,99.65,0.0
2026-06-12T23:35:00+08:00,KWINANA_ESR1,100.0,114.09,2,1922f88a-6266-414d-b795-4a12e1aa73f0,IN-SERVICE,NOT APPLICABLE,114.46,0.0
2026-06-12T23:35:00+08:00,COLLIE_ESR1,0.0,-987.3,1,731b742c-46ee-4c1f-8844-dcd5b21878a1,IN-SERVICE,NON-LIQUID,-1000.0,
2026-06-12T23:35:00+08:00,COLLIE_ESR1,-100.0,-42.46,2,731b742c-46ee-4c1f-8844-dcd5b21878a1,IN-SERVICE,NON-LIQUID,-43.01,
2026-06-12T23:35:00+08:00,COLLIE_ESR1,-100.0,-10.0,3,731b742c-46ee-4c1f-8844-dcd5b21878a1,IN-SERVICE,NON-LIQUID,-10.13,
2026-06-12T23:35:00+08:00,COLLIE_ESR1,0.0,34.02,4,731b742c-46ee-4c1f-8844-dcd5b21878a1,IN-SERVICE,NON-LIQUID,34.46,
2026-06-12T23:35:00+08:00,COLLIE_ESR1,0.0,60.0,5,731b742c-46ee-4c1f-8844-dcd5b21878a1,IN-SERVICE,NON-LIQUID,60.77,
2026-06-12T23:35:00+08:00,COLLIE_ESR1,100.0,150.0,6,731b742c-46ee-4c1f-8844-dcd5b21878a1,IN-SERVICE,NON-LIQUID,151.93,
2026-06-12T23:35:00+08:00,COLLIE_ESR1,100.0,250.0,7,731b742c-46ee-4c1f-8844-dcd5b21878a1,IN-SERVICE,NON-LIQUID,253.22,
2026-06-12T23:35:00+08:00,COLLIE_ESR1,0.0,400.0,8,731b742c-46ee-4c1f-8844-dcd5b21878a1,IN-SERVICE,NON-LIQUID,405.15,
2026-06-12T23:35:00+08:00,COLLIE_ESR1,0.0,622.0,9,731b742c-46ee-4c1f-8844-dcd5b21878a1,IN-SERVICE,NON-LIQUID,630.0,
2026-06-12T23:35:00+08:00,COLLIE_ESR1,0.0,1678.41,10,731b742c-46ee-4c1f-8844-dcd5b21878a1,IN-SERVICE,NON-LIQUID,1700.0,
2026-06-12T23:35:00+08:00,KWINANA_ESR2,-225.0,98.32,1,ac5aa015-1497-4505-955d-751d24fce37f,IN-SERVICE,NOT APPLICABLE,98.54,0.0
2026-06-12T23:35:00+08:00,KWINANA_ESR2,225.0,113.76,2,ac5aa015-1497-4505-955d-751d24fce37f,IN-SERVICE,NOT APPLICABLE,114.01,0.0
2026-06-12T23:35:00+08:00,COLLIE_BESS2,0.0,-987.3,1,c39c81fd-b0ba-4d43-ba62-87fa06f3eb36,IN-SERVICE,NON-LIQUID,-1000.0,
2026-06-12T23:35:00+08:00,COLLIE_BESS2,-150.0,-42.46,2,c39c81fd-b0ba-4d43-ba62-87fa06f3eb36,IN-SERVICE,NON-LIQUID,-43.01,
2026-06-12T23:35:00+08:00,COLLIE_BESS2,-150.0,-10.0,3,c39c81fd-b0ba-4d43-ba62-87fa06f3eb36,IN-SERVICE,NON-LIQUID,-10.13,
2026-06-12T23:35:00+08:00,COLLIE_BESS2,0.0,34.02,4,c39c81fd-b0ba-4d43-ba62-87fa06f3eb36,IN-SERVICE,NON-LIQUID,34.46,
2026-06-12T23:35:00+08:00,COLLIE_BESS2,0.0,60.0,5,c39c81fd-b0ba-4d43-ba62-87fa06f3eb36,IN-SERVICE,NON-LIQUID,60.77,
2026-06-12T23:35:00+08:00,COLLIE_BESS2,150.0,150.0,6,c39c81fd-b0ba-4d43-ba62-87fa06f3eb36,IN-SERVICE,NON-LIQUID,151.93,
2026-06-12T23:35:00+08:00,COLLIE_BESS2,150.0,250.0,7,c39c81fd-b0ba-4d43-ba62-87fa06f3eb36,IN-SERVICE,NON-LIQUID,253.22,
2026-06-12T23:35:00+08:00,COLLIE_BESS2,0.0,377.74,8,c39c81fd-b0ba-4d43-ba62-87fa06f3eb36,IN-SERVICE,NON-LIQUID,382.6,
2026-06-12T23:35:00+08:00,COLLIE_BESS2,0.0,622.0,9,c39c81fd-b0ba-4d43-ba62-87fa06f3eb36,IN-SERVICE,NON-LIQUID,630.0,
2026-06-12T23:35:00+08:00,COLLIE_BESS2,0.0,1678.41,10,c39c81fd-b0ba-4d43-ba62-87fa06f3eb36,IN-SERVICE,NON-LIQUID,1700.0,
2026-06-12T23:35:00+08:00,COLLIE_ESR4,-250.0,96.9,1,157a2c22-43ec-4142-a9a7-87da78fec250,IN-SERVICE,NOT APPLICABLE,98.15,0.0
2026-06-12T23:35:00+08:00,COLLIE_ESR4,250.0,112.6,2,157a2c22-43ec-4142-a9a7-87da78fec250,IN-SERVICE,NOT APPLICABLE,114.05,0.0
2026-06-12T23:35:00+08:00,COLLIE_ESR5,-250.0,97.36,1,9557672e-aee3-487e-891c-a03a79b79c24,IN-SERVICE,NOT APPLICABLE,98.61,0.0
2026-06-12T23:35:00+08:00,COLLIE_ESR5,250.0,113.25,2,9557672e-aee3-487e-891c-a03a79b79c24,IN-SERVICE,NOT APPLICABLE,114.71,0.0
2026-06-12T23:40:00+08:00,KWINANA_ESR1,-100.0,99.33,1,7eeb8231-36b9-40ac-ac46-ab0664c8915b,IN-SERVICE,NOT APPLICABLE,99.65,0.0
2026-06-12T23:40:00+08:00,KWINANA_ESR1,100.0,114.09,2,7eeb8231-36b9-40ac-ac46-ab0664c8915b,IN-SERVICE,NOT APPLICABLE,114.46,0.0
2026-06-12T23:40:00+08:00,COLLIE_ESR1,0.0,-987.3,1,44c1b977-4208-446f-b3f0-8c6089810e01,IN-SERVICE,NON-LIQUID,-1000.0,
2026-06-12T23:40:00+08:00,COLLIE_ESR1,-100.0,-42.46,2,44c1b977-4208-446f-b3f0-8c6089810e01,IN-SERVICE,NON-LIQUID,-43.01,
2026-06-12T23:40:00+08:00,COLLIE_ESR1,-100.0,-10.0,3,44c1b977-4208-446f-b3f0-8c6089810e01,IN-SERVICE,NON-LIQUID,-10.13,
2026-06-12T23:40:00+08:00,COLLIE_ESR1,0.0,34.02,4,44c1b977-4208-446f-b3f0-8c6089810e01,IN-SERVICE,NON-LIQUID,34.46,
2026-06-12T23:40:00+08:00,COLLIE_ESR1,0.0,60.0,5,44c1b977-4208-446f-b3f0-8c6089810e01,IN-SERVICE,NON-LIQUID,60.77,
2026-06-12T23:40:00+08:00,COLLIE_ESR1,100.0,150.0,6,44c1b977-4208-446f-b3f0-8c6089810e01,IN-SERVICE,NON-LIQUID,151.93,
2026-06-12T23:40:00+08:00,COLLIE_ESR1,100.0,250.0,7,44c1b977-4208-446f-b3f0-8c6089810e01,IN-SERVICE,NON-LIQUID,253.22,
2026-06-12T23:40:00+08:00,COLLIE_ESR1,0.0,400.0,8,44c1b977-4208-446f-b3f0-8c6089810e01,IN-SERVICE,NON-LIQUID,405.15,
2026-06-12T23:40:00+08:00,COLLIE_ESR1,0.0,622.0,9,44c1b977-4208-446f-b3f0-8c6089810e01,IN-SERVICE,NON-LIQUID,630.0,
2026-06-12T23:40:00+08:00,COLLIE_ESR1,0.0,1678.41,10,44c1b977-4208-446f-b3f0-8c6089810e01,IN-SERVICE,NON-LIQUID,1700.0,
2026-06-12T23:40:00+08:00,KWINANA_ESR2,-225.0,99.28,1,c1d2dc9b-c536-46a2-b91e-41c3d7346018,IN-SERVICE,NOT APPLICABLE,99.5,0.0
2026-06-12T23:40:00+08:00,KWINANA_ESR2,225.0,114.73,2,c1d2dc9b-c536-46a2-b91e-41c3d7346018,IN-SERVICE,NOT APPLICABLE,114.98,0.0
2026-06-12T23:40:00+08:00,COLLIE_BESS2,0.0,-987.3,1,34e15633-4077-4d4c-a1a2-b303aae6acd8,IN-SERVICE,NON-LIQUID,-1000.0,
2026-06-12T23:40:00+08:00,COLLIE_BESS2,-150.0,-42.46,2,34e15633-4077-4d4c-a1a2-b303aae6acd8,IN-SERVICE,NON-LIQUID,-43.01,
2026-06-12T23:40:00+08:00,COLLIE_BESS2,-150.0,-10.0,3,34e15633-4077-4d4c-a1a2-b303aae6acd8,IN-SERVICE,NON-LIQUID,-10.13,
2026-06-12T23:40:00+08:00,COLLIE_BESS2,0.0,34.02,4,34e15633-4077-4d4c-a1a2-b303aae6acd8,IN-SERVICE,NON-LIQUID,34.46,
2026-06-12T23:40:00+08:00,COLLIE_BESS2,0.0,60.0,5,34e15633-4077-4d4c-a1a2-b303aae6acd8,IN-SERVICE,NON-LIQUID,60.77,
2026-06-12T23:40:00+08:00,COLLIE_BESS2,150.0,150.0,6,34e15633-4077-4d4c-a1a2-b303aae6acd8,IN-SERVICE,NON-LIQUID,151.93,
2026-06-12T23:40:00+08:00,COLLIE_BESS2,150.0,250.0,7,34e15633-4077-4d4c-a1a2-b303aae6acd8,IN-SERVICE,NON-LIQUID,253.22,
2026-06-12T23:40:00+08:00,COLLIE_BESS2,0.0,377.74,8,34e15633-4077-4d4c-a1a2-b303aae6acd8,IN-SERVICE,NON-LIQUID,382.6,
2026-06-12T23:40:00+08:00,COLLIE_BESS2,0.0,622.0,9,34e15633-4077-4d4c-a1a2-b303aae6acd8,IN-SERVICE,NON-LIQUID,630.0,
2026-06-12T23:40:00+08:00,COLLIE_BESS2,0.0,1678.41,10,34e15633-4077-4d4c-a1a2-b303aae6acd8,IN-SERVICE,NON-LIQUID,1700.0,
2026-06-12T23:40:00+08:00,COLLIE_ESR4,-250.0,98.2,1,c889dfc5-817b-40a8-aec3-39babd2c1753,IN-SERVICE,NOT APPLICABLE,99.46,0.0
2026-06-12T23:40:00+08:00,COLLIE_ESR4,250.0,113.56,2,c889dfc5-817b-40a8-aec3-39babd2c1753,IN-SERVICE,NOT APPLICABLE,115.02,0.0
2026-06-12T23:40:00+08:00,COLLIE_ESR5,-250.0,98.32,1,4715a7c6-e1dc-4214-b0fb-a361b52ffb8b,IN-SERVICE,NOT APPLICABLE,99.58,0.0
2026-06-12T23:40:00+08:00,COLLIE_ESR5,250.0,120.74,2,4715a7c6-e1dc-4214-b0fb-a361b52ffb8b,IN-SERVICE,NOT APPLICABLE,122.29,0.0
2026-06-12T23:45:00+08:00,KWINANA_ESR1,-100.0,99.33,1,7eeb8231-36b9-40ac-ac46-ab0664c8915b,IN-SERVICE,NOT APPLICABLE,99.65,0.0
2026-06-12T23:45:00+08:00,KWINANA_ESR1,100.0,114.09,2,7eeb8231-36b9-40ac-ac46-ab0664c8915b,IN-SERVICE,NOT APPLICABLE,114.46,0.0
2026-06-12T23:45:00+08:00,COLLIE_ESR1,0.0,-987.3,1,e4970474-8bbc-468f-8610-a43abcb857c6,IN-SERVICE,NON-LIQUID,-1000.0,
2026-06-12T23:45:00+08:00,COLLIE_ESR1,-100.0,-42.46,2,e4970474-8bbc-468f-8610-a43abcb857c6,IN-SERVICE,NON-LIQUID,-43.01,
2026-06-12T23:45:00+08:00,COLLIE_ESR1,-100.0,-10.0,3,e4970474-8bbc-468f-8610-a43abcb857c6,IN-SERVICE,NON-LIQUID,-10.13,
2026-06-12T23:45:00+08:00,COLLIE_ESR1,0.0,34.02,4,e4970474-8bbc-468f-8610-a43abcb857c6,IN-SERVICE,NON-LIQUID,34.46,
2026-06-12T23:45:00+08:00,COLLIE_ESR1,0.0,60.0,5,e4970474-8bbc-468f-8610-a43abcb857c6,IN-SERVICE,NON-LIQUID,60.77,
2026-06-12T23:45:00+08:00,COLLIE_ESR1,100.0,150.0,6,e4970474-8bbc-468f-8610-a43abcb857c6,IN-SERVICE,NON-LIQUID,151.93,
2026-06-12T23:45:00+08:00,COLLIE_ESR1,100.0,250.0,7,e4970474-8bbc-468f-8610-a43abcb857c6,IN-SERVICE,NON-LIQUID,253.22,
2026-06-12T23:45:00+08:00,COLLIE_ESR1,0.0,400.0,8,e4970474-8bbc-468f-8610-a43abcb857c6,IN-SERVICE,NON-LIQUID,405.15,
2026-06-12T23:45:00+08:00,COLLIE_ESR1,0.0,622.0,9,e4970474-8bbc-468f-8610-a43abcb857c6,IN-SERVICE,NON-LIQUID,630.0,
2026-06-12T23:45:00+08:00,COLLIE_ESR1,0.0,1678.41,10,e4970474-8bbc-468f-8610-a43abcb857c6,IN-SERVICE,NON-LIQUID,1700.0,
2026-06-12T23:45:00+08:00,KWINANA_ESR2,-225.0,99.28,1,c1d2dc9b-c536-46a2-b91e-41c3d7346018,IN-SERVICE,NOT APPLICABLE,99.5,0.0
2026-06-12T23:45:00+08:00,KWINANA_ESR2,225.0,114.73,2,c1d2dc9b-c536-46a2-b91e-41c3d7346018,IN-SERVICE,NOT APPLICABLE,114.98,0.0
2026-06-12T23:45:00+08:00,COLLIE_BESS2,0.0,-987.3,1,d1d713df-83d9-46f0-8ff6-df6791f185a5,IN-SERVICE,NON-LIQUID,-1000.0,
2026-06-12T23:45:00+08:00,COLLIE_BESS2,-150.0,-42.46,2,d1d713df-83d9-46f0-8ff6-df6791f185a5,IN-SERVICE,NON-LIQUID,-43.01,
2026-06-12T23:45:00+08:00,COLLIE_BESS2,-150.0,-10.0,3,d1d713df-83d9-46f0-8ff6-df6791f185a5,IN-SERVICE,NON-LIQUID,-10.13,
2026-06-12T23:45:00+08:00,COLLIE_BESS2,0.0,34.02,4,d1d713df-83d9-46f0-8ff6-df6791f185a5,IN-SERVICE,NON-LIQUID,34.46,
2026-06-12T23:45:00+08:00,COLLIE_BESS2,0.0,60.0,5,d1d713df-83d9-46f0-8ff6-df6791f185a5,IN-SERVICE,NON-LIQUID,60.77,
2026-06-12T23:45:00+08:00,COLLIE_BESS2,150.0,150.0,6,d1d713df-83d9-46f0-8ff6-df6791f185a5,IN-SERVICE,NON-LIQUID,151.93,
2026-06-12T23:45:00+08:00,COLLIE_BESS2,150.0,250.0,7,d1d713df-83d9-46f0-8ff6-df6791f185a5,IN-SERVICE,NON-LIQUID,253.22,
2026-06-12T23:45:00+08:00,COLLIE_BESS2,0.0,377.74,8,d1d713df-83d9-46f0-8ff6-df6791f185a5,IN-SERVICE,NON-LIQUID,382.6,
2026-06-12T23:45:00+08:00,COLLIE_BESS2,0.0,622.0,9,d1d713df-83d9-46f0-8ff6-df6791f185a5,IN-SERVICE,NON-LIQUID,630.0,
2026-06-12T23:45:00+08:00,COLLIE_BESS2,0.0,1678.41,10,d1d713df-83d9-46f0-8ff6-df6791f185a5,IN-SERVICE,NON-LIQUID,1700.0,
2026-06-12T23:45:00+08:00,COLLIE_ESR4,-250.0,98.2,1,c889dfc5-817b-40a8-aec3-39babd2c1753,IN-SERVICE,NOT APPLICABLE,99.46,0.0
2026-06-12T23:45:00+08:00,COLLIE_ESR4,250.0,113.56,2,c889dfc5-817b-40a8-aec3-39babd2c1753,IN-SERVICE,NOT APPLICABLE,115.02,0.0
2026-06-12T23:45:00+08:00,COLLIE_ESR5,-250.0,98.32,1,4715a7c6-e1dc-4214-b0fb-a361b52ffb8b,IN-SERVICE,NOT APPLICABLE,99.58,0.0
2026-06-12T23:45:00+08:00,COLLIE_ESR5,250.0,120.74,2,4715a7c6-e1dc-4214-b0fb-a361b52ffb8b,IN-SERVICE,NOT APPLICABLE,122.29,0.0
2026-06-12T23:50:00+08:00,KWINANA_ESR1,-100.0,99.33,1,7eeb8231-36b9-40ac-ac46-ab0664c8915b,IN-SERVICE,NOT APPLICABLE,99.65,0.0
2026-06-12T23:50:00+08:00,KWINANA_ESR1,100.0,114.09,2,7eeb8231-36b9-40ac-ac46-ab0664c8915b,IN-SERVICE,NOT APPLICABLE,114.46,0.0
2026-06-12T23:50:00+08:00,COLLIE_ESR1,0.0,-987.3,1,fb45e5fd-f1da-4ca2-9f73-85da23b984b5,IN-SERVICE,NON-LIQUID,-1000.0,
2026-06-12T23:50:00+08:00,COLLIE_ESR1,-100.0,-42.46,2,fb45e5fd-f1da-4ca2-9f73-85da23b984b5,IN-SERVICE,NON-LIQUID,-43.01,
2026-06-12T23:50:00+08:00,COLLIE_ESR1,-100.0,-10.0,3,fb45e5fd-f1da-4ca2-9f73-85da23b984b5,IN-SERVICE,NON-LIQUID,-10.13,
2026-06-12T23:50:00+08:00,COLLIE_ESR1,0.0,34.02,4,fb45e5fd-f1da-4ca2-9f73-85da23b984b5,IN-SERVICE,NON-LIQUID,34.46,
2026-06-12T23:50:00+08:00,COLLIE_ESR1,0.0,60.0,5,fb45e5fd-f1da-4ca2-9f73-85da23b984b5,IN-SERVICE,NON-LIQUID,60.77,
2026-06-12T23:50:00+08:00,COLLIE_ESR1,100.0,150.0,6,fb45e5fd-f1da-4ca2-9f73-85da23b984b5,IN-SERVICE,NON-LIQUID,151.93,
2026-06-12T23:50:00+08:00,COLLIE_ESR1,100.0,250.0,7,fb45e5fd-f1da-4ca2-9f73-85da23b984b5,IN-SERVICE,NON-LIQUID,253.22,
2026-06-12T23:50:00+08:00,COLLIE_ESR1,0.0,400.0,8,fb45e5fd-f1da-4ca2-9f73-85da23b984b5,IN-SERVICE,NON-LIQUID,405.15,
2026-06-12T23:50:00+08:00,COLLIE_ESR1,0.0,622.0,9,fb45e5fd-f1da-4ca2-9f73-85da23b984b5,IN-SERVICE,NON-LIQUID,630.0,
2026-06-12T23:50:00+08:00,COLLIE_ESR1,0.0,1678.41,10,fb45e5fd-f1da-4ca2-9f73-85da23b984b5,IN-SERVICE,NON-LIQUID,1700.0,
2026-06-12T23:50:00+08:00,KWINANA_ESR2,-225.0,99.28,1,c1d2dc9b-c536-46a2-b91e-41c3d7346018,IN-SERVICE,NOT APPLICABLE,99.5,0.0
2026-06-12T23:50:00+08:00,KWINANA_ESR2,225.0,114.73,2,c1d2dc9b-c536-46a2-b91e-41c3d7346018,IN-SERVICE,NOT APPLICABLE,114.98,0.0
2026-06-12T23:50:00+08:00,COLLIE_BESS2,0.0,-987.3,1,95d7e717-d7cf-400b-8c3b-41bf3f62cea7,IN-SERVICE,NON-LIQUID,-1000.0,
2026-06-12T23:50:00+08:00,COLLIE_BESS2,-150.0,-42.46,2,95d7e717-d7cf-400b-8c3b-41bf3f62cea7,IN-SERVICE,NON-LIQUID,-43.01,
2026-06-12T23:50:00+08:00,COLLIE_BESS2,-150.0,-10.0,3,95d7e717-d7cf-400b-8c3b-41bf3f62cea7,IN-SERVICE,NON-LIQUID,-10.13,
2026-06-12T23:50:00+08:00,COLLIE_BESS2,0.0,34.02,4,95d7e717-d7cf-400b-8c3b-41bf3f62cea7,IN-SERVICE,NON-LIQUID,34.46,
2026-06-12T23:50:00+08:00,COLLIE_BESS2,0.0,60.0,5,95d7e717-d7cf-400b-8c3b-41bf3f62cea7,IN-SERVICE,NON-LIQUID,60.77,
2026-06-12T23:50:00+08:00,COLLIE_BESS2,150.0,150.0,6,95d7e717-d7cf-400b-8c3b-41bf3f62cea7,IN-SERVICE,NON-LIQUID,151.93,
2026-06-12T23:50:00+08:00,COLLIE_BESS2,150.0,250.0,7,95d7e717-d7cf-400b-8c3b-41bf3f62cea7,IN-SERVICE,NON-LIQUID,253.22,
2026-06-12T23:50:00+08:00,COLLIE_BESS2,0.0,377.74,8,95d7e717-d7cf-400b-8c3b-41bf3f62cea7,IN-SERVICE,NON-LIQUID,382.6,
2026-06-12T23:50:00+08:00,COLLIE_BESS2,0.0,622.0,9,95d7e717-d7cf-400b-8c3b-41bf3f62cea7,IN-SERVICE,NON-LIQUID,630.0,
2026-06-12T23:50:00+08:00,COLLIE_BESS2,0.0,1678.41,10,95d7e717-d7cf-400b-8c3b-41bf3f62cea7,IN-SERVICE,NON-LIQUID,1700.0,
2026-06-12T23:50:00+08:00,COLLIE_ESR4,-250.0,98.2,1,c889dfc5-817b-40a8-aec3-39babd2c1753,IN-SERVICE,NOT APPLICABLE,99.46,0.0
2026-06-12T23:50:00+08:00,COLLIE_ESR4,250.0,113.56,2,c889dfc5-817b-40a8-aec3-39babd2c1753,IN-SERVICE,NOT APPLICABLE,115.02,0.0
2026-06-12T23:50:00+08:00,COLLIE_ESR5,-250.0,98.32,1,4715a7c6-e1dc-4214-b0fb-a361b52ffb8b,IN-SERVICE,NOT APPLICABLE,99.58,0.0
2026-06-12T23:50:00+08:00,COLLIE_ESR5,250.0,120.74,2,4715a7c6-e1dc-4214-b0fb-a361b52ffb8b,IN-SERVICE,NOT APPLICABLE,122.29,0.0
2026-06-12T23:55:00+08:00,KWINANA_ESR1,-100.0,99.25,1,b6d4d188-b8fd-483f-a527-aae5ac68a93c,IN-SERVICE,NOT APPLICABLE,99.57,0.0
2026-06-12T23:55:00+08:00,KWINANA_ESR1,100.0,114.01,2,b6d4d188-b8fd-483f-a527-aae5ac68a93c,IN-SERVICE,NOT APPLICABLE,114.38,0.0
2026-06-12T23:55:00+08:00,COLLIE_ESR1,0.0,-987.3,1,e016a44b-5433-448e-aec4-904f44a6d365,IN-SERVICE,NON-LIQUID,-1000.0,
2026-06-12T23:55:00+08:00,COLLIE_ESR1,-100.0,-42.46,2,e016a44b-5433-448e-aec4-904f44a6d365,IN-SERVICE,NON-LIQUID,-43.01,
2026-06-12T23:55:00+08:00,COLLIE_ESR1,-100.0,-10.0,3,e016a44b-5433-448e-aec4-904f44a6d365,IN-SERVICE,NON-LIQUID,-10.13,
2026-06-12T23:55:00+08:00,COLLIE_ESR1,0.0,34.02,4,e016a44b-5433-448e-aec4-904f44a6d365,IN-SERVICE,NON-LIQUID,34.46,
2026-06-12T23:55:00+08:00,COLLIE_ESR1,0.0,60.0,5,e016a44b-5433-448e-aec4-904f44a6d365,IN-SERVICE,NON-LIQUID,60.77,
2026-06-12T23:55:00+08:00,COLLIE_ESR1,100.0,150.0,6,e016a44b-5433-448e-aec4-904f44a6d365,IN-SERVICE,NON-LIQUID,151.93,
2026-06-12T23:55:00+08:00,COLLIE_ESR1,100.0,250.0,7,e016a44b-5433-448e-aec4-904f44a6d365,IN-SERVICE,NON-LIQUID,253.22,
2026-06-12T23:55:00+08:00,COLLIE_ESR1,0.0,400.0,8,e016a44b-5433-448e-aec4-904f44a6d365,IN-SERVICE,NON-LIQUID,405.15,
2026-06-12T23:55:00+08:00,COLLIE_ESR1,0.0,622.0,9,e016a44b-5433-448e-aec4-904f44a6d365,IN-SERVICE,NON-LIQUID,630.0,
2026-06-12T23:55:00+08:00,COLLIE_ESR1,0.0,1678.41,10,e016a44b-5433-448e-aec4-904f44a6d365,IN-SERVICE,NON-LIQUID,1700.0,
2026-06-12T23:55:00+08:00,KWINANA_ESR2,-225.0,99.28,1,3df66591-3412-44f6-a7d4-6dcdef44e848,IN-SERVICE,NOT APPLICABLE,99.5,0.0
2026-06-12T23:55:00+08:00,KWINANA_ESR2,225.0,122.1,2,3df66591-3412-44f6-a7d4-6dcdef44e848,IN-SERVICE,NOT APPLICABLE,122.37,0.0
2026-06-12T23:55:00+08:00,COLLIE_BESS2,0.0,-987.3,1,9fac0ee3-f3b8-44de-92ac-e8e138c03405,IN-SERVICE,NON-LIQUID,-1000.0,
2026-06-12T23:55:00+08:00,COLLIE_BESS2,-150.0,-42.46,2,9fac0ee3-f3b8-44de-92ac-e8e138c03405,IN-SERVICE,NON-LIQUID,-43.01,
2026-06-12T23:55:00+08:00,COLLIE_BESS2,-150.0,-10.0,3,9fac0ee3-f3b8-44de-92ac-e8e138c03405,IN-SERVICE,NON-LIQUID,-10.13,
2026-06-12T23:55:00+08:00,COLLIE_BESS2,0.0,34.02,4,9fac0ee3-f3b8-44de-92ac-e8e138c03405,IN-SERVICE,NON-LIQUID,34.46,
2026-06-12T23:55:00+08:00,COLLIE_BESS2,0.0,60.0,5,9fac0ee3-f3b8-44de-92ac-e8e138c03405,IN-SERVICE,NON-LIQUID,60.77,
2026-06-12T23:55:00+08:00,COLLIE_BESS2,150.0,150.0,6,9fac0ee3-f3b8-44de-92ac-e8e138c03405,IN-SERVICE,NON-LIQUID,151.93,
2026-06-12T23:55:00+08:00,COLLIE_BESS2,150.0,250.0,7,9fac0ee3-f3b8-44de-92ac-e8e138c03405,IN-SERVICE,NON-LIQUID,253.22,
2026-06-12T23:55:00+08:00,COLLIE_BESS2,0.0,377.74,8,9fac0ee3-f3b8-44de-92ac-e8e138c03405,IN-SERVICE,NON-LIQUID,382.6,
2026-06-12T23:55:00+08:00,COLLIE_BESS2,0.0,622.0,9,9fac0ee3-f3b8-44de-92ac-e8e138c03405,IN-SERVICE,NON-LIQUID,630.0,
2026-06-12T23:55:00+08:00,COLLIE_BESS2,0.0,1678.41,10,9fac0ee3-f3b8-44de-92ac-e8e138c03405,IN-SERVICE,NON-LIQUID,1700.0,
2026-06-12T23:55:00+08:00,COLLIE_ESR4,-250.0,98.2,1,3c13fbcf-706a-49ff-8310-144ea744005e,IN-SERVICE,NOT APPLICABLE,99.46,0.0
2026-06-12T23:55:00+08:00,COLLIE_ESR4,250.0,113.56,2,3c13fbcf-706a-49ff-8310-144ea744005e,IN-SERVICE,NOT APPLICABLE,115.02,0.0
2026-06-12T23:55:00+08:00,COLLIE_ESR5,-250.0,105.61,1,c3b43b7f-711c-4833-91ae-2b773cb62105,IN-SERVICE,NOT APPLICABLE,106.97,0.0
2026-06-12T23:55:00+08:00,COLLIE_ESR5,250.0,120.74,2,c3b43b7f-711c-4833-91ae-2b773cb62105,IN-SERVICE,NOT APPLICABLE,122.29,0.0
2026-06-13T00:00:00+08:00,KWINANA_ESR1,-100.0,99.34,1,b6d4d188-b8fd-483f-a527-aae5ac68a93c,IN-SERVICE,NOT APPLICABLE,99.66,0.0
2026-06-13T00:00:00+08:00,KWINANA_ESR1,100.0,114.1,2,b6d4d188-b8fd-483f-a527-aae5ac68a93c,IN-SERVICE,NOT APPLICABLE,114.47,0.0
2026-06-13T00:00:00+08:00,COLLIE_ESR1,0.0,-987.3,1,57943ba5-c7fc-4cd5-a917-910eb2a08602,IN-SERVICE,NON-LIQUID,-1000.0,
2026-06-13T00:00:00+08:00,COLLIE_ESR1,-100.0,-42.46,2,57943ba5-c7fc-4cd5-a917-910eb2a08602,IN-SERVICE,NON-LIQUID,-43.01,
2026-06-13T00:00:00+08:00,COLLIE_ESR1,-100.0,-10.0,3,57943ba5-c7fc-4cd5-a917-910eb2a08602,IN-SERVICE,NON-LIQUID,-10.13,
2026-06-13T00:00:00+08:00,COLLIE_ESR1,0.0,34.02,4,57943ba5-c7fc-4cd5-a917-910eb2a08602,IN-SERVICE,NON-LIQUID,34.46,
2026-06-13T00:00:00+08:00,COLLIE_ESR1,0.0,60.0,5,57943ba5-c7fc-4cd5-a917-910eb2a08602,IN-SERVICE,NON-LIQUID,60.77,
2026-06-13T00:00:00+08:00,COLLIE_ESR1,100.0,150.0,6,57943ba5-c7fc-4cd5-a917-910eb2a08602,IN-SERVICE,NON-LIQUID,151.93,
2026-06-13T00:00:00+08:00,COLLIE_ESR1,100.0,250.0,7,57943ba5-c7fc-4cd5-a917-910eb2a08602,IN-SERVICE,NON-LIQUID,253.22,
2026-06-13T00:00:00+08:00,COLLIE_ESR1,0.0,400.0,8,57943ba5-c7fc-4cd5-a917-910eb2a08602,IN-SERVICE,NON-LIQUID,405.15,
2026-06-13T00:00:00+08:00,COLLIE_ESR1,0.0,622.0,9,57943ba5-c7fc-4cd5-a917-910eb2a08602,IN-SERVICE,NON-LIQUID,630.0,
2026-06-13T00:00:00+08:00,COLLIE_ESR1,0.0,1678.41,10,57943ba5-c7fc-4cd5-a917-910eb2a08602,IN-SERVICE,NON-LIQUID,1700.0,
2026-06-13T00:00:00+08:00,KWINANA_ESR2,-225.0,99.28,1,3df66591-3412-44f6-a7d4-6dcdef44e848,IN-SERVICE,NOT APPLICABLE,99.5,0.0
2026-06-13T00:00:00+08:00,KWINANA_ESR2,225.0,122.1,2,3df66591-3412-44f6-a7d4-6dcdef44e848,IN-SERVICE,NOT APPLICABLE,122.37,0.0
2026-06-13T00:00:00+08:00,COLLIE_BESS2,0.0,-987.3,1,f523f3b7-36ab-48a7-b29d-b0f7728cbf2c,IN-SERVICE,NON-LIQUID,-1000.0,
2026-06-13T00:00:00+08:00,COLLIE_BESS2,-150.0,-42.46,2,f523f3b7-36ab-48a7-b29d-b0f7728cbf2c,IN-SERVICE,NON-LIQUID,-43.01,
2026-06-13T00:00:00+08:00,COLLIE_BESS2,-150.0,-10.0,3,f523f3b7-36ab-48a7-b29d-b0f7728cbf2c,IN-SERVICE,NON-LIQUID,-10.13,
2026-06-13T00:00:00+08:00,COLLIE_BESS2,0.0,34.02,4,f523f3b7-36ab-48a7-b29d-b0f7728cbf2c,IN-SERVICE,NON-LIQUID,34.46,
2026-06-13T00:00:00+08:00,COLLIE_BESS2,0.0,60.0,5,f523f3b7-36ab-48a7-b29d-b0f7728cbf2c,IN-SERVICE,NON-LIQUID,60.77,
2026-06-13T00:00:00+08:00,COLLIE_BESS2,150.0,150.0,6,f523f3b7-36ab-48a7-b29d-b0f7728cbf2c,IN-SERVICE,NON-LIQUID,151.93,
2026-06-13T00:00:00+08:00,COLLIE_BESS2,150.0,250.0,7,f523f3b7-36ab-48a7-b29d-b0f7728cbf2c,IN-SERVICE,NON-LIQUID,253.22,
2026-06-13T00:00:00+08:00,COLLIE_BESS2,0.0,377.74,8,f523f3b7-36ab-48a7-b29d-b0f7728cbf2c,IN-SERVICE,NON-LIQUID,382.6,
2026-06-13T00:00:00+08:00,COLLIE_BESS2,0.0,622.0,9,f523f3b7-36ab-48a7-b29d-b0f7728cbf2c,IN-SERVICE,NON-LIQUID,630.0,
2026-06-13T00:00:00+08:00,COLLIE_BESS2,0.0,1678.41,10,f523f3b7-36ab-48a7-b29d-b0f7728cbf2c,IN-SERVICE,NON-LIQUID,1700.0,
2026-06-13T00:00:00+08:00,COLLIE_ESR4,-250.0,105.49,1,3c13fbcf-706a-49ff-8310-144ea744005e,IN-SERVICE,NOT APPLICABLE,106.85,0.0
2026-06-13T00:00:00+08:00,COLLIE_ESR4,250.0,120.86,2,3c13fbcf-706a-49ff-8310-144ea744005e,IN-SERVICE,NOT APPLICABLE,122.41,0.0
2026-06-13T00:00:00+08:00,COLLIE_ESR5,-250.0,105.61,1,c3b43b7f-711c-4833-91ae-2b773cb62105,IN-SERVICE,NOT APPLICABLE,106.97,0.0
2026-06-13T00:00:00+08:00,COLLIE_ESR5,250.0,120.74,2,c3b43b7f-711c-4833-91ae-2b773cb62105,IN-SERVICE,NOT APPLICABLE,122.29,0.0
2026-06-13T00:05:00+08:00,KWINANA_ESR1,-100.0,99.34,1,b6d4d188-b8fd-483f-a527-aae5ac68a93c,IN-SERVICE,NOT APPLICABLE,99.66,0.0
2026-06-13T00:05:00+08:00,KWINANA_ESR1,100.0,114.1,2,b6d4d188-b8fd-483f-a527-aae5ac68a93c,IN-SERVICE,NOT APPLICABLE,114.47,0.0
2026-06-13T00:05:00+08:00,COLLIE_ESR1,0.0,-987.3,1,5548db01-23fb-4bfe-84d6-5ea7e9e51379,IN-SERVICE,NON-LIQUID,-1000.0,
2026-06-13T00:05:00+08:00,COLLIE_ESR1,-100.0,-42.46,2,5548db01-23fb-4bfe-84d6-5ea7e9e51379,IN-SERVICE,NON-LIQUID,-43.01,
2026-06-13T00:05:00+08:00,COLLIE_ESR1,-100.0,-10.0,3,5548db01-23fb-4bfe-84d6-5ea7e9e51379,IN-SERVICE,NON-LIQUID,-10.13,
2026-06-13T00:05:00+08:00,COLLIE_ESR1,0.0,34.02,4,5548db01-23fb-4bfe-84d6-5ea7e9e51379,IN-SERVICE,NON-LIQUID,34.46,
2026-06-13T00:05:00+08:00,COLLIE_ESR1,0.0,60.0,5,5548db01-23fb-4bfe-84d6-5ea7e9e51379,IN-SERVICE,NON-LIQUID,60.77,
2026-06-13T00:05:00+08:00,COLLIE_ESR1,100.0,150.0,6,5548db01-23fb-4bfe-84d6-5ea7e9e51379,IN-SERVICE,NON-LIQUID,151.93,
2026-06-13T00:05:00+08:00,COLLIE_ESR1,100.0,250.0,7,5548db01-23fb-4bfe-84d6-5ea7e9e51379,IN-SERVICE,NON-LIQUID,253.22,
2026-06-13T00:05:00+08:00,COLLIE_ESR1,0.0,400.0,8,5548db01-23fb-4bfe-84d6-5ea7e9e51379,IN-SERVICE,NON-LIQUID,405.15,
2026-06-13T00:05:00+08:00,COLLIE_ESR1,0.0,622.0,9,5548db01-23fb-4bfe-84d6-5ea7e9e51379,IN-SERVICE,NON-LIQUID,630.0,
2026-06-13T00:05:00+08:00,COLLIE_ESR1,0.0,1678.41,10,5548db01-23fb-4bfe-84d6-5ea7e9e51379,IN-SERVICE,NON-LIQUID,1700.0,
2026-06-13T00:05:00+08:00,KWINANA_ESR2,-225.0,99.28,1,3df66591-3412-44f6-a7d4-6dcdef44e848,IN-SERVICE,NOT APPLICABLE,99.5,0.0
2026-06-13T00:05:00+08:00,KWINANA_ESR2,225.0,122.1,2,3df66591-3412-44f6-a7d4-6dcdef44e848,IN-SERVICE,NOT APPLICABLE,122.37,0.0
2026-06-13T00:05:00+08:00,COLLIE_BESS2,0.0,-987.3,1,35181a1a-b1db-4e52-874b-6bd4c595e330,IN-SERVICE,NON-LIQUID,-1000.0,
2026-06-13T00:05:00+08:00,COLLIE_BESS2,-150.0,-42.46,2,35181a1a-b1db-4e52-874b-6bd4c595e330,IN-SERVICE,NON-LIQUID,-43.01,
2026-06-13T00:05:00+08:00,COLLIE_BESS2,-150.0,-10.0,3,35181a1a-b1db-4e52-874b-6bd4c595e330,IN-SERVICE,NON-LIQUID,-10.13,
2026-06-13T00:05:00+08:00,COLLIE_BESS2,0.0,34.02,4,35181a1a-b1db-4e52-874b-6bd4c595e330,IN-SERVICE,NON-LIQUID,34.46,
2026-06-13T00:05:00+08:00,COLLIE_BESS2,0.0,60.0,5,35181a1a-b1db-4e52-874b-6bd4c595e330,IN-SERVICE,NON-LIQUID,60.77,
2026-06-13T00:05:00+08:00,COLLIE_BESS2,150.0,150.0,6,35181a1a-b1db-4e52-874b-6bd4c595e330,IN-SERVICE,NON-LIQUID,151.93,
2026-06-13T00:05:00+08:00,COLLIE_BESS2,150.0,250.0,7,35181a1a-b1db-4e52-874b-6bd4c595e330,IN-SERVICE,NON-LIQUID,253.22,
2026-06-13T00:05:00+08:00,COLLIE_BESS2,0.0,377.74,8,35181a1a-b1db-4e52-874b-6bd4c595e330,IN-SERVICE,NON-LIQUID,382.6,
2026-06-13T00:05:00+08:00,COLLIE_BESS2,0.0,622.0,9,35181a1a-b1db-4e52-874b-6bd4c595e330,IN-SERVICE,NON-LIQUID,630.0,
2026-06-13T00:05:00+08:00,COLLIE_BESS2,0.0,1678.41,10,35181a1a-b1db-4e52-874b-6bd4c595e330,IN-SERVICE,NON-LIQUID,1700.0,
2026-06-13T00:05:00+08:00,COLLIE_ESR4,-250.0,105.49,1,3c13fbcf-706a-49ff-8310-144ea744005e,IN-SERVICE,NOT APPLICABLE,106.85,0.0
2026-06-13T00:05:00+08:00,COLLIE_ESR4,250.0,120.86,2,3c13fbcf-706a-49ff-8310-144ea744005e,IN-SERVICE,NOT APPLICABLE,122.41,0.0
2026-06-13T00:05:00+08:00,COLLIE_ESR5,-250.0,105.61,1,c3b43b7f-711c-4833-91ae-2b773cb62105,IN-SERVICE,NOT APPLICABLE,106.97,0.0
2026-06-13T00:05:00+08:00,COLLIE_ESR5,250.0,120.74,2,c3b43b7f-711c-4833-91ae-2b773cb62105,IN-SERVICE,NOT APPLICABLE,122.29,0.0
2026-06-13T00:10:00+08:00,KWINANA_ESR1,-100.0,99.25,1,6cca9e8b-86cd-4674-8575-e49ad250fef4,IN-SERVICE,NOT APPLICABLE,99.57,0.0
2026-06-13T00:10:00+08:00,KWINANA_ESR1,100.0,114.01,2,6cca9e8b-86cd-4674-8575-e49ad250fef4,IN-SERVICE,NOT APPLICABLE,114.38,0.0
2026-06-13T00:10:00+08:00,COLLIE_ESR1,0.0,-987.3,1,1a9f1b4c-16a3-474c-9757-dcaee50251c5,IN-SERVICE,NON-LIQUID,-1000.0,
2026-06-13T00:10:00+08:00,COLLIE_ESR1,-100.0,-42.46,2,1a9f1b4c-16a3-474c-9757-dcaee50251c5,IN-SERVICE,NON-LIQUID,-43.01,
2026-06-13T00:10:00+08:00,COLLIE_ESR1,-100.0,-10.0,3,1a9f1b4c-16a3-474c-9757-dcaee50251c5,IN-SERVICE,NON-LIQUID,-10.13,
2026-06-13T00:10:00+08:00,COLLIE_ESR1,0.0,34.02,4,1a9f1b4c-16a3-474c-9757-dcaee50251c5,IN-SERVICE,NON-LIQUID,34.46,
2026-06-13T00:10:00+08:00,COLLIE_ESR1,0.0,60.0,5,1a9f1b4c-16a3-474c-9757-dcaee50251c5,IN-SERVICE,NON-LIQUID,60.77,
2026-06-13T00:10:00+08:00,COLLIE_ESR1,100.0,150.0,6,1a9f1b4c-16a3-474c-9757-dcaee50251c5,IN-SERVICE,NON-LIQUID,151.93,
2026-06-13T00:10:00+08:00,COLLIE_ESR1,100.0,250.0,7,1a9f1b4c-16a3-474c-9757-dcaee50251c5,IN-SERVICE,NON-LIQUID,253.22,
2026-06-13T00:10:00+08:00,COLLIE_ESR1,0.0,400.0,8,1a9f1b4c-16a3-474c-9757-dcaee50251c5,IN-SERVICE,NON-LIQUID,405.15,
2026-06-13T00:10:00+08:00,COLLIE_ESR1,0.0,622.0,9,1a9f1b4c-16a3-474c-9757-dcaee50251c5,IN-SERVICE,NON-LIQUID,630.0,
2026-06-13T00:10:00+08:00,COLLIE_ESR1,0.0,1678.41,10,1a9f1b4c-16a3-474c-9757-dcaee50251c5,IN-SERVICE,NON-LIQUID,1700.0,
2026-06-13T00:10:00+08:00,KWINANA_ESR2,-225.0,99.01,1,153af064-0019-4040-af21-fc2e475708a6,IN-SERVICE,NOT APPLICABLE,99.23,0.0
2026-06-13T00:10:00+08:00,KWINANA_ESR2,225.0,114.46,2,153af064-0019-4040-af21-fc2e475708a6,IN-SERVICE,NOT APPLICABLE,114.71,0.0
2026-06-13T00:10:00+08:00,COLLIE_BESS2,0.0,-987.3,1,956e080b-760c-4870-a4cd-35e21f39fe9d,IN-SERVICE,NON-LIQUID,-1000.0,
2026-06-13T00:10:00+08:00,COLLIE_BESS2,-150.0,-42.46,2,956e080b-760c-4870-a4cd-35e21f39fe9d,IN-SERVICE,NON-LIQUID,-43.01,
2026-06-13T00:10:00+08:00,COLLIE_BESS2,-150.0,-10.0,3,956e080b-760c-4870-a4cd-35e21f39fe9d,IN-SERVICE,NON-LIQUID,-10.13,
2026-06-13T00:10:00+08:00,COLLIE_BESS2,0.0,34.02,4,956e080b-760c-4870-a4cd-35e21f39fe9d,IN-SERVICE,NON-LIQUID,34.46,
2026-06-13T00:10:00+08:00,COLLIE_BESS2,0.0,60.0,5,956e080b-760c-4870-a4cd-35e21f39fe9d,IN-SERVICE,NON-LIQUID,60.77,
2026-06-13T00:10:00+08:00,COLLIE_BESS2,150.0,150.0,6,956e080b-760c-4870-a4cd-35e21f39fe9d,IN-SERVICE,NON-LIQUID,151.93,
2026-06-13T00:10:00+08:00,COLLIE_BESS2,150.0,250.0,7,956e080b-760c-4870-a4cd-35e21f39fe9d,IN-SERVICE,NON-LIQUID,253.22,
2026-06-13T00:10:00+08:00,COLLIE_BESS2,0.0,377.74,8,956e080b-760c-4870-a4cd-35e21f39fe9d,IN-SERVICE,NON-LIQUID,382.6,
2026-06-13T00:10:00+08:00,COLLIE_BESS2,0.0,622.0,9,956e080b-760c-4870-a4cd-35e21f39fe9d,IN-SERVICE,NON-LIQUID,630.0,
2026-06-13T00:10:00+08:00,COLLIE_BESS2,0.0,1678.41,10,956e080b-760c-4870-a4cd-35e21f39fe9d,IN-SERVICE,NON-LIQUID,1700.0,
2026-06-13T00:10:00+08:00,COLLIE_ESR4,-250.0,97.93,1,d4111aab-d0ec-40cb-a975-6dbd13028059,IN-SERVICE,NOT APPLICABLE,99.19,0.0
2026-06-13T00:10:00+08:00,COLLIE_ESR4,250.0,113.29,2,d4111aab-d0ec-40cb-a975-6dbd13028059,IN-SERVICE,NOT APPLICABLE,114.75,0.0
2026-06-13T00:10:00+08:00,COLLIE_ESR5,-250.0,98.05,1,b7540712-499e-47dc-b7a7-56c820238bab,IN-SERVICE,NOT APPLICABLE,99.31,0.0
2026-06-13T00:10:00+08:00,COLLIE_ESR5,250.0,113.17,2,b7540712-499e-47dc-b7a7-56c820238bab,IN-SERVICE,NOT APPLICABLE,114.63,0.0
2026-06-13T00:15:00+08:00,KWINANA_ESR1,-100.0,99.25,1,6cca9e8b-86cd-4674-8575-e49ad250fef4,IN-SERVICE,NOT APPLICABLE,99.57,0.0
2026-06-13T00:15:00+08:00,KWINANA_ESR1,100.0,114.01,2,6cca9e8b-86cd-4674-8575-e49ad250fef4,IN-SERVICE,NOT APPLICABLE,114.38,0.0
2026-06-13T00:15:00+08:00,COLLIE_ESR1,0.0,-987.3,1,93ed76eb-ee7c-4335-93b7-3d135ccd0cda,IN-SERVICE,NON-LIQUID,-1000.0,
2026-06-13T00:15:00+08:00,COLLIE_ESR1,-100.0,-42.46,2,93ed76eb-ee7c-4335-93b7-3d135ccd0cda,IN-SERVICE,NON-LIQUID,-43.01,
2026-06-13T00:15:00+08:00,COLLIE_ESR1,-100.0,-10.0,3,93ed76eb-ee7c-4335-93b7-3d135ccd0cda,IN-SERVICE,NON-LIQUID,-10.13,
2026-06-13T00:15:00+08:00,COLLIE_ESR1,0.0,34.02,4,93ed76eb-ee7c-4335-93b7-3d135ccd0cda,IN-SERVICE,NON-LIQUID,34.46,
2026-06-13T00:15:00+08:00,COLLIE_ESR1,0.0,60.0,5,93ed76eb-ee7c-4335-93b7-3d135ccd0cda,IN-SERVICE,NON-LIQUID,60.77,
2026-06-13T00:15:00+08:00,COLLIE_ESR1,100.0,150.0,6,93ed76eb-ee7c-4335-93b7-3d135ccd0cda,IN-SERVICE,NON-LIQUID,151.93,
2026-06-13T00:15:00+08:00,COLLIE_ESR1,100.0,250.0,7,93ed76eb-ee7c-4335-93b7-3d135ccd0cda,IN-SERVICE,NON-LIQUID,253.22,
2026-06-13T00:15:00+08:00,COLLIE_ESR1,0.0,400.0,8,93ed76eb-ee7c-4335-93b7-3d135ccd0cda,IN-SERVICE,NON-LIQUID,405.15,
2026-06-13T00:15:00+08:00,COLLIE_ESR1,0.0,622.0,9,93ed76eb-ee7c-4335-93b7-3d135ccd0cda,IN-SERVICE,NON-LIQUID,630.0,
2026-06-13T00:15:00+08:00,COLLIE_ESR1,0.0,1678.41,10,93ed76eb-ee7c-4335-93b7-3d135ccd0cda,IN-SERVICE,NON-LIQUID,1700.0,
2026-06-13T00:15:00+08:00,KWINANA_ESR2,-225.0,99.01,1,153af064-0019-4040-af21-fc2e475708a6,IN-SERVICE,NOT APPLICABLE,99.23,0.0
2026-06-13T00:15:00+08:00,KWINANA_ESR2,225.0,114.46,2,153af064-0019-4040-af21-fc2e475708a6,IN-SERVICE,NOT APPLICABLE,114.71,0.0
2026-06-13T00:15:00+08:00,COLLIE_BESS2,0.0,-987.3,1,5af14a7a-5dda-4025-880d-2d226dcd83d2,IN-SERVICE,NON-LIQUID,-1000.0,
2026-06-13T00:15:00+08:00,COLLIE_BESS2,-150.0,-42.46,2,5af14a7a-5dda-4025-880d-2d226dcd83d2,IN-SERVICE,NON-LIQUID,-43.01,
2026-06-13T00:15:00+08:00,COLLIE_BESS2,-150.0,-10.0,3,5af14a7a-5dda-4025-880d-2d226dcd83d2,IN-SERVICE,NON-LIQUID,-10.13,
2026-06-13T00:15:00+08:00,COLLIE_BESS2,0.0,34.02,4,5af14a7a-5dda-4025-880d-2d226dcd83d2,IN-SERVICE,NON-LIQUID,34.46,
2026-06-13T00:15:00+08:00,COLLIE_BESS2,0.0,60.0,5,5af14a7a-5dda-4025-880d-2d226dcd83d2,IN-SERVICE,NON-LIQUID,60.77,
2026-06-13T00:15:00+08:00,COLLIE_BESS2,150.0,150.0,6,5af14a7a-5dda-4025-880d-2d226dcd83d2,IN-SERVICE,NON-LIQUID,151.93,
2026-06-13T00:15:00+08:00,COLLIE_BESS2,150.0,250.0,7,5af14a7a-5dda-4025-880d-2d226dcd83d2,IN-SERVICE,NON-LIQUID,253.22,
2026-06-13T00:15:00+08:00,COLLIE_BESS2,0.0,377.74,8,5af14a7a-5dda-4025-880d-2d226dcd83d2,IN-SERVICE,NON-LIQUID,382.6,
2026-06-13T00:15:00+08:00,COLLIE_BESS2,0.0,622.0,9,5af14a7a-5dda-4025-880d-2d226dcd83d2,IN-SERVICE,NON-LIQUID,630.0,
2026-06-13T00:15:00+08:00,COLLIE_BESS2,0.0,1678.41,10,5af14a7a-5dda-4025-880d-2d226dcd83d2,IN-SERVICE,NON-LIQUID,1700.0,
2026-06-13T00:15:00+08:00,COLLIE_ESR4,-250.0,97.93,1,d4111aab-d0ec-40cb-a975-6dbd13028059,IN-SERVICE,NOT APPLICABLE,99.19,0.0
2026-06-13T00:15:00+08:00,COLLIE_ESR4,250.0,113.29,2,d4111aab-d0ec-40cb-a975-6dbd13028059,IN-SERVICE,NOT APPLICABLE,114.75,0.0
2026-06-13T00:15:00+08:00,COLLIE_ESR5,-250.0,98.05,1,b7540712-499e-47dc-b7a7-56c820238bab,IN-SERVICE,NOT APPLICABLE,99.31,0.0
2026-06-13T00:15:00+08:00,COLLIE_ESR5,250.0,113.17,2,b7540712-499e-47dc-b7a7-56c820238bab,IN-SERVICE,NOT APPLICABLE,114.63,0.0
2026-06-13T00:20:00+08:00,KWINANA_ESR1,-100.0,99.25,1,6cca9e8b-86cd-4674-8575-e49ad250fef4,IN-SERVICE,NOT APPLICABLE,99.57,0.0
2026-06-13T00:20:00+08:00,KWINANA_ESR1,100.0,114.01,2,6cca9e8b-86cd-4674-8575-e49ad250fef4,IN-SERVICE,NOT APPLICABLE,114.38,0.0
2026-06-13T00:20:00+08:00,COLLIE_ESR1,0.0,-987.3,1,4e43600a-c52b-4933-88b7-7dc4aeea7bf5,IN-SERVICE,NON-LIQUID,-1000.0,
2026-06-13T00:20:00+08:00,COLLIE_ESR1,-100.0,-42.46,2,4e43600a-c52b-4933-88b7-7dc4aeea7bf5,IN-SERVICE,NON-LIQUID,-43.01,
2026-06-13T00:20:00+08:00,COLLIE_ESR1,-100.0,-10.0,3,4e43600a-c52b-4933-88b7-7dc4aeea7bf5,IN-SERVICE,NON-LIQUID,-10.13,
2026-06-13T00:20:00+08:00,COLLIE_ESR1,0.0,34.02,4,4e43600a-c52b-4933-88b7-7dc4aeea7bf5,IN-SERVICE,NON-LIQUID,34.46,
2026-06-13T00:20:00+08:00,COLLIE_ESR1,0.0,60.0,5,4e43600a-c52b-4933-88b7-7dc4aeea7bf5,IN-SERVICE,NON-LIQUID,60.77,
2026-06-13T00:20:00+08:00,COLLIE_ESR1,100.0,150.0,6,4e43600a-c52b-4933-88b7-7dc4aeea7bf5,IN-SERVICE,NON-LIQUID,151.93,
2026-06-13T00:20:00+08:00,COLLIE_ESR1,100.0,250.0,7,4e43600a-c52b-4933-88b7-7dc4aeea7bf5,IN-SERVICE,NON-LIQUID,253.22,
2026-06-13T00:20:00+08:00,COLLIE_ESR1,0.0,400.0,8,4e43600a-c52b-4933-88b7-7dc4aeea7bf5,IN-SERVICE,NON-LIQUID,405.15,
2026-06-13T00:20:00+08:00,COLLIE_ESR1,0.0,622.0,9,4e43600a-c52b-4933-88b7-7dc4aeea7bf5,IN-SERVICE,NON-LIQUID,630.0,
2026-06-13T00:20:00+08:00,COLLIE_ESR1,0.0,1678.41,10,4e43600a-c52b-4933-88b7-7dc4aeea7bf5,IN-SERVICE,NON-LIQUID,1700.0,
2026-06-13T00:20:00+08:00,KWINANA_ESR2,-225.0,99.01,1,153af064-0019-4040-af21-fc2e475708a6,IN-SERVICE,NOT APPLICABLE,99.23,0.0
2026-06-13T00:20:00+08:00,KWINANA_ESR2,225.0,114.46,2,153af064-0019-4040-af21-fc2e475708a6,IN-SERVICE,NOT APPLICABLE,114.71,0.0
2026-06-13T00:20:00+08:00,COLLIE_BESS2,0.0,-987.3,1,77906d67-cfe9-47cc-9467-4e9f928e472f,IN-SERVICE,NON-LIQUID,-1000.0,
2026-06-13T00:20:00+08:00,COLLIE_BESS2,-150.0,-42.46,2,77906d67-cfe9-47cc-9467-4e9f928e472f,IN-SERVICE,NON-LIQUID,-43.01,
2026-06-13T00:20:00+08:00,COLLIE_BESS2,-150.0,-10.0,3,77906d67-cfe9-47cc-9467-4e9f928e472f,IN-SERVICE,NON-LIQUID,-10.13,
2026-06-13T00:20:00+08:00,COLLIE_BESS2,0.0,34.02,4,77906d67-cfe9-47cc-9467-4e9f928e472f,IN-SERVICE,NON-LIQUID,34.46,
2026-06-13T00:20:00+08:00,COLLIE_BESS2,0.0,60.0,5,77906d67-cfe9-47cc-9467-4e9f928e472f,IN-SERVICE,NON-LIQUID,60.77,
2026-06-13T00:20:00+08:00,COLLIE_BESS2,150.0,150.0,6,77906d67-cfe9-47cc-9467-4e9f928e472f,IN-SERVICE,NON-LIQUID,151.93,
2026-06-13T00:20:00+08:00,COLLIE_BESS2,150.0,250.0,7,77906d67-cfe9-47cc-9467-4e9f928e472f,IN-SERVICE,NON-LIQUID,253.22,
2026-06-13T00:20:00+08:00,COLLIE_BESS2,0.0,377.74,8,77906d67-cfe9-47cc-9467-4e9f928e472f,IN-SERVICE,NON-LIQUID,382.6,
2026-06-13T00:20:00+08:00,COLLIE_BESS2,0.0,622.0,9,77906d67-cfe9-47cc-9467-4e9f928e472f,IN-SERVICE,NON-LIQUID,630.0,
2026-06-13T00:20:00+08:00,COLLIE_BESS2,0.0,1678.41,10,77906d67-cfe9-47cc-9467-4e9f928e472f,IN-SERVICE,NON-LIQUID,1700.0,
2026-06-13T00:20:00+08:00,COLLIE_ESR4,-250.0,97.93,1,d4111aab-d0ec-40cb-a975-6dbd13028059,IN-SERVICE,NOT APPLICABLE,99.19,0.0
2026-06-13T00:20:00+08:00,COLLIE_ESR4,250.0,113.29,2,d4111aab-d0ec-40cb-a975-6dbd13028059,IN-SERVICE,NOT APPLICABLE,114.75,0.0
2026-06-13T00:20:00+08:00,COLLIE_ESR5,-250.0,98.05,1,b7540712-499e-47dc-b7a7-56c820238bab,IN-SERVICE,NOT APPLICABLE,99.31,0.0
2026-06-13T00:20:00+08:00,COLLIE_ESR5,250.0,113.17,2,b7540712-499e-47dc-b7a7-56c820238bab,IN-SERVICE,NOT APPLICABLE,114.63,0.0
2026-06-13T00:25:00+08:00,KWINANA_ESR1,-100.0,100.62,1,c8820cf0-5235-4ed9-97cc-6cc74a410a82,IN-SERVICE,NOT APPLICABLE,100.94,0.0
2026-06-13T00:25:00+08:00,KWINANA_ESR1,100.0,115.38,2,c8820cf0-5235-4ed9-97cc-6cc74a410a82,IN-SERVICE,NOT APPLICABLE,115.75,0.0
2026-06-13T00:25:00+08:00,COLLIE_ESR1,0.0,-987.3,1,61b19d0b-bdb1-4e3a-9619-eb5f3fc35fcd,IN-SERVICE,NON-LIQUID,-1000.0,
2026-06-13T00:25:00+08:00,COLLIE_ESR1,-100.0,-42.46,2,61b19d0b-bdb1-4e3a-9619-eb5f3fc35fcd,IN-SERVICE,NON-LIQUID,-43.01,
2026-06-13T00:25:00+08:00,COLLIE_ESR1,-100.0,-10.0,3,61b19d0b-bdb1-4e3a-9619-eb5f3fc35fcd,IN-SERVICE,NON-LIQUID,-10.13,
2026-06-13T00:25:00+08:00,COLLIE_ESR1,0.0,34.02,4,61b19d0b-bdb1-4e3a-9619-eb5f3fc35fcd,IN-SERVICE,NON-LIQUID,34.46,
2026-06-13T00:25:00+08:00,COLLIE_ESR1,0.0,60.0,5,61b19d0b-bdb1-4e3a-9619-eb5f3fc35fcd,IN-SERVICE,NON-LIQUID,60.77,
2026-06-13T00:25:00+08:00,COLLIE_ESR1,100.0,150.0,6,61b19d0b-bdb1-4e3a-9619-eb5f3fc35fcd,IN-SERVICE,NON-LIQUID,151.93,
2026-06-13T00:25:00+08:00,COLLIE_ESR1,100.0,250.0,7,61b19d0b-bdb1-4e3a-9619-eb5f3fc35fcd,IN-SERVICE,NON-LIQUID,253.22,
2026-06-13T00:25:00+08:00,COLLIE_ESR1,0.0,400.0,8,61b19d0b-bdb1-4e3a-9619-eb5f3fc35fcd,IN-SERVICE,NON-LIQUID,405.15,
2026-06-13T00:25:00+08:00,COLLIE_ESR1,0.0,622.0,9,61b19d0b-bdb1-4e3a-9619-eb5f3fc35fcd,IN-SERVICE,NON-LIQUID,630.0,
2026-06-13T00:25:00+08:00,COLLIE_ESR1,0.0,1678.41,10,61b19d0b-bdb1-4e3a-9619-eb5f3fc35fcd,IN-SERVICE,NON-LIQUID,1700.0,
2026-06-13T00:25:00+08:00,KWINANA_ESR2,-225.0,100.39,1,cf876476-efc1-44dc-b767-cf88525fc0fa,IN-SERVICE,NOT APPLICABLE,100.61,0.0
2026-06-13T00:25:00+08:00,KWINANA_ESR2,225.0,115.83,2,cf876476-efc1-44dc-b767-cf88525fc0fa,IN-SERVICE,NOT APPLICABLE,116.09,0.0
2026-06-13T00:25:00+08:00,COLLIE_BESS2,0.0,-987.3,1,681a8cce-12f9-407d-9e71-0b921ff0be05,IN-SERVICE,NON-LIQUID,-1000.0,
2026-06-13T00:25:00+08:00,COLLIE_BESS2,-48.0,-42.46,2,681a8cce-12f9-407d-9e71-0b921ff0be05,IN-SERVICE,NON-LIQUID,-43.01,
2026-06-13T00:25:00+08:00,COLLIE_BESS2,-48.0,-10.0,3,681a8cce-12f9-407d-9e71-0b921ff0be05,IN-SERVICE,NON-LIQUID,-10.13,
2026-06-13T00:25:00+08:00,COLLIE_BESS2,0.0,34.02,4,681a8cce-12f9-407d-9e71-0b921ff0be05,IN-SERVICE,NON-LIQUID,34.46,
2026-06-13T00:25:00+08:00,COLLIE_BESS2,0.0,60.0,5,681a8cce-12f9-407d-9e71-0b921ff0be05,IN-SERVICE,NON-LIQUID,60.77,
2026-06-13T00:25:00+08:00,COLLIE_BESS2,-204.0,99.75,6,681a8cce-12f9-407d-9e71-0b921ff0be05,IN-SERVICE,NON-LIQUID,101.03,
2026-06-13T00:25:00+08:00,COLLIE_BESS2,150.0,150.0,7,681a8cce-12f9-407d-9e71-0b921ff0be05,IN-SERVICE,NON-LIQUID,151.93,
2026-06-13T00:25:00+08:00,COLLIE_BESS2,150.0,250.0,8,681a8cce-12f9-407d-9e71-0b921ff0be05,IN-SERVICE,NON-LIQUID,253.22,
2026-06-13T00:25:00+08:00,COLLIE_BESS2,0.0,622.0,9,681a8cce-12f9-407d-9e71-0b921ff0be05,IN-SERVICE,NON-LIQUID,630.0,
2026-06-13T00:25:00+08:00,COLLIE_BESS2,0.0,1678.41,10,681a8cce-12f9-407d-9e71-0b921ff0be05,IN-SERVICE,NON-LIQUID,1700.0,
2026-06-13T00:25:00+08:00,COLLIE_ESR4,-250.0,99.25,1,ab85e9f9-422c-45ba-953b-24fc2585e828,IN-SERVICE,NOT APPLICABLE,100.53,0.0
2026-06-13T00:25:00+08:00,COLLIE_ESR4,250.0,114.65,2,ab85e9f9-422c-45ba-953b-24fc2585e828,IN-SERVICE,NOT APPLICABLE,116.12,0.0
2026-06-13T00:25:00+08:00,COLLIE_ESR5,-250.0,99.41,1,dd463d24-58b2-495e-a7d6-73634de162eb,IN-SERVICE,NOT APPLICABLE,100.69,0.0
2026-06-13T00:25:00+08:00,COLLIE_ESR5,250.0,114.53,2,dd463d24-58b2-495e-a7d6-73634de162eb,IN-SERVICE,NOT APPLICABLE,116.0,0.0
2026-06-13T00:30:00+08:00,KWINANA_ESR1,-100.0,100.62,1,c8820cf0-5235-4ed9-97cc-6cc74a410a82,IN-SERVICE,NOT APPLICABLE,100.94,0.0
2026-06-13T00:30:00+08:00,KWINANA_ESR1,100.0,115.38,2,c8820cf0-5235-4ed9-97cc-6cc74a410a82,IN-SERVICE,NOT APPLICABLE,115.75,0.0
2026-06-13T00:30:00+08:00,COLLIE_ESR1,0.0,-987.3,1,dea16313-b3a0-4157-9634-05f99323ff81,IN-SERVICE,NON-LIQUID,-1000.0,
2026-06-13T00:30:00+08:00,COLLIE_ESR1,-100.0,-42.46,2,dea16313-b3a0-4157-9634-05f99323ff81,IN-SERVICE,NON-LIQUID,-43.01,
2026-06-13T00:30:00+08:00,COLLIE_ESR1,-100.0,-10.0,3,dea16313-b3a0-4157-9634-05f99323ff81,IN-SERVICE,NON-LIQUID,-10.13,
2026-06-13T00:30:00+08:00,COLLIE_ESR1,0.0,34.02,4,dea16313-b3a0-4157-9634-05f99323ff81,IN-SERVICE,NON-LIQUID,34.46,
2026-06-13T00:30:00+08:00,COLLIE_ESR1,0.0,60.0,5,dea16313-b3a0-4157-9634-05f99323ff81,IN-SERVICE,NON-LIQUID,60.77,
2026-06-13T00:30:00+08:00,COLLIE_ESR1,100.0,150.0,6,dea16313-b3a0-4157-9634-05f99323ff81,IN-SERVICE,NON-LIQUID,151.93,
2026-06-13T00:30:00+08:00,COLLIE_ESR1,100.0,250.0,7,dea16313-b3a0-4157-9634-05f99323ff81,IN-SERVICE,NON-LIQUID,253.22,
2026-06-13T00:30:00+08:00,COLLIE_ESR1,0.0,400.0,8,dea16313-b3a0-4157-9634-05f99323ff81,IN-SERVICE,NON-LIQUID,405.15,
2026-06-13T00:30:00+08:00,COLLIE_ESR1,0.0,622.0,9,dea16313-b3a0-4157-9634-05f99323ff81,IN-SERVICE,NON-LIQUID,630.0,
2026-06-13T00:30:00+08:00,COLLIE_ESR1,0.0,1678.41,10,dea16313-b3a0-4157-9634-05f99323ff81,IN-SERVICE,NON-LIQUID,1700.0,
2026-06-13T00:30:00+08:00,KWINANA_ESR2,-225.0,100.39,1,cf876476-efc1-44dc-b767-cf88525fc0fa,IN-SERVICE,NOT APPLICABLE,100.61,0.0
2026-06-13T00:30:00+08:00,KWINANA_ESR2,225.0,115.83,2,cf876476-efc1-44dc-b767-cf88525fc0fa,IN-SERVICE,NOT APPLICABLE,116.09,0.0
2026-06-13T00:30:00+08:00,COLLIE_BESS2,0.0,-987.3,1,6e2e1452-c6cc-4be5-b9b2-c8c7076470de,IN-SERVICE,NON-LIQUID,-1000.0,
2026-06-13T00:30:00+08:00,COLLIE_BESS2,-48.0,-42.46,2,6e2e1452-c6cc-4be5-b9b2-c8c7076470de,IN-SERVICE,NON-LIQUID,-43.01,
2026-06-13T00:30:00+08:00,COLLIE_BESS2,-48.0,-10.0,3,6e2e1452-c6cc-4be5-b9b2-c8c7076470de,IN-SERVICE,NON-LIQUID,-10.13,
2026-06-13T00:30:00+08:00,COLLIE_BESS2,0.0,34.02,4,6e2e1452-c6cc-4be5-b9b2-c8c7076470de,IN-SERVICE,NON-LIQUID,34.46,
2026-06-13T00:30:00+08:00,COLLIE_BESS2,0.0,60.0,5,6e2e1452-c6cc-4be5-b9b2-c8c7076470de,IN-SERVICE,NON-LIQUID,60.77,
2026-06-13T00:30:00+08:00,COLLIE_BESS2,-204.0,99.75,6,6e2e1452-c6cc-4be5-b9b2-c8c7076470de,IN-SERVICE,NON-LIQUID,101.03,
2026-06-13T00:30:00+08:00,COLLIE_BESS2,150.0,150.0,7,6e2e1452-c6cc-4be5-b9b2-c8c7076470de,IN-SERVICE,NON-LIQUID,151.93,
2026-06-13T00:30:00+08:00,COLLIE_BESS2,150.0,250.0,8,6e2e1452-c6cc-4be5-b9b2-c8c7076470de,IN-SERVICE,NON-LIQUID,253.22,
2026-06-13T00:30:00+08:00,COLLIE_BESS2,0.0,622.0,9,6e2e1452-c6cc-4be5-b9b2-c8c7076470de,IN-SERVICE,NON-LIQUID,630.0,
2026-06-13T00:30:00+08:00,COLLIE_BESS2,0.0,1678.41,10,6e2e1452-c6cc-4be5-b9b2-c8c7076470de,IN-SERVICE,NON-LIQUID,1700.0,
2026-06-13T00:30:00+08:00,COLLIE_ESR4,-250.0,99.25,1,ab85e9f9-422c-45ba-953b-24fc2585e828,IN-SERVICE,NOT APPLICABLE,100.53,0.0
2026-06-13T00:30:00+08:00,COLLIE_ESR4,250.0,114.65,2,ab85e9f9-422c-45ba-953b-24fc2585e828,IN-SERVICE,NOT APPLICABLE,116.12,0.0
2026-06-13T00:30:00+08:00,COLLIE_ESR5,-250.0,99.41,1,dd463d24-58b2-495e-a7d6-73634de162eb,IN-SERVICE,NOT APPLICABLE,100.69,0.0
2026-06-13T00:30:00+08:00,COLLIE_ESR5,250.0,114.53,2,dd463d24-58b2-495e-a7d6-73634de162eb,IN-SERVICE,NOT APPLICABLE,116.0,0.0
2026-06-13T00:35:00+08:00,KWINANA_ESR1,-100.0,100.62,1,c8820cf0-5235-4ed9-97cc-6cc74a410a82,IN-SERVICE,NOT APPLICABLE,100.94,0.0
2026-06-13T00:35:00+08:00,KWINANA_ESR1,100.0,115.38,2,c8820cf0-5235-4ed9-97cc-6cc74a410a82,IN-SERVICE,NOT APPLICABLE,115.75,0.0
2026-06-13T00:35:00+08:00,COLLIE_ESR1,0.0,-987.3,1,f868fc1f-51eb-44fd-b542-b5a685a64b66,IN-SERVICE,NON-LIQUID,-1000.0,
2026-06-13T00:35:00+08:00,COLLIE_ESR1,-100.0,-42.46,2,f868fc1f-51eb-44fd-b542-b5a685a64b66,IN-SERVICE,NON-LIQUID,-43.01,
2026-06-13T00:35:00+08:00,COLLIE_ESR1,-100.0,-10.0,3,f868fc1f-51eb-44fd-b542-b5a685a64b66,IN-SERVICE,NON-LIQUID,-10.13,
2026-06-13T00:35:00+08:00,COLLIE_ESR1,0.0,34.02,4,f868fc1f-51eb-44fd-b542-b5a685a64b66,IN-SERVICE,NON-LIQUID,34.46,
2026-06-13T00:35:00+08:00,COLLIE_ESR1,0.0,60.0,5,f868fc1f-51eb-44fd-b542-b5a685a64b66,IN-SERVICE,NON-LIQUID,60.77,
2026-06-13T00:35:00+08:00,COLLIE_ESR1,100.0,150.0,6,f868fc1f-51eb-44fd-b542-b5a685a64b66,IN-SERVICE,NON-LIQUID,151.93,
2026-06-13T00:35:00+08:00,COLLIE_ESR1,100.0,250.0,7,f868fc1f-51eb-44fd-b542-b5a685a64b66,IN-SERVICE,NON-LIQUID,253.22,
2026-06-13T00:35:00+08:00,COLLIE_ESR1,0.0,400.0,8,f868fc1f-51eb-44fd-b542-b5a685a64b66,IN-SERVICE,NON-LIQUID,405.15,
2026-06-13T00:35:00+08:00,COLLIE_ESR1,0.0,622.0,9,f868fc1f-51eb-44fd-b542-b5a685a64b66,IN-SERVICE,NON-LIQUID,630.0,
2026-06-13T00:35:00+08:00,COLLIE_ESR1,0.0,1678.41,10,f868fc1f-51eb-44fd-b542-b5a685a64b66,IN-SERVICE,NON-LIQUID,1700.0,
2026-06-13T00:35:00+08:00,KWINANA_ESR2,-225.0,100.39,1,cf876476-efc1-44dc-b767-cf88525fc0fa,IN-SERVICE,NOT APPLICABLE,100.61,0.0
2026-06-13T00:35:00+08:00,KWINANA_ESR2,225.0,115.83,2,cf876476-efc1-44dc-b767-cf88525fc0fa,IN-SERVICE,NOT APPLICABLE,116.09,0.0
2026-06-13T00:35:00+08:00,COLLIE_BESS2,0.0,-987.3,1,743b3e5c-c2bb-42ea-a00c-dcc907e6056f,IN-SERVICE,NON-LIQUID,-1000.0,
2026-06-13T00:35:00+08:00,COLLIE_BESS2,-150.0,-42.46,2,743b3e5c-c2bb-42ea-a00c-dcc907e6056f,IN-SERVICE,NON-LIQUID,-43.01,
2026-06-13T00:35:00+08:00,COLLIE_BESS2,-150.0,-10.0,3,743b3e5c-c2bb-42ea-a00c-dcc907e6056f,IN-SERVICE,NON-LIQUID,-10.13,
2026-06-13T00:35:00+08:00,COLLIE_BESS2,0.0,34.02,4,743b3e5c-c2bb-42ea-a00c-dcc907e6056f,IN-SERVICE,NON-LIQUID,34.46,
2026-06-13T00:35:00+08:00,COLLIE_BESS2,0.0,60.0,5,743b3e5c-c2bb-42ea-a00c-dcc907e6056f,IN-SERVICE,NON-LIQUID,60.77,
2026-06-13T00:35:00+08:00,COLLIE_BESS2,150.0,150.0,6,743b3e5c-c2bb-42ea-a00c-dcc907e6056f,IN-SERVICE,NON-LIQUID,151.93,
2026-06-13T00:35:00+08:00,COLLIE_BESS2,150.0,250.0,7,743b3e5c-c2bb-42ea-a00c-dcc907e6056f,IN-SERVICE,NON-LIQUID,253.22,
2026-06-13T00:35:00+08:00,COLLIE_BESS2,0.0,377.74,8,743b3e5c-c2bb-42ea-a00c-dcc907e6056f,IN-SERVICE,NON-LIQUID,382.6,
2026-06-13T00:35:00+08:00,COLLIE_BESS2,0.0,622.0,9,743b3e5c-c2bb-42ea-a00c-dcc907e6056f,IN-SERVICE,NON-LIQUID,630.0,
2026-06-13T00:35:00+08:00,COLLIE_BESS2,0.0,1678.41,10,743b3e5c-c2bb-42ea-a00c-dcc907e6056f,IN-SERVICE,NON-LIQUID,1700.0,
2026-06-13T00:35:00+08:00,COLLIE_ESR4,-250.0,99.29,1,ab85e9f9-422c-45ba-953b-24fc2585e828,IN-SERVICE,NOT APPLICABLE,100.57,0.0
2026-06-13T00:35:00+08:00,COLLIE_ESR4,250.0,114.65,2,ab85e9f9-422c-45ba-953b-24fc2585e828,IN-SERVICE,NOT APPLICABLE,116.12,0.0
2026-06-13T00:35:00+08:00,COLLIE_ESR5,-250.0,99.41,1,dd463d24-58b2-495e-a7d6-73634de162eb,IN-SERVICE,NOT APPLICABLE,100.69,0.0
2026-06-13T00:35:00+08:00,COLLIE_ESR5,250.0,122.18,2,dd463d24-58b2-495e-a7d6-73634de162eb,IN-SERVICE,NOT APPLICABLE,123.75,0.0
2026-06-13T00:40:00+08:00,KWINANA_ESR1,-100.0,100.7,1,ae7a8db1-b798-498e-8e12-389facf4a04c,IN-SERVICE,NOT APPLICABLE,101.02,0.0
2026-06-13T00:40:00+08:00,KWINANA_ESR1,100.0,115.46,2,ae7a8db1-b798-498e-8e12-389facf4a04c,IN-SERVICE,NOT APPLICABLE,115.83,0.0
2026-06-13T00:40:00+08:00,COLLIE_ESR1,0.0,-987.3,1,6ba52a8e-fb6b-403f-ba32-fbd3a4658ff0,IN-SERVICE,NON-LIQUID,-1000.0,
2026-06-13T00:40:00+08:00,COLLIE_ESR1,-100.0,-42.46,2,6ba52a8e-fb6b-403f-ba32-fbd3a4658ff0,IN-SERVICE,NON-LIQUID,-43.01,
2026-06-13T00:40:00+08:00,COLLIE_ESR1,-100.0,-10.0,3,6ba52a8e-fb6b-403f-ba32-fbd3a4658ff0,IN-SERVICE,NON-LIQUID,-10.13,
2026-06-13T00:40:00+08:00,COLLIE_ESR1,0.0,34.02,4,6ba52a8e-fb6b-403f-ba32-fbd3a4658ff0,IN-SERVICE,NON-LIQUID,34.46,
2026-06-13T00:40:00+08:00,COLLIE_ESR1,0.0,60.0,5,6ba52a8e-fb6b-403f-ba32-fbd3a4658ff0,IN-SERVICE,NON-LIQUID,60.77,
2026-06-13T00:40:00+08:00,COLLIE_ESR1,100.0,150.0,6,6ba52a8e-fb6b-403f-ba32-fbd3a4658ff0,IN-SERVICE,NON-LIQUID,151.93,
2026-06-13T00:40:00+08:00,COLLIE_ESR1,100.0,250.0,7,6ba52a8e-fb6b-403f-ba32-fbd3a4658ff0,IN-SERVICE,NON-LIQUID,253.22,
2026-06-13T00:40:00+08:00,COLLIE_ESR1,0.0,400.0,8,6ba52a8e-fb6b-403f-ba32-fbd3a4658ff0,IN-SERVICE,NON-LIQUID,405.15,
2026-06-13T00:40:00+08:00,COLLIE_ESR1,0.0,622.0,9,6ba52a8e-fb6b-403f-ba32-fbd3a4658ff0,IN-SERVICE,NON-LIQUID,630.0,
2026-06-13T00:40:00+08:00,COLLIE_ESR1,0.0,1678.41,10,6ba52a8e-fb6b-403f-ba32-fbd3a4658ff0,IN-SERVICE,NON-LIQUID,1700.0,
2026-06-13T00:40:00+08:00,KWINANA_ESR2,-225.0,100.47,1,ed9b0abe-675d-4058-8975-07490d5a9d98,IN-SERVICE,NOT APPLICABLE,100.69,0.0
2026-06-13T00:40:00+08:00,KWINANA_ESR2,225.0,115.91,2,ed9b0abe-675d-4058-8975-07490d5a9d98,IN-SERVICE,NOT APPLICABLE,116.17,0.0
2026-06-13T00:40:00+08:00,COLLIE_BESS2,0.0,-987.3,1,e6e7662b-8122-49f5-beb5-4ed9ddaff39f,IN-SERVICE,NON-LIQUID,-1000.0,
2026-06-13T00:40:00+08:00,COLLIE_BESS2,-150.0,-42.46,2,e6e7662b-8122-49f5-beb5-4ed9ddaff39f,IN-SERVICE,NON-LIQUID,-43.01,
2026-06-13T00:40:00+08:00,COLLIE_BESS2,-150.0,-10.0,3,e6e7662b-8122-49f5-beb5-4ed9ddaff39f,IN-SERVICE,NON-LIQUID,-10.13,
2026-06-13T00:40:00+08:00,COLLIE_BESS2,0.0,34.02,4,e6e7662b-8122-49f5-beb5-4ed9ddaff39f,IN-SERVICE,NON-LIQUID,34.46,
2026-06-13T00:40:00+08:00,COLLIE_BESS2,0.0,60.0,5,e6e7662b-8122-49f5-beb5-4ed9ddaff39f,IN-SERVICE,NON-LIQUID,60.77,
2026-06-13T00:40:00+08:00,COLLIE_BESS2,150.0,150.0,6,e6e7662b-8122-49f5-beb5-4ed9ddaff39f,IN-SERVICE,NON-LIQUID,151.93,
2026-06-13T00:40:00+08:00,COLLIE_BESS2,150.0,250.0,7,e6e7662b-8122-49f5-beb5-4ed9ddaff39f,IN-SERVICE,NON-LIQUID,253.22,
2026-06-13T00:40:00+08:00,COLLIE_BESS2,0.0,377.74,8,e6e7662b-8122-49f5-beb5-4ed9ddaff39f,IN-SERVICE,NON-LIQUID,382.6,
2026-06-13T00:40:00+08:00,COLLIE_BESS2,0.0,622.0,9,e6e7662b-8122-49f5-beb5-4ed9ddaff39f,IN-SERVICE,NON-LIQUID,630.0,
2026-06-13T00:40:00+08:00,COLLIE_BESS2,0.0,1678.41,10,e6e7662b-8122-49f5-beb5-4ed9ddaff39f,IN-SERVICE,NON-LIQUID,1700.0,
2026-06-13T00:40:00+08:00,COLLIE_ESR4,-250.0,99.37,1,4dc6020f-588a-4b3b-b9ba-09b39c2b3ba0,IN-SERVICE,NOT APPLICABLE,100.65,0.0
2026-06-13T00:40:00+08:00,COLLIE_ESR4,250.0,114.73,2,4dc6020f-588a-4b3b-b9ba-09b39c2b3ba0,IN-SERVICE,NOT APPLICABLE,116.21,0.0
2026-06-13T00:40:00+08:00,COLLIE_ESR5,-250.0,99.49,1,41ef2439-d125-4e36-9327-2a23de3e6ed6,IN-SERVICE,NOT APPLICABLE,100.77,0.0
2026-06-13T00:40:00+08:00,COLLIE_ESR5,250.0,119.63,2,41ef2439-d125-4e36-9327-2a23de3e6ed6,IN-SERVICE,NOT APPLICABLE,121.17,0.0
2026-06-13T00:45:00+08:00,KWINANA_ESR1,-100.0,100.7,1,ae7a8db1-b798-498e-8e12-389facf4a04c,IN-SERVICE,NOT APPLICABLE,101.02,0.0
2026-06-13T00:45:00+08:00,KWINANA_ESR1,100.0,115.46,2,ae7a8db1-b798-498e-8e12-389facf4a04c,IN-SERVICE,NOT APPLICABLE,115.83,0.0
2026-06-13T00:45:00+08:00,COLLIE_ESR1,0.0,-987.3,1,602017b4-bc64-418f-9fd9-d1a7d3f7456a,IN-SERVICE,NON-LIQUID,-1000.0,
2026-06-13T00:45:00+08:00,COLLIE_ESR1,-100.0,-42.46,2,602017b4-bc64-418f-9fd9-d1a7d3f7456a,IN-SERVICE,NON-LIQUID,-43.01,
2026-06-13T00:45:00+08:00,COLLIE_ESR1,-100.0,-10.0,3,602017b4-bc64-418f-9fd9-d1a7d3f7456a,IN-SERVICE,NON-LIQUID,-10.13,
2026-06-13T00:45:00+08:00,COLLIE_ESR1,0.0,34.02,4,602017b4-bc64-418f-9fd9-d1a7d3f7456a,IN-SERVICE,NON-LIQUID,34.46,
2026-06-13T00:45:00+08:00,COLLIE_ESR1,0.0,60.0,5,602017b4-bc64-418f-9fd9-d1a7d3f7456a,IN-SERVICE,NON-LIQUID,60.77,
2026-06-13T00:45:00+08:00,COLLIE_ESR1,100.0,150.0,6,602017b4-bc64-418f-9fd9-d1a7d3f7456a,IN-SERVICE,NON-LIQUID,151.93,
2026-06-13T00:45:00+08:00,COLLIE_ESR1,100.0,250.0,7,602017b4-bc64-418f-9fd9-d1a7d3f7456a,IN-SERVICE,NON-LIQUID,253.22,
2026-06-13T00:45:00+08:00,COLLIE_ESR1,0.0,400.0,8,602017b4-bc64-418f-9fd9-d1a7d3f7456a,IN-SERVICE,NON-LIQUID,405.15,
2026-06-13T00:45:00+08:00,COLLIE_ESR1,0.0,622.0,9,602017b4-bc64-418f-9fd9-d1a7d3f7456a,IN-SERVICE,NON-LIQUID,630.0,
2026-06-13T00:45:00+08:00,COLLIE_ESR1,0.0,1678.41,10,602017b4-bc64-418f-9fd9-d1a7d3f7456a,IN-SERVICE,NON-LIQUID,1700.0,
2026-06-13T00:45:00+08:00,KWINANA_ESR2,-225.0,100.47,1,ed9b0abe-675d-4058-8975-07490d5a9d98,IN-SERVICE,NOT APPLICABLE,100.69,0.0
2026-06-13T00:45:00+08:00,KWINANA_ESR2,225.0,115.91,2,ed9b0abe-675d-4058-8975-07490d5a9d98,IN-SERVICE,NOT APPLICABLE,116.17,0.0
2026-06-13T00:45:00+08:00,COLLIE_BESS2,0.0,-987.3,1,f0106500-5404-47d7-b9f3-fcbbfdf7b25f,IN-SERVICE,NON-LIQUID,-1000.0,
2026-06-13T00:45:00+08:00,COLLIE_BESS2,-150.0,-42.46,2,f0106500-5404-47d7-b9f3-fcbbfdf7b25f,IN-SERVICE,NON-LIQUID,-43.01,
2026-06-13T00:45:00+08:00,COLLIE_BESS2,-150.0,-10.0,3,f0106500-5404-47d7-b9f3-fcbbfdf7b25f,IN-SERVICE,NON-LIQUID,-10.13,
2026-06-13T00:45:00+08:00,COLLIE_BESS2,0.0,34.02,4,f0106500-5404-47d7-b9f3-fcbbfdf7b25f,IN-SERVICE,NON-LIQUID,34.46,
2026-06-13T00:45:00+08:00,COLLIE_BESS2,0.0,60.0,5,f0106500-5404-47d7-b9f3-fcbbfdf7b25f,IN-SERVICE,NON-LIQUID,60.77,
2026-06-13T00:45:00+08:00,COLLIE_BESS2,150.0,150.0,6,f0106500-5404-47d7-b9f3-fcbbfdf7b25f,IN-SERVICE,NON-LIQUID,151.93,
2026-06-13T00:45:00+08:00,COLLIE_BESS2,150.0,250.0,7,f0106500-5404-47d7-b9f3-fcbbfdf7b25f,IN-SERVICE,NON-LIQUID,253.22,
2026-06-13T00:45:00+08:00,COLLIE_BESS2,0.0,377.74,8,f0106500-5404-47d7-b9f3-fcbbfdf7b25f,IN-SERVICE,NON-LIQUID,382.6,
2026-06-13T00:45:00+08:00,COLLIE_BESS2,0.0,622.0,9,f0106500-5404-47d7-b9f3-fcbbfdf7b25f,IN-SERVICE,NON-LIQUID,630.0,
2026-06-13T00:45:00+08:00,COLLIE_BESS2,0.0,1678.41,10,f0106500-5404-47d7-b9f3-fcbbfdf7b25f,IN-SERVICE,NON-LIQUID,1700.0,
2026-06-13T00:45:00+08:00,COLLIE_ESR4,-250.0,99.37,1,4dc6020f-588a-4b3b-b9ba-09b39c2b3ba0,IN-SERVICE,NOT APPLICABLE,100.65,0.0
2026-06-13T00:45:00+08:00,COLLIE_ESR4,250.0,114.73,2,4dc6020f-588a-4b3b-b9ba-09b39c2b3ba0,IN-SERVICE,NOT APPLICABLE,116.21,0.0
2026-06-13T00:45:00+08:00,COLLIE_ESR5,-250.0,99.49,1,41ef2439-d125-4e36-9327-2a23de3e6ed6,IN-SERVICE,NOT APPLICABLE,100.77,0.0
2026-06-13T00:45:00+08:00,COLLIE_ESR5,250.0,119.63,2,41ef2439-d125-4e36-9327-2a23de3e6ed6,IN-SERVICE,NOT APPLICABLE,121.17,0.0
2026-06-13T00:50:00+08:00,KWINANA_ESR1,-100.0,100.7,1,ae7a8db1-b798-498e-8e12-389facf4a04c,IN-SERVICE,NOT APPLICABLE,101.02,0.0
2026-06-13T00:50:00+08:00,KWINANA_ESR1,100.0,115.46,2,ae7a8db1-b798-498e-8e12-389facf4a04c,IN-SERVICE,NOT APPLICABLE,115.83,0.0
2026-06-13T00:50:00+08:00,COLLIE_ESR1,0.0,-987.3,1,6f65537d-509c-4a28-a42e-0963c0472cc4,IN-SERVICE,NON-LIQUID,-1000.0,
2026-06-13T00:50:00+08:00,COLLIE_ESR1,-100.0,-42.46,2,6f65537d-509c-4a28-a42e-0963c0472cc4,IN-SERVICE,NON-LIQUID,-43.01,
2026-06-13T00:50:00+08:00,COLLIE_ESR1,-100.0,-10.0,3,6f65537d-509c-4a28-a42e-0963c0472cc4,IN-SERVICE,NON-LIQUID,-10.13,
2026-06-13T00:50:00+08:00,COLLIE_ESR1,0.0,34.02,4,6f65537d-509c-4a28-a42e-0963c0472cc4,IN-SERVICE,NON-LIQUID,34.46,
2026-06-13T00:50:00+08:00,COLLIE_ESR1,0.0,60.0,5,6f65537d-509c-4a28-a42e-0963c0472cc4,IN-SERVICE,NON-LIQUID,60.77,
2026-06-13T00:50:00+08:00,COLLIE_ESR1,100.0,150.0,6,6f65537d-509c-4a28-a42e-0963c0472cc4,IN-SERVICE,NON-LIQUID,151.93,
2026-06-13T00:50:00+08:00,COLLIE_ESR1,100.0,250.0,7,6f65537d-509c-4a28-a42e-0963c0472cc4,IN-SERVICE,NON-LIQUID,253.22,
2026-06-13T00:50:00+08:00,COLLIE_ESR1,0.0,400.0,8,6f65537d-509c-4a28-a42e-0963c0472cc4,IN-SERVICE,NON-LIQUID,405.15,
2026-06-13T00:50:00+08:00,COLLIE_ESR1,0.0,622.0,9,6f65537d-509c-4a28-a42e-0963c0472cc4,IN-SERVICE,NON-LIQUID,630.0,
2026-06-13T00:50:00+08:00,COLLIE_ESR1,0.0,1678.41,10,6f65537d-509c-4a28-a42e-0963c0472cc4,IN-SERVICE,NON-LIQUID,1700.0,
2026-06-13T00:50:00+08:00,KWINANA_ESR2,-225.0,100.47,1,ed9b0abe-675d-4058-8975-07490d5a9d98,IN-SERVICE,NOT APPLICABLE,100.69,0.0
2026-06-13T00:50:00+08:00,KWINANA_ESR2,225.0,115.91,2,ed9b0abe-675d-4058-8975-07490d5a9d98,IN-SERVICE,NOT APPLICABLE,116.17,0.0
2026-06-13T00:50:00+08:00,COLLIE_BESS2,0.0,-987.3,1,9a6585aa-2617-45ee-aa9c-1a8171d953d1,IN-SERVICE,NON-LIQUID,-1000.0,
2026-06-13T00:50:00+08:00,COLLIE_BESS2,-150.0,-42.46,2,9a6585aa-2617-45ee-aa9c-1a8171d953d1,IN-SERVICE,NON-LIQUID,-43.01,
2026-06-13T00:50:00+08:00,COLLIE_BESS2,-150.0,-10.0,3,9a6585aa-2617-45ee-aa9c-1a8171d953d1,IN-SERVICE,NON-LIQUID,-10.13,
2026-06-13T00:50:00+08:00,COLLIE_BESS2,0.0,34.02,4,9a6585aa-2617-45ee-aa9c-1a8171d953d1,IN-SERVICE,NON-LIQUID,34.46,
2026-06-13T00:50:00+08:00,COLLIE_BESS2,0.0,60.0,5,9a6585aa-2617-45ee-aa9c-1a8171d953d1,IN-SERVICE,NON-LIQUID,60.77,
2026-06-13T00:50:00+08:00,COLLIE_BESS2,150.0,150.0,6,9a6585aa-2617-45ee-aa9c-1a8171d953d1,IN-SERVICE,NON-LIQUID,151.93,
2026-06-13T00:50:00+08:00,COLLIE_BESS2,150.0,250.0,7,9a6585aa-2617-45ee-aa9c-1a8171d953d1,IN-SERVICE,NON-LIQUID,253.22,
2026-06-13T00:50:00+08:00,COLLIE_BESS2,0.0,377.74,8,9a6585aa-2617-45ee-aa9c-1a8171d953d1,IN-SERVICE,NON-LIQUID,382.6,
2026-06-13T00:50:00+08:00,COLLIE_BESS2,0.0,622.0,9,9a6585aa-2617-45ee-aa9c-1a8171d953d1,IN-SERVICE,NON-LIQUID,630.0,
2026-06-13T00:50:00+08:00,COLLIE_BESS2,0.0,1678.41,10,9a6585aa-2617-45ee-aa9c-1a8171d953d1,IN-SERVICE,NON-LIQUID,1700.0,
2026-06-13T00:50:00+08:00,COLLIE_ESR4,-250.0,99.37,1,4dc6020f-588a-4b3b-b9ba-09b39c2b3ba0,IN-SERVICE,NOT APPLICABLE,100.65,0.0
2026-06-13T00:50:00+08:00,COLLIE_ESR4,250.0,114.73,2,4dc6020f-588a-4b3b-b9ba-09b39c2b3ba0,IN-SERVICE,NOT APPLICABLE,116.21,0.0
2026-06-13T00:50:00+08:00,COLLIE_ESR5,-250.0,99.49,1,41ef2439-d125-4e36-9327-2a23de3e6ed6,IN-SERVICE,NOT APPLICABLE,100.77,0.0
2026-06-13T00:50:00+08:00,COLLIE_ESR5,250.0,119.63,2,41ef2439-d125-4e36-9327-2a23de3e6ed6,IN-SERVICE,NOT APPLICABLE,121.17,0.0
2026-06-13T00:55:00+08:00,KWINANA_ESR1,-100.0,98.13,1,88ca6284-6229-4e8a-8c51-ab4a9c275e4d,IN-SERVICE,NOT APPLICABLE,98.45,0.0
2026-06-13T00:55:00+08:00,KWINANA_ESR1,100.0,112.89,2,88ca6284-6229-4e8a-8c51-ab4a9c275e4d,IN-SERVICE,NOT APPLICABLE,113.25,0.0
2026-06-13T00:55:00+08:00,COLLIE_ESR1,0.0,-987.3,1,aa947a84-de5e-4a05-8124-a3a9896e726a,IN-SERVICE,NON-LIQUID,-1000.0,
2026-06-13T00:55:00+08:00,COLLIE_ESR1,-100.0,-42.46,2,aa947a84-de5e-4a05-8124-a3a9896e726a,IN-SERVICE,NON-LIQUID,-43.01,
2026-06-13T00:55:00+08:00,COLLIE_ESR1,-100.0,-10.0,3,aa947a84-de5e-4a05-8124-a3a9896e726a,IN-SERVICE,NON-LIQUID,-10.13,
2026-06-13T00:55:00+08:00,COLLIE_ESR1,0.0,34.02,4,aa947a84-de5e-4a05-8124-a3a9896e726a,IN-SERVICE,NON-LIQUID,34.46,
2026-06-13T00:55:00+08:00,COLLIE_ESR1,0.0,60.0,5,aa947a84-de5e-4a05-8124-a3a9896e726a,IN-SERVICE,NON-LIQUID,60.77,
2026-06-13T00:55:00+08:00,COLLIE_ESR1,100.0,150.0,6,aa947a84-de5e-4a05-8124-a3a9896e726a,IN-SERVICE,NON-LIQUID,151.93,
2026-06-13T00:55:00+08:00,COLLIE_ESR1,100.0,250.0,7,aa947a84-de5e-4a05-8124-a3a9896e726a,IN-SERVICE,NON-LIQUID,253.22,
2026-06-13T00:55:00+08:00,COLLIE_ESR1,0.0,400.0,8,aa947a84-de5e-4a05-8124-a3a9896e726a,IN-SERVICE,NON-LIQUID,405.15,
2026-06-13T00:55:00+08:00,COLLIE_ESR1,0.0,622.0,9,aa947a84-de5e-4a05-8124-a3a9896e726a,IN-SERVICE,NON-LIQUID,630.0,
2026-06-13T00:55:00+08:00,COLLIE_ESR1,0.0,1678.41,10,aa947a84-de5e-4a05-8124-a3a9896e726a,IN-SERVICE,NON-LIQUID,1700.0,
2026-06-13T00:55:00+08:00,KWINANA_ESR2,-225.0,100.39,1,bddb7e62-86f3-48dd-9fa0-2b0477a1b7c9,IN-SERVICE,NOT APPLICABLE,100.61,0.0
2026-06-13T00:55:00+08:00,KWINANA_ESR2,225.0,120.98,2,bddb7e62-86f3-48dd-9fa0-2b0477a1b7c9,IN-SERVICE,NOT APPLICABLE,121.25,0.0
2026-06-13T00:55:00+08:00,COLLIE_BESS2,0.0,-987.3,1,f9acb866-c3f2-4488-89f4-727dd6898115,IN-SERVICE,NON-LIQUID,-1000.0,
2026-06-13T00:55:00+08:00,COLLIE_BESS2,-150.0,-42.46,2,f9acb866-c3f2-4488-89f4-727dd6898115,IN-SERVICE,NON-LIQUID,-43.01,
2026-06-13T00:55:00+08:00,COLLIE_BESS2,-150.0,-10.0,3,f9acb866-c3f2-4488-89f4-727dd6898115,IN-SERVICE,NON-LIQUID,-10.13,
2026-06-13T00:55:00+08:00,COLLIE_BESS2,0.0,34.02,4,f9acb866-c3f2-4488-89f4-727dd6898115,IN-SERVICE,NON-LIQUID,34.46,
2026-06-13T00:55:00+08:00,COLLIE_BESS2,0.0,60.0,5,f9acb866-c3f2-4488-89f4-727dd6898115,IN-SERVICE,NON-LIQUID,60.77,
2026-06-13T00:55:00+08:00,COLLIE_BESS2,150.0,150.0,6,f9acb866-c3f2-4488-89f4-727dd6898115,IN-SERVICE,NON-LIQUID,151.93,
2026-06-13T00:55:00+08:00,COLLIE_BESS2,150.0,250.0,7,f9acb866-c3f2-4488-89f4-727dd6898115,IN-SERVICE,NON-LIQUID,253.22,
2026-06-13T00:55:00+08:00,COLLIE_BESS2,0.0,377.74,8,f9acb866-c3f2-4488-89f4-727dd6898115,IN-SERVICE,NON-LIQUID,382.6,
2026-06-13T00:55:00+08:00,COLLIE_BESS2,0.0,622.0,9,f9acb866-c3f2-4488-89f4-727dd6898115,IN-SERVICE,NON-LIQUID,630.0,
2026-06-13T00:55:00+08:00,COLLIE_BESS2,0.0,1678.41,10,f9acb866-c3f2-4488-89f4-727dd6898115,IN-SERVICE,NON-LIQUID,1700.0,
2026-06-13T00:55:00+08:00,COLLIE_ESR4,-250.0,99.29,1,c14d0291-581b-40cf-a521-834b104a3c0b,IN-SERVICE,NOT APPLICABLE,100.57,0.0
2026-06-13T00:55:00+08:00,COLLIE_ESR4,250.0,114.65,2,c14d0291-581b-40cf-a521-834b104a3c0b,IN-SERVICE,NOT APPLICABLE,116.12,0.0
2026-06-13T00:55:00+08:00,COLLIE_ESR5,-250.0,104.51,1,037e2d7c-9a9d-4937-b35d-97ef86d2ec4e,IN-SERVICE,NOT APPLICABLE,105.85,0.0
2026-06-13T00:55:00+08:00,COLLIE_ESR5,250.0,119.63,2,037e2d7c-9a9d-4937-b35d-97ef86d2ec4e,IN-SERVICE,NOT APPLICABLE,121.17,0.0
2026-06-13T01:00:00+08:00,KWINANA_ESR1,-100.0,98.13,1,88ca6284-6229-4e8a-8c51-ab4a9c275e4d,IN-SERVICE,NOT APPLICABLE,98.45,0.0
2026-06-13T01:00:00+08:00,KWINANA_ESR1,100.0,112.89,2,88ca6284-6229-4e8a-8c51-ab4a9c275e4d,IN-SERVICE,NOT APPLICABLE,113.25,0.0
2026-06-13T01:00:00+08:00,COLLIE_ESR1,0.0,-987.3,1,d6b1c997-ac37-4ec0-bad3-5e23c56fa417,IN-SERVICE,NON-LIQUID,-1000.0,
2026-06-13T01:00:00+08:00,COLLIE_ESR1,-100.0,-42.46,2,d6b1c997-ac37-4ec0-bad3-5e23c56fa417,IN-SERVICE,NON-LIQUID,-43.01,
2026-06-13T01:00:00+08:00,COLLIE_ESR1,-100.0,-10.0,3,d6b1c997-ac37-4ec0-bad3-5e23c56fa417,IN-SERVICE,NON-LIQUID,-10.13,
2026-06-13T01:00:00+08:00,COLLIE_ESR1,0.0,34.02,4,d6b1c997-ac37-4ec0-bad3-5e23c56fa417,IN-SERVICE,NON-LIQUID,34.46,
2026-06-13T01:00:00+08:00,COLLIE_ESR1,0.0,60.0,5,d6b1c997-ac37-4ec0-bad3-5e23c56fa417,IN-SERVICE,NON-LIQUID,60.77,
2026-06-13T01:00:00+08:00,COLLIE_ESR1,100.0,150.0,6,d6b1c997-ac37-4ec0-bad3-5e23c56fa417,IN-SERVICE,NON-LIQUID,151.93,
2026-06-13T01:00:00+08:00,COLLIE_ESR1,100.0,250.0,7,d6b1c997-ac37-4ec0-bad3-5e23c56fa417,IN-SERVICE,NON-LIQUID,253.22,
2026-06-13T01:00:00+08:00,COLLIE_ESR1,0.0,400.0,8,d6b1c997-ac37-4ec0-bad3-5e23c56fa417,IN-SERVICE,NON-LIQUID,405.15,
2026-06-13T01:00:00+08:00,COLLIE_ESR1,0.0,622.0,9,d6b1c997-ac37-4ec0-bad3-5e23c56fa417,IN-SERVICE,NON-LIQUID,630.0,
2026-06-13T01:00:00+08:00,COLLIE_ESR1,0.0,1678.41,10,d6b1c997-ac37-4ec0-bad3-5e23c56fa417,IN-SERVICE,NON-LIQUID,1700.0,
2026-06-13T01:00:00+08:00,KWINANA_ESR2,-225.0,100.39,1,bddb7e62-86f3-48dd-9fa0-2b0477a1b7c9,IN-SERVICE,NOT APPLICABLE,100.61,0.0
2026-06-13T01:00:00+08:00,KWINANA_ESR2,225.0,120.98,2,bddb7e62-86f3-48dd-9fa0-2b0477a1b7c9,IN-SERVICE,NOT APPLICABLE,121.25,0.0
2026-06-13T01:00:00+08:00,COLLIE_BESS2,0.0,-987.3,1,7a8c4c3a-06ae-44f5-b5e9-bb1886f08781,IN-SERVICE,NON-LIQUID,-1000.0,
2026-06-13T01:00:00+08:00,COLLIE_BESS2,-150.0,-42.46,2,7a8c4c3a-06ae-44f5-b5e9-bb1886f08781,IN-SERVICE,NON-LIQUID,-43.01,
2026-06-13T01:00:00+08:00,COLLIE_BESS2,-150.0,-10.0,3,7a8c4c3a-06ae-44f5-b5e9-bb1886f08781,IN-SERVICE,NON-LIQUID,-10.13,
2026-06-13T01:00:00+08:00,COLLIE_BESS2,0.0,34.02,4,7a8c4c3a-06ae-44f5-b5e9-bb1886f08781,IN-SERVICE,NON-LIQUID,34.46,
2026-06-13T01:00:00+08:00,COLLIE_BESS2,0.0,60.0,5,7a8c4c3a-06ae-44f5-b5e9-bb1886f08781,IN-SERVICE,NON-LIQUID,60.77,
2026-06-13T01:00:00+08:00,COLLIE_BESS2,150.0,150.0,6,7a8c4c3a-06ae-44f5-b5e9-bb1886f08781,IN-SERVICE,NON-LIQUID,151.93,
2026-06-13T01:00:00+08:00,COLLIE_BESS2,150.0,250.0,7,7a8c4c3a-06ae-44f5-b5e9-bb1886f08781,IN-SERVICE,NON-LIQUID,253.22,
2026-06-13T01:00:00+08:00,COLLIE_BESS2,0.0,377.74,8,7a8c4c3a-06ae-44f5-b5e9-bb1886f08781,IN-SERVICE,NON-LIQUID,382.6,
2026-06-13T01:00:00+08:00,COLLIE_BESS2,0.0,622.0,9,7a8c4c3a-06ae-44f5-b5e9-bb1886f08781,IN-SERVICE,NON-LIQUID,630.0,
2026-06-13T01:00:00+08:00,COLLIE_BESS2,0.0,1678.41,10,7a8c4c3a-06ae-44f5-b5e9-bb1886f08781,IN-SERVICE,NON-LIQUID,1700.0,
2026-06-13T01:00:00+08:00,COLLIE_ESR4,-250.0,99.29,1,c14d0291-581b-40cf-a521-834b104a3c0b,IN-SERVICE,NOT APPLICABLE,100.57,0.0
2026-06-13T01:00:00+08:00,COLLIE_ESR4,250.0,119.75,2,c14d0291-581b-40cf-a521-834b104a3c0b,IN-SERVICE,NOT APPLICABLE,121.29,0.0
2026-06-13T01:00:00+08:00,COLLIE_ESR5,-250.0,104.51,1,037e2d7c-9a9d-4937-b35d-97ef86d2ec4e,IN-SERVICE,NOT APPLICABLE,105.85,0.0
2026-06-13T01:00:00+08:00,COLLIE_ESR5,250.0,119.63,2,037e2d7c-9a9d-4937-b35d-97ef86d2ec4e,IN-SERVICE,NOT APPLICABLE,121.17,0.0
2026-06-13T01:05:00+08:00,KWINANA_ESR1,-100.0,98.13,1,88ca6284-6229-4e8a-8c51-ab4a9c275e4d,IN-SERVICE,NOT APPLICABLE,98.45,0.0
2026-06-13T01:05:00+08:00,KWINANA_ESR1,100.0,112.89,2,88ca6284-6229-4e8a-8c51-ab4a9c275e4d,IN-SERVICE,NOT APPLICABLE,113.25,0.0
2026-06-13T01:05:00+08:00,COLLIE_ESR1,0.0,-987.3,1,29ce35bf-3b2b-45f3-9ca2-7921441db51f,IN-SERVICE,NON-LIQUID,-1000.0,
2026-06-13T01:05:00+08:00,COLLIE_ESR1,-100.0,-42.46,2,29ce35bf-3b2b-45f3-9ca2-7921441db51f,IN-SERVICE,NON-LIQUID,-43.01,
2026-06-13T01:05:00+08:00,COLLIE_ESR1,-100.0,-10.0,3,29ce35bf-3b2b-45f3-9ca2-7921441db51f,IN-SERVICE,NON-LIQUID,-10.13,
2026-06-13T01:05:00+08:00,COLLIE_ESR1,0.0,34.02,4,29ce35bf-3b2b-45f3-9ca2-7921441db51f,IN-SERVICE,NON-LIQUID,34.46,
2026-06-13T01:05:00+08:00,COLLIE_ESR1,0.0,60.0,5,29ce35bf-3b2b-45f3-9ca2-7921441db51f,IN-SERVICE,NON-LIQUID,60.77,
2026-06-13T01:05:00+08:00,COLLIE_ESR1,100.0,150.0,6,29ce35bf-3b2b-45f3-9ca2-7921441db51f,IN-SERVICE,NON-LIQUID,151.93,
2026-06-13T01:05:00+08:00,COLLIE_ESR1,100.0,250.0,7,29ce35bf-3b2b-45f3-9ca2-7921441db51f,IN-SERVICE,NON-LIQUID,253.22,
2026-06-13T01:05:00+08:00,COLLIE_ESR1,0.0,400.0,8,29ce35bf-3b2b-45f3-9ca2-7921441db51f,IN-SERVICE,NON-LIQUID,405.15,
2026-06-13T01:05:00+08:00,COLLIE_ESR1,0.0,622.0,9,29ce35bf-3b2b-45f3-9ca2-7921441db51f,IN-SERVICE,NON-LIQUID,630.0,
2026-06-13T01:05:00+08:00,COLLIE_ESR1,0.0,1678.41,10,29ce35bf-3b2b-45f3-9ca2-7921441db51f,IN-SERVICE,NON-LIQUID,1700.0,
2026-06-13T01:05:00+08:00,KWINANA_ESR2,-225.0,100.39,1,bddb7e62-86f3-48dd-9fa0-2b0477a1b7c9,IN-SERVICE,NOT APPLICABLE,100.61,0.0
2026-06-13T01:05:00+08:00,KWINANA_ESR2,225.0,120.98,2,bddb7e62-86f3-48dd-9fa0-2b0477a1b7c9,IN-SERVICE,NOT APPLICABLE,121.25,0.0
2026-06-13T01:05:00+08:00,COLLIE_BESS2,0.0,-987.3,1,b3250923-b688-4ff6-b2d4-3856a02cff94,IN-SERVICE,NON-LIQUID,-1000.0,
2026-06-13T01:05:00+08:00,COLLIE_BESS2,-150.0,-42.46,2,b3250923-b688-4ff6-b2d4-3856a02cff94,IN-SERVICE,NON-LIQUID,-43.01,
2026-06-13T01:05:00+08:00,COLLIE_BESS2,-150.0,-10.0,3,b3250923-b688-4ff6-b2d4-3856a02cff94,IN-SERVICE,NON-LIQUID,-10.13,
2026-06-13T01:05:00+08:00,COLLIE_BESS2,0.0,34.02,4,b3250923-b688-4ff6-b2d4-3856a02cff94,IN-SERVICE,NON-LIQUID,34.46,
2026-06-13T01:05:00+08:00,COLLIE_BESS2,0.0,60.0,5,b3250923-b688-4ff6-b2d4-3856a02cff94,IN-SERVICE,NON-LIQUID,60.77,
2026-06-13T01:05:00+08:00,COLLIE_BESS2,150.0,150.0,6,b3250923-b688-4ff6-b2d4-3856a02cff94,IN-SERVICE,NON-LIQUID,151.93,
2026-06-13T01:05:00+08:00,COLLIE_BESS2,150.0,250.0,7,b3250923-b688-4ff6-b2d4-3856a02cff94,IN-SERVICE,NON-LIQUID,253.22,
2026-06-13T01:05:00+08:00,COLLIE_BESS2,0.0,377.74,8,b3250923-b688-4ff6-b2d4-3856a02cff94,IN-SERVICE,NON-LIQUID,382.6,
2026-06-13T01:05:00+08:00,COLLIE_BESS2,0.0,622.0,9,b3250923-b688-4ff6-b2d4-3856a02cff94,IN-SERVICE,NON-LIQUID,630.0,
2026-06-13T01:05:00+08:00,COLLIE_BESS2,0.0,1678.41,10,b3250923-b688-4ff6-b2d4-3856a02cff94,IN-SERVICE,NON-LIQUID,1700.0,
2026-06-13T01:05:00+08:00,COLLIE_ESR4,-250.0,99.29,1,c14d0291-581b-40cf-a521-834b104a3c0b,IN-SERVICE,NOT APPLICABLE,100.57,0.0
2026-06-13T01:05:00+08:00,COLLIE_ESR4,250.0,119.75,2,c14d0291-581b-40cf-a521-834b104a3c0b,IN-SERVICE,NOT APPLICABLE,121.29,0.0
2026-06-13T01:05:00+08:00,COLLIE_ESR5,-250.0,104.51,1,037e2d7c-9a9d-4937-b35d-97ef86d2ec4e,IN-SERVICE,NOT APPLICABLE,105.85,0.0
2026-06-13T01:05:00+08:00,COLLIE_ESR5,250.0,119.63,2,037e2d7c-9a9d-4937-b35d-97ef86d2ec4e,IN-SERVICE,NOT APPLICABLE,121.17,0.0
2026-06-13T01:10:00+08:00,KWINANA_ESR1,-100.0,98.13,1,82aee67d-8259-412c-9844-a85bbdf359e5,IN-SERVICE,NOT APPLICABLE,98.45,0.0
2026-06-13T01:10:00+08:00,KWINANA_ESR1,100.0,112.89,2,82aee67d-8259-412c-9844-a85bbdf359e5,IN-SERVICE,NOT APPLICABLE,113.25,0.0
2026-06-13T01:10:00+08:00,COLLIE_ESR1,0.0,-987.3,1,4531b58b-bdb5-4e7d-8213-887991a0f91f,IN-SERVICE,NON-LIQUID,-1000.0,
2026-06-13T01:10:00+08:00,COLLIE_ESR1,-100.0,-42.46,2,4531b58b-bdb5-4e7d-8213-887991a0f91f,IN-SERVICE,NON-LIQUID,-43.01,
2026-06-13T01:10:00+08:00,COLLIE_ESR1,-100.0,-10.0,3,4531b58b-bdb5-4e7d-8213-887991a0f91f,IN-SERVICE,NON-LIQUID,-10.13,
2026-06-13T01:10:00+08:00,COLLIE_ESR1,0.0,34.02,4,4531b58b-bdb5-4e7d-8213-887991a0f91f,IN-SERVICE,NON-LIQUID,34.46,
2026-06-13T01:10:00+08:00,COLLIE_ESR1,0.0,60.0,5,4531b58b-bdb5-4e7d-8213-887991a0f91f,IN-SERVICE,NON-LIQUID,60.77,
2026-06-13T01:10:00+08:00,COLLIE_ESR1,100.0,150.0,6,4531b58b-bdb5-4e7d-8213-887991a0f91f,IN-SERVICE,NON-LIQUID,151.93,
2026-06-13T01:10:00+08:00,COLLIE_ESR1,100.0,250.0,7,4531b58b-bdb5-4e7d-8213-887991a0f91f,IN-SERVICE,NON-LIQUID,253.22,
2026-06-13T01:10:00+08:00,COLLIE_ESR1,0.0,400.0,8,4531b58b-bdb5-4e7d-8213-887991a0f91f,IN-SERVICE,NON-LIQUID,405.15,
2026-06-13T01:10:00+08:00,COLLIE_ESR1,0.0,622.0,9,4531b58b-bdb5-4e7d-8213-887991a0f91f,IN-SERVICE,NON-LIQUID,630.0,
2026-06-13T01:10:00+08:00,COLLIE_ESR1,0.0,1678.41,10,4531b58b-bdb5-4e7d-8213-887991a0f91f,IN-SERVICE,NON-LIQUID,1700.0,
2026-06-13T01:10:00+08:00,KWINANA_ESR2,-225.0,106.12,1,c7aa783c-06ef-412d-b099-69da07a62de3,IN-SERVICE,NOT APPLICABLE,106.35,0.0
2026-06-13T01:10:00+08:00,KWINANA_ESR2,225.0,122.26,2,c7aa783c-06ef-412d-b099-69da07a62de3,IN-SERVICE,NOT APPLICABLE,122.53,0.0
2026-06-13T01:10:00+08:00,COLLIE_BESS2,0.0,-987.3,1,abed1c73-b15f-45e5-be9a-e365b735f250,IN-SERVICE,NON-LIQUID,-1000.0,
2026-06-13T01:10:00+08:00,COLLIE_BESS2,-150.0,-42.46,2,abed1c73-b15f-45e5-be9a-e365b735f250,IN-SERVICE,NON-LIQUID,-43.01,
2026-06-13T01:10:00+08:00,COLLIE_BESS2,-150.0,-10.0,3,abed1c73-b15f-45e5-be9a-e365b735f250,IN-SERVICE,NON-LIQUID,-10.13,
2026-06-13T01:10:00+08:00,COLLIE_BESS2,0.0,34.02,4,abed1c73-b15f-45e5-be9a-e365b735f250,IN-SERVICE,NON-LIQUID,34.46,
2026-06-13T01:10:00+08:00,COLLIE_BESS2,0.0,60.0,5,abed1c73-b15f-45e5-be9a-e365b735f250,IN-SERVICE,NON-LIQUID,60.77,
2026-06-13T01:10:00+08:00,COLLIE_BESS2,150.0,150.0,6,abed1c73-b15f-45e5-be9a-e365b735f250,IN-SERVICE,NON-LIQUID,151.93,
2026-06-13T01:10:00+08:00,COLLIE_BESS2,150.0,250.0,7,abed1c73-b15f-45e5-be9a-e365b735f250,IN-SERVICE,NON-LIQUID,253.22,
2026-06-13T01:10:00+08:00,COLLIE_BESS2,0.0,377.74,8,abed1c73-b15f-45e5-be9a-e365b735f250,IN-SERVICE,NON-LIQUID,382.6,
2026-06-13T01:10:00+08:00,COLLIE_BESS2,0.0,622.0,9,abed1c73-b15f-45e5-be9a-e365b735f250,IN-SERVICE,NON-LIQUID,630.0,
2026-06-13T01:10:00+08:00,COLLIE_BESS2,0.0,1678.41,10,abed1c73-b15f-45e5-be9a-e365b735f250,IN-SERVICE,NON-LIQUID,1700.0,
2026-06-13T01:10:00+08:00,COLLIE_ESR4,-250.0,104.96,1,cf28ffde-bf7b-4063-a4a7-36fe852b00aa,IN-SERVICE,NOT APPLICABLE,106.31,0.0
2026-06-13T01:10:00+08:00,COLLIE_ESR4,250.0,120.32,2,cf28ffde-bf7b-4063-a4a7-36fe852b00aa,IN-SERVICE,NOT APPLICABLE,121.87,0.0
2026-06-13T01:10:00+08:00,COLLIE_ESR5,-250.0,105.08,1,ee0dc24f-9c3f-49ea-ad90-0b0c68e63199,IN-SERVICE,NOT APPLICABLE,106.43,0.0
2026-06-13T01:10:00+08:00,COLLIE_ESR5,250.0,120.2,2,ee0dc24f-9c3f-49ea-ad90-0b0c68e63199,IN-SERVICE,NOT APPLICABLE,121.75,0.0
2026-06-13T01:15:00+08:00,KWINANA_ESR1,-100.0,98.13,1,82aee67d-8259-412c-9844-a85bbdf359e5,IN-SERVICE,NOT APPLICABLE,98.45,0.0
2026-06-13T01:15:00+08:00,KWINANA_ESR1,100.0,112.89,2,82aee67d-8259-412c-9844-a85bbdf359e5,IN-SERVICE,NOT APPLICABLE,113.25,0.0
2026-06-13T01:15:00+08:00,COLLIE_ESR1,0.0,-987.3,1,335e905c-d263-424d-bdbd-70a6efed0f84,IN-SERVICE,NON-LIQUID,-1000.0,
2026-06-13T01:15:00+08:00,COLLIE_ESR1,-100.0,-42.46,2,335e905c-d263-424d-bdbd-70a6efed0f84,IN-SERVICE,NON-LIQUID,-43.01,
2026-06-13T01:15:00+08:00,COLLIE_ESR1,-100.0,-10.0,3,335e905c-d263-424d-bdbd-70a6efed0f84,IN-SERVICE,NON-LIQUID,-10.13,
2026-06-13T01:15:00+08:00,COLLIE_ESR1,0.0,34.02,4,335e905c-d263-424d-bdbd-70a6efed0f84,IN-SERVICE,NON-LIQUID,34.46,
2026-06-13T01:15:00+08:00,COLLIE_ESR1,0.0,60.0,5,335e905c-d263-424d-bdbd-70a6efed0f84,IN-SERVICE,NON-LIQUID,60.77,
2026-06-13T01:15:00+08:00,COLLIE_ESR1,100.0,150.0,6,335e905c-d263-424d-bdbd-70a6efed0f84,IN-SERVICE,NON-LIQUID,151.93,
2026-06-13T01:15:00+08:00,COLLIE_ESR1,100.0,250.0,7,335e905c-d263-424d-bdbd-70a6efed0f84,IN-SERVICE,NON-LIQUID,253.22,
2026-06-13T01:15:00+08:00,COLLIE_ESR1,0.0,400.0,8,335e905c-d263-424d-bdbd-70a6efed0f84,IN-SERVICE,NON-LIQUID,405.15,
2026-06-13T01:15:00+08:00,COLLIE_ESR1,0.0,622.0,9,335e905c-d263-424d-bdbd-70a6efed0f84,IN-SERVICE,NON-LIQUID,630.0,
2026-06-13T01:15:00+08:00,COLLIE_ESR1,0.0,1678.41,10,335e905c-d263-424d-bdbd-70a6efed0f84,IN-SERVICE,NON-LIQUID,1700.0,
2026-06-13T01:15:00+08:00,KWINANA_ESR2,-225.0,106.12,1,c7aa783c-06ef-412d-b099-69da07a62de3,IN-SERVICE,NOT APPLICABLE,106.35,0.0
2026-06-13T01:15:00+08:00,KWINANA_ESR2,225.0,122.26,2,c7aa783c-06ef-412d-b099-69da07a62de3,IN-SERVICE,NOT APPLICABLE,122.53,0.0
2026-06-13T01:15:00+08:00,COLLIE_BESS2,0.0,-987.3,1,e738e85e-0a94-45a5-b876-7263776804e8,IN-SERVICE,NON-LIQUID,-1000.0,
2026-06-13T01:15:00+08:00,COLLIE_BESS2,-150.0,-42.46,2,e738e85e-0a94-45a5-b876-7263776804e8,IN-SERVICE,NON-LIQUID,-43.01,
2026-06-13T01:15:00+08:00,COLLIE_BESS2,-150.0,-10.0,3,e738e85e-0a94-45a5-b876-7263776804e8,IN-SERVICE,NON-LIQUID,-10.13,
2026-06-13T01:15:00+08:00,COLLIE_BESS2,0.0,34.02,4,e738e85e-0a94-45a5-b876-7263776804e8,IN-SERVICE,NON-LIQUID,34.46,
2026-06-13T01:15:00+08:00,COLLIE_BESS2,0.0,60.0,5,e738e85e-0a94-45a5-b876-7263776804e8,IN-SERVICE,NON-LIQUID,60.77,
2026-06-13T01:15:00+08:00,COLLIE_BESS2,150.0,150.0,6,e738e85e-0a94-45a5-b876-7263776804e8,IN-SERVICE,NON-LIQUID,151.93,
2026-06-13T01:15:00+08:00,COLLIE_BESS2,150.0,250.0,7,e738e85e-0a94-45a5-b876-7263776804e8,IN-SERVICE,NON-LIQUID,253.22,
2026-06-13T01:15:00+08:00,COLLIE_BESS2,0.0,377.74,8,e738e85e-0a94-45a5-b876-7263776804e8,IN-SERVICE,NON-LIQUID,382.6,
2026-06-13T01:15:00+08:00,COLLIE_BESS2,0.0,622.0,9,e738e85e-0a94-45a5-b876-7263776804e8,IN-SERVICE,NON-LIQUID,630.0,
2026-06-13T01:15:00+08:00,COLLIE_BESS2,0.0,1678.41,10,e738e85e-0a94-45a5-b876-7263776804e8,IN-SERVICE,NON-LIQUID,1700.0,
2026-06-13T01:15:00+08:00,COLLIE_ESR4,-250.0,104.96,1,cf28ffde-bf7b-4063-a4a7-36fe852b00aa,IN-SERVICE,NOT APPLICABLE,106.31,0.0
2026-06-13T01:15:00+08:00,COLLIE_ESR4,250.0,120.32,2,cf28ffde-bf7b-4063-a4a7-36fe852b00aa,IN-SERVICE,NOT APPLICABLE,121.87,0.0
2026-06-13T01:15:00+08:00,COLLIE_ESR5,-250.0,105.08,1,ee0dc24f-9c3f-49ea-ad90-0b0c68e63199,IN-SERVICE,NOT APPLICABLE,106.43,0.0
2026-06-13T01:15:00+08:00,COLLIE_ESR5,250.0,120.2,2,ee0dc24f-9c3f-49ea-ad90-0b0c68e63199,IN-SERVICE,NOT APPLICABLE,121.75,0.0
2026-06-13T01:20:00+08:00,KWINANA_ESR1,-100.0,98.13,1,82aee67d-8259-412c-9844-a85bbdf359e5,IN-SERVICE,NOT APPLICABLE,98.45,0.0
2026-06-13T01:20:00+08:00,KWINANA_ESR1,100.0,112.89,2,82aee67d-8259-412c-9844-a85bbdf359e5,IN-SERVICE,NOT APPLICABLE,113.25,0.0
2026-06-13T01:20:00+08:00,COLLIE_ESR1,0.0,-987.3,1,a488aec2-9903-4879-a633-885bc845c9d8,IN-SERVICE,NON-LIQUID,-1000.0,
2026-06-13T01:20:00+08:00,COLLIE_ESR1,-100.0,-42.46,2,a488aec2-9903-4879-a633-885bc845c9d8,IN-SERVICE,NON-LIQUID,-43.01,
2026-06-13T01:20:00+08:00,COLLIE_ESR1,-100.0,-10.0,3,a488aec2-9903-4879-a633-885bc845c9d8,IN-SERVICE,NON-LIQUID,-10.13,
2026-06-13T01:20:00+08:00,COLLIE_ESR1,0.0,34.02,4,a488aec2-9903-4879-a633-885bc845c9d8,IN-SERVICE,NON-LIQUID,34.46,
2026-06-13T01:20:00+08:00,COLLIE_ESR1,0.0,60.0,5,a488aec2-9903-4879-a633-885bc845c9d8,IN-SERVICE,NON-LIQUID,60.77,
2026-06-13T01:20:00+08:00,COLLIE_ESR1,100.0,150.0,6,a488aec2-9903-4879-a633-885bc845c9d8,IN-SERVICE,NON-LIQUID,151.93,
2026-06-13T01:20:00+08:00,COLLIE_ESR1,100.0,250.0,7,a488aec2-9903-4879-a633-885bc845c9d8,IN-SERVICE,NON-LIQUID,253.22,
2026-06-13T01:20:00+08:00,COLLIE_ESR1,0.0,400.0,8,a488aec2-9903-4879-a633-885bc845c9d8,IN-SERVICE,NON-LIQUID,405.15,
2026-06-13T01:20:00+08:00,COLLIE_ESR1,0.0,622.0,9,a488aec2-9903-4879-a633-885bc845c9d8,IN-SERVICE,NON-LIQUID,630.0,
2026-06-13T01:20:00+08:00,COLLIE_ESR1,0.0,1678.41,10,a488aec2-9903-4879-a633-885bc845c9d8,IN-SERVICE,NON-LIQUID,1700.0,
2026-06-13T01:20:00+08:00,KWINANA_ESR2,-225.0,106.12,1,c7aa783c-06ef-412d-b099-69da07a62de3,IN-SERVICE,NOT APPLICABLE,106.35,0.0
2026-06-13T01:20:00+08:00,KWINANA_ESR2,225.0,122.26,2,c7aa783c-06ef-412d-b099-69da07a62de3,IN-SERVICE,NOT APPLICABLE,122.53,0.0
2026-06-13T01:20:00+08:00,COLLIE_BESS2,0.0,-987.3,1,4c67c6e4-3af0-4838-abff-025d8b3197f1,IN-SERVICE,NON-LIQUID,-1000.0,
2026-06-13T01:20:00+08:00,COLLIE_BESS2,-150.0,-42.46,2,4c67c6e4-3af0-4838-abff-025d8b3197f1,IN-SERVICE,NON-LIQUID,-43.01,
2026-06-13T01:20:00+08:00,COLLIE_BESS2,-150.0,-10.0,3,4c67c6e4-3af0-4838-abff-025d8b3197f1,IN-SERVICE,NON-LIQUID,-10.13,
2026-06-13T01:20:00+08:00,COLLIE_BESS2,0.0,34.02,4,4c67c6e4-3af0-4838-abff-025d8b3197f1,IN-SERVICE,NON-LIQUID,34.46,
2026-06-13T01:20:00+08:00,COLLIE_BESS2,0.0,60.0,5,4c67c6e4-3af0-4838-abff-025d8b3197f1,IN-SERVICE,NON-LIQUID,60.77,
2026-06-13T01:20:00+08:00,COLLIE_BESS2,150.0,150.0,6,4c67c6e4-3af0-4838-abff-025d8b3197f1,IN-SERVICE,NON-LIQUID,151.93,
2026-06-13T01:20:00+08:00,COLLIE_BESS2,150.0,250.0,7,4c67c6e4-3af0-4838-abff-025d8b3197f1,IN-SERVICE,NON-LIQUID,253.22,
2026-06-13T01:20:00+08:00,COLLIE_BESS2,0.0,377.74,8,4c67c6e4-3af0-4838-abff-025d8b3197f1,IN-SERVICE,NON-LIQUID,382.6,
2026-06-13T01:20:00+08:00,COLLIE_BESS2,0.0,622.0,9,4c67c6e4-3af0-4838-abff-025d8b3197f1,IN-SERVICE,NON-LIQUID,630.0,
2026-06-13T01:20:00+08:00,COLLIE_BESS2,0.0,1678.41,10,4c67c6e4-3af0-4838-abff-025d8b3197f1,IN-SERVICE,NON-LIQUID,1700.0,
2026-06-13T01:20:00+08:00,COLLIE_ESR4,-250.0,104.96,1,cf28ffde-bf7b-4063-a4a7-36fe852b00aa,IN-SERVICE,NOT APPLICABLE,106.31,0.0
2026-06-13T01:20:00+08:00,COLLIE_ESR4,250.0,120.32,2,cf28ffde-bf7b-4063-a4a7-36fe852b00aa,IN-SERVICE,NOT APPLICABLE,121.87,0.0
2026-06-13T01:20:00+08:00,COLLIE_ESR5,-250.0,105.08,1,ee0dc24f-9c3f-49ea-ad90-0b0c68e63199,IN-SERVICE,NOT APPLICABLE,106.43,0.0
2026-06-13T01:20:00+08:00,COLLIE_ESR5,250.0,120.2,2,ee0dc24f-9c3f-49ea-ad90-0b0c68e63199,IN-SERVICE,NOT APPLICABLE,121.75,0.0
2026-06-13T01:25:00+08:00,KWINANA_ESR1,-100.0,99.34,1,72ea1933-66dc-4f99-a8ab-3a44cdcddebb,IN-SERVICE,NOT APPLICABLE,99.66,0.0
2026-06-13T01:25:00+08:00,KWINANA_ESR1,100.0,114.1,2,72ea1933-66dc-4f99-a8ab-3a44cdcddebb,IN-SERVICE,NOT APPLICABLE,114.47,0.0
2026-06-13T01:25:00+08:00,COLLIE_ESR1,0.0,-987.3,1,e9a72be2-c35f-4d08-aad1-1c57fbcb13cb,IN-SERVICE,NON-LIQUID,-1000.0,
2026-06-13T01:25:00+08:00,COLLIE_ESR1,-100.0,-42.46,2,e9a72be2-c35f-4d08-aad1-1c57fbcb13cb,IN-SERVICE,NON-LIQUID,-43.01,
2026-06-13T01:25:00+08:00,COLLIE_ESR1,-100.0,-10.0,3,e9a72be2-c35f-4d08-aad1-1c57fbcb13cb,IN-SERVICE,NON-LIQUID,-10.13,
2026-06-13T01:25:00+08:00,COLLIE_ESR1,0.0,34.02,4,e9a72be2-c35f-4d08-aad1-1c57fbcb13cb,IN-SERVICE,NON-LIQUID,34.46,
2026-06-13T01:25:00+08:00,COLLIE_ESR1,0.0,60.0,5,e9a72be2-c35f-4d08-aad1-1c57fbcb13cb,IN-SERVICE,NON-LIQUID,60.77,
2026-06-13T01:25:00+08:00,COLLIE_ESR1,100.0,150.0,6,e9a72be2-c35f-4d08-aad1-1c57fbcb13cb,IN-SERVICE,NON-LIQUID,151.93,
2026-06-13T01:25:00+08:00,COLLIE_ESR1,100.0,250.0,7,e9a72be2-c35f-4d08-aad1-1c57fbcb13cb,IN-SERVICE,NON-LIQUID,253.22,
2026-06-13T01:25:00+08:00,COLLIE_ESR1,0.0,400.0,8,e9a72be2-c35f-4d08-aad1-1c57fbcb13cb,IN-SERVICE,NON-LIQUID,405.15,
2026-06-13T01:25:00+08:00,COLLIE_ESR1,0.0,622.0,9,e9a72be2-c35f-4d08-aad1-1c57fbcb13cb,IN-SERVICE,NON-LIQUID,630.0,
2026-06-13T01:25:00+08:00,COLLIE_ESR1,0.0,1678.41,10,e9a72be2-c35f-4d08-aad1-1c57fbcb13cb,IN-SERVICE,NON-LIQUID,1700.0,
2026-06-13T01:25:00+08:00,KWINANA_ESR2,-225.0,106.12,1,c7aa783c-06ef-412d-b099-69da07a62de3,IN-SERVICE,NOT APPLICABLE,106.35,0.0
2026-06-13T01:25:00+08:00,KWINANA_ESR2,225.0,122.26,2,c7aa783c-06ef-412d-b099-69da07a62de3,IN-SERVICE,NOT APPLICABLE,122.53,0.0
2026-06-13T01:25:00+08:00,COLLIE_BESS2,0.0,-987.3,1,f059293b-a3da-4136-963a-97afbfb4386a,IN-SERVICE,NON-LIQUID,-1000.0,
2026-06-13T01:25:00+08:00,COLLIE_BESS2,-150.0,-42.46,2,f059293b-a3da-4136-963a-97afbfb4386a,IN-SERVICE,NON-LIQUID,-43.01,
2026-06-13T01:25:00+08:00,COLLIE_BESS2,-150.0,-10.0,3,f059293b-a3da-4136-963a-97afbfb4386a,IN-SERVICE,NON-LIQUID,-10.13,
2026-06-13T01:25:00+08:00,COLLIE_BESS2,0.0,34.02,4,f059293b-a3da-4136-963a-97afbfb4386a,IN-SERVICE,NON-LIQUID,34.46,
2026-06-13T01:25:00+08:00,COLLIE_BESS2,0.0,60.0,5,f059293b-a3da-4136-963a-97afbfb4386a,IN-SERVICE,NON-LIQUID,60.77,
2026-06-13T01:25:00+08:00,COLLIE_BESS2,150.0,150.0,6,f059293b-a3da-4136-963a-97afbfb4386a,IN-SERVICE,NON-LIQUID,151.93,
2026-06-13T01:25:00+08:00,COLLIE_BESS2,150.0,250.0,7,f059293b-a3da-4136-963a-97afbfb4386a,IN-SERVICE,NON-LIQUID,253.22,
2026-06-13T01:25:00+08:00,COLLIE_BESS2,0.0,377.74,8,f059293b-a3da-4136-963a-97afbfb4386a,IN-SERVICE,NON-LIQUID,382.6,
2026-06-13T01:25:00+08:00,COLLIE_BESS2,0.0,622.0,9,f059293b-a3da-4136-963a-97afbfb4386a,IN-SERVICE,NON-LIQUID,630.0,
2026-06-13T01:25:00+08:00,COLLIE_BESS2,0.0,1678.41,10,f059293b-a3da-4136-963a-97afbfb4386a,IN-SERVICE,NON-LIQUID,1700.0,
2026-06-13T01:25:00+08:00,COLLIE_ESR4,-250.0,104.96,1,cf28ffde-bf7b-4063-a4a7-36fe852b00aa,IN-SERVICE,NOT APPLICABLE,106.31,0.0
2026-06-13T01:25:00+08:00,COLLIE_ESR4,250.0,120.32,2,cf28ffde-bf7b-4063-a4a7-36fe852b00aa,IN-SERVICE,NOT APPLICABLE,121.87,0.0
2026-06-13T01:25:00+08:00,COLLIE_ESR5,-250.0,105.08,1,a002b347-655b-4ae2-bf8e-ee7f0a3a8b17,IN-SERVICE,NOT APPLICABLE,106.43,0.0
2026-06-13T01:25:00+08:00,COLLIE_ESR5,250.0,120.2,2,a002b347-655b-4ae2-bf8e-ee7f0a3a8b17,IN-SERVICE,NOT APPLICABLE,121.75,0.0
2026-06-13T01:30:00+08:00,KWINANA_ESR1,-100.0,99.34,1,72ea1933-66dc-4f99-a8ab-3a44cdcddebb,IN-SERVICE,NOT APPLICABLE,99.66,0.0
2026-06-13T01:30:00+08:00,KWINANA_ESR1,100.0,114.1,2,72ea1933-66dc-4f99-a8ab-3a44cdcddebb,IN-SERVICE,NOT APPLICABLE,114.47,0.0
2026-06-13T01:30:00+08:00,COLLIE_ESR1,0.0,-987.3,1,dccd24c5-a55f-4c79-9ef7-01ee0b4614c0,IN-SERVICE,NON-LIQUID,-1000.0,
2026-06-13T01:30:00+08:00,COLLIE_ESR1,-100.0,-42.46,2,dccd24c5-a55f-4c79-9ef7-01ee0b4614c0,IN-SERVICE,NON-LIQUID,-43.01,
2026-06-13T01:30:00+08:00,COLLIE_ESR1,-100.0,-10.0,3,dccd24c5-a55f-4c79-9ef7-01ee0b4614c0,IN-SERVICE,NON-LIQUID,-10.13,
2026-06-13T01:30:00+08:00,COLLIE_ESR1,0.0,34.02,4,dccd24c5-a55f-4c79-9ef7-01ee0b4614c0,IN-SERVICE,NON-LIQUID,34.46,
2026-06-13T01:30:00+08:00,COLLIE_ESR1,0.0,60.0,5,dccd24c5-a55f-4c79-9ef7-01ee0b4614c0,IN-SERVICE,NON-LIQUID,60.77,
2026-06-13T01:30:00+08:00,COLLIE_ESR1,100.0,150.0,6,dccd24c5-a55f-4c79-9ef7-01ee0b4614c0,IN-SERVICE,NON-LIQUID,151.93,
2026-06-13T01:30:00+08:00,COLLIE_ESR1,100.0,250.0,7,dccd24c5-a55f-4c79-9ef7-01ee0b4614c0,IN-SERVICE,NON-LIQUID,253.22,
2026-06-13T01:30:00+08:00,COLLIE_ESR1,0.0,400.0,8,dccd24c5-a55f-4c79-9ef7-01ee0b4614c0,IN-SERVICE,NON-LIQUID,405.15,
2026-06-13T01:30:00+08:00,COLLIE_ESR1,0.0,622.0,9,dccd24c5-a55f-4c79-9ef7-01ee0b4614c0,IN-SERVICE,NON-LIQUID,630.0,
2026-06-13T01:30:00+08:00,COLLIE_ESR1,0.0,1678.41,10,dccd24c5-a55f-4c79-9ef7-01ee0b4614c0,IN-SERVICE,NON-LIQUID,1700.0,
2026-06-13T01:30:00+08:00,KWINANA_ESR2,-225.0,106.12,1,7001b132-c2c1-48e1-83f4-4b585aa45bc1,IN-SERVICE,NOT APPLICABLE,106.35,0.0
2026-06-13T01:30:00+08:00,KWINANA_ESR2,225.0,122.26,2,7001b132-c2c1-48e1-83f4-4b585aa45bc1,IN-SERVICE,NOT APPLICABLE,122.53,0.0
2026-06-13T01:30:00+08:00,COLLIE_BESS2,0.0,-987.3,1,050063e8-eb48-4938-9427-abb0be69a3d6,IN-SERVICE,NON-LIQUID,-1000.0,
2026-06-13T01:30:00+08:00,COLLIE_BESS2,-150.0,-42.46,2,050063e8-eb48-4938-9427-abb0be69a3d6,IN-SERVICE,NON-LIQUID,-43.01,
2026-06-13T01:30:00+08:00,COLLIE_BESS2,-150.0,-10.0,3,050063e8-eb48-4938-9427-abb0be69a3d6,IN-SERVICE,NON-LIQUID,-10.13,
2026-06-13T01:30:00+08:00,COLLIE_BESS2,0.0,34.02,4,050063e8-eb48-4938-9427-abb0be69a3d6,IN-SERVICE,NON-LIQUID,34.46,
2026-06-13T01:30:00+08:00,COLLIE_BESS2,0.0,60.0,5,050063e8-eb48-4938-9427-abb0be69a3d6,IN-SERVICE,NON-LIQUID,60.77,
2026-06-13T01:30:00+08:00,COLLIE_BESS2,150.0,150.0,6,050063e8-eb48-4938-9427-abb0be69a3d6,IN-SERVICE,NON-LIQUID,151.93,
2026-06-13T01:30:00+08:00,COLLIE_BESS2,150.0,250.0,7,050063e8-eb48-4938-9427-abb0be69a3d6,IN-SERVICE,NON-LIQUID,253.22,
2026-06-13T01:30:00+08:00,COLLIE_BESS2,0.0,377.74,8,050063e8-eb48-4938-9427-abb0be69a3d6,IN-SERVICE,NON-LIQUID,382.6,
2026-06-13T01:30:00+08:00,COLLIE_BESS2,0.0,622.0,9,050063e8-eb48-4938-9427-abb0be69a3d6,IN-SERVICE,NON-LIQUID,630.0,
2026-06-13T01:30:00+08:00,COLLIE_BESS2,0.0,1678.41,10,050063e8-eb48-4938-9427-abb0be69a3d6,IN-SERVICE,NON-LIQUID,1700.0,
2026-06-13T01:30:00+08:00,COLLIE_ESR4,-250.0,104.96,1,b7b8837b-8b52-4d05-97fd-4e5f82ad26e3,IN-SERVICE,NOT APPLICABLE,106.31,0.0
2026-06-13T01:30:00+08:00,COLLIE_ESR4,250.0,120.32,2,b7b8837b-8b52-4d05-97fd-4e5f82ad26e3,IN-SERVICE,NOT APPLICABLE,121.87,0.0
2026-06-13T01:30:00+08:00,COLLIE_ESR5,-250.0,105.08,1,a002b347-655b-4ae2-bf8e-ee7f0a3a8b17,IN-SERVICE,NOT APPLICABLE,106.43,0.0
2026-06-13T01:30:00+08:00,COLLIE_ESR5,250.0,120.2,2,a002b347-655b-4ae2-bf8e-ee7f0a3a8b17,IN-SERVICE,NOT APPLICABLE,121.75,0.0
2026-06-13T01:35:00+08:00,KWINANA_ESR1,-100.0,99.34,1,72ea1933-66dc-4f99-a8ab-3a44cdcddebb,IN-SERVICE,NOT APPLICABLE,99.66,0.0
2026-06-13T01:35:00+08:00,KWINANA_ESR1,100.0,114.1,2,72ea1933-66dc-4f99-a8ab-3a44cdcddebb,IN-SERVICE,NOT APPLICABLE,114.47,0.0
2026-06-13T01:35:00+08:00,COLLIE_ESR1,0.0,-987.3,1,861b7c32-5f0b-45d1-bc18-2e4662a1798d,IN-SERVICE,NON-LIQUID,-1000.0,
2026-06-13T01:35:00+08:00,COLLIE_ESR1,-100.0,-42.46,2,861b7c32-5f0b-45d1-bc18-2e4662a1798d,IN-SERVICE,NON-LIQUID,-43.01,
2026-06-13T01:35:00+08:00,COLLIE_ESR1,-100.0,-10.0,3,861b7c32-5f0b-45d1-bc18-2e4662a1798d,IN-SERVICE,NON-LIQUID,-10.13,
2026-06-13T01:35:00+08:00,COLLIE_ESR1,0.0,34.02,4,861b7c32-5f0b-45d1-bc18-2e4662a1798d,IN-SERVICE,NON-LIQUID,34.46,
2026-06-13T01:35:00+08:00,COLLIE_ESR1,0.0,60.0,5,861b7c32-5f0b-45d1-bc18-2e4662a1798d,IN-SERVICE,NON-LIQUID,60.77,
2026-06-13T01:35:00+08:00,COLLIE_ESR1,100.0,150.0,6,861b7c32-5f0b-45d1-bc18-2e4662a1798d,IN-SERVICE,NON-LIQUID,151.93,
2026-06-13T01:35:00+08:00,COLLIE_ESR1,100.0,250.0,7,861b7c32-5f0b-45d1-bc18-2e4662a1798d,IN-SERVICE,NON-LIQUID,253.22,
2026-06-13T01:35:00+08:00,COLLIE_ESR1,0.0,400.0,8,861b7c32-5f0b-45d1-bc18-2e4662a1798d,IN-SERVICE,NON-LIQUID,405.15,
2026-06-13T01:35:00+08:00,COLLIE_ESR1,0.0,622.0,9,861b7c32-5f0b-45d1-bc18-2e4662a1798d,IN-SERVICE,NON-LIQUID,630.0,
2026-06-13T01:35:00+08:00,COLLIE_ESR1,0.0,1678.41,10,861b7c32-5f0b-45d1-bc18-2e4662a1798d,IN-SERVICE,NON-LIQUID,1700.0,
2026-06-13T01:35:00+08:00,KWINANA_ESR2,-225.0,106.12,1,7001b132-c2c1-48e1-83f4-4b585aa45bc1,IN-SERVICE,NOT APPLICABLE,106.35,0.0
2026-06-13T01:35:00+08:00,KWINANA_ESR2,225.0,122.26,2,7001b132-c2c1-48e1-83f4-4b585aa45bc1,IN-SERVICE,NOT APPLICABLE,122.53,0.0
2026-06-13T01:35:00+08:00,COLLIE_BESS2,0.0,-987.3,1,946522ca-c5c1-46a6-bd83-7d38e2d46fc1,IN-SERVICE,NON-LIQUID,-1000.0,
2026-06-13T01:35:00+08:00,COLLIE_BESS2,-150.0,-42.46,2,946522ca-c5c1-46a6-bd83-7d38e2d46fc1,IN-SERVICE,NON-LIQUID,-43.01,
2026-06-13T01:35:00+08:00,COLLIE_BESS2,-150.0,-10.0,3,946522ca-c5c1-46a6-bd83-7d38e2d46fc1,IN-SERVICE,NON-LIQUID,-10.13,
2026-06-13T01:35:00+08:00,COLLIE_BESS2,0.0,34.02,4,946522ca-c5c1-46a6-bd83-7d38e2d46fc1,IN-SERVICE,NON-LIQUID,34.46,
2026-06-13T01:35:00+08:00,COLLIE_BESS2,0.0,60.0,5,946522ca-c5c1-46a6-bd83-7d38e2d46fc1,IN-SERVICE,NON-LIQUID,60.77,
2026-06-13T01:35:00+08:00,COLLIE_BESS2,150.0,150.0,6,946522ca-c5c1-46a6-bd83-7d38e2d46fc1,IN-SERVICE,NON-LIQUID,151.93,
2026-06-13T01:35:00+08:00,COLLIE_BESS2,150.0,250.0,7,946522ca-c5c1-46a6-bd83-7d38e2d46fc1,IN-SERVICE,NON-LIQUID,253.22,
2026-06-13T01:35:00+08:00,COLLIE_BESS2,0.0,377.74,8,946522ca-c5c1-46a6-bd83-7d38e2d46fc1,IN-SERVICE,NON-LIQUID,382.6,
2026-06-13T01:35:00+08:00,COLLIE_BESS2,0.0,622.0,9,946522ca-c5c1-46a6-bd83-7d38e2d46fc1,IN-SERVICE,NON-LIQUID,630.0,
2026-06-13T01:35:00+08:00,COLLIE_BESS2,0.0,1678.41,10,946522ca-c5c1-46a6-bd83-7d38e2d46fc1,IN-SERVICE,NON-LIQUID,1700.0,
2026-06-13T01:35:00+08:00,COLLIE_ESR4,-250.0,104.96,1,b7b8837b-8b52-4d05-97fd-4e5f82ad26e3,IN-SERVICE,NOT APPLICABLE,106.31,0.0
2026-06-13T01:35:00+08:00,COLLIE_ESR4,250.0,120.32,2,b7b8837b-8b52-4d05-97fd-4e5f82ad26e3,IN-SERVICE,NOT APPLICABLE,121.87,0.0
2026-06-13T01:35:00+08:00,COLLIE_ESR5,-250.0,105.08,1,a002b347-655b-4ae2-bf8e-ee7f0a3a8b17,IN-SERVICE,NOT APPLICABLE,106.43,0.0
2026-06-13T01:35:00+08:00,COLLIE_ESR5,250.0,120.2,2,a002b347-655b-4ae2-bf8e-ee7f0a3a8b17,IN-SERVICE,NOT APPLICABLE,121.75,0.0
2026-06-13T01:40:00+08:00,KWINANA_ESR1,-100.0,99.29,1,21256d5f-651c-432e-8863-b55661edcb19,IN-SERVICE,NOT APPLICABLE,99.61,0.0
2026-06-13T01:40:00+08:00,KWINANA_ESR1,100.0,114.05,2,21256d5f-651c-432e-8863-b55661edcb19,IN-SERVICE,NOT APPLICABLE,114.42,0.0
2026-06-13T01:40:00+08:00,COLLIE_ESR1,0.0,-987.3,1,9ce76369-0529-48f0-968c-260274cea966,IN-SERVICE,NON-LIQUID,-1000.0,
2026-06-13T01:40:00+08:00,COLLIE_ESR1,-100.0,-42.46,2,9ce76369-0529-48f0-968c-260274cea966,IN-SERVICE,NON-LIQUID,-43.01,
2026-06-13T01:40:00+08:00,COLLIE_ESR1,-100.0,-10.0,3,9ce76369-0529-48f0-968c-260274cea966,IN-SERVICE,NON-LIQUID,-10.13,
2026-06-13T01:40:00+08:00,COLLIE_ESR1,0.0,34.02,4,9ce76369-0529-48f0-968c-260274cea966,IN-SERVICE,NON-LIQUID,34.46,
2026-06-13T01:40:00+08:00,COLLIE_ESR1,0.0,60.0,5,9ce76369-0529-48f0-968c-260274cea966,IN-SERVICE,NON-LIQUID,60.77,
2026-06-13T01:40:00+08:00,COLLIE_ESR1,100.0,150.0,6,9ce76369-0529-48f0-968c-260274cea966,IN-SERVICE,NON-LIQUID,151.93,
2026-06-13T01:40:00+08:00,COLLIE_ESR1,100.0,250.0,7,9ce76369-0529-48f0-968c-260274cea966,IN-SERVICE,NON-LIQUID,253.22,
2026-06-13T01:40:00+08:00,COLLIE_ESR1,0.0,400.0,8,9ce76369-0529-48f0-968c-260274cea966,IN-SERVICE,NON-LIQUID,405.15,
2026-06-13T01:40:00+08:00,COLLIE_ESR1,0.0,622.0,9,9ce76369-0529-48f0-968c-260274cea966,IN-SERVICE,NON-LIQUID,630.0,
2026-06-13T01:40:00+08:00,COLLIE_ESR1,0.0,1678.41,10,9ce76369-0529-48f0-968c-260274cea966,IN-SERVICE,NON-LIQUID,1700.0,
2026-06-13T01:40:00+08:00,KWINANA_ESR2,-225.0,105.96,1,324f4ace-8beb-49c7-8980-cddb3f7355bc,IN-SERVICE,NOT APPLICABLE,106.19,0.0
2026-06-13T01:40:00+08:00,KWINANA_ESR2,225.0,122.08,2,324f4ace-8beb-49c7-8980-cddb3f7355bc,IN-SERVICE,NOT APPLICABLE,122.35,0.0
2026-06-13T01:40:00+08:00,COLLIE_BESS2,0.0,-987.3,1,726387f0-f67a-479a-bc63-f4cf5bdc5436,IN-SERVICE,NON-LIQUID,-1000.0,
2026-06-13T01:40:00+08:00,COLLIE_BESS2,-150.0,-42.46,2,726387f0-f67a-479a-bc63-f4cf5bdc5436,IN-SERVICE,NON-LIQUID,-43.01,
2026-06-13T01:40:00+08:00,COLLIE_BESS2,-150.0,-10.0,3,726387f0-f67a-479a-bc63-f4cf5bdc5436,IN-SERVICE,NON-LIQUID,-10.13,
2026-06-13T01:40:00+08:00,COLLIE_BESS2,0.0,34.02,4,726387f0-f67a-479a-bc63-f4cf5bdc5436,IN-SERVICE,NON-LIQUID,34.46,
2026-06-13T01:40:00+08:00,COLLIE_BESS2,0.0,60.0,5,726387f0-f67a-479a-bc63-f4cf5bdc5436,IN-SERVICE,NON-LIQUID,60.77,
2026-06-13T01:40:00+08:00,COLLIE_BESS2,150.0,150.0,6,726387f0-f67a-479a-bc63-f4cf5bdc5436,IN-SERVICE,NON-LIQUID,151.93,
2026-06-13T01:40:00+08:00,COLLIE_BESS2,150.0,250.0,7,726387f0-f67a-479a-bc63-f4cf5bdc5436,IN-SERVICE,NON-LIQUID,253.22,
2026-06-13T01:40:00+08:00,COLLIE_BESS2,0.0,377.74,8,726387f0-f67a-479a-bc63-f4cf5bdc5436,IN-SERVICE,NON-LIQUID,382.6,
2026-06-13T01:40:00+08:00,COLLIE_BESS2,0.0,622.0,9,726387f0-f67a-479a-bc63-f4cf5bdc5436,IN-SERVICE,NON-LIQUID,630.0,
2026-06-13T01:40:00+08:00,COLLIE_BESS2,0.0,1678.41,10,726387f0-f67a-479a-bc63-f4cf5bdc5436,IN-SERVICE,NON-LIQUID,1700.0,
2026-06-13T01:40:00+08:00,COLLIE_ESR4,-250.0,104.8,1,d7e75d90-d58b-48ef-916a-d32cb50dbfdd,IN-SERVICE,NOT APPLICABLE,106.15,0.0
2026-06-13T01:40:00+08:00,COLLIE_ESR4,250.0,120.16,2,d7e75d90-d58b-48ef-916a-d32cb50dbfdd,IN-SERVICE,NOT APPLICABLE,121.71,0.0
2026-06-13T01:40:00+08:00,COLLIE_ESR5,-250.0,104.92,1,49629b8a-dda2-4725-9e86-6c5125e49869,IN-SERVICE,NOT APPLICABLE,106.27,0.0
2026-06-13T01:40:00+08:00,COLLIE_ESR5,250.0,120.72,2,49629b8a-dda2-4725-9e86-6c5125e49869,IN-SERVICE,NOT APPLICABLE,122.27,0.0
2026-06-13T01:45:00+08:00,KWINANA_ESR1,-100.0,99.29,1,21256d5f-651c-432e-8863-b55661edcb19,IN-SERVICE,NOT APPLICABLE,99.61,0.0
2026-06-13T01:45:00+08:00,KWINANA_ESR1,100.0,114.05,2,21256d5f-651c-432e-8863-b55661edcb19,IN-SERVICE,NOT APPLICABLE,114.42,0.0
2026-06-13T01:45:00+08:00,COLLIE_ESR1,0.0,-987.3,1,413ca923-73a5-4156-9451-a00c56c88ddb,IN-SERVICE,NON-LIQUID,-1000.0,
2026-06-13T01:45:00+08:00,COLLIE_ESR1,-100.0,-42.46,2,413ca923-73a5-4156-9451-a00c56c88ddb,IN-SERVICE,NON-LIQUID,-43.01,
2026-06-13T01:45:00+08:00,COLLIE_ESR1,-100.0,-10.0,3,413ca923-73a5-4156-9451-a00c56c88ddb,IN-SERVICE,NON-LIQUID,-10.13,
2026-06-13T01:45:00+08:00,COLLIE_ESR1,0.0,34.02,4,413ca923-73a5-4156-9451-a00c56c88ddb,IN-SERVICE,NON-LIQUID,34.46,
2026-06-13T01:45:00+08:00,COLLIE_ESR1,0.0,60.0,5,413ca923-73a5-4156-9451-a00c56c88ddb,IN-SERVICE,NON-LIQUID,60.77,
2026-06-13T01:45:00+08:00,COLLIE_ESR1,100.0,150.0,6,413ca923-73a5-4156-9451-a00c56c88ddb,IN-SERVICE,NON-LIQUID,151.93,
2026-06-13T01:45:00+08:00,COLLIE_ESR1,100.0,250.0,7,413ca923-73a5-4156-9451-a00c56c88ddb,IN-SERVICE,NON-LIQUID,253.22,
2026-06-13T01:45:00+08:00,COLLIE_ESR1,0.0,400.0,8,413ca923-73a5-4156-9451-a00c56c88ddb,IN-SERVICE,NON-LIQUID,405.15,
2026-06-13T01:45:00+08:00,COLLIE_ESR1,0.0,622.0,9,413ca923-73a5-4156-9451-a00c56c88ddb,IN-SERVICE,NON-LIQUID,630.0,
2026-06-13T01:45:00+08:00,COLLIE_ESR1,0.0,1678.41,10,413ca923-73a5-4156-9451-a00c56c88ddb,IN-SERVICE,NON-LIQUID,1700.0,
2026-06-13T01:45:00+08:00,KWINANA_ESR2,-225.0,105.96,1,324f4ace-8beb-49c7-8980-cddb3f7355bc,IN-SERVICE,NOT APPLICABLE,106.19,0.0
2026-06-13T01:45:00+08:00,KWINANA_ESR2,225.0,122.08,2,324f4ace-8beb-49c7-8980-cddb3f7355bc,IN-SERVICE,NOT APPLICABLE,122.35,0.0
2026-06-13T01:45:00+08:00,COLLIE_BESS2,0.0,-987.3,1,c2343a8c-a99f-4726-96d3-a0a81390d52b,IN-SERVICE,NON-LIQUID,-1000.0,
2026-06-13T01:45:00+08:00,COLLIE_BESS2,-150.0,-42.46,2,c2343a8c-a99f-4726-96d3-a0a81390d52b,IN-SERVICE,NON-LIQUID,-43.01,
2026-06-13T01:45:00+08:00,COLLIE_BESS2,-150.0,-10.0,3,c2343a8c-a99f-4726-96d3-a0a81390d52b,IN-SERVICE,NON-LIQUID,-10.13,
2026-06-13T01:45:00+08:00,COLLIE_BESS2,0.0,34.02,4,c2343a8c-a99f-4726-96d3-a0a81390d52b,IN-SERVICE,NON-LIQUID,34.46,
2026-06-13T01:45:00+08:00,COLLIE_BESS2,0.0,60.0,5,c2343a8c-a99f-4726-96d3-a0a81390d52b,IN-SERVICE,NON-LIQUID,60.77,
2026-06-13T01:45:00+08:00,COLLIE_BESS2,150.0,150.0,6,c2343a8c-a99f-4726-96d3-a0a81390d52b,IN-SERVICE,NON-LIQUID,151.93,
2026-06-13T01:45:00+08:00,COLLIE_BESS2,150.0,250.0,7,c2343a8c-a99f-4726-96d3-a0a81390d52b,IN-SERVICE,NON-LIQUID,253.22,
2026-06-13T01:45:00+08:00,COLLIE_BESS2,0.0,377.74,8,c2343a8c-a99f-4726-96d3-a0a81390d52b,IN-SERVICE,NON-LIQUID,382.6,
2026-06-13T01:45:00+08:00,COLLIE_BESS2,0.0,622.0,9,c2343a8c-a99f-4726-96d3-a0a81390d52b,IN-SERVICE,NON-LIQUID,630.0,
2026-06-13T01:45:00+08:00,COLLIE_BESS2,0.0,1678.41,10,c2343a8c-a99f-4726-96d3-a0a81390d52b,IN-SERVICE,NON-LIQUID,1700.0,
2026-06-13T01:45:00+08:00,COLLIE_ESR4,-250.0,104.8,1,d7e75d90-d58b-48ef-916a-d32cb50dbfdd,IN-SERVICE,NOT APPLICABLE,106.15,0.0
2026-06-13T01:45:00+08:00,COLLIE_ESR4,250.0,120.16,2,d7e75d90-d58b-48ef-916a-d32cb50dbfdd,IN-SERVICE,NOT APPLICABLE,121.71,0.0
2026-06-13T01:45:00+08:00,COLLIE_ESR5,-250.0,104.92,1,49629b8a-dda2-4725-9e86-6c5125e49869,IN-SERVICE,NOT APPLICABLE,106.27,0.0
2026-06-13T01:45:00+08:00,COLLIE_ESR5,250.0,120.72,2,49629b8a-dda2-4725-9e86-6c5125e49869,IN-SERVICE,NOT APPLICABLE,122.27,0.0
2026-06-13T01:50:00+08:00,KWINANA_ESR1,-100.0,99.29,1,21256d5f-651c-432e-8863-b55661edcb19,IN-SERVICE,NOT APPLICABLE,99.61,0.0
2026-06-13T01:50:00+08:00,KWINANA_ESR1,100.0,114.05,2,21256d5f-651c-432e-8863-b55661edcb19,IN-SERVICE,NOT APPLICABLE,114.42,0.0
2026-06-13T01:50:00+08:00,COLLIE_ESR1,0.0,-987.3,1,c3082aaf-e026-4d1d-a824-58b303599973,IN-SERVICE,NON-LIQUID,-1000.0,
2026-06-13T01:50:00+08:00,COLLIE_ESR1,-100.0,-42.46,2,c3082aaf-e026-4d1d-a824-58b303599973,IN-SERVICE,NON-LIQUID,-43.01,
2026-06-13T01:50:00+08:00,COLLIE_ESR1,-100.0,-10.0,3,c3082aaf-e026-4d1d-a824-58b303599973,IN-SERVICE,NON-LIQUID,-10.13,
2026-06-13T01:50:00+08:00,COLLIE_ESR1,0.0,34.02,4,c3082aaf-e026-4d1d-a824-58b303599973,IN-SERVICE,NON-LIQUID,34.46,
2026-06-13T01:50:00+08:00,COLLIE_ESR1,0.0,60.0,5,c3082aaf-e026-4d1d-a824-58b303599973,IN-SERVICE,NON-LIQUID,60.77,
2026-06-13T01:50:00+08:00,COLLIE_ESR1,100.0,150.0,6,c3082aaf-e026-4d1d-a824-58b303599973,IN-SERVICE,NON-LIQUID,151.93,
2026-06-13T01:50:00+08:00,COLLIE_ESR1,100.0,250.0,7,c3082aaf-e026-4d1d-a824-58b303599973,IN-SERVICE,NON-LIQUID,253.22,
2026-06-13T01:50:00+08:00,COLLIE_ESR1,0.0,400.0,8,c3082aaf-e026-4d1d-a824-58b303599973,IN-SERVICE,NON-LIQUID,405.15,
2026-06-13T01:50:00+08:00,COLLIE_ESR1,0.0,622.0,9,c3082aaf-e026-4d1d-a824-58b303599973,IN-SERVICE,NON-LIQUID,630.0,
2026-06-13T01:50:00+08:00,COLLIE_ESR1,0.0,1678.41,10,c3082aaf-e026-4d1d-a824-58b303599973,IN-SERVICE,NON-LIQUID,1700.0,
2026-06-13T01:50:00+08:00,KWINANA_ESR2,-225.0,105.96,1,324f4ace-8beb-49c7-8980-cddb3f7355bc,IN-SERVICE,NOT APPLICABLE,106.19,0.0
2026-06-13T01:50:00+08:00,KWINANA_ESR2,225.0,122.08,2,324f4ace-8beb-49c7-8980-cddb3f7355bc,IN-SERVICE,NOT APPLICABLE,122.35,0.0
2026-06-13T01:50:00+08:00,COLLIE_BESS2,0.0,-987.3,1,4a1270e7-6120-48fd-b471-fda399658e16,IN-SERVICE,NON-LIQUID,-1000.0,
2026-06-13T01:50:00+08:00,COLLIE_BESS2,-150.0,-42.46,2,4a1270e7-6120-48fd-b471-fda399658e16,IN-SERVICE,NON-LIQUID,-43.01,
2026-06-13T01:50:00+08:00,COLLIE_BESS2,-150.0,-10.0,3,4a1270e7-6120-48fd-b471-fda399658e16,IN-SERVICE,NON-LIQUID,-10.13,
2026-06-13T01:50:00+08:00,COLLIE_BESS2,0.0,34.02,4,4a1270e7-6120-48fd-b471-fda399658e16,IN-SERVICE,NON-LIQUID,34.46,
2026-06-13T01:50:00+08:00,COLLIE_BESS2,0.0,60.0,5,4a1270e7-6120-48fd-b471-fda399658e16,IN-SERVICE,NON-LIQUID,60.77,
2026-06-13T01:50:00+08:00,COLLIE_BESS2,150.0,150.0,6,4a1270e7-6120-48fd-b471-fda399658e16,IN-SERVICE,NON-LIQUID,151.93,
2026-06-13T01:50:00+08:00,COLLIE_BESS2,150.0,250.0,7,4a1270e7-6120-48fd-b471-fda399658e16,IN-SERVICE,NON-LIQUID,253.22,
2026-06-13T01:50:00+08:00,COLLIE_BESS2,0.0,377.74,8,4a1270e7-6120-48fd-b471-fda399658e16,IN-SERVICE,NON-LIQUID,382.6,
2026-06-13T01:50:00+08:00,COLLIE_BESS2,0.0,622.0,9,4a1270e7-6120-48fd-b471-fda399658e16,IN-SERVICE,NON-LIQUID,630.0,
2026-06-13T01:50:00+08:00,COLLIE_BESS2,0.0,1678.41,10,4a1270e7-6120-48fd-b471-fda399658e16,IN-SERVICE,NON-LIQUID,1700.0,
2026-06-13T01:50:00+08:00,COLLIE_ESR4,-250.0,104.8,1,d7e75d90-d58b-48ef-916a-d32cb50dbfdd,IN-SERVICE,NOT APPLICABLE,106.15,0.0
2026-06-13T01:50:00+08:00,COLLIE_ESR4,250.0,120.16,2,d7e75d90-d58b-48ef-916a-d32cb50dbfdd,IN-SERVICE,NOT APPLICABLE,121.71,0.0
2026-06-13T01:50:00+08:00,COLLIE_ESR5,-250.0,104.92,1,49629b8a-dda2-4725-9e86-6c5125e49869,IN-SERVICE,NOT APPLICABLE,106.27,0.0
2026-06-13T01:50:00+08:00,COLLIE_ESR5,250.0,120.72,2,49629b8a-dda2-4725-9e86-6c5125e49869,IN-SERVICE,NOT APPLICABLE,122.27,0.0
2026-06-13T01:55:00+08:00,KWINANA_ESR1,-100.0,99.16,1,6c7826f5-32b4-470a-ae89-6a3bbc4f5722,IN-SERVICE,NOT APPLICABLE,99.48,0.0
2026-06-13T01:55:00+08:00,KWINANA_ESR1,100.0,113.92,2,6c7826f5-32b4-470a-ae89-6a3bbc4f5722,IN-SERVICE,NOT APPLICABLE,114.29,0.0
2026-06-13T01:55:00+08:00,COLLIE_ESR1,0.0,-987.3,1,4ad5e141-f736-44a1-9a07-cfb41c2bb0a2,IN-SERVICE,NON-LIQUID,-1000.0,
2026-06-13T01:55:00+08:00,COLLIE_ESR1,-100.0,-42.46,2,4ad5e141-f736-44a1-9a07-cfb41c2bb0a2,IN-SERVICE,NON-LIQUID,-43.01,
2026-06-13T01:55:00+08:00,COLLIE_ESR1,-100.0,-10.0,3,4ad5e141-f736-44a1-9a07-cfb41c2bb0a2,IN-SERVICE,NON-LIQUID,-10.13,
2026-06-13T01:55:00+08:00,COLLIE_ESR1,0.0,34.02,4,4ad5e141-f736-44a1-9a07-cfb41c2bb0a2,IN-SERVICE,NON-LIQUID,34.46,
2026-06-13T01:55:00+08:00,COLLIE_ESR1,0.0,60.0,5,4ad5e141-f736-44a1-9a07-cfb41c2bb0a2,IN-SERVICE,NON-LIQUID,60.77,
2026-06-13T01:55:00+08:00,COLLIE_ESR1,100.0,150.0,6,4ad5e141-f736-44a1-9a07-cfb41c2bb0a2,IN-SERVICE,NON-LIQUID,151.93,
2026-06-13T01:55:00+08:00,COLLIE_ESR1,100.0,250.0,7,4ad5e141-f736-44a1-9a07-cfb41c2bb0a2,IN-SERVICE,NON-LIQUID,253.22,
2026-06-13T01:55:00+08:00,COLLIE_ESR1,0.0,400.0,8,4ad5e141-f736-44a1-9a07-cfb41c2bb0a2,IN-SERVICE,NON-LIQUID,405.15,
2026-06-13T01:55:00+08:00,COLLIE_ESR1,0.0,622.0,9,4ad5e141-f736-44a1-9a07-cfb41c2bb0a2,IN-SERVICE,NON-LIQUID,630.0,
2026-06-13T01:55:00+08:00,COLLIE_ESR1,0.0,1678.41,10,4ad5e141-f736-44a1-9a07-cfb41c2bb0a2,IN-SERVICE,NON-LIQUID,1700.0,
2026-06-13T01:55:00+08:00,KWINANA_ESR2,-225.0,105.96,1,0b626bc2-93d1-4fb7-bfcb-40b0f8339142,IN-SERVICE,NOT APPLICABLE,106.19,0.0
2026-06-13T01:55:00+08:00,KWINANA_ESR2,225.0,122.08,2,0b626bc2-93d1-4fb7-bfcb-40b0f8339142,IN-SERVICE,NOT APPLICABLE,122.35,0.0
2026-06-13T01:55:00+08:00,COLLIE_BESS2,0.0,-987.3,1,fd5c4d15-37d0-4f91-a2e6-d2faa61899e4,IN-SERVICE,NON-LIQUID,-1000.0,
2026-06-13T01:55:00+08:00,COLLIE_BESS2,-150.0,-42.46,2,fd5c4d15-37d0-4f91-a2e6-d2faa61899e4,IN-SERVICE,NON-LIQUID,-43.01,
2026-06-13T01:55:00+08:00,COLLIE_BESS2,-150.0,-10.0,3,fd5c4d15-37d0-4f91-a2e6-d2faa61899e4,IN-SERVICE,NON-LIQUID,-10.13,
2026-06-13T01:55:00+08:00,COLLIE_BESS2,0.0,34.02,4,fd5c4d15-37d0-4f91-a2e6-d2faa61899e4,IN-SERVICE,NON-LIQUID,34.46,
2026-06-13T01:55:00+08:00,COLLIE_BESS2,0.0,60.0,5,fd5c4d15-37d0-4f91-a2e6-d2faa61899e4,IN-SERVICE,NON-LIQUID,60.77,
2026-06-13T01:55:00+08:00,COLLIE_BESS2,150.0,150.0,6,fd5c4d15-37d0-4f91-a2e6-d2faa61899e4,IN-SERVICE,NON-LIQUID,151.93,
2026-06-13T01:55:00+08:00,COLLIE_BESS2,150.0,250.0,7,fd5c4d15-37d0-4f91-a2e6-d2faa61899e4,IN-SERVICE,NON-LIQUID,253.22,
2026-06-13T01:55:00+08:00,COLLIE_BESS2,0.0,377.74,8,fd5c4d15-37d0-4f91-a2e6-d2faa61899e4,IN-SERVICE,NON-LIQUID,382.6,
2026-06-13T01:55:00+08:00,COLLIE_BESS2,0.0,622.0,9,fd5c4d15-37d0-4f91-a2e6-d2faa61899e4,IN-SERVICE,NON-LIQUID,630.0,
2026-06-13T01:55:00+08:00,COLLIE_BESS2,0.0,1678.41,10,fd5c4d15-37d0-4f91-a2e6-d2faa61899e4,IN-SERVICE,NON-LIQUID,1700.0,
2026-06-13T01:55:00+08:00,COLLIE_ESR4,-250.0,104.8,1,87892720-1521-45a2-84cc-3c3a39326094,IN-SERVICE,NOT APPLICABLE,106.15,0.0
2026-06-13T01:55:00+08:00,COLLIE_ESR4,250.0,120.16,2,87892720-1521-45a2-84cc-3c3a39326094,IN-SERVICE,NOT APPLICABLE,121.71,0.0
2026-06-13T01:55:00+08:00,COLLIE_ESR5,-250.0,104.92,1,cf0ab509-997b-451e-b374-cbf76486dd91,IN-SERVICE,NOT APPLICABLE,106.27,0.0
2026-06-13T01:55:00+08:00,COLLIE_ESR5,250.0,120.04,2,cf0ab509-997b-451e-b374-cbf76486dd91,IN-SERVICE,NOT APPLICABLE,121.58,0.0
2026-06-13T02:00:00+08:00,KWINANA_ESR1,-100.0,99.16,1,6c7826f5-32b4-470a-ae89-6a3bbc4f5722,IN-SERVICE,NOT APPLICABLE,99.48,0.0
2026-06-13T02:00:00+08:00,KWINANA_ESR1,100.0,113.92,2,6c7826f5-32b4-470a-ae89-6a3bbc4f5722,IN-SERVICE,NOT APPLICABLE,114.29,0.0
2026-06-13T02:00:00+08:00,COLLIE_ESR1,0.0,-987.3,1,2ab68aa3-b1af-4f0f-b7ba-59ddd640bcde,IN-SERVICE,NON-LIQUID,-1000.0,
2026-06-13T02:00:00+08:00,COLLIE_ESR1,-100.0,-42.46,2,2ab68aa3-b1af-4f0f-b7ba-59ddd640bcde,IN-SERVICE,NON-LIQUID,-43.01,
2026-06-13T02:00:00+08:00,COLLIE_ESR1,-100.0,-10.0,3,2ab68aa3-b1af-4f0f-b7ba-59ddd640bcde,IN-SERVICE,NON-LIQUID,-10.13,
2026-06-13T02:00:00+08:00,COLLIE_ESR1,0.0,34.02,4,2ab68aa3-b1af-4f0f-b7ba-59ddd640bcde,IN-SERVICE,NON-LIQUID,34.46,
2026-06-13T02:00:00+08:00,COLLIE_ESR1,0.0,60.0,5,2ab68aa3-b1af-4f0f-b7ba-59ddd640bcde,IN-SERVICE,NON-LIQUID,60.77,
2026-06-13T02:00:00+08:00,COLLIE_ESR1,100.0,150.0,6,2ab68aa3-b1af-4f0f-b7ba-59ddd640bcde,IN-SERVICE,NON-LIQUID,151.93,
2026-06-13T02:00:00+08:00,COLLIE_ESR1,100.0,250.0,7,2ab68aa3-b1af-4f0f-b7ba-59ddd640bcde,IN-SERVICE,NON-LIQUID,253.22,
2026-06-13T02:00:00+08:00,COLLIE_ESR1,0.0,400.0,8,2ab68aa3-b1af-4f0f-b7ba-59ddd640bcde,IN-SERVICE,NON-LIQUID,405.15,
2026-06-13T02:00:00+08:00,COLLIE_ESR1,0.0,622.0,9,2ab68aa3-b1af-4f0f-b7ba-59ddd640bcde,IN-SERVICE,NON-LIQUID,630.0,
2026-06-13T02:00:00+08:00,COLLIE_ESR1,0.0,1678.41,10,2ab68aa3-b1af-4f0f-b7ba-59ddd640bcde,IN-SERVICE,NON-LIQUID,1700.0,
2026-06-13T02:00:00+08:00,KWINANA_ESR2,-225.0,105.96,1,0b626bc2-93d1-4fb7-bfcb-40b0f8339142,IN-SERVICE,NOT APPLICABLE,106.19,0.0
2026-06-13T02:00:00+08:00,KWINANA_ESR2,225.0,122.08,2,0b626bc2-93d1-4fb7-bfcb-40b0f8339142,IN-SERVICE,NOT APPLICABLE,122.35,0.0
2026-06-13T02:00:00+08:00,COLLIE_BESS2,0.0,-987.3,1,f028098e-8e48-416f-8ee2-7113f84868be,IN-SERVICE,NON-LIQUID,-1000.0,
2026-06-13T02:00:00+08:00,COLLIE_BESS2,-150.0,-42.46,2,f028098e-8e48-416f-8ee2-7113f84868be,IN-SERVICE,NON-LIQUID,-43.01,
2026-06-13T02:00:00+08:00,COLLIE_BESS2,-150.0,-10.0,3,f028098e-8e48-416f-8ee2-7113f84868be,IN-SERVICE,NON-LIQUID,-10.13,
2026-06-13T02:00:00+08:00,COLLIE_BESS2,0.0,34.02,4,f028098e-8e48-416f-8ee2-7113f84868be,IN-SERVICE,NON-LIQUID,34.46,
2026-06-13T02:00:00+08:00,COLLIE_BESS2,0.0,60.0,5,f028098e-8e48-416f-8ee2-7113f84868be,IN-SERVICE,NON-LIQUID,60.77,
2026-06-13T02:00:00+08:00,COLLIE_BESS2,150.0,150.0,6,f028098e-8e48-416f-8ee2-7113f84868be,IN-SERVICE,NON-LIQUID,151.93,
2026-06-13T02:00:00+08:00,COLLIE_BESS2,150.0,250.0,7,f028098e-8e48-416f-8ee2-7113f84868be,IN-SERVICE,NON-LIQUID,253.22,
2026-06-13T02:00:00+08:00,COLLIE_BESS2,0.0,367.0,8,f028098e-8e48-416f-8ee2-7113f84868be,IN-SERVICE,NON-LIQUID,371.72,
2026-06-13T02:00:00+08:00,COLLIE_BESS2,0.0,622.0,9,f028098e-8e48-416f-8ee2-7113f84868be,IN-SERVICE,NON-LIQUID,630.0,
2026-06-13T02:00:00+08:00,COLLIE_BESS2,0.0,1678.41,10,f028098e-8e48-416f-8ee2-7113f84868be,IN-SERVICE,NON-LIQUID,1700.0,
2026-06-13T02:00:00+08:00,COLLIE_ESR4,-250.0,104.8,1,87892720-1521-45a2-84cc-3c3a39326094,IN-SERVICE,NOT APPLICABLE,106.15,0.0
2026-06-13T02:00:00+08:00,COLLIE_ESR4,250.0,120.16,2,87892720-1521-45a2-84cc-3c3a39326094,IN-SERVICE,NOT APPLICABLE,121.71,0.0
2026-06-13T02:00:00+08:00,COLLIE_ESR5,-250.0,104.92,1,cf0ab509-997b-451e-b374-cbf76486dd91,IN-SERVICE,NOT APPLICABLE,106.27,0.0
2026-06-13T02:00:00+08:00,COLLIE_ESR5,250.0,120.04,2,cf0ab509-997b-451e-b374-cbf76486dd91,IN-SERVICE,NOT APPLICABLE,121.58,0.0
2026-06-13T02:05:00+08:00,KWINANA_ESR1,-100.0,99.28,1,6c7826f5-32b4-470a-ae89-6a3bbc4f5722,IN-SERVICE,NOT APPLICABLE,99.6,0.0
2026-06-13T02:05:00+08:00,KWINANA_ESR1,100.0,113.92,2,6c7826f5-32b4-470a-ae89-6a3bbc4f5722,IN-SERVICE,NOT APPLICABLE,114.29,0.0
2026-06-13T02:05:00+08:00,COLLIE_ESR1,0.0,-987.3,1,2d4fa486-8414-4df5-ad6c-a3e0cd22404e,IN-SERVICE,NON-LIQUID,-1000.0,
2026-06-13T02:05:00+08:00,COLLIE_ESR1,-100.0,-42.46,2,2d4fa486-8414-4df5-ad6c-a3e0cd22404e,IN-SERVICE,NON-LIQUID,-43.01,
2026-06-13T02:05:00+08:00,COLLIE_ESR1,-100.0,-10.0,3,2d4fa486-8414-4df5-ad6c-a3e0cd22404e,IN-SERVICE,NON-LIQUID,-10.13,
2026-06-13T02:05:00+08:00,COLLIE_ESR1,0.0,34.02,4,2d4fa486-8414-4df5-ad6c-a3e0cd22404e,IN-SERVICE,NON-LIQUID,34.46,
2026-06-13T02:05:00+08:00,COLLIE_ESR1,0.0,60.0,5,2d4fa486-8414-4df5-ad6c-a3e0cd22404e,IN-SERVICE,NON-LIQUID,60.77,
2026-06-13T02:05:00+08:00,COLLIE_ESR1,100.0,150.0,6,2d4fa486-8414-4df5-ad6c-a3e0cd22404e,IN-SERVICE,NON-LIQUID,151.93,
2026-06-13T02:05:00+08:00,COLLIE_ESR1,100.0,250.0,7,2d4fa486-8414-4df5-ad6c-a3e0cd22404e,IN-SERVICE,NON-LIQUID,253.22,
2026-06-13T02:05:00+08:00,COLLIE_ESR1,0.0,400.0,8,2d4fa486-8414-4df5-ad6c-a3e0cd22404e,IN-SERVICE,NON-LIQUID,405.15,
2026-06-13T02:05:00+08:00,COLLIE_ESR1,0.0,622.0,9,2d4fa486-8414-4df5-ad6c-a3e0cd22404e,IN-SERVICE,NON-LIQUID,630.0,
2026-06-13T02:05:00+08:00,COLLIE_ESR1,0.0,1678.41,10,2d4fa486-8414-4df5-ad6c-a3e0cd22404e,IN-SERVICE,NON-LIQUID,1700.0,
2026-06-13T02:05:00+08:00,KWINANA_ESR2,-225.0,105.96,1,0b626bc2-93d1-4fb7-bfcb-40b0f8339142,IN-SERVICE,NOT APPLICABLE,106.19,0.0
2026-06-13T02:05:00+08:00,KWINANA_ESR2,225.0,122.08,2,0b626bc2-93d1-4fb7-bfcb-40b0f8339142,IN-SERVICE,NOT APPLICABLE,122.35,0.0
2026-06-13T02:05:00+08:00,COLLIE_BESS2,0.0,-987.3,1,f95a839d-0cb4-4230-b492-61d3fef0c5d2,IN-SERVICE,NON-LIQUID,-1000.0,
2026-06-13T02:05:00+08:00,COLLIE_BESS2,-150.0,-42.46,2,f95a839d-0cb4-4230-b492-61d3fef0c5d2,IN-SERVICE,NON-LIQUID,-43.01,
2026-06-13T02:05:00+08:00,COLLIE_BESS2,-150.0,-10.0,3,f95a839d-0cb4-4230-b492-61d3fef0c5d2,IN-SERVICE,NON-LIQUID,-10.13,
2026-06-13T02:05:00+08:00,COLLIE_BESS2,0.0,34.02,4,f95a839d-0cb4-4230-b492-61d3fef0c5d2,IN-SERVICE,NON-LIQUID,34.46,
2026-06-13T02:05:00+08:00,COLLIE_BESS2,0.0,60.0,5,f95a839d-0cb4-4230-b492-61d3fef0c5d2,IN-SERVICE,NON-LIQUID,60.77,
2026-06-13T02:05:00+08:00,COLLIE_BESS2,150.0,150.0,6,f95a839d-0cb4-4230-b492-61d3fef0c5d2,IN-SERVICE,NON-LIQUID,151.93,
2026-06-13T02:05:00+08:00,COLLIE_BESS2,150.0,250.0,7,f95a839d-0cb4-4230-b492-61d3fef0c5d2,IN-SERVICE,NON-LIQUID,253.22,
2026-06-13T02:05:00+08:00,COLLIE_BESS2,0.0,367.0,8,f95a839d-0cb4-4230-b492-61d3fef0c5d2,IN-SERVICE,NON-LIQUID,371.72,
2026-06-13T02:05:00+08:00,COLLIE_BESS2,0.0,622.0,9,f95a839d-0cb4-4230-b492-61d3fef0c5d2,IN-SERVICE,NON-LIQUID,630.0,
2026-06-13T02:05:00+08:00,COLLIE_BESS2,0.0,1678.41,10,f95a839d-0cb4-4230-b492-61d3fef0c5d2,IN-SERVICE,NON-LIQUID,1700.0,
2026-06-13T02:05:00+08:00,COLLIE_ESR4,-250.0,104.8,1,87892720-1521-45a2-84cc-3c3a39326094,IN-SERVICE,NOT APPLICABLE,106.15,0.0
2026-06-13T02:05:00+08:00,COLLIE_ESR4,250.0,120.16,2,87892720-1521-45a2-84cc-3c3a39326094,IN-SERVICE,NOT APPLICABLE,121.71,0.0
2026-06-13T02:05:00+08:00,COLLIE_ESR5,-250.0,104.92,1,cf0ab509-997b-451e-b374-cbf76486dd91,IN-SERVICE,NOT APPLICABLE,106.27,0.0
2026-06-13T02:05:00+08:00,COLLIE_ESR5,250.0,120.04,2,cf0ab509-997b-451e-b374-cbf76486dd91,IN-SERVICE,NOT APPLICABLE,121.58,0.0
2026-06-13T02:10:00+08:00,KWINANA_ESR1,-100.0,99.28,1,85dda220-ed4a-4bf0-b815-1a5c11f05e07,IN-SERVICE,NOT APPLICABLE,99.6,0.0
2026-06-13T02:10:00+08:00,KWINANA_ESR1,100.0,114.04,2,85dda220-ed4a-4bf0-b815-1a5c11f05e07,IN-SERVICE,NOT APPLICABLE,114.41,0.0
2026-06-13T02:10:00+08:00,COLLIE_ESR1,0.0,-987.3,1,2e3763aa-ed1c-46fe-8e68-ea22fb99d2b1,IN-SERVICE,NON-LIQUID,-1000.0,
2026-06-13T02:10:00+08:00,COLLIE_ESR1,-100.0,-42.46,2,2e3763aa-ed1c-46fe-8e68-ea22fb99d2b1,IN-SERVICE,NON-LIQUID,-43.01,
2026-06-13T02:10:00+08:00,COLLIE_ESR1,-100.0,-10.0,3,2e3763aa-ed1c-46fe-8e68-ea22fb99d2b1,IN-SERVICE,NON-LIQUID,-10.13,
2026-06-13T02:10:00+08:00,COLLIE_ESR1,0.0,34.02,4,2e3763aa-ed1c-46fe-8e68-ea22fb99d2b1,IN-SERVICE,NON-LIQUID,34.46,
2026-06-13T02:10:00+08:00,COLLIE_ESR1,0.0,60.0,5,2e3763aa-ed1c-46fe-8e68-ea22fb99d2b1,IN-SERVICE,NON-LIQUID,60.77,
2026-06-13T02:10:00+08:00,COLLIE_ESR1,100.0,150.0,6,2e3763aa-ed1c-46fe-8e68-ea22fb99d2b1,IN-SERVICE,NON-LIQUID,151.93,
2026-06-13T02:10:00+08:00,COLLIE_ESR1,100.0,250.0,7,2e3763aa-ed1c-46fe-8e68-ea22fb99d2b1,IN-SERVICE,NON-LIQUID,253.22,
2026-06-13T02:10:00+08:00,COLLIE_ESR1,0.0,400.0,8,2e3763aa-ed1c-46fe-8e68-ea22fb99d2b1,IN-SERVICE,NON-LIQUID,405.15,
2026-06-13T02:10:00+08:00,COLLIE_ESR1,0.0,622.0,9,2e3763aa-ed1c-46fe-8e68-ea22fb99d2b1,IN-SERVICE,NON-LIQUID,630.0,
2026-06-13T02:10:00+08:00,COLLIE_ESR1,0.0,1678.41,10,2e3763aa-ed1c-46fe-8e68-ea22fb99d2b1,IN-SERVICE,NON-LIQUID,1700.0,
2026-06-13T02:10:00+08:00,KWINANA_ESR2,-225.0,99.04,1,56f0736d-fdaa-4ae1-a6a3-90289292b70d,IN-SERVICE,NOT APPLICABLE,99.26,0.0
2026-06-13T02:10:00+08:00,KWINANA_ESR2,225.0,122.26,2,56f0736d-fdaa-4ae1-a6a3-90289292b70d,IN-SERVICE,NOT APPLICABLE,122.53,0.0
2026-06-13T02:10:00+08:00,COLLIE_BESS2,0.0,-987.3,1,dd5cad16-b8f4-4c30-9b85-2cd78e0bb066,IN-SERVICE,NON-LIQUID,-1000.0,
2026-06-13T02:10:00+08:00,COLLIE_BESS2,-150.0,-42.46,2,dd5cad16-b8f4-4c30-9b85-2cd78e0bb066,IN-SERVICE,NON-LIQUID,-43.01,
2026-06-13T02:10:00+08:00,COLLIE_BESS2,-150.0,-10.0,3,dd5cad16-b8f4-4c30-9b85-2cd78e0bb066,IN-SERVICE,NON-LIQUID,-10.13,
2026-06-13T02:10:00+08:00,COLLIE_BESS2,0.0,34.02,4,dd5cad16-b8f4-4c30-9b85-2cd78e0bb066,IN-SERVICE,NON-LIQUID,34.46,
2026-06-13T02:10:00+08:00,COLLIE_BESS2,0.0,60.0,5,dd5cad16-b8f4-4c30-9b85-2cd78e0bb066,IN-SERVICE,NON-LIQUID,60.77,
2026-06-13T02:10:00+08:00,COLLIE_BESS2,150.0,150.0,6,dd5cad16-b8f4-4c30-9b85-2cd78e0bb066,IN-SERVICE,NON-LIQUID,151.93,
2026-06-13T02:10:00+08:00,COLLIE_BESS2,150.0,250.0,7,dd5cad16-b8f4-4c30-9b85-2cd78e0bb066,IN-SERVICE,NON-LIQUID,253.22,
2026-06-13T02:10:00+08:00,COLLIE_BESS2,0.0,367.0,8,dd5cad16-b8f4-4c30-9b85-2cd78e0bb066,IN-SERVICE,NON-LIQUID,371.72,
2026-06-13T02:10:00+08:00,COLLIE_BESS2,0.0,622.0,9,dd5cad16-b8f4-4c30-9b85-2cd78e0bb066,IN-SERVICE,NON-LIQUID,630.0,
2026-06-13T02:10:00+08:00,COLLIE_BESS2,0.0,1678.41,10,dd5cad16-b8f4-4c30-9b85-2cd78e0bb066,IN-SERVICE,NON-LIQUID,1700.0,
2026-06-13T02:10:00+08:00,COLLIE_ESR4,-250.0,97.96,1,848de5d7-5dfa-4415-a19e-2f0fc97fa4b4,IN-SERVICE,NOT APPLICABLE,99.22,0.0
2026-06-13T02:10:00+08:00,COLLIE_ESR4,250.0,121.01,2,848de5d7-5dfa-4415-a19e-2f0fc97fa4b4,IN-SERVICE,NOT APPLICABLE,122.57,0.0
2026-06-13T02:10:00+08:00,COLLIE_ESR5,-250.0,98.08,1,9a389b10-d7b9-465b-9372-bd141f36f2ce,IN-SERVICE,NOT APPLICABLE,99.34,0.0
2026-06-13T02:10:00+08:00,COLLIE_ESR5,250.0,113.2,2,9a389b10-d7b9-465b-9372-bd141f36f2ce,IN-SERVICE,NOT APPLICABLE,114.66,0.0
2026-06-13T02:15:00+08:00,KWINANA_ESR1,-100.0,99.28,1,85dda220-ed4a-4bf0-b815-1a5c11f05e07,IN-SERVICE,NOT APPLICABLE,99.6,0.0
2026-06-13T02:15:00+08:00,KWINANA_ESR1,100.0,114.04,2,85dda220-ed4a-4bf0-b815-1a5c11f05e07,IN-SERVICE,NOT APPLICABLE,114.41,0.0
2026-06-13T02:15:00+08:00,COLLIE_ESR1,0.0,-987.3,1,5fb6788a-004b-4f17-a1af-9d01d23a448d,IN-SERVICE,NON-LIQUID,-1000.0,
2026-06-13T02:15:00+08:00,COLLIE_ESR1,-100.0,-42.46,2,5fb6788a-004b-4f17-a1af-9d01d23a448d,IN-SERVICE,NON-LIQUID,-43.01,
2026-06-13T02:15:00+08:00,COLLIE_ESR1,-100.0,-10.0,3,5fb6788a-004b-4f17-a1af-9d01d23a448d,IN-SERVICE,NON-LIQUID,-10.13,
2026-06-13T02:15:00+08:00,COLLIE_ESR1,0.0,34.02,4,5fb6788a-004b-4f17-a1af-9d01d23a448d,IN-SERVICE,NON-LIQUID,34.46,
2026-06-13T02:15:00+08:00,COLLIE_ESR1,0.0,60.0,5,5fb6788a-004b-4f17-a1af-9d01d23a448d,IN-SERVICE,NON-LIQUID,60.77,
2026-06-13T02:15:00+08:00,COLLIE_ESR1,100.0,150.0,6,5fb6788a-004b-4f17-a1af-9d01d23a448d,IN-SERVICE,NON-LIQUID,151.93,
2026-06-13T02:15:00+08:00,COLLIE_ESR1,100.0,250.0,7,5fb6788a-004b-4f17-a1af-9d01d23a448d,IN-SERVICE,NON-LIQUID,253.22,
2026-06-13T02:15:00+08:00,COLLIE_ESR1,0.0,400.0,8,5fb6788a-004b-4f17-a1af-9d01d23a448d,IN-SERVICE,NON-LIQUID,405.15,
2026-06-13T02:15:00+08:00,COLLIE_ESR1,0.0,622.0,9,5fb6788a-004b-4f17-a1af-9d01d23a448d,IN-SERVICE,NON-LIQUID,630.0,
2026-06-13T02:15:00+08:00,COLLIE_ESR1,0.0,1678.41,10,5fb6788a-004b-4f17-a1af-9d01d23a448d,IN-SERVICE,NON-LIQUID,1700.0,
2026-06-13T02:15:00+08:00,KWINANA_ESR2,-225.0,106.82,1,56f0736d-fdaa-4ae1-a6a3-90289292b70d,IN-SERVICE,NOT APPLICABLE,107.06,0.0
2026-06-13T02:15:00+08:00,KWINANA_ESR2,225.0,122.26,2,56f0736d-fdaa-4ae1-a6a3-90289292b70d,IN-SERVICE,NOT APPLICABLE,122.53,0.0
2026-06-13T02:15:00+08:00,COLLIE_BESS2,0.0,-987.3,1,893c6f61-60dc-48ae-9d89-737e5db3ab34,IN-SERVICE,NON-LIQUID,-1000.0,
2026-06-13T02:15:00+08:00,COLLIE_BESS2,-150.0,-42.46,2,893c6f61-60dc-48ae-9d89-737e5db3ab34,IN-SERVICE,NON-LIQUID,-43.01,
2026-06-13T02:15:00+08:00,COLLIE_BESS2,-150.0,-10.0,3,893c6f61-60dc-48ae-9d89-737e5db3ab34,IN-SERVICE,NON-LIQUID,-10.13,
2026-06-13T02:15:00+08:00,COLLIE_BESS2,0.0,34.02,4,893c6f61-60dc-48ae-9d89-737e5db3ab34,IN-SERVICE,NON-LIQUID,34.46,
2026-06-13T02:15:00+08:00,COLLIE_BESS2,0.0,60.0,5,893c6f61-60dc-48ae-9d89-737e5db3ab34,IN-SERVICE,NON-LIQUID,60.77,
2026-06-13T02:15:00+08:00,COLLIE_BESS2,150.0,150.0,6,893c6f61-60dc-48ae-9d89-737e5db3ab34,IN-SERVICE,NON-LIQUID,151.93,
2026-06-13T02:15:00+08:00,COLLIE_BESS2,150.0,250.0,7,893c6f61-60dc-48ae-9d89-737e5db3ab34,IN-SERVICE,NON-LIQUID,253.22,
2026-06-13T02:15:00+08:00,COLLIE_BESS2,0.0,367.0,8,893c6f61-60dc-48ae-9d89-737e5db3ab34,IN-SERVICE,NON-LIQUID,371.72,
2026-06-13T02:15:00+08:00,COLLIE_BESS2,0.0,622.0,9,893c6f61-60dc-48ae-9d89-737e5db3ab34,IN-SERVICE,NON-LIQUID,630.0,
2026-06-13T02:15:00+08:00,COLLIE_BESS2,0.0,1678.41,10,893c6f61-60dc-48ae-9d89-737e5db3ab34,IN-SERVICE,NON-LIQUID,1700.0,
2026-06-13T02:15:00+08:00,COLLIE_ESR4,-250.0,97.96,1,848de5d7-5dfa-4415-a19e-2f0fc97fa4b4,IN-SERVICE,NOT APPLICABLE,99.22,0.0
2026-06-13T02:15:00+08:00,COLLIE_ESR4,250.0,121.01,2,848de5d7-5dfa-4415-a19e-2f0fc97fa4b4,IN-SERVICE,NOT APPLICABLE,122.57,0.0
2026-06-13T02:15:00+08:00,COLLIE_ESR5,-250.0,98.08,1,9a389b10-d7b9-465b-9372-bd141f36f2ce,IN-SERVICE,NOT APPLICABLE,99.34,0.0
2026-06-13T02:15:00+08:00,COLLIE_ESR5,250.0,113.2,2,9a389b10-d7b9-465b-9372-bd141f36f2ce,IN-SERVICE,NOT APPLICABLE,114.66,0.0
2026-06-13T02:20:00+08:00,KWINANA_ESR1,-100.0,99.28,1,85dda220-ed4a-4bf0-b815-1a5c11f05e07,IN-SERVICE,NOT APPLICABLE,99.6,0.0
2026-06-13T02:20:00+08:00,KWINANA_ESR1,100.0,114.04,2,85dda220-ed4a-4bf0-b815-1a5c11f05e07,IN-SERVICE,NOT APPLICABLE,114.41,0.0
2026-06-13T02:20:00+08:00,COLLIE_ESR1,0.0,-987.3,1,48a00bff-8af6-48c1-8187-3817b2aa13ed,IN-SERVICE,NON-LIQUID,-1000.0,
2026-06-13T02:20:00+08:00,COLLIE_ESR1,-100.0,-42.46,2,48a00bff-8af6-48c1-8187-3817b2aa13ed,IN-SERVICE,NON-LIQUID,-43.01,
2026-06-13T02:20:00+08:00,COLLIE_ESR1,-100.0,-10.0,3,48a00bff-8af6-48c1-8187-3817b2aa13ed,IN-SERVICE,NON-LIQUID,-10.13,
2026-06-13T02:20:00+08:00,COLLIE_ESR1,0.0,34.02,4,48a00bff-8af6-48c1-8187-3817b2aa13ed,IN-SERVICE,NON-LIQUID,34.46,
2026-06-13T02:20:00+08:00,COLLIE_ESR1,0.0,60.0,5,48a00bff-8af6-48c1-8187-3817b2aa13ed,IN-SERVICE,NON-LIQUID,60.77,
2026-06-13T02:20:00+08:00,COLLIE_ESR1,100.0,150.0,6,48a00bff-8af6-48c1-8187-3817b2aa13ed,IN-SERVICE,NON-LIQUID,151.93,
2026-06-13T02:20:00+08:00,COLLIE_ESR1,100.0,250.0,7,48a00bff-8af6-48c1-8187-3817b2aa13ed,IN-SERVICE,NON-LIQUID,253.22,
2026-06-13T02:20:00+08:00,COLLIE_ESR1,0.0,400.0,8,48a00bff-8af6-48c1-8187-3817b2aa13ed,IN-SERVICE,NON-LIQUID,405.15,
2026-06-13T02:20:00+08:00,COLLIE_ESR1,0.0,622.0,9,48a00bff-8af6-48c1-8187-3817b2aa13ed,IN-SERVICE,NON-LIQUID,630.0,
2026-06-13T02:20:00+08:00,COLLIE_ESR1,0.0,1678.41,10,48a00bff-8af6-48c1-8187-3817b2aa13ed,IN-SERVICE,NON-LIQUID,1700.0,
2026-06-13T02:20:00+08:00,KWINANA_ESR2,-225.0,106.82,1,56f0736d-fdaa-4ae1-a6a3-90289292b70d,IN-SERVICE,NOT APPLICABLE,107.06,0.0
2026-06-13T02:20:00+08:00,KWINANA_ESR2,225.0,122.26,2,56f0736d-fdaa-4ae1-a6a3-90289292b70d,IN-SERVICE,NOT APPLICABLE,122.53,0.0
2026-06-13T02:20:00+08:00,COLLIE_BESS2,0.0,-987.3,1,05368c6b-e5b5-4f97-8b15-cfb5e0f57f49,IN-SERVICE,NON-LIQUID,-1000.0,
2026-06-13T02:20:00+08:00,COLLIE_BESS2,-150.0,-42.46,2,05368c6b-e5b5-4f97-8b15-cfb5e0f57f49,IN-SERVICE,NON-LIQUID,-43.01,
2026-06-13T02:20:00+08:00,COLLIE_BESS2,-150.0,-10.0,3,05368c6b-e5b5-4f97-8b15-cfb5e0f57f49,IN-SERVICE,NON-LIQUID,-10.13,
2026-06-13T02:20:00+08:00,COLLIE_BESS2,0.0,34.02,4,05368c6b-e5b5-4f97-8b15-cfb5e0f57f49,IN-SERVICE,NON-LIQUID,34.46,
2026-06-13T02:20:00+08:00,COLLIE_BESS2,0.0,60.0,5,05368c6b-e5b5-4f97-8b15-cfb5e0f57f49,IN-SERVICE,NON-LIQUID,60.77,
2026-06-13T02:20:00+08:00,COLLIE_BESS2,150.0,150.0,6,05368c6b-e5b5-4f97-8b15-cfb5e0f57f49,IN-SERVICE,NON-LIQUID,151.93,
2026-06-13T02:20:00+08:00,COLLIE_BESS2,150.0,250.0,7,05368c6b-e5b5-4f97-8b15-cfb5e0f57f49,IN-SERVICE,NON-LIQUID,253.22,
2026-06-13T02:20:00+08:00,COLLIE_BESS2,0.0,367.0,8,05368c6b-e5b5-4f97-8b15-cfb5e0f57f49,IN-SERVICE,NON-LIQUID,371.72,
2026-06-13T02:20:00+08:00,COLLIE_BESS2,0.0,622.0,9,05368c6b-e5b5-4f97-8b15-cfb5e0f57f49,IN-SERVICE,NON-LIQUID,630.0,
2026-06-13T02:20:00+08:00,COLLIE_BESS2,0.0,1678.41,10,05368c6b-e5b5-4f97-8b15-cfb5e0f57f49,IN-SERVICE,NON-LIQUID,1700.0,
2026-06-13T02:20:00+08:00,COLLIE_ESR4,-250.0,97.96,1,848de5d7-5dfa-4415-a19e-2f0fc97fa4b4,IN-SERVICE,NOT APPLICABLE,99.22,0.0
2026-06-13T02:20:00+08:00,COLLIE_ESR4,250.0,121.01,2,848de5d7-5dfa-4415-a19e-2f0fc97fa4b4,IN-SERVICE,NOT APPLICABLE,122.57,0.0
2026-06-13T02:20:00+08:00,COLLIE_ESR5,-250.0,98.08,1,9a389b10-d7b9-465b-9372-bd141f36f2ce,IN-SERVICE,NOT APPLICABLE,99.34,0.0
2026-06-13T02:20:00+08:00,COLLIE_ESR5,250.0,120.89,2,9a389b10-d7b9-465b-9372-bd141f36f2ce,IN-SERVICE,NOT APPLICABLE,122.45,0.0
2026-06-13T02:25:00+08:00,KWINANA_ESR1,-100.0,100.7,1,57afb77e-a2d8-42fb-9b14-79138aa9004b,IN-SERVICE,NOT APPLICABLE,101.02,0.0
2026-06-13T02:25:00+08:00,KWINANA_ESR1,100.0,115.46,2,57afb77e-a2d8-42fb-9b14-79138aa9004b,IN-SERVICE,NOT APPLICABLE,115.83,0.0
2026-06-13T02:25:00+08:00,COLLIE_ESR1,0.0,-987.3,1,5dc08bc6-3fb1-4eb1-97c0-e8fbde1752c1,IN-SERVICE,NON-LIQUID,-1000.0,
2026-06-13T02:25:00+08:00,COLLIE_ESR1,-100.0,-42.46,2,5dc08bc6-3fb1-4eb1-97c0-e8fbde1752c1,IN-SERVICE,NON-LIQUID,-43.01,
2026-06-13T02:25:00+08:00,COLLIE_ESR1,-100.0,-10.0,3,5dc08bc6-3fb1-4eb1-97c0-e8fbde1752c1,IN-SERVICE,NON-LIQUID,-10.13,
2026-06-13T02:25:00+08:00,COLLIE_ESR1,0.0,34.02,4,5dc08bc6-3fb1-4eb1-97c0-e8fbde1752c1,IN-SERVICE,NON-LIQUID,34.46,
2026-06-13T02:25:00+08:00,COLLIE_ESR1,0.0,60.0,5,5dc08bc6-3fb1-4eb1-97c0-e8fbde1752c1,IN-SERVICE,NON-LIQUID,60.77,
2026-06-13T02:25:00+08:00,COLLIE_ESR1,100.0,150.0,6,5dc08bc6-3fb1-4eb1-97c0-e8fbde1752c1,IN-SERVICE,NON-LIQUID,151.93,
2026-06-13T02:25:00+08:00,COLLIE_ESR1,100.0,250.0,7,5dc08bc6-3fb1-4eb1-97c0-e8fbde1752c1,IN-SERVICE,NON-LIQUID,253.22,
2026-06-13T02:25:00+08:00,COLLIE_ESR1,0.0,400.0,8,5dc08bc6-3fb1-4eb1-97c0-e8fbde1752c1,IN-SERVICE,NON-LIQUID,405.15,
2026-06-13T02:25:00+08:00,COLLIE_ESR1,0.0,622.0,9,5dc08bc6-3fb1-4eb1-97c0-e8fbde1752c1,IN-SERVICE,NON-LIQUID,630.0,
2026-06-13T02:25:00+08:00,COLLIE_ESR1,0.0,1678.41,10,5dc08bc6-3fb1-4eb1-97c0-e8fbde1752c1,IN-SERVICE,NON-LIQUID,1700.0,
2026-06-13T02:25:00+08:00,KWINANA_ESR2,-225.0,106.82,1,a030bf1a-aaad-4500-857c-7f9f5f4808e1,IN-SERVICE,NOT APPLICABLE,107.06,0.0
2026-06-13T02:25:00+08:00,KWINANA_ESR2,225.0,122.26,2,a030bf1a-aaad-4500-857c-7f9f5f4808e1,IN-SERVICE,NOT APPLICABLE,122.53,0.0
2026-06-13T02:25:00+08:00,COLLIE_BESS2,0.0,-987.3,1,8475afd3-e880-4c29-97e4-2eab5d99db0e,IN-SERVICE,NON-LIQUID,-1000.0,
2026-06-13T02:25:00+08:00,COLLIE_BESS2,-150.0,-42.46,2,8475afd3-e880-4c29-97e4-2eab5d99db0e,IN-SERVICE,NON-LIQUID,-43.01,
2026-06-13T02:25:00+08:00,COLLIE_BESS2,-150.0,-10.0,3,8475afd3-e880-4c29-97e4-2eab5d99db0e,IN-SERVICE,NON-LIQUID,-10.13,
2026-06-13T02:25:00+08:00,COLLIE_BESS2,0.0,34.02,4,8475afd3-e880-4c29-97e4-2eab5d99db0e,IN-SERVICE,NON-LIQUID,34.46,
2026-06-13T02:25:00+08:00,COLLIE_BESS2,0.0,60.0,5,8475afd3-e880-4c29-97e4-2eab5d99db0e,IN-SERVICE,NON-LIQUID,60.77,
2026-06-13T02:25:00+08:00,COLLIE_BESS2,150.0,150.0,6,8475afd3-e880-4c29-97e4-2eab5d99db0e,IN-SERVICE,NON-LIQUID,151.93,
2026-06-13T02:25:00+08:00,COLLIE_BESS2,150.0,250.0,7,8475afd3-e880-4c29-97e4-2eab5d99db0e,IN-SERVICE,NON-LIQUID,253.22,
2026-06-13T02:25:00+08:00,COLLIE_BESS2,0.0,367.0,8,8475afd3-e880-4c29-97e4-2eab5d99db0e,IN-SERVICE,NON-LIQUID,371.72,
2026-06-13T02:25:00+08:00,COLLIE_BESS2,0.0,622.0,9,8475afd3-e880-4c29-97e4-2eab5d99db0e,IN-SERVICE,NON-LIQUID,630.0,
2026-06-13T02:25:00+08:00,COLLIE_BESS2,0.0,1678.41,10,8475afd3-e880-4c29-97e4-2eab5d99db0e,IN-SERVICE,NON-LIQUID,1700.0,
2026-06-13T02:25:00+08:00,COLLIE_ESR4,-250.0,105.65,1,1514faa6-11db-48f0-a29c-695f54280c97,IN-SERVICE,NOT APPLICABLE,107.01,0.0
2026-06-13T02:25:00+08:00,COLLIE_ESR4,250.0,121.01,2,1514faa6-11db-48f0-a29c-695f54280c97,IN-SERVICE,NOT APPLICABLE,122.57,0.0
2026-06-13T02:25:00+08:00,COLLIE_ESR5,-250.0,100.55,1,a813ce39-1f94-4b5f-b4c2-946545ebd298,IN-SERVICE,NOT APPLICABLE,101.84,0.0
2026-06-13T02:25:00+08:00,COLLIE_ESR5,250.0,120.89,2,a813ce39-1f94-4b5f-b4c2-946545ebd298,IN-SERVICE,NOT APPLICABLE,122.45,0.0
2026-06-13T02:30:00+08:00,KWINANA_ESR1,-100.0,100.7,1,57afb77e-a2d8-42fb-9b14-79138aa9004b,IN-SERVICE,NOT APPLICABLE,101.02,0.0
2026-06-13T02:30:00+08:00,KWINANA_ESR1,100.0,115.46,2,57afb77e-a2d8-42fb-9b14-79138aa9004b,IN-SERVICE,NOT APPLICABLE,115.83,0.0
2026-06-13T02:30:00+08:00,COLLIE_ESR1,0.0,-987.3,1,d538c1e0-cf28-4b9c-b5ed-8834d5b6d5b0,IN-SERVICE,NON-LIQUID,-1000.0,
2026-06-13T02:30:00+08:00,COLLIE_ESR1,-100.0,-42.46,2,d538c1e0-cf28-4b9c-b5ed-8834d5b6d5b0,IN-SERVICE,NON-LIQUID,-43.01,
2026-06-13T02:30:00+08:00,COLLIE_ESR1,-100.0,-10.0,3,d538c1e0-cf28-4b9c-b5ed-8834d5b6d5b0,IN-SERVICE,NON-LIQUID,-10.13,
2026-06-13T02:30:00+08:00,COLLIE_ESR1,0.0,34.02,4,d538c1e0-cf28-4b9c-b5ed-8834d5b6d5b0,IN-SERVICE,NON-LIQUID,34.46,
2026-06-13T02:30:00+08:00,COLLIE_ESR1,0.0,60.0,5,d538c1e0-cf28-4b9c-b5ed-8834d5b6d5b0,IN-SERVICE,NON-LIQUID,60.77,
2026-06-13T02:30:00+08:00,COLLIE_ESR1,100.0,150.0,6,d538c1e0-cf28-4b9c-b5ed-8834d5b6d5b0,IN-SERVICE,NON-LIQUID,151.93,
2026-06-13T02:30:00+08:00,COLLIE_ESR1,100.0,250.0,7,d538c1e0-cf28-4b9c-b5ed-8834d5b6d5b0,IN-SERVICE,NON-LIQUID,253.22,
2026-06-13T02:30:00+08:00,COLLIE_ESR1,0.0,1123.33,8,d538c1e0-cf28-4b9c-b5ed-8834d5b6d5b0,IN-SERVICE,NON-LIQUID,1137.78,
2026-06-13T02:30:00+08:00,COLLIE_ESR1,0.0,1123.53,9,d538c1e0-cf28-4b9c-b5ed-8834d5b6d5b0,IN-SERVICE,NON-LIQUID,1137.98,
2026-06-13T02:30:00+08:00,COLLIE_ESR1,0.0,1678.41,10,d538c1e0-cf28-4b9c-b5ed-8834d5b6d5b0,IN-SERVICE,NON-LIQUID,1700.0,
2026-06-13T02:30:00+08:00,KWINANA_ESR2,-225.0,106.82,1,a030bf1a-aaad-4500-857c-7f9f5f4808e1,IN-SERVICE,NOT APPLICABLE,107.06,0.0
2026-06-13T02:30:00+08:00,KWINANA_ESR2,225.0,122.26,2,a030bf1a-aaad-4500-857c-7f9f5f4808e1,IN-SERVICE,NOT APPLICABLE,122.53,0.0
2026-06-13T02:30:00+08:00,COLLIE_BESS2,0.0,-987.3,1,ada9c2aa-7241-4f40-889e-751107926f68,IN-SERVICE,NON-LIQUID,-1000.0,
2026-06-13T02:30:00+08:00,COLLIE_BESS2,-150.0,-42.46,2,ada9c2aa-7241-4f40-889e-751107926f68,IN-SERVICE,NON-LIQUID,-43.01,
2026-06-13T02:30:00+08:00,COLLIE_BESS2,-150.0,-10.0,3,ada9c2aa-7241-4f40-889e-751107926f68,IN-SERVICE,NON-LIQUID,-10.13,
2026-06-13T02:30:00+08:00,COLLIE_BESS2,0.0,34.02,4,ada9c2aa-7241-4f40-889e-751107926f68,IN-SERVICE,NON-LIQUID,34.46,
2026-06-13T02:30:00+08:00,COLLIE_BESS2,0.0,60.0,5,ada9c2aa-7241-4f40-889e-751107926f68,IN-SERVICE,NON-LIQUID,60.77,
2026-06-13T02:30:00+08:00,COLLIE_BESS2,150.0,150.0,6,ada9c2aa-7241-4f40-889e-751107926f68,IN-SERVICE,NON-LIQUID,151.93,
2026-06-13T02:30:00+08:00,COLLIE_BESS2,150.0,250.0,7,ada9c2aa-7241-4f40-889e-751107926f68,IN-SERVICE,NON-LIQUID,253.22,
2026-06-13T02:30:00+08:00,COLLIE_BESS2,0.0,1123.33,8,ada9c2aa-7241-4f40-889e-751107926f68,IN-SERVICE,NON-LIQUID,1137.78,
2026-06-13T02:30:00+08:00,COLLIE_BESS2,0.0,1123.53,9,ada9c2aa-7241-4f40-889e-751107926f68,IN-SERVICE,NON-LIQUID,1137.98,
2026-06-13T02:30:00+08:00,COLLIE_BESS2,0.0,1678.41,10,ada9c2aa-7241-4f40-889e-751107926f68,IN-SERVICE,NON-LIQUID,1700.0,
2026-06-13T02:30:00+08:00,COLLIE_ESR4,-250.0,105.65,1,1514faa6-11db-48f0-a29c-695f54280c97,IN-SERVICE,NOT APPLICABLE,107.01,0.0
2026-06-13T02:30:00+08:00,COLLIE_ESR4,250.0,123.47,2,1514faa6-11db-48f0-a29c-695f54280c97,IN-SERVICE,NOT APPLICABLE,125.06,0.0
2026-06-13T02:30:00+08:00,COLLIE_ESR5,-250.0,100.55,1,a813ce39-1f94-4b5f-b4c2-946545ebd298,IN-SERVICE,NOT APPLICABLE,101.84,0.0
2026-06-13T02:30:00+08:00,COLLIE_ESR5,250.0,120.89,2,a813ce39-1f94-4b5f-b4c2-946545ebd298,IN-SERVICE,NOT APPLICABLE,122.45,0.0
2026-06-13T02:35:00+08:00,KWINANA_ESR1,-100.0,100.7,1,57afb77e-a2d8-42fb-9b14-79138aa9004b,IN-SERVICE,NOT APPLICABLE,101.02,0.0
2026-06-13T02:35:00+08:00,KWINANA_ESR1,100.0,115.46,2,57afb77e-a2d8-42fb-9b14-79138aa9004b,IN-SERVICE,NOT APPLICABLE,115.83,0.0
2026-06-13T02:35:00+08:00,COLLIE_ESR1,0.0,-987.3,1,66b40c7b-01dd-4f72-b854-9b076d3d282c,IN-SERVICE,NON-LIQUID,-1000.0,
2026-06-13T02:35:00+08:00,COLLIE_ESR1,-100.0,-42.46,2,66b40c7b-01dd-4f72-b854-9b076d3d282c,IN-SERVICE,NON-LIQUID,-43.01,
2026-06-13T02:35:00+08:00,COLLIE_ESR1,-100.0,-10.0,3,66b40c7b-01dd-4f72-b854-9b076d3d282c,IN-SERVICE,NON-LIQUID,-10.13,
2026-06-13T02:35:00+08:00,COLLIE_ESR1,0.0,34.02,4,66b40c7b-01dd-4f72-b854-9b076d3d282c,IN-SERVICE,NON-LIQUID,34.46,
2026-06-13T02:35:00+08:00,COLLIE_ESR1,0.0,60.0,5,66b40c7b-01dd-4f72-b854-9b076d3d282c,IN-SERVICE,NON-LIQUID,60.77,
2026-06-13T02:35:00+08:00,COLLIE_ESR1,100.0,150.0,6,66b40c7b-01dd-4f72-b854-9b076d3d282c,IN-SERVICE,NON-LIQUID,151.93,
2026-06-13T02:35:00+08:00,COLLIE_ESR1,100.0,250.0,7,66b40c7b-01dd-4f72-b854-9b076d3d282c,IN-SERVICE,NON-LIQUID,253.22,
2026-06-13T02:35:00+08:00,COLLIE_ESR1,0.0,1123.33,8,66b40c7b-01dd-4f72-b854-9b076d3d282c,IN-SERVICE,NON-LIQUID,1137.78,
2026-06-13T02:35:00+08:00,COLLIE_ESR1,0.0,1123.53,9,66b40c7b-01dd-4f72-b854-9b076d3d282c,IN-SERVICE,NON-LIQUID,1137.98,
2026-06-13T02:35:00+08:00,COLLIE_ESR1,0.0,1678.41,10,66b40c7b-01dd-4f72-b854-9b076d3d282c,IN-SERVICE,NON-LIQUID,1700.0,
2026-06-13T02:35:00+08:00,KWINANA_ESR2,-225.0,106.82,1,a030bf1a-aaad-4500-857c-7f9f5f4808e1,IN-SERVICE,NOT APPLICABLE,107.06,0.0
2026-06-13T02:35:00+08:00,KWINANA_ESR2,225.0,122.26,2,a030bf1a-aaad-4500-857c-7f9f5f4808e1,IN-SERVICE,NOT APPLICABLE,122.53,0.0
2026-06-13T02:35:00+08:00,COLLIE_BESS2,0.0,-987.3,1,78e0ca6c-fdca-4041-aa09-5e2363896ceb,IN-SERVICE,NON-LIQUID,-1000.0,
2026-06-13T02:35:00+08:00,COLLIE_BESS2,-150.0,-42.46,2,78e0ca6c-fdca-4041-aa09-5e2363896ceb,IN-SERVICE,NON-LIQUID,-43.01,
2026-06-13T02:35:00+08:00,COLLIE_BESS2,-150.0,-10.0,3,78e0ca6c-fdca-4041-aa09-5e2363896ceb,IN-SERVICE,NON-LIQUID,-10.13,
2026-06-13T02:35:00+08:00,COLLIE_BESS2,0.0,34.02,4,78e0ca6c-fdca-4041-aa09-5e2363896ceb,IN-SERVICE,NON-LIQUID,34.46,
2026-06-13T02:35:00+08:00,COLLIE_BESS2,0.0,60.0,5,78e0ca6c-fdca-4041-aa09-5e2363896ceb,IN-SERVICE,NON-LIQUID,60.77,
2026-06-13T02:35:00+08:00,COLLIE_BESS2,150.0,150.0,6,78e0ca6c-fdca-4041-aa09-5e2363896ceb,IN-SERVICE,NON-LIQUID,151.93,
2026-06-13T02:35:00+08:00,COLLIE_BESS2,150.0,250.0,7,78e0ca6c-fdca-4041-aa09-5e2363896ceb,IN-SERVICE,NON-LIQUID,253.22,
2026-06-13T02:35:00+08:00,COLLIE_BESS2,0.0,1123.33,8,78e0ca6c-fdca-4041-aa09-5e2363896ceb,IN-SERVICE,NON-LIQUID,1137.78,
2026-06-13T02:35:00+08:00,COLLIE_BESS2,0.0,1123.53,9,78e0ca6c-fdca-4041-aa09-5e2363896ceb,IN-SERVICE,NON-LIQUID,1137.98,
2026-06-13T02:35:00+08:00,COLLIE_BESS2,0.0,1678.41,10,78e0ca6c-fdca-4041-aa09-5e2363896ceb,IN-SERVICE,NON-LIQUID,1700.0,
2026-06-13T02:35:00+08:00,COLLIE_ESR4,-250.0,105.65,1,1514faa6-11db-48f0-a29c-695f54280c97,IN-SERVICE,NOT APPLICABLE,107.01,0.0
2026-06-13T02:35:00+08:00,COLLIE_ESR4,250.0,123.47,2,1514faa6-11db-48f0-a29c-695f54280c97,IN-SERVICE,NOT APPLICABLE,125.06,0.0
2026-06-13T02:35:00+08:00,COLLIE_ESR5,-250.0,100.55,1,a813ce39-1f94-4b5f-b4c2-946545ebd298,IN-SERVICE,NOT APPLICABLE,101.84,0.0
2026-06-13T02:35:00+08:00,COLLIE_ESR5,250.0,120.89,2,a813ce39-1f94-4b5f-b4c2-946545ebd298,IN-SERVICE,NOT APPLICABLE,122.45,0.0
2026-06-13T02:40:00+08:00,KWINANA_ESR1,-100.0,100.7,1,c55914f7-8a00-4bc8-b8e9-5cdcd6f4ef7f,IN-SERVICE,NOT APPLICABLE,101.02,0.0
2026-06-13T02:40:00+08:00,KWINANA_ESR1,100.0,115.46,2,c55914f7-8a00-4bc8-b8e9-5cdcd6f4ef7f,IN-SERVICE,NOT APPLICABLE,115.83,0.0
2026-06-13T02:40:00+08:00,COLLIE_ESR1,0.0,-987.3,1,2105d102-4b7c-42af-8e05-1b27b42a7249,IN-SERVICE,NON-LIQUID,-1000.0,
2026-06-13T02:40:00+08:00,COLLIE_ESR1,-100.0,-42.46,2,2105d102-4b7c-42af-8e05-1b27b42a7249,IN-SERVICE,NON-LIQUID,-43.01,
2026-06-13T02:40:00+08:00,COLLIE_ESR1,-100.0,-10.0,3,2105d102-4b7c-42af-8e05-1b27b42a7249,IN-SERVICE,NON-LIQUID,-10.13,
2026-06-13T02:40:00+08:00,COLLIE_ESR1,0.0,34.02,4,2105d102-4b7c-42af-8e05-1b27b42a7249,IN-SERVICE,NON-LIQUID,34.46,
2026-06-13T02:40:00+08:00,COLLIE_ESR1,0.0,60.0,5,2105d102-4b7c-42af-8e05-1b27b42a7249,IN-SERVICE,NON-LIQUID,60.77,
2026-06-13T02:40:00+08:00,COLLIE_ESR1,100.0,150.0,6,2105d102-4b7c-42af-8e05-1b27b42a7249,IN-SERVICE,NON-LIQUID,151.93,
2026-06-13T02:40:00+08:00,COLLIE_ESR1,100.0,250.0,7,2105d102-4b7c-42af-8e05-1b27b42a7249,IN-SERVICE,NON-LIQUID,253.22,
2026-06-13T02:40:00+08:00,COLLIE_ESR1,0.0,1123.33,8,2105d102-4b7c-42af-8e05-1b27b42a7249,IN-SERVICE,NON-LIQUID,1137.78,
2026-06-13T02:40:00+08:00,COLLIE_ESR1,0.0,1123.53,9,2105d102-4b7c-42af-8e05-1b27b42a7249,IN-SERVICE,NON-LIQUID,1137.98,
2026-06-13T02:40:00+08:00,COLLIE_ESR1,0.0,1678.41,10,2105d102-4b7c-42af-8e05-1b27b42a7249,IN-SERVICE,NON-LIQUID,1700.0,
2026-06-13T02:40:00+08:00,KWINANA_ESR2,-225.0,106.82,1,05696aed-7ba6-4f7d-a5ef-be46e090d663,IN-SERVICE,NOT APPLICABLE,107.06,0.0
2026-06-13T02:40:00+08:00,KWINANA_ESR2,225.0,122.26,2,05696aed-7ba6-4f7d-a5ef-be46e090d663,IN-SERVICE,NOT APPLICABLE,122.53,0.0
2026-06-13T02:40:00+08:00,COLLIE_BESS2,0.0,-987.3,1,1dea176a-913f-4d80-bd1a-0238df41f045,IN-SERVICE,NON-LIQUID,-1000.0,
2026-06-13T02:40:00+08:00,COLLIE_BESS2,-150.0,-42.46,2,1dea176a-913f-4d80-bd1a-0238df41f045,IN-SERVICE,NON-LIQUID,-43.01,
2026-06-13T02:40:00+08:00,COLLIE_BESS2,-150.0,-10.0,3,1dea176a-913f-4d80-bd1a-0238df41f045,IN-SERVICE,NON-LIQUID,-10.13,
2026-06-13T02:40:00+08:00,COLLIE_BESS2,0.0,34.02,4,1dea176a-913f-4d80-bd1a-0238df41f045,IN-SERVICE,NON-LIQUID,34.46,
2026-06-13T02:40:00+08:00,COLLIE_BESS2,0.0,60.0,5,1dea176a-913f-4d80-bd1a-0238df41f045,IN-SERVICE,NON-LIQUID,60.77,
2026-06-13T02:40:00+08:00,COLLIE_BESS2,150.0,150.0,6,1dea176a-913f-4d80-bd1a-0238df41f045,IN-SERVICE,NON-LIQUID,151.93,
2026-06-13T02:40:00+08:00,COLLIE_BESS2,150.0,250.0,7,1dea176a-913f-4d80-bd1a-0238df41f045,IN-SERVICE,NON-LIQUID,253.22,
2026-06-13T02:40:00+08:00,COLLIE_BESS2,0.0,1123.33,8,1dea176a-913f-4d80-bd1a-0238df41f045,IN-SERVICE,NON-LIQUID,1137.78,
2026-06-13T02:40:00+08:00,COLLIE_BESS2,0.0,1123.53,9,1dea176a-913f-4d80-bd1a-0238df41f045,IN-SERVICE,NON-LIQUID,1137.98,
2026-06-13T02:40:00+08:00,COLLIE_BESS2,0.0,1678.41,10,1dea176a-913f-4d80-bd1a-0238df41f045,IN-SERVICE,NON-LIQUID,1700.0,
2026-06-13T02:40:00+08:00,COLLIE_ESR4,-250.0,105.65,1,d5ee3d3f-28ea-4288-aaab-47ee200780c0,IN-SERVICE,NOT APPLICABLE,107.01,0.0
2026-06-13T02:40:00+08:00,COLLIE_ESR4,250.0,122.3,2,d5ee3d3f-28ea-4288-aaab-47ee200780c0,IN-SERVICE,NOT APPLICABLE,123.87,0.0
2026-06-13T02:40:00+08:00,COLLIE_ESR5,-250.0,100.91,1,9a7a40f5-f4c9-4880-8cde-55a1f1700b64,IN-SERVICE,NOT APPLICABLE,102.21,0.0
2026-06-13T02:40:00+08:00,COLLIE_ESR5,250.0,116.04,2,9a7a40f5-f4c9-4880-8cde-55a1f1700b64,IN-SERVICE,NOT APPLICABLE,117.53,0.0
2026-06-13T02:45:00+08:00,KWINANA_ESR1,-100.0,100.7,1,c55914f7-8a00-4bc8-b8e9-5cdcd6f4ef7f,IN-SERVICE,NOT APPLICABLE,101.02,0.0
2026-06-13T02:45:00+08:00,KWINANA_ESR1,100.0,115.46,2,c55914f7-8a00-4bc8-b8e9-5cdcd6f4ef7f,IN-SERVICE,NOT APPLICABLE,115.83,0.0
2026-06-13T02:45:00+08:00,COLLIE_ESR1,0.0,-987.3,1,c43835a5-ad4d-4716-bbcf-8e27ee5b38fb,IN-SERVICE,NON-LIQUID,-1000.0,
2026-06-13T02:45:00+08:00,COLLIE_ESR1,-100.0,-42.46,2,c43835a5-ad4d-4716-bbcf-8e27ee5b38fb,IN-SERVICE,NON-LIQUID,-43.01,
2026-06-13T02:45:00+08:00,COLLIE_ESR1,-100.0,-10.0,3,c43835a5-ad4d-4716-bbcf-8e27ee5b38fb,IN-SERVICE,NON-LIQUID,-10.13,
2026-06-13T02:45:00+08:00,COLLIE_ESR1,0.0,34.02,4,c43835a5-ad4d-4716-bbcf-8e27ee5b38fb,IN-SERVICE,NON-LIQUID,34.46,
2026-06-13T02:45:00+08:00,COLLIE_ESR1,0.0,60.0,5,c43835a5-ad4d-4716-bbcf-8e27ee5b38fb,IN-SERVICE,NON-LIQUID,60.77,
2026-06-13T02:45:00+08:00,COLLIE_ESR1,100.0,150.0,6,c43835a5-ad4d-4716-bbcf-8e27ee5b38fb,IN-SERVICE,NON-LIQUID,151.93,
2026-06-13T02:45:00+08:00,COLLIE_ESR1,100.0,250.0,7,c43835a5-ad4d-4716-bbcf-8e27ee5b38fb,IN-SERVICE,NON-LIQUID,253.22,
2026-06-13T02:45:00+08:00,COLLIE_ESR1,0.0,1123.33,8,c43835a5-ad4d-4716-bbcf-8e27ee5b38fb,IN-SERVICE,NON-LIQUID,1137.78,
2026-06-13T02:45:00+08:00,COLLIE_ESR1,0.0,1123.53,9,c43835a5-ad4d-4716-bbcf-8e27ee5b38fb,IN-SERVICE,NON-LIQUID,1137.98,
2026-06-13T02:45:00+08:00,COLLIE_ESR1,0.0,1678.41,10,c43835a5-ad4d-4716-bbcf-8e27ee5b38fb,IN-SERVICE,NON-LIQUID,1700.0,
2026-06-13T02:45:00+08:00,KWINANA_ESR2,-225.0,106.82,1,05696aed-7ba6-4f7d-a5ef-be46e090d663,IN-SERVICE,NOT APPLICABLE,107.06,0.0
2026-06-13T02:45:00+08:00,KWINANA_ESR2,225.0,122.26,2,05696aed-7ba6-4f7d-a5ef-be46e090d663,IN-SERVICE,NOT APPLICABLE,122.53,0.0
2026-06-13T02:45:00+08:00,COLLIE_BESS2,0.0,-987.3,1,4f3b9762-04a8-4624-a243-ef56b7996ba4,IN-SERVICE,NON-LIQUID,-1000.0,
2026-06-13T02:45:00+08:00,COLLIE_BESS2,-150.0,-42.46,2,4f3b9762-04a8-4624-a243-ef56b7996ba4,IN-SERVICE,NON-LIQUID,-43.01,
2026-06-13T02:45:00+08:00,COLLIE_BESS2,-150.0,-10.0,3,4f3b9762-04a8-4624-a243-ef56b7996ba4,IN-SERVICE,NON-LIQUID,-10.13,
2026-06-13T02:45:00+08:00,COLLIE_BESS2,0.0,34.02,4,4f3b9762-04a8-4624-a243-ef56b7996ba4,IN-SERVICE,NON-LIQUID,34.46,
2026-06-13T02:45:00+08:00,COLLIE_BESS2,0.0,60.0,5,4f3b9762-04a8-4624-a243-ef56b7996ba4,IN-SERVICE,NON-LIQUID,60.77,
2026-06-13T02:45:00+08:00,COLLIE_BESS2,150.0,150.0,6,4f3b9762-04a8-4624-a243-ef56b7996ba4,IN-SERVICE,NON-LIQUID,151.93,
2026-06-13T02:45:00+08:00,COLLIE_BESS2,150.0,250.0,7,4f3b9762-04a8-4624-a243-ef56b7996ba4,IN-SERVICE,NON-LIQUID,253.22,
2026-06-13T02:45:00+08:00,COLLIE_BESS2,0.0,1123.33,8,4f3b9762-04a8-4624-a243-ef56b7996ba4,IN-SERVICE,NON-LIQUID,1137.78,
2026-06-13T02:45:00+08:00,COLLIE_BESS2,0.0,1123.53,9,4f3b9762-04a8-4624-a243-ef56b7996ba4,IN-SERVICE,NON-LIQUID,1137.98,
2026-06-13T02:45:00+08:00,COLLIE_BESS2,0.0,1678.41,10,4f3b9762-04a8-4624-a243-ef56b7996ba4,IN-SERVICE,NON-LIQUID,1700.0,
2026-06-13T02:45:00+08:00,COLLIE_ESR4,-250.0,105.65,1,d5ee3d3f-28ea-4288-aaab-47ee200780c0,IN-SERVICE,NOT APPLICABLE,107.01,0.0
2026-06-13T02:45:00+08:00,COLLIE_ESR4,250.0,122.3,2,d5ee3d3f-28ea-4288-aaab-47ee200780c0,IN-SERVICE,NOT APPLICABLE,123.87,0.0
2026-06-13T02:45:00+08:00,COLLIE_ESR5,-250.0,100.91,1,9a7a40f5-f4c9-4880-8cde-55a1f1700b64,IN-SERVICE,NOT APPLICABLE,102.21,0.0
2026-06-13T02:45:00+08:00,COLLIE_ESR5,250.0,116.04,2,9a7a40f5-f4c9-4880-8cde-55a1f1700b64,IN-SERVICE,NOT APPLICABLE,117.53,0.0
2026-06-13T02:50:00+08:00,KWINANA_ESR1,-100.0,101.77,1,c55914f7-8a00-4bc8-b8e9-5cdcd6f4ef7f,IN-SERVICE,NOT APPLICABLE,102.1,0.0
2026-06-13T02:50:00+08:00,KWINANA_ESR1,100.0,116.53,2,c55914f7-8a00-4bc8-b8e9-5cdcd6f4ef7f,IN-SERVICE,NOT APPLICABLE,116.9,0.0
2026-06-13T02:50:00+08:00,COLLIE_ESR1,0.0,-987.3,1,ac423f9d-6fd9-4a2c-884c-a5df2a53cfaf,IN-SERVICE,NON-LIQUID,-1000.0,
2026-06-13T02:50:00+08:00,COLLIE_ESR1,-100.0,-42.46,2,ac423f9d-6fd9-4a2c-884c-a5df2a53cfaf,IN-SERVICE,NON-LIQUID,-43.01,
2026-06-13T02:50:00+08:00,COLLIE_ESR1,-100.0,-10.0,3,ac423f9d-6fd9-4a2c-884c-a5df2a53cfaf,IN-SERVICE,NON-LIQUID,-10.13,
2026-06-13T02:50:00+08:00,COLLIE_ESR1,0.0,34.02,4,ac423f9d-6fd9-4a2c-884c-a5df2a53cfaf,IN-SERVICE,NON-LIQUID,34.46,
2026-06-13T02:50:00+08:00,COLLIE_ESR1,0.0,60.0,5,ac423f9d-6fd9-4a2c-884c-a5df2a53cfaf,IN-SERVICE,NON-LIQUID,60.77,
2026-06-13T02:50:00+08:00,COLLIE_ESR1,100.0,150.0,6,ac423f9d-6fd9-4a2c-884c-a5df2a53cfaf,IN-SERVICE,NON-LIQUID,151.93,
2026-06-13T02:50:00+08:00,COLLIE_ESR1,100.0,250.0,7,ac423f9d-6fd9-4a2c-884c-a5df2a53cfaf,IN-SERVICE,NON-LIQUID,253.22,
2026-06-13T02:50:00+08:00,COLLIE_ESR1,0.0,1123.33,8,ac423f9d-6fd9-4a2c-884c-a5df2a53cfaf,IN-SERVICE,NON-LIQUID,1137.78,
2026-06-13T02:50:00+08:00,COLLIE_ESR1,0.0,1123.53,9,ac423f9d-6fd9-4a2c-884c-a5df2a53cfaf,IN-SERVICE,NON-LIQUID,1137.98,
2026-06-13T02:50:00+08:00,COLLIE_ESR1,0.0,1678.41,10,ac423f9d-6fd9-4a2c-884c-a5df2a53cfaf,IN-SERVICE,NON-LIQUID,1700.0,
2026-06-13T02:50:00+08:00,KWINANA_ESR2,-225.0,106.82,1,05696aed-7ba6-4f7d-a5ef-be46e090d663,IN-SERVICE,NOT APPLICABLE,107.06,0.0
2026-06-13T02:50:00+08:00,KWINANA_ESR2,225.0,122.26,2,05696aed-7ba6-4f7d-a5ef-be46e090d663,IN-SERVICE,NOT APPLICABLE,122.53,0.0
2026-06-13T02:50:00+08:00,COLLIE_BESS2,0.0,-987.3,1,8e5baf37-1456-4567-932f-894cd69cfbd2,IN-SERVICE,NON-LIQUID,-1000.0,
2026-06-13T02:50:00+08:00,COLLIE_BESS2,-150.0,-42.46,2,8e5baf37-1456-4567-932f-894cd69cfbd2,IN-SERVICE,NON-LIQUID,-43.01,
2026-06-13T02:50:00+08:00,COLLIE_BESS2,-150.0,-10.0,3,8e5baf37-1456-4567-932f-894cd69cfbd2,IN-SERVICE,NON-LIQUID,-10.13,
2026-06-13T02:50:00+08:00,COLLIE_BESS2,0.0,34.02,4,8e5baf37-1456-4567-932f-894cd69cfbd2,IN-SERVICE,NON-LIQUID,34.46,
2026-06-13T02:50:00+08:00,COLLIE_BESS2,0.0,60.0,5,8e5baf37-1456-4567-932f-894cd69cfbd2,IN-SERVICE,NON-LIQUID,60.77,
2026-06-13T02:50:00+08:00,COLLIE_BESS2,150.0,150.0,6,8e5baf37-1456-4567-932f-894cd69cfbd2,IN-SERVICE,NON-LIQUID,151.93,
2026-06-13T02:50:00+08:00,COLLIE_BESS2,150.0,250.0,7,8e5baf37-1456-4567-932f-894cd69cfbd2,IN-SERVICE,NON-LIQUID,253.22,
2026-06-13T02:50:00+08:00,COLLIE_BESS2,0.0,1123.33,8,8e5baf37-1456-4567-932f-894cd69cfbd2,IN-SERVICE,NON-LIQUID,1137.78,
2026-06-13T02:50:00+08:00,COLLIE_BESS2,0.0,1123.53,9,8e5baf37-1456-4567-932f-894cd69cfbd2,IN-SERVICE,NON-LIQUID,1137.98,
2026-06-13T02:50:00+08:00,COLLIE_BESS2,0.0,1678.41,10,8e5baf37-1456-4567-932f-894cd69cfbd2,IN-SERVICE,NON-LIQUID,1700.0,
2026-06-13T02:50:00+08:00,COLLIE_ESR4,-250.0,105.65,1,d5ee3d3f-28ea-4288-aaab-47ee200780c0,IN-SERVICE,NOT APPLICABLE,107.01,0.0
2026-06-13T02:50:00+08:00,COLLIE_ESR4,250.0,122.3,2,d5ee3d3f-28ea-4288-aaab-47ee200780c0,IN-SERVICE,NOT APPLICABLE,123.87,0.0
2026-06-13T02:50:00+08:00,COLLIE_ESR5,-250.0,100.91,1,9a7a40f5-f4c9-4880-8cde-55a1f1700b64,IN-SERVICE,NOT APPLICABLE,102.21,0.0
2026-06-13T02:50:00+08:00,COLLIE_ESR5,250.0,116.04,2,9a7a40f5-f4c9-4880-8cde-55a1f1700b64,IN-SERVICE,NOT APPLICABLE,117.53,0.0
2026-06-13T02:55:00+08:00,KWINANA_ESR1,-100.0,99.34,1,41f7d756-858a-4068-b43f-d805aa27db3f,IN-SERVICE,NOT APPLICABLE,99.66,0.0
2026-06-13T02:55:00+08:00,KWINANA_ESR1,100.0,114.1,2,41f7d756-858a-4068-b43f-d805aa27db3f,IN-SERVICE,NOT APPLICABLE,114.47,0.0
2026-06-13T02:55:00+08:00,COLLIE_ESR1,0.0,-987.3,1,ac423f9d-6fd9-4a2c-884c-a5df2a53cfaf,IN-SERVICE,NON-LIQUID,-1000.0,
2026-06-13T02:55:00+08:00,COLLIE_ESR1,-100.0,-42.46,2,ac423f9d-6fd9-4a2c-884c-a5df2a53cfaf,IN-SERVICE,NON-LIQUID,-43.01,
2026-06-13T02:55:00+08:00,COLLIE_ESR1,-100.0,-10.0,3,ac423f9d-6fd9-4a2c-884c-a5df2a53cfaf,IN-SERVICE,NON-LIQUID,-10.13,
2026-06-13T02:55:00+08:00,COLLIE_ESR1,0.0,34.02,4,ac423f9d-6fd9-4a2c-884c-a5df2a53cfaf,IN-SERVICE,NON-LIQUID,34.46,
2026-06-13T02:55:00+08:00,COLLIE_ESR1,0.0,60.0,5,ac423f9d-6fd9-4a2c-884c-a5df2a53cfaf,IN-SERVICE,NON-LIQUID,60.77,
2026-06-13T02:55:00+08:00,COLLIE_ESR1,100.0,150.0,6,ac423f9d-6fd9-4a2c-884c-a5df2a53cfaf,IN-SERVICE,NON-LIQUID,151.93,
2026-06-13T02:55:00+08:00,COLLIE_ESR1,100.0,250.0,7,ac423f9d-6fd9-4a2c-884c-a5df2a53cfaf,IN-SERVICE,NON-LIQUID,253.22,
2026-06-13T02:55:00+08:00,COLLIE_ESR1,0.0,1123.33,8,ac423f9d-6fd9-4a2c-884c-a5df2a53cfaf,IN-SERVICE,NON-LIQUID,1137.78,
2026-06-13T02:55:00+08:00,COLLIE_ESR1,0.0,1123.53,9,ac423f9d-6fd9-4a2c-884c-a5df2a53cfaf,IN-SERVICE,NON-LIQUID,1137.98,
2026-06-13T02:55:00+08:00,COLLIE_ESR1,0.0,1678.41,10,ac423f9d-6fd9-4a2c-884c-a5df2a53cfaf,IN-SERVICE,NON-LIQUID,1700.0,
2026-06-13T02:55:00+08:00,KWINANA_ESR2,-225.0,101.91,1,4a915de3-49c3-4d99-914a-2a429b0d9f30,IN-SERVICE,NOT APPLICABLE,102.13,0.0
2026-06-13T02:55:00+08:00,KWINANA_ESR2,225.0,117.35,2,4a915de3-49c3-4d99-914a-2a429b0d9f30,IN-SERVICE,NOT APPLICABLE,117.61,0.0
2026-06-13T02:55:00+08:00,COLLIE_BESS2,0.0,-987.3,1,85a1e3c2-d2da-4812-844d-0cef8a45dd08,IN-SERVICE,NON-LIQUID,-1000.0,
2026-06-13T02:55:00+08:00,COLLIE_BESS2,-150.0,-42.46,2,85a1e3c2-d2da-4812-844d-0cef8a45dd08,IN-SERVICE,NON-LIQUID,-43.01,
2026-06-13T02:55:00+08:00,COLLIE_BESS2,-150.0,-10.0,3,85a1e3c2-d2da-4812-844d-0cef8a45dd08,IN-SERVICE,NON-LIQUID,-10.13,
2026-06-13T02:55:00+08:00,COLLIE_BESS2,0.0,34.02,4,85a1e3c2-d2da-4812-844d-0cef8a45dd08,IN-SERVICE,NON-LIQUID,34.46,
2026-06-13T02:55:00+08:00,COLLIE_BESS2,0.0,60.0,5,85a1e3c2-d2da-4812-844d-0cef8a45dd08,IN-SERVICE,NON-LIQUID,60.77,
2026-06-13T02:55:00+08:00,COLLIE_BESS2,150.0,150.0,6,85a1e3c2-d2da-4812-844d-0cef8a45dd08,IN-SERVICE,NON-LIQUID,151.93,
2026-06-13T02:55:00+08:00,COLLIE_BESS2,150.0,250.0,7,85a1e3c2-d2da-4812-844d-0cef8a45dd08,IN-SERVICE,NON-LIQUID,253.22,
2026-06-13T02:55:00+08:00,COLLIE_BESS2,0.0,1123.33,8,85a1e3c2-d2da-4812-844d-0cef8a45dd08,IN-SERVICE,NON-LIQUID,1137.78,
2026-06-13T02:55:00+08:00,COLLIE_BESS2,0.0,1123.53,9,85a1e3c2-d2da-4812-844d-0cef8a45dd08,IN-SERVICE,NON-LIQUID,1137.98,
2026-06-13T02:55:00+08:00,COLLIE_BESS2,0.0,1678.41,10,85a1e3c2-d2da-4812-844d-0cef8a45dd08,IN-SERVICE,NON-LIQUID,1700.0,
2026-06-13T02:55:00+08:00,COLLIE_ESR4,-250.0,105.65,1,e1ce7d1f-74e0-4213-aeda-379744683c04,IN-SERVICE,NOT APPLICABLE,107.01,0.0
2026-06-13T02:55:00+08:00,COLLIE_ESR4,250.0,122.3,2,e1ce7d1f-74e0-4213-aeda-379744683c04,IN-SERVICE,NOT APPLICABLE,123.87,0.0
2026-06-13T02:55:00+08:00,COLLIE_ESR5,-250.0,100.91,1,2a751abc-d357-4fa9-9b29-11d12ad56892,IN-SERVICE,NOT APPLICABLE,102.21,0.0
2026-06-13T02:55:00+08:00,COLLIE_ESR5,250.0,120.89,2,2a751abc-d357-4fa9-9b29-11d12ad56892,IN-SERVICE,NOT APPLICABLE,122.45,0.0
2026-06-13T03:00:00+08:00,KWINANA_ESR1,-100.0,99.34,1,41f7d756-858a-4068-b43f-d805aa27db3f,IN-SERVICE,NOT APPLICABLE,99.66,0.0
2026-06-13T03:00:00+08:00,KWINANA_ESR1,100.0,114.1,2,41f7d756-858a-4068-b43f-d805aa27db3f,IN-SERVICE,NOT APPLICABLE,114.47,0.0
2026-06-13T03:00:00+08:00,COLLIE_ESR1,0.0,-987.3,1,4893e3aa-b5a9-4f60-90be-91f22a283743,IN-SERVICE,NON-LIQUID,-1000.0,
2026-06-13T03:00:00+08:00,COLLIE_ESR1,-100.0,-42.46,2,4893e3aa-b5a9-4f60-90be-91f22a283743,IN-SERVICE,NON-LIQUID,-43.01,
2026-06-13T03:00:00+08:00,COLLIE_ESR1,-100.0,-10.0,3,4893e3aa-b5a9-4f60-90be-91f22a283743,IN-SERVICE,NON-LIQUID,-10.13,
2026-06-13T03:00:00+08:00,COLLIE_ESR1,0.0,34.02,4,4893e3aa-b5a9-4f60-90be-91f22a283743,IN-SERVICE,NON-LIQUID,34.46,
2026-06-13T03:00:00+08:00,COLLIE_ESR1,0.0,60.0,5,4893e3aa-b5a9-4f60-90be-91f22a283743,IN-SERVICE,NON-LIQUID,60.77,
2026-06-13T03:00:00+08:00,COLLIE_ESR1,100.0,150.0,6,4893e3aa-b5a9-4f60-90be-91f22a283743,IN-SERVICE,NON-LIQUID,151.93,
2026-06-13T03:00:00+08:00,COLLIE_ESR1,100.0,250.0,7,4893e3aa-b5a9-4f60-90be-91f22a283743,IN-SERVICE,NON-LIQUID,253.22,
2026-06-13T03:00:00+08:00,COLLIE_ESR1,0.0,1123.33,8,4893e3aa-b5a9-4f60-90be-91f22a283743,IN-SERVICE,NON-LIQUID,1137.78,
2026-06-13T03:00:00+08:00,COLLIE_ESR1,0.0,1123.53,9,4893e3aa-b5a9-4f60-90be-91f22a283743,IN-SERVICE,NON-LIQUID,1137.98,
2026-06-13T03:00:00+08:00,COLLIE_ESR1,0.0,1678.41,10,4893e3aa-b5a9-4f60-90be-91f22a283743,IN-SERVICE,NON-LIQUID,1700.0,
2026-06-13T03:00:00+08:00,KWINANA_ESR2,-225.0,101.91,1,4a915de3-49c3-4d99-914a-2a429b0d9f30,IN-SERVICE,NOT APPLICABLE,102.13,0.0
2026-06-13T03:00:00+08:00,KWINANA_ESR2,225.0,117.35,2,4a915de3-49c3-4d99-914a-2a429b0d9f30,IN-SERVICE,NOT APPLICABLE,117.61,0.0
2026-06-13T03:00:00+08:00,COLLIE_BESS2,0.0,-987.3,1,286ab4aa-56ab-4f34-b4a3-f8d03f661b41,IN-SERVICE,NON-LIQUID,-1000.0,
2026-06-13T03:00:00+08:00,COLLIE_BESS2,-150.0,-42.46,2,286ab4aa-56ab-4f34-b4a3-f8d03f661b41,IN-SERVICE,NON-LIQUID,-43.01,
2026-06-13T03:00:00+08:00,COLLIE_BESS2,-150.0,-10.0,3,286ab4aa-56ab-4f34-b4a3-f8d03f661b41,IN-SERVICE,NON-LIQUID,-10.13,
2026-06-13T03:00:00+08:00,COLLIE_BESS2,0.0,34.02,4,286ab4aa-56ab-4f34-b4a3-f8d03f661b41,IN-SERVICE,NON-LIQUID,34.46,
2026-06-13T03:00:00+08:00,COLLIE_BESS2,0.0,60.0,5,286ab4aa-56ab-4f34-b4a3-f8d03f661b41,IN-SERVICE,NON-LIQUID,60.77,
2026-06-13T03:00:00+08:00,COLLIE_BESS2,150.0,150.0,6,286ab4aa-56ab-4f34-b4a3-f8d03f661b41,IN-SERVICE,NON-LIQUID,151.93,
2026-06-13T03:00:00+08:00,COLLIE_BESS2,150.0,250.0,7,286ab4aa-56ab-4f34-b4a3-f8d03f661b41,IN-SERVICE,NON-LIQUID,253.22,
2026-06-13T03:00:00+08:00,COLLIE_BESS2,0.0,1123.33,8,286ab4aa-56ab-4f34-b4a3-f8d03f661b41,IN-SERVICE,NON-LIQUID,1137.78,
2026-06-13T03:00:00+08:00,COLLIE_BESS2,0.0,1123.53,9,286ab4aa-56ab-4f34-b4a3-f8d03f661b41,IN-SERVICE,NON-LIQUID,1137.98,
2026-06-13T03:00:00+08:00,COLLIE_BESS2,0.0,1678.41,10,286ab4aa-56ab-4f34-b4a3-f8d03f661b41,IN-SERVICE,NON-LIQUID,1700.0,
2026-06-13T03:00:00+08:00,COLLIE_ESR4,-250.0,105.65,1,e1ce7d1f-74e0-4213-aeda-379744683c04,IN-SERVICE,NOT APPLICABLE,107.01,0.0
2026-06-13T03:00:00+08:00,COLLIE_ESR4,250.0,122.3,2,e1ce7d1f-74e0-4213-aeda-379744683c04,IN-SERVICE,NOT APPLICABLE,123.87,0.0
2026-06-13T03:00:00+08:00,COLLIE_ESR5,-250.0,100.91,1,2a751abc-d357-4fa9-9b29-11d12ad56892,IN-SERVICE,NOT APPLICABLE,102.21,0.0
2026-06-13T03:00:00+08:00,COLLIE_ESR5,250.0,120.89,2,2a751abc-d357-4fa9-9b29-11d12ad56892,IN-SERVICE,NOT APPLICABLE,122.45,0.0
2026-06-13T03:05:00+08:00,KWINANA_ESR1,-100.0,99.34,1,41f7d756-858a-4068-b43f-d805aa27db3f,IN-SERVICE,NOT APPLICABLE,99.66,0.0
2026-06-13T03:05:00+08:00,KWINANA_ESR1,100.0,114.1,2,41f7d756-858a-4068-b43f-d805aa27db3f,IN-SERVICE,NOT APPLICABLE,114.47,0.0
2026-06-13T03:05:00+08:00,COLLIE_ESR1,0.0,-987.3,1,6357c50e-367a-4395-9688-a97ad5779c95,IN-SERVICE,NON-LIQUID,-1000.0,
2026-06-13T03:05:00+08:00,COLLIE_ESR1,-100.0,-42.46,2,6357c50e-367a-4395-9688-a97ad5779c95,IN-SERVICE,NON-LIQUID,-43.01,
2026-06-13T03:05:00+08:00,COLLIE_ESR1,-100.0,-10.0,3,6357c50e-367a-4395-9688-a97ad5779c95,IN-SERVICE,NON-LIQUID,-10.13,
2026-06-13T03:05:00+08:00,COLLIE_ESR1,0.0,34.02,4,6357c50e-367a-4395-9688-a97ad5779c95,IN-SERVICE,NON-LIQUID,34.46,
2026-06-13T03:05:00+08:00,COLLIE_ESR1,0.0,60.0,5,6357c50e-367a-4395-9688-a97ad5779c95,IN-SERVICE,NON-LIQUID,60.77,
2026-06-13T03:05:00+08:00,COLLIE_ESR1,100.0,150.0,6,6357c50e-367a-4395-9688-a97ad5779c95,IN-SERVICE,NON-LIQUID,151.93,
2026-06-13T03:05:00+08:00,COLLIE_ESR1,100.0,250.0,7,6357c50e-367a-4395-9688-a97ad5779c95,IN-SERVICE,NON-LIQUID,253.22,
2026-06-13T03:05:00+08:00,COLLIE_ESR1,0.0,1123.33,8,6357c50e-367a-4395-9688-a97ad5779c95,IN-SERVICE,NON-LIQUID,1137.78,
2026-06-13T03:05:00+08:00,COLLIE_ESR1,0.0,1123.53,9,6357c50e-367a-4395-9688-a97ad5779c95,IN-SERVICE,NON-LIQUID,1137.98,
2026-06-13T03:05:00+08:00,COLLIE_ESR1,0.0,1678.41,10,6357c50e-367a-4395-9688-a97ad5779c95,IN-SERVICE,NON-LIQUID,1700.0,
2026-06-13T03:05:00+08:00,KWINANA_ESR2,-225.0,101.91,1,4a915de3-49c3-4d99-914a-2a429b0d9f30,IN-SERVICE,NOT APPLICABLE,102.13,0.0
2026-06-13T03:05:00+08:00,KWINANA_ESR2,225.0,117.35,2,4a915de3-49c3-4d99-914a-2a429b0d9f30,IN-SERVICE,NOT APPLICABLE,117.61,0.0
2026-06-13T03:05:00+08:00,COLLIE_BESS2,0.0,-987.3,1,a24f2562-18b4-4bfb-9c1c-09eb7e0a2b32,IN-SERVICE,NON-LIQUID,-1000.0,
2026-06-13T03:05:00+08:00,COLLIE_BESS2,-150.0,-42.46,2,a24f2562-18b4-4bfb-9c1c-09eb7e0a2b32,IN-SERVICE,NON-LIQUID,-43.01,
2026-06-13T03:05:00+08:00,COLLIE_BESS2,-150.0,-10.0,3,a24f2562-18b4-4bfb-9c1c-09eb7e0a2b32,IN-SERVICE,NON-LIQUID,-10.13,
2026-06-13T03:05:00+08:00,COLLIE_BESS2,0.0,34.02,4,a24f2562-18b4-4bfb-9c1c-09eb7e0a2b32,IN-SERVICE,NON-LIQUID,34.46,
2026-06-13T03:05:00+08:00,COLLIE_BESS2,0.0,60.0,5,a24f2562-18b4-4bfb-9c1c-09eb7e0a2b32,IN-SERVICE,NON-LIQUID,60.77,
2026-06-13T03:05:00+08:00,COLLIE_BESS2,150.0,150.0,6,a24f2562-18b4-4bfb-9c1c-09eb7e0a2b32,IN-SERVICE,NON-LIQUID,151.93,
2026-06-13T03:05:00+08:00,COLLIE_BESS2,150.0,250.0,7,a24f2562-18b4-4bfb-9c1c-09eb7e0a2b32,IN-SERVICE,NON-LIQUID,253.22,
2026-06-13T03:05:00+08:00,COLLIE_BESS2,0.0,1123.33,8,a24f2562-18b4-4bfb-9c1c-09eb7e0a2b32,IN-SERVICE,NON-LIQUID,1137.78,
2026-06-13T03:05:00+08:00,COLLIE_BESS2,0.0,1123.53,9,a24f2562-18b4-4bfb-9c1c-09eb7e0a2b32,IN-SERVICE,NON-LIQUID,1137.98,
2026-06-13T03:05:00+08:00,COLLIE_BESS2,0.0,1678.41,10,a24f2562-18b4-4bfb-9c1c-09eb7e0a2b32,IN-SERVICE,NON-LIQUID,1700.0,
2026-06-13T03:05:00+08:00,COLLIE_ESR4,-250.0,105.65,1,e1ce7d1f-74e0-4213-aeda-379744683c04,IN-SERVICE,NOT APPLICABLE,107.01,0.0
2026-06-13T03:05:00+08:00,COLLIE_ESR4,250.0,122.3,2,e1ce7d1f-74e0-4213-aeda-379744683c04,IN-SERVICE,NOT APPLICABLE,123.87,0.0
2026-06-13T03:05:00+08:00,COLLIE_ESR5,-250.0,100.91,1,2a751abc-d357-4fa9-9b29-11d12ad56892,IN-SERVICE,NOT APPLICABLE,102.21,0.0
2026-06-13T03:05:00+08:00,COLLIE_ESR5,250.0,120.89,2,2a751abc-d357-4fa9-9b29-11d12ad56892,IN-SERVICE,NOT APPLICABLE,122.45,0.0
2026-06-13T03:10:00+08:00,KWINANA_ESR1,-100.0,99.29,1,984fc91a-cc5f-4cfd-8986-76515a14719f,IN-SERVICE,NOT APPLICABLE,99.61,0.0
2026-06-13T03:10:00+08:00,KWINANA_ESR1,100.0,114.05,2,984fc91a-cc5f-4cfd-8986-76515a14719f,IN-SERVICE,NOT APPLICABLE,114.42,0.0
2026-06-13T03:10:00+08:00,COLLIE_ESR1,0.0,-987.3,1,847b2981-e852-4c80-b08f-5b14ff9815b2,IN-SERVICE,NON-LIQUID,-1000.0,
2026-06-13T03:10:00+08:00,COLLIE_ESR1,-100.0,-42.46,2,847b2981-e852-4c80-b08f-5b14ff9815b2,IN-SERVICE,NON-LIQUID,-43.01,
2026-06-13T03:10:00+08:00,COLLIE_ESR1,-100.0,-10.0,3,847b2981-e852-4c80-b08f-5b14ff9815b2,IN-SERVICE,NON-LIQUID,-10.13,
2026-06-13T03:10:00+08:00,COLLIE_ESR1,0.0,34.02,4,847b2981-e852-4c80-b08f-5b14ff9815b2,IN-SERVICE,NON-LIQUID,34.46,
2026-06-13T03:10:00+08:00,COLLIE_ESR1,0.0,60.0,5,847b2981-e852-4c80-b08f-5b14ff9815b2,IN-SERVICE,NON-LIQUID,60.77,
2026-06-13T03:10:00+08:00,COLLIE_ESR1,100.0,150.0,6,847b2981-e852-4c80-b08f-5b14ff9815b2,IN-SERVICE,NON-LIQUID,151.93,
2026-06-13T03:10:00+08:00,COLLIE_ESR1,100.0,250.0,7,847b2981-e852-4c80-b08f-5b14ff9815b2,IN-SERVICE,NON-LIQUID,253.22,
2026-06-13T03:10:00+08:00,COLLIE_ESR1,0.0,1123.33,8,847b2981-e852-4c80-b08f-5b14ff9815b2,IN-SERVICE,NON-LIQUID,1137.78,
2026-06-13T03:10:00+08:00,COLLIE_ESR1,0.0,1123.53,9,847b2981-e852-4c80-b08f-5b14ff9815b2,IN-SERVICE,NON-LIQUID,1137.98,
2026-06-13T03:10:00+08:00,COLLIE_ESR1,0.0,1678.41,10,847b2981-e852-4c80-b08f-5b14ff9815b2,IN-SERVICE,NON-LIQUID,1700.0,
2026-06-13T03:10:00+08:00,KWINANA_ESR2,-225.0,99.05,1,4a878b9f-d5ba-48bd-99a5-b6b49701fe8f,IN-SERVICE,NOT APPLICABLE,99.27,0.0
2026-06-13T03:10:00+08:00,KWINANA_ESR2,225.0,114.5,2,4a878b9f-d5ba-48bd-99a5-b6b49701fe8f,IN-SERVICE,NOT APPLICABLE,114.75,0.0
2026-06-13T03:10:00+08:00,COLLIE_BESS2,0.0,-987.3,1,692daefa-78ed-45ac-918b-bd2b55cafaa2,IN-SERVICE,NON-LIQUID,-1000.0,
2026-06-13T03:10:00+08:00,COLLIE_BESS2,-150.0,-42.46,2,692daefa-78ed-45ac-918b-bd2b55cafaa2,IN-SERVICE,NON-LIQUID,-43.01,
2026-06-13T03:10:00+08:00,COLLIE_BESS2,-150.0,-10.0,3,692daefa-78ed-45ac-918b-bd2b55cafaa2,IN-SERVICE,NON-LIQUID,-10.13,
2026-06-13T03:10:00+08:00,COLLIE_BESS2,0.0,34.02,4,692daefa-78ed-45ac-918b-bd2b55cafaa2,IN-SERVICE,NON-LIQUID,34.46,
2026-06-13T03:10:00+08:00,COLLIE_BESS2,0.0,60.0,5,692daefa-78ed-45ac-918b-bd2b55cafaa2,IN-SERVICE,NON-LIQUID,60.77,
2026-06-13T03:10:00+08:00,COLLIE_BESS2,150.0,150.0,6,692daefa-78ed-45ac-918b-bd2b55cafaa2,IN-SERVICE,NON-LIQUID,151.93,
2026-06-13T03:10:00+08:00,COLLIE_BESS2,150.0,250.0,7,692daefa-78ed-45ac-918b-bd2b55cafaa2,IN-SERVICE,NON-LIQUID,253.22,
2026-06-13T03:10:00+08:00,COLLIE_BESS2,0.0,1123.33,8,692daefa-78ed-45ac-918b-bd2b55cafaa2,IN-SERVICE,NON-LIQUID,1137.78,
2026-06-13T03:10:00+08:00,COLLIE_BESS2,0.0,1123.53,9,692daefa-78ed-45ac-918b-bd2b55cafaa2,IN-SERVICE,NON-LIQUID,1137.98,
2026-06-13T03:10:00+08:00,COLLIE_BESS2,0.0,1678.41,10,692daefa-78ed-45ac-918b-bd2b55cafaa2,IN-SERVICE,NON-LIQUID,1700.0,
2026-06-13T03:10:00+08:00,COLLIE_ESR4,-250.0,97.97,1,b6e78853-1253-4344-98d8-60622643340a,IN-SERVICE,NOT APPLICABLE,99.23,0.0
2026-06-13T03:10:00+08:00,COLLIE_ESR4,250.0,113.33,2,b6e78853-1253-4344-98d8-60622643340a,IN-SERVICE,NOT APPLICABLE,114.79,0.0
2026-06-13T03:10:00+08:00,COLLIE_ESR5,-250.0,98.09,1,646d929b-876f-4fd5-9bff-d35f24b2642e,IN-SERVICE,NOT APPLICABLE,99.35,0.0
2026-06-13T03:10:00+08:00,COLLIE_ESR5,250.0,113.21,2,646d929b-876f-4fd5-9bff-d35f24b2642e,IN-SERVICE,NOT APPLICABLE,114.67,0.0
2026-06-13T03:15:00+08:00,KWINANA_ESR1,-100.0,99.29,1,984fc91a-cc5f-4cfd-8986-76515a14719f,IN-SERVICE,NOT APPLICABLE,99.61,0.0
2026-06-13T03:15:00+08:00,KWINANA_ESR1,100.0,114.05,2,984fc91a-cc5f-4cfd-8986-76515a14719f,IN-SERVICE,NOT APPLICABLE,114.42,0.0
2026-06-13T03:15:00+08:00,COLLIE_ESR1,0.0,-987.3,1,888ef585-45b8-4778-99dd-d28d1364da99,IN-SERVICE,NON-LIQUID,-1000.0,
2026-06-13T03:15:00+08:00,COLLIE_ESR1,-100.0,-42.46,2,888ef585-45b8-4778-99dd-d28d1364da99,IN-SERVICE,NON-LIQUID,-43.01,
2026-06-13T03:15:00+08:00,COLLIE_ESR1,-100.0,-10.0,3,888ef585-45b8-4778-99dd-d28d1364da99,IN-SERVICE,NON-LIQUID,-10.13,
2026-06-13T03:15:00+08:00,COLLIE_ESR1,0.0,34.02,4,888ef585-45b8-4778-99dd-d28d1364da99,IN-SERVICE,NON-LIQUID,34.46,
2026-06-13T03:15:00+08:00,COLLIE_ESR1,0.0,60.0,5,888ef585-45b8-4778-99dd-d28d1364da99,IN-SERVICE,NON-LIQUID,60.77,
2026-06-13T03:15:00+08:00,COLLIE_ESR1,100.0,150.0,6,888ef585-45b8-4778-99dd-d28d1364da99,IN-SERVICE,NON-LIQUID,151.93,
2026-06-13T03:15:00+08:00,COLLIE_ESR1,100.0,250.0,7,888ef585-45b8-4778-99dd-d28d1364da99,IN-SERVICE,NON-LIQUID,253.22,
2026-06-13T03:15:00+08:00,COLLIE_ESR1,0.0,1123.33,8,888ef585-45b8-4778-99dd-d28d1364da99,IN-SERVICE,NON-LIQUID,1137.78,
2026-06-13T03:15:00+08:00,COLLIE_ESR1,0.0,1123.53,9,888ef585-45b8-4778-99dd-d28d1364da99,IN-SERVICE,NON-LIQUID,1137.98,
2026-06-13T03:15:00+08:00,COLLIE_ESR1,0.0,1678.41,10,888ef585-45b8-4778-99dd-d28d1364da99,IN-SERVICE,NON-LIQUID,1700.0,
2026-06-13T03:15:00+08:00,KWINANA_ESR2,-225.0,99.05,1,4a878b9f-d5ba-48bd-99a5-b6b49701fe8f,IN-SERVICE,NOT APPLICABLE,99.27,0.0
2026-06-13T03:15:00+08:00,KWINANA_ESR2,225.0,114.5,2,4a878b9f-d5ba-48bd-99a5-b6b49701fe8f,IN-SERVICE,NOT APPLICABLE,114.75,0.0
2026-06-13T03:15:00+08:00,COLLIE_BESS2,0.0,-987.3,1,c3e0ef86-6c88-4236-9668-9168cd1d3504,IN-SERVICE,NON-LIQUID,-1000.0,
2026-06-13T03:15:00+08:00,COLLIE_BESS2,-150.0,-42.46,2,c3e0ef86-6c88-4236-9668-9168cd1d3504,IN-SERVICE,NON-LIQUID,-43.01,
2026-06-13T03:15:00+08:00,COLLIE_BESS2,-150.0,-10.0,3,c3e0ef86-6c88-4236-9668-9168cd1d3504,IN-SERVICE,NON-LIQUID,-10.13,
2026-06-13T03:15:00+08:00,COLLIE_BESS2,0.0,34.02,4,c3e0ef86-6c88-4236-9668-9168cd1d3504,IN-SERVICE,NON-LIQUID,34.46,
2026-06-13T03:15:00+08:00,COLLIE_BESS2,0.0,60.0,5,c3e0ef86-6c88-4236-9668-9168cd1d3504,IN-SERVICE,NON-LIQUID,60.77,
2026-06-13T03:15:00+08:00,COLLIE_BESS2,150.0,150.0,6,c3e0ef86-6c88-4236-9668-9168cd1d3504,IN-SERVICE,NON-LIQUID,151.93,
2026-06-13T03:15:00+08:00,COLLIE_BESS2,150.0,250.0,7,c3e0ef86-6c88-4236-9668-9168cd1d3504,IN-SERVICE,NON-LIQUID,253.22,
2026-06-13T03:15:00+08:00,COLLIE_BESS2,0.0,1123.33,8,c3e0ef86-6c88-4236-9668-9168cd1d3504,IN-SERVICE,NON-LIQUID,1137.78,
2026-06-13T03:15:00+08:00,COLLIE_BESS2,0.0,1123.53,9,c3e0ef86-6c88-4236-9668-9168cd1d3504,IN-SERVICE,NON-LIQUID,1137.98,
2026-06-13T03:15:00+08:00,COLLIE_BESS2,0.0,1678.41,10,c3e0ef86-6c88-4236-9668-9168cd1d3504,IN-SERVICE,NON-LIQUID,1700.0,
2026-06-13T03:15:00+08:00,COLLIE_ESR4,-250.0,97.97,1,b6e78853-1253-4344-98d8-60622643340a,IN-SERVICE,NOT APPLICABLE,99.23,0.0
2026-06-13T03:15:00+08:00,COLLIE_ESR4,250.0,113.33,2,b6e78853-1253-4344-98d8-60622643340a,IN-SERVICE,NOT APPLICABLE,114.79,0.0
2026-06-13T03:15:00+08:00,COLLIE_ESR5,-250.0,98.09,1,646d929b-876f-4fd5-9bff-d35f24b2642e,IN-SERVICE,NOT APPLICABLE,99.35,0.0
2026-06-13T03:15:00+08:00,COLLIE_ESR5,250.0,113.21,2,646d929b-876f-4fd5-9bff-d35f24b2642e,IN-SERVICE,NOT APPLICABLE,114.67,0.0
2026-06-13T03:20:00+08:00,KWINANA_ESR1,-100.0,99.29,1,984fc91a-cc5f-4cfd-8986-76515a14719f,IN-SERVICE,NOT APPLICABLE,99.61,0.0
2026-06-13T03:20:00+08:00,KWINANA_ESR1,100.0,114.05,2,984fc91a-cc5f-4cfd-8986-76515a14719f,IN-SERVICE,NOT APPLICABLE,114.42,0.0
2026-06-13T03:20:00+08:00,COLLIE_ESR1,0.0,-987.3,1,a8b22e35-b3e4-4250-b1cb-dad3c74c0605,IN-SERVICE,NON-LIQUID,-1000.0,
2026-06-13T03:20:00+08:00,COLLIE_ESR1,-100.0,-42.46,2,a8b22e35-b3e4-4250-b1cb-dad3c74c0605,IN-SERVICE,NON-LIQUID,-43.01,
2026-06-13T03:20:00+08:00,COLLIE_ESR1,-100.0,-10.0,3,a8b22e35-b3e4-4250-b1cb-dad3c74c0605,IN-SERVICE,NON-LIQUID,-10.13,
2026-06-13T03:20:00+08:00,COLLIE_ESR1,0.0,34.02,4,a8b22e35-b3e4-4250-b1cb-dad3c74c0605,IN-SERVICE,NON-LIQUID,34.46,
2026-06-13T03:20:00+08:00,COLLIE_ESR1,0.0,60.0,5,a8b22e35-b3e4-4250-b1cb-dad3c74c0605,IN-SERVICE,NON-LIQUID,60.77,
2026-06-13T03:20:00+08:00,COLLIE_ESR1,100.0,150.0,6,a8b22e35-b3e4-4250-b1cb-dad3c74c0605,IN-SERVICE,NON-LIQUID,151.93,
2026-06-13T03:20:00+08:00,COLLIE_ESR1,100.0,250.0,7,a8b22e35-b3e4-4250-b1cb-dad3c74c0605,IN-SERVICE,NON-LIQUID,253.22,
2026-06-13T03:20:00+08:00,COLLIE_ESR1,0.0,1123.33,8,a8b22e35-b3e4-4250-b1cb-dad3c74c0605,IN-SERVICE,NON-LIQUID,1137.78,
2026-06-13T03:20:00+08:00,COLLIE_ESR1,0.0,1123.53,9,a8b22e35-b3e4-4250-b1cb-dad3c74c0605,IN-SERVICE,NON-LIQUID,1137.98,
2026-06-13T03:20:00+08:00,COLLIE_ESR1,0.0,1678.41,10,a8b22e35-b3e4-4250-b1cb-dad3c74c0605,IN-SERVICE,NON-LIQUID,1700.0,
2026-06-13T03:20:00+08:00,KWINANA_ESR2,-225.0,99.05,1,4a878b9f-d5ba-48bd-99a5-b6b49701fe8f,IN-SERVICE,NOT APPLICABLE,99.27,0.0
2026-06-13T03:20:00+08:00,KWINANA_ESR2,225.0,114.5,2,4a878b9f-d5ba-48bd-99a5-b6b49701fe8f,IN-SERVICE,NOT APPLICABLE,114.75,0.0
2026-06-13T03:20:00+08:00,COLLIE_BESS2,0.0,-987.3,1,2cdf6d19-64ae-4dba-90f3-621e3e4bba7b,IN-SERVICE,NON-LIQUID,-1000.0,
2026-06-13T03:20:00+08:00,COLLIE_BESS2,-150.0,-42.46,2,2cdf6d19-64ae-4dba-90f3-621e3e4bba7b,IN-SERVICE,NON-LIQUID,-43.01,
2026-06-13T03:20:00+08:00,COLLIE_BESS2,-150.0,-10.0,3,2cdf6d19-64ae-4dba-90f3-621e3e4bba7b,IN-SERVICE,NON-LIQUID,-10.13,
2026-06-13T03:20:00+08:00,COLLIE_BESS2,0.0,34.02,4,2cdf6d19-64ae-4dba-90f3-621e3e4bba7b,IN-SERVICE,NON-LIQUID,34.46,
2026-06-13T03:20:00+08:00,COLLIE_BESS2,0.0,60.0,5,2cdf6d19-64ae-4dba-90f3-621e3e4bba7b,IN-SERVICE,NON-LIQUID,60.77,
2026-06-13T03:20:00+08:00,COLLIE_BESS2,150.0,150.0,6,2cdf6d19-64ae-4dba-90f3-621e3e4bba7b,IN-SERVICE,NON-LIQUID,151.93,
2026-06-13T03:20:00+08:00,COLLIE_BESS2,150.0,250.0,7,2cdf6d19-64ae-4dba-90f3-621e3e4bba7b,IN-SERVICE,NON-LIQUID,253.22,
2026-06-13T03:20:00+08:00,COLLIE_BESS2,0.0,1123.33,8,2cdf6d19-64ae-4dba-90f3-621e3e4bba7b,IN-SERVICE,NON-LIQUID,1137.78,
2026-06-13T03:20:00+08:00,COLLIE_BESS2,0.0,1123.53,9,2cdf6d19-64ae-4dba-90f3-621e3e4bba7b,IN-SERVICE,NON-LIQUID,1137.98,
2026-06-13T03:20:00+08:00,COLLIE_BESS2,0.0,1678.41,10,2cdf6d19-64ae-4dba-90f3-621e3e4bba7b,IN-SERVICE,NON-LIQUID,1700.0,
2026-06-13T03:20:00+08:00,COLLIE_ESR4,-250.0,97.97,1,b6e78853-1253-4344-98d8-60622643340a,IN-SERVICE,NOT APPLICABLE,99.23,0.0
2026-06-13T03:20:00+08:00,COLLIE_ESR4,250.0,113.33,2,b6e78853-1253-4344-98d8-60622643340a,IN-SERVICE,NOT APPLICABLE,114.79,0.0
2026-06-13T03:20:00+08:00,COLLIE_ESR5,-250.0,98.09,1,646d929b-876f-4fd5-9bff-d35f24b2642e,IN-SERVICE,NOT APPLICABLE,99.35,0.0
2026-06-13T03:20:00+08:00,COLLIE_ESR5,250.0,113.21,2,646d929b-876f-4fd5-9bff-d35f24b2642e,IN-SERVICE,NOT APPLICABLE,114.67,0.0
2026-06-13T03:25:00+08:00,KWINANA_ESR1,-100.0,93.57,1,5158793e-536f-4604-918b-8a05746ed390,IN-SERVICE,NOT APPLICABLE,93.87,0.0
2026-06-13T03:25:00+08:00,KWINANA_ESR1,100.0,108.34,2,5158793e-536f-4604-918b-8a05746ed390,IN-SERVICE,NOT APPLICABLE,108.69,0.0
2026-06-13T03:25:00+08:00,COLLIE_ESR1,0.0,-987.3,1,1ece5cb7-6e51-4368-b61c-403a79916cbb,IN-SERVICE,NON-LIQUID,-1000.0,
2026-06-13T03:25:00+08:00,COLLIE_ESR1,-26.0,-42.46,2,1ece5cb7-6e51-4368-b61c-403a79916cbb,IN-SERVICE,NON-LIQUID,-43.01,
2026-06-13T03:25:00+08:00,COLLIE_ESR1,-26.0,-10.0,3,1ece5cb7-6e51-4368-b61c-403a79916cbb,IN-SERVICE,NON-LIQUID,-10.13,
2026-06-13T03:25:00+08:00,COLLIE_ESR1,0.0,34.02,4,1ece5cb7-6e51-4368-b61c-403a79916cbb,IN-SERVICE,NON-LIQUID,34.46,
2026-06-13T03:25:00+08:00,COLLIE_ESR1,0.0,60.0,5,1ece5cb7-6e51-4368-b61c-403a79916cbb,IN-SERVICE,NON-LIQUID,60.77,
2026-06-13T03:25:00+08:00,COLLIE_ESR1,-148.0,104.32,6,1ece5cb7-6e51-4368-b61c-403a79916cbb,IN-SERVICE,NON-LIQUID,105.66,
2026-06-13T03:25:00+08:00,COLLIE_ESR1,100.0,150.0,7,1ece5cb7-6e51-4368-b61c-403a79916cbb,IN-SERVICE,NON-LIQUID,151.93,
2026-06-13T03:25:00+08:00,COLLIE_ESR1,100.0,250.0,8,1ece5cb7-6e51-4368-b61c-403a79916cbb,IN-SERVICE,NON-LIQUID,253.22,
2026-06-13T03:25:00+08:00,COLLIE_ESR1,0.0,1123.53,9,1ece5cb7-6e51-4368-b61c-403a79916cbb,IN-SERVICE,NON-LIQUID,1137.98,
2026-06-13T03:25:00+08:00,COLLIE_ESR1,0.0,1678.41,10,1ece5cb7-6e51-4368-b61c-403a79916cbb,IN-SERVICE,NON-LIQUID,1700.0,
2026-06-13T03:25:00+08:00,KWINANA_ESR2,-225.0,98.39,1,0af666c5-47e2-402f-8d33-9e5767e75528,IN-SERVICE,NOT APPLICABLE,98.61,0.0
2026-06-13T03:25:00+08:00,KWINANA_ESR2,225.0,113.84,2,0af666c5-47e2-402f-8d33-9e5767e75528,IN-SERVICE,NOT APPLICABLE,114.09,0.0
2026-06-13T03:25:00+08:00,COLLIE_BESS2,0.0,-987.3,1,fca52419-fff7-4e5f-91a8-0766a0505bb2,IN-SERVICE,NON-LIQUID,-1000.0,
2026-06-13T03:25:00+08:00,COLLIE_BESS2,-54.0,-42.46,2,fca52419-fff7-4e5f-91a8-0766a0505bb2,IN-SERVICE,NON-LIQUID,-43.01,
2026-06-13T03:25:00+08:00,COLLIE_BESS2,-54.0,-10.0,3,fca52419-fff7-4e5f-91a8-0766a0505bb2,IN-SERVICE,NON-LIQUID,-10.13,
2026-06-13T03:25:00+08:00,COLLIE_BESS2,0.0,34.02,4,fca52419-fff7-4e5f-91a8-0766a0505bb2,IN-SERVICE,NON-LIQUID,34.46,
2026-06-13T03:25:00+08:00,COLLIE_BESS2,0.0,60.0,5,fca52419-fff7-4e5f-91a8-0766a0505bb2,IN-SERVICE,NON-LIQUID,60.77,
2026-06-13T03:25:00+08:00,COLLIE_BESS2,-192.0,104.32,6,fca52419-fff7-4e5f-91a8-0766a0505bb2,IN-SERVICE,NON-LIQUID,105.66,
2026-06-13T03:25:00+08:00,COLLIE_BESS2,150.0,150.0,7,fca52419-fff7-4e5f-91a8-0766a0505bb2,IN-SERVICE,NON-LIQUID,151.93,
2026-06-13T03:25:00+08:00,COLLIE_BESS2,150.0,250.0,8,fca52419-fff7-4e5f-91a8-0766a0505bb2,IN-SERVICE,NON-LIQUID,253.22,
2026-06-13T03:25:00+08:00,COLLIE_BESS2,0.0,1123.53,9,fca52419-fff7-4e5f-91a8-0766a0505bb2,IN-SERVICE,NON-LIQUID,1137.98,
2026-06-13T03:25:00+08:00,COLLIE_BESS2,0.0,1678.41,10,fca52419-fff7-4e5f-91a8-0766a0505bb2,IN-SERVICE,NON-LIQUID,1700.0,
2026-06-13T03:25:00+08:00,COLLIE_ESR4,-250.0,97.32,1,1bf65ae3-afa6-478e-9fb6-848f52bd9ea0,IN-SERVICE,NOT APPLICABLE,98.57,0.0
2026-06-13T03:25:00+08:00,COLLIE_ESR4,250.0,112.68,2,1bf65ae3-afa6-478e-9fb6-848f52bd9ea0,IN-SERVICE,NOT APPLICABLE,114.13,0.0
2026-06-13T03:25:00+08:00,COLLIE_ESR5,-250.0,97.43,1,cadfdf1f-8a9d-49d5-9b8a-dbae193fc30f,IN-SERVICE,NOT APPLICABLE,98.68,0.0
2026-06-13T03:25:00+08:00,COLLIE_ESR5,250.0,112.56,2,cadfdf1f-8a9d-49d5-9b8a-dbae193fc30f,IN-SERVICE,NOT APPLICABLE,114.01,0.0
2026-06-13T03:30:00+08:00,KWINANA_ESR1,-100.0,93.57,1,5158793e-536f-4604-918b-8a05746ed390,IN-SERVICE,NOT APPLICABLE,93.87,0.0
2026-06-13T03:30:00+08:00,KWINANA_ESR1,100.0,108.34,2,5158793e-536f-4604-918b-8a05746ed390,IN-SERVICE,NOT APPLICABLE,108.69,0.0
2026-06-13T03:30:00+08:00,COLLIE_ESR1,0.0,-987.3,1,c45494a8-5344-4a44-b18b-f56d34c63745,IN-SERVICE,NON-LIQUID,-1000.0,
2026-06-13T03:30:00+08:00,COLLIE_ESR1,-100.0,-42.46,2,c45494a8-5344-4a44-b18b-f56d34c63745,IN-SERVICE,NON-LIQUID,-43.01,
2026-06-13T03:30:00+08:00,COLLIE_ESR1,-100.0,-10.0,3,c45494a8-5344-4a44-b18b-f56d34c63745,IN-SERVICE,NON-LIQUID,-10.13,
2026-06-13T03:30:00+08:00,COLLIE_ESR1,0.0,34.02,4,c45494a8-5344-4a44-b18b-f56d34c63745,IN-SERVICE,NON-LIQUID,34.46,
2026-06-13T03:30:00+08:00,COLLIE_ESR1,0.0,60.0,5,c45494a8-5344-4a44-b18b-f56d34c63745,IN-SERVICE,NON-LIQUID,60.77,
2026-06-13T03:30:00+08:00,COLLIE_ESR1,100.0,150.0,6,c45494a8-5344-4a44-b18b-f56d34c63745,IN-SERVICE,NON-LIQUID,151.93,
2026-06-13T03:30:00+08:00,COLLIE_ESR1,100.0,250.0,7,c45494a8-5344-4a44-b18b-f56d34c63745,IN-SERVICE,NON-LIQUID,253.22,
2026-06-13T03:30:00+08:00,COLLIE_ESR1,0.0,400.0,8,c45494a8-5344-4a44-b18b-f56d34c63745,IN-SERVICE,NON-LIQUID,405.15,
2026-06-13T03:30:00+08:00,COLLIE_ESR1,0.0,622.0,9,c45494a8-5344-4a44-b18b-f56d34c63745,IN-SERVICE,NON-LIQUID,630.0,
2026-06-13T03:30:00+08:00,COLLIE_ESR1,0.0,1678.41,10,c45494a8-5344-4a44-b18b-f56d34c63745,IN-SERVICE,NON-LIQUID,1700.0,
2026-06-13T03:30:00+08:00,KWINANA_ESR2,-225.0,98.39,1,0af666c5-47e2-402f-8d33-9e5767e75528,IN-SERVICE,NOT APPLICABLE,98.61,0.0
2026-06-13T03:30:00+08:00,KWINANA_ESR2,225.0,113.84,2,0af666c5-47e2-402f-8d33-9e5767e75528,IN-SERVICE,NOT APPLICABLE,114.09,0.0
2026-06-13T03:30:00+08:00,COLLIE_BESS2,0.0,-987.3,1,5fd00988-ed6d-45f8-b2b1-3c1fb6ce48bf,IN-SERVICE,NON-LIQUID,-1000.0,
2026-06-13T03:30:00+08:00,COLLIE_BESS2,-150.0,-42.46,2,5fd00988-ed6d-45f8-b2b1-3c1fb6ce48bf,IN-SERVICE,NON-LIQUID,-43.01,
2026-06-13T03:30:00+08:00,COLLIE_BESS2,-150.0,-10.0,3,5fd00988-ed6d-45f8-b2b1-3c1fb6ce48bf,IN-SERVICE,NON-LIQUID,-10.13,
2026-06-13T03:30:00+08:00,COLLIE_BESS2,0.0,34.02,4,5fd00988-ed6d-45f8-b2b1-3c1fb6ce48bf,IN-SERVICE,NON-LIQUID,34.46,
2026-06-13T03:30:00+08:00,COLLIE_BESS2,0.0,60.0,5,5fd00988-ed6d-45f8-b2b1-3c1fb6ce48bf,IN-SERVICE,NON-LIQUID,60.77,
2026-06-13T03:30:00+08:00,COLLIE_BESS2,150.0,150.0,6,5fd00988-ed6d-45f8-b2b1-3c1fb6ce48bf,IN-SERVICE,NON-LIQUID,151.93,
2026-06-13T03:30:00+08:00,COLLIE_BESS2,150.0,250.0,7,5fd00988-ed6d-45f8-b2b1-3c1fb6ce48bf,IN-SERVICE,NON-LIQUID,253.22,
2026-06-13T03:30:00+08:00,COLLIE_BESS2,0.0,385.39,8,5fd00988-ed6d-45f8-b2b1-3c1fb6ce48bf,IN-SERVICE,NON-LIQUID,390.35,
2026-06-13T03:30:00+08:00,COLLIE_BESS2,0.0,622.0,9,5fd00988-ed6d-45f8-b2b1-3c1fb6ce48bf,IN-SERVICE,NON-LIQUID,630.0,
2026-06-13T03:30:00+08:00,COLLIE_BESS2,0.0,1678.41,10,5fd00988-ed6d-45f8-b2b1-3c1fb6ce48bf,IN-SERVICE,NON-LIQUID,1700.0,
2026-06-13T03:30:00+08:00,COLLIE_ESR4,-250.0,97.32,1,1bf65ae3-afa6-478e-9fb6-848f52bd9ea0,IN-SERVICE,NOT APPLICABLE,98.57,0.0
2026-06-13T03:30:00+08:00,COLLIE_ESR4,250.0,112.68,2,1bf65ae3-afa6-478e-9fb6-848f52bd9ea0,IN-SERVICE,NOT APPLICABLE,114.13,0.0
2026-06-13T03:30:00+08:00,COLLIE_ESR5,-250.0,97.43,1,cadfdf1f-8a9d-49d5-9b8a-dbae193fc30f,IN-SERVICE,NOT APPLICABLE,98.68,0.0
2026-06-13T03:30:00+08:00,COLLIE_ESR5,250.0,112.56,2,cadfdf1f-8a9d-49d5-9b8a-dbae193fc30f,IN-SERVICE,NOT APPLICABLE,114.01,0.0
2026-06-13T03:35:00+08:00,KWINANA_ESR1,-100.0,93.57,1,5158793e-536f-4604-918b-8a05746ed390,IN-SERVICE,NOT APPLICABLE,93.87,0.0
2026-06-13T03:35:00+08:00,KWINANA_ESR1,100.0,108.34,2,5158793e-536f-4604-918b-8a05746ed390,IN-SERVICE,NOT APPLICABLE,108.69,0.0
2026-06-13T03:35:00+08:00,COLLIE_ESR1,0.0,-987.3,1,7b60f17b-cf7b-4ff5-9569-f8218ef96bd6,IN-SERVICE,NON-LIQUID,-1000.0,
2026-06-13T03:35:00+08:00,COLLIE_ESR1,-22.0,-42.46,2,7b60f17b-cf7b-4ff5-9569-f8218ef96bd6,IN-SERVICE,NON-LIQUID,-43.01,
2026-06-13T03:35:00+08:00,COLLIE_ESR1,-23.0,-10.0,3,7b60f17b-cf7b-4ff5-9569-f8218ef96bd6,IN-SERVICE,NON-LIQUID,-10.13,
2026-06-13T03:35:00+08:00,COLLIE_ESR1,0.0,34.02,4,7b60f17b-cf7b-4ff5-9569-f8218ef96bd6,IN-SERVICE,NON-LIQUID,34.46,
2026-06-13T03:35:00+08:00,COLLIE_ESR1,0.0,60.0,5,7b60f17b-cf7b-4ff5-9569-f8218ef96bd6,IN-SERVICE,NON-LIQUID,60.77,
2026-06-13T03:35:00+08:00,COLLIE_ESR1,-155.0,100.79,6,7b60f17b-cf7b-4ff5-9569-f8218ef96bd6,IN-SERVICE,NON-LIQUID,102.09,
2026-06-13T03:35:00+08:00,COLLIE_ESR1,100.0,150.0,7,7b60f17b-cf7b-4ff5-9569-f8218ef96bd6,IN-SERVICE,NON-LIQUID,151.93,
2026-06-13T03:35:00+08:00,COLLIE_ESR1,100.0,250.0,8,7b60f17b-cf7b-4ff5-9569-f8218ef96bd6,IN-SERVICE,NON-LIQUID,253.22,
2026-06-13T03:35:00+08:00,COLLIE_ESR1,0.0,622.0,9,7b60f17b-cf7b-4ff5-9569-f8218ef96bd6,IN-SERVICE,NON-LIQUID,630.0,
2026-06-13T03:35:00+08:00,COLLIE_ESR1,0.0,1678.41,10,7b60f17b-cf7b-4ff5-9569-f8218ef96bd6,IN-SERVICE,NON-LIQUID,1700.0,
2026-06-13T03:35:00+08:00,KWINANA_ESR2,-225.0,98.39,1,0af666c5-47e2-402f-8d33-9e5767e75528,IN-SERVICE,NOT APPLICABLE,98.61,0.0
2026-06-13T03:35:00+08:00,KWINANA_ESR2,225.0,113.84,2,0af666c5-47e2-402f-8d33-9e5767e75528,IN-SERVICE,NOT APPLICABLE,114.09,0.0
2026-06-13T03:35:00+08:00,COLLIE_BESS2,0.0,-987.3,1,df228475-a1da-4e7a-aeda-3657c64b6a16,IN-SERVICE,NON-LIQUID,-1000.0,
2026-06-13T03:35:00+08:00,COLLIE_BESS2,-42.0,-42.46,2,df228475-a1da-4e7a-aeda-3657c64b6a16,IN-SERVICE,NON-LIQUID,-43.01,
2026-06-13T03:35:00+08:00,COLLIE_BESS2,-43.0,-10.0,3,df228475-a1da-4e7a-aeda-3657c64b6a16,IN-SERVICE,NON-LIQUID,-10.13,
2026-06-13T03:35:00+08:00,COLLIE_BESS2,0.0,34.02,4,df228475-a1da-4e7a-aeda-3657c64b6a16,IN-SERVICE,NON-LIQUID,34.46,
2026-06-13T03:35:00+08:00,COLLIE_BESS2,0.0,60.0,5,df228475-a1da-4e7a-aeda-3657c64b6a16,IN-SERVICE,NON-LIQUID,60.77,
2026-06-13T03:35:00+08:00,COLLIE_BESS2,-215.0,100.79,6,df228475-a1da-4e7a-aeda-3657c64b6a16,IN-SERVICE,NON-LIQUID,102.09,
2026-06-13T03:35:00+08:00,COLLIE_BESS2,150.0,150.0,7,df228475-a1da-4e7a-aeda-3657c64b6a16,IN-SERVICE,NON-LIQUID,151.93,
2026-06-13T03:35:00+08:00,COLLIE_BESS2,150.0,250.0,8,df228475-a1da-4e7a-aeda-3657c64b6a16,IN-SERVICE,NON-LIQUID,253.22,
2026-06-13T03:35:00+08:00,COLLIE_BESS2,0.0,622.0,9,df228475-a1da-4e7a-aeda-3657c64b6a16,IN-SERVICE,NON-LIQUID,630.0,
2026-06-13T03:35:00+08:00,COLLIE_BESS2,0.0,1678.41,10,df228475-a1da-4e7a-aeda-3657c64b6a16,IN-SERVICE,NON-LIQUID,1700.0,
2026-06-13T03:35:00+08:00,COLLIE_ESR4,-250.0,97.32,1,1bf65ae3-afa6-478e-9fb6-848f52bd9ea0,IN-SERVICE,NOT APPLICABLE,98.57,0.0
2026-06-13T03:35:00+08:00,COLLIE_ESR4,250.0,112.68,2,1bf65ae3-afa6-478e-9fb6-848f52bd9ea0,IN-SERVICE,NOT APPLICABLE,114.13,0.0
2026-06-13T03:35:00+08:00,COLLIE_ESR5,-250.0,97.43,1,cadfdf1f-8a9d-49d5-9b8a-dbae193fc30f,IN-SERVICE,NOT APPLICABLE,98.68,0.0
2026-06-13T03:35:00+08:00,COLLIE_ESR5,250.0,112.56,2,cadfdf1f-8a9d-49d5-9b8a-dbae193fc30f,IN-SERVICE,NOT APPLICABLE,114.01,0.0
2026-06-13T03:40:00+08:00,KWINANA_ESR1,-100.0,100.91,1,d9160ed3-0ede-4255-931e-410592827fb8,IN-SERVICE,NOT APPLICABLE,101.23,0.0
2026-06-13T03:40:00+08:00,KWINANA_ESR1,100.0,115.67,2,d9160ed3-0ede-4255-931e-410592827fb8,IN-SERVICE,NOT APPLICABLE,116.04,0.0
2026-06-13T03:40:00+08:00,COLLIE_ESR1,0.0,-987.3,1,6806b4cf-7272-4a18-8ef5-3ef64f057627,IN-SERVICE,NON-LIQUID,-1000.0,
2026-06-13T03:40:00+08:00,COLLIE_ESR1,-100.0,-42.46,2,6806b4cf-7272-4a18-8ef5-3ef64f057627,IN-SERVICE,NON-LIQUID,-43.01,
2026-06-13T03:40:00+08:00,COLLIE_ESR1,-100.0,-10.0,3,6806b4cf-7272-4a18-8ef5-3ef64f057627,IN-SERVICE,NON-LIQUID,-10.13,
2026-06-13T03:40:00+08:00,COLLIE_ESR1,0.0,34.02,4,6806b4cf-7272-4a18-8ef5-3ef64f057627,IN-SERVICE,NON-LIQUID,34.46,
2026-06-13T03:40:00+08:00,COLLIE_ESR1,0.0,60.0,5,6806b4cf-7272-4a18-8ef5-3ef64f057627,IN-SERVICE,NON-LIQUID,60.77,
2026-06-13T03:40:00+08:00,COLLIE_ESR1,100.0,150.0,6,6806b4cf-7272-4a18-8ef5-3ef64f057627,IN-SERVICE,NON-LIQUID,151.93,
2026-06-13T03:40:00+08:00,COLLIE_ESR1,100.0,250.0,7,6806b4cf-7272-4a18-8ef5-3ef64f057627,IN-SERVICE,NON-LIQUID,253.22,
2026-06-13T03:40:00+08:00,COLLIE_ESR1,0.0,400.0,8,6806b4cf-7272-4a18-8ef5-3ef64f057627,IN-SERVICE,NON-LIQUID,405.15,
2026-06-13T03:40:00+08:00,COLLIE_ESR1,0.0,622.0,9,6806b4cf-7272-4a18-8ef5-3ef64f057627,IN-SERVICE,NON-LIQUID,630.0,
2026-06-13T03:40:00+08:00,COLLIE_ESR1,0.0,1678.41,10,6806b4cf-7272-4a18-8ef5-3ef64f057627,IN-SERVICE,NON-LIQUID,1700.0,
2026-06-13T03:40:00+08:00,KWINANA_ESR2,-225.0,100.56,1,85b6a645-a1b1-4893-be19-4cf269ed2f19,IN-SERVICE,NOT APPLICABLE,100.78,0.0
2026-06-13T03:40:00+08:00,KWINANA_ESR2,225.0,116.08,2,85b6a645-a1b1-4893-be19-4cf269ed2f19,IN-SERVICE,NOT APPLICABLE,116.34,0.0
2026-06-13T03:40:00+08:00,COLLIE_BESS2,0.0,-987.3,1,cbadc337-f451-4cc0-918d-f7d2836a5d30,IN-SERVICE,NON-LIQUID,-1000.0,
2026-06-13T03:40:00+08:00,COLLIE_BESS2,-42.0,-42.46,2,cbadc337-f451-4cc0-918d-f7d2836a5d30,IN-SERVICE,NON-LIQUID,-43.01,
2026-06-13T03:40:00+08:00,COLLIE_BESS2,-43.0,-10.0,3,cbadc337-f451-4cc0-918d-f7d2836a5d30,IN-SERVICE,NON-LIQUID,-10.13,
2026-06-13T03:40:00+08:00,COLLIE_BESS2,0.0,34.02,4,cbadc337-f451-4cc0-918d-f7d2836a5d30,IN-SERVICE,NON-LIQUID,34.46,
2026-06-13T03:40:00+08:00,COLLIE_BESS2,0.0,60.0,5,cbadc337-f451-4cc0-918d-f7d2836a5d30,IN-SERVICE,NON-LIQUID,60.77,
2026-06-13T03:40:00+08:00,COLLIE_BESS2,-215.0,104.79,6,cbadc337-f451-4cc0-918d-f7d2836a5d30,IN-SERVICE,NON-LIQUID,106.14,
2026-06-13T03:40:00+08:00,COLLIE_BESS2,150.0,150.0,7,cbadc337-f451-4cc0-918d-f7d2836a5d30,IN-SERVICE,NON-LIQUID,151.93,
2026-06-13T03:40:00+08:00,COLLIE_BESS2,150.0,250.0,8,cbadc337-f451-4cc0-918d-f7d2836a5d30,IN-SERVICE,NON-LIQUID,253.22,
2026-06-13T03:40:00+08:00,COLLIE_BESS2,0.0,622.0,9,cbadc337-f451-4cc0-918d-f7d2836a5d30,IN-SERVICE,NON-LIQUID,630.0,
2026-06-13T03:40:00+08:00,COLLIE_BESS2,0.0,1678.41,10,cbadc337-f451-4cc0-918d-f7d2836a5d30,IN-SERVICE,NON-LIQUID,1700.0,
2026-06-13T03:40:00+08:00,COLLIE_ESR4,-250.0,99.54,1,d58b466b-7c6c-41eb-a6d0-e544c2416af5,IN-SERVICE,NOT APPLICABLE,100.82,0.0
2026-06-13T03:40:00+08:00,COLLIE_ESR4,250.0,114.9,2,d58b466b-7c6c-41eb-a6d0-e544c2416af5,IN-SERVICE,NOT APPLICABLE,116.38,0.0
2026-06-13T03:40:00+08:00,COLLIE_ESR5,-250.0,99.58,1,e6e22812-e7ce-43ed-ad04-beec89a1e6e3,IN-SERVICE,NOT APPLICABLE,100.86,0.0
2026-06-13T03:40:00+08:00,COLLIE_ESR5,250.0,114.78,2,e6e22812-e7ce-43ed-ad04-beec89a1e6e3,IN-SERVICE,NOT APPLICABLE,116.26,0.0
2026-06-13T03:45:00+08:00,KWINANA_ESR1,-100.0,100.91,1,d9160ed3-0ede-4255-931e-410592827fb8,IN-SERVICE,NOT APPLICABLE,101.23,0.0
2026-06-13T03:45:00+08:00,KWINANA_ESR1,100.0,115.67,2,d9160ed3-0ede-4255-931e-410592827fb8,IN-SERVICE,NOT APPLICABLE,116.04,0.0
2026-06-13T03:45:00+08:00,COLLIE_ESR1,0.0,-987.3,1,63a232cd-bc53-4a3e-a515-df14f85190ca,IN-SERVICE,NON-LIQUID,-1000.0,
2026-06-13T03:45:00+08:00,COLLIE_ESR1,-100.0,-42.46,2,63a232cd-bc53-4a3e-a515-df14f85190ca,IN-SERVICE,NON-LIQUID,-43.01,
2026-06-13T03:45:00+08:00,COLLIE_ESR1,-100.0,-10.0,3,63a232cd-bc53-4a3e-a515-df14f85190ca,IN-SERVICE,NON-LIQUID,-10.13,
2026-06-13T03:45:00+08:00,COLLIE_ESR1,0.0,34.02,4,63a232cd-bc53-4a3e-a515-df14f85190ca,IN-SERVICE,NON-LIQUID,34.46,
2026-06-13T03:45:00+08:00,COLLIE_ESR1,0.0,60.0,5,63a232cd-bc53-4a3e-a515-df14f85190ca,IN-SERVICE,NON-LIQUID,60.77,
2026-06-13T03:45:00+08:00,COLLIE_ESR1,100.0,150.0,6,63a232cd-bc53-4a3e-a515-df14f85190ca,IN-SERVICE,NON-LIQUID,151.93,
2026-06-13T03:45:00+08:00,COLLIE_ESR1,100.0,250.0,7,63a232cd-bc53-4a3e-a515-df14f85190ca,IN-SERVICE,NON-LIQUID,253.22,
2026-06-13T03:45:00+08:00,COLLIE_ESR1,0.0,400.0,8,63a232cd-bc53-4a3e-a515-df14f85190ca,IN-SERVICE,NON-LIQUID,405.15,
2026-06-13T03:45:00+08:00,COLLIE_ESR1,0.0,622.0,9,63a232cd-bc53-4a3e-a515-df14f85190ca,IN-SERVICE,NON-LIQUID,630.0,
2026-06-13T03:45:00+08:00,COLLIE_ESR1,0.0,1678.41,10,63a232cd-bc53-4a3e-a515-df14f85190ca,IN-SERVICE,NON-LIQUID,1700.0,
2026-06-13T03:45:00+08:00,KWINANA_ESR2,-225.0,100.56,1,85b6a645-a1b1-4893-be19-4cf269ed2f19,IN-SERVICE,NOT APPLICABLE,100.78,0.0
2026-06-13T03:45:00+08:00,KWINANA_ESR2,225.0,116.08,2,85b6a645-a1b1-4893-be19-4cf269ed2f19,IN-SERVICE,NOT APPLICABLE,116.34,0.0
2026-06-13T03:45:00+08:00,COLLIE_BESS2,0.0,-987.3,1,4112c929-1585-4c85-b608-3475ec7af0d7,IN-SERVICE,NON-LIQUID,-1000.0,
2026-06-13T03:45:00+08:00,COLLIE_BESS2,-42.0,-42.46,2,4112c929-1585-4c85-b608-3475ec7af0d7,IN-SERVICE,NON-LIQUID,-43.01,
2026-06-13T03:45:00+08:00,COLLIE_BESS2,-43.0,-10.0,3,4112c929-1585-4c85-b608-3475ec7af0d7,IN-SERVICE,NON-LIQUID,-10.13,
2026-06-13T03:45:00+08:00,COLLIE_BESS2,0.0,34.02,4,4112c929-1585-4c85-b608-3475ec7af0d7,IN-SERVICE,NON-LIQUID,34.46,
2026-06-13T03:45:00+08:00,COLLIE_BESS2,0.0,60.0,5,4112c929-1585-4c85-b608-3475ec7af0d7,IN-SERVICE,NON-LIQUID,60.77,
2026-06-13T03:45:00+08:00,COLLIE_BESS2,-215.0,104.79,6,4112c929-1585-4c85-b608-3475ec7af0d7,IN-SERVICE,NON-LIQUID,106.14,
2026-06-13T03:45:00+08:00,COLLIE_BESS2,150.0,150.0,7,4112c929-1585-4c85-b608-3475ec7af0d7,IN-SERVICE,NON-LIQUID,151.93,
2026-06-13T03:45:00+08:00,COLLIE_BESS2,150.0,250.0,8,4112c929-1585-4c85-b608-3475ec7af0d7,IN-SERVICE,NON-LIQUID,253.22,
2026-06-13T03:45:00+08:00,COLLIE_BESS2,0.0,622.0,9,4112c929-1585-4c85-b608-3475ec7af0d7,IN-SERVICE,NON-LIQUID,630.0,
2026-06-13T03:45:00+08:00,COLLIE_BESS2,0.0,1678.41,10,4112c929-1585-4c85-b608-3475ec7af0d7,IN-SERVICE,NON-LIQUID,1700.0,
2026-06-13T03:45:00+08:00,COLLIE_ESR4,-250.0,99.54,1,d58b466b-7c6c-41eb-a6d0-e544c2416af5,IN-SERVICE,NOT APPLICABLE,100.82,0.0
2026-06-13T03:45:00+08:00,COLLIE_ESR4,250.0,114.9,2,d58b466b-7c6c-41eb-a6d0-e544c2416af5,IN-SERVICE,NOT APPLICABLE,116.38,0.0
2026-06-13T03:45:00+08:00,COLLIE_ESR5,-250.0,99.58,1,e6e22812-e7ce-43ed-ad04-beec89a1e6e3,IN-SERVICE,NOT APPLICABLE,100.86,0.0
2026-06-13T03:45:00+08:00,COLLIE_ESR5,250.0,114.78,2,e6e22812-e7ce-43ed-ad04-beec89a1e6e3,IN-SERVICE,NOT APPLICABLE,116.26,0.0
2026-06-13T03:50:00+08:00,KWINANA_ESR1,-100.0,100.91,1,d9160ed3-0ede-4255-931e-410592827fb8,IN-SERVICE,NOT APPLICABLE,101.23,0.0
2026-06-13T03:50:00+08:00,KWINANA_ESR1,100.0,115.67,2,d9160ed3-0ede-4255-931e-410592827fb8,IN-SERVICE,NOT APPLICABLE,116.04,0.0
2026-06-13T03:50:00+08:00,COLLIE_ESR1,0.0,-987.3,1,ca7f5d7a-de79-4dde-aeb2-26594f34d8a6,IN-SERVICE,NON-LIQUID,-1000.0,
2026-06-13T03:50:00+08:00,COLLIE_ESR1,-100.0,-42.46,2,ca7f5d7a-de79-4dde-aeb2-26594f34d8a6,IN-SERVICE,NON-LIQUID,-43.01,
2026-06-13T03:50:00+08:00,COLLIE_ESR1,-100.0,-10.0,3,ca7f5d7a-de79-4dde-aeb2-26594f34d8a6,IN-SERVICE,NON-LIQUID,-10.13,
2026-06-13T03:50:00+08:00,COLLIE_ESR1,0.0,34.02,4,ca7f5d7a-de79-4dde-aeb2-26594f34d8a6,IN-SERVICE,NON-LIQUID,34.46,
2026-06-13T03:50:00+08:00,COLLIE_ESR1,0.0,60.0,5,ca7f5d7a-de79-4dde-aeb2-26594f34d8a6,IN-SERVICE,NON-LIQUID,60.77,
2026-06-13T03:50:00+08:00,COLLIE_ESR1,100.0,150.0,6,ca7f5d7a-de79-4dde-aeb2-26594f34d8a6,IN-SERVICE,NON-LIQUID,151.93,
2026-06-13T03:50:00+08:00,COLLIE_ESR1,100.0,250.0,7,ca7f5d7a-de79-4dde-aeb2-26594f34d8a6,IN-SERVICE,NON-LIQUID,253.22,
2026-06-13T03:50:00+08:00,COLLIE_ESR1,0.0,400.0,8,ca7f5d7a-de79-4dde-aeb2-26594f34d8a6,IN-SERVICE,NON-LIQUID,405.15,
2026-06-13T03:50:00+08:00,COLLIE_ESR1,0.0,622.0,9,ca7f5d7a-de79-4dde-aeb2-26594f34d8a6,IN-SERVICE,NON-LIQUID,630.0,
2026-06-13T03:50:00+08:00,COLLIE_ESR1,0.0,1678.41,10,ca7f5d7a-de79-4dde-aeb2-26594f34d8a6,IN-SERVICE,NON-LIQUID,1700.0,
2026-06-13T03:50:00+08:00,KWINANA_ESR2,-225.0,100.56,1,85b6a645-a1b1-4893-be19-4cf269ed2f19,IN-SERVICE,NOT APPLICABLE,100.78,0.0
2026-06-13T03:50:00+08:00,KWINANA_ESR2,225.0,116.08,2,85b6a645-a1b1-4893-be19-4cf269ed2f19,IN-SERVICE,NOT APPLICABLE,116.34,0.0
2026-06-13T03:50:00+08:00,COLLIE_BESS2,0.0,-987.3,1,5fdcb2e6-c303-4458-9ac7-ddb203a4d38c,IN-SERVICE,NON-LIQUID,-1000.0,
2026-06-13T03:50:00+08:00,COLLIE_BESS2,-150.0,-42.46,2,5fdcb2e6-c303-4458-9ac7-ddb203a4d38c,IN-SERVICE,NON-LIQUID,-43.01,
2026-06-13T03:50:00+08:00,COLLIE_BESS2,-150.0,-10.0,3,5fdcb2e6-c303-4458-9ac7-ddb203a4d38c,IN-SERVICE,NON-LIQUID,-10.13,
2026-06-13T03:50:00+08:00,COLLIE_BESS2,0.0,34.02,4,5fdcb2e6-c303-4458-9ac7-ddb203a4d38c,IN-SERVICE,NON-LIQUID,34.46,
2026-06-13T03:50:00+08:00,COLLIE_BESS2,0.0,60.0,5,5fdcb2e6-c303-4458-9ac7-ddb203a4d38c,IN-SERVICE,NON-LIQUID,60.77,
2026-06-13T03:50:00+08:00,COLLIE_BESS2,150.0,150.0,6,5fdcb2e6-c303-4458-9ac7-ddb203a4d38c,IN-SERVICE,NON-LIQUID,151.93,
2026-06-13T03:50:00+08:00,COLLIE_BESS2,150.0,250.0,7,5fdcb2e6-c303-4458-9ac7-ddb203a4d38c,IN-SERVICE,NON-LIQUID,253.22,
2026-06-13T03:50:00+08:00,COLLIE_BESS2,0.0,385.39,8,5fdcb2e6-c303-4458-9ac7-ddb203a4d38c,IN-SERVICE,NON-LIQUID,390.35,
2026-06-13T03:50:00+08:00,COLLIE_BESS2,0.0,622.0,9,5fdcb2e6-c303-4458-9ac7-ddb203a4d38c,IN-SERVICE,NON-LIQUID,630.0,
2026-06-13T03:50:00+08:00,COLLIE_BESS2,0.0,1678.41,10,5fdcb2e6-c303-4458-9ac7-ddb203a4d38c,IN-SERVICE,NON-LIQUID,1700.0,
2026-06-13T03:50:00+08:00,COLLIE_ESR4,-250.0,99.54,1,d58b466b-7c6c-41eb-a6d0-e544c2416af5,IN-SERVICE,NOT APPLICABLE,100.82,0.0
2026-06-13T03:50:00+08:00,COLLIE_ESR4,250.0,114.9,2,d58b466b-7c6c-41eb-a6d0-e544c2416af5,IN-SERVICE,NOT APPLICABLE,116.38,0.0
2026-06-13T03:50:00+08:00,COLLIE_ESR5,-250.0,99.58,1,e6e22812-e7ce-43ed-ad04-beec89a1e6e3,IN-SERVICE,NOT APPLICABLE,100.86,0.0
2026-06-13T03:50:00+08:00,COLLIE_ESR5,250.0,114.78,2,e6e22812-e7ce-43ed-ad04-beec89a1e6e3,IN-SERVICE,NOT APPLICABLE,116.26,0.0
2026-06-13T03:55:00+08:00,KWINANA_ESR1,-100.0,108.25,1,a860a6a9-b9be-459f-9f99-2aa170d4af5e,IN-SERVICE,NOT APPLICABLE,108.6,0.0
2026-06-13T03:55:00+08:00,KWINANA_ESR1,100.0,121.77,2,a860a6a9-b9be-459f-9f99-2aa170d4af5e,IN-SERVICE,NOT APPLICABLE,122.16,0.0
2026-06-13T03:55:00+08:00,COLLIE_ESR1,0.0,-987.3,1,f9fc47bd-6e0a-4fcd-86f0-517baff996a1,IN-SERVICE,NON-LIQUID,-1000.0,
2026-06-13T03:55:00+08:00,COLLIE_ESR1,-100.0,-42.46,2,f9fc47bd-6e0a-4fcd-86f0-517baff996a1,IN-SERVICE,NON-LIQUID,-43.01,
2026-06-13T03:55:00+08:00,COLLIE_ESR1,-100.0,-10.0,3,f9fc47bd-6e0a-4fcd-86f0-517baff996a1,IN-SERVICE,NON-LIQUID,-10.13,
2026-06-13T03:55:00+08:00,COLLIE_ESR1,0.0,34.02,4,f9fc47bd-6e0a-4fcd-86f0-517baff996a1,IN-SERVICE,NON-LIQUID,34.46,
2026-06-13T03:55:00+08:00,COLLIE_ESR1,0.0,60.0,5,f9fc47bd-6e0a-4fcd-86f0-517baff996a1,IN-SERVICE,NON-LIQUID,60.77,
2026-06-13T03:55:00+08:00,COLLIE_ESR1,100.0,150.0,6,f9fc47bd-6e0a-4fcd-86f0-517baff996a1,IN-SERVICE,NON-LIQUID,151.93,
2026-06-13T03:55:00+08:00,COLLIE_ESR1,100.0,250.0,7,f9fc47bd-6e0a-4fcd-86f0-517baff996a1,IN-SERVICE,NON-LIQUID,253.22,
2026-06-13T03:55:00+08:00,COLLIE_ESR1,0.0,400.0,8,f9fc47bd-6e0a-4fcd-86f0-517baff996a1,IN-SERVICE,NON-LIQUID,405.15,
2026-06-13T03:55:00+08:00,COLLIE_ESR1,0.0,622.0,9,f9fc47bd-6e0a-4fcd-86f0-517baff996a1,IN-SERVICE,NON-LIQUID,630.0,
2026-06-13T03:55:00+08:00,COLLIE_ESR1,0.0,1678.41,10,f9fc47bd-6e0a-4fcd-86f0-517baff996a1,IN-SERVICE,NON-LIQUID,1700.0,
2026-06-13T03:55:00+08:00,KWINANA_ESR2,-225.0,100.64,1,f0b5a0d2-9b0f-438f-9df1-4e9cc844b228,IN-SERVICE,NOT APPLICABLE,100.86,0.0
2026-06-13T03:55:00+08:00,KWINANA_ESR2,225.0,116.08,2,f0b5a0d2-9b0f-438f-9df1-4e9cc844b228,IN-SERVICE,NOT APPLICABLE,116.34,0.0
2026-06-13T03:55:00+08:00,COLLIE_BESS2,0.0,-987.3,1,6993c224-e5e2-4672-9540-821ee5d0f05c,IN-SERVICE,NON-LIQUID,-1000.0,
2026-06-13T03:55:00+08:00,COLLIE_BESS2,-150.0,-42.46,2,6993c224-e5e2-4672-9540-821ee5d0f05c,IN-SERVICE,NON-LIQUID,-43.01,
2026-06-13T03:55:00+08:00,COLLIE_BESS2,-150.0,-10.0,3,6993c224-e5e2-4672-9540-821ee5d0f05c,IN-SERVICE,NON-LIQUID,-10.13,
2026-06-13T03:55:00+08:00,COLLIE_BESS2,0.0,34.02,4,6993c224-e5e2-4672-9540-821ee5d0f05c,IN-SERVICE,NON-LIQUID,34.46,
2026-06-13T03:55:00+08:00,COLLIE_BESS2,0.0,60.0,5,6993c224-e5e2-4672-9540-821ee5d0f05c,IN-SERVICE,NON-LIQUID,60.77,
2026-06-13T03:55:00+08:00,COLLIE_BESS2,150.0,150.0,6,6993c224-e5e2-4672-9540-821ee5d0f05c,IN-SERVICE,NON-LIQUID,151.93,
2026-06-13T03:55:00+08:00,COLLIE_BESS2,150.0,250.0,7,6993c224-e5e2-4672-9540-821ee5d0f05c,IN-SERVICE,NON-LIQUID,253.22,
2026-06-13T03:55:00+08:00,COLLIE_BESS2,0.0,385.39,8,6993c224-e5e2-4672-9540-821ee5d0f05c,IN-SERVICE,NON-LIQUID,390.35,
2026-06-13T03:55:00+08:00,COLLIE_BESS2,0.0,622.0,9,6993c224-e5e2-4672-9540-821ee5d0f05c,IN-SERVICE,NON-LIQUID,630.0,
2026-06-13T03:55:00+08:00,COLLIE_BESS2,0.0,1678.41,10,6993c224-e5e2-4672-9540-821ee5d0f05c,IN-SERVICE,NON-LIQUID,1700.0,
2026-06-13T03:55:00+08:00,COLLIE_ESR4,-250.0,99.54,1,bcf1fb5d-cabc-4797-8af4-8f6559092b2a,IN-SERVICE,NOT APPLICABLE,100.82,0.0
2026-06-13T03:55:00+08:00,COLLIE_ESR4,250.0,114.94,2,bcf1fb5d-cabc-4797-8af4-8f6559092b2a,IN-SERVICE,NOT APPLICABLE,116.42,0.0
2026-06-13T03:55:00+08:00,COLLIE_ESR5,-250.0,99.66,1,b6d25bbe-93a9-4cc7-a47d-efb272b588a9,IN-SERVICE,NOT APPLICABLE,100.94,0.0
2026-06-13T03:55:00+08:00,COLLIE_ESR5,250.0,114.82,2,b6d25bbe-93a9-4cc7-a47d-efb272b588a9,IN-SERVICE,NOT APPLICABLE,116.3,0.0
2026-06-13T04:00:00+08:00,KWINANA_ESR1,-100.0,107.01,1,a860a6a9-b9be-459f-9f99-2aa170d4af5e,IN-SERVICE,NOT APPLICABLE,107.35,0.0
2026-06-13T04:00:00+08:00,KWINANA_ESR1,100.0,121.77,2,a860a6a9-b9be-459f-9f99-2aa170d4af5e,IN-SERVICE,NOT APPLICABLE,122.16,0.0
2026-06-13T04:00:00+08:00,COLLIE_ESR1,0.0,-987.3,1,835509ec-774f-400c-814a-197b9273097e,IN-SERVICE,NON-LIQUID,-1000.0,
2026-06-13T04:00:00+08:00,COLLIE_ESR1,-100.0,-42.46,2,835509ec-774f-400c-814a-197b9273097e,IN-SERVICE,NON-LIQUID,-43.01,
2026-06-13T04:00:00+08:00,COLLIE_ESR1,-100.0,-10.0,3,835509ec-774f-400c-814a-197b9273097e,IN-SERVICE,NON-LIQUID,-10.13,
2026-06-13T04:00:00+08:00,COLLIE_ESR1,0.0,34.02,4,835509ec-774f-400c-814a-197b9273097e,IN-SERVICE,NON-LIQUID,34.46,
2026-06-13T04:00:00+08:00,COLLIE_ESR1,0.0,60.0,5,835509ec-774f-400c-814a-197b9273097e,IN-SERVICE,NON-LIQUID,60.77,
2026-06-13T04:00:00+08:00,COLLIE_ESR1,100.0,150.0,6,835509ec-774f-400c-814a-197b9273097e,IN-SERVICE,NON-LIQUID,151.93,
2026-06-13T04:00:00+08:00,COLLIE_ESR1,100.0,250.0,7,835509ec-774f-400c-814a-197b9273097e,IN-SERVICE,NON-LIQUID,253.22,
2026-06-13T04:00:00+08:00,COLLIE_ESR1,0.0,400.0,8,835509ec-774f-400c-814a-197b9273097e,IN-SERVICE,NON-LIQUID,405.15,
2026-06-13T04:00:00+08:00,COLLIE_ESR1,0.0,622.0,9,835509ec-774f-400c-814a-197b9273097e,IN-SERVICE,NON-LIQUID,630.0,
2026-06-13T04:00:00+08:00,COLLIE_ESR1,0.0,1678.41,10,835509ec-774f-400c-814a-197b9273097e,IN-SERVICE,NON-LIQUID,1700.0,
2026-06-13T04:00:00+08:00,KWINANA_ESR2,-225.0,100.64,1,f0b5a0d2-9b0f-438f-9df1-4e9cc844b228,IN-SERVICE,NOT APPLICABLE,100.86,0.0
2026-06-13T04:00:00+08:00,KWINANA_ESR2,225.0,116.08,2,f0b5a0d2-9b0f-438f-9df1-4e9cc844b228,IN-SERVICE,NOT APPLICABLE,116.34,0.0
2026-06-13T04:00:00+08:00,COLLIE_BESS2,0.0,-987.3,1,3831e4b7-5f8b-4ea9-a857-6b2b2521a54c,IN-SERVICE,NON-LIQUID,-1000.0,
2026-06-13T04:00:00+08:00,COLLIE_BESS2,-42.0,-42.46,2,3831e4b7-5f8b-4ea9-a857-6b2b2521a54c,IN-SERVICE,NON-LIQUID,-43.01,
2026-06-13T04:00:00+08:00,COLLIE_BESS2,-43.0,-10.0,3,3831e4b7-5f8b-4ea9-a857-6b2b2521a54c,IN-SERVICE,NON-LIQUID,-10.13,
2026-06-13T04:00:00+08:00,COLLIE_BESS2,0.0,34.02,4,3831e4b7-5f8b-4ea9-a857-6b2b2521a54c,IN-SERVICE,NON-LIQUID,34.46,
2026-06-13T04:00:00+08:00,COLLIE_BESS2,0.0,60.0,5,3831e4b7-5f8b-4ea9-a857-6b2b2521a54c,IN-SERVICE,NON-LIQUID,60.77,
2026-06-13T04:00:00+08:00,COLLIE_BESS2,-215.0,102.99,6,3831e4b7-5f8b-4ea9-a857-6b2b2521a54c,IN-SERVICE,NON-LIQUID,104.31,
2026-06-13T04:00:00+08:00,COLLIE_BESS2,150.0,150.0,7,3831e4b7-5f8b-4ea9-a857-6b2b2521a54c,IN-SERVICE,NON-LIQUID,151.93,
2026-06-13T04:00:00+08:00,COLLIE_BESS2,150.0,250.0,8,3831e4b7-5f8b-4ea9-a857-6b2b2521a54c,IN-SERVICE,NON-LIQUID,253.22,
2026-06-13T04:00:00+08:00,COLLIE_BESS2,0.0,622.0,9,3831e4b7-5f8b-4ea9-a857-6b2b2521a54c,IN-SERVICE,NON-LIQUID,630.0,
2026-06-13T04:00:00+08:00,COLLIE_BESS2,0.0,1678.41,10,3831e4b7-5f8b-4ea9-a857-6b2b2521a54c,IN-SERVICE,NON-LIQUID,1700.0,
2026-06-13T04:00:00+08:00,COLLIE_ESR4,-250.0,99.54,1,bcf1fb5d-cabc-4797-8af4-8f6559092b2a,IN-SERVICE,NOT APPLICABLE,100.82,0.0
2026-06-13T04:00:00+08:00,COLLIE_ESR4,250.0,114.94,2,bcf1fb5d-cabc-4797-8af4-8f6559092b2a,IN-SERVICE,NOT APPLICABLE,116.42,0.0
2026-06-13T04:00:00+08:00,COLLIE_ESR5,-250.0,99.66,1,b6d25bbe-93a9-4cc7-a47d-efb272b588a9,IN-SERVICE,NOT APPLICABLE,100.94,0.0
2026-06-13T04:00:00+08:00,COLLIE_ESR5,250.0,114.82,2,b6d25bbe-93a9-4cc7-a47d-efb272b588a9,IN-SERVICE,NOT APPLICABLE,116.3,0.0
2026-06-13T04:05:00+08:00,KWINANA_ESR1,-100.0,107.01,1,a860a6a9-b9be-459f-9f99-2aa170d4af5e,IN-SERVICE,NOT APPLICABLE,107.35,0.0
2026-06-13T04:05:00+08:00,KWINANA_ESR1,100.0,121.77,2,a860a6a9-b9be-459f-9f99-2aa170d4af5e,IN-SERVICE,NOT APPLICABLE,122.16,0.0
2026-06-13T04:05:00+08:00,COLLIE_ESR1,0.0,-987.3,1,5091dcd7-cfb7-48a0-98a8-88472df9e179,IN-SERVICE,NON-LIQUID,-1000.0,
2026-06-13T04:05:00+08:00,COLLIE_ESR1,-100.0,-42.46,2,5091dcd7-cfb7-48a0-98a8-88472df9e179,IN-SERVICE,NON-LIQUID,-43.01,
2026-06-13T04:05:00+08:00,COLLIE_ESR1,-100.0,-10.0,3,5091dcd7-cfb7-48a0-98a8-88472df9e179,IN-SERVICE,NON-LIQUID,-10.13,
2026-06-13T04:05:00+08:00,COLLIE_ESR1,0.0,34.02,4,5091dcd7-cfb7-48a0-98a8-88472df9e179,IN-SERVICE,NON-LIQUID,34.46,
2026-06-13T04:05:00+08:00,COLLIE_ESR1,0.0,60.0,5,5091dcd7-cfb7-48a0-98a8-88472df9e179,IN-SERVICE,NON-LIQUID,60.77,
2026-06-13T04:05:00+08:00,COLLIE_ESR1,100.0,150.0,6,5091dcd7-cfb7-48a0-98a8-88472df9e179,IN-SERVICE,NON-LIQUID,151.93,
2026-06-13T04:05:00+08:00,COLLIE_ESR1,100.0,250.0,7,5091dcd7-cfb7-48a0-98a8-88472df9e179,IN-SERVICE,NON-LIQUID,253.22,
2026-06-13T04:05:00+08:00,COLLIE_ESR1,0.0,400.0,8,5091dcd7-cfb7-48a0-98a8-88472df9e179,IN-SERVICE,NON-LIQUID,405.15,
2026-06-13T04:05:00+08:00,COLLIE_ESR1,0.0,622.0,9,5091dcd7-cfb7-48a0-98a8-88472df9e179,IN-SERVICE,NON-LIQUID,630.0,
2026-06-13T04:05:00+08:00,COLLIE_ESR1,0.0,1678.41,10,5091dcd7-cfb7-48a0-98a8-88472df9e179,IN-SERVICE,NON-LIQUID,1700.0,
2026-06-13T04:05:00+08:00,KWINANA_ESR2,-225.0,100.64,1,f0b5a0d2-9b0f-438f-9df1-4e9cc844b228,IN-SERVICE,NOT APPLICABLE,100.86,0.0
2026-06-13T04:05:00+08:00,KWINANA_ESR2,225.0,116.08,2,f0b5a0d2-9b0f-438f-9df1-4e9cc844b228,IN-SERVICE,NOT APPLICABLE,116.34,0.0
2026-06-13T04:05:00+08:00,COLLIE_BESS2,0.0,-987.3,1,e31f883d-ddd9-4ff7-96fe-3180c97d612c,IN-SERVICE,NON-LIQUID,-1000.0,
2026-06-13T04:05:00+08:00,COLLIE_BESS2,-150.0,-42.46,2,e31f883d-ddd9-4ff7-96fe-3180c97d612c,IN-SERVICE,NON-LIQUID,-43.01,
2026-06-13T04:05:00+08:00,COLLIE_BESS2,-150.0,-10.0,3,e31f883d-ddd9-4ff7-96fe-3180c97d612c,IN-SERVICE,NON-LIQUID,-10.13,
2026-06-13T04:05:00+08:00,COLLIE_BESS2,0.0,34.02,4,e31f883d-ddd9-4ff7-96fe-3180c97d612c,IN-SERVICE,NON-LIQUID,34.46,
2026-06-13T04:05:00+08:00,COLLIE_BESS2,0.0,60.0,5,e31f883d-ddd9-4ff7-96fe-3180c97d612c,IN-SERVICE,NON-LIQUID,60.77,
2026-06-13T04:05:00+08:00,COLLIE_BESS2,150.0,150.0,6,e31f883d-ddd9-4ff7-96fe-3180c97d612c,IN-SERVICE,NON-LIQUID,151.93,
2026-06-13T04:05:00+08:00,COLLIE_BESS2,150.0,250.0,7,e31f883d-ddd9-4ff7-96fe-3180c97d612c,IN-SERVICE,NON-LIQUID,253.22,
2026-06-13T04:05:00+08:00,COLLIE_BESS2,0.0,377.74,8,e31f883d-ddd9-4ff7-96fe-3180c97d612c,IN-SERVICE,NON-LIQUID,382.6,
2026-06-13T04:05:00+08:00,COLLIE_BESS2,0.0,622.0,9,e31f883d-ddd9-4ff7-96fe-3180c97d612c,IN-SERVICE,NON-LIQUID,630.0,
2026-06-13T04:05:00+08:00,COLLIE_BESS2,0.0,1678.41,10,e31f883d-ddd9-4ff7-96fe-3180c97d612c,IN-SERVICE,NON-LIQUID,1700.0,
2026-06-13T04:05:00+08:00,COLLIE_ESR4,-250.0,99.54,1,bcf1fb5d-cabc-4797-8af4-8f6559092b2a,IN-SERVICE,NOT APPLICABLE,100.82,0.0
2026-06-13T04:05:00+08:00,COLLIE_ESR4,250.0,114.94,2,bcf1fb5d-cabc-4797-8af4-8f6559092b2a,IN-SERVICE,NOT APPLICABLE,116.42,0.0
2026-06-13T04:05:00+08:00,COLLIE_ESR5,-250.0,99.66,1,b6d25bbe-93a9-4cc7-a47d-efb272b588a9,IN-SERVICE,NOT APPLICABLE,100.94,0.0
2026-06-13T04:05:00+08:00,COLLIE_ESR5,250.0,114.82,2,b6d25bbe-93a9-4cc7-a47d-efb272b588a9,IN-SERVICE,NOT APPLICABLE,116.3,0.0
2026-06-13T04:10:00+08:00,KWINANA_ESR1,-100.0,108.25,1,abc1e73d-9135-4059-808b-f1133207c893,IN-SERVICE,NOT APPLICABLE,108.6,0.0
2026-06-13T04:10:00+08:00,KWINANA_ESR1,100.0,123.01,2,abc1e73d-9135-4059-808b-f1133207c893,IN-SERVICE,NOT APPLICABLE,123.4,0.0
2026-06-13T04:10:00+08:00,COLLIE_ESR1,0.0,-987.3,1,3b2cead4-476e-4bf6-b639-7fe6beb1726f,IN-SERVICE,NON-LIQUID,-1000.0,
2026-06-13T04:10:00+08:00,COLLIE_ESR1,-100.0,-42.46,2,3b2cead4-476e-4bf6-b639-7fe6beb1726f,IN-SERVICE,NON-LIQUID,-43.01,
2026-06-13T04:10:00+08:00,COLLIE_ESR1,-100.0,-10.0,3,3b2cead4-476e-4bf6-b639-7fe6beb1726f,IN-SERVICE,NON-LIQUID,-10.13,
2026-06-13T04:10:00+08:00,COLLIE_ESR1,0.0,34.02,4,3b2cead4-476e-4bf6-b639-7fe6beb1726f,IN-SERVICE,NON-LIQUID,34.46,
2026-06-13T04:10:00+08:00,COLLIE_ESR1,0.0,60.0,5,3b2cead4-476e-4bf6-b639-7fe6beb1726f,IN-SERVICE,NON-LIQUID,60.77,
2026-06-13T04:10:00+08:00,COLLIE_ESR1,100.0,150.0,6,3b2cead4-476e-4bf6-b639-7fe6beb1726f,IN-SERVICE,NON-LIQUID,151.93,
2026-06-13T04:10:00+08:00,COLLIE_ESR1,100.0,250.0,7,3b2cead4-476e-4bf6-b639-7fe6beb1726f,IN-SERVICE,NON-LIQUID,253.22,
2026-06-13T04:10:00+08:00,COLLIE_ESR1,0.0,400.0,8,3b2cead4-476e-4bf6-b639-7fe6beb1726f,IN-SERVICE,NON-LIQUID,405.15,
2026-06-13T04:10:00+08:00,COLLIE_ESR1,0.0,622.0,9,3b2cead4-476e-4bf6-b639-7fe6beb1726f,IN-SERVICE,NON-LIQUID,630.0,
2026-06-13T04:10:00+08:00,COLLIE_ESR1,0.0,1678.41,10,3b2cead4-476e-4bf6-b639-7fe6beb1726f,IN-SERVICE,NON-LIQUID,1700.0,
2026-06-13T04:10:00+08:00,KWINANA_ESR2,-225.0,106.04,1,69857089-724c-4eb4-9763-deb48f7a8d06,IN-SERVICE,NOT APPLICABLE,106.27,0.0
2026-06-13T04:10:00+08:00,KWINANA_ESR2,225.0,121.48,2,69857089-724c-4eb4-9763-deb48f7a8d06,IN-SERVICE,NOT APPLICABLE,121.75,0.0
2026-06-13T04:10:00+08:00,COLLIE_BESS2,0.0,-987.3,1,ac793746-9648-4aeb-80d9-39700dc553ab,IN-SERVICE,NON-LIQUID,-1000.0,
2026-06-13T04:10:00+08:00,COLLIE_BESS2,-150.0,-42.46,2,ac793746-9648-4aeb-80d9-39700dc553ab,IN-SERVICE,NON-LIQUID,-43.01,
2026-06-13T04:10:00+08:00,COLLIE_BESS2,-150.0,-10.0,3,ac793746-9648-4aeb-80d9-39700dc553ab,IN-SERVICE,NON-LIQUID,-10.13,
2026-06-13T04:10:00+08:00,COLLIE_BESS2,0.0,34.02,4,ac793746-9648-4aeb-80d9-39700dc553ab,IN-SERVICE,NON-LIQUID,34.46,
2026-06-13T04:10:00+08:00,COLLIE_BESS2,0.0,60.0,5,ac793746-9648-4aeb-80d9-39700dc553ab,IN-SERVICE,NON-LIQUID,60.77,
2026-06-13T04:10:00+08:00,COLLIE_BESS2,150.0,150.0,6,ac793746-9648-4aeb-80d9-39700dc553ab,IN-SERVICE,NON-LIQUID,151.93,
2026-06-13T04:10:00+08:00,COLLIE_BESS2,150.0,250.0,7,ac793746-9648-4aeb-80d9-39700dc553ab,IN-SERVICE,NON-LIQUID,253.22,
2026-06-13T04:10:00+08:00,COLLIE_BESS2,0.0,377.74,8,ac793746-9648-4aeb-80d9-39700dc553ab,IN-SERVICE,NON-LIQUID,382.6,
2026-06-13T04:10:00+08:00,COLLIE_BESS2,0.0,622.0,9,ac793746-9648-4aeb-80d9-39700dc553ab,IN-SERVICE,NON-LIQUID,630.0,
2026-06-13T04:10:00+08:00,COLLIE_BESS2,0.0,1678.41,10,ac793746-9648-4aeb-80d9-39700dc553ab,IN-SERVICE,NON-LIQUID,1700.0,
2026-06-13T04:10:00+08:00,COLLIE_ESR4,-250.0,104.88,1,a756a4fb-f5dd-43ef-963e-90079b4db9b3,IN-SERVICE,NOT APPLICABLE,106.23,0.0
2026-06-13T04:10:00+08:00,COLLIE_ESR4,250.0,120.24,2,a756a4fb-f5dd-43ef-963e-90079b4db9b3,IN-SERVICE,NOT APPLICABLE,121.79,0.0
2026-06-13T04:10:00+08:00,COLLIE_ESR5,-250.0,105.0,1,bb66f40b-8e9b-4aaa-9935-003fcb944432,IN-SERVICE,NOT APPLICABLE,106.35,0.0
2026-06-13T04:10:00+08:00,COLLIE_ESR5,250.0,120.12,2,bb66f40b-8e9b-4aaa-9935-003fcb944432,IN-SERVICE,NOT APPLICABLE,121.67,0.0
2026-06-13T04:15:00+08:00,KWINANA_ESR1,-100.0,108.25,1,abc1e73d-9135-4059-808b-f1133207c893,IN-SERVICE,NOT APPLICABLE,108.6,0.0
2026-06-13T04:15:00+08:00,KWINANA_ESR1,100.0,123.01,2,abc1e73d-9135-4059-808b-f1133207c893,IN-SERVICE,NOT APPLICABLE,123.4,0.0
2026-06-13T04:15:00+08:00,COLLIE_ESR1,0.0,-987.3,1,2b0b3eea-0fe1-47d3-b6af-f76a63eb4db3,IN-SERVICE,NON-LIQUID,-1000.0,
2026-06-13T04:15:00+08:00,COLLIE_ESR1,-100.0,-42.46,2,2b0b3eea-0fe1-47d3-b6af-f76a63eb4db3,IN-SERVICE,NON-LIQUID,-43.01,
2026-06-13T04:15:00+08:00,COLLIE_ESR1,-100.0,-10.0,3,2b0b3eea-0fe1-47d3-b6af-f76a63eb4db3,IN-SERVICE,NON-LIQUID,-10.13,
2026-06-13T04:15:00+08:00,COLLIE_ESR1,0.0,34.02,4,2b0b3eea-0fe1-47d3-b6af-f76a63eb4db3,IN-SERVICE,NON-LIQUID,34.46,
2026-06-13T04:15:00+08:00,COLLIE_ESR1,0.0,60.0,5,2b0b3eea-0fe1-47d3-b6af-f76a63eb4db3,IN-SERVICE,NON-LIQUID,60.77,
2026-06-13T04:15:00+08:00,COLLIE_ESR1,100.0,150.0,6,2b0b3eea-0fe1-47d3-b6af-f76a63eb4db3,IN-SERVICE,NON-LIQUID,151.93,
2026-06-13T04:15:00+08:00,COLLIE_ESR1,100.0,250.0,7,2b0b3eea-0fe1-47d3-b6af-f76a63eb4db3,IN-SERVICE,NON-LIQUID,253.22,
2026-06-13T04:15:00+08:00,COLLIE_ESR1,0.0,400.0,8,2b0b3eea-0fe1-47d3-b6af-f76a63eb4db3,IN-SERVICE,NON-LIQUID,405.15,
2026-06-13T04:15:00+08:00,COLLIE_ESR1,0.0,622.0,9,2b0b3eea-0fe1-47d3-b6af-f76a63eb4db3,IN-SERVICE,NON-LIQUID,630.0,
2026-06-13T04:15:00+08:00,COLLIE_ESR1,0.0,1678.41,10,2b0b3eea-0fe1-47d3-b6af-f76a63eb4db3,IN-SERVICE,NON-LIQUID,1700.0,
2026-06-13T04:15:00+08:00,KWINANA_ESR2,-225.0,106.04,1,69857089-724c-4eb4-9763-deb48f7a8d06,IN-SERVICE,NOT APPLICABLE,106.27,0.0
2026-06-13T04:15:00+08:00,KWINANA_ESR2,225.0,121.48,2,69857089-724c-4eb4-9763-deb48f7a8d06,IN-SERVICE,NOT APPLICABLE,121.75,0.0
2026-06-13T04:15:00+08:00,COLLIE_BESS2,0.0,-987.3,1,1400826b-9e39-4c25-961c-d44cb2ad78bb,IN-SERVICE,NON-LIQUID,-1000.0,
2026-06-13T04:15:00+08:00,COLLIE_BESS2,-150.0,-42.46,2,1400826b-9e39-4c25-961c-d44cb2ad78bb,IN-SERVICE,NON-LIQUID,-43.01,
2026-06-13T04:15:00+08:00,COLLIE_BESS2,-150.0,-10.0,3,1400826b-9e39-4c25-961c-d44cb2ad78bb,IN-SERVICE,NON-LIQUID,-10.13,
2026-06-13T04:15:00+08:00,COLLIE_BESS2,0.0,34.02,4,1400826b-9e39-4c25-961c-d44cb2ad78bb,IN-SERVICE,NON-LIQUID,34.46,
2026-06-13T04:15:00+08:00,COLLIE_BESS2,0.0,60.0,5,1400826b-9e39-4c25-961c-d44cb2ad78bb,IN-SERVICE,NON-LIQUID,60.77,
2026-06-13T04:15:00+08:00,COLLIE_BESS2,150.0,150.0,6,1400826b-9e39-4c25-961c-d44cb2ad78bb,IN-SERVICE,NON-LIQUID,151.93,
2026-06-13T04:15:00+08:00,COLLIE_BESS2,150.0,250.0,7,1400826b-9e39-4c25-961c-d44cb2ad78bb,IN-SERVICE,NON-LIQUID,253.22,
2026-06-13T04:15:00+08:00,COLLIE_BESS2,0.0,377.74,8,1400826b-9e39-4c25-961c-d44cb2ad78bb,IN-SERVICE,NON-LIQUID,382.6,
2026-06-13T04:15:00+08:00,COLLIE_BESS2,0.0,622.0,9,1400826b-9e39-4c25-961c-d44cb2ad78bb,IN-SERVICE,NON-LIQUID,630.0,
2026-06-13T04:15:00+08:00,COLLIE_BESS2,0.0,1678.41,10,1400826b-9e39-4c25-961c-d44cb2ad78bb,IN-SERVICE,NON-LIQUID,1700.0,
2026-06-13T04:15:00+08:00,COLLIE_ESR4,-250.0,104.88,1,a756a4fb-f5dd-43ef-963e-90079b4db9b3,IN-SERVICE,NOT APPLICABLE,106.23,0.0
2026-06-13T04:15:00+08:00,COLLIE_ESR4,250.0,120.24,2,a756a4fb-f5dd-43ef-963e-90079b4db9b3,IN-SERVICE,NOT APPLICABLE,121.79,0.0
2026-06-13T04:15:00+08:00,COLLIE_ESR5,-250.0,105.0,1,bb66f40b-8e9b-4aaa-9935-003fcb944432,IN-SERVICE,NOT APPLICABLE,106.35,0.0
2026-06-13T04:15:00+08:00,COLLIE_ESR5,250.0,120.12,2,bb66f40b-8e9b-4aaa-9935-003fcb944432,IN-SERVICE,NOT APPLICABLE,121.67,0.0
2026-06-13T04:20:00+08:00,KWINANA_ESR1,-100.0,108.25,1,abc1e73d-9135-4059-808b-f1133207c893,IN-SERVICE,NOT APPLICABLE,108.6,0.0
2026-06-13T04:20:00+08:00,KWINANA_ESR1,100.0,123.01,2,abc1e73d-9135-4059-808b-f1133207c893,IN-SERVICE,NOT APPLICABLE,123.4,0.0
2026-06-13T04:20:00+08:00,COLLIE_ESR1,0.0,-987.3,1,c2f4d997-3afe-4b65-8711-bcfb0ab8b6d1,IN-SERVICE,NON-LIQUID,-1000.0,
2026-06-13T04:20:00+08:00,COLLIE_ESR1,-100.0,-42.46,2,c2f4d997-3afe-4b65-8711-bcfb0ab8b6d1,IN-SERVICE,NON-LIQUID,-43.01,
2026-06-13T04:20:00+08:00,COLLIE_ESR1,-100.0,-10.0,3,c2f4d997-3afe-4b65-8711-bcfb0ab8b6d1,IN-SERVICE,NON-LIQUID,-10.13,
2026-06-13T04:20:00+08:00,COLLIE_ESR1,0.0,34.02,4,c2f4d997-3afe-4b65-8711-bcfb0ab8b6d1,IN-SERVICE,NON-LIQUID,34.46,
2026-06-13T04:20:00+08:00,COLLIE_ESR1,0.0,60.0,5,c2f4d997-3afe-4b65-8711-bcfb0ab8b6d1,IN-SERVICE,NON-LIQUID,60.77,
2026-06-13T04:20:00+08:00,COLLIE_ESR1,100.0,150.0,6,c2f4d997-3afe-4b65-8711-bcfb0ab8b6d1,IN-SERVICE,NON-LIQUID,151.93,
2026-06-13T04:20:00+08:00,COLLIE_ESR1,100.0,250.0,7,c2f4d997-3afe-4b65-8711-bcfb0ab8b6d1,IN-SERVICE,NON-LIQUID,253.22,
2026-06-13T04:20:00+08:00,COLLIE_ESR1,0.0,400.0,8,c2f4d997-3afe-4b65-8711-bcfb0ab8b6d1,IN-SERVICE,NON-LIQUID,405.15,
2026-06-13T04:20:00+08:00,COLLIE_ESR1,0.0,622.0,9,c2f4d997-3afe-4b65-8711-bcfb0ab8b6d1,IN-SERVICE,NON-LIQUID,630.0,
2026-06-13T04:20:00+08:00,COLLIE_ESR1,0.0,1678.41,10,c2f4d997-3afe-4b65-8711-bcfb0ab8b6d1,IN-SERVICE,NON-LIQUID,1700.0,
2026-06-13T04:20:00+08:00,KWINANA_ESR2,-225.0,106.04,1,69857089-724c-4eb4-9763-deb48f7a8d06,IN-SERVICE,NOT APPLICABLE,106.27,0.0
2026-06-13T04:20:00+08:00,KWINANA_ESR2,225.0,121.48,2,69857089-724c-4eb4-9763-deb48f7a8d06,IN-SERVICE,NOT APPLICABLE,121.75,0.0
2026-06-13T04:20:00+08:00,COLLIE_BESS2,0.0,-987.3,1,05e36db5-376f-4ae9-858e-91978227d8ac,IN-SERVICE,NON-LIQUID,-1000.0,
2026-06-13T04:20:00+08:00,COLLIE_BESS2,-150.0,-42.46,2,05e36db5-376f-4ae9-858e-91978227d8ac,IN-SERVICE,NON-LIQUID,-43.01,
2026-06-13T04:20:00+08:00,COLLIE_BESS2,-150.0,-10.0,3,05e36db5-376f-4ae9-858e-91978227d8ac,IN-SERVICE,NON-LIQUID,-10.13,
2026-06-13T04:20:00+08:00,COLLIE_BESS2,0.0,34.02,4,05e36db5-376f-4ae9-858e-91978227d8ac,IN-SERVICE,NON-LIQUID,34.46,
2026-06-13T04:20:00+08:00,COLLIE_BESS2,0.0,60.0,5,05e36db5-376f-4ae9-858e-91978227d8ac,IN-SERVICE,NON-LIQUID,60.77,
2026-06-13T04:20:00+08:00,COLLIE_BESS2,150.0,150.0,6,05e36db5-376f-4ae9-858e-91978227d8ac,IN-SERVICE,NON-LIQUID,151.93,
2026-06-13T04:20:00+08:00,COLLIE_BESS2,150.0,250.0,7,05e36db5-376f-4ae9-858e-91978227d8ac,IN-SERVICE,NON-LIQUID,253.22,
2026-06-13T04:20:00+08:00,COLLIE_BESS2,0.0,377.74,8,05e36db5-376f-4ae9-858e-91978227d8ac,IN-SERVICE,NON-LIQUID,382.6,
2026-06-13T04:20:00+08:00,COLLIE_BESS2,0.0,622.0,9,05e36db5-376f-4ae9-858e-91978227d8ac,IN-SERVICE,NON-LIQUID,630.0,
2026-06-13T04:20:00+08:00,COLLIE_BESS2,0.0,1678.41,10,05e36db5-376f-4ae9-858e-91978227d8ac,IN-SERVICE,NON-LIQUID,1700.0,
2026-06-13T04:20:00+08:00,COLLIE_ESR4,-250.0,104.88,1,a756a4fb-f5dd-43ef-963e-90079b4db9b3,IN-SERVICE,NOT APPLICABLE,106.23,0.0
2026-06-13T04:20:00+08:00,COLLIE_ESR4,250.0,120.24,2,a756a4fb-f5dd-43ef-963e-90079b4db9b3,IN-SERVICE,NOT APPLICABLE,121.79,0.0
2026-06-13T04:20:00+08:00,COLLIE_ESR5,-250.0,105.0,1,bb66f40b-8e9b-4aaa-9935-003fcb944432,IN-SERVICE,NOT APPLICABLE,106.35,0.0
2026-06-13T04:20:00+08:00,COLLIE_ESR5,250.0,120.12,2,bb66f40b-8e9b-4aaa-9935-003fcb944432,IN-SERVICE,NOT APPLICABLE,121.67,0.0
2026-06-13T04:25:00+08:00,KWINANA_ESR1,-100.0,108.34,1,6fe5c4d7-4dcf-4fcc-acfa-6231dca19d78,IN-SERVICE,NOT APPLICABLE,108.69,0.0
2026-06-13T04:25:00+08:00,KWINANA_ESR1,100.0,123.1,2,6fe5c4d7-4dcf-4fcc-acfa-6231dca19d78,IN-SERVICE,NOT APPLICABLE,123.5,0.0
2026-06-13T04:25:00+08:00,COLLIE_ESR1,0.0,-987.3,1,e526f1ea-d3b3-44d6-b770-08da7554d5f2,IN-SERVICE,NON-LIQUID,-1000.0,
2026-06-13T04:25:00+08:00,COLLIE_ESR1,-100.0,-42.46,2,e526f1ea-d3b3-44d6-b770-08da7554d5f2,IN-SERVICE,NON-LIQUID,-43.01,
2026-06-13T04:25:00+08:00,COLLIE_ESR1,-100.0,-10.0,3,e526f1ea-d3b3-44d6-b770-08da7554d5f2,IN-SERVICE,NON-LIQUID,-10.13,
2026-06-13T04:25:00+08:00,COLLIE_ESR1,0.0,34.02,4,e526f1ea-d3b3-44d6-b770-08da7554d5f2,IN-SERVICE,NON-LIQUID,34.46,
2026-06-13T04:25:00+08:00,COLLIE_ESR1,0.0,60.0,5,e526f1ea-d3b3-44d6-b770-08da7554d5f2,IN-SERVICE,NON-LIQUID,60.77,
2026-06-13T04:25:00+08:00,COLLIE_ESR1,100.0,150.0,6,e526f1ea-d3b3-44d6-b770-08da7554d5f2,IN-SERVICE,NON-LIQUID,151.93,
2026-06-13T04:25:00+08:00,COLLIE_ESR1,100.0,250.0,7,e526f1ea-d3b3-44d6-b770-08da7554d5f2,IN-SERVICE,NON-LIQUID,253.22,
2026-06-13T04:25:00+08:00,COLLIE_ESR1,0.0,400.0,8,e526f1ea-d3b3-44d6-b770-08da7554d5f2,IN-SERVICE,NON-LIQUID,405.15,
2026-06-13T04:25:00+08:00,COLLIE_ESR1,0.0,622.0,9,e526f1ea-d3b3-44d6-b770-08da7554d5f2,IN-SERVICE,NON-LIQUID,630.0,
2026-06-13T04:25:00+08:00,COLLIE_ESR1,0.0,1678.41,10,e526f1ea-d3b3-44d6-b770-08da7554d5f2,IN-SERVICE,NON-LIQUID,1700.0,
2026-06-13T04:25:00+08:00,KWINANA_ESR2,-225.0,106.04,1,69857089-724c-4eb4-9763-deb48f7a8d06,IN-SERVICE,NOT APPLICABLE,106.27,0.0
2026-06-13T04:25:00+08:00,KWINANA_ESR2,225.0,121.48,2,69857089-724c-4eb4-9763-deb48f7a8d06,IN-SERVICE,NOT APPLICABLE,121.75,0.0
2026-06-13T04:25:00+08:00,COLLIE_BESS2,0.0,-987.3,1,8548ab3b-765c-4e98-b8b7-5cb9a3f15052,IN-SERVICE,NON-LIQUID,-1000.0,
2026-06-13T04:25:00+08:00,COLLIE_BESS2,-150.0,-42.46,2,8548ab3b-765c-4e98-b8b7-5cb9a3f15052,IN-SERVICE,NON-LIQUID,-43.01,
2026-06-13T04:25:00+08:00,COLLIE_BESS2,-150.0,-10.0,3,8548ab3b-765c-4e98-b8b7-5cb9a3f15052,IN-SERVICE,NON-LIQUID,-10.13,
2026-06-13T04:25:00+08:00,COLLIE_BESS2,0.0,34.02,4,8548ab3b-765c-4e98-b8b7-5cb9a3f15052,IN-SERVICE,NON-LIQUID,34.46,
2026-06-13T04:25:00+08:00,COLLIE_BESS2,0.0,60.0,5,8548ab3b-765c-4e98-b8b7-5cb9a3f15052,IN-SERVICE,NON-LIQUID,60.77,
2026-06-13T04:25:00+08:00,COLLIE_BESS2,150.0,150.0,6,8548ab3b-765c-4e98-b8b7-5cb9a3f15052,IN-SERVICE,NON-LIQUID,151.93,
2026-06-13T04:25:00+08:00,COLLIE_BESS2,150.0,250.0,7,8548ab3b-765c-4e98-b8b7-5cb9a3f15052,IN-SERVICE,NON-LIQUID,253.22,
2026-06-13T04:25:00+08:00,COLLIE_BESS2,0.0,377.74,8,8548ab3b-765c-4e98-b8b7-5cb9a3f15052,IN-SERVICE,NON-LIQUID,382.6,
2026-06-13T04:25:00+08:00,COLLIE_BESS2,0.0,622.0,9,8548ab3b-765c-4e98-b8b7-5cb9a3f15052,IN-SERVICE,NON-LIQUID,630.0,
2026-06-13T04:25:00+08:00,COLLIE_BESS2,0.0,1678.41,10,8548ab3b-765c-4e98-b8b7-5cb9a3f15052,IN-SERVICE,NON-LIQUID,1700.0,
2026-06-13T04:25:00+08:00,COLLIE_ESR4,-250.0,104.88,1,a756a4fb-f5dd-43ef-963e-90079b4db9b3,IN-SERVICE,NOT APPLICABLE,106.23,0.0
2026-06-13T04:25:00+08:00,COLLIE_ESR4,250.0,120.24,2,a756a4fb-f5dd-43ef-963e-90079b4db9b3,IN-SERVICE,NOT APPLICABLE,121.79,0.0
2026-06-13T04:25:00+08:00,COLLIE_ESR5,-250.0,105.0,1,9a1538af-b682-47b7-b7e5-d3f08c421f29,IN-SERVICE,NOT APPLICABLE,106.35,0.0
2026-06-13T04:25:00+08:00,COLLIE_ESR5,250.0,122.18,2,9a1538af-b682-47b7-b7e5-d3f08c421f29,IN-SERVICE,NOT APPLICABLE,123.75,0.0
2026-06-13T04:30:00+08:00,KWINANA_ESR1,-100.0,108.34,1,6fe5c4d7-4dcf-4fcc-acfa-6231dca19d78,IN-SERVICE,NOT APPLICABLE,108.69,0.0
2026-06-13T04:30:00+08:00,KWINANA_ESR1,100.0,123.1,2,6fe5c4d7-4dcf-4fcc-acfa-6231dca19d78,IN-SERVICE,NOT APPLICABLE,123.5,0.0
2026-06-13T04:30:00+08:00,COLLIE_ESR1,0.0,-987.3,1,9ff8875c-2c2c-4c98-a8c3-3137c1044fb8,IN-SERVICE,NON-LIQUID,-1000.0,
2026-06-13T04:30:00+08:00,COLLIE_ESR1,-100.0,-42.46,2,9ff8875c-2c2c-4c98-a8c3-3137c1044fb8,IN-SERVICE,NON-LIQUID,-43.01,
2026-06-13T04:30:00+08:00,COLLIE_ESR1,-100.0,-10.0,3,9ff8875c-2c2c-4c98-a8c3-3137c1044fb8,IN-SERVICE,NON-LIQUID,-10.13,
2026-06-13T04:30:00+08:00,COLLIE_ESR1,0.0,34.02,4,9ff8875c-2c2c-4c98-a8c3-3137c1044fb8,IN-SERVICE,NON-LIQUID,34.46,
2026-06-13T04:30:00+08:00,COLLIE_ESR1,0.0,60.0,5,9ff8875c-2c2c-4c98-a8c3-3137c1044fb8,IN-SERVICE,NON-LIQUID,60.77,
2026-06-13T04:30:00+08:00,COLLIE_ESR1,100.0,150.0,6,9ff8875c-2c2c-4c98-a8c3-3137c1044fb8,IN-SERVICE,NON-LIQUID,151.93,
2026-06-13T04:30:00+08:00,COLLIE_ESR1,100.0,250.0,7,9ff8875c-2c2c-4c98-a8c3-3137c1044fb8,IN-SERVICE,NON-LIQUID,253.22,
2026-06-13T04:30:00+08:00,COLLIE_ESR1,0.0,400.0,8,9ff8875c-2c2c-4c98-a8c3-3137c1044fb8,IN-SERVICE,NON-LIQUID,405.15,
2026-06-13T04:30:00+08:00,COLLIE_ESR1,0.0,622.0,9,9ff8875c-2c2c-4c98-a8c3-3137c1044fb8,IN-SERVICE,NON-LIQUID,630.0,
2026-06-13T04:30:00+08:00,COLLIE_ESR1,0.0,1678.41,10,9ff8875c-2c2c-4c98-a8c3-3137c1044fb8,IN-SERVICE,NON-LIQUID,1700.0,
2026-06-13T04:30:00+08:00,KWINANA_ESR2,-225.0,106.04,1,53be504d-afb5-4f53-910b-cdce177a7a67,IN-SERVICE,NOT APPLICABLE,106.27,0.0
2026-06-13T04:30:00+08:00,KWINANA_ESR2,225.0,121.48,2,53be504d-afb5-4f53-910b-cdce177a7a67,IN-SERVICE,NOT APPLICABLE,121.75,0.0
2026-06-13T04:30:00+08:00,COLLIE_BESS2,0.0,-987.3,1,04b31001-384b-4a24-893c-4aed8f76a1a9,IN-SERVICE,NON-LIQUID,-1000.0,
2026-06-13T04:30:00+08:00,COLLIE_BESS2,-150.0,-42.46,2,04b31001-384b-4a24-893c-4aed8f76a1a9,IN-SERVICE,NON-LIQUID,-43.01,
2026-06-13T04:30:00+08:00,COLLIE_BESS2,-150.0,-10.0,3,04b31001-384b-4a24-893c-4aed8f76a1a9,IN-SERVICE,NON-LIQUID,-10.13,
2026-06-13T04:30:00+08:00,COLLIE_BESS2,0.0,34.02,4,04b31001-384b-4a24-893c-4aed8f76a1a9,IN-SERVICE,NON-LIQUID,34.46,
2026-06-13T04:30:00+08:00,COLLIE_BESS2,0.0,60.0,5,04b31001-384b-4a24-893c-4aed8f76a1a9,IN-SERVICE,NON-LIQUID,60.77,
2026-06-13T04:30:00+08:00,COLLIE_BESS2,150.0,150.0,6,04b31001-384b-4a24-893c-4aed8f76a1a9,IN-SERVICE,NON-LIQUID,151.93,
2026-06-13T04:30:00+08:00,COLLIE_BESS2,150.0,250.0,7,04b31001-384b-4a24-893c-4aed8f76a1a9,IN-SERVICE,NON-LIQUID,253.22,
2026-06-13T04:30:00+08:00,COLLIE_BESS2,0.0,377.74,8,04b31001-384b-4a24-893c-4aed8f76a1a9,IN-SERVICE,NON-LIQUID,382.6,
2026-06-13T04:30:00+08:00,COLLIE_BESS2,0.0,622.0,9,04b31001-384b-4a24-893c-4aed8f76a1a9,IN-SERVICE,NON-LIQUID,630.0,
2026-06-13T04:30:00+08:00,COLLIE_BESS2,0.0,1678.41,10,04b31001-384b-4a24-893c-4aed8f76a1a9,IN-SERVICE,NON-LIQUID,1700.0,
2026-06-13T04:30:00+08:00,COLLIE_ESR4,-250.0,104.88,1,1ad52117-407f-4097-9941-8b72c68d6aba,IN-SERVICE,NOT APPLICABLE,106.23,0.0
2026-06-13T04:30:00+08:00,COLLIE_ESR4,250.0,120.24,2,1ad52117-407f-4097-9941-8b72c68d6aba,IN-SERVICE,NOT APPLICABLE,121.79,0.0
2026-06-13T04:30:00+08:00,COLLIE_ESR5,-250.0,105.0,1,9a1538af-b682-47b7-b7e5-d3f08c421f29,IN-SERVICE,NOT APPLICABLE,106.35,0.0
2026-06-13T04:30:00+08:00,COLLIE_ESR5,250.0,122.18,2,9a1538af-b682-47b7-b7e5-d3f08c421f29,IN-SERVICE,NOT APPLICABLE,123.75,0.0
2026-06-13T04:35:00+08:00,KWINANA_ESR1,-100.0,108.34,1,6fe5c4d7-4dcf-4fcc-acfa-6231dca19d78,IN-SERVICE,NOT APPLICABLE,108.69,0.0
2026-06-13T04:35:00+08:00,KWINANA_ESR1,100.0,123.1,2,6fe5c4d7-4dcf-4fcc-acfa-6231dca19d78,IN-SERVICE,NOT APPLICABLE,123.5,0.0
2026-06-13T04:35:00+08:00,COLLIE_ESR1,0.0,-987.3,1,2ebbdcf7-80bf-4d0e-b63d-ebf6dec5ea60,IN-SERVICE,NON-LIQUID,-1000.0,
2026-06-13T04:35:00+08:00,COLLIE_ESR1,-100.0,-42.46,2,2ebbdcf7-80bf-4d0e-b63d-ebf6dec5ea60,IN-SERVICE,NON-LIQUID,-43.01,
2026-06-13T04:35:00+08:00,COLLIE_ESR1,-100.0,-10.0,3,2ebbdcf7-80bf-4d0e-b63d-ebf6dec5ea60,IN-SERVICE,NON-LIQUID,-10.13,
2026-06-13T04:35:00+08:00,COLLIE_ESR1,0.0,34.02,4,2ebbdcf7-80bf-4d0e-b63d-ebf6dec5ea60,IN-SERVICE,NON-LIQUID,34.46,
2026-06-13T04:35:00+08:00,COLLIE_ESR1,0.0,60.0,5,2ebbdcf7-80bf-4d0e-b63d-ebf6dec5ea60,IN-SERVICE,NON-LIQUID,60.77,
2026-06-13T04:35:00+08:00,COLLIE_ESR1,100.0,150.0,6,2ebbdcf7-80bf-4d0e-b63d-ebf6dec5ea60,IN-SERVICE,NON-LIQUID,151.93,
2026-06-13T04:35:00+08:00,COLLIE_ESR1,100.0,250.0,7,2ebbdcf7-80bf-4d0e-b63d-ebf6dec5ea60,IN-SERVICE,NON-LIQUID,253.22,
2026-06-13T04:35:00+08:00,COLLIE_ESR1,0.0,400.0,8,2ebbdcf7-80bf-4d0e-b63d-ebf6dec5ea60,IN-SERVICE,NON-LIQUID,405.15,
2026-06-13T04:35:00+08:00,COLLIE_ESR1,0.0,622.0,9,2ebbdcf7-80bf-4d0e-b63d-ebf6dec5ea60,IN-SERVICE,NON-LIQUID,630.0,
2026-06-13T04:35:00+08:00,COLLIE_ESR1,0.0,1678.41,10,2ebbdcf7-80bf-4d0e-b63d-ebf6dec5ea60,IN-SERVICE,NON-LIQUID,1700.0,
2026-06-13T04:35:00+08:00,KWINANA_ESR2,-225.0,106.04,1,53be504d-afb5-4f53-910b-cdce177a7a67,IN-SERVICE,NOT APPLICABLE,106.27,0.0
2026-06-13T04:35:00+08:00,KWINANA_ESR2,225.0,121.48,2,53be504d-afb5-4f53-910b-cdce177a7a67,IN-SERVICE,NOT APPLICABLE,121.75,0.0
2026-06-13T04:35:00+08:00,COLLIE_BESS2,0.0,-987.3,1,ff2be33f-b264-4a95-94b0-d485c1c41761,IN-SERVICE,NON-LIQUID,-1000.0,
2026-06-13T04:35:00+08:00,COLLIE_BESS2,-150.0,-42.46,2,ff2be33f-b264-4a95-94b0-d485c1c41761,IN-SERVICE,NON-LIQUID,-43.01,
2026-06-13T04:35:00+08:00,COLLIE_BESS2,-150.0,-10.0,3,ff2be33f-b264-4a95-94b0-d485c1c41761,IN-SERVICE,NON-LIQUID,-10.13,
2026-06-13T04:35:00+08:00,COLLIE_BESS2,0.0,34.02,4,ff2be33f-b264-4a95-94b0-d485c1c41761,IN-SERVICE,NON-LIQUID,34.46,
2026-06-13T04:35:00+08:00,COLLIE_BESS2,0.0,60.0,5,ff2be33f-b264-4a95-94b0-d485c1c41761,IN-SERVICE,NON-LIQUID,60.77,
2026-06-13T04:35:00+08:00,COLLIE_BESS2,150.0,150.0,6,ff2be33f-b264-4a95-94b0-d485c1c41761,IN-SERVICE,NON-LIQUID,151.93,
2026-06-13T04:35:00+08:00,COLLIE_BESS2,150.0,250.0,7,ff2be33f-b264-4a95-94b0-d485c1c41761,IN-SERVICE,NON-LIQUID,253.22,
2026-06-13T04:35:00+08:00,COLLIE_BESS2,0.0,377.74,8,ff2be33f-b264-4a95-94b0-d485c1c41761,IN-SERVICE,NON-LIQUID,382.6,
2026-06-13T04:35:00+08:00,COLLIE_BESS2,0.0,622.0,9,ff2be33f-b264-4a95-94b0-d485c1c41761,IN-SERVICE,NON-LIQUID,630.0,
2026-06-13T04:35:00+08:00,COLLIE_BESS2,0.0,1678.41,10,ff2be33f-b264-4a95-94b0-d485c1c41761,IN-SERVICE,NON-LIQUID,1700.0,
2026-06-13T04:35:00+08:00,COLLIE_ESR4,-250.0,104.88,1,1ad52117-407f-4097-9941-8b72c68d6aba,IN-SERVICE,NOT APPLICABLE,106.23,0.0
2026-06-13T04:35:00+08:00,COLLIE_ESR4,250.0,120.24,2,1ad52117-407f-4097-9941-8b72c68d6aba,IN-SERVICE,NOT APPLICABLE,121.79,0.0
2026-06-13T04:35:00+08:00,COLLIE_ESR5,-250.0,105.0,1,9a1538af-b682-47b7-b7e5-d3f08c421f29,IN-SERVICE,NOT APPLICABLE,106.35,0.0
2026-06-13T04:35:00+08:00,COLLIE_ESR5,250.0,120.35,2,9a1538af-b682-47b7-b7e5-d3f08c421f29,IN-SERVICE,NOT APPLICABLE,121.9,0.0
2026-06-13T04:40:00+08:00,KWINANA_ESR1,-100.0,108.34,1,b3f1ae4f-17dc-4507-8adf-e2905df78c3a,IN-SERVICE,NOT APPLICABLE,108.69,0.0
2026-06-13T04:40:00+08:00,KWINANA_ESR1,100.0,123.1,2,b3f1ae4f-17dc-4507-8adf-e2905df78c3a,IN-SERVICE,NOT APPLICABLE,123.5,0.0
2026-06-13T04:40:00+08:00,COLLIE_ESR1,0.0,-987.3,1,fdd8ab2f-9c71-44eb-896a-3c730482c5e3,IN-SERVICE,NON-LIQUID,-1000.0,
2026-06-13T04:40:00+08:00,COLLIE_ESR1,-100.0,-42.46,2,fdd8ab2f-9c71-44eb-896a-3c730482c5e3,IN-SERVICE,NON-LIQUID,-43.01,
2026-06-13T04:40:00+08:00,COLLIE_ESR1,-100.0,-10.0,3,fdd8ab2f-9c71-44eb-896a-3c730482c5e3,IN-SERVICE,NON-LIQUID,-10.13,
2026-06-13T04:40:00+08:00,COLLIE_ESR1,0.0,34.02,4,fdd8ab2f-9c71-44eb-896a-3c730482c5e3,IN-SERVICE,NON-LIQUID,34.46,
2026-06-13T04:40:00+08:00,COLLIE_ESR1,0.0,60.0,5,fdd8ab2f-9c71-44eb-896a-3c730482c5e3,IN-SERVICE,NON-LIQUID,60.77,
2026-06-13T04:40:00+08:00,COLLIE_ESR1,100.0,150.0,6,fdd8ab2f-9c71-44eb-896a-3c730482c5e3,IN-SERVICE,NON-LIQUID,151.93,
2026-06-13T04:40:00+08:00,COLLIE_ESR1,100.0,250.0,7,fdd8ab2f-9c71-44eb-896a-3c730482c5e3,IN-SERVICE,NON-LIQUID,253.22,
2026-06-13T04:40:00+08:00,COLLIE_ESR1,0.0,400.0,8,fdd8ab2f-9c71-44eb-896a-3c730482c5e3,IN-SERVICE,NON-LIQUID,405.15,
2026-06-13T04:40:00+08:00,COLLIE_ESR1,0.0,622.0,9,fdd8ab2f-9c71-44eb-896a-3c730482c5e3,IN-SERVICE,NON-LIQUID,630.0,
2026-06-13T04:40:00+08:00,COLLIE_ESR1,0.0,1678.41,10,fdd8ab2f-9c71-44eb-896a-3c730482c5e3,IN-SERVICE,NON-LIQUID,1700.0,
2026-06-13T04:40:00+08:00,KWINANA_ESR2,-225.0,106.27,1,4199d22d-76b7-4de5-8f62-0ceeaa16e6b3,IN-SERVICE,NOT APPLICABLE,106.5,0.0
2026-06-13T04:40:00+08:00,KWINANA_ESR2,225.0,121.79,2,4199d22d-76b7-4de5-8f62-0ceeaa16e6b3,IN-SERVICE,NOT APPLICABLE,122.06,0.0
2026-06-13T04:40:00+08:00,COLLIE_BESS2,0.0,-987.3,1,9a32fe33-e2cd-4c7b-aa9a-c0c5deb90033,IN-SERVICE,NON-LIQUID,-1000.0,
2026-06-13T04:40:00+08:00,COLLIE_BESS2,-150.0,-42.46,2,9a32fe33-e2cd-4c7b-aa9a-c0c5deb90033,IN-SERVICE,NON-LIQUID,-43.01,
2026-06-13T04:40:00+08:00,COLLIE_BESS2,-150.0,-10.0,3,9a32fe33-e2cd-4c7b-aa9a-c0c5deb90033,IN-SERVICE,NON-LIQUID,-10.13,
2026-06-13T04:40:00+08:00,COLLIE_BESS2,0.0,34.02,4,9a32fe33-e2cd-4c7b-aa9a-c0c5deb90033,IN-SERVICE,NON-LIQUID,34.46,
2026-06-13T04:40:00+08:00,COLLIE_BESS2,0.0,60.0,5,9a32fe33-e2cd-4c7b-aa9a-c0c5deb90033,IN-SERVICE,NON-LIQUID,60.77,
2026-06-13T04:40:00+08:00,COLLIE_BESS2,150.0,150.0,6,9a32fe33-e2cd-4c7b-aa9a-c0c5deb90033,IN-SERVICE,NON-LIQUID,151.93,
2026-06-13T04:40:00+08:00,COLLIE_BESS2,150.0,250.0,7,9a32fe33-e2cd-4c7b-aa9a-c0c5deb90033,IN-SERVICE,NON-LIQUID,253.22,
2026-06-13T04:40:00+08:00,COLLIE_BESS2,0.0,377.74,8,9a32fe33-e2cd-4c7b-aa9a-c0c5deb90033,IN-SERVICE,NON-LIQUID,382.6,
2026-06-13T04:40:00+08:00,COLLIE_BESS2,0.0,622.0,9,9a32fe33-e2cd-4c7b-aa9a-c0c5deb90033,IN-SERVICE,NON-LIQUID,630.0,
2026-06-13T04:40:00+08:00,COLLIE_BESS2,0.0,1678.41,10,9a32fe33-e2cd-4c7b-aa9a-c0c5deb90033,IN-SERVICE,NON-LIQUID,1700.0,
2026-06-13T04:40:00+08:00,COLLIE_ESR4,-250.0,105.19,1,44400396-b38e-4e21-afbd-c9af7203bb3c,IN-SERVICE,NOT APPLICABLE,106.54,0.0
2026-06-13T04:40:00+08:00,COLLIE_ESR4,250.0,120.55,2,44400396-b38e-4e21-afbd-c9af7203bb3c,IN-SERVICE,NOT APPLICABLE,122.1,0.0
2026-06-13T04:40:00+08:00,COLLIE_ESR5,-250.0,105.23,1,c414ac5b-42dc-4b9a-a880-f46a2c43f3ff,IN-SERVICE,NOT APPLICABLE,106.58,0.0
2026-06-13T04:40:00+08:00,COLLIE_ESR5,250.0,120.43,2,c414ac5b-42dc-4b9a-a880-f46a2c43f3ff,IN-SERVICE,NOT APPLICABLE,121.98,0.0
2026-06-13T04:45:00+08:00,KWINANA_ESR1,-100.0,108.34,1,b3f1ae4f-17dc-4507-8adf-e2905df78c3a,IN-SERVICE,NOT APPLICABLE,108.69,0.0
2026-06-13T04:45:00+08:00,KWINANA_ESR1,100.0,123.1,2,b3f1ae4f-17dc-4507-8adf-e2905df78c3a,IN-SERVICE,NOT APPLICABLE,123.5,0.0
2026-06-13T04:45:00+08:00,COLLIE_ESR1,0.0,-987.3,1,7f9827f5-428b-4ea0-9f07-7c57c847b7f2,IN-SERVICE,NON-LIQUID,-1000.0,
2026-06-13T04:45:00+08:00,COLLIE_ESR1,-100.0,-42.46,2,7f9827f5-428b-4ea0-9f07-7c57c847b7f2,IN-SERVICE,NON-LIQUID,-43.01,
2026-06-13T04:45:00+08:00,COLLIE_ESR1,-100.0,-10.0,3,7f9827f5-428b-4ea0-9f07-7c57c847b7f2,IN-SERVICE,NON-LIQUID,-10.13,
2026-06-13T04:45:00+08:00,COLLIE_ESR1,0.0,34.02,4,7f9827f5-428b-4ea0-9f07-7c57c847b7f2,IN-SERVICE,NON-LIQUID,34.46,
2026-06-13T04:45:00+08:00,COLLIE_ESR1,0.0,60.0,5,7f9827f5-428b-4ea0-9f07-7c57c847b7f2,IN-SERVICE,NON-LIQUID,60.77,
2026-06-13T04:45:00+08:00,COLLIE_ESR1,100.0,150.0,6,7f9827f5-428b-4ea0-9f07-7c57c847b7f2,IN-SERVICE,NON-LIQUID,151.93,
2026-06-13T04:45:00+08:00,COLLIE_ESR1,100.0,250.0,7,7f9827f5-428b-4ea0-9f07-7c57c847b7f2,IN-SERVICE,NON-LIQUID,253.22,
2026-06-13T04:45:00+08:00,COLLIE_ESR1,0.0,400.0,8,7f9827f5-428b-4ea0-9f07-7c57c847b7f2,IN-SERVICE,NON-LIQUID,405.15,
2026-06-13T04:45:00+08:00,COLLIE_ESR1,0.0,622.0,9,7f9827f5-428b-4ea0-9f07-7c57c847b7f2,IN-SERVICE,NON-LIQUID,630.0,
2026-06-13T04:45:00+08:00,COLLIE_ESR1,0.0,1678.41,10,7f9827f5-428b-4ea0-9f07-7c57c847b7f2,IN-SERVICE,NON-LIQUID,1700.0,
2026-06-13T04:45:00+08:00,KWINANA_ESR2,-225.0,106.27,1,4199d22d-76b7-4de5-8f62-0ceeaa16e6b3,IN-SERVICE,NOT APPLICABLE,106.5,0.0
2026-06-13T04:45:00+08:00,KWINANA_ESR2,225.0,121.79,2,4199d22d-76b7-4de5-8f62-0ceeaa16e6b3,IN-SERVICE,NOT APPLICABLE,122.06,0.0
2026-06-13T04:45:00+08:00,COLLIE_BESS2,0.0,-987.3,1,9af95e9f-de1f-46a8-bbca-ac70f01d69eb,IN-SERVICE,NON-LIQUID,-1000.0,
2026-06-13T04:45:00+08:00,COLLIE_BESS2,-150.0,-42.46,2,9af95e9f-de1f-46a8-bbca-ac70f01d69eb,IN-SERVICE,NON-LIQUID,-43.01,
2026-06-13T04:45:00+08:00,COLLIE_BESS2,-150.0,-10.0,3,9af95e9f-de1f-46a8-bbca-ac70f01d69eb,IN-SERVICE,NON-LIQUID,-10.13,
2026-06-13T04:45:00+08:00,COLLIE_BESS2,0.0,34.02,4,9af95e9f-de1f-46a8-bbca-ac70f01d69eb,IN-SERVICE,NON-LIQUID,34.46,
2026-06-13T04:45:00+08:00,COLLIE_BESS2,0.0,60.0,5,9af95e9f-de1f-46a8-bbca-ac70f01d69eb,IN-SERVICE,NON-LIQUID,60.77,
2026-06-13T04:45:00+08:00,COLLIE_BESS2,150.0,150.0,6,9af95e9f-de1f-46a8-bbca-ac70f01d69eb,IN-SERVICE,NON-LIQUID,151.93,
2026-06-13T04:45:00+08:00,COLLIE_BESS2,150.0,250.0,7,9af95e9f-de1f-46a8-bbca-ac70f01d69eb,IN-SERVICE,NON-LIQUID,253.22,
2026-06-13T04:45:00+08:00,COLLIE_BESS2,0.0,377.74,8,9af95e9f-de1f-46a8-bbca-ac70f01d69eb,IN-SERVICE,NON-LIQUID,382.6,
2026-06-13T04:45:00+08:00,COLLIE_BESS2,0.0,622.0,9,9af95e9f-de1f-46a8-bbca-ac70f01d69eb,IN-SERVICE,NON-LIQUID,630.0,
2026-06-13T04:45:00+08:00,COLLIE_BESS2,0.0,1678.41,10,9af95e9f-de1f-46a8-bbca-ac70f01d69eb,IN-SERVICE,NON-LIQUID,1700.0,
2026-06-13T04:45:00+08:00,COLLIE_ESR4,-250.0,105.19,1,44400396-b38e-4e21-afbd-c9af7203bb3c,IN-SERVICE,NOT APPLICABLE,106.54,0.0
2026-06-13T04:45:00+08:00,COLLIE_ESR4,250.0,120.55,2,44400396-b38e-4e21-afbd-c9af7203bb3c,IN-SERVICE,NOT APPLICABLE,122.1,0.0
2026-06-13T04:45:00+08:00,COLLIE_ESR5,-250.0,105.23,1,c414ac5b-42dc-4b9a-a880-f46a2c43f3ff,IN-SERVICE,NOT APPLICABLE,106.58,0.0
2026-06-13T04:45:00+08:00,COLLIE_ESR5,250.0,120.43,2,c414ac5b-42dc-4b9a-a880-f46a2c43f3ff,IN-SERVICE,NOT APPLICABLE,121.98,0.0
2026-06-13T04:50:00+08:00,KWINANA_ESR1,-100.0,108.34,1,b3f1ae4f-17dc-4507-8adf-e2905df78c3a,IN-SERVICE,NOT APPLICABLE,108.69,0.0
2026-06-13T04:50:00+08:00,KWINANA_ESR1,100.0,123.1,2,b3f1ae4f-17dc-4507-8adf-e2905df78c3a,IN-SERVICE,NOT APPLICABLE,123.5,0.0
2026-06-13T04:50:00+08:00,COLLIE_ESR1,0.0,-987.3,1,fdea0898-28a4-44fc-a7a6-1de3ccddf32b,IN-SERVICE,NON-LIQUID,-1000.0,
2026-06-13T04:50:00+08:00,COLLIE_ESR1,-100.0,-42.46,2,fdea0898-28a4-44fc-a7a6-1de3ccddf32b,IN-SERVICE,NON-LIQUID,-43.01,
2026-06-13T04:50:00+08:00,COLLIE_ESR1,-100.0,-10.0,3,fdea0898-28a4-44fc-a7a6-1de3ccddf32b,IN-SERVICE,NON-LIQUID,-10.13,
2026-06-13T04:50:00+08:00,COLLIE_ESR1,0.0,34.02,4,fdea0898-28a4-44fc-a7a6-1de3ccddf32b,IN-SERVICE,NON-LIQUID,34.46,
2026-06-13T04:50:00+08:00,COLLIE_ESR1,0.0,60.0,5,fdea0898-28a4-44fc-a7a6-1de3ccddf32b,IN-SERVICE,NON-LIQUID,60.77,
2026-06-13T04:50:00+08:00,COLLIE_ESR1,100.0,150.0,6,fdea0898-28a4-44fc-a7a6-1de3ccddf32b,IN-SERVICE,NON-LIQUID,151.93,
2026-06-13T04:50:00+08:00,COLLIE_ESR1,100.0,250.0,7,fdea0898-28a4-44fc-a7a6-1de3ccddf32b,IN-SERVICE,NON-LIQUID,253.22,
2026-06-13T04:50:00+08:00,COLLIE_ESR1,0.0,400.0,8,fdea0898-28a4-44fc-a7a6-1de3ccddf32b,IN-SERVICE,NON-LIQUID,405.15,
2026-06-13T04:50:00+08:00,COLLIE_ESR1,0.0,622.0,9,fdea0898-28a4-44fc-a7a6-1de3ccddf32b,IN-SERVICE,NON-LIQUID,630.0,
2026-06-13T04:50:00+08:00,COLLIE_ESR1,0.0,1678.41,10,fdea0898-28a4-44fc-a7a6-1de3ccddf32b,IN-SERVICE,NON-LIQUID,1700.0,
2026-06-13T04:50:00+08:00,KWINANA_ESR2,-225.0,106.27,1,4199d22d-76b7-4de5-8f62-0ceeaa16e6b3,IN-SERVICE,NOT APPLICABLE,106.5,0.0
2026-06-13T04:50:00+08:00,KWINANA_ESR2,225.0,121.71,2,4199d22d-76b7-4de5-8f62-0ceeaa16e6b3,IN-SERVICE,NOT APPLICABLE,121.98,0.0
2026-06-13T04:50:00+08:00,COLLIE_BESS2,0.0,-987.3,1,843906df-668d-46e0-9d86-3eb884b1c72e,IN-SERVICE,NON-LIQUID,-1000.0,
2026-06-13T04:50:00+08:00,COLLIE_BESS2,-150.0,-42.46,2,843906df-668d-46e0-9d86-3eb884b1c72e,IN-SERVICE,NON-LIQUID,-43.01,
2026-06-13T04:50:00+08:00,COLLIE_BESS2,-150.0,-10.0,3,843906df-668d-46e0-9d86-3eb884b1c72e,IN-SERVICE,NON-LIQUID,-10.13,
2026-06-13T04:50:00+08:00,COLLIE_BESS2,0.0,34.02,4,843906df-668d-46e0-9d86-3eb884b1c72e,IN-SERVICE,NON-LIQUID,34.46,
2026-06-13T04:50:00+08:00,COLLIE_BESS2,0.0,60.0,5,843906df-668d-46e0-9d86-3eb884b1c72e,IN-SERVICE,NON-LIQUID,60.77,
2026-06-13T04:50:00+08:00,COLLIE_BESS2,150.0,150.0,6,843906df-668d-46e0-9d86-3eb884b1c72e,IN-SERVICE,NON-LIQUID,151.93,
2026-06-13T04:50:00+08:00,COLLIE_BESS2,150.0,250.0,7,843906df-668d-46e0-9d86-3eb884b1c72e,IN-SERVICE,NON-LIQUID,253.22,
2026-06-13T04:50:00+08:00,COLLIE_BESS2,0.0,377.74,8,843906df-668d-46e0-9d86-3eb884b1c72e,IN-SERVICE,NON-LIQUID,382.6,
2026-06-13T04:50:00+08:00,COLLIE_BESS2,0.0,622.0,9,843906df-668d-46e0-9d86-3eb884b1c72e,IN-SERVICE,NON-LIQUID,630.0,
2026-06-13T04:50:00+08:00,COLLIE_BESS2,0.0,1678.41,10,843906df-668d-46e0-9d86-3eb884b1c72e,IN-SERVICE,NON-LIQUID,1700.0,
2026-06-13T04:50:00+08:00,COLLIE_ESR4,-250.0,105.11,1,44400396-b38e-4e21-afbd-c9af7203bb3c,IN-SERVICE,NOT APPLICABLE,106.46,0.0
2026-06-13T04:50:00+08:00,COLLIE_ESR4,250.0,120.55,2,44400396-b38e-4e21-afbd-c9af7203bb3c,IN-SERVICE,NOT APPLICABLE,122.1,0.0
2026-06-13T04:50:00+08:00,COLLIE_ESR5,-250.0,105.23,1,c414ac5b-42dc-4b9a-a880-f46a2c43f3ff,IN-SERVICE,NOT APPLICABLE,106.58,0.0
2026-06-13T04:50:00+08:00,COLLIE_ESR5,250.0,120.43,2,c414ac5b-42dc-4b9a-a880-f46a2c43f3ff,IN-SERVICE,NOT APPLICABLE,121.98,0.0
2026-06-13T04:55:00+08:00,KWINANA_ESR1,-100.0,108.34,1,70faed73-d5f8-4ea5-9795-540d1ab819d5,IN-SERVICE,NOT APPLICABLE,108.69,0.0
2026-06-13T04:55:00+08:00,KWINANA_ESR1,100.0,123.1,2,70faed73-d5f8-4ea5-9795-540d1ab819d5,IN-SERVICE,NOT APPLICABLE,123.5,0.0
2026-06-13T04:55:00+08:00,COLLIE_ESR1,0.0,-987.3,1,32f89475-2e9e-4043-8905-9d4c74dd1567,IN-SERVICE,NON-LIQUID,-1000.0,
2026-06-13T04:55:00+08:00,COLLIE_ESR1,-100.0,-42.46,2,32f89475-2e9e-4043-8905-9d4c74dd1567,IN-SERVICE,NON-LIQUID,-43.01,
2026-06-13T04:55:00+08:00,COLLIE_ESR1,-100.0,-10.0,3,32f89475-2e9e-4043-8905-9d4c74dd1567,IN-SERVICE,NON-LIQUID,-10.13,
2026-06-13T04:55:00+08:00,COLLIE_ESR1,0.0,34.02,4,32f89475-2e9e-4043-8905-9d4c74dd1567,IN-SERVICE,NON-LIQUID,34.46,
2026-06-13T04:55:00+08:00,COLLIE_ESR1,0.0,60.0,5,32f89475-2e9e-4043-8905-9d4c74dd1567,IN-SERVICE,NON-LIQUID,60.77,
2026-06-13T04:55:00+08:00,COLLIE_ESR1,100.0,150.0,6,32f89475-2e9e-4043-8905-9d4c74dd1567,IN-SERVICE,NON-LIQUID,151.93,
2026-06-13T04:55:00+08:00,COLLIE_ESR1,100.0,250.0,7,32f89475-2e9e-4043-8905-9d4c74dd1567,IN-SERVICE,NON-LIQUID,253.22,
2026-06-13T04:55:00+08:00,COLLIE_ESR1,0.0,400.0,8,32f89475-2e9e-4043-8905-9d4c74dd1567,IN-SERVICE,NON-LIQUID,405.15,
2026-06-13T04:55:00+08:00,COLLIE_ESR1,0.0,622.0,9,32f89475-2e9e-4043-8905-9d4c74dd1567,IN-SERVICE,NON-LIQUID,630.0,
2026-06-13T04:55:00+08:00,COLLIE_ESR1,0.0,1678.41,10,32f89475-2e9e-4043-8905-9d4c74dd1567,IN-SERVICE,NON-LIQUID,1700.0,
2026-06-13T04:55:00+08:00,KWINANA_ESR2,-225.0,106.35,1,30a6253b-6d4c-413e-b121-e0c990d6353f,IN-SERVICE,NOT APPLICABLE,106.58,0.0
2026-06-13T04:55:00+08:00,KWINANA_ESR2,225.0,122.71,2,30a6253b-6d4c-413e-b121-e0c990d6353f,IN-SERVICE,NOT APPLICABLE,122.98,0.0
2026-06-13T04:55:00+08:00,COLLIE_BESS2,0.0,-987.3,1,01c551ae-266c-4acb-9ebd-af02deaa54d2,IN-SERVICE,NON-LIQUID,-1000.0,
2026-06-13T04:55:00+08:00,COLLIE_BESS2,-150.0,-42.46,2,01c551ae-266c-4acb-9ebd-af02deaa54d2,IN-SERVICE,NON-LIQUID,-43.01,
2026-06-13T04:55:00+08:00,COLLIE_BESS2,-150.0,-10.0,3,01c551ae-266c-4acb-9ebd-af02deaa54d2,IN-SERVICE,NON-LIQUID,-10.13,
2026-06-13T04:55:00+08:00,COLLIE_BESS2,0.0,34.02,4,01c551ae-266c-4acb-9ebd-af02deaa54d2,IN-SERVICE,NON-LIQUID,34.46,
2026-06-13T04:55:00+08:00,COLLIE_BESS2,0.0,60.0,5,01c551ae-266c-4acb-9ebd-af02deaa54d2,IN-SERVICE,NON-LIQUID,60.77,
2026-06-13T04:55:00+08:00,COLLIE_BESS2,150.0,150.0,6,01c551ae-266c-4acb-9ebd-af02deaa54d2,IN-SERVICE,NON-LIQUID,151.93,
2026-06-13T04:55:00+08:00,COLLIE_BESS2,150.0,250.0,7,01c551ae-266c-4acb-9ebd-af02deaa54d2,IN-SERVICE,NON-LIQUID,253.22,
2026-06-13T04:55:00+08:00,COLLIE_BESS2,0.0,377.74,8,01c551ae-266c-4acb-9ebd-af02deaa54d2,IN-SERVICE,NON-LIQUID,382.6,
2026-06-13T04:55:00+08:00,COLLIE_BESS2,0.0,622.0,9,01c551ae-266c-4acb-9ebd-af02deaa54d2,IN-SERVICE,NON-LIQUID,630.0,
2026-06-13T04:55:00+08:00,COLLIE_BESS2,0.0,1678.41,10,01c551ae-266c-4acb-9ebd-af02deaa54d2,IN-SERVICE,NON-LIQUID,1700.0,
2026-06-13T04:55:00+08:00,COLLIE_ESR4,-250.0,106.1,1,476277f4-59e9-47d2-b270-d3f5a0535719,IN-SERVICE,NOT APPLICABLE,107.46,0.0
2026-06-13T04:55:00+08:00,COLLIE_ESR4,250.0,121.46,2,476277f4-59e9-47d2-b270-d3f5a0535719,IN-SERVICE,NOT APPLICABLE,123.02,0.0
2026-06-13T04:55:00+08:00,COLLIE_ESR5,-250.0,106.22,1,446c8cf5-0937-404f-a742-c98b6763380d,IN-SERVICE,NOT APPLICABLE,107.59,0.0
2026-06-13T04:55:00+08:00,COLLIE_ESR5,250.0,121.34,2,446c8cf5-0937-404f-a742-c98b6763380d,IN-SERVICE,NOT APPLICABLE,122.9,0.0
2026-06-13T05:00:00+08:00,KWINANA_ESR1,-100.0,108.34,1,70faed73-d5f8-4ea5-9795-540d1ab819d5,IN-SERVICE,NOT APPLICABLE,108.69,0.0
2026-06-13T05:00:00+08:00,KWINANA_ESR1,100.0,123.1,2,70faed73-d5f8-4ea5-9795-540d1ab819d5,IN-SERVICE,NOT APPLICABLE,123.5,0.0
2026-06-13T05:00:00+08:00,COLLIE_ESR1,0.0,-987.3,1,219d64fa-6158-46c2-8efa-6e1d1a0e62b4,IN-SERVICE,NON-LIQUID,-1000.0,
2026-06-13T05:00:00+08:00,COLLIE_ESR1,-100.0,-42.46,2,219d64fa-6158-46c2-8efa-6e1d1a0e62b4,IN-SERVICE,NON-LIQUID,-43.01,
2026-06-13T05:00:00+08:00,COLLIE_ESR1,-100.0,-10.0,3,219d64fa-6158-46c2-8efa-6e1d1a0e62b4,IN-SERVICE,NON-LIQUID,-10.13,
2026-06-13T05:00:00+08:00,COLLIE_ESR1,0.0,34.02,4,219d64fa-6158-46c2-8efa-6e1d1a0e62b4,IN-SERVICE,NON-LIQUID,34.46,
2026-06-13T05:00:00+08:00,COLLIE_ESR1,0.0,60.0,5,219d64fa-6158-46c2-8efa-6e1d1a0e62b4,IN-SERVICE,NON-LIQUID,60.77,
2026-06-13T05:00:00+08:00,COLLIE_ESR1,100.0,150.0,6,219d64fa-6158-46c2-8efa-6e1d1a0e62b4,IN-SERVICE,NON-LIQUID,151.93,
2026-06-13T05:00:00+08:00,COLLIE_ESR1,100.0,250.0,7,219d64fa-6158-46c2-8efa-6e1d1a0e62b4,IN-SERVICE,NON-LIQUID,253.22,
2026-06-13T05:00:00+08:00,COLLIE_ESR1,0.0,1071.33,8,219d64fa-6158-46c2-8efa-6e1d1a0e62b4,IN-SERVICE,NON-LIQUID,1085.11,
2026-06-13T05:00:00+08:00,COLLIE_ESR1,0.0,1678.41,9,219d64fa-6158-46c2-8efa-6e1d1a0e62b4,IN-SERVICE,NON-LIQUID,1700.0,
2026-06-13T05:00:00+08:00,COLLIE_ESR1,0.0,1678.41,10,219d64fa-6158-46c2-8efa-6e1d1a0e62b4,IN-SERVICE,NON-LIQUID,1700.0,
2026-06-13T05:00:00+08:00,KWINANA_ESR2,-225.0,106.35,1,30a6253b-6d4c-413e-b121-e0c990d6353f,IN-SERVICE,NOT APPLICABLE,106.58,0.0
2026-06-13T05:00:00+08:00,KWINANA_ESR2,225.0,122.71,2,30a6253b-6d4c-413e-b121-e0c990d6353f,IN-SERVICE,NOT APPLICABLE,122.98,0.0
2026-06-13T05:00:00+08:00,COLLIE_BESS2,0.0,-987.3,1,61043ed3-c429-4f42-8d74-948f2ac51f85,IN-SERVICE,NON-LIQUID,-1000.0,
2026-06-13T05:00:00+08:00,COLLIE_BESS2,-150.0,-42.46,2,61043ed3-c429-4f42-8d74-948f2ac51f85,IN-SERVICE,NON-LIQUID,-43.01,
2026-06-13T05:00:00+08:00,COLLIE_BESS2,-150.0,-10.0,3,61043ed3-c429-4f42-8d74-948f2ac51f85,IN-SERVICE,NON-LIQUID,-10.13,
2026-06-13T05:00:00+08:00,COLLIE_BESS2,0.0,34.02,4,61043ed3-c429-4f42-8d74-948f2ac51f85,IN-SERVICE,NON-LIQUID,34.46,
2026-06-13T05:00:00+08:00,COLLIE_BESS2,0.0,60.0,5,61043ed3-c429-4f42-8d74-948f2ac51f85,IN-SERVICE,NON-LIQUID,60.77,
2026-06-13T05:00:00+08:00,COLLIE_BESS2,150.0,150.0,6,61043ed3-c429-4f42-8d74-948f2ac51f85,IN-SERVICE,NON-LIQUID,151.93,
2026-06-13T05:00:00+08:00,COLLIE_BESS2,150.0,250.0,7,61043ed3-c429-4f42-8d74-948f2ac51f85,IN-SERVICE,NON-LIQUID,253.22,
2026-06-13T05:00:00+08:00,COLLIE_BESS2,0.0,1071.33,8,61043ed3-c429-4f42-8d74-948f2ac51f85,IN-SERVICE,NON-LIQUID,1085.11,
2026-06-13T05:00:00+08:00,COLLIE_BESS2,0.0,1678.41,9,61043ed3-c429-4f42-8d74-948f2ac51f85,IN-SERVICE,NON-LIQUID,1700.0,
2026-06-13T05:00:00+08:00,COLLIE_BESS2,0.0,1678.41,10,61043ed3-c429-4f42-8d74-948f2ac51f85,IN-SERVICE,NON-LIQUID,1700.0,
2026-06-13T05:00:00+08:00,COLLIE_ESR4,-250.0,106.1,1,476277f4-59e9-47d2-b270-d3f5a0535719,IN-SERVICE,NOT APPLICABLE,107.46,0.0
2026-06-13T05:00:00+08:00,COLLIE_ESR4,250.0,121.46,2,476277f4-59e9-47d2-b270-d3f5a0535719,IN-SERVICE,NOT APPLICABLE,123.02,0.0
2026-06-13T05:00:00+08:00,COLLIE_ESR5,-250.0,105.31,1,446c8cf5-0937-404f-a742-c98b6763380d,IN-SERVICE,NOT APPLICABLE,106.66,0.0
2026-06-13T05:00:00+08:00,COLLIE_ESR5,250.0,121.34,2,446c8cf5-0937-404f-a742-c98b6763380d,IN-SERVICE,NOT APPLICABLE,122.9,0.0
2026-06-13T05:05:00+08:00,KWINANA_ESR1,-100.0,108.34,1,70faed73-d5f8-4ea5-9795-540d1ab819d5,IN-SERVICE,NOT APPLICABLE,108.69,0.0
2026-06-13T05:05:00+08:00,KWINANA_ESR1,100.0,123.1,2,70faed73-d5f8-4ea5-9795-540d1ab819d5,IN-SERVICE,NOT APPLICABLE,123.5,0.0
2026-06-13T05:05:00+08:00,COLLIE_ESR1,0.0,-987.3,1,62e49acf-1507-47a7-aa16-72844d75beb8,IN-SERVICE,NON-LIQUID,-1000.0,
2026-06-13T05:05:00+08:00,COLLIE_ESR1,-100.0,-42.46,2,62e49acf-1507-47a7-aa16-72844d75beb8,IN-SERVICE,NON-LIQUID,-43.01,
2026-06-13T05:05:00+08:00,COLLIE_ESR1,-100.0,-10.0,3,62e49acf-1507-47a7-aa16-72844d75beb8,IN-SERVICE,NON-LIQUID,-10.13,
2026-06-13T05:05:00+08:00,COLLIE_ESR1,0.0,34.02,4,62e49acf-1507-47a7-aa16-72844d75beb8,IN-SERVICE,NON-LIQUID,34.46,
2026-06-13T05:05:00+08:00,COLLIE_ESR1,0.0,60.0,5,62e49acf-1507-47a7-aa16-72844d75beb8,IN-SERVICE,NON-LIQUID,60.77,
2026-06-13T05:05:00+08:00,COLLIE_ESR1,100.0,150.0,6,62e49acf-1507-47a7-aa16-72844d75beb8,IN-SERVICE,NON-LIQUID,151.93,
2026-06-13T05:05:00+08:00,COLLIE_ESR1,100.0,250.0,7,62e49acf-1507-47a7-aa16-72844d75beb8,IN-SERVICE,NON-LIQUID,253.22,
2026-06-13T05:05:00+08:00,COLLIE_ESR1,0.0,1071.33,8,62e49acf-1507-47a7-aa16-72844d75beb8,IN-SERVICE,NON-LIQUID,1085.11,
2026-06-13T05:05:00+08:00,COLLIE_ESR1,0.0,1678.41,9,62e49acf-1507-47a7-aa16-72844d75beb8,IN-SERVICE,NON-LIQUID,1700.0,
2026-06-13T05:05:00+08:00,COLLIE_ESR1,0.0,1678.41,10,62e49acf-1507-47a7-aa16-72844d75beb8,IN-SERVICE,NON-LIQUID,1700.0,
2026-06-13T05:05:00+08:00,KWINANA_ESR2,-225.0,106.35,1,30a6253b-6d4c-413e-b121-e0c990d6353f,IN-SERVICE,NOT APPLICABLE,106.58,0.0
2026-06-13T05:05:00+08:00,KWINANA_ESR2,225.0,122.71,2,30a6253b-6d4c-413e-b121-e0c990d6353f,IN-SERVICE,NOT APPLICABLE,122.98,0.0
2026-06-13T05:05:00+08:00,COLLIE_BESS2,0.0,-987.3,1,7d1e9e45-732c-4953-9914-187f67472a8f,IN-SERVICE,NON-LIQUID,-1000.0,
2026-06-13T05:05:00+08:00,COLLIE_BESS2,-150.0,-42.46,2,7d1e9e45-732c-4953-9914-187f67472a8f,IN-SERVICE,NON-LIQUID,-43.01,
2026-06-13T05:05:00+08:00,COLLIE_BESS2,-150.0,-10.0,3,7d1e9e45-732c-4953-9914-187f67472a8f,IN-SERVICE,NON-LIQUID,-10.13,
2026-06-13T05:05:00+08:00,COLLIE_BESS2,0.0,34.02,4,7d1e9e45-732c-4953-9914-187f67472a8f,IN-SERVICE,NON-LIQUID,34.46,
2026-06-13T05:05:00+08:00,COLLIE_BESS2,0.0,60.0,5,7d1e9e45-732c-4953-9914-187f67472a8f,IN-SERVICE,NON-LIQUID,60.77,
2026-06-13T05:05:00+08:00,COLLIE_BESS2,150.0,150.0,6,7d1e9e45-732c-4953-9914-187f67472a8f,IN-SERVICE,NON-LIQUID,151.93,
2026-06-13T05:05:00+08:00,COLLIE_BESS2,150.0,250.0,7,7d1e9e45-732c-4953-9914-187f67472a8f,IN-SERVICE,NON-LIQUID,253.22,
2026-06-13T05:05:00+08:00,COLLIE_BESS2,0.0,1071.33,8,7d1e9e45-732c-4953-9914-187f67472a8f,IN-SERVICE,NON-LIQUID,1085.11,
2026-06-13T05:05:00+08:00,COLLIE_BESS2,0.0,1678.41,9,7d1e9e45-732c-4953-9914-187f67472a8f,IN-SERVICE,NON-LIQUID,1700.0,
2026-06-13T05:05:00+08:00,COLLIE_BESS2,0.0,1678.41,10,7d1e9e45-732c-4953-9914-187f67472a8f,IN-SERVICE,NON-LIQUID,1700.0,
2026-06-13T05:05:00+08:00,COLLIE_ESR4,-250.0,106.1,1,476277f4-59e9-47d2-b270-d3f5a0535719,IN-SERVICE,NOT APPLICABLE,107.46,0.0
2026-06-13T05:05:00+08:00,COLLIE_ESR4,250.0,121.46,2,476277f4-59e9-47d2-b270-d3f5a0535719,IN-SERVICE,NOT APPLICABLE,123.02,0.0
2026-06-13T05:05:00+08:00,COLLIE_ESR5,-250.0,105.31,1,446c8cf5-0937-404f-a742-c98b6763380d,IN-SERVICE,NOT APPLICABLE,106.66,0.0
2026-06-13T05:05:00+08:00,COLLIE_ESR5,250.0,121.34,2,446c8cf5-0937-404f-a742-c98b6763380d,IN-SERVICE,NOT APPLICABLE,122.9,0.0
2026-06-13T05:10:00+08:00,KWINANA_ESR1,-100.0,107.49,1,bfe39d82-9eed-4b19-9652-523b8ed4ab88,IN-SERVICE,NOT APPLICABLE,107.84,0.0
2026-06-13T05:10:00+08:00,KWINANA_ESR1,100.0,122.25,2,bfe39d82-9eed-4b19-9652-523b8ed4ab88,IN-SERVICE,NOT APPLICABLE,122.64,0.0
2026-06-13T05:10:00+08:00,COLLIE_ESR1,0.0,-987.3,1,06ab3cb1-74a3-41eb-a66b-28b1f808479d,IN-SERVICE,NON-LIQUID,-1000.0,
2026-06-13T05:10:00+08:00,COLLIE_ESR1,-100.0,-42.46,2,06ab3cb1-74a3-41eb-a66b-28b1f808479d,IN-SERVICE,NON-LIQUID,-43.01,
2026-06-13T05:10:00+08:00,COLLIE_ESR1,-100.0,-10.0,3,06ab3cb1-74a3-41eb-a66b-28b1f808479d,IN-SERVICE,NON-LIQUID,-10.13,
2026-06-13T05:10:00+08:00,COLLIE_ESR1,0.0,34.02,4,06ab3cb1-74a3-41eb-a66b-28b1f808479d,IN-SERVICE,NON-LIQUID,34.46,
2026-06-13T05:10:00+08:00,COLLIE_ESR1,0.0,60.0,5,06ab3cb1-74a3-41eb-a66b-28b1f808479d,IN-SERVICE,NON-LIQUID,60.77,
2026-06-13T05:10:00+08:00,COLLIE_ESR1,100.0,150.0,6,06ab3cb1-74a3-41eb-a66b-28b1f808479d,IN-SERVICE,NON-LIQUID,151.93,
2026-06-13T05:10:00+08:00,COLLIE_ESR1,100.0,250.0,7,06ab3cb1-74a3-41eb-a66b-28b1f808479d,IN-SERVICE,NON-LIQUID,253.22,
2026-06-13T05:10:00+08:00,COLLIE_ESR1,0.0,1071.33,8,06ab3cb1-74a3-41eb-a66b-28b1f808479d,IN-SERVICE,NON-LIQUID,1085.11,
2026-06-13T05:10:00+08:00,COLLIE_ESR1,0.0,1678.41,9,06ab3cb1-74a3-41eb-a66b-28b1f808479d,IN-SERVICE,NON-LIQUID,1700.0,
2026-06-13T05:10:00+08:00,COLLIE_ESR1,0.0,1678.41,10,06ab3cb1-74a3-41eb-a66b-28b1f808479d,IN-SERVICE,NON-LIQUID,1700.0,
2026-06-13T05:10:00+08:00,KWINANA_ESR2,-225.0,103.48,1,4febadd9-3c3b-4f7f-b21e-eb0e357df6e1,IN-SERVICE,NOT APPLICABLE,103.71,0.0
2026-06-13T05:10:00+08:00,KWINANA_ESR2,225.0,122.23,2,4febadd9-3c3b-4f7f-b21e-eb0e357df6e1,IN-SERVICE,NOT APPLICABLE,122.5,0.0
2026-06-13T05:10:00+08:00,COLLIE_BESS2,0.0,-987.3,1,1385ba33-2b9a-4364-ae0d-695d8c94bcde,IN-SERVICE,NON-LIQUID,-1000.0,
2026-06-13T05:10:00+08:00,COLLIE_BESS2,-150.0,-42.46,2,1385ba33-2b9a-4364-ae0d-695d8c94bcde,IN-SERVICE,NON-LIQUID,-43.01,
2026-06-13T05:10:00+08:00,COLLIE_BESS2,-150.0,-10.0,3,1385ba33-2b9a-4364-ae0d-695d8c94bcde,IN-SERVICE,NON-LIQUID,-10.13,
2026-06-13T05:10:00+08:00,COLLIE_BESS2,0.0,34.02,4,1385ba33-2b9a-4364-ae0d-695d8c94bcde,IN-SERVICE,NON-LIQUID,34.46,
2026-06-13T05:10:00+08:00,COLLIE_BESS2,0.0,60.0,5,1385ba33-2b9a-4364-ae0d-695d8c94bcde,IN-SERVICE,NON-LIQUID,60.77,
2026-06-13T05:10:00+08:00,COLLIE_BESS2,150.0,150.0,6,1385ba33-2b9a-4364-ae0d-695d8c94bcde,IN-SERVICE,NON-LIQUID,151.93,
2026-06-13T05:10:00+08:00,COLLIE_BESS2,150.0,250.0,7,1385ba33-2b9a-4364-ae0d-695d8c94bcde,IN-SERVICE,NON-LIQUID,253.22,
2026-06-13T05:10:00+08:00,COLLIE_BESS2,0.0,1071.33,8,1385ba33-2b9a-4364-ae0d-695d8c94bcde,IN-SERVICE,NON-LIQUID,1085.11,
2026-06-13T05:10:00+08:00,COLLIE_BESS2,0.0,1678.41,9,1385ba33-2b9a-4364-ae0d-695d8c94bcde,IN-SERVICE,NON-LIQUID,1700.0,
2026-06-13T05:10:00+08:00,COLLIE_BESS2,0.0,1678.41,10,1385ba33-2b9a-4364-ae0d-695d8c94bcde,IN-SERVICE,NON-LIQUID,1700.0,
2026-06-13T05:10:00+08:00,COLLIE_ESR4,-250.0,105.62,1,ad9f2189-98e4-4b71-b978-1b4b80d68ae1,IN-SERVICE,NOT APPLICABLE,106.98,0.0
2026-06-13T05:10:00+08:00,COLLIE_ESR4,250.0,121.46,2,ad9f2189-98e4-4b71-b978-1b4b80d68ae1,IN-SERVICE,NOT APPLICABLE,123.02,0.0
2026-06-13T05:10:00+08:00,COLLIE_ESR5,-250.0,102.47,1,d917761e-5ad9-441e-8f62-c1e911dbc88b,IN-SERVICE,NOT APPLICABLE,103.79,0.0
2026-06-13T05:10:00+08:00,COLLIE_ESR5,250.0,121.34,2,d917761e-5ad9-441e-8f62-c1e911dbc88b,IN-SERVICE,NOT APPLICABLE,122.9,0.0
2026-06-13T05:15:00+08:00,KWINANA_ESR1,-100.0,107.49,1,bfe39d82-9eed-4b19-9652-523b8ed4ab88,IN-SERVICE,NOT APPLICABLE,107.84,0.0
2026-06-13T05:15:00+08:00,KWINANA_ESR1,100.0,122.25,2,bfe39d82-9eed-4b19-9652-523b8ed4ab88,IN-SERVICE,NOT APPLICABLE,122.64,0.0
2026-06-13T05:15:00+08:00,COLLIE_ESR1,0.0,-987.3,1,0daedeb7-afc4-49f2-8ae3-e69929d23d3e,IN-SERVICE,NON-LIQUID,-1000.0,
2026-06-13T05:15:00+08:00,COLLIE_ESR1,-100.0,-42.46,2,0daedeb7-afc4-49f2-8ae3-e69929d23d3e,IN-SERVICE,NON-LIQUID,-43.01,
2026-06-13T05:15:00+08:00,COLLIE_ESR1,-100.0,-10.0,3,0daedeb7-afc4-49f2-8ae3-e69929d23d3e,IN-SERVICE,NON-LIQUID,-10.13,
2026-06-13T05:15:00+08:00,COLLIE_ESR1,0.0,34.02,4,0daedeb7-afc4-49f2-8ae3-e69929d23d3e,IN-SERVICE,NON-LIQUID,34.46,
2026-06-13T05:15:00+08:00,COLLIE_ESR1,0.0,60.0,5,0daedeb7-afc4-49f2-8ae3-e69929d23d3e,IN-SERVICE,NON-LIQUID,60.77,
2026-06-13T05:15:00+08:00,COLLIE_ESR1,100.0,150.0,6,0daedeb7-afc4-49f2-8ae3-e69929d23d3e,IN-SERVICE,NON-LIQUID,151.93,
2026-06-13T05:15:00+08:00,COLLIE_ESR1,100.0,250.0,7,0daedeb7-afc4-49f2-8ae3-e69929d23d3e,IN-SERVICE,NON-LIQUID,253.22,
2026-06-13T05:15:00+08:00,COLLIE_ESR1,0.0,1071.33,8,0daedeb7-afc4-49f2-8ae3-e69929d23d3e,IN-SERVICE,NON-LIQUID,1085.11,
2026-06-13T05:15:00+08:00,COLLIE_ESR1,0.0,1678.41,9,0daedeb7-afc4-49f2-8ae3-e69929d23d3e,IN-SERVICE,NON-LIQUID,1700.0,
2026-06-13T05:15:00+08:00,COLLIE_ESR1,0.0,1678.41,10,0daedeb7-afc4-49f2-8ae3-e69929d23d3e,IN-SERVICE,NON-LIQUID,1700.0,
2026-06-13T05:15:00+08:00,KWINANA_ESR2,-225.0,103.48,1,4febadd9-3c3b-4f7f-b21e-eb0e357df6e1,IN-SERVICE,NOT APPLICABLE,103.71,0.0
2026-06-13T05:15:00+08:00,KWINANA_ESR2,225.0,122.23,2,4febadd9-3c3b-4f7f-b21e-eb0e357df6e1,IN-SERVICE,NOT APPLICABLE,122.5,0.0
2026-06-13T05:15:00+08:00,COLLIE_BESS2,0.0,-987.3,1,a13a3068-788f-485c-a547-ee2196e3f2a4,IN-SERVICE,NON-LIQUID,-1000.0,
2026-06-13T05:15:00+08:00,COLLIE_BESS2,-150.0,-42.46,2,a13a3068-788f-485c-a547-ee2196e3f2a4,IN-SERVICE,NON-LIQUID,-43.01,
2026-06-13T05:15:00+08:00,COLLIE_BESS2,-150.0,-10.0,3,a13a3068-788f-485c-a547-ee2196e3f2a4,IN-SERVICE,NON-LIQUID,-10.13,
2026-06-13T05:15:00+08:00,COLLIE_BESS2,0.0,34.02,4,a13a3068-788f-485c-a547-ee2196e3f2a4,IN-SERVICE,NON-LIQUID,34.46,
2026-06-13T05:15:00+08:00,COLLIE_BESS2,0.0,60.0,5,a13a3068-788f-485c-a547-ee2196e3f2a4,IN-SERVICE,NON-LIQUID,60.77,
2026-06-13T05:15:00+08:00,COLLIE_BESS2,150.0,150.0,6,a13a3068-788f-485c-a547-ee2196e3f2a4,IN-SERVICE,NON-LIQUID,151.93,
2026-06-13T05:15:00+08:00,COLLIE_BESS2,150.0,250.0,7,a13a3068-788f-485c-a547-ee2196e3f2a4,IN-SERVICE,NON-LIQUID,253.22,
2026-06-13T05:15:00+08:00,COLLIE_BESS2,0.0,1071.33,8,a13a3068-788f-485c-a547-ee2196e3f2a4,IN-SERVICE,NON-LIQUID,1085.11,
2026-06-13T05:15:00+08:00,COLLIE_BESS2,0.0,1678.41,9,a13a3068-788f-485c-a547-ee2196e3f2a4,IN-SERVICE,NON-LIQUID,1700.0,
2026-06-13T05:15:00+08:00,COLLIE_BESS2,0.0,1678.41,10,a13a3068-788f-485c-a547-ee2196e3f2a4,IN-SERVICE,NON-LIQUID,1700.0,
2026-06-13T05:15:00+08:00,COLLIE_ESR4,-250.0,102.35,1,ad9f2189-98e4-4b71-b978-1b4b80d68ae1,IN-SERVICE,NOT APPLICABLE,103.67,0.0
2026-06-13T05:15:00+08:00,COLLIE_ESR4,250.0,121.46,2,ad9f2189-98e4-4b71-b978-1b4b80d68ae1,IN-SERVICE,NOT APPLICABLE,123.02,0.0
2026-06-13T05:15:00+08:00,COLLIE_ESR5,-250.0,102.47,1,d917761e-5ad9-441e-8f62-c1e911dbc88b,IN-SERVICE,NOT APPLICABLE,103.79,0.0
2026-06-13T05:15:00+08:00,COLLIE_ESR5,250.0,120.86,2,d917761e-5ad9-441e-8f62-c1e911dbc88b,IN-SERVICE,NOT APPLICABLE,122.41,0.0
2026-06-13T05:20:00+08:00,KWINANA_ESR1,-100.0,107.49,1,bfe39d82-9eed-4b19-9652-523b8ed4ab88,IN-SERVICE,NOT APPLICABLE,107.84,0.0
2026-06-13T05:20:00+08:00,KWINANA_ESR1,100.0,122.25,2,bfe39d82-9eed-4b19-9652-523b8ed4ab88,IN-SERVICE,NOT APPLICABLE,122.64,0.0
2026-06-13T05:20:00+08:00,COLLIE_ESR1,0.0,-987.3,1,6d4989a3-dd0e-4dce-a515-cc32f4b75ba3,IN-SERVICE,NON-LIQUID,-1000.0,
2026-06-13T05:20:00+08:00,COLLIE_ESR1,-100.0,-42.46,2,6d4989a3-dd0e-4dce-a515-cc32f4b75ba3,IN-SERVICE,NON-LIQUID,-43.01,
2026-06-13T05:20:00+08:00,COLLIE_ESR1,-100.0,-10.0,3,6d4989a3-dd0e-4dce-a515-cc32f4b75ba3,IN-SERVICE,NON-LIQUID,-10.13,
2026-06-13T05:20:00+08:00,COLLIE_ESR1,0.0,34.02,4,6d4989a3-dd0e-4dce-a515-cc32f4b75ba3,IN-SERVICE,NON-LIQUID,34.46,
2026-06-13T05:20:00+08:00,COLLIE_ESR1,0.0,60.0,5,6d4989a3-dd0e-4dce-a515-cc32f4b75ba3,IN-SERVICE,NON-LIQUID,60.77,
2026-06-13T05:20:00+08:00,COLLIE_ESR1,100.0,150.0,6,6d4989a3-dd0e-4dce-a515-cc32f4b75ba3,IN-SERVICE,NON-LIQUID,151.93,
2026-06-13T05:20:00+08:00,COLLIE_ESR1,100.0,250.0,7,6d4989a3-dd0e-4dce-a515-cc32f4b75ba3,IN-SERVICE,NON-LIQUID,253.22,
2026-06-13T05:20:00+08:00,COLLIE_ESR1,0.0,1071.33,8,6d4989a3-dd0e-4dce-a515-cc32f4b75ba3,IN-SERVICE,NON-LIQUID,1085.11,
2026-06-13T05:20:00+08:00,COLLIE_ESR1,0.0,1678.41,9,6d4989a3-dd0e-4dce-a515-cc32f4b75ba3,IN-SERVICE,NON-LIQUID,1700.0,
2026-06-13T05:20:00+08:00,COLLIE_ESR1,0.0,1678.41,10,6d4989a3-dd0e-4dce-a515-cc32f4b75ba3,IN-SERVICE,NON-LIQUID,1700.0,
2026-06-13T05:20:00+08:00,KWINANA_ESR2,-225.0,103.48,1,4febadd9-3c3b-4f7f-b21e-eb0e357df6e1,IN-SERVICE,NOT APPLICABLE,103.71,0.0
2026-06-13T05:20:00+08:00,KWINANA_ESR2,225.0,118.93,2,4febadd9-3c3b-4f7f-b21e-eb0e357df6e1,IN-SERVICE,NOT APPLICABLE,119.19,0.0
2026-06-13T05:20:00+08:00,COLLIE_BESS2,0.0,-987.3,1,4eb2b63d-804a-4478-8f92-302acef2825c,IN-SERVICE,NON-LIQUID,-1000.0,
2026-06-13T05:20:00+08:00,COLLIE_BESS2,-150.0,-42.46,2,4eb2b63d-804a-4478-8f92-302acef2825c,IN-SERVICE,NON-LIQUID,-43.01,
2026-06-13T05:20:00+08:00,COLLIE_BESS2,-150.0,-10.0,3,4eb2b63d-804a-4478-8f92-302acef2825c,IN-SERVICE,NON-LIQUID,-10.13,
2026-06-13T05:20:00+08:00,COLLIE_BESS2,0.0,34.02,4,4eb2b63d-804a-4478-8f92-302acef2825c,IN-SERVICE,NON-LIQUID,34.46,
2026-06-13T05:20:00+08:00,COLLIE_BESS2,0.0,60.0,5,4eb2b63d-804a-4478-8f92-302acef2825c,IN-SERVICE,NON-LIQUID,60.77,
2026-06-13T05:20:00+08:00,COLLIE_BESS2,150.0,150.0,6,4eb2b63d-804a-4478-8f92-302acef2825c,IN-SERVICE,NON-LIQUID,151.93,
2026-06-13T05:20:00+08:00,COLLIE_BESS2,150.0,250.0,7,4eb2b63d-804a-4478-8f92-302acef2825c,IN-SERVICE,NON-LIQUID,253.22,
2026-06-13T05:20:00+08:00,COLLIE_BESS2,0.0,1071.33,8,4eb2b63d-804a-4478-8f92-302acef2825c,IN-SERVICE,NON-LIQUID,1085.11,
2026-06-13T05:20:00+08:00,COLLIE_BESS2,0.0,1678.41,9,4eb2b63d-804a-4478-8f92-302acef2825c,IN-SERVICE,NON-LIQUID,1700.0,
2026-06-13T05:20:00+08:00,COLLIE_BESS2,0.0,1678.41,10,4eb2b63d-804a-4478-8f92-302acef2825c,IN-SERVICE,NON-LIQUID,1700.0,
2026-06-13T05:20:00+08:00,COLLIE_ESR4,-250.0,102.35,1,ad9f2189-98e4-4b71-b978-1b4b80d68ae1,IN-SERVICE,NOT APPLICABLE,103.67,0.0
2026-06-13T05:20:00+08:00,COLLIE_ESR4,250.0,121.46,2,ad9f2189-98e4-4b71-b978-1b4b80d68ae1,IN-SERVICE,NOT APPLICABLE,123.02,0.0
2026-06-13T05:20:00+08:00,COLLIE_ESR5,-250.0,102.47,1,d917761e-5ad9-441e-8f62-c1e911dbc88b,IN-SERVICE,NOT APPLICABLE,103.79,0.0
2026-06-13T05:20:00+08:00,COLLIE_ESR5,250.0,120.86,2,d917761e-5ad9-441e-8f62-c1e911dbc88b,IN-SERVICE,NOT APPLICABLE,122.41,0.0
2026-06-13T05:25:00+08:00,KWINANA_ESR1,-100.0,107.53,1,8215dd33-aed0-4d5a-bc5b-a326b1480e57,IN-SERVICE,NOT APPLICABLE,107.88,0.0
2026-06-13T05:25:00+08:00,KWINANA_ESR1,100.0,122.29,2,8215dd33-aed0-4d5a-bc5b-a326b1480e57,IN-SERVICE,NOT APPLICABLE,122.68,0.0
2026-06-13T05:25:00+08:00,COLLIE_ESR1,0.0,-987.3,1,47079b83-f3d1-49d6-9b92-ed759aac6abb,IN-SERVICE,NON-LIQUID,-1000.0,
2026-06-13T05:25:00+08:00,COLLIE_ESR1,-100.0,-42.46,2,47079b83-f3d1-49d6-9b92-ed759aac6abb,IN-SERVICE,NON-LIQUID,-43.01,
2026-06-13T05:25:00+08:00,COLLIE_ESR1,-100.0,-10.0,3,47079b83-f3d1-49d6-9b92-ed759aac6abb,IN-SERVICE,NON-LIQUID,-10.13,
2026-06-13T05:25:00+08:00,COLLIE_ESR1,0.0,34.02,4,47079b83-f3d1-49d6-9b92-ed759aac6abb,IN-SERVICE,NON-LIQUID,34.46,
2026-06-13T05:25:00+08:00,COLLIE_ESR1,0.0,60.0,5,47079b83-f3d1-49d6-9b92-ed759aac6abb,IN-SERVICE,NON-LIQUID,60.77,
2026-06-13T05:25:00+08:00,COLLIE_ESR1,100.0,150.0,6,47079b83-f3d1-49d6-9b92-ed759aac6abb,IN-SERVICE,NON-LIQUID,151.93,
2026-06-13T05:25:00+08:00,COLLIE_ESR1,100.0,250.0,7,47079b83-f3d1-49d6-9b92-ed759aac6abb,IN-SERVICE,NON-LIQUID,253.22,
2026-06-13T05:25:00+08:00,COLLIE_ESR1,0.0,1071.33,8,47079b83-f3d1-49d6-9b92-ed759aac6abb,IN-SERVICE,NON-LIQUID,1085.11,
2026-06-13T05:25:00+08:00,COLLIE_ESR1,0.0,1678.41,9,47079b83-f3d1-49d6-9b92-ed759aac6abb,IN-SERVICE,NON-LIQUID,1700.0,
2026-06-13T05:25:00+08:00,COLLIE_ESR1,0.0,1678.41,10,47079b83-f3d1-49d6-9b92-ed759aac6abb,IN-SERVICE,NON-LIQUID,1700.0,
2026-06-13T05:25:00+08:00,KWINANA_ESR2,-225.0,103.48,1,7a3d0ed5-1522-4da2-b32d-36a71ec33ea6,IN-SERVICE,NOT APPLICABLE,103.71,0.0
2026-06-13T05:25:00+08:00,KWINANA_ESR2,225.0,118.93,2,7a3d0ed5-1522-4da2-b32d-36a71ec33ea6,IN-SERVICE,NOT APPLICABLE,119.19,0.0
2026-06-13T05:25:00+08:00,COLLIE_BESS2,0.0,-987.3,1,0bb7ba9b-ab49-42c7-87fe-9065bbbe0f2d,IN-SERVICE,NON-LIQUID,-1000.0,
2026-06-13T05:25:00+08:00,COLLIE_BESS2,-150.0,-42.46,2,0bb7ba9b-ab49-42c7-87fe-9065bbbe0f2d,IN-SERVICE,NON-LIQUID,-43.01,
2026-06-13T05:25:00+08:00,COLLIE_BESS2,-150.0,-10.0,3,0bb7ba9b-ab49-42c7-87fe-9065bbbe0f2d,IN-SERVICE,NON-LIQUID,-10.13,
2026-06-13T05:25:00+08:00,COLLIE_BESS2,0.0,34.02,4,0bb7ba9b-ab49-42c7-87fe-9065bbbe0f2d,IN-SERVICE,NON-LIQUID,34.46,
2026-06-13T05:25:00+08:00,COLLIE_BESS2,0.0,60.0,5,0bb7ba9b-ab49-42c7-87fe-9065bbbe0f2d,IN-SERVICE,NON-LIQUID,60.77,
2026-06-13T05:25:00+08:00,COLLIE_BESS2,150.0,150.0,6,0bb7ba9b-ab49-42c7-87fe-9065bbbe0f2d,IN-SERVICE,NON-LIQUID,151.93,
2026-06-13T05:25:00+08:00,COLLIE_BESS2,150.0,250.0,7,0bb7ba9b-ab49-42c7-87fe-9065bbbe0f2d,IN-SERVICE,NON-LIQUID,253.22,
2026-06-13T05:25:00+08:00,COLLIE_BESS2,0.0,1071.33,8,0bb7ba9b-ab49-42c7-87fe-9065bbbe0f2d,IN-SERVICE,NON-LIQUID,1085.11,
2026-06-13T05:25:00+08:00,COLLIE_BESS2,0.0,1678.41,9,0bb7ba9b-ab49-42c7-87fe-9065bbbe0f2d,IN-SERVICE,NON-LIQUID,1700.0,
2026-06-13T05:25:00+08:00,COLLIE_BESS2,0.0,1678.41,10,0bb7ba9b-ab49-42c7-87fe-9065bbbe0f2d,IN-SERVICE,NON-LIQUID,1700.0,
2026-06-13T05:25:00+08:00,COLLIE_ESR4,-250.0,102.35,1,07ed6280-d95b-4f04-80e6-8ff8c072a080,IN-SERVICE,NOT APPLICABLE,103.67,0.0
2026-06-13T05:25:00+08:00,COLLIE_ESR4,250.0,121.17,2,07ed6280-d95b-4f04-80e6-8ff8c072a080,IN-SERVICE,NOT APPLICABLE,122.73,0.0
2026-06-13T05:25:00+08:00,COLLIE_ESR5,-250.0,102.47,1,9b8f8aae-7904-43d2-81e9-819e8642dfc0,IN-SERVICE,NOT APPLICABLE,103.79,0.0
2026-06-13T05:25:00+08:00,COLLIE_ESR5,250.0,121.05,2,9b8f8aae-7904-43d2-81e9-819e8642dfc0,IN-SERVICE,NOT APPLICABLE,122.61,0.0
2026-06-13T05:30:00+08:00,KWINANA_ESR1,-100.0,107.53,1,8215dd33-aed0-4d5a-bc5b-a326b1480e57,IN-SERVICE,NOT APPLICABLE,107.88,0.0
2026-06-13T05:30:00+08:00,KWINANA_ESR1,100.0,122.29,2,8215dd33-aed0-4d5a-bc5b-a326b1480e57,IN-SERVICE,NOT APPLICABLE,122.68,0.0
2026-06-13T05:30:00+08:00,COLLIE_ESR1,0.0,-987.3,1,2e271c90-201a-4eae-bddf-bff1083cbaa2,IN-SERVICE,NON-LIQUID,-1000.0,
2026-06-13T05:30:00+08:00,COLLIE_ESR1,-100.0,-42.46,2,2e271c90-201a-4eae-bddf-bff1083cbaa2,IN-SERVICE,NON-LIQUID,-43.01,
2026-06-13T05:30:00+08:00,COLLIE_ESR1,-100.0,-10.0,3,2e271c90-201a-4eae-bddf-bff1083cbaa2,IN-SERVICE,NON-LIQUID,-10.13,
2026-06-13T05:30:00+08:00,COLLIE_ESR1,0.0,34.02,4,2e271c90-201a-4eae-bddf-bff1083cbaa2,IN-SERVICE,NON-LIQUID,34.46,
2026-06-13T05:30:00+08:00,COLLIE_ESR1,0.0,60.0,5,2e271c90-201a-4eae-bddf-bff1083cbaa2,IN-SERVICE,NON-LIQUID,60.77,
2026-06-13T05:30:00+08:00,COLLIE_ESR1,100.0,150.0,6,2e271c90-201a-4eae-bddf-bff1083cbaa2,IN-SERVICE,NON-LIQUID,151.93,
2026-06-13T05:30:00+08:00,COLLIE_ESR1,100.0,250.0,7,2e271c90-201a-4eae-bddf-bff1083cbaa2,IN-SERVICE,NON-LIQUID,253.22,
2026-06-13T05:30:00+08:00,COLLIE_ESR1,0.0,1071.33,8,2e271c90-201a-4eae-bddf-bff1083cbaa2,IN-SERVICE,NON-LIQUID,1085.11,
2026-06-13T05:30:00+08:00,COLLIE_ESR1,0.0,1678.41,9,2e271c90-201a-4eae-bddf-bff1083cbaa2,IN-SERVICE,NON-LIQUID,1700.0,
2026-06-13T05:30:00+08:00,COLLIE_ESR1,0.0,1678.41,10,2e271c90-201a-4eae-bddf-bff1083cbaa2,IN-SERVICE,NON-LIQUID,1700.0,
2026-06-13T05:30:00+08:00,KWINANA_ESR2,-225.0,101.66,1,7a3d0ed5-1522-4da2-b32d-36a71ec33ea6,IN-SERVICE,NOT APPLICABLE,101.88,0.0
2026-06-13T05:30:00+08:00,KWINANA_ESR2,225.0,118.93,2,7a3d0ed5-1522-4da2-b32d-36a71ec33ea6,IN-SERVICE,NOT APPLICABLE,119.19,0.0
2026-06-13T05:30:00+08:00,COLLIE_BESS2,0.0,-987.3,1,379f81ba-2a75-43cc-86df-1ac9af454223,IN-SERVICE,NON-LIQUID,-1000.0,
2026-06-13T05:30:00+08:00,COLLIE_BESS2,-150.0,-42.46,2,379f81ba-2a75-43cc-86df-1ac9af454223,IN-SERVICE,NON-LIQUID,-43.01,
2026-06-13T05:30:00+08:00,COLLIE_BESS2,-150.0,-10.0,3,379f81ba-2a75-43cc-86df-1ac9af454223,IN-SERVICE,NON-LIQUID,-10.13,
2026-06-13T05:30:00+08:00,COLLIE_BESS2,0.0,34.02,4,379f81ba-2a75-43cc-86df-1ac9af454223,IN-SERVICE,NON-LIQUID,34.46,
2026-06-13T05:30:00+08:00,COLLIE_BESS2,0.0,60.0,5,379f81ba-2a75-43cc-86df-1ac9af454223,IN-SERVICE,NON-LIQUID,60.77,
2026-06-13T05:30:00+08:00,COLLIE_BESS2,150.0,150.0,6,379f81ba-2a75-43cc-86df-1ac9af454223,IN-SERVICE,NON-LIQUID,151.93,
2026-06-13T05:30:00+08:00,COLLIE_BESS2,150.0,250.0,7,379f81ba-2a75-43cc-86df-1ac9af454223,IN-SERVICE,NON-LIQUID,253.22,
2026-06-13T05:30:00+08:00,COLLIE_BESS2,0.0,1071.33,8,379f81ba-2a75-43cc-86df-1ac9af454223,IN-SERVICE,NON-LIQUID,1085.11,
2026-06-13T05:30:00+08:00,COLLIE_BESS2,0.0,1678.41,9,379f81ba-2a75-43cc-86df-1ac9af454223,IN-SERVICE,NON-LIQUID,1700.0,
2026-06-13T05:30:00+08:00,COLLIE_BESS2,0.0,1678.41,10,379f81ba-2a75-43cc-86df-1ac9af454223,IN-SERVICE,NON-LIQUID,1700.0,
2026-06-13T05:30:00+08:00,COLLIE_ESR4,-250.0,102.35,1,07ed6280-d95b-4f04-80e6-8ff8c072a080,IN-SERVICE,NOT APPLICABLE,103.67,0.0
2026-06-13T05:30:00+08:00,COLLIE_ESR4,250.0,121.17,2,07ed6280-d95b-4f04-80e6-8ff8c072a080,IN-SERVICE,NOT APPLICABLE,122.73,0.0
2026-06-13T05:30:00+08:00,COLLIE_ESR5,-250.0,102.47,1,9b8f8aae-7904-43d2-81e9-819e8642dfc0,IN-SERVICE,NOT APPLICABLE,103.79,0.0
2026-06-13T05:30:00+08:00,COLLIE_ESR5,250.0,121.05,2,9b8f8aae-7904-43d2-81e9-819e8642dfc0,IN-SERVICE,NOT APPLICABLE,122.61,0.0
2026-06-13T05:35:00+08:00,KWINANA_ESR1,-100.0,107.53,1,8215dd33-aed0-4d5a-bc5b-a326b1480e57,IN-SERVICE,NOT APPLICABLE,107.88,0.0
2026-06-13T05:35:00+08:00,KWINANA_ESR1,100.0,122.29,2,8215dd33-aed0-4d5a-bc5b-a326b1480e57,IN-SERVICE,NOT APPLICABLE,122.68,0.0
2026-06-13T05:35:00+08:00,COLLIE_ESR1,0.0,-987.3,1,5a20235f-4f8d-4c68-80ad-6678615eeb40,IN-SERVICE,NON-LIQUID,-1000.0,
2026-06-13T05:35:00+08:00,COLLIE_ESR1,-100.0,-42.46,2,5a20235f-4f8d-4c68-80ad-6678615eeb40,IN-SERVICE,NON-LIQUID,-43.01,
2026-06-13T05:35:00+08:00,COLLIE_ESR1,-100.0,-10.0,3,5a20235f-4f8d-4c68-80ad-6678615eeb40,IN-SERVICE,NON-LIQUID,-10.13,
2026-06-13T05:35:00+08:00,COLLIE_ESR1,0.0,34.02,4,5a20235f-4f8d-4c68-80ad-6678615eeb40,IN-SERVICE,NON-LIQUID,34.46,
2026-06-13T05:35:00+08:00,COLLIE_ESR1,0.0,60.0,5,5a20235f-4f8d-4c68-80ad-6678615eeb40,IN-SERVICE,NON-LIQUID,60.77,
2026-06-13T05:35:00+08:00,COLLIE_ESR1,100.0,150.0,6,5a20235f-4f8d-4c68-80ad-6678615eeb40,IN-SERVICE,NON-LIQUID,151.93,
2026-06-13T05:35:00+08:00,COLLIE_ESR1,100.0,250.0,7,5a20235f-4f8d-4c68-80ad-6678615eeb40,IN-SERVICE,NON-LIQUID,253.22,
2026-06-13T05:35:00+08:00,COLLIE_ESR1,0.0,1071.33,8,5a20235f-4f8d-4c68-80ad-6678615eeb40,IN-SERVICE,NON-LIQUID,1085.11,
2026-06-13T05:35:00+08:00,COLLIE_ESR1,0.0,1678.41,9,5a20235f-4f8d-4c68-80ad-6678615eeb40,IN-SERVICE,NON-LIQUID,1700.0,
2026-06-13T05:35:00+08:00,COLLIE_ESR1,0.0,1678.41,10,5a20235f-4f8d-4c68-80ad-6678615eeb40,IN-SERVICE,NON-LIQUID,1700.0,
2026-06-13T05:35:00+08:00,KWINANA_ESR2,-225.0,101.66,1,7a3d0ed5-1522-4da2-b32d-36a71ec33ea6,IN-SERVICE,NOT APPLICABLE,101.88,0.0
2026-06-13T05:35:00+08:00,KWINANA_ESR2,225.0,118.93,2,7a3d0ed5-1522-4da2-b32d-36a71ec33ea6,IN-SERVICE,NOT APPLICABLE,119.19,0.0
2026-06-13T05:35:00+08:00,COLLIE_BESS2,0.0,-987.3,1,c7e7c5fa-7e8f-4135-bafc-be85d4c12bcc,IN-SERVICE,NON-LIQUID,-1000.0,
2026-06-13T05:35:00+08:00,COLLIE_BESS2,-150.0,-42.46,2,c7e7c5fa-7e8f-4135-bafc-be85d4c12bcc,IN-SERVICE,NON-LIQUID,-43.01,
2026-06-13T05:35:00+08:00,COLLIE_BESS2,-150.0,-10.0,3,c7e7c5fa-7e8f-4135-bafc-be85d4c12bcc,IN-SERVICE,NON-LIQUID,-10.13,
2026-06-13T05:35:00+08:00,COLLIE_BESS2,0.0,34.02,4,c7e7c5fa-7e8f-4135-bafc-be85d4c12bcc,IN-SERVICE,NON-LIQUID,34.46,
2026-06-13T05:35:00+08:00,COLLIE_BESS2,0.0,60.0,5,c7e7c5fa-7e8f-4135-bafc-be85d4c12bcc,IN-SERVICE,NON-LIQUID,60.77,
2026-06-13T05:35:00+08:00,COLLIE_BESS2,150.0,150.0,6,c7e7c5fa-7e8f-4135-bafc-be85d4c12bcc,IN-SERVICE,NON-LIQUID,151.93,
2026-06-13T05:35:00+08:00,COLLIE_BESS2,150.0,250.0,7,c7e7c5fa-7e8f-4135-bafc-be85d4c12bcc,IN-SERVICE,NON-LIQUID,253.22,
2026-06-13T05:35:00+08:00,COLLIE_BESS2,0.0,1071.33,8,c7e7c5fa-7e8f-4135-bafc-be85d4c12bcc,IN-SERVICE,NON-LIQUID,1085.11,
2026-06-13T05:35:00+08:00,COLLIE_BESS2,0.0,1678.41,9,c7e7c5fa-7e8f-4135-bafc-be85d4c12bcc,IN-SERVICE,NON-LIQUID,1700.0,
2026-06-13T05:35:00+08:00,COLLIE_BESS2,0.0,1678.41,10,c7e7c5fa-7e8f-4135-bafc-be85d4c12bcc,IN-SERVICE,NON-LIQUID,1700.0,
2026-06-13T05:35:00+08:00,COLLIE_ESR4,-250.0,102.35,1,07ed6280-d95b-4f04-80e6-8ff8c072a080,IN-SERVICE,NOT APPLICABLE,103.67,0.0
2026-06-13T05:35:00+08:00,COLLIE_ESR4,250.0,121.17,2,07ed6280-d95b-4f04-80e6-8ff8c072a080,IN-SERVICE,NOT APPLICABLE,122.73,0.0
2026-06-13T05:35:00+08:00,COLLIE_ESR5,-250.0,102.47,1,9b8f8aae-7904-43d2-81e9-819e8642dfc0,IN-SERVICE,NOT APPLICABLE,103.79,0.0
2026-06-13T05:35:00+08:00,COLLIE_ESR5,250.0,121.05,2,9b8f8aae-7904-43d2-81e9-819e8642dfc0,IN-SERVICE,NOT APPLICABLE,122.61,0.0
2026-06-13T05:40:00+08:00,KWINANA_ESR1,-100.0,107.53,1,45a3d8c8-cdbe-446d-a473-f73027d72030,IN-SERVICE,NOT APPLICABLE,107.88,0.0
2026-06-13T05:40:00+08:00,KWINANA_ESR1,100.0,122.29,2,45a3d8c8-cdbe-446d-a473-f73027d72030,IN-SERVICE,NOT APPLICABLE,122.68,0.0
2026-06-13T05:40:00+08:00,COLLIE_ESR1,0.0,-987.3,1,34b56d88-faae-463e-b8cc-677a40a69d02,IN-SERVICE,NON-LIQUID,-1000.0,
2026-06-13T05:40:00+08:00,COLLIE_ESR1,-100.0,-42.46,2,34b56d88-faae-463e-b8cc-677a40a69d02,IN-SERVICE,NON-LIQUID,-43.01,
2026-06-13T05:40:00+08:00,COLLIE_ESR1,-100.0,-10.0,3,34b56d88-faae-463e-b8cc-677a40a69d02,IN-SERVICE,NON-LIQUID,-10.13,
2026-06-13T05:40:00+08:00,COLLIE_ESR1,0.0,34.02,4,34b56d88-faae-463e-b8cc-677a40a69d02,IN-SERVICE,NON-LIQUID,34.46,
2026-06-13T05:40:00+08:00,COLLIE_ESR1,0.0,60.0,5,34b56d88-faae-463e-b8cc-677a40a69d02,IN-SERVICE,NON-LIQUID,60.77,
2026-06-13T05:40:00+08:00,COLLIE_ESR1,100.0,150.0,6,34b56d88-faae-463e-b8cc-677a40a69d02,IN-SERVICE,NON-LIQUID,151.93,
2026-06-13T05:40:00+08:00,COLLIE_ESR1,100.0,250.0,7,34b56d88-faae-463e-b8cc-677a40a69d02,IN-SERVICE,NON-LIQUID,253.22,
2026-06-13T05:40:00+08:00,COLLIE_ESR1,0.0,1071.33,8,34b56d88-faae-463e-b8cc-677a40a69d02,IN-SERVICE,NON-LIQUID,1085.11,
2026-06-13T05:40:00+08:00,COLLIE_ESR1,0.0,1678.41,9,34b56d88-faae-463e-b8cc-677a40a69d02,IN-SERVICE,NON-LIQUID,1700.0,
2026-06-13T05:40:00+08:00,COLLIE_ESR1,0.0,1678.41,10,34b56d88-faae-463e-b8cc-677a40a69d02,IN-SERVICE,NON-LIQUID,1700.0,
2026-06-13T05:40:00+08:00,KWINANA_ESR2,-225.0,101.11,1,da43b853-13e1-452c-9c1c-c614d7a8b71b,IN-SERVICE,NOT APPLICABLE,101.33,0.0
2026-06-13T05:40:00+08:00,KWINANA_ESR2,225.0,122.34,2,da43b853-13e1-452c-9c1c-c614d7a8b71b,IN-SERVICE,NOT APPLICABLE,122.61,0.0
2026-06-13T05:40:00+08:00,COLLIE_BESS2,0.0,-987.3,1,143b2b47-1647-48f4-94a7-f66465f2f416,IN-SERVICE,NON-LIQUID,-1000.0,
2026-06-13T05:40:00+08:00,COLLIE_BESS2,-150.0,-42.46,2,143b2b47-1647-48f4-94a7-f66465f2f416,IN-SERVICE,NON-LIQUID,-43.01,
2026-06-13T05:40:00+08:00,COLLIE_BESS2,-150.0,-10.0,3,143b2b47-1647-48f4-94a7-f66465f2f416,IN-SERVICE,NON-LIQUID,-10.13,
2026-06-13T05:40:00+08:00,COLLIE_BESS2,0.0,34.02,4,143b2b47-1647-48f4-94a7-f66465f2f416,IN-SERVICE,NON-LIQUID,34.46,
2026-06-13T05:40:00+08:00,COLLIE_BESS2,0.0,60.0,5,143b2b47-1647-48f4-94a7-f66465f2f416,IN-SERVICE,NON-LIQUID,60.77,
2026-06-13T05:40:00+08:00,COLLIE_BESS2,150.0,150.0,6,143b2b47-1647-48f4-94a7-f66465f2f416,IN-SERVICE,NON-LIQUID,151.93,
2026-06-13T05:40:00+08:00,COLLIE_BESS2,150.0,250.0,7,143b2b47-1647-48f4-94a7-f66465f2f416,IN-SERVICE,NON-LIQUID,253.22,
2026-06-13T05:40:00+08:00,COLLIE_BESS2,0.0,1071.33,8,143b2b47-1647-48f4-94a7-f66465f2f416,IN-SERVICE,NON-LIQUID,1085.11,
2026-06-13T05:40:00+08:00,COLLIE_BESS2,0.0,1678.41,9,143b2b47-1647-48f4-94a7-f66465f2f416,IN-SERVICE,NON-LIQUID,1700.0,
2026-06-13T05:40:00+08:00,COLLIE_BESS2,0.0,1678.41,10,143b2b47-1647-48f4-94a7-f66465f2f416,IN-SERVICE,NON-LIQUID,1700.0,
2026-06-13T05:40:00+08:00,COLLIE_ESR4,-250.0,100.55,1,f12ac843-3354-422e-8540-7a1ff1e7cb99,IN-SERVICE,NOT APPLICABLE,101.84,0.0
2026-06-13T05:40:00+08:00,COLLIE_ESR4,250.0,121.17,2,f12ac843-3354-422e-8540-7a1ff1e7cb99,IN-SERVICE,NOT APPLICABLE,122.73,0.0
2026-06-13T05:40:00+08:00,COLLIE_ESR5,-250.0,100.67,1,3f81669a-a02d-4bf3-aa0f-8a0c93c4234b,IN-SERVICE,NOT APPLICABLE,101.96,0.0
2026-06-13T05:40:00+08:00,COLLIE_ESR5,250.0,121.05,2,3f81669a-a02d-4bf3-aa0f-8a0c93c4234b,IN-SERVICE,NOT APPLICABLE,122.61,0.0
2026-06-13T05:45:00+08:00,KWINANA_ESR1,-100.0,107.53,1,45a3d8c8-cdbe-446d-a473-f73027d72030,IN-SERVICE,NOT APPLICABLE,107.88,0.0
2026-06-13T05:45:00+08:00,KWINANA_ESR1,100.0,122.29,2,45a3d8c8-cdbe-446d-a473-f73027d72030,IN-SERVICE,NOT APPLICABLE,122.68,0.0
2026-06-13T05:45:00+08:00,COLLIE_ESR1,0.0,-987.3,1,c76efb72-228b-4b69-8a55-9936b262bb03,IN-SERVICE,NON-LIQUID,-1000.0,
2026-06-13T05:45:00+08:00,COLLIE_ESR1,-100.0,-42.46,2,c76efb72-228b-4b69-8a55-9936b262bb03,IN-SERVICE,NON-LIQUID,-43.01,
2026-06-13T05:45:00+08:00,COLLIE_ESR1,-100.0,-10.0,3,c76efb72-228b-4b69-8a55-9936b262bb03,IN-SERVICE,NON-LIQUID,-10.13,
2026-06-13T05:45:00+08:00,COLLIE_ESR1,0.0,34.02,4,c76efb72-228b-4b69-8a55-9936b262bb03,IN-SERVICE,NON-LIQUID,34.46,
2026-06-13T05:45:00+08:00,COLLIE_ESR1,0.0,60.0,5,c76efb72-228b-4b69-8a55-9936b262bb03,IN-SERVICE,NON-LIQUID,60.77,
2026-06-13T05:45:00+08:00,COLLIE_ESR1,100.0,150.0,6,c76efb72-228b-4b69-8a55-9936b262bb03,IN-SERVICE,NON-LIQUID,151.93,
2026-06-13T05:45:00+08:00,COLLIE_ESR1,100.0,250.0,7,c76efb72-228b-4b69-8a55-9936b262bb03,IN-SERVICE,NON-LIQUID,253.22,
2026-06-13T05:45:00+08:00,COLLIE_ESR1,0.0,1071.33,8,c76efb72-228b-4b69-8a55-9936b262bb03,IN-SERVICE,NON-LIQUID,1085.11,
2026-06-13T05:45:00+08:00,COLLIE_ESR1,0.0,1678.41,9,c76efb72-228b-4b69-8a55-9936b262bb03,IN-SERVICE,NON-LIQUID,1700.0,
2026-06-13T05:45:00+08:00,COLLIE_ESR1,0.0,1678.41,10,c76efb72-228b-4b69-8a55-9936b262bb03,IN-SERVICE,NON-LIQUID,1700.0,
2026-06-13T05:45:00+08:00,KWINANA_ESR2,-225.0,101.11,1,da43b853-13e1-452c-9c1c-c614d7a8b71b,IN-SERVICE,NOT APPLICABLE,101.33,0.0
2026-06-13T05:45:00+08:00,KWINANA_ESR2,225.0,122.34,2,da43b853-13e1-452c-9c1c-c614d7a8b71b,IN-SERVICE,NOT APPLICABLE,122.61,0.0
2026-06-13T05:45:00+08:00,COLLIE_BESS2,0.0,-987.3,1,56140101-2000-4826-afd0-19ab44d1a9da,IN-SERVICE,NON-LIQUID,-1000.0,
2026-06-13T05:45:00+08:00,COLLIE_BESS2,-150.0,-42.46,2,56140101-2000-4826-afd0-19ab44d1a9da,IN-SERVICE,NON-LIQUID,-43.01,
2026-06-13T05:45:00+08:00,COLLIE_BESS2,-150.0,-10.0,3,56140101-2000-4826-afd0-19ab44d1a9da,IN-SERVICE,NON-LIQUID,-10.13,
2026-06-13T05:45:00+08:00,COLLIE_BESS2,0.0,34.02,4,56140101-2000-4826-afd0-19ab44d1a9da,IN-SERVICE,NON-LIQUID,34.46,
2026-06-13T05:45:00+08:00,COLLIE_BESS2,0.0,60.0,5,56140101-2000-4826-afd0-19ab44d1a9da,IN-SERVICE,NON-LIQUID,60.77,
2026-06-13T05:45:00+08:00,COLLIE_BESS2,150.0,150.0,6,56140101-2000-4826-afd0-19ab44d1a9da,IN-SERVICE,NON-LIQUID,151.93,
2026-06-13T05:45:00+08:00,COLLIE_BESS2,150.0,250.0,7,56140101-2000-4826-afd0-19ab44d1a9da,IN-SERVICE,NON-LIQUID,253.22,
2026-06-13T05:45:00+08:00,COLLIE_BESS2,0.0,1071.33,8,56140101-2000-4826-afd0-19ab44d1a9da,IN-SERVICE,NON-LIQUID,1085.11,
2026-06-13T05:45:00+08:00,COLLIE_BESS2,0.0,1678.41,9,56140101-2000-4826-afd0-19ab44d1a9da,IN-SERVICE,NON-LIQUID,1700.0,
2026-06-13T05:45:00+08:00,COLLIE_BESS2,0.0,1678.41,10,56140101-2000-4826-afd0-19ab44d1a9da,IN-SERVICE,NON-LIQUID,1700.0,
2026-06-13T05:45:00+08:00,COLLIE_ESR4,-250.0,100.55,1,f12ac843-3354-422e-8540-7a1ff1e7cb99,IN-SERVICE,NOT APPLICABLE,101.84,0.0
2026-06-13T05:45:00+08:00,COLLIE_ESR4,250.0,121.17,2,f12ac843-3354-422e-8540-7a1ff1e7cb99,IN-SERVICE,NOT APPLICABLE,122.73,0.0
2026-06-13T05:45:00+08:00,COLLIE_ESR5,-250.0,100.12,1,3f81669a-a02d-4bf3-aa0f-8a0c93c4234b,IN-SERVICE,NOT APPLICABLE,101.41,0.0
2026-06-13T05:45:00+08:00,COLLIE_ESR5,250.0,121.05,2,3f81669a-a02d-4bf3-aa0f-8a0c93c4234b,IN-SERVICE,NOT APPLICABLE,122.61,0.0
2026-06-13T05:50:00+08:00,KWINANA_ESR1,-100.0,107.53,1,45a3d8c8-cdbe-446d-a473-f73027d72030,IN-SERVICE,NOT APPLICABLE,107.88,0.0
2026-06-13T05:50:00+08:00,KWINANA_ESR1,100.0,122.29,2,45a3d8c8-cdbe-446d-a473-f73027d72030,IN-SERVICE,NOT APPLICABLE,122.68,0.0
2026-06-13T05:50:00+08:00,COLLIE_ESR1,0.0,-987.3,1,577ea385-ed3d-4384-a7f8-d88a935fc7af,IN-SERVICE,NON-LIQUID,-1000.0,
2026-06-13T05:50:00+08:00,COLLIE_ESR1,-100.0,-42.46,2,577ea385-ed3d-4384-a7f8-d88a935fc7af,IN-SERVICE,NON-LIQUID,-43.01,
2026-06-13T05:50:00+08:00,COLLIE_ESR1,-100.0,-10.0,3,577ea385-ed3d-4384-a7f8-d88a935fc7af,IN-SERVICE,NON-LIQUID,-10.13,
2026-06-13T05:50:00+08:00,COLLIE_ESR1,0.0,34.02,4,577ea385-ed3d-4384-a7f8-d88a935fc7af,IN-SERVICE,NON-LIQUID,34.46,
2026-06-13T05:50:00+08:00,COLLIE_ESR1,0.0,60.0,5,577ea385-ed3d-4384-a7f8-d88a935fc7af,IN-SERVICE,NON-LIQUID,60.77,
2026-06-13T05:50:00+08:00,COLLIE_ESR1,100.0,150.0,6,577ea385-ed3d-4384-a7f8-d88a935fc7af,IN-SERVICE,NON-LIQUID,151.93,
2026-06-13T05:50:00+08:00,COLLIE_ESR1,100.0,250.0,7,577ea385-ed3d-4384-a7f8-d88a935fc7af,IN-SERVICE,NON-LIQUID,253.22,
2026-06-13T05:50:00+08:00,COLLIE_ESR1,0.0,1071.33,8,577ea385-ed3d-4384-a7f8-d88a935fc7af,IN-SERVICE,NON-LIQUID,1085.11,
2026-06-13T05:50:00+08:00,COLLIE_ESR1,0.0,1678.41,9,577ea385-ed3d-4384-a7f8-d88a935fc7af,IN-SERVICE,NON-LIQUID,1700.0,
2026-06-13T05:50:00+08:00,COLLIE_ESR1,0.0,1678.41,10,577ea385-ed3d-4384-a7f8-d88a935fc7af,IN-SERVICE,NON-LIQUID,1700.0,
2026-06-13T05:50:00+08:00,KWINANA_ESR2,-225.0,101.11,1,da43b853-13e1-452c-9c1c-c614d7a8b71b,IN-SERVICE,NOT APPLICABLE,101.33,0.0
2026-06-13T05:50:00+08:00,KWINANA_ESR2,225.0,122.34,2,da43b853-13e1-452c-9c1c-c614d7a8b71b,IN-SERVICE,NOT APPLICABLE,122.61,0.0
2026-06-13T05:50:00+08:00,COLLIE_BESS2,0.0,-987.3,1,51a0d800-12be-484f-a8db-3bdf55e2cfca,IN-SERVICE,NON-LIQUID,-1000.0,
2026-06-13T05:50:00+08:00,COLLIE_BESS2,-150.0,-42.46,2,51a0d800-12be-484f-a8db-3bdf55e2cfca,IN-SERVICE,NON-LIQUID,-43.01,
2026-06-13T05:50:00+08:00,COLLIE_BESS2,-150.0,-10.0,3,51a0d800-12be-484f-a8db-3bdf55e2cfca,IN-SERVICE,NON-LIQUID,-10.13,
2026-06-13T05:50:00+08:00,COLLIE_BESS2,0.0,34.02,4,51a0d800-12be-484f-a8db-3bdf55e2cfca,IN-SERVICE,NON-LIQUID,34.46,
2026-06-13T05:50:00+08:00,COLLIE_BESS2,0.0,60.0,5,51a0d800-12be-484f-a8db-3bdf55e2cfca,IN-SERVICE,NON-LIQUID,60.77,
2026-06-13T05:50:00+08:00,COLLIE_BESS2,150.0,150.0,6,51a0d800-12be-484f-a8db-3bdf55e2cfca,IN-SERVICE,NON-LIQUID,151.93,
2026-06-13T05:50:00+08:00,COLLIE_BESS2,150.0,250.0,7,51a0d800-12be-484f-a8db-3bdf55e2cfca,IN-SERVICE,NON-LIQUID,253.22,
2026-06-13T05:50:00+08:00,COLLIE_BESS2,0.0,1071.33,8,51a0d800-12be-484f-a8db-3bdf55e2cfca,IN-SERVICE,NON-LIQUID,1085.11,
2026-06-13T05:50:00+08:00,COLLIE_BESS2,0.0,1678.41,9,51a0d800-12be-484f-a8db-3bdf55e2cfca,IN-SERVICE,NON-LIQUID,1700.0,
2026-06-13T05:50:00+08:00,COLLIE_BESS2,0.0,1678.41,10,51a0d800-12be-484f-a8db-3bdf55e2cfca,IN-SERVICE,NON-LIQUID,1700.0,
2026-06-13T05:50:00+08:00,COLLIE_ESR4,-250.0,100.0,1,f12ac843-3354-422e-8540-7a1ff1e7cb99,IN-SERVICE,NOT APPLICABLE,101.29,0.0
2026-06-13T05:50:00+08:00,COLLIE_ESR4,250.0,121.17,2,f12ac843-3354-422e-8540-7a1ff1e7cb99,IN-SERVICE,NOT APPLICABLE,122.73,0.0
2026-06-13T05:50:00+08:00,COLLIE_ESR5,-250.0,100.12,1,3f81669a-a02d-4bf3-aa0f-8a0c93c4234b,IN-SERVICE,NOT APPLICABLE,101.41,0.0
2026-06-13T05:50:00+08:00,COLLIE_ESR5,250.0,121.05,2,3f81669a-a02d-4bf3-aa0f-8a0c93c4234b,IN-SERVICE,NOT APPLICABLE,122.61,0.0
2026-06-13T05:55:00+08:00,KWINANA_ESR1,-100.0,109.02,1,1cce4154-8d01-49ff-992a-14039c1e6297,IN-SERVICE,NOT APPLICABLE,109.37,0.0
2026-06-13T05:55:00+08:00,KWINANA_ESR1,100.0,123.78,2,1cce4154-8d01-49ff-992a-14039c1e6297,IN-SERVICE,NOT APPLICABLE,124.18,0.0
2026-06-13T05:55:00+08:00,COLLIE_ESR1,0.0,-987.3,1,37098b00-71cd-4c49-b0ee-7c7e7adf2919,IN-SERVICE,NON-LIQUID,-1000.0,
2026-06-13T05:55:00+08:00,COLLIE_ESR1,-100.0,-42.46,2,37098b00-71cd-4c49-b0ee-7c7e7adf2919,IN-SERVICE,NON-LIQUID,-43.01,
2026-06-13T05:55:00+08:00,COLLIE_ESR1,-100.0,-10.0,3,37098b00-71cd-4c49-b0ee-7c7e7adf2919,IN-SERVICE,NON-LIQUID,-10.13,
2026-06-13T05:55:00+08:00,COLLIE_ESR1,0.0,34.02,4,37098b00-71cd-4c49-b0ee-7c7e7adf2919,IN-SERVICE,NON-LIQUID,34.46,
2026-06-13T05:55:00+08:00,COLLIE_ESR1,0.0,60.0,5,37098b00-71cd-4c49-b0ee-7c7e7adf2919,IN-SERVICE,NON-LIQUID,60.77,
2026-06-13T05:55:00+08:00,COLLIE_ESR1,100.0,150.0,6,37098b00-71cd-4c49-b0ee-7c7e7adf2919,IN-SERVICE,NON-LIQUID,151.93,
2026-06-13T05:55:00+08:00,COLLIE_ESR1,100.0,250.0,7,37098b00-71cd-4c49-b0ee-7c7e7adf2919,IN-SERVICE,NON-LIQUID,253.22,
2026-06-13T05:55:00+08:00,COLLIE_ESR1,0.0,1071.33,8,37098b00-71cd-4c49-b0ee-7c7e7adf2919,IN-SERVICE,NON-LIQUID,1085.11,
2026-06-13T05:55:00+08:00,COLLIE_ESR1,0.0,1678.41,9,37098b00-71cd-4c49-b0ee-7c7e7adf2919,IN-SERVICE,NON-LIQUID,1700.0,
2026-06-13T05:55:00+08:00,COLLIE_ESR1,0.0,1678.41,10,37098b00-71cd-4c49-b0ee-7c7e7adf2919,IN-SERVICE,NON-LIQUID,1700.0,
2026-06-13T05:55:00+08:00,KWINANA_ESR2,-225.0,101.11,1,605f2926-8820-4781-b23d-671d804de645,IN-SERVICE,NOT APPLICABLE,101.33,0.0
2026-06-13T05:55:00+08:00,KWINANA_ESR2,225.0,124.19,2,605f2926-8820-4781-b23d-671d804de645,IN-SERVICE,NOT APPLICABLE,124.46,0.0
2026-06-13T05:55:00+08:00,COLLIE_BESS2,0.0,-987.3,1,adeb1377-2f67-4797-8b27-6449cba3ed5a,IN-SERVICE,NON-LIQUID,-1000.0,
2026-06-13T05:55:00+08:00,COLLIE_BESS2,-150.0,-42.46,2,adeb1377-2f67-4797-8b27-6449cba3ed5a,IN-SERVICE,NON-LIQUID,-43.01,
2026-06-13T05:55:00+08:00,COLLIE_BESS2,-150.0,-10.0,3,adeb1377-2f67-4797-8b27-6449cba3ed5a,IN-SERVICE,NON-LIQUID,-10.13,
2026-06-13T05:55:00+08:00,COLLIE_BESS2,0.0,34.02,4,adeb1377-2f67-4797-8b27-6449cba3ed5a,IN-SERVICE,NON-LIQUID,34.46,
2026-06-13T05:55:00+08:00,COLLIE_BESS2,0.0,60.0,5,adeb1377-2f67-4797-8b27-6449cba3ed5a,IN-SERVICE,NON-LIQUID,60.77,
2026-06-13T05:55:00+08:00,COLLIE_BESS2,150.0,150.0,6,adeb1377-2f67-4797-8b27-6449cba3ed5a,IN-SERVICE,NON-LIQUID,151.93,
2026-06-13T05:55:00+08:00,COLLIE_BESS2,150.0,250.0,7,adeb1377-2f67-4797-8b27-6449cba3ed5a,IN-SERVICE,NON-LIQUID,253.22,
2026-06-13T05:55:00+08:00,COLLIE_BESS2,0.0,1071.33,8,adeb1377-2f67-4797-8b27-6449cba3ed5a,IN-SERVICE,NON-LIQUID,1085.11,
2026-06-13T05:55:00+08:00,COLLIE_BESS2,0.0,1678.41,9,adeb1377-2f67-4797-8b27-6449cba3ed5a,IN-SERVICE,NON-LIQUID,1700.0,
2026-06-13T05:55:00+08:00,COLLIE_BESS2,0.0,1678.41,10,adeb1377-2f67-4797-8b27-6449cba3ed5a,IN-SERVICE,NON-LIQUID,1700.0,
2026-06-13T05:55:00+08:00,COLLIE_ESR4,-250.0,107.57,1,4ccd276d-c00d-48ce-ba54-aeaf70ba1ebb,IN-SERVICE,NOT APPLICABLE,108.95,0.0
2026-06-13T05:55:00+08:00,COLLIE_ESR4,250.0,122.93,2,4ccd276d-c00d-48ce-ba54-aeaf70ba1ebb,IN-SERVICE,NOT APPLICABLE,124.51,0.0
2026-06-13T05:55:00+08:00,COLLIE_ESR5,-250.0,107.65,1,65c55c99-133d-4729-8214-99c9ac081e46,IN-SERVICE,NOT APPLICABLE,109.03,0.0
2026-06-13T05:55:00+08:00,COLLIE_ESR5,250.0,122.81,2,65c55c99-133d-4729-8214-99c9ac081e46,IN-SERVICE,NOT APPLICABLE,124.39,0.0
2026-06-13T06:00:00+08:00,KWINANA_ESR1,-100.0,109.02,1,1cce4154-8d01-49ff-992a-14039c1e6297,IN-SERVICE,NOT APPLICABLE,109.37,0.0
2026-06-13T06:00:00+08:00,KWINANA_ESR1,100.0,123.78,2,1cce4154-8d01-49ff-992a-14039c1e6297,IN-SERVICE,NOT APPLICABLE,124.18,0.0
2026-06-13T06:00:00+08:00,COLLIE_ESR1,0.0,-987.3,1,9c4a9a9a-4b2b-4df1-826f-3887ade131fc,IN-SERVICE,NON-LIQUID,-1000.0,
2026-06-13T06:00:00+08:00,COLLIE_ESR1,-100.0,-42.46,2,9c4a9a9a-4b2b-4df1-826f-3887ade131fc,IN-SERVICE,NON-LIQUID,-43.01,
2026-06-13T06:00:00+08:00,COLLIE_ESR1,-100.0,-10.0,3,9c4a9a9a-4b2b-4df1-826f-3887ade131fc,IN-SERVICE,NON-LIQUID,-10.13,
2026-06-13T06:00:00+08:00,COLLIE_ESR1,0.0,34.02,4,9c4a9a9a-4b2b-4df1-826f-3887ade131fc,IN-SERVICE,NON-LIQUID,34.46,
2026-06-13T06:00:00+08:00,COLLIE_ESR1,0.0,60.0,5,9c4a9a9a-4b2b-4df1-826f-3887ade131fc,IN-SERVICE,NON-LIQUID,60.77,
2026-06-13T06:00:00+08:00,COLLIE_ESR1,100.0,150.0,6,9c4a9a9a-4b2b-4df1-826f-3887ade131fc,IN-SERVICE,NON-LIQUID,151.93,
2026-06-13T06:00:00+08:00,COLLIE_ESR1,100.0,250.0,7,9c4a9a9a-4b2b-4df1-826f-3887ade131fc,IN-SERVICE,NON-LIQUID,253.22,
2026-06-13T06:00:00+08:00,COLLIE_ESR1,0.0,1071.33,8,9c4a9a9a-4b2b-4df1-826f-3887ade131fc,IN-SERVICE,NON-LIQUID,1085.11,
2026-06-13T06:00:00+08:00,COLLIE_ESR1,0.0,1678.41,9,9c4a9a9a-4b2b-4df1-826f-3887ade131fc,IN-SERVICE,NON-LIQUID,1700.0,
2026-06-13T06:00:00+08:00,COLLIE_ESR1,0.0,1678.41,10,9c4a9a9a-4b2b-4df1-826f-3887ade131fc,IN-SERVICE,NON-LIQUID,1700.0,
2026-06-13T06:00:00+08:00,KWINANA_ESR2,-225.0,101.11,1,605f2926-8820-4781-b23d-671d804de645,IN-SERVICE,NOT APPLICABLE,101.33,0.0
2026-06-13T06:00:00+08:00,KWINANA_ESR2,225.0,124.19,2,605f2926-8820-4781-b23d-671d804de645,IN-SERVICE,NOT APPLICABLE,124.46,0.0
2026-06-13T06:00:00+08:00,COLLIE_BESS2,0.0,-987.3,1,1ceee77d-98cc-4a78-a307-024bdb23ad74,IN-SERVICE,NON-LIQUID,-1000.0,
2026-06-13T06:00:00+08:00,COLLIE_BESS2,-150.0,-42.46,2,1ceee77d-98cc-4a78-a307-024bdb23ad74,IN-SERVICE,NON-LIQUID,-43.01,
2026-06-13T06:00:00+08:00,COLLIE_BESS2,-150.0,-10.0,3,1ceee77d-98cc-4a78-a307-024bdb23ad74,IN-SERVICE,NON-LIQUID,-10.13,
2026-06-13T06:00:00+08:00,COLLIE_BESS2,0.0,34.02,4,1ceee77d-98cc-4a78-a307-024bdb23ad74,IN-SERVICE,NON-LIQUID,34.46,
2026-06-13T06:00:00+08:00,COLLIE_BESS2,0.0,60.0,5,1ceee77d-98cc-4a78-a307-024bdb23ad74,IN-SERVICE,NON-LIQUID,60.77,
2026-06-13T06:00:00+08:00,COLLIE_BESS2,150.0,150.0,6,1ceee77d-98cc-4a78-a307-024bdb23ad74,IN-SERVICE,NON-LIQUID,151.93,
2026-06-13T06:00:00+08:00,COLLIE_BESS2,150.0,250.0,7,1ceee77d-98cc-4a78-a307-024bdb23ad74,IN-SERVICE,NON-LIQUID,253.22,
2026-06-13T06:00:00+08:00,COLLIE_BESS2,0.0,1071.33,8,1ceee77d-98cc-4a78-a307-024bdb23ad74,IN-SERVICE,NON-LIQUID,1085.11,
2026-06-13T06:00:00+08:00,COLLIE_BESS2,0.0,1678.41,9,1ceee77d-98cc-4a78-a307-024bdb23ad74,IN-SERVICE,NON-LIQUID,1700.0,
2026-06-13T06:00:00+08:00,COLLIE_BESS2,0.0,1678.41,10,1ceee77d-98cc-4a78-a307-024bdb23ad74,IN-SERVICE,NON-LIQUID,1700.0,
2026-06-13T06:00:00+08:00,COLLIE_ESR4,-250.0,107.57,1,4ccd276d-c00d-48ce-ba54-aeaf70ba1ebb,IN-SERVICE,NOT APPLICABLE,108.95,0.0
2026-06-13T06:00:00+08:00,COLLIE_ESR4,250.0,122.93,2,4ccd276d-c00d-48ce-ba54-aeaf70ba1ebb,IN-SERVICE,NOT APPLICABLE,124.51,0.0
2026-06-13T06:00:00+08:00,COLLIE_ESR5,-250.0,107.65,1,65c55c99-133d-4729-8214-99c9ac081e46,IN-SERVICE,NOT APPLICABLE,109.03,0.0
2026-06-13T06:00:00+08:00,COLLIE_ESR5,250.0,122.81,2,65c55c99-133d-4729-8214-99c9ac081e46,IN-SERVICE,NOT APPLICABLE,124.39,0.0
2026-06-13T06:05:00+08:00,KWINANA_ESR1,-100.0,109.02,1,1cce4154-8d01-49ff-992a-14039c1e6297,IN-SERVICE,NOT APPLICABLE,109.37,0.0
2026-06-13T06:05:00+08:00,KWINANA_ESR1,100.0,123.78,2,1cce4154-8d01-49ff-992a-14039c1e6297,IN-SERVICE,NOT APPLICABLE,124.18,0.0
2026-06-13T06:05:00+08:00,COLLIE_ESR1,0.0,-987.3,1,1bc9b7fd-9d26-4bc7-a2a3-b5068a6f69d1,IN-SERVICE,NON-LIQUID,-1000.0,
2026-06-13T06:05:00+08:00,COLLIE_ESR1,-100.0,-42.46,2,1bc9b7fd-9d26-4bc7-a2a3-b5068a6f69d1,IN-SERVICE,NON-LIQUID,-43.01,
2026-06-13T06:05:00+08:00,COLLIE_ESR1,-100.0,-10.0,3,1bc9b7fd-9d26-4bc7-a2a3-b5068a6f69d1,IN-SERVICE,NON-LIQUID,-10.13,
2026-06-13T06:05:00+08:00,COLLIE_ESR1,0.0,34.02,4,1bc9b7fd-9d26-4bc7-a2a3-b5068a6f69d1,IN-SERVICE,NON-LIQUID,34.46,
2026-06-13T06:05:00+08:00,COLLIE_ESR1,0.0,60.0,5,1bc9b7fd-9d26-4bc7-a2a3-b5068a6f69d1,IN-SERVICE,NON-LIQUID,60.77,
2026-06-13T06:05:00+08:00,COLLIE_ESR1,100.0,150.0,6,1bc9b7fd-9d26-4bc7-a2a3-b5068a6f69d1,IN-SERVICE,NON-LIQUID,151.93,
2026-06-13T06:05:00+08:00,COLLIE_ESR1,100.0,250.0,7,1bc9b7fd-9d26-4bc7-a2a3-b5068a6f69d1,IN-SERVICE,NON-LIQUID,253.22,
2026-06-13T06:05:00+08:00,COLLIE_ESR1,0.0,1071.33,8,1bc9b7fd-9d26-4bc7-a2a3-b5068a6f69d1,IN-SERVICE,NON-LIQUID,1085.11,
2026-06-13T06:05:00+08:00,COLLIE_ESR1,0.0,1678.41,9,1bc9b7fd-9d26-4bc7-a2a3-b5068a6f69d1,IN-SERVICE,NON-LIQUID,1700.0,
2026-06-13T06:05:00+08:00,COLLIE_ESR1,0.0,1678.41,10,1bc9b7fd-9d26-4bc7-a2a3-b5068a6f69d1,IN-SERVICE,NON-LIQUID,1700.0,
2026-06-13T06:05:00+08:00,KWINANA_ESR2,-225.0,101.11,1,605f2926-8820-4781-b23d-671d804de645,IN-SERVICE,NOT APPLICABLE,101.33,0.0
2026-06-13T06:05:00+08:00,KWINANA_ESR2,225.0,124.19,2,605f2926-8820-4781-b23d-671d804de645,IN-SERVICE,NOT APPLICABLE,124.46,0.0
2026-06-13T06:05:00+08:00,COLLIE_BESS2,0.0,-987.3,1,f59c3157-e0bc-4b3b-a442-917687a34aba,IN-SERVICE,NON-LIQUID,-1000.0,
2026-06-13T06:05:00+08:00,COLLIE_BESS2,-150.0,-42.46,2,f59c3157-e0bc-4b3b-a442-917687a34aba,IN-SERVICE,NON-LIQUID,-43.01,
2026-06-13T06:05:00+08:00,COLLIE_BESS2,-150.0,-10.0,3,f59c3157-e0bc-4b3b-a442-917687a34aba,IN-SERVICE,NON-LIQUID,-10.13,
2026-06-13T06:05:00+08:00,COLLIE_BESS2,0.0,34.02,4,f59c3157-e0bc-4b3b-a442-917687a34aba,IN-SERVICE,NON-LIQUID,34.46,
2026-06-13T06:05:00+08:00,COLLIE_BESS2,0.0,60.0,5,f59c3157-e0bc-4b3b-a442-917687a34aba,IN-SERVICE,NON-LIQUID,60.77,
2026-06-13T06:05:00+08:00,COLLIE_BESS2,150.0,150.0,6,f59c3157-e0bc-4b3b-a442-917687a34aba,IN-SERVICE,NON-LIQUID,151.93,
2026-06-13T06:05:00+08:00,COLLIE_BESS2,150.0,250.0,7,f59c3157-e0bc-4b3b-a442-917687a34aba,IN-SERVICE,NON-LIQUID,253.22,
2026-06-13T06:05:00+08:00,COLLIE_BESS2,0.0,1071.33,8,f59c3157-e0bc-4b3b-a442-917687a34aba,IN-SERVICE,NON-LIQUID,1085.11,
2026-06-13T06:05:00+08:00,COLLIE_BESS2,0.0,1678.41,9,f59c3157-e0bc-4b3b-a442-917687a34aba,IN-SERVICE,NON-LIQUID,1700.0,
2026-06-13T06:05:00+08:00,COLLIE_BESS2,0.0,1678.41,10,f59c3157-e0bc-4b3b-a442-917687a34aba,IN-SERVICE,NON-LIQUID,1700.0,
2026-06-13T06:05:00+08:00,COLLIE_ESR4,-250.0,107.53,1,4ccd276d-c00d-48ce-ba54-aeaf70ba1ebb,IN-SERVICE,NOT APPLICABLE,108.91,0.0
2026-06-13T06:05:00+08:00,COLLIE_ESR4,250.0,122.93,2,4ccd276d-c00d-48ce-ba54-aeaf70ba1ebb,IN-SERVICE,NOT APPLICABLE,124.51,0.0
2026-06-13T06:05:00+08:00,COLLIE_ESR5,-250.0,100.12,1,65c55c99-133d-4729-8214-99c9ac081e46,IN-SERVICE,NOT APPLICABLE,101.41,0.0
2026-06-13T06:05:00+08:00,COLLIE_ESR5,250.0,115.25,2,65c55c99-133d-4729-8214-99c9ac081e46,IN-SERVICE,NOT APPLICABLE,116.73,0.0
2026-06-13T06:10:00+08:00,KWINANA_ESR1,-100.0,109.02,1,9fcdcd8f-11d4-41aa-8fe6-b4e53eafc90e,IN-SERVICE,NOT APPLICABLE,109.37,0.0
2026-06-13T06:10:00+08:00,KWINANA_ESR1,100.0,123.78,2,9fcdcd8f-11d4-41aa-8fe6-b4e53eafc90e,IN-SERVICE,NOT APPLICABLE,124.18,0.0
2026-06-13T06:10:00+08:00,COLLIE_ESR1,0.0,-987.3,1,a7bf1a08-ca22-40a2-a805-c710e009bc55,IN-SERVICE,NON-LIQUID,-1000.0,
2026-06-13T06:10:00+08:00,COLLIE_ESR1,-100.0,-42.46,2,a7bf1a08-ca22-40a2-a805-c710e009bc55,IN-SERVICE,NON-LIQUID,-43.01,
2026-06-13T06:10:00+08:00,COLLIE_ESR1,-100.0,-10.0,3,a7bf1a08-ca22-40a2-a805-c710e009bc55,IN-SERVICE,NON-LIQUID,-10.13,
2026-06-13T06:10:00+08:00,COLLIE_ESR1,0.0,34.02,4,a7bf1a08-ca22-40a2-a805-c710e009bc55,IN-SERVICE,NON-LIQUID,34.46,
2026-06-13T06:10:00+08:00,COLLIE_ESR1,0.0,60.0,5,a7bf1a08-ca22-40a2-a805-c710e009bc55,IN-SERVICE,NON-LIQUID,60.77,
2026-06-13T06:10:00+08:00,COLLIE_ESR1,100.0,150.0,6,a7bf1a08-ca22-40a2-a805-c710e009bc55,IN-SERVICE,NON-LIQUID,151.93,
2026-06-13T06:10:00+08:00,COLLIE_ESR1,100.0,250.0,7,a7bf1a08-ca22-40a2-a805-c710e009bc55,IN-SERVICE,NON-LIQUID,253.22,
2026-06-13T06:10:00+08:00,COLLIE_ESR1,0.0,1071.33,8,a7bf1a08-ca22-40a2-a805-c710e009bc55,IN-SERVICE,NON-LIQUID,1085.11,
2026-06-13T06:10:00+08:00,COLLIE_ESR1,0.0,1678.41,9,a7bf1a08-ca22-40a2-a805-c710e009bc55,IN-SERVICE,NON-LIQUID,1700.0,
2026-06-13T06:10:00+08:00,COLLIE_ESR1,0.0,1678.41,10,a7bf1a08-ca22-40a2-a805-c710e009bc55,IN-SERVICE,NON-LIQUID,1700.0,
2026-06-13T06:10:00+08:00,KWINANA_ESR2,-225.0,104.59,1,a51182f5-ce8b-4f49-9b5c-fc85d5cfafdd,IN-SERVICE,NOT APPLICABLE,104.82,0.0
2026-06-13T06:10:00+08:00,KWINANA_ESR2,225.0,124.15,2,a51182f5-ce8b-4f49-9b5c-fc85d5cfafdd,IN-SERVICE,NOT APPLICABLE,124.42,0.0
2026-06-13T06:10:00+08:00,COLLIE_BESS2,0.0,-987.3,1,efe010b3-9590-4aa6-b046-c697521e4caf,IN-SERVICE,NON-LIQUID,-1000.0,
2026-06-13T06:10:00+08:00,COLLIE_BESS2,-150.0,-42.46,2,efe010b3-9590-4aa6-b046-c697521e4caf,IN-SERVICE,NON-LIQUID,-43.01,
2026-06-13T06:10:00+08:00,COLLIE_BESS2,-150.0,-10.0,3,efe010b3-9590-4aa6-b046-c697521e4caf,IN-SERVICE,NON-LIQUID,-10.13,
2026-06-13T06:10:00+08:00,COLLIE_BESS2,0.0,34.02,4,efe010b3-9590-4aa6-b046-c697521e4caf,IN-SERVICE,NON-LIQUID,34.46,
2026-06-13T06:10:00+08:00,COLLIE_BESS2,0.0,60.0,5,efe010b3-9590-4aa6-b046-c697521e4caf,IN-SERVICE,NON-LIQUID,60.77,
2026-06-13T06:10:00+08:00,COLLIE_BESS2,150.0,150.0,6,efe010b3-9590-4aa6-b046-c697521e4caf,IN-SERVICE,NON-LIQUID,151.93,
2026-06-13T06:10:00+08:00,COLLIE_BESS2,150.0,250.0,7,efe010b3-9590-4aa6-b046-c697521e4caf,IN-SERVICE,NON-LIQUID,253.22,
2026-06-13T06:10:00+08:00,COLLIE_BESS2,0.0,1071.33,8,efe010b3-9590-4aa6-b046-c697521e4caf,IN-SERVICE,NON-LIQUID,1085.11,
2026-06-13T06:10:00+08:00,COLLIE_BESS2,0.0,1678.41,9,efe010b3-9590-4aa6-b046-c697521e4caf,IN-SERVICE,NON-LIQUID,1700.0,
2026-06-13T06:10:00+08:00,COLLIE_BESS2,0.0,1678.41,10,efe010b3-9590-4aa6-b046-c697521e4caf,IN-SERVICE,NON-LIQUID,1700.0,
2026-06-13T06:10:00+08:00,COLLIE_ESR4,-250.0,106.93,1,446be17e-9c5a-42a5-9bdb-90c6ee85e152,IN-SERVICE,NOT APPLICABLE,108.31,0.0
2026-06-13T06:10:00+08:00,COLLIE_ESR4,250.0,122.89,2,446be17e-9c5a-42a5-9bdb-90c6ee85e152,IN-SERVICE,NOT APPLICABLE,124.47,0.0
2026-06-13T06:10:00+08:00,COLLIE_ESR5,-250.0,107.05,1,2920b034-1f45-4cf6-9996-e7beaff66ce9,IN-SERVICE,NOT APPLICABLE,108.43,0.0
2026-06-13T06:10:00+08:00,COLLIE_ESR5,250.0,122.77,2,2920b034-1f45-4cf6-9996-e7beaff66ce9,IN-SERVICE,NOT APPLICABLE,124.35,0.0
2026-06-13T06:15:00+08:00,KWINANA_ESR1,-100.0,109.02,1,9fcdcd8f-11d4-41aa-8fe6-b4e53eafc90e,IN-SERVICE,NOT APPLICABLE,109.37,0.0
2026-06-13T06:15:00+08:00,KWINANA_ESR1,100.0,123.78,2,9fcdcd8f-11d4-41aa-8fe6-b4e53eafc90e,IN-SERVICE,NOT APPLICABLE,124.18,0.0
2026-06-13T06:15:00+08:00,COLLIE_ESR1,0.0,-987.3,1,0a538d9e-e7ca-4a5e-a2a8-55b36c187d8f,IN-SERVICE,NON-LIQUID,-1000.0,
2026-06-13T06:15:00+08:00,COLLIE_ESR1,-100.0,-42.46,2,0a538d9e-e7ca-4a5e-a2a8-55b36c187d8f,IN-SERVICE,NON-LIQUID,-43.01,
2026-06-13T06:15:00+08:00,COLLIE_ESR1,-100.0,-10.0,3,0a538d9e-e7ca-4a5e-a2a8-55b36c187d8f,IN-SERVICE,NON-LIQUID,-10.13,
2026-06-13T06:15:00+08:00,COLLIE_ESR1,0.0,34.02,4,0a538d9e-e7ca-4a5e-a2a8-55b36c187d8f,IN-SERVICE,NON-LIQUID,34.46,
2026-06-13T06:15:00+08:00,COLLIE_ESR1,0.0,60.0,5,0a538d9e-e7ca-4a5e-a2a8-55b36c187d8f,IN-SERVICE,NON-LIQUID,60.77,
2026-06-13T06:15:00+08:00,COLLIE_ESR1,100.0,150.0,6,0a538d9e-e7ca-4a5e-a2a8-55b36c187d8f,IN-SERVICE,NON-LIQUID,151.93,
2026-06-13T06:15:00+08:00,COLLIE_ESR1,100.0,250.0,7,0a538d9e-e7ca-4a5e-a2a8-55b36c187d8f,IN-SERVICE,NON-LIQUID,253.22,
2026-06-13T06:15:00+08:00,COLLIE_ESR1,0.0,1071.33,8,0a538d9e-e7ca-4a5e-a2a8-55b36c187d8f,IN-SERVICE,NON-LIQUID,1085.11,
2026-06-13T06:15:00+08:00,COLLIE_ESR1,0.0,1678.41,9,0a538d9e-e7ca-4a5e-a2a8-55b36c187d8f,IN-SERVICE,NON-LIQUID,1700.0,
2026-06-13T06:15:00+08:00,COLLIE_ESR1,0.0,1678.41,10,0a538d9e-e7ca-4a5e-a2a8-55b36c187d8f,IN-SERVICE,NON-LIQUID,1700.0,
2026-06-13T06:15:00+08:00,KWINANA_ESR2,-225.0,104.59,1,a51182f5-ce8b-4f49-9b5c-fc85d5cfafdd,IN-SERVICE,NOT APPLICABLE,104.82,0.0
2026-06-13T06:15:00+08:00,KWINANA_ESR2,225.0,123.56,2,a51182f5-ce8b-4f49-9b5c-fc85d5cfafdd,IN-SERVICE,NOT APPLICABLE,123.83,0.0
2026-06-13T06:15:00+08:00,COLLIE_BESS2,0.0,-987.3,1,584ed93b-1e63-4348-b1b3-be9d5ec3c92f,IN-SERVICE,NON-LIQUID,-1000.0,
2026-06-13T06:15:00+08:00,COLLIE_BESS2,-150.0,-42.46,2,584ed93b-1e63-4348-b1b3-be9d5ec3c92f,IN-SERVICE,NON-LIQUID,-43.01,
2026-06-13T06:15:00+08:00,COLLIE_BESS2,-150.0,-10.0,3,584ed93b-1e63-4348-b1b3-be9d5ec3c92f,IN-SERVICE,NON-LIQUID,-10.13,
2026-06-13T06:15:00+08:00,COLLIE_BESS2,0.0,34.02,4,584ed93b-1e63-4348-b1b3-be9d5ec3c92f,IN-SERVICE,NON-LIQUID,34.46,
2026-06-13T06:15:00+08:00,COLLIE_BESS2,0.0,60.0,5,584ed93b-1e63-4348-b1b3-be9d5ec3c92f,IN-SERVICE,NON-LIQUID,60.77,
2026-06-13T06:15:00+08:00,COLLIE_BESS2,150.0,150.0,6,584ed93b-1e63-4348-b1b3-be9d5ec3c92f,IN-SERVICE,NON-LIQUID,151.93,
2026-06-13T06:15:00+08:00,COLLIE_BESS2,150.0,250.0,7,584ed93b-1e63-4348-b1b3-be9d5ec3c92f,IN-SERVICE,NON-LIQUID,253.22,
2026-06-13T06:15:00+08:00,COLLIE_BESS2,0.0,1071.33,8,584ed93b-1e63-4348-b1b3-be9d5ec3c92f,IN-SERVICE,NON-LIQUID,1085.11,
2026-06-13T06:15:00+08:00,COLLIE_BESS2,0.0,1678.41,9,584ed93b-1e63-4348-b1b3-be9d5ec3c92f,IN-SERVICE,NON-LIQUID,1700.0,
2026-06-13T06:15:00+08:00,COLLIE_BESS2,0.0,1678.41,10,584ed93b-1e63-4348-b1b3-be9d5ec3c92f,IN-SERVICE,NON-LIQUID,1700.0,
2026-06-13T06:15:00+08:00,COLLIE_ESR4,-250.0,106.93,1,446be17e-9c5a-42a5-9bdb-90c6ee85e152,IN-SERVICE,NOT APPLICABLE,108.31,0.0
2026-06-13T06:15:00+08:00,COLLIE_ESR4,250.0,122.89,2,446be17e-9c5a-42a5-9bdb-90c6ee85e152,IN-SERVICE,NOT APPLICABLE,124.47,0.0
2026-06-13T06:15:00+08:00,COLLIE_ESR5,-250.0,107.05,1,2920b034-1f45-4cf6-9996-e7beaff66ce9,IN-SERVICE,NOT APPLICABLE,108.43,0.0
2026-06-13T06:15:00+08:00,COLLIE_ESR5,250.0,122.77,2,2920b034-1f45-4cf6-9996-e7beaff66ce9,IN-SERVICE,NOT APPLICABLE,124.35,0.0
2026-06-13T06:20:00+08:00,KWINANA_ESR1,-100.0,109.02,1,9fcdcd8f-11d4-41aa-8fe6-b4e53eafc90e,IN-SERVICE,NOT APPLICABLE,109.37,0.0
2026-06-13T06:20:00+08:00,KWINANA_ESR1,100.0,123.78,2,9fcdcd8f-11d4-41aa-8fe6-b4e53eafc90e,IN-SERVICE,NOT APPLICABLE,124.18,0.0
2026-06-13T06:20:00+08:00,COLLIE_ESR1,0.0,-987.3,1,c1ed43e2-516a-4e32-92bb-d28f9bde7ca8,IN-SERVICE,NON-LIQUID,-1000.0,
2026-06-13T06:20:00+08:00,COLLIE_ESR1,-100.0,-42.46,2,c1ed43e2-516a-4e32-92bb-d28f9bde7ca8,IN-SERVICE,NON-LIQUID,-43.01,
2026-06-13T06:20:00+08:00,COLLIE_ESR1,-100.0,-10.0,3,c1ed43e2-516a-4e32-92bb-d28f9bde7ca8,IN-SERVICE,NON-LIQUID,-10.13,
2026-06-13T06:20:00+08:00,COLLIE_ESR1,0.0,34.02,4,c1ed43e2-516a-4e32-92bb-d28f9bde7ca8,IN-SERVICE,NON-LIQUID,34.46,
2026-06-13T06:20:00+08:00,COLLIE_ESR1,0.0,60.0,5,c1ed43e2-516a-4e32-92bb-d28f9bde7ca8,IN-SERVICE,NON-LIQUID,60.77,
2026-06-13T06:20:00+08:00,COLLIE_ESR1,100.0,150.0,6,c1ed43e2-516a-4e32-92bb-d28f9bde7ca8,IN-SERVICE,NON-LIQUID,151.93,
2026-06-13T06:20:00+08:00,COLLIE_ESR1,100.0,250.0,7,c1ed43e2-516a-4e32-92bb-d28f9bde7ca8,IN-SERVICE,NON-LIQUID,253.22,
2026-06-13T06:20:00+08:00,COLLIE_ESR1,0.0,1071.33,8,c1ed43e2-516a-4e32-92bb-d28f9bde7ca8,IN-SERVICE,NON-LIQUID,1085.11,
2026-06-13T06:20:00+08:00,COLLIE_ESR1,0.0,1678.41,9,c1ed43e2-516a-4e32-92bb-d28f9bde7ca8,IN-SERVICE,NON-LIQUID,1700.0,
2026-06-13T06:20:00+08:00,COLLIE_ESR1,0.0,1678.41,10,c1ed43e2-516a-4e32-92bb-d28f9bde7ca8,IN-SERVICE,NON-LIQUID,1700.0,
2026-06-13T06:20:00+08:00,KWINANA_ESR2,-225.0,96.65,1,a51182f5-ce8b-4f49-9b5c-fc85d5cfafdd,IN-SERVICE,NOT APPLICABLE,96.86,0.0
2026-06-13T06:20:00+08:00,KWINANA_ESR2,225.0,123.56,2,a51182f5-ce8b-4f49-9b5c-fc85d5cfafdd,IN-SERVICE,NOT APPLICABLE,123.83,0.0
2026-06-13T06:20:00+08:00,COLLIE_BESS2,0.0,-987.3,1,1406a29b-211c-4132-81bc-9aab11ee3864,IN-SERVICE,NON-LIQUID,-1000.0,
2026-06-13T06:20:00+08:00,COLLIE_BESS2,-150.0,-42.46,2,1406a29b-211c-4132-81bc-9aab11ee3864,IN-SERVICE,NON-LIQUID,-43.01,
2026-06-13T06:20:00+08:00,COLLIE_BESS2,-150.0,-10.0,3,1406a29b-211c-4132-81bc-9aab11ee3864,IN-SERVICE,NON-LIQUID,-10.13,
2026-06-13T06:20:00+08:00,COLLIE_BESS2,0.0,34.02,4,1406a29b-211c-4132-81bc-9aab11ee3864,IN-SERVICE,NON-LIQUID,34.46,
2026-06-13T06:20:00+08:00,COLLIE_BESS2,0.0,60.0,5,1406a29b-211c-4132-81bc-9aab11ee3864,IN-SERVICE,NON-LIQUID,60.77,
2026-06-13T06:20:00+08:00,COLLIE_BESS2,150.0,150.0,6,1406a29b-211c-4132-81bc-9aab11ee3864,IN-SERVICE,NON-LIQUID,151.93,
2026-06-13T06:20:00+08:00,COLLIE_BESS2,150.0,250.0,7,1406a29b-211c-4132-81bc-9aab11ee3864,IN-SERVICE,NON-LIQUID,253.22,
2026-06-13T06:20:00+08:00,COLLIE_BESS2,0.0,1071.33,8,1406a29b-211c-4132-81bc-9aab11ee3864,IN-SERVICE,NON-LIQUID,1085.11,
2026-06-13T06:20:00+08:00,COLLIE_BESS2,0.0,1678.41,9,1406a29b-211c-4132-81bc-9aab11ee3864,IN-SERVICE,NON-LIQUID,1700.0,
2026-06-13T06:20:00+08:00,COLLIE_BESS2,0.0,1678.41,10,1406a29b-211c-4132-81bc-9aab11ee3864,IN-SERVICE,NON-LIQUID,1700.0,
2026-06-13T06:20:00+08:00,COLLIE_ESR4,-250.0,106.93,1,446be17e-9c5a-42a5-9bdb-90c6ee85e152,IN-SERVICE,NOT APPLICABLE,108.31,0.0
2026-06-13T06:20:00+08:00,COLLIE_ESR4,250.0,122.89,2,446be17e-9c5a-42a5-9bdb-90c6ee85e152,IN-SERVICE,NOT APPLICABLE,124.47,0.0
2026-06-13T06:20:00+08:00,COLLIE_ESR5,-250.0,103.57,1,2920b034-1f45-4cf6-9996-e7beaff66ce9,IN-SERVICE,NOT APPLICABLE,104.9,0.0
2026-06-13T06:20:00+08:00,COLLIE_ESR5,250.0,122.77,2,2920b034-1f45-4cf6-9996-e7beaff66ce9,IN-SERVICE,NOT APPLICABLE,124.35,0.0
2026-06-13T06:25:00+08:00,KWINANA_ESR1,-17.908,112.02,1,959fdfcf-eb7e-4d3f-85ce-fbf68fbf5554,IN-SERVICE,NOT APPLICABLE,112.38,0.0
2026-06-13T06:25:00+08:00,KWINANA_ESR1,-82.092,112.52,2,959fdfcf-eb7e-4d3f-85ce-fbf68fbf5554,IN-SERVICE,NOT APPLICABLE,112.88,0.0
2026-06-13T06:25:00+08:00,KWINANA_ESR1,100.0,123.1,3,959fdfcf-eb7e-4d3f-85ce-fbf68fbf5554,IN-SERVICE,NOT APPLICABLE,123.5,0.0
2026-06-13T06:25:00+08:00,COLLIE_ESR1,0.0,-987.3,1,0dd78d9d-5725-43f4-a1f7-021836d6aaf0,IN-SERVICE,NON-LIQUID,-1000.0,
2026-06-13T06:25:00+08:00,COLLIE_ESR1,-100.0,-42.46,2,0dd78d9d-5725-43f4-a1f7-021836d6aaf0,IN-SERVICE,NON-LIQUID,-43.01,
2026-06-13T06:25:00+08:00,COLLIE_ESR1,-100.0,-10.0,3,0dd78d9d-5725-43f4-a1f7-021836d6aaf0,IN-SERVICE,NON-LIQUID,-10.13,
2026-06-13T06:25:00+08:00,COLLIE_ESR1,0.0,34.02,4,0dd78d9d-5725-43f4-a1f7-021836d6aaf0,IN-SERVICE,NON-LIQUID,34.46,
2026-06-13T06:25:00+08:00,COLLIE_ESR1,0.0,60.0,5,0dd78d9d-5725-43f4-a1f7-021836d6aaf0,IN-SERVICE,NON-LIQUID,60.77,
2026-06-13T06:25:00+08:00,COLLIE_ESR1,100.0,150.0,6,0dd78d9d-5725-43f4-a1f7-021836d6aaf0,IN-SERVICE,NON-LIQUID,151.93,
2026-06-13T06:25:00+08:00,COLLIE_ESR1,100.0,250.0,7,0dd78d9d-5725-43f4-a1f7-021836d6aaf0,IN-SERVICE,NON-LIQUID,253.22,
2026-06-13T06:25:00+08:00,COLLIE_ESR1,0.0,1071.33,8,0dd78d9d-5725-43f4-a1f7-021836d6aaf0,IN-SERVICE,NON-LIQUID,1085.11,
2026-06-13T06:25:00+08:00,COLLIE_ESR1,0.0,1678.41,9,0dd78d9d-5725-43f4-a1f7-021836d6aaf0,IN-SERVICE,NON-LIQUID,1700.0,
2026-06-13T06:25:00+08:00,COLLIE_ESR1,0.0,1678.41,10,0dd78d9d-5725-43f4-a1f7-021836d6aaf0,IN-SERVICE,NON-LIQUID,1700.0,
2026-06-13T06:25:00+08:00,KWINANA_ESR2,-225.0,96.65,1,3b0ee7dd-454d-4968-8cb4-75181964f5d4,IN-SERVICE,NOT APPLICABLE,96.86,0.0
2026-06-13T06:25:00+08:00,KWINANA_ESR2,225.0,112.09,2,3b0ee7dd-454d-4968-8cb4-75181964f5d4,IN-SERVICE,NOT APPLICABLE,112.34,0.0
2026-06-13T06:25:00+08:00,COLLIE_BESS2,0.0,-987.3,1,d525b2c2-83e9-421a-8aa8-aec71d012b88,IN-SERVICE,NON-LIQUID,-1000.0,
2026-06-13T06:25:00+08:00,COLLIE_BESS2,-150.0,-42.46,2,d525b2c2-83e9-421a-8aa8-aec71d012b88,IN-SERVICE,NON-LIQUID,-43.01,
2026-06-13T06:25:00+08:00,COLLIE_BESS2,-150.0,-10.0,3,d525b2c2-83e9-421a-8aa8-aec71d012b88,IN-SERVICE,NON-LIQUID,-10.13,
2026-06-13T06:25:00+08:00,COLLIE_BESS2,0.0,34.02,4,d525b2c2-83e9-421a-8aa8-aec71d012b88,IN-SERVICE,NON-LIQUID,34.46,
2026-06-13T06:25:00+08:00,COLLIE_BESS2,0.0,60.0,5,d525b2c2-83e9-421a-8aa8-aec71d012b88,IN-SERVICE,NON-LIQUID,60.77,
2026-06-13T06:25:00+08:00,COLLIE_BESS2,150.0,150.0,6,d525b2c2-83e9-421a-8aa8-aec71d012b88,IN-SERVICE,NON-LIQUID,151.93,
2026-06-13T06:25:00+08:00,COLLIE_BESS2,150.0,250.0,7,d525b2c2-83e9-421a-8aa8-aec71d012b88,IN-SERVICE,NON-LIQUID,253.22,
2026-06-13T06:25:00+08:00,COLLIE_BESS2,0.0,1071.33,8,d525b2c2-83e9-421a-8aa8-aec71d012b88,IN-SERVICE,NON-LIQUID,1085.11,
2026-06-13T06:25:00+08:00,COLLIE_BESS2,0.0,1678.41,9,d525b2c2-83e9-421a-8aa8-aec71d012b88,IN-SERVICE,NON-LIQUID,1700.0,
2026-06-13T06:25:00+08:00,COLLIE_BESS2,0.0,1678.41,10,d525b2c2-83e9-421a-8aa8-aec71d012b88,IN-SERVICE,NON-LIQUID,1700.0,
2026-06-13T06:25:00+08:00,COLLIE_ESR4,-250.0,97.55,1,faaf9a63-0b5c-43e1-a34a-be1b22dabd1a,IN-SERVICE,NOT APPLICABLE,98.8,0.0
2026-06-13T06:25:00+08:00,COLLIE_ESR4,250.0,114.99,2,faaf9a63-0b5c-43e1-a34a-be1b22dabd1a,IN-SERVICE,NOT APPLICABLE,116.47,0.0
2026-06-13T06:25:00+08:00,COLLIE_ESR5,-250.0,97.67,1,81693ac3-9ca2-46da-b7be-cd725ff35417,IN-SERVICE,NOT APPLICABLE,98.93,0.0
2026-06-13T06:25:00+08:00,COLLIE_ESR5,250.0,112.84,2,81693ac3-9ca2-46da-b7be-cd725ff35417,IN-SERVICE,NOT APPLICABLE,114.29,0.0
2026-06-13T06:30:00+08:00,KWINANA_ESR1,-100.0,108.34,1,959fdfcf-eb7e-4d3f-85ce-fbf68fbf5554,IN-SERVICE,NOT APPLICABLE,108.69,0.0
2026-06-13T06:30:00+08:00,KWINANA_ESR1,78.072,119.4,2,959fdfcf-eb7e-4d3f-85ce-fbf68fbf5554,IN-SERVICE,NOT APPLICABLE,119.78,0.0
2026-06-13T06:30:00+08:00,KWINANA_ESR1,21.928,119.91,3,959fdfcf-eb7e-4d3f-85ce-fbf68fbf5554,IN-SERVICE,NOT APPLICABLE,120.29,0.0
2026-06-13T06:30:00+08:00,COLLIE_ESR1,0.0,-987.3,1,3a965e62-c127-48fe-a7a1-979c0e052a4e,IN-SERVICE,NON-LIQUID,-1000.0,
2026-06-13T06:30:00+08:00,COLLIE_ESR1,-100.0,-42.46,2,3a965e62-c127-48fe-a7a1-979c0e052a4e,IN-SERVICE,NON-LIQUID,-43.01,
2026-06-13T06:30:00+08:00,COLLIE_ESR1,-100.0,-10.0,3,3a965e62-c127-48fe-a7a1-979c0e052a4e,IN-SERVICE,NON-LIQUID,-10.13,
2026-06-13T06:30:00+08:00,COLLIE_ESR1,0.0,34.02,4,3a965e62-c127-48fe-a7a1-979c0e052a4e,IN-SERVICE,NON-LIQUID,34.46,
2026-06-13T06:30:00+08:00,COLLIE_ESR1,0.0,60.0,5,3a965e62-c127-48fe-a7a1-979c0e052a4e,IN-SERVICE,NON-LIQUID,60.77,
2026-06-13T06:30:00+08:00,COLLIE_ESR1,100.0,150.0,6,3a965e62-c127-48fe-a7a1-979c0e052a4e,IN-SERVICE,NON-LIQUID,151.93,
2026-06-13T06:30:00+08:00,COLLIE_ESR1,100.0,250.0,7,3a965e62-c127-48fe-a7a1-979c0e052a4e,IN-SERVICE,NON-LIQUID,253.22,
2026-06-13T06:30:00+08:00,COLLIE_ESR1,0.0,400.0,8,3a965e62-c127-48fe-a7a1-979c0e052a4e,IN-SERVICE,NON-LIQUID,405.15,
2026-06-13T06:30:00+08:00,COLLIE_ESR1,0.0,622.0,9,3a965e62-c127-48fe-a7a1-979c0e052a4e,IN-SERVICE,NON-LIQUID,630.0,
2026-06-13T06:30:00+08:00,COLLIE_ESR1,0.0,1678.41,10,3a965e62-c127-48fe-a7a1-979c0e052a4e,IN-SERVICE,NON-LIQUID,1700.0,
2026-06-13T06:30:00+08:00,KWINANA_ESR2,-225.0,96.65,1,3b0ee7dd-454d-4968-8cb4-75181964f5d4,IN-SERVICE,NOT APPLICABLE,96.86,0.0
2026-06-13T06:30:00+08:00,KWINANA_ESR2,225.0,112.09,2,3b0ee7dd-454d-4968-8cb4-75181964f5d4,IN-SERVICE,NOT APPLICABLE,112.34,0.0
2026-06-13T06:30:00+08:00,COLLIE_BESS2,0.0,-987.3,1,aa879869-7c00-46f0-b4d0-a197866f8bc4,IN-SERVICE,NON-LIQUID,-1000.0,
2026-06-13T06:30:00+08:00,COLLIE_BESS2,-150.0,-42.46,2,aa879869-7c00-46f0-b4d0-a197866f8bc4,IN-SERVICE,NON-LIQUID,-43.01,
2026-06-13T06:30:00+08:00,COLLIE_BESS2,-150.0,-10.0,3,aa879869-7c00-46f0-b4d0-a197866f8bc4,IN-SERVICE,NON-LIQUID,-10.13,
2026-06-13T06:30:00+08:00,COLLIE_BESS2,0.0,34.02,4,aa879869-7c00-46f0-b4d0-a197866f8bc4,IN-SERVICE,NON-LIQUID,34.46,
2026-06-13T06:30:00+08:00,COLLIE_BESS2,0.0,60.0,5,aa879869-7c00-46f0-b4d0-a197866f8bc4,IN-SERVICE,NON-LIQUID,60.77,
2026-06-13T06:30:00+08:00,COLLIE_BESS2,150.0,150.0,6,aa879869-7c00-46f0-b4d0-a197866f8bc4,IN-SERVICE,NON-LIQUID,151.93,
2026-06-13T06:30:00+08:00,COLLIE_BESS2,150.0,250.0,7,aa879869-7c00-46f0-b4d0-a197866f8bc4,IN-SERVICE,NON-LIQUID,253.22,
2026-06-13T06:30:00+08:00,COLLIE_BESS2,0.0,377.74,8,aa879869-7c00-46f0-b4d0-a197866f8bc4,IN-SERVICE,NON-LIQUID,382.6,
2026-06-13T06:30:00+08:00,COLLIE_BESS2,0.0,622.0,9,aa879869-7c00-46f0-b4d0-a197866f8bc4,IN-SERVICE,NON-LIQUID,630.0,
2026-06-13T06:30:00+08:00,COLLIE_BESS2,0.0,1678.41,10,aa879869-7c00-46f0-b4d0-a197866f8bc4,IN-SERVICE,NON-LIQUID,1700.0,
2026-06-13T06:30:00+08:00,COLLIE_ESR4,-250.0,97.55,1,faaf9a63-0b5c-43e1-a34a-be1b22dabd1a,IN-SERVICE,NOT APPLICABLE,98.8,0.0
2026-06-13T06:30:00+08:00,COLLIE_ESR4,250.0,112.96,2,faaf9a63-0b5c-43e1-a34a-be1b22dabd1a,IN-SERVICE,NOT APPLICABLE,114.41,0.0
2026-06-13T06:30:00+08:00,COLLIE_ESR5,-250.0,97.67,1,81693ac3-9ca2-46da-b7be-cd725ff35417,IN-SERVICE,NOT APPLICABLE,98.93,0.0
2026-06-13T06:30:00+08:00,COLLIE_ESR5,250.0,112.84,2,81693ac3-9ca2-46da-b7be-cd725ff35417,IN-SERVICE,NOT APPLICABLE,114.29,0.0
2026-06-13T06:35:00+08:00,KWINANA_ESR1,-100.0,104.64,1,959fdfcf-eb7e-4d3f-85ce-fbf68fbf5554,IN-SERVICE,NOT APPLICABLE,104.98,0.0
2026-06-13T06:35:00+08:00,KWINANA_ESR1,100.0,119.4,2,959fdfcf-eb7e-4d3f-85ce-fbf68fbf5554,IN-SERVICE,NOT APPLICABLE,119.78,0.0
2026-06-13T06:35:00+08:00,COLLIE_ESR1,0.0,-987.3,1,8370e806-fabb-45c8-accc-21c7b906ea5a,IN-SERVICE,NON-LIQUID,-1000.0,
2026-06-13T06:35:00+08:00,COLLIE_ESR1,-100.0,-42.46,2,8370e806-fabb-45c8-accc-21c7b906ea5a,IN-SERVICE,NON-LIQUID,-43.01,
2026-06-13T06:35:00+08:00,COLLIE_ESR1,-100.0,-10.0,3,8370e806-fabb-45c8-accc-21c7b906ea5a,IN-SERVICE,NON-LIQUID,-10.13,
2026-06-13T06:35:00+08:00,COLLIE_ESR1,0.0,34.02,4,8370e806-fabb-45c8-accc-21c7b906ea5a,IN-SERVICE,NON-LIQUID,34.46,
2026-06-13T06:35:00+08:00,COLLIE_ESR1,0.0,60.0,5,8370e806-fabb-45c8-accc-21c7b906ea5a,IN-SERVICE,NON-LIQUID,60.77,
2026-06-13T06:35:00+08:00,COLLIE_ESR1,100.0,150.0,6,8370e806-fabb-45c8-accc-21c7b906ea5a,IN-SERVICE,NON-LIQUID,151.93,
2026-06-13T06:35:00+08:00,COLLIE_ESR1,100.0,250.0,7,8370e806-fabb-45c8-accc-21c7b906ea5a,IN-SERVICE,NON-LIQUID,253.22,
2026-06-13T06:35:00+08:00,COLLIE_ESR1,0.0,400.0,8,8370e806-fabb-45c8-accc-21c7b906ea5a,IN-SERVICE,NON-LIQUID,405.15,
2026-06-13T06:35:00+08:00,COLLIE_ESR1,0.0,622.0,9,8370e806-fabb-45c8-accc-21c7b906ea5a,IN-SERVICE,NON-LIQUID,630.0,
2026-06-13T06:35:00+08:00,COLLIE_ESR1,0.0,1678.41,10,8370e806-fabb-45c8-accc-21c7b906ea5a,IN-SERVICE,NON-LIQUID,1700.0,
2026-06-13T06:35:00+08:00,KWINANA_ESR2,-225.0,96.65,1,3b0ee7dd-454d-4968-8cb4-75181964f5d4,IN-SERVICE,NOT APPLICABLE,96.86,0.0
2026-06-13T06:35:00+08:00,KWINANA_ESR2,225.0,112.09,2,3b0ee7dd-454d-4968-8cb4-75181964f5d4,IN-SERVICE,NOT APPLICABLE,112.34,0.0
2026-06-13T06:35:00+08:00,COLLIE_BESS2,0.0,-987.3,1,59d16737-4e30-4ab5-9f32-4dabb2c4ff1f,IN-SERVICE,NON-LIQUID,-1000.0,
2026-06-13T06:35:00+08:00,COLLIE_BESS2,-150.0,-42.46,2,59d16737-4e30-4ab5-9f32-4dabb2c4ff1f,IN-SERVICE,NON-LIQUID,-43.01,
2026-06-13T06:35:00+08:00,COLLIE_BESS2,-150.0,-10.0,3,59d16737-4e30-4ab5-9f32-4dabb2c4ff1f,IN-SERVICE,NON-LIQUID,-10.13,
2026-06-13T06:35:00+08:00,COLLIE_BESS2,0.0,34.02,4,59d16737-4e30-4ab5-9f32-4dabb2c4ff1f,IN-SERVICE,NON-LIQUID,34.46,
2026-06-13T06:35:00+08:00,COLLIE_BESS2,0.0,60.0,5,59d16737-4e30-4ab5-9f32-4dabb2c4ff1f,IN-SERVICE,NON-LIQUID,60.77,
2026-06-13T06:35:00+08:00,COLLIE_BESS2,150.0,150.0,6,59d16737-4e30-4ab5-9f32-4dabb2c4ff1f,IN-SERVICE,NON-LIQUID,151.93,
2026-06-13T06:35:00+08:00,COLLIE_BESS2,150.0,250.0,7,59d16737-4e30-4ab5-9f32-4dabb2c4ff1f,IN-SERVICE,NON-LIQUID,253.22,
2026-06-13T06:35:00+08:00,COLLIE_BESS2,0.0,377.74,8,59d16737-4e30-4ab5-9f32-4dabb2c4ff1f,IN-SERVICE,NON-LIQUID,382.6,
2026-06-13T06:35:00+08:00,COLLIE_BESS2,0.0,622.0,9,59d16737-4e30-4ab5-9f32-4dabb2c4ff1f,IN-SERVICE,NON-LIQUID,630.0,
2026-06-13T06:35:00+08:00,COLLIE_BESS2,0.0,1678.41,10,59d16737-4e30-4ab5-9f32-4dabb2c4ff1f,IN-SERVICE,NON-LIQUID,1700.0,
2026-06-13T06:35:00+08:00,COLLIE_ESR4,-250.0,97.55,1,faaf9a63-0b5c-43e1-a34a-be1b22dabd1a,IN-SERVICE,NOT APPLICABLE,98.8,0.0
2026-06-13T06:35:00+08:00,COLLIE_ESR4,250.0,112.96,2,faaf9a63-0b5c-43e1-a34a-be1b22dabd1a,IN-SERVICE,NOT APPLICABLE,114.41,0.0
2026-06-13T06:35:00+08:00,COLLIE_ESR5,-250.0,95.71,1,81693ac3-9ca2-46da-b7be-cd725ff35417,IN-SERVICE,NOT APPLICABLE,96.94,0.0
2026-06-13T06:35:00+08:00,COLLIE_ESR5,250.0,112.84,2,81693ac3-9ca2-46da-b7be-cd725ff35417,IN-SERVICE,NOT APPLICABLE,114.29,0.0
2026-06-13T06:40:00+08:00,KWINANA_ESR1,-100.0,104.6,1,c8359e96-2faa-4925-8bc2-abed4ee3e2da,IN-SERVICE,NOT APPLICABLE,104.94,0.0
2026-06-13T06:40:00+08:00,KWINANA_ESR1,100.0,119.36,2,c8359e96-2faa-4925-8bc2-abed4ee3e2da,IN-SERVICE,NOT APPLICABLE,119.74,0.0
2026-06-13T06:40:00+08:00,COLLIE_ESR1,0.0,-987.3,1,01ef275d-08d3-412c-b8bf-b631366fabe9,IN-SERVICE,NON-LIQUID,-1000.0,
2026-06-13T06:40:00+08:00,COLLIE_ESR1,-100.0,-42.46,2,01ef275d-08d3-412c-b8bf-b631366fabe9,IN-SERVICE,NON-LIQUID,-43.01,
2026-06-13T06:40:00+08:00,COLLIE_ESR1,-100.0,-10.0,3,01ef275d-08d3-412c-b8bf-b631366fabe9,IN-SERVICE,NON-LIQUID,-10.13,
2026-06-13T06:40:00+08:00,COLLIE_ESR1,0.0,34.02,4,01ef275d-08d3-412c-b8bf-b631366fabe9,IN-SERVICE,NON-LIQUID,34.46,
2026-06-13T06:40:00+08:00,COLLIE_ESR1,0.0,60.0,5,01ef275d-08d3-412c-b8bf-b631366fabe9,IN-SERVICE,NON-LIQUID,60.77,
2026-06-13T06:40:00+08:00,COLLIE_ESR1,100.0,150.0,6,01ef275d-08d3-412c-b8bf-b631366fabe9,IN-SERVICE,NON-LIQUID,151.93,
2026-06-13T06:40:00+08:00,COLLIE_ESR1,100.0,250.0,7,01ef275d-08d3-412c-b8bf-b631366fabe9,IN-SERVICE,NON-LIQUID,253.22,
2026-06-13T06:40:00+08:00,COLLIE_ESR1,0.0,400.0,8,01ef275d-08d3-412c-b8bf-b631366fabe9,IN-SERVICE,NON-LIQUID,405.15,
2026-06-13T06:40:00+08:00,COLLIE_ESR1,0.0,622.0,9,01ef275d-08d3-412c-b8bf-b631366fabe9,IN-SERVICE,NON-LIQUID,630.0,
2026-06-13T06:40:00+08:00,COLLIE_ESR1,0.0,1678.41,10,01ef275d-08d3-412c-b8bf-b631366fabe9,IN-SERVICE,NON-LIQUID,1700.0,
2026-06-13T06:40:00+08:00,KWINANA_ESR2,-225.0,101.66,1,0921abc0-e3f2-480b-a448-1099625812b6,IN-SERVICE,NOT APPLICABLE,101.88,0.0
2026-06-13T06:40:00+08:00,KWINANA_ESR2,225.0,119.73,2,0921abc0-e3f2-480b-a448-1099625812b6,IN-SERVICE,NOT APPLICABLE,119.99,0.0
2026-06-13T06:40:00+08:00,COLLIE_BESS2,0.0,-987.3,1,de1c271a-159f-4d24-a88e-a68e0a99c7c6,IN-SERVICE,NON-LIQUID,-1000.0,
2026-06-13T06:40:00+08:00,COLLIE_BESS2,-150.0,-42.46,2,de1c271a-159f-4d24-a88e-a68e0a99c7c6,IN-SERVICE,NON-LIQUID,-43.01,
2026-06-13T06:40:00+08:00,COLLIE_BESS2,-150.0,-10.0,3,de1c271a-159f-4d24-a88e-a68e0a99c7c6,IN-SERVICE,NON-LIQUID,-10.13,
2026-06-13T06:40:00+08:00,COLLIE_BESS2,0.0,34.02,4,de1c271a-159f-4d24-a88e-a68e0a99c7c6,IN-SERVICE,NON-LIQUID,34.46,
2026-06-13T06:40:00+08:00,COLLIE_BESS2,0.0,60.0,5,de1c271a-159f-4d24-a88e-a68e0a99c7c6,IN-SERVICE,NON-LIQUID,60.77,
2026-06-13T06:40:00+08:00,COLLIE_BESS2,150.0,150.0,6,de1c271a-159f-4d24-a88e-a68e0a99c7c6,IN-SERVICE,NON-LIQUID,151.93,
2026-06-13T06:40:00+08:00,COLLIE_BESS2,150.0,250.0,7,de1c271a-159f-4d24-a88e-a68e0a99c7c6,IN-SERVICE,NON-LIQUID,253.22,
2026-06-13T06:40:00+08:00,COLLIE_BESS2,0.0,377.74,8,de1c271a-159f-4d24-a88e-a68e0a99c7c6,IN-SERVICE,NON-LIQUID,382.6,
2026-06-13T06:40:00+08:00,COLLIE_BESS2,0.0,622.0,9,de1c271a-159f-4d24-a88e-a68e0a99c7c6,IN-SERVICE,NON-LIQUID,630.0,
2026-06-13T06:40:00+08:00,COLLIE_BESS2,0.0,1678.41,10,de1c271a-159f-4d24-a88e-a68e0a99c7c6,IN-SERVICE,NON-LIQUID,1700.0,
2026-06-13T06:40:00+08:00,COLLIE_ESR4,-250.0,100.55,1,662bd647-37d1-444d-9a9b-6dd09ed1694b,IN-SERVICE,NOT APPLICABLE,101.84,0.0
2026-06-13T06:40:00+08:00,COLLIE_ESR4,250.0,118.52,2,662bd647-37d1-444d-9a9b-6dd09ed1694b,IN-SERVICE,NOT APPLICABLE,120.04,0.0
2026-06-13T06:40:00+08:00,COLLIE_ESR5,-250.0,100.67,1,f60f9fc2-d624-4ecc-ae12-e1ab5a743f7b,IN-SERVICE,NOT APPLICABLE,101.96,0.0
2026-06-13T06:40:00+08:00,COLLIE_ESR5,250.0,118.4,2,f60f9fc2-d624-4ecc-ae12-e1ab5a743f7b,IN-SERVICE,NOT APPLICABLE,119.92,0.0
2026-06-13T06:45:00+08:00,KWINANA_ESR1,-100.0,104.6,1,c8359e96-2faa-4925-8bc2-abed4ee3e2da,IN-SERVICE,NOT APPLICABLE,104.94,0.0
2026-06-13T06:45:00+08:00,KWINANA_ESR1,100.0,119.36,2,c8359e96-2faa-4925-8bc2-abed4ee3e2da,IN-SERVICE,NOT APPLICABLE,119.74,0.0
2026-06-13T06:45:00+08:00,COLLIE_ESR1,0.0,-987.3,1,a6cb2da5-8d2f-46f3-ab78-fbfe8b2d1830,IN-SERVICE,NON-LIQUID,-1000.0,
2026-06-13T06:45:00+08:00,COLLIE_ESR1,-100.0,-42.46,2,a6cb2da5-8d2f-46f3-ab78-fbfe8b2d1830,IN-SERVICE,NON-LIQUID,-43.01,
2026-06-13T06:45:00+08:00,COLLIE_ESR1,-100.0,-10.0,3,a6cb2da5-8d2f-46f3-ab78-fbfe8b2d1830,IN-SERVICE,NON-LIQUID,-10.13,
2026-06-13T06:45:00+08:00,COLLIE_ESR1,0.0,34.02,4,a6cb2da5-8d2f-46f3-ab78-fbfe8b2d1830,IN-SERVICE,NON-LIQUID,34.46,
2026-06-13T06:45:00+08:00,COLLIE_ESR1,0.0,60.0,5,a6cb2da5-8d2f-46f3-ab78-fbfe8b2d1830,IN-SERVICE,NON-LIQUID,60.77,
2026-06-13T06:45:00+08:00,COLLIE_ESR1,100.0,150.0,6,a6cb2da5-8d2f-46f3-ab78-fbfe8b2d1830,IN-SERVICE,NON-LIQUID,151.93,
2026-06-13T06:45:00+08:00,COLLIE_ESR1,100.0,250.0,7,a6cb2da5-8d2f-46f3-ab78-fbfe8b2d1830,IN-SERVICE,NON-LIQUID,253.22,
2026-06-13T06:45:00+08:00,COLLIE_ESR1,0.0,400.0,8,a6cb2da5-8d2f-46f3-ab78-fbfe8b2d1830,IN-SERVICE,NON-LIQUID,405.15,
2026-06-13T06:45:00+08:00,COLLIE_ESR1,0.0,622.0,9,a6cb2da5-8d2f-46f3-ab78-fbfe8b2d1830,IN-SERVICE,NON-LIQUID,630.0,
2026-06-13T06:45:00+08:00,COLLIE_ESR1,0.0,1678.41,10,a6cb2da5-8d2f-46f3-ab78-fbfe8b2d1830,IN-SERVICE,NON-LIQUID,1700.0,
2026-06-13T06:45:00+08:00,KWINANA_ESR2,-225.0,101.66,1,0921abc0-e3f2-480b-a448-1099625812b6,IN-SERVICE,NOT APPLICABLE,101.88,0.0
2026-06-13T06:45:00+08:00,KWINANA_ESR2,225.0,119.81,2,0921abc0-e3f2-480b-a448-1099625812b6,IN-SERVICE,NOT APPLICABLE,120.07,0.0
2026-06-13T06:45:00+08:00,COLLIE_BESS2,0.0,-987.3,1,c9b01510-9ad2-4382-8509-16735f86f46f,IN-SERVICE,NON-LIQUID,-1000.0,
2026-06-13T06:45:00+08:00,COLLIE_BESS2,-150.0,-42.46,2,c9b01510-9ad2-4382-8509-16735f86f46f,IN-SERVICE,NON-LIQUID,-43.01,
2026-06-13T06:45:00+08:00,COLLIE_BESS2,-150.0,-10.0,3,c9b01510-9ad2-4382-8509-16735f86f46f,IN-SERVICE,NON-LIQUID,-10.13,
2026-06-13T06:45:00+08:00,COLLIE_BESS2,0.0,34.02,4,c9b01510-9ad2-4382-8509-16735f86f46f,IN-SERVICE,NON-LIQUID,34.46,
2026-06-13T06:45:00+08:00,COLLIE_BESS2,0.0,60.0,5,c9b01510-9ad2-4382-8509-16735f86f46f,IN-SERVICE,NON-LIQUID,60.77,
2026-06-13T06:45:00+08:00,COLLIE_BESS2,150.0,150.0,6,c9b01510-9ad2-4382-8509-16735f86f46f,IN-SERVICE,NON-LIQUID,151.93,
2026-06-13T06:45:00+08:00,COLLIE_BESS2,150.0,250.0,7,c9b01510-9ad2-4382-8509-16735f86f46f,IN-SERVICE,NON-LIQUID,253.22,
2026-06-13T06:45:00+08:00,COLLIE_BESS2,0.0,377.74,8,c9b01510-9ad2-4382-8509-16735f86f46f,IN-SERVICE,NON-LIQUID,382.6,
2026-06-13T06:45:00+08:00,COLLIE_BESS2,0.0,622.0,9,c9b01510-9ad2-4382-8509-16735f86f46f,IN-SERVICE,NON-LIQUID,630.0,
2026-06-13T06:45:00+08:00,COLLIE_BESS2,0.0,1678.41,10,c9b01510-9ad2-4382-8509-16735f86f46f,IN-SERVICE,NON-LIQUID,1700.0,
2026-06-13T06:45:00+08:00,COLLIE_ESR4,-250.0,100.55,1,662bd647-37d1-444d-9a9b-6dd09ed1694b,IN-SERVICE,NOT APPLICABLE,101.84,0.0
2026-06-13T06:45:00+08:00,COLLIE_ESR4,250.0,118.52,2,662bd647-37d1-444d-9a9b-6dd09ed1694b,IN-SERVICE,NOT APPLICABLE,120.04,0.0
2026-06-13T06:45:00+08:00,COLLIE_ESR5,-250.0,100.67,1,f60f9fc2-d624-4ecc-ae12-e1ab5a743f7b,IN-SERVICE,NOT APPLICABLE,101.96,0.0
2026-06-13T06:45:00+08:00,COLLIE_ESR5,250.0,118.4,2,f60f9fc2-d624-4ecc-ae12-e1ab5a743f7b,IN-SERVICE,NOT APPLICABLE,119.92,0.0
2026-06-13T06:50:00+08:00,KWINANA_ESR1,-100.0,104.52,1,c8359e96-2faa-4925-8bc2-abed4ee3e2da,IN-SERVICE,NOT APPLICABLE,104.86,0.0
2026-06-13T06:50:00+08:00,KWINANA_ESR1,100.0,119.28,2,c8359e96-2faa-4925-8bc2-abed4ee3e2da,IN-SERVICE,NOT APPLICABLE,119.66,0.0
2026-06-13T06:50:00+08:00,COLLIE_ESR1,0.0,-987.3,1,2dbe6458-14e2-46a2-92f9-e58866fc1aaf,IN-SERVICE,NON-LIQUID,-1000.0,
2026-06-13T06:50:00+08:00,COLLIE_ESR1,-100.0,-42.46,2,2dbe6458-14e2-46a2-92f9-e58866fc1aaf,IN-SERVICE,NON-LIQUID,-43.01,
2026-06-13T06:50:00+08:00,COLLIE_ESR1,-100.0,-10.0,3,2dbe6458-14e2-46a2-92f9-e58866fc1aaf,IN-SERVICE,NON-LIQUID,-10.13,
2026-06-13T06:50:00+08:00,COLLIE_ESR1,0.0,34.02,4,2dbe6458-14e2-46a2-92f9-e58866fc1aaf,IN-SERVICE,NON-LIQUID,34.46,
2026-06-13T06:50:00+08:00,COLLIE_ESR1,0.0,60.0,5,2dbe6458-14e2-46a2-92f9-e58866fc1aaf,IN-SERVICE,NON-LIQUID,60.77,
2026-06-13T06:50:00+08:00,COLLIE_ESR1,100.0,150.0,6,2dbe6458-14e2-46a2-92f9-e58866fc1aaf,IN-SERVICE,NON-LIQUID,151.93,
2026-06-13T06:50:00+08:00,COLLIE_ESR1,100.0,250.0,7,2dbe6458-14e2-46a2-92f9-e58866fc1aaf,IN-SERVICE,NON-LIQUID,253.22,
2026-06-13T06:50:00+08:00,COLLIE_ESR1,0.0,400.0,8,2dbe6458-14e2-46a2-92f9-e58866fc1aaf,IN-SERVICE,NON-LIQUID,405.15,
2026-06-13T06:50:00+08:00,COLLIE_ESR1,0.0,622.0,9,2dbe6458-14e2-46a2-92f9-e58866fc1aaf,IN-SERVICE,NON-LIQUID,630.0,
2026-06-13T06:50:00+08:00,COLLIE_ESR1,0.0,1678.41,10,2dbe6458-14e2-46a2-92f9-e58866fc1aaf,IN-SERVICE,NON-LIQUID,1700.0,
2026-06-13T06:50:00+08:00,KWINANA_ESR2,-225.0,104.29,1,0921abc0-e3f2-480b-a448-1099625812b6,IN-SERVICE,NOT APPLICABLE,104.52,0.0
2026-06-13T06:50:00+08:00,KWINANA_ESR2,225.0,119.81,2,0921abc0-e3f2-480b-a448-1099625812b6,IN-SERVICE,NOT APPLICABLE,120.07,0.0
2026-06-13T06:50:00+08:00,COLLIE_BESS2,0.0,-987.3,1,7d0bd199-d26e-4bb5-8aa1-11ceebf1b71b,IN-SERVICE,NON-LIQUID,-1000.0,
2026-06-13T06:50:00+08:00,COLLIE_BESS2,-150.0,-42.46,2,7d0bd199-d26e-4bb5-8aa1-11ceebf1b71b,IN-SERVICE,NON-LIQUID,-43.01,
2026-06-13T06:50:00+08:00,COLLIE_BESS2,-150.0,-10.0,3,7d0bd199-d26e-4bb5-8aa1-11ceebf1b71b,IN-SERVICE,NON-LIQUID,-10.13,
2026-06-13T06:50:00+08:00,COLLIE_BESS2,0.0,34.02,4,7d0bd199-d26e-4bb5-8aa1-11ceebf1b71b,IN-SERVICE,NON-LIQUID,34.46,
2026-06-13T06:50:00+08:00,COLLIE_BESS2,0.0,60.0,5,7d0bd199-d26e-4bb5-8aa1-11ceebf1b71b,IN-SERVICE,NON-LIQUID,60.77,
2026-06-13T06:50:00+08:00,COLLIE_BESS2,150.0,150.0,6,7d0bd199-d26e-4bb5-8aa1-11ceebf1b71b,IN-SERVICE,NON-LIQUID,151.93,
2026-06-13T06:50:00+08:00,COLLIE_BESS2,150.0,250.0,7,7d0bd199-d26e-4bb5-8aa1-11ceebf1b71b,IN-SERVICE,NON-LIQUID,253.22,
2026-06-13T06:50:00+08:00,COLLIE_BESS2,0.0,377.74,8,7d0bd199-d26e-4bb5-8aa1-11ceebf1b71b,IN-SERVICE,NON-LIQUID,382.6,
2026-06-13T06:50:00+08:00,COLLIE_BESS2,0.0,622.0,9,7d0bd199-d26e-4bb5-8aa1-11ceebf1b71b,IN-SERVICE,NON-LIQUID,630.0,
2026-06-13T06:50:00+08:00,COLLIE_BESS2,0.0,1678.41,10,7d0bd199-d26e-4bb5-8aa1-11ceebf1b71b,IN-SERVICE,NON-LIQUID,1700.0,
2026-06-13T06:50:00+08:00,COLLIE_ESR4,-250.0,100.55,1,662bd647-37d1-444d-9a9b-6dd09ed1694b,IN-SERVICE,NOT APPLICABLE,101.84,0.0
2026-06-13T06:50:00+08:00,COLLIE_ESR4,250.0,118.52,2,662bd647-37d1-444d-9a9b-6dd09ed1694b,IN-SERVICE,NOT APPLICABLE,120.04,0.0
2026-06-13T06:50:00+08:00,COLLIE_ESR5,-250.0,100.67,1,f60f9fc2-d624-4ecc-ae12-e1ab5a743f7b,IN-SERVICE,NOT APPLICABLE,101.96,0.0
2026-06-13T06:50:00+08:00,COLLIE_ESR5,250.0,118.4,2,f60f9fc2-d624-4ecc-ae12-e1ab5a743f7b,IN-SERVICE,NOT APPLICABLE,119.92,0.0
2026-06-13T06:55:00+08:00,KWINANA_ESR1,-100.0,119.98,1,0b1b1c8e-83d8-4a12-b59e-9a16b1d3de41,IN-SERVICE,NOT APPLICABLE,120.37,0.0
2026-06-13T06:55:00+08:00,KWINANA_ESR1,100.0,134.74,2,0b1b1c8e-83d8-4a12-b59e-9a16b1d3de41,IN-SERVICE,NOT APPLICABLE,135.17,0.0
2026-06-13T06:55:00+08:00,COLLIE_ESR1,0.0,-987.3,1,286f643d-71b8-4d82-8a52-124cf4b56b6a,IN-SERVICE,NON-LIQUID,-1000.0,
2026-06-13T06:55:00+08:00,COLLIE_ESR1,-100.0,-42.46,2,286f643d-71b8-4d82-8a52-124cf4b56b6a,IN-SERVICE,NON-LIQUID,-43.01,
2026-06-13T06:55:00+08:00,COLLIE_ESR1,-100.0,-10.0,3,286f643d-71b8-4d82-8a52-124cf4b56b6a,IN-SERVICE,NON-LIQUID,-10.13,
2026-06-13T06:55:00+08:00,COLLIE_ESR1,0.0,34.02,4,286f643d-71b8-4d82-8a52-124cf4b56b6a,IN-SERVICE,NON-LIQUID,34.46,
2026-06-13T06:55:00+08:00,COLLIE_ESR1,0.0,60.0,5,286f643d-71b8-4d82-8a52-124cf4b56b6a,IN-SERVICE,NON-LIQUID,60.77,
2026-06-13T06:55:00+08:00,COLLIE_ESR1,100.0,150.0,6,286f643d-71b8-4d82-8a52-124cf4b56b6a,IN-SERVICE,NON-LIQUID,151.93,
2026-06-13T06:55:00+08:00,COLLIE_ESR1,100.0,250.0,7,286f643d-71b8-4d82-8a52-124cf4b56b6a,IN-SERVICE,NON-LIQUID,253.22,
2026-06-13T06:55:00+08:00,COLLIE_ESR1,0.0,400.0,8,286f643d-71b8-4d82-8a52-124cf4b56b6a,IN-SERVICE,NON-LIQUID,405.15,
2026-06-13T06:55:00+08:00,COLLIE_ESR1,0.0,622.0,9,286f643d-71b8-4d82-8a52-124cf4b56b6a,IN-SERVICE,NON-LIQUID,630.0,
2026-06-13T06:55:00+08:00,COLLIE_ESR1,0.0,1678.41,10,286f643d-71b8-4d82-8a52-124cf4b56b6a,IN-SERVICE,NON-LIQUID,1700.0,
2026-06-13T06:55:00+08:00,KWINANA_ESR2,-225.0,112.04,1,009ed151-5951-48b4-b70b-6c70564974ba,IN-SERVICE,NOT APPLICABLE,112.29,0.0
2026-06-13T06:55:00+08:00,KWINANA_ESR2,225.0,135.13,2,009ed151-5951-48b4-b70b-6c70564974ba,IN-SERVICE,NOT APPLICABLE,135.43,0.0
2026-06-13T06:55:00+08:00,COLLIE_BESS2,0.0,-987.3,1,1add3017-83cf-4004-81a1-5729052ffd94,IN-SERVICE,NON-LIQUID,-1000.0,
2026-06-13T06:55:00+08:00,COLLIE_BESS2,-150.0,-42.46,2,1add3017-83cf-4004-81a1-5729052ffd94,IN-SERVICE,NON-LIQUID,-43.01,
2026-06-13T06:55:00+08:00,COLLIE_BESS2,-150.0,-10.0,3,1add3017-83cf-4004-81a1-5729052ffd94,IN-SERVICE,NON-LIQUID,-10.13,
2026-06-13T06:55:00+08:00,COLLIE_BESS2,0.0,34.02,4,1add3017-83cf-4004-81a1-5729052ffd94,IN-SERVICE,NON-LIQUID,34.46,
2026-06-13T06:55:00+08:00,COLLIE_BESS2,0.0,60.0,5,1add3017-83cf-4004-81a1-5729052ffd94,IN-SERVICE,NON-LIQUID,60.77,
2026-06-13T06:55:00+08:00,COLLIE_BESS2,150.0,150.0,6,1add3017-83cf-4004-81a1-5729052ffd94,IN-SERVICE,NON-LIQUID,151.93,
2026-06-13T06:55:00+08:00,COLLIE_BESS2,150.0,250.0,7,1add3017-83cf-4004-81a1-5729052ffd94,IN-SERVICE,NON-LIQUID,253.22,
2026-06-13T06:55:00+08:00,COLLIE_BESS2,0.0,377.74,8,1add3017-83cf-4004-81a1-5729052ffd94,IN-SERVICE,NON-LIQUID,382.6,
2026-06-13T06:55:00+08:00,COLLIE_BESS2,0.0,622.0,9,1add3017-83cf-4004-81a1-5729052ffd94,IN-SERVICE,NON-LIQUID,630.0,
2026-06-13T06:55:00+08:00,COLLIE_BESS2,0.0,1678.41,10,1add3017-83cf-4004-81a1-5729052ffd94,IN-SERVICE,NON-LIQUID,1700.0,
2026-06-13T06:55:00+08:00,COLLIE_ESR4,-250.0,110.83,1,da048989-7b03-4b69-bb85-43b8f0f4c2f3,IN-SERVICE,NOT APPLICABLE,112.26,0.0
2026-06-13T06:55:00+08:00,COLLIE_ESR4,250.0,133.75,2,da048989-7b03-4b69-bb85-43b8f0f4c2f3,IN-SERVICE,NOT APPLICABLE,135.47,0.0
2026-06-13T06:55:00+08:00,COLLIE_ESR5,-250.0,110.95,1,3fc0a92d-ea5f-49e9-b948-c427974bf0ae,IN-SERVICE,NOT APPLICABLE,112.38,0.0
2026-06-13T06:55:00+08:00,COLLIE_ESR5,250.0,133.63,2,3fc0a92d-ea5f-49e9-b948-c427974bf0ae,IN-SERVICE,NOT APPLICABLE,135.35,0.0
2026-06-13T07:00:00+08:00,KWINANA_ESR1,-100.0,119.98,1,0b1b1c8e-83d8-4a12-b59e-9a16b1d3de41,IN-SERVICE,NOT APPLICABLE,120.37,0.0
2026-06-13T07:00:00+08:00,KWINANA_ESR1,100.0,134.74,2,0b1b1c8e-83d8-4a12-b59e-9a16b1d3de41,IN-SERVICE,NOT APPLICABLE,135.17,0.0
2026-06-13T07:00:00+08:00,COLLIE_ESR1,0.0,-987.3,1,c9bd9788-8068-4b15-9bd5-a238f2f84482,IN-SERVICE,NON-LIQUID,-1000.0,
2026-06-13T07:00:00+08:00,COLLIE_ESR1,-100.0,-42.46,2,c9bd9788-8068-4b15-9bd5-a238f2f84482,IN-SERVICE,NON-LIQUID,-43.01,
2026-06-13T07:00:00+08:00,COLLIE_ESR1,-100.0,-10.0,3,c9bd9788-8068-4b15-9bd5-a238f2f84482,IN-SERVICE,NON-LIQUID,-10.13,
2026-06-13T07:00:00+08:00,COLLIE_ESR1,0.0,34.02,4,c9bd9788-8068-4b15-9bd5-a238f2f84482,IN-SERVICE,NON-LIQUID,34.46,
2026-06-13T07:00:00+08:00,COLLIE_ESR1,0.0,60.0,5,c9bd9788-8068-4b15-9bd5-a238f2f84482,IN-SERVICE,NON-LIQUID,60.77,
2026-06-13T07:00:00+08:00,COLLIE_ESR1,100.0,150.0,6,c9bd9788-8068-4b15-9bd5-a238f2f84482,IN-SERVICE,NON-LIQUID,151.93,
2026-06-13T07:00:00+08:00,COLLIE_ESR1,100.0,250.0,7,c9bd9788-8068-4b15-9bd5-a238f2f84482,IN-SERVICE,NON-LIQUID,253.22,
2026-06-13T07:00:00+08:00,COLLIE_ESR1,0.0,400.0,8,c9bd9788-8068-4b15-9bd5-a238f2f84482,IN-SERVICE,NON-LIQUID,405.15,
2026-06-13T07:00:00+08:00,COLLIE_ESR1,0.0,622.0,9,c9bd9788-8068-4b15-9bd5-a238f2f84482,IN-SERVICE,NON-LIQUID,630.0,
2026-06-13T07:00:00+08:00,COLLIE_ESR1,0.0,1678.41,10,c9bd9788-8068-4b15-9bd5-a238f2f84482,IN-SERVICE,NON-LIQUID,1700.0,
2026-06-13T07:00:00+08:00,KWINANA_ESR2,-225.0,112.05,1,009ed151-5951-48b4-b70b-6c70564974ba,IN-SERVICE,NOT APPLICABLE,112.3,0.0
2026-06-13T07:00:00+08:00,KWINANA_ESR2,225.0,135.13,2,009ed151-5951-48b4-b70b-6c70564974ba,IN-SERVICE,NOT APPLICABLE,135.43,0.0
2026-06-13T07:00:00+08:00,COLLIE_BESS2,0.0,-987.3,1,4e969e7d-865c-4ffb-a8e0-23a93a0ae80b,IN-SERVICE,NON-LIQUID,-1000.0,
2026-06-13T07:00:00+08:00,COLLIE_BESS2,-150.0,-42.46,2,4e969e7d-865c-4ffb-a8e0-23a93a0ae80b,IN-SERVICE,NON-LIQUID,-43.01,
2026-06-13T07:00:00+08:00,COLLIE_BESS2,-150.0,-10.0,3,4e969e7d-865c-4ffb-a8e0-23a93a0ae80b,IN-SERVICE,NON-LIQUID,-10.13,
2026-06-13T07:00:00+08:00,COLLIE_BESS2,0.0,34.02,4,4e969e7d-865c-4ffb-a8e0-23a93a0ae80b,IN-SERVICE,NON-LIQUID,34.46,
2026-06-13T07:00:00+08:00,COLLIE_BESS2,0.0,60.0,5,4e969e7d-865c-4ffb-a8e0-23a93a0ae80b,IN-SERVICE,NON-LIQUID,60.77,
2026-06-13T07:00:00+08:00,COLLIE_BESS2,150.0,150.0,6,4e969e7d-865c-4ffb-a8e0-23a93a0ae80b,IN-SERVICE,NON-LIQUID,151.93,
2026-06-13T07:00:00+08:00,COLLIE_BESS2,150.0,250.0,7,4e969e7d-865c-4ffb-a8e0-23a93a0ae80b,IN-SERVICE,NON-LIQUID,253.22,
2026-06-13T07:00:00+08:00,COLLIE_BESS2,0.0,377.74,8,4e969e7d-865c-4ffb-a8e0-23a93a0ae80b,IN-SERVICE,NON-LIQUID,382.6,
2026-06-13T07:00:00+08:00,COLLIE_BESS2,0.0,622.0,9,4e969e7d-865c-4ffb-a8e0-23a93a0ae80b,IN-SERVICE,NON-LIQUID,630.0,
2026-06-13T07:00:00+08:00,COLLIE_BESS2,0.0,1678.41,10,4e969e7d-865c-4ffb-a8e0-23a93a0ae80b,IN-SERVICE,NON-LIQUID,1700.0,
2026-06-13T07:00:00+08:00,COLLIE_ESR4,-250.0,110.83,1,da048989-7b03-4b69-bb85-43b8f0f4c2f3,IN-SERVICE,NOT APPLICABLE,112.26,0.0
2026-06-13T07:00:00+08:00,COLLIE_ESR4,250.0,133.75,2,da048989-7b03-4b69-bb85-43b8f0f4c2f3,IN-SERVICE,NOT APPLICABLE,135.47,0.0
2026-06-13T07:00:00+08:00,COLLIE_ESR5,-250.0,110.95,1,3fc0a92d-ea5f-49e9-b948-c427974bf0ae,IN-SERVICE,NOT APPLICABLE,112.38,0.0
2026-06-13T07:00:00+08:00,COLLIE_ESR5,250.0,133.63,2,3fc0a92d-ea5f-49e9-b948-c427974bf0ae,IN-SERVICE,NOT APPLICABLE,135.35,0.0
2026-06-13T07:05:00+08:00,KWINANA_ESR1,-100.0,120.02,1,0b1b1c8e-83d8-4a12-b59e-9a16b1d3de41,IN-SERVICE,NOT APPLICABLE,120.41,0.0
2026-06-13T07:05:00+08:00,KWINANA_ESR1,100.0,134.74,2,0b1b1c8e-83d8-4a12-b59e-9a16b1d3de41,IN-SERVICE,NOT APPLICABLE,135.17,0.0
2026-06-13T07:05:00+08:00,COLLIE_ESR1,0.0,-987.3,1,f2b5943a-adf8-4ddc-9e74-9878a7ccf973,IN-SERVICE,NON-LIQUID,-1000.0,
2026-06-13T07:05:00+08:00,COLLIE_ESR1,-100.0,-42.46,2,f2b5943a-adf8-4ddc-9e74-9878a7ccf973,IN-SERVICE,NON-LIQUID,-43.01,
2026-06-13T07:05:00+08:00,COLLIE_ESR1,-100.0,-10.0,3,f2b5943a-adf8-4ddc-9e74-9878a7ccf973,IN-SERVICE,NON-LIQUID,-10.13,
2026-06-13T07:05:00+08:00,COLLIE_ESR1,0.0,34.02,4,f2b5943a-adf8-4ddc-9e74-9878a7ccf973,IN-SERVICE,NON-LIQUID,34.46,
2026-06-13T07:05:00+08:00,COLLIE_ESR1,0.0,60.0,5,f2b5943a-adf8-4ddc-9e74-9878a7ccf973,IN-SERVICE,NON-LIQUID,60.77,
2026-06-13T07:05:00+08:00,COLLIE_ESR1,100.0,125.37,6,f2b5943a-adf8-4ddc-9e74-9878a7ccf973,IN-SERVICE,NON-LIQUID,126.98,
2026-06-13T07:05:00+08:00,COLLIE_ESR1,100.0,133.15,7,f2b5943a-adf8-4ddc-9e74-9878a7ccf973,IN-SERVICE,NON-LIQUID,134.86,
2026-06-13T07:05:00+08:00,COLLIE_ESR1,0.0,400.0,8,f2b5943a-adf8-4ddc-9e74-9878a7ccf973,IN-SERVICE,NON-LIQUID,405.15,
2026-06-13T07:05:00+08:00,COLLIE_ESR1,0.0,622.0,9,f2b5943a-adf8-4ddc-9e74-9878a7ccf973,IN-SERVICE,NON-LIQUID,630.0,
2026-06-13T07:05:00+08:00,COLLIE_ESR1,0.0,1678.41,10,f2b5943a-adf8-4ddc-9e74-9878a7ccf973,IN-SERVICE,NON-LIQUID,1700.0,
2026-06-13T07:05:00+08:00,KWINANA_ESR2,-225.0,119.69,1,009ed151-5951-48b4-b70b-6c70564974ba,IN-SERVICE,NOT APPLICABLE,119.95,0.0
2026-06-13T07:05:00+08:00,KWINANA_ESR2,225.0,135.13,2,009ed151-5951-48b4-b70b-6c70564974ba,IN-SERVICE,NOT APPLICABLE,135.43,0.0
2026-06-13T07:05:00+08:00,COLLIE_BESS2,0.0,-987.3,1,14c0b382-60f6-449a-82e3-72236e8cd0fc,IN-SERVICE,NON-LIQUID,-1000.0,
2026-06-13T07:05:00+08:00,COLLIE_BESS2,-150.0,-42.46,2,14c0b382-60f6-449a-82e3-72236e8cd0fc,IN-SERVICE,NON-LIQUID,-43.01,
2026-06-13T07:05:00+08:00,COLLIE_BESS2,-150.0,-10.0,3,14c0b382-60f6-449a-82e3-72236e8cd0fc,IN-SERVICE,NON-LIQUID,-10.13,
2026-06-13T07:05:00+08:00,COLLIE_BESS2,0.0,60.0,4,14c0b382-60f6-449a-82e3-72236e8cd0fc,IN-SERVICE,NON-LIQUID,60.77,
2026-06-13T07:05:00+08:00,COLLIE_BESS2,109.0,125.37,5,14c0b382-60f6-449a-82e3-72236e8cd0fc,IN-SERVICE,NON-LIQUID,126.98,
2026-06-13T07:05:00+08:00,COLLIE_BESS2,109.0,133.15,6,14c0b382-60f6-449a-82e3-72236e8cd0fc,IN-SERVICE,NON-LIQUID,134.86,
2026-06-13T07:05:00+08:00,COLLIE_BESS2,41.0,150.0,7,14c0b382-60f6-449a-82e3-72236e8cd0fc,IN-SERVICE,NON-LIQUID,151.93,
2026-06-13T07:05:00+08:00,COLLIE_BESS2,41.0,250.0,8,14c0b382-60f6-449a-82e3-72236e8cd0fc,IN-SERVICE,NON-LIQUID,253.22,
2026-06-13T07:05:00+08:00,COLLIE_BESS2,0.0,622.0,9,14c0b382-60f6-449a-82e3-72236e8cd0fc,IN-SERVICE,NON-LIQUID,630.0,
2026-06-13T07:05:00+08:00,COLLIE_BESS2,0.0,1678.41,10,14c0b382-60f6-449a-82e3-72236e8cd0fc,IN-SERVICE,NON-LIQUID,1700.0,
2026-06-13T07:05:00+08:00,COLLIE_ESR4,-250.0,118.39,1,da048989-7b03-4b69-bb85-43b8f0f4c2f3,IN-SERVICE,NOT APPLICABLE,119.91,0.0
2026-06-13T07:05:00+08:00,COLLIE_ESR4,250.0,133.75,2,da048989-7b03-4b69-bb85-43b8f0f4c2f3,IN-SERVICE,NOT APPLICABLE,135.47,0.0
2026-06-13T07:05:00+08:00,COLLIE_ESR5,-250.0,118.51,1,3fc0a92d-ea5f-49e9-b948-c427974bf0ae,IN-SERVICE,NOT APPLICABLE,120.03,0.0
2026-06-13T07:05:00+08:00,COLLIE_ESR5,250.0,133.63,2,3fc0a92d-ea5f-49e9-b948-c427974bf0ae,IN-SERVICE,NOT APPLICABLE,135.35,0.0
2026-06-13T07:10:00+08:00,KWINANA_ESR1,-100.0,127.7,1,7fc27a40-efb2-452f-ad78-bcd2e96d3fc3,IN-SERVICE,NOT APPLICABLE,128.11,0.0
2026-06-13T07:10:00+08:00,KWINANA_ESR1,58.02,142.46,2,7fc27a40-efb2-452f-ad78-bcd2e96d3fc3,IN-SERVICE,NOT APPLICABLE,142.92,0.0
2026-06-13T07:10:00+08:00,COLLIE_ESR1,0.0,-987.3,1,6af17330-56c4-48ed-9dd4-73f3afd7e68a,IN-SERVICE,NON-LIQUID,-1000.0,
2026-06-13T07:10:00+08:00,COLLIE_ESR1,-100.0,-42.46,2,6af17330-56c4-48ed-9dd4-73f3afd7e68a,IN-SERVICE,NON-LIQUID,-43.01,
2026-06-13T07:10:00+08:00,COLLIE_ESR1,-100.0,-10.0,3,6af17330-56c4-48ed-9dd4-73f3afd7e68a,IN-SERVICE,NON-LIQUID,-10.13,
2026-06-13T07:10:00+08:00,COLLIE_ESR1,0.0,34.02,4,6af17330-56c4-48ed-9dd4-73f3afd7e68a,IN-SERVICE,NON-LIQUID,34.46,
2026-06-13T07:10:00+08:00,COLLIE_ESR1,0.0,60.0,5,6af17330-56c4-48ed-9dd4-73f3afd7e68a,IN-SERVICE,NON-LIQUID,60.77,
2026-06-13T07:10:00+08:00,COLLIE_ESR1,100.0,125.37,6,6af17330-56c4-48ed-9dd4-73f3afd7e68a,IN-SERVICE,NON-LIQUID,126.98,
2026-06-13T07:10:00+08:00,COLLIE_ESR1,100.0,133.15,7,6af17330-56c4-48ed-9dd4-73f3afd7e68a,IN-SERVICE,NON-LIQUID,134.86,
2026-06-13T07:10:00+08:00,COLLIE_ESR1,0.0,400.0,8,6af17330-56c4-48ed-9dd4-73f3afd7e68a,IN-SERVICE,NON-LIQUID,405.15,
2026-06-13T07:10:00+08:00,COLLIE_ESR1,0.0,622.0,9,6af17330-56c4-48ed-9dd4-73f3afd7e68a,IN-SERVICE,NON-LIQUID,630.0,
2026-06-13T07:10:00+08:00,COLLIE_ESR1,0.0,1678.41,10,6af17330-56c4-48ed-9dd4-73f3afd7e68a,IN-SERVICE,NON-LIQUID,1700.0,
2026-06-13T07:10:00+08:00,KWINANA_ESR2,-225.0,119.69,1,45a4c9bc-7ea7-4c45-8e9c-00ef73750470,IN-SERVICE,NOT APPLICABLE,119.95,0.0
2026-06-13T07:10:00+08:00,KWINANA_ESR2,225.0,135.25,2,45a4c9bc-7ea7-4c45-8e9c-00ef73750470,IN-SERVICE,NOT APPLICABLE,135.55,0.0
2026-06-13T07:10:00+08:00,COLLIE_BESS2,0.0,-987.3,1,6f4b8972-05f0-41b6-a43c-dba10ada388e,IN-SERVICE,NON-LIQUID,-1000.0,
2026-06-13T07:10:00+08:00,COLLIE_BESS2,-150.0,-42.46,2,6f4b8972-05f0-41b6-a43c-dba10ada388e,IN-SERVICE,NON-LIQUID,-43.01,
2026-06-13T07:10:00+08:00,COLLIE_BESS2,-150.0,-10.0,3,6f4b8972-05f0-41b6-a43c-dba10ada388e,IN-SERVICE,NON-LIQUID,-10.13,
2026-06-13T07:10:00+08:00,COLLIE_BESS2,0.0,60.0,4,6f4b8972-05f0-41b6-a43c-dba10ada388e,IN-SERVICE,NON-LIQUID,60.77,
2026-06-13T07:10:00+08:00,COLLIE_BESS2,109.0,125.37,5,6f4b8972-05f0-41b6-a43c-dba10ada388e,IN-SERVICE,NON-LIQUID,126.98,
2026-06-13T07:10:00+08:00,COLLIE_BESS2,109.0,133.15,6,6f4b8972-05f0-41b6-a43c-dba10ada388e,IN-SERVICE,NON-LIQUID,134.86,
2026-06-13T07:10:00+08:00,COLLIE_BESS2,41.0,150.0,7,6f4b8972-05f0-41b6-a43c-dba10ada388e,IN-SERVICE,NON-LIQUID,151.93,
2026-06-13T07:10:00+08:00,COLLIE_BESS2,41.0,250.0,8,6f4b8972-05f0-41b6-a43c-dba10ada388e,IN-SERVICE,NON-LIQUID,253.22,
2026-06-13T07:10:00+08:00,COLLIE_BESS2,0.0,622.0,9,6f4b8972-05f0-41b6-a43c-dba10ada388e,IN-SERVICE,NON-LIQUID,630.0,
2026-06-13T07:10:00+08:00,COLLIE_BESS2,0.0,1678.41,10,6f4b8972-05f0-41b6-a43c-dba10ada388e,IN-SERVICE,NON-LIQUID,1700.0,
2026-06-13T07:10:00+08:00,COLLIE_ESR4,-250.0,118.39,1,a8821a0f-300d-4a42-a54f-59a92322557f,IN-SERVICE,NOT APPLICABLE,119.91,0.0
2026-06-13T07:10:00+08:00,COLLIE_ESR4,250.0,133.87,2,a8821a0f-300d-4a42-a54f-59a92322557f,IN-SERVICE,NOT APPLICABLE,135.59,0.0
2026-06-13T07:10:00+08:00,COLLIE_ESR5,-250.0,118.51,1,839138b7-e9cf-4c98-8164-be0f01b33dbe,IN-SERVICE,NOT APPLICABLE,120.03,0.0
2026-06-13T07:10:00+08:00,COLLIE_ESR5,250.0,133.75,2,839138b7-e9cf-4c98-8164-be0f01b33dbe,IN-SERVICE,NOT APPLICABLE,135.47,0.0
2026-06-13T07:15:00+08:00,KWINANA_ESR1,-100.0,127.7,1,7fc27a40-efb2-452f-ad78-bcd2e96d3fc3,IN-SERVICE,NOT APPLICABLE,128.11,0.0
2026-06-13T07:15:00+08:00,KWINANA_ESR1,56.22,142.46,2,7fc27a40-efb2-452f-ad78-bcd2e96d3fc3,IN-SERVICE,NOT APPLICABLE,142.92,0.0
2026-06-13T07:15:00+08:00,COLLIE_ESR1,0.0,-987.3,1,c9a83b1c-afbc-46c6-85b5-8a476f763048,IN-SERVICE,NON-LIQUID,-1000.0,
2026-06-13T07:15:00+08:00,COLLIE_ESR1,-100.0,-42.46,2,c9a83b1c-afbc-46c6-85b5-8a476f763048,IN-SERVICE,NON-LIQUID,-43.01,
2026-06-13T07:15:00+08:00,COLLIE_ESR1,-100.0,-10.0,3,c9a83b1c-afbc-46c6-85b5-8a476f763048,IN-SERVICE,NON-LIQUID,-10.13,
2026-06-13T07:15:00+08:00,COLLIE_ESR1,0.0,34.02,4,c9a83b1c-afbc-46c6-85b5-8a476f763048,IN-SERVICE,NON-LIQUID,34.46,
2026-06-13T07:15:00+08:00,COLLIE_ESR1,0.0,60.0,5,c9a83b1c-afbc-46c6-85b5-8a476f763048,IN-SERVICE,NON-LIQUID,60.77,
2026-06-13T07:15:00+08:00,COLLIE_ESR1,100.0,150.0,6,c9a83b1c-afbc-46c6-85b5-8a476f763048,IN-SERVICE,NON-LIQUID,151.93,
2026-06-13T07:15:00+08:00,COLLIE_ESR1,100.0,250.0,7,c9a83b1c-afbc-46c6-85b5-8a476f763048,IN-SERVICE,NON-LIQUID,253.22,
2026-06-13T07:15:00+08:00,COLLIE_ESR1,0.0,400.0,8,c9a83b1c-afbc-46c6-85b5-8a476f763048,IN-SERVICE,NON-LIQUID,405.15,
2026-06-13T07:15:00+08:00,COLLIE_ESR1,0.0,622.0,9,c9a83b1c-afbc-46c6-85b5-8a476f763048,IN-SERVICE,NON-LIQUID,630.0,
2026-06-13T07:15:00+08:00,COLLIE_ESR1,0.0,1678.41,10,c9a83b1c-afbc-46c6-85b5-8a476f763048,IN-SERVICE,NON-LIQUID,1700.0,
2026-06-13T07:15:00+08:00,KWINANA_ESR2,-225.0,119.69,1,45a4c9bc-7ea7-4c45-8e9c-00ef73750470,IN-SERVICE,NOT APPLICABLE,119.95,0.0
2026-06-13T07:15:00+08:00,KWINANA_ESR2,225.0,135.21,2,45a4c9bc-7ea7-4c45-8e9c-00ef73750470,IN-SERVICE,NOT APPLICABLE,135.51,0.0
2026-06-13T07:15:00+08:00,COLLIE_BESS2,0.0,-987.3,1,bd412810-1168-4419-8be1-101fc5699112,IN-SERVICE,NON-LIQUID,-1000.0,
2026-06-13T07:15:00+08:00,COLLIE_BESS2,-150.0,-42.46,2,bd412810-1168-4419-8be1-101fc5699112,IN-SERVICE,NON-LIQUID,-43.01,
2026-06-13T07:15:00+08:00,COLLIE_BESS2,-150.0,-10.0,3,bd412810-1168-4419-8be1-101fc5699112,IN-SERVICE,NON-LIQUID,-10.13,
2026-06-13T07:15:00+08:00,COLLIE_BESS2,0.0,34.02,4,bd412810-1168-4419-8be1-101fc5699112,IN-SERVICE,NON-LIQUID,34.46,
2026-06-13T07:15:00+08:00,COLLIE_BESS2,0.0,60.0,5,bd412810-1168-4419-8be1-101fc5699112,IN-SERVICE,NON-LIQUID,60.77,
2026-06-13T07:15:00+08:00,COLLIE_BESS2,150.0,150.0,6,bd412810-1168-4419-8be1-101fc5699112,IN-SERVICE,NON-LIQUID,151.93,
2026-06-13T07:15:00+08:00,COLLIE_BESS2,150.0,250.0,7,bd412810-1168-4419-8be1-101fc5699112,IN-SERVICE,NON-LIQUID,253.22,
2026-06-13T07:15:00+08:00,COLLIE_BESS2,0.0,377.74,8,bd412810-1168-4419-8be1-101fc5699112,IN-SERVICE,NON-LIQUID,382.6,
2026-06-13T07:15:00+08:00,COLLIE_BESS2,0.0,622.0,9,bd412810-1168-4419-8be1-101fc5699112,IN-SERVICE,NON-LIQUID,630.0,
2026-06-13T07:15:00+08:00,COLLIE_BESS2,0.0,1678.41,10,bd412810-1168-4419-8be1-101fc5699112,IN-SERVICE,NON-LIQUID,1700.0,
2026-06-13T07:15:00+08:00,COLLIE_ESR4,-250.0,118.39,1,a8821a0f-300d-4a42-a54f-59a92322557f,IN-SERVICE,NOT APPLICABLE,119.91,0.0
2026-06-13T07:15:00+08:00,COLLIE_ESR4,250.0,133.83,2,a8821a0f-300d-4a42-a54f-59a92322557f,IN-SERVICE,NOT APPLICABLE,135.55,0.0
2026-06-13T07:15:00+08:00,COLLIE_ESR5,-250.0,118.51,1,839138b7-e9cf-4c98-8164-be0f01b33dbe,IN-SERVICE,NOT APPLICABLE,120.03,0.0
2026-06-13T07:15:00+08:00,COLLIE_ESR5,250.0,133.71,2,839138b7-e9cf-4c98-8164-be0f01b33dbe,IN-SERVICE,NOT APPLICABLE,135.43,0.0
2026-06-13T07:20:00+08:00,KWINANA_ESR1,-100.0,127.7,1,7fc27a40-efb2-452f-ad78-bcd2e96d3fc3,IN-SERVICE,NOT APPLICABLE,128.11,0.0
2026-06-13T07:20:00+08:00,KWINANA_ESR1,54.42,142.46,2,7fc27a40-efb2-452f-ad78-bcd2e96d3fc3,IN-SERVICE,NOT APPLICABLE,142.92,0.0
2026-06-13T07:20:00+08:00,COLLIE_ESR1,0.0,-987.3,1,f3ed99f9-b069-4d36-ac7e-9c5681dcd4bb,IN-SERVICE,NON-LIQUID,-1000.0,
2026-06-13T07:20:00+08:00,COLLIE_ESR1,-100.0,-42.46,2,f3ed99f9-b069-4d36-ac7e-9c5681dcd4bb,IN-SERVICE,NON-LIQUID,-43.01,
2026-06-13T07:20:00+08:00,COLLIE_ESR1,-100.0,-10.0,3,f3ed99f9-b069-4d36-ac7e-9c5681dcd4bb,IN-SERVICE,NON-LIQUID,-10.13,
2026-06-13T07:20:00+08:00,COLLIE_ESR1,0.0,34.02,4,f3ed99f9-b069-4d36-ac7e-9c5681dcd4bb,IN-SERVICE,NON-LIQUID,34.46,
2026-06-13T07:20:00+08:00,COLLIE_ESR1,0.0,60.0,5,f3ed99f9-b069-4d36-ac7e-9c5681dcd4bb,IN-SERVICE,NON-LIQUID,60.77,
2026-06-13T07:20:00+08:00,COLLIE_ESR1,100.0,150.0,6,f3ed99f9-b069-4d36-ac7e-9c5681dcd4bb,IN-SERVICE,NON-LIQUID,151.93,
2026-06-13T07:20:00+08:00,COLLIE_ESR1,100.0,250.0,7,f3ed99f9-b069-4d36-ac7e-9c5681dcd4bb,IN-SERVICE,NON-LIQUID,253.22,
2026-06-13T07:20:00+08:00,COLLIE_ESR1,0.0,400.0,8,f3ed99f9-b069-4d36-ac7e-9c5681dcd4bb,IN-SERVICE,NON-LIQUID,405.15,
2026-06-13T07:20:00+08:00,COLLIE_ESR1,0.0,622.0,9,f3ed99f9-b069-4d36-ac7e-9c5681dcd4bb,IN-SERVICE,NON-LIQUID,630.0,
2026-06-13T07:20:00+08:00,COLLIE_ESR1,0.0,1678.41,10,f3ed99f9-b069-4d36-ac7e-9c5681dcd4bb,IN-SERVICE,NON-LIQUID,1700.0,
2026-06-13T07:20:00+08:00,KWINANA_ESR2,-225.0,112.57,1,45a4c9bc-7ea7-4c45-8e9c-00ef73750470,IN-SERVICE,NOT APPLICABLE,112.82,0.0
2026-06-13T07:20:00+08:00,KWINANA_ESR2,225.0,135.21,2,45a4c9bc-7ea7-4c45-8e9c-00ef73750470,IN-SERVICE,NOT APPLICABLE,135.51,0.0
2026-06-13T07:20:00+08:00,COLLIE_BESS2,0.0,-987.3,1,01954e18-f3a3-424c-9996-124889ac79be,IN-SERVICE,NON-LIQUID,-1000.0,
2026-06-13T07:20:00+08:00,COLLIE_BESS2,-150.0,-42.46,2,01954e18-f3a3-424c-9996-124889ac79be,IN-SERVICE,NON-LIQUID,-43.01,
2026-06-13T07:20:00+08:00,COLLIE_BESS2,-150.0,-10.0,3,01954e18-f3a3-424c-9996-124889ac79be,IN-SERVICE,NON-LIQUID,-10.13,
2026-06-13T07:20:00+08:00,COLLIE_BESS2,0.0,34.02,4,01954e18-f3a3-424c-9996-124889ac79be,IN-SERVICE,NON-LIQUID,34.46,
2026-06-13T07:20:00+08:00,COLLIE_BESS2,0.0,60.0,5,01954e18-f3a3-424c-9996-124889ac79be,IN-SERVICE,NON-LIQUID,60.77,
2026-06-13T07:20:00+08:00,COLLIE_BESS2,150.0,150.0,6,01954e18-f3a3-424c-9996-124889ac79be,IN-SERVICE,NON-LIQUID,151.93,
2026-06-13T07:20:00+08:00,COLLIE_BESS2,150.0,250.0,7,01954e18-f3a3-424c-9996-124889ac79be,IN-SERVICE,NON-LIQUID,253.22,
2026-06-13T07:20:00+08:00,COLLIE_BESS2,0.0,377.74,8,01954e18-f3a3-424c-9996-124889ac79be,IN-SERVICE,NON-LIQUID,382.6,
2026-06-13T07:20:00+08:00,COLLIE_BESS2,0.0,622.0,9,01954e18-f3a3-424c-9996-124889ac79be,IN-SERVICE,NON-LIQUID,630.0,
2026-06-13T07:20:00+08:00,COLLIE_BESS2,0.0,1678.41,10,01954e18-f3a3-424c-9996-124889ac79be,IN-SERVICE,NON-LIQUID,1700.0,
2026-06-13T07:20:00+08:00,COLLIE_ESR4,-250.0,111.35,1,a8821a0f-300d-4a42-a54f-59a92322557f,IN-SERVICE,NOT APPLICABLE,112.78,0.0
2026-06-13T07:20:00+08:00,COLLIE_ESR4,250.0,133.83,2,a8821a0f-300d-4a42-a54f-59a92322557f,IN-SERVICE,NOT APPLICABLE,135.55,0.0
2026-06-13T07:20:00+08:00,COLLIE_ESR5,-250.0,111.47,1,839138b7-e9cf-4c98-8164-be0f01b33dbe,IN-SERVICE,NOT APPLICABLE,112.9,0.0
2026-06-13T07:20:00+08:00,COLLIE_ESR5,250.0,133.71,2,839138b7-e9cf-4c98-8164-be0f01b33dbe,IN-SERVICE,NOT APPLICABLE,135.43,0.0
2026-06-13T07:25:00+08:00,KWINANA_ESR1,-100.0,127.62,1,e760156e-c43d-4762-b07b-639423a8a87c,IN-SERVICE,NOT APPLICABLE,128.03,0.0
2026-06-13T07:25:00+08:00,KWINANA_ESR1,33.984,142.38,2,e760156e-c43d-4762-b07b-639423a8a87c,IN-SERVICE,NOT APPLICABLE,142.84,0.0
2026-06-13T07:25:00+08:00,COLLIE_ESR1,0.0,-987.3,1,3f9dc0df-e560-49f2-9578-8e3aa0c443e7,IN-SERVICE,NON-LIQUID,-1000.0,
2026-06-13T07:25:00+08:00,COLLIE_ESR1,-100.0,-42.46,2,3f9dc0df-e560-49f2-9578-8e3aa0c443e7,IN-SERVICE,NON-LIQUID,-43.01,
2026-06-13T07:25:00+08:00,COLLIE_ESR1,-100.0,-10.0,3,3f9dc0df-e560-49f2-9578-8e3aa0c443e7,IN-SERVICE,NON-LIQUID,-10.13,
2026-06-13T07:25:00+08:00,COLLIE_ESR1,0.0,34.02,4,3f9dc0df-e560-49f2-9578-8e3aa0c443e7,IN-SERVICE,NON-LIQUID,34.46,
2026-06-13T07:25:00+08:00,COLLIE_ESR1,0.0,60.0,5,3f9dc0df-e560-49f2-9578-8e3aa0c443e7,IN-SERVICE,NON-LIQUID,60.77,
2026-06-13T07:25:00+08:00,COLLIE_ESR1,100.0,150.0,6,3f9dc0df-e560-49f2-9578-8e3aa0c443e7,IN-SERVICE,NON-LIQUID,151.93,
2026-06-13T07:25:00+08:00,COLLIE_ESR1,100.0,250.0,7,3f9dc0df-e560-49f2-9578-8e3aa0c443e7,IN-SERVICE,NON-LIQUID,253.22,
2026-06-13T07:25:00+08:00,COLLIE_ESR1,0.0,400.0,8,3f9dc0df-e560-49f2-9578-8e3aa0c443e7,IN-SERVICE,NON-LIQUID,405.15,
2026-06-13T07:25:00+08:00,COLLIE_ESR1,0.0,622.0,9,3f9dc0df-e560-49f2-9578-8e3aa0c443e7,IN-SERVICE,NON-LIQUID,630.0,
2026-06-13T07:25:00+08:00,COLLIE_ESR1,0.0,1678.41,10,3f9dc0df-e560-49f2-9578-8e3aa0c443e7,IN-SERVICE,NON-LIQUID,1700.0,
2026-06-13T07:25:00+08:00,KWINANA_ESR2,-225.0,112.07,1,aeb7b9d2-96c2-461c-94af-e762cef39146,IN-SERVICE,NOT APPLICABLE,112.32,0.0
2026-06-13T07:25:00+08:00,KWINANA_ESR2,225.0,127.52,2,aeb7b9d2-96c2-461c-94af-e762cef39146,IN-SERVICE,NOT APPLICABLE,127.8,0.0
2026-06-13T07:25:00+08:00,COLLIE_BESS2,0.0,-987.3,1,11003c69-5750-4dc8-8952-11c937dbc47b,IN-SERVICE,NON-LIQUID,-1000.0,
2026-06-13T07:25:00+08:00,COLLIE_BESS2,-150.0,-42.46,2,11003c69-5750-4dc8-8952-11c937dbc47b,IN-SERVICE,NON-LIQUID,-43.01,
2026-06-13T07:25:00+08:00,COLLIE_BESS2,-150.0,-10.0,3,11003c69-5750-4dc8-8952-11c937dbc47b,IN-SERVICE,NON-LIQUID,-10.13,
2026-06-13T07:25:00+08:00,COLLIE_BESS2,0.0,34.02,4,11003c69-5750-4dc8-8952-11c937dbc47b,IN-SERVICE,NON-LIQUID,34.46,
2026-06-13T07:25:00+08:00,COLLIE_BESS2,0.0,60.0,5,11003c69-5750-4dc8-8952-11c937dbc47b,IN-SERVICE,NON-LIQUID,60.77,
2026-06-13T07:25:00+08:00,COLLIE_BESS2,150.0,150.0,6,11003c69-5750-4dc8-8952-11c937dbc47b,IN-SERVICE,NON-LIQUID,151.93,
2026-06-13T07:25:00+08:00,COLLIE_BESS2,150.0,250.0,7,11003c69-5750-4dc8-8952-11c937dbc47b,IN-SERVICE,NON-LIQUID,253.22,
2026-06-13T07:25:00+08:00,COLLIE_BESS2,0.0,377.74,8,11003c69-5750-4dc8-8952-11c937dbc47b,IN-SERVICE,NON-LIQUID,382.6,
2026-06-13T07:25:00+08:00,COLLIE_BESS2,0.0,622.0,9,11003c69-5750-4dc8-8952-11c937dbc47b,IN-SERVICE,NON-LIQUID,630.0,
2026-06-13T07:25:00+08:00,COLLIE_BESS2,0.0,1678.41,10,11003c69-5750-4dc8-8952-11c937dbc47b,IN-SERVICE,NON-LIQUID,1700.0,
2026-06-13T07:25:00+08:00,COLLIE_ESR4,-250.0,110.85,1,e5e6a913-a17e-493e-b431-fc1315905e34,IN-SERVICE,NOT APPLICABLE,112.28,0.0
2026-06-13T07:25:00+08:00,COLLIE_ESR4,250.0,126.22,2,e5e6a913-a17e-493e-b431-fc1315905e34,IN-SERVICE,NOT APPLICABLE,127.84,0.0
2026-06-13T07:25:00+08:00,COLLIE_ESR5,-250.0,110.97,1,16c18de9-5767-4750-ba41-1a0ebd340c24,IN-SERVICE,NOT APPLICABLE,112.4,0.0
2026-06-13T07:25:00+08:00,COLLIE_ESR5,250.0,126.1,2,16c18de9-5767-4750-ba41-1a0ebd340c24,IN-SERVICE,NOT APPLICABLE,127.72,0.0
2026-06-13T07:30:00+08:00,KWINANA_ESR1,-100.0,127.62,1,e760156e-c43d-4762-b07b-639423a8a87c,IN-SERVICE,NOT APPLICABLE,128.03,0.0
2026-06-13T07:30:00+08:00,KWINANA_ESR1,32.184,142.38,2,e760156e-c43d-4762-b07b-639423a8a87c,IN-SERVICE,NOT APPLICABLE,142.84,0.0
2026-06-13T07:30:00+08:00,COLLIE_ESR1,0.0,-987.3,1,491c96b6-0d64-48a4-bf4c-2423114158ae,IN-SERVICE,NON-LIQUID,-1000.0,
2026-06-13T07:30:00+08:00,COLLIE_ESR1,-100.0,-42.46,2,491c96b6-0d64-48a4-bf4c-2423114158ae,IN-SERVICE,NON-LIQUID,-43.01,
2026-06-13T07:30:00+08:00,COLLIE_ESR1,-100.0,-10.0,3,491c96b6-0d64-48a4-bf4c-2423114158ae,IN-SERVICE,NON-LIQUID,-10.13,
2026-06-13T07:30:00+08:00,COLLIE_ESR1,0.0,34.02,4,491c96b6-0d64-48a4-bf4c-2423114158ae,IN-SERVICE,NON-LIQUID,34.46,
2026-06-13T07:30:00+08:00,COLLIE_ESR1,0.0,60.0,5,491c96b6-0d64-48a4-bf4c-2423114158ae,IN-SERVICE,NON-LIQUID,60.77,
2026-06-13T07:30:00+08:00,COLLIE_ESR1,100.0,150.0,6,491c96b6-0d64-48a4-bf4c-2423114158ae,IN-SERVICE,NON-LIQUID,151.93,
2026-06-13T07:30:00+08:00,COLLIE_ESR1,100.0,250.0,7,491c96b6-0d64-48a4-bf4c-2423114158ae,IN-SERVICE,NON-LIQUID,253.22,
2026-06-13T07:30:00+08:00,COLLIE_ESR1,0.0,400.0,8,491c96b6-0d64-48a4-bf4c-2423114158ae,IN-SERVICE,NON-LIQUID,405.15,
2026-06-13T07:30:00+08:00,COLLIE_ESR1,0.0,622.0,9,491c96b6-0d64-48a4-bf4c-2423114158ae,IN-SERVICE,NON-LIQUID,630.0,
2026-06-13T07:30:00+08:00,COLLIE_ESR1,0.0,1678.41,10,491c96b6-0d64-48a4-bf4c-2423114158ae,IN-SERVICE,NON-LIQUID,1700.0,
2026-06-13T07:30:00+08:00,KWINANA_ESR2,-225.0,112.07,1,aeb7b9d2-96c2-461c-94af-e762cef39146,IN-SERVICE,NOT APPLICABLE,112.32,0.0
2026-06-13T07:30:00+08:00,KWINANA_ESR2,225.0,127.52,2,aeb7b9d2-96c2-461c-94af-e762cef39146,IN-SERVICE,NOT APPLICABLE,127.8,0.0
2026-06-13T07:30:00+08:00,COLLIE_BESS2,0.0,-987.3,1,5fb81c66-83db-47c9-9847-6e55bcdb16cd,IN-SERVICE,NON-LIQUID,-1000.0,
2026-06-13T07:30:00+08:00,COLLIE_BESS2,-150.0,-42.46,2,5fb81c66-83db-47c9-9847-6e55bcdb16cd,IN-SERVICE,NON-LIQUID,-43.01,
2026-06-13T07:30:00+08:00,COLLIE_BESS2,-150.0,-10.0,3,5fb81c66-83db-47c9-9847-6e55bcdb16cd,IN-SERVICE,NON-LIQUID,-10.13,
2026-06-13T07:30:00+08:00,COLLIE_BESS2,0.0,34.02,4,5fb81c66-83db-47c9-9847-6e55bcdb16cd,IN-SERVICE,NON-LIQUID,34.46,
2026-06-13T07:30:00+08:00,COLLIE_BESS2,0.0,60.0,5,5fb81c66-83db-47c9-9847-6e55bcdb16cd,IN-SERVICE,NON-LIQUID,60.77,
2026-06-13T07:30:00+08:00,COLLIE_BESS2,150.0,150.0,6,5fb81c66-83db-47c9-9847-6e55bcdb16cd,IN-SERVICE,NON-LIQUID,151.93,
2026-06-13T07:30:00+08:00,COLLIE_BESS2,150.0,250.0,7,5fb81c66-83db-47c9-9847-6e55bcdb16cd,IN-SERVICE,NON-LIQUID,253.22,
2026-06-13T07:30:00+08:00,COLLIE_BESS2,0.0,377.74,8,5fb81c66-83db-47c9-9847-6e55bcdb16cd,IN-SERVICE,NON-LIQUID,382.6,
2026-06-13T07:30:00+08:00,COLLIE_BESS2,0.0,622.0,9,5fb81c66-83db-47c9-9847-6e55bcdb16cd,IN-SERVICE,NON-LIQUID,630.0,
2026-06-13T07:30:00+08:00,COLLIE_BESS2,0.0,1678.41,10,5fb81c66-83db-47c9-9847-6e55bcdb16cd,IN-SERVICE,NON-LIQUID,1700.0,
2026-06-13T07:30:00+08:00,COLLIE_ESR4,-250.0,110.85,1,e5e6a913-a17e-493e-b431-fc1315905e34,IN-SERVICE,NOT APPLICABLE,112.28,0.0
2026-06-13T07:30:00+08:00,COLLIE_ESR4,250.0,126.22,2,e5e6a913-a17e-493e-b431-fc1315905e34,IN-SERVICE,NOT APPLICABLE,127.84,0.0
2026-06-13T07:30:00+08:00,COLLIE_ESR5,-250.0,110.97,1,16c18de9-5767-4750-ba41-1a0ebd340c24,IN-SERVICE,NOT APPLICABLE,112.4,0.0
2026-06-13T07:30:00+08:00,COLLIE_ESR5,250.0,126.1,2,16c18de9-5767-4750-ba41-1a0ebd340c24,IN-SERVICE,NOT APPLICABLE,127.72,0.0
2026-06-13T07:35:00+08:00,KWINANA_ESR1,-100.0,120.55,1,e760156e-c43d-4762-b07b-639423a8a87c,IN-SERVICE,NOT APPLICABLE,120.94,0.0
2026-06-13T07:35:00+08:00,KWINANA_ESR1,100.0,135.31,2,e760156e-c43d-4762-b07b-639423a8a87c,IN-SERVICE,NOT APPLICABLE,135.74,0.0
2026-06-13T07:35:00+08:00,COLLIE_ESR1,0.0,-987.3,1,89f6af15-7e59-4069-b7bb-e1e088fd75e8,IN-SERVICE,NON-LIQUID,-1000.0,
2026-06-13T07:35:00+08:00,COLLIE_ESR1,-100.0,-42.46,2,89f6af15-7e59-4069-b7bb-e1e088fd75e8,IN-SERVICE,NON-LIQUID,-43.01,
2026-06-13T07:35:00+08:00,COLLIE_ESR1,-100.0,-10.0,3,89f6af15-7e59-4069-b7bb-e1e088fd75e8,IN-SERVICE,NON-LIQUID,-10.13,
2026-06-13T07:35:00+08:00,COLLIE_ESR1,0.0,34.02,4,89f6af15-7e59-4069-b7bb-e1e088fd75e8,IN-SERVICE,NON-LIQUID,34.46,
2026-06-13T07:35:00+08:00,COLLIE_ESR1,0.0,60.0,5,89f6af15-7e59-4069-b7bb-e1e088fd75e8,IN-SERVICE,NON-LIQUID,60.77,
2026-06-13T07:35:00+08:00,COLLIE_ESR1,100.0,150.0,6,89f6af15-7e59-4069-b7bb-e1e088fd75e8,IN-SERVICE,NON-LIQUID,151.93,
2026-06-13T07:35:00+08:00,COLLIE_ESR1,100.0,250.0,7,89f6af15-7e59-4069-b7bb-e1e088fd75e8,IN-SERVICE,NON-LIQUID,253.22,
2026-06-13T07:35:00+08:00,COLLIE_ESR1,0.0,400.0,8,89f6af15-7e59-4069-b7bb-e1e088fd75e8,IN-SERVICE,NON-LIQUID,405.15,
2026-06-13T07:35:00+08:00,COLLIE_ESR1,0.0,622.0,9,89f6af15-7e59-4069-b7bb-e1e088fd75e8,IN-SERVICE,NON-LIQUID,630.0,
2026-06-13T07:35:00+08:00,COLLIE_ESR1,0.0,1678.41,10,89f6af15-7e59-4069-b7bb-e1e088fd75e8,IN-SERVICE,NON-LIQUID,1700.0,
2026-06-13T07:35:00+08:00,KWINANA_ESR2,-225.0,112.07,1,aeb7b9d2-96c2-461c-94af-e762cef39146,IN-SERVICE,NOT APPLICABLE,112.32,0.0
2026-06-13T07:35:00+08:00,KWINANA_ESR2,225.0,127.52,2,aeb7b9d2-96c2-461c-94af-e762cef39146,IN-SERVICE,NOT APPLICABLE,127.8,0.0
2026-06-13T07:35:00+08:00,COLLIE_BESS2,0.0,-987.3,1,ccca4deb-91c5-45a6-87d9-a52ecd01dfd8,IN-SERVICE,NON-LIQUID,-1000.0,
2026-06-13T07:35:00+08:00,COLLIE_BESS2,-150.0,-42.46,2,ccca4deb-91c5-45a6-87d9-a52ecd01dfd8,IN-SERVICE,NON-LIQUID,-43.01,
2026-06-13T07:35:00+08:00,COLLIE_BESS2,-150.0,-10.0,3,ccca4deb-91c5-45a6-87d9-a52ecd01dfd8,IN-SERVICE,NON-LIQUID,-10.13,
2026-06-13T07:35:00+08:00,COLLIE_BESS2,0.0,34.02,4,ccca4deb-91c5-45a6-87d9-a52ecd01dfd8,IN-SERVICE,NON-LIQUID,34.46,
2026-06-13T07:35:00+08:00,COLLIE_BESS2,0.0,60.0,5,ccca4deb-91c5-45a6-87d9-a52ecd01dfd8,IN-SERVICE,NON-LIQUID,60.77,
2026-06-13T07:35:00+08:00,COLLIE_BESS2,150.0,150.0,6,ccca4deb-91c5-45a6-87d9-a52ecd01dfd8,IN-SERVICE,NON-LIQUID,151.93,
2026-06-13T07:35:00+08:00,COLLIE_BESS2,150.0,250.0,7,ccca4deb-91c5-45a6-87d9-a52ecd01dfd8,IN-SERVICE,NON-LIQUID,253.22,
2026-06-13T07:35:00+08:00,COLLIE_BESS2,0.0,377.74,8,ccca4deb-91c5-45a6-87d9-a52ecd01dfd8,IN-SERVICE,NON-LIQUID,382.6,
2026-06-13T07:35:00+08:00,COLLIE_BESS2,0.0,622.0,9,ccca4deb-91c5-45a6-87d9-a52ecd01dfd8,IN-SERVICE,NON-LIQUID,630.0,
2026-06-13T07:35:00+08:00,COLLIE_BESS2,0.0,1678.41,10,ccca4deb-91c5-45a6-87d9-a52ecd01dfd8,IN-SERVICE,NON-LIQUID,1700.0,
2026-06-13T07:35:00+08:00,COLLIE_ESR4,-250.0,110.85,1,e5e6a913-a17e-493e-b431-fc1315905e34,IN-SERVICE,NOT APPLICABLE,112.28,0.0
2026-06-13T07:35:00+08:00,COLLIE_ESR4,250.0,126.22,2,e5e6a913-a17e-493e-b431-fc1315905e34,IN-SERVICE,NOT APPLICABLE,127.84,0.0
2026-06-13T07:35:00+08:00,COLLIE_ESR5,-250.0,110.97,1,16c18de9-5767-4750-ba41-1a0ebd340c24,IN-SERVICE,NOT APPLICABLE,112.4,0.0
2026-06-13T07:35:00+08:00,COLLIE_ESR5,250.0,126.1,2,16c18de9-5767-4750-ba41-1a0ebd340c24,IN-SERVICE,NOT APPLICABLE,127.72,0.0
2026-06-13T07:40:00+08:00,KWINANA_ESR1,-100.0,113.17,1,8309bc50-ce7e-44b9-96bf-233399ca1402,IN-SERVICE,NOT APPLICABLE,113.53,0.0
2026-06-13T07:40:00+08:00,KWINANA_ESR1,100.0,127.93,2,8309bc50-ce7e-44b9-96bf-233399ca1402,IN-SERVICE,NOT APPLICABLE,128.34,0.0
2026-06-13T07:40:00+08:00,COLLIE_ESR1,0.0,-987.3,1,c2ebb111-0b8e-4cd5-bed4-6ee6fb0ff8e4,IN-SERVICE,NON-LIQUID,-1000.0,
2026-06-13T07:40:00+08:00,COLLIE_ESR1,-100.0,-42.46,2,c2ebb111-0b8e-4cd5-bed4-6ee6fb0ff8e4,IN-SERVICE,NON-LIQUID,-43.01,
2026-06-13T07:40:00+08:00,COLLIE_ESR1,-100.0,-10.0,3,c2ebb111-0b8e-4cd5-bed4-6ee6fb0ff8e4,IN-SERVICE,NON-LIQUID,-10.13,
2026-06-13T07:40:00+08:00,COLLIE_ESR1,0.0,34.02,4,c2ebb111-0b8e-4cd5-bed4-6ee6fb0ff8e4,IN-SERVICE,NON-LIQUID,34.46,
2026-06-13T07:40:00+08:00,COLLIE_ESR1,0.0,60.0,5,c2ebb111-0b8e-4cd5-bed4-6ee6fb0ff8e4,IN-SERVICE,NON-LIQUID,60.77,
2026-06-13T07:40:00+08:00,COLLIE_ESR1,100.0,150.0,6,c2ebb111-0b8e-4cd5-bed4-6ee6fb0ff8e4,IN-SERVICE,NON-LIQUID,151.93,
2026-06-13T07:40:00+08:00,COLLIE_ESR1,100.0,250.0,7,c2ebb111-0b8e-4cd5-bed4-6ee6fb0ff8e4,IN-SERVICE,NON-LIQUID,253.22,
2026-06-13T07:40:00+08:00,COLLIE_ESR1,0.0,400.0,8,c2ebb111-0b8e-4cd5-bed4-6ee6fb0ff8e4,IN-SERVICE,NON-LIQUID,405.15,
2026-06-13T07:40:00+08:00,COLLIE_ESR1,0.0,622.0,9,c2ebb111-0b8e-4cd5-bed4-6ee6fb0ff8e4,IN-SERVICE,NON-LIQUID,630.0,
2026-06-13T07:40:00+08:00,COLLIE_ESR1,0.0,1678.41,10,c2ebb111-0b8e-4cd5-bed4-6ee6fb0ff8e4,IN-SERVICE,NON-LIQUID,1700.0,
2026-06-13T07:40:00+08:00,KWINANA_ESR2,-225.0,96.87,1,3d5a683a-256b-4c42-a40c-353c7ba90de9,IN-SERVICE,NOT APPLICABLE,97.08,0.0
2026-06-13T07:40:00+08:00,KWINANA_ESR2,225.0,113.14,2,3d5a683a-256b-4c42-a40c-353c7ba90de9,IN-SERVICE,NOT APPLICABLE,113.39,0.0
2026-06-13T07:40:00+08:00,COLLIE_BESS2,0.0,-987.3,1,36ecfd3e-50e8-40ef-84f9-e0f667644536,IN-SERVICE,NON-LIQUID,-1000.0,
2026-06-13T07:40:00+08:00,COLLIE_BESS2,-150.0,-42.46,2,36ecfd3e-50e8-40ef-84f9-e0f667644536,IN-SERVICE,NON-LIQUID,-43.01,
2026-06-13T07:40:00+08:00,COLLIE_BESS2,-150.0,-10.0,3,36ecfd3e-50e8-40ef-84f9-e0f667644536,IN-SERVICE,NON-LIQUID,-10.13,
2026-06-13T07:40:00+08:00,COLLIE_BESS2,0.0,34.02,4,36ecfd3e-50e8-40ef-84f9-e0f667644536,IN-SERVICE,NON-LIQUID,34.46,
2026-06-13T07:40:00+08:00,COLLIE_BESS2,0.0,60.0,5,36ecfd3e-50e8-40ef-84f9-e0f667644536,IN-SERVICE,NON-LIQUID,60.77,
2026-06-13T07:40:00+08:00,COLLIE_BESS2,150.0,150.0,6,36ecfd3e-50e8-40ef-84f9-e0f667644536,IN-SERVICE,NON-LIQUID,151.93,
2026-06-13T07:40:00+08:00,COLLIE_BESS2,150.0,250.0,7,36ecfd3e-50e8-40ef-84f9-e0f667644536,IN-SERVICE,NON-LIQUID,253.22,
2026-06-13T07:40:00+08:00,COLLIE_BESS2,0.0,377.74,8,36ecfd3e-50e8-40ef-84f9-e0f667644536,IN-SERVICE,NON-LIQUID,382.6,
2026-06-13T07:40:00+08:00,COLLIE_BESS2,0.0,622.0,9,36ecfd3e-50e8-40ef-84f9-e0f667644536,IN-SERVICE,NON-LIQUID,630.0,
2026-06-13T07:40:00+08:00,COLLIE_BESS2,0.0,1678.41,10,36ecfd3e-50e8-40ef-84f9-e0f667644536,IN-SERVICE,NON-LIQUID,1700.0,
2026-06-13T07:40:00+08:00,COLLIE_ESR4,-250.0,95.81,1,9d373799-5614-459c-9850-07c168014b78,IN-SERVICE,NOT APPLICABLE,97.04,0.0
2026-06-13T07:40:00+08:00,COLLIE_ESR4,250.0,111.17,2,9d373799-5614-459c-9850-07c168014b78,IN-SERVICE,NOT APPLICABLE,112.6,0.0
2026-06-13T07:40:00+08:00,COLLIE_ESR5,-250.0,96.75,1,607bc8c0-61d4-4ec5-a52d-e25795dcfe1a,IN-SERVICE,NOT APPLICABLE,97.99,0.0
2026-06-13T07:40:00+08:00,COLLIE_ESR5,250.0,125.98,2,607bc8c0-61d4-4ec5-a52d-e25795dcfe1a,IN-SERVICE,NOT APPLICABLE,127.6,0.0
2026-06-13T07:45:00+08:00,KWINANA_ESR1,-100.0,112.79,1,8309bc50-ce7e-44b9-96bf-233399ca1402,IN-SERVICE,NOT APPLICABLE,113.15,0.0
2026-06-13T07:45:00+08:00,KWINANA_ESR1,100.0,127.56,2,8309bc50-ce7e-44b9-96bf-233399ca1402,IN-SERVICE,NOT APPLICABLE,127.97,0.0
2026-06-13T07:45:00+08:00,COLLIE_ESR1,0.0,-987.3,1,af5cd61c-5485-43f4-9575-a374ec2f26af,IN-SERVICE,NON-LIQUID,-1000.0,
2026-06-13T07:45:00+08:00,COLLIE_ESR1,-100.0,-42.46,2,af5cd61c-5485-43f4-9575-a374ec2f26af,IN-SERVICE,NON-LIQUID,-43.01,
2026-06-13T07:45:00+08:00,COLLIE_ESR1,-100.0,-10.0,3,af5cd61c-5485-43f4-9575-a374ec2f26af,IN-SERVICE,NON-LIQUID,-10.13,
2026-06-13T07:45:00+08:00,COLLIE_ESR1,0.0,34.02,4,af5cd61c-5485-43f4-9575-a374ec2f26af,IN-SERVICE,NON-LIQUID,34.46,
2026-06-13T07:45:00+08:00,COLLIE_ESR1,0.0,60.0,5,af5cd61c-5485-43f4-9575-a374ec2f26af,IN-SERVICE,NON-LIQUID,60.77,
2026-06-13T07:45:00+08:00,COLLIE_ESR1,100.0,150.0,6,af5cd61c-5485-43f4-9575-a374ec2f26af,IN-SERVICE,NON-LIQUID,151.93,
2026-06-13T07:45:00+08:00,COLLIE_ESR1,100.0,250.0,7,af5cd61c-5485-43f4-9575-a374ec2f26af,IN-SERVICE,NON-LIQUID,253.22,
2026-06-13T07:45:00+08:00,COLLIE_ESR1,0.0,400.0,8,af5cd61c-5485-43f4-9575-a374ec2f26af,IN-SERVICE,NON-LIQUID,405.15,
2026-06-13T07:45:00+08:00,COLLIE_ESR1,0.0,622.0,9,af5cd61c-5485-43f4-9575-a374ec2f26af,IN-SERVICE,NON-LIQUID,630.0,
2026-06-13T07:45:00+08:00,COLLIE_ESR1,0.0,1678.41,10,af5cd61c-5485-43f4-9575-a374ec2f26af,IN-SERVICE,NON-LIQUID,1700.0,
2026-06-13T07:45:00+08:00,KWINANA_ESR2,-225.0,96.87,1,3d5a683a-256b-4c42-a40c-353c7ba90de9,IN-SERVICE,NOT APPLICABLE,97.08,0.0
2026-06-13T07:45:00+08:00,KWINANA_ESR2,225.0,112.38,2,3d5a683a-256b-4c42-a40c-353c7ba90de9,IN-SERVICE,NOT APPLICABLE,112.63,0.0
2026-06-13T07:45:00+08:00,COLLIE_BESS2,0.0,-987.3,1,6137de2e-ec1b-47b5-84c0-70b678f09375,IN-SERVICE,NON-LIQUID,-1000.0,
2026-06-13T07:45:00+08:00,COLLIE_BESS2,-150.0,-42.46,2,6137de2e-ec1b-47b5-84c0-70b678f09375,IN-SERVICE,NON-LIQUID,-43.01,
2026-06-13T07:45:00+08:00,COLLIE_BESS2,-150.0,-10.0,3,6137de2e-ec1b-47b5-84c0-70b678f09375,IN-SERVICE,NON-LIQUID,-10.13,
2026-06-13T07:45:00+08:00,COLLIE_BESS2,0.0,34.02,4,6137de2e-ec1b-47b5-84c0-70b678f09375,IN-SERVICE,NON-LIQUID,34.46,
2026-06-13T07:45:00+08:00,COLLIE_BESS2,0.0,60.0,5,6137de2e-ec1b-47b5-84c0-70b678f09375,IN-SERVICE,NON-LIQUID,60.77,
2026-06-13T07:45:00+08:00,COLLIE_BESS2,150.0,150.0,6,6137de2e-ec1b-47b5-84c0-70b678f09375,IN-SERVICE,NON-LIQUID,151.93,
2026-06-13T07:45:00+08:00,COLLIE_BESS2,150.0,250.0,7,6137de2e-ec1b-47b5-84c0-70b678f09375,IN-SERVICE,NON-LIQUID,253.22,
2026-06-13T07:45:00+08:00,COLLIE_BESS2,0.0,377.74,8,6137de2e-ec1b-47b5-84c0-70b678f09375,IN-SERVICE,NON-LIQUID,382.6,
2026-06-13T07:45:00+08:00,COLLIE_BESS2,0.0,622.0,9,6137de2e-ec1b-47b5-84c0-70b678f09375,IN-SERVICE,NON-LIQUID,630.0,
2026-06-13T07:45:00+08:00,COLLIE_BESS2,0.0,1678.41,10,6137de2e-ec1b-47b5-84c0-70b678f09375,IN-SERVICE,NON-LIQUID,1700.0,
2026-06-13T07:45:00+08:00,COLLIE_ESR4,-250.0,95.81,1,9d373799-5614-459c-9850-07c168014b78,IN-SERVICE,NOT APPLICABLE,97.04,0.0
2026-06-13T07:45:00+08:00,COLLIE_ESR4,250.0,111.17,2,9d373799-5614-459c-9850-07c168014b78,IN-SERVICE,NOT APPLICABLE,112.6,0.0
2026-06-13T07:45:00+08:00,COLLIE_ESR5,-250.0,96.0,1,607bc8c0-61d4-4ec5-a52d-e25795dcfe1a,IN-SERVICE,NOT APPLICABLE,97.23,0.0
2026-06-13T07:45:00+08:00,COLLIE_ESR5,250.0,118.78,2,607bc8c0-61d4-4ec5-a52d-e25795dcfe1a,IN-SERVICE,NOT APPLICABLE,120.31,0.0
2026-06-13T07:50:00+08:00,KWINANA_ESR1,-100.0,112.18,1,8309bc50-ce7e-44b9-96bf-233399ca1402,IN-SERVICE,NOT APPLICABLE,112.54,0.0
2026-06-13T07:50:00+08:00,KWINANA_ESR1,100.0,126.94,2,8309bc50-ce7e-44b9-96bf-233399ca1402,IN-SERVICE,NOT APPLICABLE,127.35,0.0
2026-06-13T07:50:00+08:00,COLLIE_ESR1,0.0,-987.3,1,e092fbe8-1deb-421f-8f43-2b9959c78aa7,IN-SERVICE,NON-LIQUID,-1000.0,
2026-06-13T07:50:00+08:00,COLLIE_ESR1,-100.0,-42.46,2,e092fbe8-1deb-421f-8f43-2b9959c78aa7,IN-SERVICE,NON-LIQUID,-43.01,
2026-06-13T07:50:00+08:00,COLLIE_ESR1,-100.0,-10.0,3,e092fbe8-1deb-421f-8f43-2b9959c78aa7,IN-SERVICE,NON-LIQUID,-10.13,
2026-06-13T07:50:00+08:00,COLLIE_ESR1,0.0,34.02,4,e092fbe8-1deb-421f-8f43-2b9959c78aa7,IN-SERVICE,NON-LIQUID,34.46,
2026-06-13T07:50:00+08:00,COLLIE_ESR1,0.0,60.0,5,e092fbe8-1deb-421f-8f43-2b9959c78aa7,IN-SERVICE,NON-LIQUID,60.77,
2026-06-13T07:50:00+08:00,COLLIE_ESR1,100.0,150.0,6,e092fbe8-1deb-421f-8f43-2b9959c78aa7,IN-SERVICE,NON-LIQUID,151.93,
2026-06-13T07:50:00+08:00,COLLIE_ESR1,100.0,250.0,7,e092fbe8-1deb-421f-8f43-2b9959c78aa7,IN-SERVICE,NON-LIQUID,253.22,
2026-06-13T07:50:00+08:00,COLLIE_ESR1,0.0,400.0,8,e092fbe8-1deb-421f-8f43-2b9959c78aa7,IN-SERVICE,NON-LIQUID,405.15,
2026-06-13T07:50:00+08:00,COLLIE_ESR1,0.0,622.0,9,e092fbe8-1deb-421f-8f43-2b9959c78aa7,IN-SERVICE,NON-LIQUID,630.0,
2026-06-13T07:50:00+08:00,COLLIE_ESR1,0.0,1678.41,10,e092fbe8-1deb-421f-8f43-2b9959c78aa7,IN-SERVICE,NON-LIQUID,1700.0,
2026-06-13T07:50:00+08:00,KWINANA_ESR2,-225.0,96.6,1,3d5a683a-256b-4c42-a40c-353c7ba90de9,IN-SERVICE,NOT APPLICABLE,96.81,0.0
2026-06-13T07:50:00+08:00,KWINANA_ESR2,225.0,112.38,2,3d5a683a-256b-4c42-a40c-353c7ba90de9,IN-SERVICE,NOT APPLICABLE,112.63,0.0
2026-06-13T07:50:00+08:00,COLLIE_BESS2,0.0,-987.3,1,46f68f61-2e6c-4759-96c2-50aa6db062c7,IN-SERVICE,NON-LIQUID,-1000.0,
2026-06-13T07:50:00+08:00,COLLIE_BESS2,-150.0,-42.46,2,46f68f61-2e6c-4759-96c2-50aa6db062c7,IN-SERVICE,NON-LIQUID,-43.01,
2026-06-13T07:50:00+08:00,COLLIE_BESS2,-150.0,-10.0,3,46f68f61-2e6c-4759-96c2-50aa6db062c7,IN-SERVICE,NON-LIQUID,-10.13,
2026-06-13T07:50:00+08:00,COLLIE_BESS2,0.0,34.02,4,46f68f61-2e6c-4759-96c2-50aa6db062c7,IN-SERVICE,NON-LIQUID,34.46,
2026-06-13T07:50:00+08:00,COLLIE_BESS2,0.0,60.0,5,46f68f61-2e6c-4759-96c2-50aa6db062c7,IN-SERVICE,NON-LIQUID,60.77,
2026-06-13T07:50:00+08:00,COLLIE_BESS2,150.0,150.0,6,46f68f61-2e6c-4759-96c2-50aa6db062c7,IN-SERVICE,NON-LIQUID,151.93,
2026-06-13T07:50:00+08:00,COLLIE_BESS2,150.0,250.0,7,46f68f61-2e6c-4759-96c2-50aa6db062c7,IN-SERVICE,NON-LIQUID,253.22,
2026-06-13T07:50:00+08:00,COLLIE_BESS2,0.0,377.74,8,46f68f61-2e6c-4759-96c2-50aa6db062c7,IN-SERVICE,NON-LIQUID,382.6,
2026-06-13T07:50:00+08:00,COLLIE_BESS2,0.0,622.0,9,46f68f61-2e6c-4759-96c2-50aa6db062c7,IN-SERVICE,NON-LIQUID,630.0,
2026-06-13T07:50:00+08:00,COLLIE_BESS2,0.0,1678.41,10,46f68f61-2e6c-4759-96c2-50aa6db062c7,IN-SERVICE,NON-LIQUID,1700.0,
2026-06-13T07:50:00+08:00,COLLIE_ESR4,-250.0,95.81,1,9d373799-5614-459c-9850-07c168014b78,IN-SERVICE,NOT APPLICABLE,97.04,0.0
2026-06-13T07:50:00+08:00,COLLIE_ESR4,250.0,111.17,2,9d373799-5614-459c-9850-07c168014b78,IN-SERVICE,NOT APPLICABLE,112.6,0.0
2026-06-13T07:50:00+08:00,COLLIE_ESR5,-250.0,96.0,1,607bc8c0-61d4-4ec5-a52d-e25795dcfe1a,IN-SERVICE,NOT APPLICABLE,97.23,0.0
2026-06-13T07:50:00+08:00,COLLIE_ESR5,250.0,111.87,2,607bc8c0-61d4-4ec5-a52d-e25795dcfe1a,IN-SERVICE,NOT APPLICABLE,113.31,0.0
2026-06-13T07:55:00+08:00,KWINANA_ESR1,-20.092,102.84,1,981beb02-9314-464c-8de3-e3ee1ba9a60d,IN-SERVICE,NOT APPLICABLE,103.17,0.0
2026-06-13T07:55:00+08:00,KWINANA_ESR1,-79.908,103.72,2,981beb02-9314-464c-8de3-e3ee1ba9a60d,IN-SERVICE,NOT APPLICABLE,104.05,0.0
2026-06-13T07:55:00+08:00,KWINANA_ESR1,76.776,111.47,3,981beb02-9314-464c-8de3-e3ee1ba9a60d,IN-SERVICE,NOT APPLICABLE,111.83,0.0
2026-06-13T07:55:00+08:00,KWINANA_ESR1,23.224,111.85,4,981beb02-9314-464c-8de3-e3ee1ba9a60d,IN-SERVICE,NOT APPLICABLE,112.21,0.0
2026-06-13T07:55:00+08:00,COLLIE_ESR1,0.0,-987.3,1,43780b89-1209-452f-87b8-cb42719baf0c,IN-SERVICE,NON-LIQUID,-1000.0,
2026-06-13T07:55:00+08:00,COLLIE_ESR1,-100.0,-42.46,2,43780b89-1209-452f-87b8-cb42719baf0c,IN-SERVICE,NON-LIQUID,-43.01,
2026-06-13T07:55:00+08:00,COLLIE_ESR1,-100.0,-10.0,3,43780b89-1209-452f-87b8-cb42719baf0c,IN-SERVICE,NON-LIQUID,-10.13,
2026-06-13T07:55:00+08:00,COLLIE_ESR1,0.0,34.02,4,43780b89-1209-452f-87b8-cb42719baf0c,IN-SERVICE,NON-LIQUID,34.46,
2026-06-13T07:55:00+08:00,COLLIE_ESR1,0.0,60.0,5,43780b89-1209-452f-87b8-cb42719baf0c,IN-SERVICE,NON-LIQUID,60.77,
2026-06-13T07:55:00+08:00,COLLIE_ESR1,100.0,150.0,6,43780b89-1209-452f-87b8-cb42719baf0c,IN-SERVICE,NON-LIQUID,151.93,
2026-06-13T07:55:00+08:00,COLLIE_ESR1,100.0,250.0,7,43780b89-1209-452f-87b8-cb42719baf0c,IN-SERVICE,NON-LIQUID,253.22,
2026-06-13T07:55:00+08:00,COLLIE_ESR1,0.0,400.0,8,43780b89-1209-452f-87b8-cb42719baf0c,IN-SERVICE,NON-LIQUID,405.15,
2026-06-13T07:55:00+08:00,COLLIE_ESR1,0.0,622.0,9,43780b89-1209-452f-87b8-cb42719baf0c,IN-SERVICE,NON-LIQUID,630.0,
2026-06-13T07:55:00+08:00,COLLIE_ESR1,0.0,1678.41,10,43780b89-1209-452f-87b8-cb42719baf0c,IN-SERVICE,NON-LIQUID,1700.0,
2026-06-13T07:55:00+08:00,KWINANA_ESR2,-225.0,88.24,1,87c5fc31-9e6e-40b3-9a75-36aa5dca0e62,IN-SERVICE,NOT APPLICABLE,88.43,0.0
2026-06-13T07:55:00+08:00,KWINANA_ESR2,225.0,103.76,2,87c5fc31-9e6e-40b3-9a75-36aa5dca0e62,IN-SERVICE,NOT APPLICABLE,103.99,0.0
2026-06-13T07:55:00+08:00,COLLIE_BESS2,0.0,-987.3,1,1f5841e0-6440-4828-a37c-91cfb511804c,IN-SERVICE,NON-LIQUID,-1000.0,
2026-06-13T07:55:00+08:00,COLLIE_BESS2,-40.0,-42.46,2,1f5841e0-6440-4828-a37c-91cfb511804c,IN-SERVICE,NON-LIQUID,-43.01,
2026-06-13T07:55:00+08:00,COLLIE_BESS2,-40.0,-10.0,3,1f5841e0-6440-4828-a37c-91cfb511804c,IN-SERVICE,NON-LIQUID,-10.13,
2026-06-13T07:55:00+08:00,COLLIE_BESS2,0.0,34.02,4,1f5841e0-6440-4828-a37c-91cfb511804c,IN-SERVICE,NON-LIQUID,34.46,
2026-06-13T07:55:00+08:00,COLLIE_BESS2,0.0,60.0,5,1f5841e0-6440-4828-a37c-91cfb511804c,IN-SERVICE,NON-LIQUID,60.77,
2026-06-13T07:55:00+08:00,COLLIE_BESS2,-220.0,112.73,6,1f5841e0-6440-4828-a37c-91cfb511804c,IN-SERVICE,NON-LIQUID,114.18,
2026-06-13T07:55:00+08:00,COLLIE_BESS2,150.0,150.0,7,1f5841e0-6440-4828-a37c-91cfb511804c,IN-SERVICE,NON-LIQUID,151.93,
2026-06-13T07:55:00+08:00,COLLIE_BESS2,150.0,250.0,8,1f5841e0-6440-4828-a37c-91cfb511804c,IN-SERVICE,NON-LIQUID,253.22,
2026-06-13T07:55:00+08:00,COLLIE_BESS2,0.0,622.0,9,1f5841e0-6440-4828-a37c-91cfb511804c,IN-SERVICE,NON-LIQUID,630.0,
2026-06-13T07:55:00+08:00,COLLIE_BESS2,0.0,1678.41,10,1f5841e0-6440-4828-a37c-91cfb511804c,IN-SERVICE,NON-LIQUID,1700.0,
2026-06-13T07:55:00+08:00,COLLIE_ESR4,-250.0,87.27,1,0c80ed94-6e59-4064-b626-d69280fb2105,IN-SERVICE,NOT APPLICABLE,88.39,0.0
2026-06-13T07:55:00+08:00,COLLIE_ESR4,250.0,102.71,2,0c80ed94-6e59-4064-b626-d69280fb2105,IN-SERVICE,NOT APPLICABLE,104.03,0.0
2026-06-13T07:55:00+08:00,COLLIE_ESR5,-250.0,87.47,1,8eb72100-f620-404b-ade9-e5af6ce00975,IN-SERVICE,NOT APPLICABLE,88.6,0.0
2026-06-13T07:55:00+08:00,COLLIE_ESR5,250.0,102.59,2,8eb72100-f620-404b-ade9-e5af6ce00975,IN-SERVICE,NOT APPLICABLE,103.91,0.0
