dispatch_interval,code,chargeLevel,chargeLevelV2,dischargeLevelV2,highLimit,lowLimit,maximumDownwardsRampRate,maximumUpwardsRampRate,pdiSentOut
2026-08-01T08:00:00+08:00,ALINTA_WGP_ESR1,0,0,0,,,1,1,-0.41
2026-08-01T08:00:00+08:00,COLLIE_BESS2,588.7,-708.9,588.7,300,-300,40,40,0.1
2026-08-01T08:00:00+08:00,COLLIE_ESR1,565.600,-241,565.600,200,-200,40,40,0.32
2026-08-01T08:00:00+08:00,COLLIE_ESR4,474.2,-650.5,474.2,250,-250,40,40,0.4
2026-08-01T08:00:00+08:00,COLLIE_ESR5,456.6,-666,456.6,250,-250,40,40,2.9
2026-08-01T08:00:00+08:00,KWINANA_ESR1,59.080,-130.52,59.080,100,-100,20,20,-1.300
2026-08-01T08:00:00+08:00,KWINANA_ESR2,286.6,-721.7,286.6,225,-225,40,40,218.2
2026-08-01T08:05:00+08:00,ALINTA_WGP_ESR1,0,0,0,,,1,1,-0.42
2026-08-01T08:05:00+08:00,COLLIE_BESS2,589.100,-708.5,589.100,300,-300,40,40,-4.1
2026-08-01T08:05:00+08:00,COLLIE_ESR1,565.4,-241.2,565.4,200,-200,40,40,-2.08
2026-08-01T08:05:00+08:00,COLLIE_ESR4,470.1,-654,470.1,250,-250,40,40,97.1
2026-08-01T08:05:00+08:00,COLLIE_ESR5,453.2,-669.3,453.2,250,-250,40,40,97.4
2026-08-01T08:05:00+08:00,KWINANA_ESR1,58.96,-130.64,58.96,100,-100,20,20,5.9
2026-08-01T08:05:00+08:00,KWINANA_ESR2,272.2,-735.100,272.2,225,-225,40,40,62.2
2026-08-01T08:10:00+08:00,ALINTA_WGP_ESR1,0,0,0,,,1,1,-0.42
2026-08-01T08:10:00+08:00,COLLIE_BESS2,589.100,-708.5,589.100,300,-300,40,40,0
2026-08-01T08:10:00+08:00,COLLIE_ESR1,566,-240.7,566,200,-200,40,40,-3.680
2026-08-01T08:10:00+08:00,COLLIE_ESR4,460.6,-663.8,460.6,250,-250,40,40,120.9
2026-08-01T08:10:00+08:00,COLLIE_ESR5,446.1,-676.4,446.1,250,-250,40,40,27.7
2026-08-01T08:10:00+08:00,KWINANA_ESR1,56.400,-133.39,56.400,100,-100,20,20,74
2026-08-01T08:10:00+08:00,KWINANA_ESR2,269.9,-736.8,269.9,225,-225,40,40,1.7
2026-08-01T08:15:00+08:00,ALINTA_WGP_ESR1,0,0,0,,,1,1,-0.42
2026-08-01T08:15:00+08:00,COLLIE_BESS2,589.2,-708.3,589.2,300,-300,40,40,-1.9
2026-08-01T08:15:00+08:00,COLLIE_ESR1,566.3,-240.400,566.3,200,-200,40,40,-3.04
2026-08-01T08:15:00+08:00,COLLIE_ESR4,449.2,-675.4,449.2,250,-250,40,40,184.7
2026-08-01T08:15:00+08:00,COLLIE_ESR5,445.7,-676.7,445.7,250,-250,40,40,-0.7
2026-08-01T08:15:00+08:00,KWINANA_ESR1,48.98,-141.37,48.98,100,-100,20,20,93.9
2026-08-01T08:15:00+08:00,KWINANA_ESR2,269.6,-737.100,269.6,225,-225,40,40,0.3
2026-08-01T08:20:00+08:00,ALINTA_WGP_ESR1,0,0,0,,,1,1,-0.42
2026-08-01T08:20:00+08:00,COLLIE_BESS2,590,-707.5,590,300,-300,40,40,-2.7
2026-08-01T08:20:00+08:00,COLLIE_ESR1,566.7,-240,566.7,200,-200,40,40,-1.28
2026-08-01T08:20:00+08:00,COLLIE_ESR4,434.4,-690.9,434.4,250,-250,40,40,176.7
2026-08-01T08:20:00+08:00,COLLIE_ESR5,447.1,-675,447.1,250,-250,40,40,-1.4
2026-08-01T08:20:00+08:00,KWINANA_ESR1,41.04,-149.89,41.04,100,-100,20,20,97
2026-08-01T08:20:00+08:00,KWINANA_ESR2,269.1,-737.4,269.1,225,-225,40,40,2.2
2026-08-01T08:25:00+08:00,ALINTA_WGP_ESR1,0,0,0,,,10,10,-0.42
2026-08-01T08:25:00+08:00,COLLIE_BESS2,588.9,-708.7,588.9,300,-300,40,40,-3.8
2026-08-01T08:25:00+08:00,COLLIE_ESR1,565.3,-241.400,565.3,200,-200,40,40,-2.880
2026-08-01T08:25:00+08:00,COLLIE_ESR4,421.5,-703.5,421.5,250,-250,40,40,121.8
2026-08-01T08:25:00+08:00,COLLIE_ESR5,442.1,-680.2,442.1,250,-250,40,40,94.5
2026-08-01T08:25:00+08:00,KWINANA_ESR1,34.57,-156.83,34.57,100,-100,20,20,37.5
2026-08-01T08:25:00+08:00,KWINANA_ESR2,268.800,-737.5,268.800,225,-225,40,40,-3
2026-08-01T08:30:00+08:00,ALINTA_WGP_ESR1,0,0,0,,,10,10,-0.430
2026-08-01T08:30:00+08:00,COLLIE_BESS2,590,-707.5,590,300,-300,40,40,-3.100
2026-08-01T08:30:00+08:00,COLLIE_ESR1,566,-240.7,566,200,-200,40,40,-5.760
2026-08-01T08:30:00+08:00,COLLIE_ESR4,413.6,-710.600,413.6,250,-250,40,40,33.600
2026-08-01T08:30:00+08:00,COLLIE_ESR5,429.6,-693,429.6,250,-250,40,40,211.2
2026-08-01T08:30:00+08:00,KWINANA_ESR1,34.34,-157.09,34.34,100,-100,20,20,-14.400
2026-08-01T08:30:00+08:00,KWINANA_ESR2,268.6,-737.7,268.6,225,-225,40,40,-2.4
2026-08-01T08:35:00+08:00,ALINTA_WGP_ESR1,0,0,0,,,10,10,-0.44
2026-08-01T08:35:00+08:00,COLLIE_BESS2,590.9,-706.7,590.9,300,-300,40,40,-6.3
2026-08-01T08:35:00+08:00,COLLIE_ESR1,567.2,-239.400,567.2,200,-200,40,40,-6.56
2026-08-01T08:35:00+08:00,COLLIE_ESR4,411.9,-712.100,411.9,250,-250,40,40,1.2
2026-08-01T08:35:00+08:00,COLLIE_ESR5,413.6,-709.9,413.6,250,-250,40,40,191.2
2026-08-01T08:35:00+08:00,KWINANA_ESR1,35.73,-155.59,35.73,100,-100,20,20,-14.5
2026-08-01T08:35:00+08:00,KWINANA_ESR2,268.1,-738,268.1,225,-225,40,40,0.6
2026-08-01T08:40:00+08:00,ALINTA_WGP_ESR1,23.84,-23.91,23.84,,,10,10,-0.5
2026-08-01T08:40:00+08:00,COLLIE_BESS2,591.2,-706.4,591.2,300,-300,40,40,3.4
2026-08-01T08:40:00+08:00,COLLIE_ESR1,567.5,-239.2,567.5,200,-200,40,40,0.64
2026-08-01T08:40:00+08:00,COLLIE_ESR4,411.6,-712.2,411.6,250,-250,40,40,1.9
2026-08-01T08:40:00+08:00,COLLIE_ESR5,398.800,-724.600,398.800,250,-250,40,40,154.3
2026-08-01T08:40:00+08:00,KWINANA_ESR1,36.64,-154.61,36.64,100,-100,20,20,-7.3
2026-08-01T08:40:00+08:00,KWINANA_ESR2,267.800,-738.2,267.800,225,-225,40,40,1.2
2026-08-01T08:45:00+08:00,ALINTA_WGP_ESR1,23.84,-23.92,23.84,,,10,10,-0.5
2026-08-01T08:45:00+08:00,COLLIE_BESS2,590.3,-707.3,590.3,300,-300,40,40,-0.8
2026-08-01T08:45:00+08:00,COLLIE_ESR1,566.9,-239.7,566.9,200,-200,40,40,3.36
2026-08-01T08:45:00+08:00,COLLIE_ESR4,411.300,-712.4,411.300,250,-250,40,40,0
2026-08-01T08:45:00+08:00,COLLIE_ESR5,387.4,-735.7,387.4,250,-250,40,40,116.9
2026-08-01T08:45:00+08:00,KWINANA_ESR1,36.32,-154.95,36.32,100,-100,20,20,10.6
2026-08-01T08:45:00+08:00,KWINANA_ESR2,267.5,-738.3,267.5,225,-225,40,40,0
2026-08-01T08:50:00+08:00,ALINTA_WGP_ESR1,24.14,-23.610,24.14,,,10,10,-10.53
2026-08-01T08:50:00+08:00,COLLIE_BESS2,589.7,-707.8,589.7,300,-300,40,40,-0.6
2026-08-01T08:50:00+08:00,COLLIE_ESR1,566.4,-240.3,566.4,200,-200,40,40,-0.800
2026-08-01T08:50:00+08:00,COLLIE_ESR4,411.1,-712.600,411.1,250,-250,40,40,0
2026-08-01T08:50:00+08:00,COLLIE_ESR5,378.2,-744.8,378.2,250,-250,40,40,101.1
2026-08-01T08:50:00+08:00,KWINANA_ESR1,36.12,-155.17,36.12,100,-100,20,20,-0.1
2026-08-01T08:50:00+08:00,KWINANA_ESR2,267.2,-738.5,267.2,225,-225,40,40,-0.3
2026-08-01T08:55:00+08:00,ALINTA_WGP_ESR1,24.92,-22.83,24.92,,,10,10,-10.520
2026-08-01T08:55:00+08:00,COLLIE_BESS2,591.2,-706.4,591.2,300,-300,40,40,-3.8
2026-08-01T08:55:00+08:00,COLLIE_ESR1,567.7,-239,567.7,200,-200,40,40,-6.400
2026-08-01T08:55:00+08:00,COLLIE_ESR4,410.9,-712.7,410.9,250,-250,40,40,1.2
2026-08-01T08:55:00+08:00,COLLIE_ESR5,370.6,-752.100,370.6,250,-250,40,40,75
2026-08-01T08:55:00+08:00,KWINANA_ESR1,36.86,-154.37,36.86,100,-100,20,20,-21.5
2026-08-01T08:55:00+08:00,KWINANA_ESR2,267,-738.600,267,225,-225,40,40,-0.3
2026-08-01T09:00:00+08:00,ALINTA_WGP_ESR1,25.780,-21.98,25.780,,,10,10,-10.51
2026-08-01T09:00:00+08:00,COLLIE_BESS2,591.4,-706.2,591.4,300,-300,40,40,-1.800
2026-08-01T09:00:00+08:00,COLLIE_ESR1,567.9,-238.8,567.9,200,-200,40,40,-2.72
2026-08-01T09:00:00+08:00,COLLIE_ESR4,410.7,-712.8,410.7,250,-250,40,40,0.3
2026-08-01T09:00:00+08:00,COLLIE_ESR5,366.6,-756,366.6,250,-250,40,40,7
2026-08-01T09:00:00+08:00,KWINANA_ESR1,37.62,-153.56,37.62,100,-100,20,20,-8.5
2026-08-01T09:00:00+08:00,KWINANA_ESR2,264.800,-740.5,264.800,225,-225,40,40,33.8
2026-08-01T09:05:00+08:00,ALINTA_WGP_ESR1,26.59,-21.16,26.59,,,10,10,-10.140
2026-08-01T09:05:00+08:00,COLLIE_BESS2,590.3,-707.2,590.3,300,-300,40,40,-0.1
2026-08-01T09:05:00+08:00,COLLIE_ESR1,567.5,-239.2,567.5,200,-200,40,40,2.08
2026-08-01T09:05:00+08:00,COLLIE_ESR4,410.4,-713,410.4,250,-250,40,40,0
2026-08-01T09:05:00+08:00,COLLIE_ESR5,366.4,-756.2,366.4,250,-250,40,40,-0.1
2026-08-01T09:05:00+08:00,KWINANA_ESR1,37.5,-153.7,37.5,100,-100,20,20,5.8
2026-08-01T09:05:00+08:00,KWINANA_ESR2,260.800,-743.4,260.800,225,-225,40,40,22.7
2026-08-01T09:10:00+08:00,ALINTA_WGP_ESR1,27.4,-20.35,27.4,,,10,10,-10.12
2026-08-01T09:10:00+08:00,COLLIE_BESS2,589.3,-708.3,589.3,300,-300,40,40,0
2026-08-01T09:10:00+08:00,COLLIE_ESR1,565.600,-241,565.600,200,-200,40,40,3.52
2026-08-01T09:10:00+08:00,COLLIE_ESR4,410.2,-713.100,410.2,250,-250,40,40,-0.1
2026-08-01T09:10:00+08:00,COLLIE_ESR5,366.2,-756.3,366.2,250,-250,40,40,-0.3
2026-08-01T09:10:00+08:00,KWINANA_ESR1,36.63,-154.62,36.63,100,-100,20,20,7.200
2026-08-01T09:10:00+08:00,KWINANA_ESR2,259.1,-744.600,259.1,225,-225,40,40,1.4
2026-08-01T09:15:00+08:00,ALINTA_WGP_ESR1,19.030,-12.800,19.030,,,10,10,-10.12
2026-08-01T09:15:00+08:00,COLLIE_BESS2,588.8,-708.8,588.8,300,-300,40,40,0.1
2026-08-01T09:15:00+08:00,COLLIE_ESR1,564.9,-241.8,564.9,200,-200,40,40,7.52
2026-08-01T09:15:00+08:00,COLLIE_ESR4,410,-713.3,410,250,-250,40,40,0.5
2026-08-01T09:15:00+08:00,COLLIE_ESR5,366,-756.5,366,250,-250,40,40,0
2026-08-01T09:15:00+08:00,KWINANA_ESR1,35.75,-155.58,35.75,100,-100,20,20,1.800
2026-08-01T09:15:00+08:00,KWINANA_ESR2,258.800,-744.7,258.800,225,-225,40,40,0.2
2026-08-01T09:20:00+08:00,ALINTA_WGP_ESR1,19.83,-12,19.83,,,10,10,-10.140
2026-08-01T09:20:00+08:00,COLLIE_BESS2,588.7,-708.9,588.7,300,-300,40,40,-2.100
2026-08-01T09:20:00+08:00,COLLIE_ESR1,564.8,-241.900,564.8,200,-200,40,40,2.400
2026-08-01T09:20:00+08:00,COLLIE_ESR4,409.800,-713.4,409.800,250,-250,40,40,-0.2
2026-08-01T09:20:00+08:00,COLLIE_ESR5,365.800,-756.600,365.800,250,-250,40,40,-1
2026-08-01T09:20:00+08:00,KWINANA_ESR1,35.13,-156.23,35.13,100,-100,20,20,12.5
2026-08-01T09:20:00+08:00,KWINANA_ESR2,258.5,-744.9,258.5,225,-225,40,40,-0.4
2026-08-01T09:25:00+08:00,ALINTA_WGP_ESR1,18,-9.84,18,,,10,10,-10.100
2026-08-01T09:25:00+08:00,COLLIE_BESS2,588.5,-709.100,588.5,300,-300,40,40,-0.4
2026-08-01T09:25:00+08:00,COLLIE_ESR1,564.7,-242,564.7,200,-200,40,40,2.08
2026-08-01T09:25:00+08:00,COLLIE_ESR4,409.6,-713.5,409.6,250,-250,40,40,-0.4
2026-08-01T09:25:00+08:00,COLLIE_ESR5,367.1,-755,367.1,250,-250,40,40,-0.2
2026-08-01T09:25:00+08:00,KWINANA_ESR1,34.48,-156.94,34.48,100,-100,20,20,6.8
2026-08-01T09:25:00+08:00,KWINANA_ESR2,258.300,-745.100,258.300,225,-225,40,40,-0.2
2026-08-01T09:30:00+08:00,ALINTA_WGP_ESR1,18.790,-9.060,18.790,,,10,10,-10.13
2026-08-01T09:30:00+08:00,COLLIE_BESS2,588.8,-708.8,588.8,300,-300,40,40,-1.5
2026-08-01T09:30:00+08:00,COLLIE_ESR1,564.600,-242.1,564.600,200,-200,40,40,3.200
2026-08-01T09:30:00+08:00,COLLIE_ESR4,409.4,-713.7,409.4,250,-250,40,40,-0.1
2026-08-01T09:30:00+08:00,COLLIE_ESR5,365.4,-757,365.4,250,-250,40,40,-0.5
2026-08-01T09:30:00+08:00,KWINANA_ESR1,33.36,-158.14,33.36,100,-100,20,20,12.5
2026-08-01T09:30:00+08:00,KWINANA_ESR2,257.9,-745.3,257.9,225,-225,40,40,0.6
2026-08-01T09:35:00+08:00,ALINTA_WGP_ESR1,19.540,-8.3,19.540,,,10,10,-10.13
2026-08-01T09:35:00+08:00,COLLIE_BESS2,588.4,-709.2,588.4,300,-300,40,40,-5
2026-08-01T09:35:00+08:00,COLLIE_ESR1,564.3,-242.400,564.3,200,-200,40,40,11.04
2026-08-01T09:35:00+08:00,COLLIE_ESR4,409.2,-713.8,409.2,250,-250,40,40,-1.2
2026-08-01T09:35:00+08:00,COLLIE_ESR5,366.7,-755.3,366.7,250,-250,40,40,-1.5
2026-08-01T09:35:00+08:00,KWINANA_ESR1,31.450,-160.19,31.450,100,-100,20,20,41.600
2026-08-01T09:35:00+08:00,KWINANA_ESR2,257.300,-745.8,257.300,225,-225,40,40,4.6
2026-08-01T09:40:00+08:00,ALINTA_WGP_ESR1,20.31,-7.530,20.31,,,10,10,-10.15
2026-08-01T09:40:00+08:00,COLLIE_BESS2,588.2,-709.4,588.2,300,-300,40,40,-1.2
2026-08-01T09:40:00+08:00,COLLIE_ESR1,562.9,-243.8,562.9,200,-200,40,40,8
2026-08-01T09:40:00+08:00,COLLIE_ESR4,409,-713.9,409,250,-250,40,40,-0.7
2026-08-01T09:40:00+08:00,COLLIE_ESR5,365.1,-757.2,365.1,250,-250,40,40,-0.900
2026-08-01T09:40:00+08:00,KWINANA_ESR1,28.66,-163.2,28.66,100,-100,20,20,28.2
2026-08-01T09:40:00+08:00,KWINANA_ESR2,256.5,-746.3,256.5,225,-225,40,40,4
2026-08-01T09:45:00+08:00,ALINTA_WGP_ESR1,21.07,-6.77,21.07,,,10,10,-10.140
2026-08-01T09:45:00+08:00,COLLIE_BESS2,589.8,-707.8,589.8,300,-300,40,40,-6.6
2026-08-01T09:45:00+08:00,COLLIE_ESR1,561.600,-245.1,561.600,200,-200,40,40,7.360
2026-08-01T09:45:00+08:00,COLLIE_ESR4,408.800,-714.100,408.800,250,-250,40,40,-0.4
2026-08-01T09:45:00+08:00,COLLIE_ESR5,364.9,-757.3,364.9,250,-250,40,40,-0.5
2026-08-01T09:45:00+08:00,KWINANA_ESR1,26.81,-165.19,26.81,100,-100,20,20,22.4
2026-08-01T09:45:00+08:00,KWINANA_ESR2,255.900,-746.7,255.900,225,-225,40,40,3.100
2026-08-01T09:50:00+08:00,ALINTA_WGP_ESR1,21.84,-6,21.84,,,10,10,-10.17
2026-08-01T09:50:00+08:00,COLLIE_BESS2,590.9,-706.7,590.9,300,-300,40,40,-2.600
2026-08-01T09:50:00+08:00,COLLIE_ESR1,560.9,-245.7,560.9,200,-200,40,40,5.6
2026-08-01T09:50:00+08:00,COLLIE_ESR4,408.6,-714.3,408.6,250,-250,40,40,-0.4
2026-08-01T09:50:00+08:00,COLLIE_ESR5,366.2,-755.7,366.2,250,-250,40,40,-0.5
2026-08-01T09:50:00+08:00,KWINANA_ESR1,25.05,-167.070,25.05,100,-100,20,20,19
2026-08-01T09:50:00+08:00,KWINANA_ESR2,255.400,-747.100,255.400,225,-225,40,40,1.4
2026-08-01T09:55:00+08:00,ALINTA_WGP_ESR1,22.59,-5.24,22.59,,,10,10,-10.12
2026-08-01T09:55:00+08:00,COLLIE_BESS2,589.600,-708,589.600,300,-300,40,40,-0.1
2026-08-01T09:55:00+08:00,COLLIE_ESR1,560.8,-245.8,560.8,200,-200,40,40,10.88
2026-08-01T09:55:00+08:00,COLLIE_ESR4,408.4,-714.4,408.4,250,-250,40,40,0
2026-08-01T09:55:00+08:00,COLLIE_ESR5,364.5,-757.7,364.5,250,-250,40,40,0
2026-08-01T09:55:00+08:00,KWINANA_ESR1,23.55,-168.69,23.55,100,-100,20,20,29.5
2026-08-01T09:55:00+08:00,KWINANA_ESR2,254.7,-747.600,254.7,225,-225,40,40,7.4
2026-08-01T10:00:00+08:00,ALINTA_WGP_ESR1,23.360,-4.48,23.360,,,10,10,-10.07
2026-08-01T10:00:00+08:00,COLLIE_BESS2,588.3,-709.3,588.3,300,-300,40,40,-0.1
2026-08-01T10:00:00+08:00,COLLIE_ESR1,560,-246.7,560,200,-200,40,40,15.2
2026-08-01T10:00:00+08:00,COLLIE_ESR4,408.2,-714.600,408.2,250,-250,40,40,0
2026-08-01T10:00:00+08:00,COLLIE_ESR5,364.300,-757.9,364.300,250,-250,40,40,0
2026-08-01T10:00:00+08:00,KWINANA_ESR1,20.67,-171.76,20.67,100,-100,20,20,37.600
2026-08-01T10:00:00+08:00,KWINANA_ESR2,253.2,-748.600,253.2,225,-225,40,40,11.400
2026-08-01T10:05:00+08:00,ALINTA_WGP_ESR1,20.370,-3.48,20.370,,,10,10,-9.470
2026-08-01T10:05:00+08:00,COLLIE_BESS2,589.4,-708.100,589.4,300,-300,40,40,-6.4
2026-08-01T10:05:00+08:00,COLLIE_ESR1,558.8,-247.8,558.8,200,-200,40,40,8.32
2026-08-01T10:05:00+08:00,COLLIE_ESR4,408,-714.7,408,250,-250,40,40,-0.8
2026-08-01T10:05:00+08:00,COLLIE_ESR5,365.6,-756.3,365.6,250,-250,40,40,-0.900
2026-08-01T10:05:00+08:00,KWINANA_ESR1,18.59,-174.01,18.59,100,-100,20,20,16.7
2026-08-01T10:05:00+08:00,KWINANA_ESR2,251.1,-750.100,251.1,225,-225,40,40,14.900
2026-08-01T10:10:00+08:00,ALINTA_WGP_ESR1,30.34,-9.41,30.34,,,10,10,-10
2026-08-01T10:10:00+08:00,COLLIE_BESS2,591,-706.600,591,300,-300,40,40,0.8
2026-08-01T10:10:00+08:00,COLLIE_ESR1,557.9,-248.8,557.9,200,-200,40,40,0.800
2026-08-01T10:10:00+08:00,COLLIE_ESR4,407.800,-714.9,407.800,250,-250,40,40,0
2026-08-01T10:10:00+08:00,COLLIE_ESR5,363.9,-758.2,363.9,250,-250,40,40,1.4
2026-08-01T10:10:00+08:00,KWINANA_ESR1,18.07,-174.570,18.07,100,-100,20,20,-0.6
2026-08-01T10:10:00+08:00,KWINANA_ESR2,250.1,-750.8,250.1,225,-225,40,40,0.3
2026-08-01T10:15:00+08:00,ALINTA_WGP_ESR1,27.08,-8.71,27.08,,,10,10,-10.05
2026-08-01T10:15:00+08:00,COLLIE_BESS2,591.8,-705.8,591.8,300,-300,40,40,-28.9
2026-08-01T10:15:00+08:00,COLLIE_ESR1,557.600,-249.1,557.600,200,-200,40,40,5.44
2026-08-01T10:15:00+08:00,COLLIE_ESR4,407.6,-715,407.6,250,-250,40,40,2.4
2026-08-01T10:15:00+08:00,COLLIE_ESR5,363.7,-758.4,363.7,250,-250,40,40,1.4
2026-08-01T10:15:00+08:00,KWINANA_ESR1,17.96,-174.68,17.96,100,-100,20,20,1.9
2026-08-01T10:15:00+08:00,KWINANA_ESR2,249.6,-751.100,249.6,225,-225,40,40,2.8
2026-08-01T10:20:00+08:00,ALINTA_WGP_ESR1,30.42,-9.34,30.42,,,10,10,-10.060
2026-08-01T10:20:00+08:00,COLLIE_BESS2,592.9,-704.7,592.9,300,-300,40,40,-34.3
2026-08-01T10:20:00+08:00,COLLIE_ESR1,557.4,-249.3,557.4,200,-200,40,40,-3.200
2026-08-01T10:20:00+08:00,COLLIE_ESR4,407.4,-715.2,407.4,250,-250,40,40,-1
2026-08-01T10:20:00+08:00,COLLIE_ESR5,365,-756.8,365,250,-250,40,40,-1.2
2026-08-01T10:20:00+08:00,KWINANA_ESR1,17.71,-174.94,17.71,100,-100,20,20,-2.9
2026-08-01T10:20:00+08:00,KWINANA_ESR2,248.900,-751.600,248.900,225,-225,40,40,-0.7
2026-08-01T10:25:00+08:00,ALINTA_WGP_ESR1,27.38,-8.4,27.38,,,10,10,-10.07
2026-08-01T10:25:00+08:00,COLLIE_BESS2,594.7,-702.9,594.7,300,-300,40,40,-18.9
2026-08-01T10:25:00+08:00,COLLIE_ESR1,558.5,-248.2,558.5,200,-200,40,40,-7.840
2026-08-01T10:25:00+08:00,COLLIE_ESR4,407.2,-715.4,407.2,250,-250,40,40,0.5
2026-08-01T10:25:00+08:00,COLLIE_ESR5,363.300,-758.7,363.300,250,-250,40,40,0.7
2026-08-01T10:25:00+08:00,KWINANA_ESR1,18.69,-173.9,18.69,100,-100,20,20,-22.6
2026-08-01T10:25:00+08:00,KWINANA_ESR2,248.7,-751.7,248.7,225,-225,40,40,0
2026-08-01T10:30:00+08:00,ALINTA_WGP_ESR1,28.34,-7.44,28.34,,,10,10,-10.08
2026-08-01T10:30:00+08:00,COLLIE_BESS2,598.3,-699.3,598.3,300,-300,40,40,-61.100
2026-08-01T10:30:00+08:00,COLLIE_ESR1,557.7,-249,557.7,200,-200,40,40,4.96
2026-08-01T10:30:00+08:00,COLLIE_ESR4,407,-715.600,407,250,-250,40,40,0
2026-08-01T10:30:00+08:00,COLLIE_ESR5,363.1,-758.9,363.1,250,-250,40,40,0
2026-08-01T10:30:00+08:00,KWINANA_ESR1,18.93,-173.64,18.93,100,-100,20,20,6.3
2026-08-01T10:30:00+08:00,KWINANA_ESR2,248.2,-752.100,248.2,225,-225,40,40,11.400
2026-08-01T10:35:00+08:00,ALINTA_WGP_ESR1,21.34,-6.48,21.34,,,10,10,-10.140
2026-08-01T10:35:00+08:00,COLLIE_BESS2,603.2,-694.4,603.2,300,-300,40,40,-57.8
2026-08-01T10:35:00+08:00,COLLIE_ESR1,557,-249.6,557,200,-200,40,40,4.16
2026-08-01T10:35:00+08:00,COLLIE_ESR4,406.800,-715.8,406.800,250,-250,40,40,0
2026-08-01T10:35:00+08:00,COLLIE_ESR5,362.9,-759.2,362.9,250,-250,40,40,0
2026-08-01T10:35:00+08:00,KWINANA_ESR1,18.57,-174.03,18.57,100,-100,20,20,5.1
2026-08-01T10:35:00+08:00,KWINANA_ESR2,246.900,-753,246.900,225,-225,40,40,9.6
2026-08-01T10:40:00+08:00,ALINTA_WGP_ESR1,18.26,-5.6,18.26,,,10,10,-9.48
2026-08-01T10:40:00+08:00,COLLIE_BESS2,606.2,-691.3,606.2,300,-300,40,40,-54.2
2026-08-01T10:40:00+08:00,COLLIE_ESR1,557.600,-249,557.600,200,-200,40,40,-7.840
2026-08-01T10:40:00+08:00,COLLIE_ESR4,406.6,-715.9,406.6,250,-250,40,40,0
2026-08-01T10:40:00+08:00,COLLIE_ESR5,362.7,-759.3,362.7,250,-250,40,40,0
2026-08-01T10:40:00+08:00,KWINANA_ESR1,19.23,-173.320,19.23,100,-100,20,20,-26.6
2026-08-01T10:40:00+08:00,KWINANA_ESR2,246.6,-753.2,246.6,225,-225,40,40,-0.3
2026-08-01T10:45:00+08:00,ALINTA_WGP_ESR1,14.510,-5.38,14.510,,,10,10,-0.460
2026-08-01T10:45:00+08:00,COLLIE_BESS2,611,-686.600,611,300,-300,40,40,-100.8
2026-08-01T10:45:00+08:00,COLLIE_ESR1,558.7,-247.900,558.7,200,-200,40,40,0.16
2026-08-01T10:45:00+08:00,COLLIE_ESR4,406.5,-716.100,406.5,250,-250,40,40,0
2026-08-01T10:45:00+08:00,COLLIE_ESR5,362.5,-759.4,362.5,250,-250,40,40,0.1
2026-08-01T10:45:00+08:00,KWINANA_ESR1,20.27,-172.2,20.27,100,-100,20,20,-5.6
2026-08-01T10:45:00+08:00,KWINANA_ESR2,246.3,-753.3,246.3,225,-225,40,40,2.7
2026-08-01T10:50:00+08:00,ALINTA_WGP_ESR1,14.510,-5.37,14.510,,,10,10,-0.42
2026-08-01T10:50:00+08:00,COLLIE_BESS2,621.9,-675.600,621.9,300,-300,40,40,-147.5
2026-08-01T10:50:00+08:00,COLLIE_ESR1,556.9,-249.8,556.9,200,-200,40,40,7.68
2026-08-01T10:50:00+08:00,COLLIE_ESR4,406.2,-716.2,406.2,250,-250,40,40,0
2026-08-01T10:50:00+08:00,COLLIE_ESR5,362.300,-759.600,362.300,250,-250,40,40,0
2026-08-01T10:50:00+08:00,KWINANA_ESR1,19.860,-172.62,19.860,100,-100,20,20,6.700
2026-08-01T10:50:00+08:00,KWINANA_ESR2,244.900,-754.5,244.900,225,-225,40,40,20.5
2026-08-01T10:55:00+08:00,ALINTA_WGP_ESR1,14.510,-5.37,14.510,,,10,10,-0.39
2026-08-01T10:55:00+08:00,COLLIE_BESS2,633.600,-664,633.600,300,-300,40,40,-172.7
2026-08-01T10:55:00+08:00,COLLIE_ESR1,556.5,-250.2,556.5,200,-200,40,40,12.48
2026-08-01T10:55:00+08:00,COLLIE_ESR4,406,-716.4,406,250,-250,40,40,1.2
2026-08-01T10:55:00+08:00,COLLIE_ESR5,362.1,-759.7,362.1,250,-250,40,40,0
2026-08-01T10:55:00+08:00,KWINANA_ESR1,18.870,-173.7,18.870,100,-100,20,20,13.400
2026-08-01T10:55:00+08:00,KWINANA_ESR2,241.8,-756.8,241.8,225,-225,40,40,28.9
2026-08-01T11:00:00+08:00,ALINTA_WGP_ESR1,14.510,-5.37,14.510,,,10,10,-0.41
2026-08-01T11:00:00+08:00,COLLIE_BESS2,646.3,-651.3,646.3,300,-300,40,40,-164.8
2026-08-01T11:00:00+08:00,COLLIE_ESR1,556.100,-250.5,556.100,200,-200,40,40,3.36
2026-08-01T11:00:00+08:00,COLLIE_ESR4,405.800,-716.600,405.800,250,-250,40,40,0
2026-08-01T11:00:00+08:00,COLLIE_ESR5,361.9,-760,361.9,250,-250,40,40,0
2026-08-01T11:00:00+08:00,KWINANA_ESR1,17.94,-174.710,17.94,100,-100,20,20,4.3
2026-08-01T11:00:00+08:00,KWINANA_ESR2,239.3,-758.600,239.3,225,-225,40,40,6.5
2026-08-01T11:05:00+08:00,ALINTA_WGP_ESR1,14.510,-5.37,14.510,,,10,10,-0.430
2026-08-01T11:05:00+08:00,COLLIE_BESS2,658.5,-639.100,658.5,300,-300,40,40,-190.6
2026-08-01T11:05:00+08:00,COLLIE_ESR1,556,-250.6,556,200,-200,40,40,1.28
2026-08-01T11:05:00+08:00,COLLIE_ESR4,405.7,-716.9,405.7,250,-250,40,40,0
2026-08-01T11:05:00+08:00,COLLIE_ESR5,361.7,-760.2,361.7,250,-250,40,40,0.1
2026-08-01T11:05:00+08:00,KWINANA_ESR1,17.71,-174.95,17.71,100,-100,20,20,0.2
2026-08-01T11:05:00+08:00,KWINANA_ESR2,238.6,-759.2,238.6,225,-225,40,40,2.5
2026-08-01T11:10:00+08:00,ALINTA_WGP_ESR1,14.510,-5.37,14.510,,,10,10,-0.430
2026-08-01T11:10:00+08:00,COLLIE_BESS2,673.7,-623.9,673.7,300,-300,40,40,-186.400
2026-08-01T11:10:00+08:00,COLLIE_ESR1,555.8,-250.8,555.8,200,-200,40,40,-0.800
2026-08-01T11:10:00+08:00,COLLIE_ESR4,405.5,-717,405.5,250,-250,40,40,0
2026-08-01T11:10:00+08:00,COLLIE_ESR5,361.5,-760.3,361.5,250,-250,40,40,0
2026-08-01T11:10:00+08:00,KWINANA_ESR1,17.790,-174.86,17.790,100,-100,20,20,-2.5
2026-08-01T11:10:00+08:00,KWINANA_ESR2,239.1,-758.7,239.1,225,-225,40,40,-20.9
2026-08-01T11:15:00+08:00,ALINTA_WGP_ESR1,14.4,-5.49,14.4,,,40,40,9.98
2026-08-01T11:15:00+08:00,COLLIE_BESS2,687.9,-609.600,687.9,300,-300,40,40,-186
2026-08-01T11:15:00+08:00,COLLIE_ESR1,555.4,-251.2,555.4,200,-200,40,40,2.08
2026-08-01T11:15:00+08:00,COLLIE_ESR4,405.300,-717.2,405.300,250,-250,40,40,0
2026-08-01T11:15:00+08:00,COLLIE_ESR5,361.300,-760.4,361.300,250,-250,40,40,0
2026-08-01T11:15:00+08:00,KWINANA_ESR1,17.75,-174.91,17.75,100,-100,20,20,1.9
2026-08-01T11:15:00+08:00,KWINANA_ESR2,241,-756.600,241,225,-225,40,40,-37.3
2026-08-01T11:20:00+08:00,ALINTA_WGP_ESR1,41.17,-6.820,41.17,,,40,40,9.98
2026-08-01T11:20:00+08:00,COLLIE_BESS2,701.9,-595.7,701.9,300,-300,40,40,-187.6
2026-08-01T11:20:00+08:00,COLLIE_ESR1,554.9,-251.7,554.9,200,-200,40,40,-0.64
2026-08-01T11:20:00+08:00,COLLIE_ESR4,405.1,-717.3,405.1,250,-250,40,40,0
2026-08-01T11:20:00+08:00,COLLIE_ESR5,364.300,-757.600,364.300,250,-250,40,40,-48.7
2026-08-01T11:20:00+08:00,KWINANA_ESR1,17.52,-175.15,17.52,100,-100,20,20,1
2026-08-01T11:20:00+08:00,KWINANA_ESR2,242.5,-754.9,242.5,225,-225,40,40,-3.5
2026-08-01T11:25:00+08:00,ALINTA_WGP_ESR1,40.26,-7.68,40.26,,,40,40,10
2026-08-01T11:25:00+08:00,COLLIE_BESS2,714.5,-583.100,714.5,300,-300,40,40,-129.3
2026-08-01T11:25:00+08:00,COLLIE_ESR1,558.8,-247.8,558.8,200,-200,40,40,-135.36
2026-08-01T11:25:00+08:00,COLLIE_ESR4,404.9,-717.5,404.9,250,-250,40,40,0.3
2026-08-01T11:25:00+08:00,COLLIE_ESR5,367,-755.3,367,250,-250,40,40,-4
2026-08-01T11:25:00+08:00,KWINANA_ESR1,17.780,-174.87,17.780,100,-100,20,20,-10.3
2026-08-01T11:25:00+08:00,KWINANA_ESR2,242.1,-755.100,242.1,225,-225,40,40,0
2026-08-01T11:30:00+08:00,ALINTA_WGP_ESR1,39.29,-8.62,39.29,,,40,40,10.08
2026-08-01T11:30:00+08:00,COLLIE_BESS2,723.7,-573.8,723.7,300,-300,40,40,-128
2026-08-01T11:30:00+08:00,COLLIE_ESR1,570.4,-236.3,570.4,200,-200,40,40,-160
2026-08-01T11:30:00+08:00,COLLIE_ESR4,404.800,-717.600,404.800,250,-250,40,40,0
2026-08-01T11:30:00+08:00,COLLIE_ESR5,365.4,-757.2,365.4,250,-250,40,40,0
2026-08-01T11:30:00+08:00,KWINANA_ESR1,19.540,-172.98,19.540,100,-100,20,20,-38.7
2026-08-01T11:30:00+08:00,KWINANA_ESR2,242,-755.2,242,225,-225,40,40,-0.4
2026-08-01T11:35:00+08:00,ALINTA_WGP_ESR1,38.36,-9.37,38.36,,,40,40,10
2026-08-01T11:35:00+08:00,COLLIE_BESS2,735.600,-561.9,735.600,300,-300,40,40,-181.8
2026-08-01T11:35:00+08:00,COLLIE_ESR1,582.5,-224.3,582.5,200,-200,40,40,-149.28
2026-08-01T11:35:00+08:00,COLLIE_ESR4,404.7,-717.8,404.7,250,-250,40,40,-0.6
2026-08-01T11:35:00+08:00,COLLIE_ESR5,366.6,-755.600,366.6,250,-250,40,40,-0.7
2026-08-01T11:35:00+08:00,KWINANA_ESR1,21.55,-170.83,21.55,100,-100,20,20,-19.6
2026-08-01T11:35:00+08:00,KWINANA_ESR2,241.7,-755.4,241.7,225,-225,40,40,-1.2
2026-08-01T11:40:00+08:00,ALINTA_WGP_ESR1,37.42,-10.3,37.42,,,40,40,10.05
2026-08-01T11:40:00+08:00,COLLIE_BESS2,746.100,-551.3,746.100,300,-300,40,40,-41
2026-08-01T11:40:00+08:00,COLLIE_ESR1,589.600,-217.2,589.600,200,-200,40,40,-20.64
2026-08-01T11:40:00+08:00,COLLIE_ESR4,408.300,-715.3,408.300,250,-250,40,40,-96.8
2026-08-01T11:40:00+08:00,COLLIE_ESR5,369.6,-752.9,369.6,250,-250,40,40,-97.6
2026-08-01T11:40:00+08:00,KWINANA_ESR1,21.870,-170.490,21.870,100,-100,20,20,0.5
2026-08-01T11:40:00+08:00,KWINANA_ESR2,244.8,-752.3,244.8,225,-225,40,40,-104.1
2026-08-01T11:45:00+08:00,ALINTA_WGP_ESR1,36.53,-11.21,36.53,,,40,40,10.060
2026-08-01T11:45:00+08:00,COLLIE_BESS2,746.5,-550.9,746.5,300,-300,40,40,1.300
2026-08-01T11:45:00+08:00,COLLIE_ESR1,589.100,-217.7,589.100,200,-200,40,40,4.64
2026-08-01T11:45:00+08:00,COLLIE_ESR4,421.5,-703.600,421.5,250,-250,40,40,-212.2
2026-08-01T11:45:00+08:00,COLLIE_ESR5,383,-740.8,383,250,-250,40,40,-213.1
2026-08-01T11:45:00+08:00,KWINANA_ESR1,21.59,-170.79,21.59,100,-100,20,20,2.5
2026-08-01T11:45:00+08:00,KWINANA_ESR2,249.5,-747.3,249.5,225,-225,40,40,-3.3
2026-08-01T11:50:00+08:00,ALINTA_WGP_ESR1,36.42,-11.57,36.42,,,40,40,0.01
2026-08-01T11:50:00+08:00,COLLIE_BESS2,747.8,-545.600,747.8,300,-300,40,40,-155
2026-08-01T11:50:00+08:00,COLLIE_ESR1,588.600,-218.2,588.600,200,-200,40,40,4
2026-08-01T11:50:00+08:00,COLLIE_ESR4,436.800,-689.600,436.800,250,-250,40,40,-124
2026-08-01T11:50:00+08:00,COLLIE_ESR5,402.1,-724,402.1,250,-250,40,40,-205.6
2026-08-01T11:50:00+08:00,KWINANA_ESR1,21.35,-171.05,21.35,100,-100,20,20,1.2
2026-08-01T11:50:00+08:00,KWINANA_ESR2,248.3,-748.4,248.3,225,-225,40,40,6
2026-08-01T11:55:00+08:00,ALINTA_WGP_ESR1,36.310,-11.430,36.310,,,40,40,-0.430
2026-08-01T11:55:00+08:00,COLLIE_BESS2,760.7,-532.7,760.7,300,-300,40,40,-174.2
2026-08-01T11:55:00+08:00,COLLIE_ESR1,588.8,-217.900,588.8,200,-200,40,40,-3.84
2026-08-01T11:55:00+08:00,COLLIE_ESR4,441.4,-684.8,441.4,250,-250,40,40,-7.6
2026-08-01T11:55:00+08:00,COLLIE_ESR5,419.1,-708.2,419.1,250,-250,40,40,-221.5
2026-08-01T11:55:00+08:00,KWINANA_ESR1,23.68,-168.55,23.68,100,-100,20,20,-78
2026-08-01T11:55:00+08:00,KWINANA_ESR2,248.7,-747.9,248.7,225,-225,40,40,-14.2
2026-08-01T12:00:00+08:00,ALINTA_WGP_ESR1,37.6,-14.12,37.6,,,40,40,-0.42
2026-08-01T12:00:00+08:00,COLLIE_BESS2,774.4,-519.100,774.4,300,-300,40,40,-173
2026-08-01T12:00:00+08:00,COLLIE_ESR1,589,-217.8,589,200,-200,40,40,0.48
2026-08-01T12:00:00+08:00,COLLIE_ESR4,441.2,-685,441.2,250,-250,40,40,0
2026-08-01T12:00:00+08:00,COLLIE_ESR5,439.300,-690.3,439.300,250,-250,40,40,-244.7
2026-08-01T12:00:00+08:00,KWINANA_ESR1,31.01,-160.67,31.01,100,-100,20,20,-99.1
2026-08-01T12:00:00+08:00,KWINANA_ESR2,249.3,-747.2,249.3,225,-225,40,40,-3.5
2026-08-01T12:05:00+08:00,ALINTA_WGP_ESR1,36.3,-11.44,36.3,,,40,40,-0.430
2026-08-01T12:05:00+08:00,COLLIE_BESS2,787.100,-506.4,787.100,300,-300,40,40,-173.7
2026-08-01T12:05:00+08:00,COLLIE_ESR1,588.5,-218.2,588.5,200,-200,40,40,1.28
2026-08-01T12:05:00+08:00,COLLIE_ESR4,441.800,-684.4,441.800,250,-250,40,40,-27.1
2026-08-01T12:05:00+08:00,COLLIE_ESR5,460.9,-671.7,460.9,250,-250,40,40,-249.8
2026-08-01T12:05:00+08:00,KWINANA_ESR1,38,-153.16,38,100,-100,20,20,-87.6
2026-08-01T12:05:00+08:00,KWINANA_ESR2,249.400,-747,249.400,225,-225,40,40,-5
2026-08-01T12:10:00+08:00,ALINTA_WGP_ESR1,36.3,-11.44,36.3,,,40,40,-0.45
2026-08-01T12:10:00+08:00,COLLIE_BESS2,796.100,-497.5,796.100,300,-300,40,40,-20.2
2026-08-01T12:10:00+08:00,COLLIE_ESR1,588.4,-218.400,588.4,200,-200,40,40,3.04
2026-08-01T12:10:00+08:00,COLLIE_ESR4,446.5,-679.8,446.5,250,-250,40,40,-107.4
2026-08-01T12:10:00+08:00,COLLIE_ESR5,481.6,-652.600,481.6,250,-250,40,40,-250.2
2026-08-01T12:10:00+08:00,KWINANA_ESR1,42.87,-147.92,42.87,100,-100,20,20,-18.5
2026-08-01T12:10:00+08:00,KWINANA_ESR2,254.2,-742.5,254.2,225,-225,40,40,-148.1
2026-08-01T12:15:00+08:00,ALINTA_WGP_ESR1,36.3,-11.44,36.3,,,40,40,-0.48
2026-08-01T12:15:00+08:00,COLLIE_BESS2,796.2,-497.5,796.2,300,-300,40,40,-4.8
2026-08-01T12:15:00+08:00,COLLIE_ESR1,588.3,-218.400,588.3,200,-200,40,40,0.64
2026-08-01T12:15:00+08:00,COLLIE_ESR4,455,-671.8,455,250,-250,40,40,-90.9
2026-08-01T12:15:00+08:00,COLLIE_ESR5,503.1,-633.9,503.1,250,-250,40,40,-250.2
2026-08-01T12:15:00+08:00,KWINANA_ESR1,42.69,-148.12,42.69,100,-100,20,20,9.2
2026-08-01T12:15:00+08:00,KWINANA_ESR2,272.4,-726.7,272.4,225,-225,40,40,-221
2026-08-01T12:20:00+08:00,ALINTA_WGP_ESR1,36.53,-11.21,36.53,,,40,40,-6.260
2026-08-01T12:20:00+08:00,COLLIE_BESS2,796.3,-497.4,796.3,300,-300,40,40,-1.4
2026-08-01T12:20:00+08:00,COLLIE_ESR1,588.3,-218.400,588.3,200,-200,40,40,-0.96
2026-08-01T12:20:00+08:00,COLLIE_ESR4,462.4,-664.9,462.4,250,-250,40,40,-93.9
2026-08-01T12:20:00+08:00,COLLIE_ESR5,529.600,-614.4,529.600,250,-250,40,40,-250.1
2026-08-01T12:20:00+08:00,KWINANA_ESR1,42.830,-147.98,42.830,100,-100,20,20,-1.7
2026-08-01T12:20:00+08:00,KWINANA_ESR2,291.7,-709.5,291.7,225,-225,40,40,-222.400
2026-08-01T12:25:00+08:00,ALINTA_WGP_ESR1,36.970,-10.76,36.970,,,40,40,-6.280
2026-08-01T12:25:00+08:00,COLLIE_BESS2,796.9,-496.9,796.9,300,-300,40,40,-3
2026-08-01T12:25:00+08:00,COLLIE_ESR1,588.600,-218.2,588.600,200,-200,40,40,-2.400
2026-08-01T12:25:00+08:00,COLLIE_ESR4,469.5,-658.3,469.5,250,-250,40,40,-76.1
2026-08-01T12:25:00+08:00,COLLIE_ESR5,557.3,-595.8,557.3,250,-250,40,40,-250
2026-08-01T12:25:00+08:00,KWINANA_ESR1,45.11,-145.52,45.11,100,-100,20,20,-77.1
2026-08-01T12:25:00+08:00,KWINANA_ESR2,309.4,-693,309.4,225,-225,40,40,-222.900
2026-08-01T12:30:00+08:00,ALINTA_WGP_ESR1,37.43,-10.29,37.43,,,40,40,-6.300
2026-08-01T12:30:00+08:00,COLLIE_BESS2,796.8,-497,796.8,300,-300,40,40,-2.4
2026-08-01T12:30:00+08:00,COLLIE_ESR1,588.7,-218.1,588.7,200,-200,40,40,-2.08
2026-08-01T12:30:00+08:00,COLLIE_ESR4,475.5,-652.7,475.5,250,-250,40,40,-71.5
2026-08-01T12:30:00+08:00,COLLIE_ESR5,584.600,-576.9,584.600,250,-250,40,40,-249.8
2026-08-01T12:30:00+08:00,KWINANA_ESR1,52.28,-137.83,52.28,100,-100,20,20,-99.9
2026-08-01T12:30:00+08:00,KWINANA_ESR2,329.5,-675.7,329.5,225,-225,40,40,-222.1
2026-08-01T12:35:00+08:00,ALINTA_WGP_ESR1,37.87,-9.850,37.87,,,40,40,-6.360
2026-08-01T12:35:00+08:00,COLLIE_BESS2,795.9,-497.800,795.9,300,-300,40,40,-0.5
2026-08-01T12:35:00+08:00,COLLIE_ESR1,588.100,-218.6,588.100,200,-200,40,40,-0.16
2026-08-01T12:35:00+08:00,COLLIE_ESR4,482.2,-646.5,482.2,250,-250,40,40,-103.6
2026-08-01T12:35:00+08:00,COLLIE_ESR5,609,-557.7,609,250,-250,40,40,-250.1
2026-08-01T12:35:00+08:00,KWINANA_ESR1,59.44,-130.12,59.44,100,-100,20,20,-98.5
2026-08-01T12:35:00+08:00,KWINANA_ESR2,353.300,-659,353.300,225,-225,40,40,-222.5
2026-08-01T12:40:00+08:00,ALINTA_WGP_ESR1,38.34,-9.38,38.34,,,40,40,-6.33
2026-08-01T12:40:00+08:00,COLLIE_BESS2,797.5,-496.300,797.5,300,-300,40,40,-13.900
2026-08-01T12:40:00+08:00,COLLIE_ESR1,589,-217.8,589,200,-200,40,40,-10.560
2026-08-01T12:40:00+08:00,COLLIE_ESR4,492,-637.4,492,250,-250,40,40,-131.2
2026-08-01T12:40:00+08:00,COLLIE_ESR5,631,-538.7,631,250,-250,40,40,-250.1
2026-08-01T12:40:00+08:00,KWINANA_ESR1,66.93,-122.07,66.93,100,-100,20,20,-100.1
2026-08-01T12:40:00+08:00,KWINANA_ESR2,377.5,-642.5,377.5,225,-225,40,40,-205.3
2026-08-01T12:45:00+08:00,ALINTA_WGP_ESR1,38.8,-8.92,38.8,,,40,40,-6.31
2026-08-01T12:45:00+08:00,COLLIE_BESS2,798.2,-495.5,798.2,300,-300,40,40,-2.3
2026-08-01T12:45:00+08:00,COLLIE_ESR1,590,-216.8,590,200,-200,40,40,-1.76
2026-08-01T12:45:00+08:00,COLLIE_ESR4,506.7,-624.4,506.7,250,-250,40,40,-231.8
2026-08-01T12:45:00+08:00,COLLIE_ESR5,650.9,-520.2,650.9,250,-250,40,40,-250.1
2026-08-01T12:45:00+08:00,KWINANA_ESR1,74.28,-114.2,74.28,100,-100,20,20,-99.9
2026-08-01T12:45:00+08:00,KWINANA_ESR2,395,-628.5,395,225,-225,40,40,-181.400
2026-08-01T12:50:00+08:00,ALINTA_WGP_ESR1,38.87,-8.84,38.87,,,40,40,-0.42
2026-08-01T12:50:00+08:00,COLLIE_BESS2,797.9,-495.800,797.9,300,-300,40,40,2
2026-08-01T12:50:00+08:00,COLLIE_ESR1,588.8,-217.900,588.8,200,-200,40,40,10.560
2026-08-01T12:50:00+08:00,COLLIE_ESR4,530,-604.9,530,250,-250,40,40,-249.7
2026-08-01T12:50:00+08:00,COLLIE_ESR5,671.2,-501,671.2,250,-250,40,40,-249.900
2026-08-01T12:50:00+08:00,KWINANA_ESR1,81.08,-106.89,81.08,100,-100,20,20,-69.5
2026-08-01T12:50:00+08:00,KWINANA_ESR2,412.4,-613.3,412.4,225,-225,40,40,-218.1
2026-08-01T12:55:00+08:00,ALINTA_WGP_ESR1,38.87,-8.84,38.87,,,40,40,-0.400
2026-08-01T12:55:00+08:00,COLLIE_BESS2,797.8,-495.9,797.8,300,-300,40,40,-0.8
2026-08-01T12:55:00+08:00,COLLIE_ESR1,587.7,-219.1,587.7,200,-200,40,40,10.08
2026-08-01T12:55:00+08:00,COLLIE_ESR4,551.2,-586.2,551.2,250,-250,40,40,-250.1
2026-08-01T12:55:00+08:00,COLLIE_ESR5,687,-485.5,687,250,-250,40,40,-151.900
2026-08-01T12:55:00+08:00,KWINANA_ESR1,84.52,-103.18,84.52,100,-100,20,20,-33.7
2026-08-01T12:55:00+08:00,KWINANA_ESR2,431.7,-596.600,431.7,225,-225,40,40,-222.6
2026-08-01T13:00:00+08:00,ALINTA_WGP_ESR1,38.87,-8.84,38.87,,,40,40,-0.400
2026-08-01T13:00:00+08:00,COLLIE_BESS2,797.2,-496.5,797.2,300,-300,40,40,-0.2
2026-08-01T13:00:00+08:00,COLLIE_ESR1,590.2,-216.5,590.2,200,-200,40,40,-78.4
2026-08-01T13:00:00+08:00,COLLIE_ESR4,575.7,-566.8,575.7,250,-250,40,40,-250.1
2026-08-01T13:00:00+08:00,COLLIE_ESR5,693.4,-478.7,693.4,250,-250,40,40,-35.600
2026-08-01T13:00:00+08:00,KWINANA_ESR1,85.54,-102.1,85.54,100,-100,20,20,11.400
2026-08-01T13:00:00+08:00,KWINANA_ESR2,449.5,-580.100,449.5,225,-225,40,40,-216.1
2026-08-01T13:05:00+08:00,ALINTA_WGP_ESR1,38.87,-8.84,38.87,,,40,40,-0.400
2026-08-01T13:05:00+08:00,COLLIE_BESS2,798.600,-495.1,798.600,300,-300,40,40,-24.6
2026-08-01T13:05:00+08:00,COLLIE_ESR1,597.600,-209.2,597.600,200,-200,40,40,-120.96
2026-08-01T13:05:00+08:00,COLLIE_ESR4,596.8,-551.100,596.8,250,-250,40,40,-151.400
2026-08-01T13:05:00+08:00,COLLIE_ESR5,694.2,-477.7,694.2,250,-250,40,40,-2.5
2026-08-01T13:05:00+08:00,KWINANA_ESR1,83.25,-104.56,83.25,100,-100,20,20,43.2
2026-08-01T13:05:00+08:00,KWINANA_ESR2,467.2,-563.600,467.2,225,-225,40,40,-222.3
2026-08-01T13:10:00+08:00,ALINTA_WGP_ESR1,38.87,-8.84,38.87,,,40,40,-0.430
2026-08-01T13:10:00+08:00,COLLIE_BESS2,805,-488.7,805,300,-300,40,40,-182.2
2026-08-01T13:10:00+08:00,COLLIE_ESR1,607.3,-199.5,607.3,200,-200,40,40,-140.960
2026-08-01T13:10:00+08:00,COLLIE_ESR4,604.5,-543.7,604.5,250,-250,40,40,-50.600
2026-08-01T13:10:00+08:00,COLLIE_ESR5,692.2,-479.800,692.2,250,-250,40,40,1.7
2026-08-01T13:10:00+08:00,KWINANA_ESR1,80.440,-107.57,80.440,100,-100,20,20,17
2026-08-01T13:10:00+08:00,KWINANA_ESR2,479.5,-551.5,479.5,225,-225,40,40,-68.6
2026-08-01T13:15:00+08:00,ALINTA_WGP_ESR1,38.95,-9.020,38.95,,,40,40,-0.44
2026-08-01T13:15:00+08:00,COLLIE_BESS2,820.8,-475.2,820.8,300,-300,40,40,-219.7
2026-08-01T13:15:00+08:00,COLLIE_ESR1,618.100,-188.8,618.100,200,-200,40,40,-141.44
2026-08-01T13:15:00+08:00,COLLIE_ESR4,606.5,-541.4,606.5,250,-250,40,40,-12.7
2026-08-01T13:15:00+08:00,COLLIE_ESR5,691.7,-480.300,691.7,250,-250,40,40,0
2026-08-01T13:15:00+08:00,KWINANA_ESR1,78.42,-109.75,78.42,100,-100,20,20,25.1
2026-08-01T13:15:00+08:00,KWINANA_ESR2,480.5,-550.4,480.5,225,-225,40,40,-2.8
2026-08-01T13:20:00+08:00,ALINTA_WGP_ESR1,38.87,-8.84,38.87,,,40,40,-0.44
2026-08-01T13:20:00+08:00,COLLIE_BESS2,838.8,-458.7,838.8,300,-300,40,40,-217.900
2026-08-01T13:20:00+08:00,COLLIE_ESR1,628.7,-178.2,628.7,200,-200,40,40,-134.56
2026-08-01T13:20:00+08:00,COLLIE_ESR4,606.8,-541,606.8,250,-250,40,40,-0.900
2026-08-01T13:20:00+08:00,COLLIE_ESR5,691.100,-480.7,691.100,250,-250,40,40,0
2026-08-01T13:20:00+08:00,KWINANA_ESR1,76.64,-111.64,76.64,100,-100,20,20,17.2
2026-08-01T13:20:00+08:00,KWINANA_ESR2,480,-550.7,480,225,-225,40,40,-0.2
2026-08-01T13:25:00+08:00,ALINTA_WGP_ESR1,40.01,-11.680,40.01,,,40,40,-0.41
2026-08-01T13:25:00+08:00,COLLIE_BESS2,855.600,-442,855.600,300,-300,40,40,-210.400
2026-08-01T13:25:00+08:00,COLLIE_ESR1,639.5,-167.5,639.5,200,-200,40,40,-154.880
2026-08-01T13:25:00+08:00,COLLIE_ESR4,606.5,-541.2,606.5,250,-250,40,40,-0.5
2026-08-01T13:25:00+08:00,COLLIE_ESR5,690.7,-480.9,690.7,250,-250,40,40,-0.6
2026-08-01T13:25:00+08:00,KWINANA_ESR1,76.46,-111.85,76.46,100,-100,20,20,-20.1
2026-08-01T13:25:00+08:00,KWINANA_ESR2,479.6,-551,479.6,225,-225,40,40,-1.2
2026-08-01T13:30:00+08:00,ALINTA_WGP_ESR1,38.880,-8.84,38.880,,,40,40,-0.430
2026-08-01T13:30:00+08:00,COLLIE_BESS2,872.4,-425.1,872.4,300,-300,40,40,-215.3
2026-08-01T13:30:00+08:00,COLLIE_ESR1,651,-156,651,200,-200,40,40,-139.2
2026-08-01T13:30:00+08:00,COLLIE_ESR4,606.7,-541,606.7,250,-250,40,40,-12.400
2026-08-01T13:30:00+08:00,COLLIE_ESR5,690.100,-481.4,690.100,250,-250,40,40,0.8
2026-08-01T13:30:00+08:00,KWINANA_ESR1,76.65,-111.64,76.65,100,-100,20,20,19.300
2026-08-01T13:30:00+08:00,KWINANA_ESR2,479,-551.4,479,225,-225,40,40,1
2026-08-01T13:35:00+08:00,ALINTA_WGP_ESR1,38.880,-8.84,38.880,,,40,40,-0.460
2026-08-01T13:35:00+08:00,COLLIE_BESS2,887.600,-409.9,887.600,300,-300,40,40,-220
2026-08-01T13:35:00+08:00,COLLIE_ESR1,661.100,-146,661.100,200,-200,40,40,-139.04
2026-08-01T13:35:00+08:00,COLLIE_ESR4,607.2,-540.5,607.2,250,-250,40,40,-2.3
2026-08-01T13:35:00+08:00,COLLIE_ESR5,689.5,-481.800,689.5,250,-250,40,40,-1.2
2026-08-01T13:35:00+08:00,KWINANA_ESR1,73.42,-115.120,73.42,100,-100,20,20,35.8
2026-08-01T13:35:00+08:00,KWINANA_ESR2,478.4,-551.9,478.4,225,-225,40,40,-1.2
2026-08-01T13:40:00+08:00,ALINTA_WGP_ESR1,38.880,-8.84,38.880,,,40,40,-0.47
2026-08-01T13:40:00+08:00,COLLIE_BESS2,900.600,-396.9,900.600,300,-300,40,40,-61.8
2026-08-01T13:40:00+08:00,COLLIE_ESR1,668,-139.1,668,200,-200,40,40,-0.48
2026-08-01T13:40:00+08:00,COLLIE_ESR4,609.8,-537.7,609.8,250,-250,40,40,-97.4
2026-08-01T13:40:00+08:00,COLLIE_ESR5,691.7,-479.2,691.7,250,-250,40,40,-45.2
2026-08-01T13:40:00+08:00,KWINANA_ESR1,69.9,-118.89,69.9,100,-100,20,20,52.2
2026-08-01T13:40:00+08:00,KWINANA_ESR2,481.300,-547.8,481.300,225,-225,40,40,-150.900
2026-08-01T13:45:00+08:00,ALINTA_WGP_ESR1,38.880,-8.84,38.880,,,40,40,-0.47
2026-08-01T13:45:00+08:00,COLLIE_BESS2,906.5,-391,906.5,300,-300,40,40,-175.8
2026-08-01T13:45:00+08:00,COLLIE_ESR1,666.600,-140.5,666.600,200,-200,40,40,15.680
2026-08-01T13:45:00+08:00,COLLIE_ESR4,623.9,-525.600,623.9,250,-250,40,40,-211.3
2026-08-01T13:45:00+08:00,COLLIE_ESR5,693.4,-477,693.4,250,-250,40,40,-15.2
2026-08-01T13:45:00+08:00,KWINANA_ESR1,65.28,-123.86,65.28,100,-100,20,20,49.600
2026-08-01T13:45:00+08:00,KWINANA_ESR2,489.2,-538,489.2,225,-225,40,40,-42.8
2026-08-01T13:50:00+08:00,ALINTA_WGP_ESR1,38.880,-8.84,38.880,,,40,40,-0.430
2026-08-01T13:50:00+08:00,COLLIE_BESS2,921.5,-375.800,921.5,300,-300,40,40,-191.6
2026-08-01T13:50:00+08:00,COLLIE_ESR1,665.3,-141.8,665.3,200,-200,40,40,13.28
2026-08-01T13:50:00+08:00,COLLIE_ESR4,652,-508,652,250,-250,40,40,-247.5
2026-08-01T13:50:00+08:00,COLLIE_ESR5,693.600,-476.6,693.600,250,-250,40,40,-1
2026-08-01T13:50:00+08:00,KWINANA_ESR1,61.07,-128.37,61.07,100,-100,20,20,58.100
2026-08-01T13:50:00+08:00,KWINANA_ESR2,489,-538,489,225,-225,40,40,-0.7
2026-08-01T13:55:00+08:00,ALINTA_WGP_ESR1,38.880,-8.84,38.880,,,40,40,-0.44
2026-08-01T13:55:00+08:00,COLLIE_BESS2,929.4,-364.2,929.4,300,-300,40,40,-31.300
2026-08-01T13:55:00+08:00,COLLIE_ESR1,667.8,-139.3,667.8,200,-200,40,40,-114.56
2026-08-01T13:55:00+08:00,COLLIE_ESR4,679.2,-489.300,679.2,250,-250,40,40,-249.7
2026-08-01T13:55:00+08:00,COLLIE_ESR5,691.7,-478.800,691.7,250,-250,40,40,0.1
2026-08-01T13:55:00+08:00,KWINANA_ESR1,57.580,-132.12,57.580,100,-100,20,20,36.100
2026-08-01T13:55:00+08:00,KWINANA_ESR2,488.4,-538.4,488.4,225,-225,40,40,-0.900
2026-08-01T14:00:00+08:00,ALINTA_WGP_ESR1,38.880,-8.84,38.880,,,40,40,-0.44
2026-08-01T14:00:00+08:00,COLLIE_BESS2,929.4,-364.1,929.4,300,-300,40,40,0
2026-08-01T14:00:00+08:00,COLLIE_ESR1,674.3,-132.8,674.3,200,-200,40,40,-10.560
2026-08-01T14:00:00+08:00,COLLIE_ESR4,701,-470.2,701,250,-250,40,40,-250.1
2026-08-01T14:00:00+08:00,COLLIE_ESR5,691.2,-479,691.2,250,-250,40,40,0
2026-08-01T14:00:00+08:00,KWINANA_ESR1,55.91,-133.92,55.91,100,-100,20,20,15.3
2026-08-01T14:00:00+08:00,KWINANA_ESR2,490,-536.3,490,225,-225,40,40,-82.200
2026-08-01T14:05:00+08:00,ALINTA_WGP_ESR1,38.830,-8.890,38.830,,,10,10,1.970
2026-08-01T14:05:00+08:00,COLLIE_BESS2,929.100,-364.4,929.100,300,-300,40,40,0.3
2026-08-01T14:05:00+08:00,COLLIE_ESR1,673.9,-133.2,673.9,200,-200,40,40,0.16
2026-08-01T14:05:00+08:00,COLLIE_ESR4,716.8,-454.7,716.8,250,-250,40,40,-149.2
2026-08-01T14:05:00+08:00,COLLIE_ESR5,690.9,-479.2,690.9,250,-250,40,40,0.5
2026-08-01T14:05:00+08:00,KWINANA_ESR1,57.18,-132.56,57.18,100,-100,20,20,-62.4
2026-08-01T14:05:00+08:00,KWINANA_ESR2,497.7,-526.3,497.7,225,-225,40,40,-200.400
2026-08-01T14:10:00+08:00,ALINTA_WGP_ESR1,38.59,-9.13,38.59,,,10,10,1.950
2026-08-01T14:10:00+08:00,COLLIE_BESS2,931.4,-366,931.4,300,-300,40,40,4.6
2026-08-01T14:10:00+08:00,COLLIE_ESR1,673.600,-133.5,673.600,200,-200,40,40,2.24
2026-08-01T14:10:00+08:00,COLLIE_ESR4,727.5,-442.9,727.5,250,-250,40,40,-194
2026-08-01T14:10:00+08:00,COLLIE_ESR5,690.4,-479.6,690.4,250,-250,40,40,2.5
2026-08-01T14:10:00+08:00,KWINANA_ESR1,61.3,-128.14,61.3,100,-100,20,20,-14.6
2026-08-01T14:10:00+08:00,KWINANA_ESR2,510.800,-509.800,510.800,225,-225,40,40,-218.1
2026-08-01T14:15:00+08:00,ALINTA_WGP_ESR1,38.36,-9.37,38.36,,,10,10,2.02
2026-08-01T14:15:00+08:00,COLLIE_BESS2,930.7,-366.5,930.7,300,-300,40,40,0
2026-08-01T14:15:00+08:00,COLLIE_ESR1,672.9,-134.3,672.9,200,-200,40,40,5.760
2026-08-01T14:15:00+08:00,COLLIE_ESR4,744.4,-427.1,744.4,250,-250,40,40,-218.400
2026-08-01T14:15:00+08:00,COLLIE_ESR5,690,-479.9,690,250,-250,40,40,0
2026-08-01T14:15:00+08:00,KWINANA_ESR1,60.19,-129.33,60.19,100,-100,20,20,20.9
2026-08-01T14:15:00+08:00,KWINANA_ESR2,523.3,-493.6,523.3,225,-225,40,40,-223
2026-08-01T14:20:00+08:00,ALINTA_WGP_ESR1,38.2,-9.51,38.2,,,10,10,1.99
2026-08-01T14:20:00+08:00,COLLIE_BESS2,930.5,-366.7,930.5,300,-300,40,40,-2.100
2026-08-01T14:20:00+08:00,COLLIE_ESR1,672.3,-134.8,672.3,200,-200,40,40,2.880
2026-08-01T14:20:00+08:00,COLLIE_ESR4,758.2,-413.5,758.2,250,-250,40,40,-125.5
2026-08-01T14:20:00+08:00,COLLIE_ESR5,693.5,-475.5,693.5,250,-250,40,40,-98.700
2026-08-01T14:20:00+08:00,KWINANA_ESR1,58.740,-130.87,58.740,100,-100,20,20,14.1
2026-08-01T14:20:00+08:00,KWINANA_ESR2,536.8,-476.6,536.8,225,-225,40,40,-223
2026-08-01T14:25:00+08:00,ALINTA_WGP_ESR1,37.990,-9.73,37.990,,,10,10,2.03
2026-08-01T14:25:00+08:00,COLLIE_BESS2,931,-366,931,300,-300,40,40,-9.6
2026-08-01T14:25:00+08:00,COLLIE_ESR1,672.5,-134.7,672.5,200,-200,40,40,-7.840
2026-08-01T14:25:00+08:00,COLLIE_ESR4,763,-408.1,763,250,-250,40,40,-15.6
2026-08-01T14:25:00+08:00,COLLIE_ESR5,702.600,-463.5,702.600,250,-250,40,40,-214.900
2026-08-01T14:25:00+08:00,KWINANA_ESR1,58.73,-130.89,58.73,100,-100,20,20,-16.2
2026-08-01T14:25:00+08:00,KWINANA_ESR2,552.100,-460.2,552.100,225,-225,40,40,-223
2026-08-01T14:30:00+08:00,ALINTA_WGP_ESR1,37.78,-9.94,37.78,,,10,10,2.02
2026-08-01T14:30:00+08:00,COLLIE_BESS2,931.100,-365.9,931.100,300,-300,40,40,-2
2026-08-01T14:30:00+08:00,COLLIE_ESR1,672.3,-134.8,672.3,200,-200,40,40,4
2026-08-01T14:30:00+08:00,COLLIE_ESR4,762.7,-408.2,762.7,250,-250,40,40,-0.4
2026-08-01T14:30:00+08:00,COLLIE_ESR5,716.5,-445.7,716.5,250,-250,40,40,-248.400
2026-08-01T14:30:00+08:00,KWINANA_ESR1,59.57,-130,59.57,100,-100,20,20,-3.2
2026-08-01T14:30:00+08:00,KWINANA_ESR2,569.8,-443.4,569.8,225,-225,40,40,-222.900
2026-08-01T14:35:00+08:00,ALINTA_WGP_ESR1,37.560,-10.16,37.560,,,10,10,1.960
2026-08-01T14:35:00+08:00,COLLIE_BESS2,928,-365.4,928,300,-300,40,40,-0.1
2026-08-01T14:35:00+08:00,COLLIE_ESR1,671.9,-135.3,671.9,200,-200,40,40,6.56
2026-08-01T14:35:00+08:00,COLLIE_ESR4,762.100,-408.6,762.100,250,-250,40,40,0
2026-08-01T14:35:00+08:00,COLLIE_ESR5,730.4,-427.1,730.4,250,-250,40,40,-250.1
2026-08-01T14:35:00+08:00,KWINANA_ESR1,60.27,-129.23,60.27,100,-100,20,20,-7.6
2026-08-01T14:35:00+08:00,KWINANA_ESR2,587.600,-426.9,587.600,225,-225,40,40,-222.8
2026-08-01T14:40:00+08:00,ALINTA_WGP_ESR1,37.34,-10.37,37.34,,,10,10,1.980
2026-08-01T14:40:00+08:00,COLLIE_BESS2,927.8,-365.7,927.8,300,-300,40,40,-3.3
2026-08-01T14:40:00+08:00,COLLIE_ESR1,671.3,-135.8,671.3,200,-200,40,40,10.4
2026-08-01T14:40:00+08:00,COLLIE_ESR4,761.7,-408.9,761.7,250,-250,40,40,-0.7
2026-08-01T14:40:00+08:00,COLLIE_ESR5,742.9,-410.2,742.9,250,-250,40,40,-176.900
2026-08-01T14:40:00+08:00,KWINANA_ESR1,61.82,-127.57,61.82,100,-100,20,20,-49.5
2026-08-01T14:40:00+08:00,KWINANA_ESR2,604.9,-410.300,604.9,225,-225,40,40,-222.900
2026-08-01T14:45:00+08:00,ALINTA_WGP_ESR1,37.2,-10.520,37.2,,,10,10,-0.490
2026-08-01T14:45:00+08:00,COLLIE_BESS2,927.600,-365.9,927.600,300,-300,40,40,-2.600
2026-08-01T14:45:00+08:00,COLLIE_ESR1,670.600,-136.5,670.600,200,-200,40,40,7.840
2026-08-01T14:45:00+08:00,COLLIE_ESR4,761.2,-409.1,761.2,250,-250,40,40,-0.6
2026-08-01T14:45:00+08:00,COLLIE_ESR5,751.4,-398.5,751.4,250,-250,40,40,-146.3
2026-08-01T14:45:00+08:00,KWINANA_ESR1,66.54,-122.5,66.54,100,-100,20,20,-67.3
2026-08-01T14:45:00+08:00,KWINANA_ESR2,621.9,-393.800,621.9,225,-225,40,40,-223
2026-08-01T14:50:00+08:00,ALINTA_WGP_ESR1,36.96,-10.75,36.96,,,10,10,2
2026-08-01T14:50:00+08:00,COLLIE_BESS2,929.100,-364.5,929.100,300,-300,40,40,-13.1
2026-08-01T14:50:00+08:00,COLLIE_ESR1,670.600,-136.5,670.600,200,-200,40,40,-9.600
2026-08-01T14:50:00+08:00,COLLIE_ESR4,763.3,-406.5,763.3,250,-250,40,40,-98.5
2026-08-01T14:50:00+08:00,COLLIE_ESR5,757.4,-390.5,757.4,250,-250,40,40,-45.600
2026-08-01T14:50:00+08:00,KWINANA_ESR1,73.43,-115.09,73.43,100,-100,20,20,-100.1
2026-08-01T14:50:00+08:00,KWINANA_ESR2,638.3,-377.7,638.3,225,-225,40,40,-206.2
2026-08-01T14:55:00+08:00,ALINTA_WGP_ESR1,36.75,-10.970,36.75,,,10,10,1.99
2026-08-01T14:55:00+08:00,COLLIE_BESS2,930,-363.800,930,300,-300,40,40,-13
2026-08-01T14:55:00+08:00,COLLIE_ESR1,671.2,-136,671.2,200,-200,40,40,-9.92
2026-08-01T14:55:00+08:00,COLLIE_ESR4,768.4,-400.2,768.4,250,-250,40,40,-28.800
2026-08-01T14:55:00+08:00,COLLIE_ESR5,761.3,-386,761.3,250,-250,40,40,-121.1
2026-08-01T14:55:00+08:00,KWINANA_ESR1,80.9,-107.07,80.9,100,-100,20,20,-100.1
2026-08-01T14:55:00+08:00,KWINANA_ESR2,653.7,-362.2,653.7,225,-225,40,40,-222.5
2026-08-01T15:00:00+08:00,ALINTA_WGP_ESR1,36.54,-11.180,36.54,,,10,10,2.01
2026-08-01T15:00:00+08:00,COLLIE_BESS2,930.4,-363.6,930.4,300,-300,40,40,2.7
2026-08-01T15:00:00+08:00,COLLIE_ESR1,671.4,-135.7,671.4,200,-200,40,40,8.16
2026-08-01T15:00:00+08:00,COLLIE_ESR4,768.3,-400.1,768.3,250,-250,40,40,1.2
2026-08-01T15:00:00+08:00,COLLIE_ESR5,775.3,-372.4,775.3,250,-250,40,40,-212.900
2026-08-01T15:00:00+08:00,KWINANA_ESR1,88.43,-98.99,88.43,100,-100,20,20,-85.8
2026-08-01T15:00:00+08:00,KWINANA_ESR2,670.9,-345.4,670.9,225,-225,40,40,-221.900
2026-08-01T15:05:00+08:00,ALINTA_WGP_ESR1,36.330,-11.390,36.330,,,10,10,2.01
2026-08-01T15:05:00+08:00,COLLIE_BESS2,930.3,-363.7,930.3,300,-300,40,40,0
2026-08-01T15:05:00+08:00,COLLIE_ESR1,670.3,-136.900,670.3,200,-200,40,40,11.2
2026-08-01T15:05:00+08:00,COLLIE_ESR4,767.9,-400.300,767.9,250,-250,40,40,0
2026-08-01T15:05:00+08:00,COLLIE_ESR5,794.4,-355.2,794.4,250,-250,40,40,-247.2
2026-08-01T15:05:00+08:00,KWINANA_ESR1,93.15,-93.92,93.15,100,-100,20,20,-43.9
2026-08-01T15:05:00+08:00,KWINANA_ESR2,687.3,-329.1,687.3,225,-225,40,40,-222.5
2026-08-01T15:10:00+08:00,ALINTA_WGP_ESR1,36.14,-11.58,36.14,,,10,10,2
2026-08-01T15:10:00+08:00,COLLIE_BESS2,930,-364,930,300,-300,40,40,-0.5
2026-08-01T15:10:00+08:00,COLLIE_ESR1,669.600,-137.5,669.600,200,-200,40,40,2.400
2026-08-01T15:10:00+08:00,COLLIE_ESR4,768.5,-399.6,768.5,250,-250,40,40,-31.6
2026-08-01T15:10:00+08:00,COLLIE_ESR5,814.5,-336,814.5,250,-250,40,40,-250.2
2026-08-01T15:10:00+08:00,KWINANA_ESR1,95.52,-91.38,95.52,100,-100,20,20,-0.7
2026-08-01T15:10:00+08:00,KWINANA_ESR2,703.5,-312.6,703.5,225,-225,40,40,-220.3
2026-08-01T15:15:00+08:00,ALINTA_WGP_ESR1,23.82,-8,23.82,,,10,10,2.05
2026-08-01T15:15:00+08:00,COLLIE_BESS2,932.4,-365.5,932.4,300,-300,40,40,-1.800
2026-08-01T15:15:00+08:00,COLLIE_ESR1,669.4,-137.7,669.4,200,-200,40,40,4
2026-08-01T15:15:00+08:00,COLLIE_ESR4,769.7,-398.2,769.7,250,-250,40,40,-3.2
2026-08-01T15:15:00+08:00,COLLIE_ESR5,830.9,-319.9,830.9,250,-250,40,40,-168.7
2026-08-01T15:15:00+08:00,KWINANA_ESR1,97.5,-89.25,97.5,100,-100,20,20,-72.4
2026-08-01T15:15:00+08:00,KWINANA_ESR2,720,-296.2,720,225,-225,40,40,-222.8
2026-08-01T15:20:00+08:00,ALINTA_WGP_ESR1,23.6,-8.21,23.6,,,10,10,2
2026-08-01T15:20:00+08:00,COLLIE_BESS2,931.9,-365.9,931.9,300,-300,40,40,-0.5
2026-08-01T15:20:00+08:00,COLLIE_ESR1,668.9,-138.2,668.9,200,-200,40,40,3.200
2026-08-01T15:20:00+08:00,COLLIE_ESR4,769.4,-398.300,769.4,250,-250,40,40,0
2026-08-01T15:20:00+08:00,COLLIE_ESR5,842.9,-307,842.9,250,-250,40,40,-179.8
2026-08-01T15:20:00+08:00,KWINANA_ESR1,104.07,-82.2,104.07,100,-100,20,20,-88.200
2026-08-01T15:20:00+08:00,KWINANA_ESR2,736.9,-279.300,736.9,225,-225,40,40,-222.1
2026-08-01T15:25:00+08:00,ALINTA_WGP_ESR1,25.440,-10.36,25.440,,,10,10,2.02
2026-08-01T15:25:00+08:00,COLLIE_BESS2,931.100,-366.7,931.100,300,-300,40,40,-0.6
2026-08-01T15:25:00+08:00,COLLIE_ESR1,668.4,-138.7,668.4,200,-200,40,40,4.800
2026-08-01T15:25:00+08:00,COLLIE_ESR4,771.600,-395.7,771.600,250,-250,40,40,-97
2026-08-01T15:25:00+08:00,COLLIE_ESR5,854.100,-295.7,854.100,250,-250,40,40,-108.5
2026-08-01T15:25:00+08:00,KWINANA_ESR1,110.43,-75.35,110.43,100,-100,20,20,-81.700
2026-08-01T15:25:00+08:00,KWINANA_ESR2,753.3,-263,753.3,225,-225,40,40,-222.8
2026-08-01T15:30:00+08:00,ALINTA_WGP_ESR1,25.24,-10.57,25.24,,,10,10,1.79
2026-08-01T15:30:00+08:00,COLLIE_BESS2,930.7,-367.1,930.7,300,-300,40,40,2.8
2026-08-01T15:30:00+08:00,COLLIE_ESR1,667.9,-139.2,667.9,200,-200,40,40,8.96
2026-08-01T15:30:00+08:00,COLLIE_ESR4,782.8,-383.4,782.8,250,-250,40,40,-212.900
2026-08-01T15:30:00+08:00,COLLIE_ESR5,858.9,-290.5,858.9,250,-250,40,40,-26.6
2026-08-01T15:30:00+08:00,KWINANA_ESR1,116.45,-68.9,116.45,100,-100,20,20,-76.1
2026-08-01T15:30:00+08:00,KWINANA_ESR2,770.100,-246,770.100,225,-225,40,40,-222.3
2026-08-01T15:35:00+08:00,ALINTA_WGP_ESR1,25.020,-10.79,25.020,,,10,10,1.76
2026-08-01T15:35:00+08:00,COLLIE_BESS2,930.4,-367.4,930.4,300,-300,40,40,-2.2
2026-08-01T15:35:00+08:00,COLLIE_ESR1,667.4,-139.7,667.4,200,-200,40,40,0.64
2026-08-01T15:35:00+08:00,COLLIE_ESR4,797,-367.4,797,250,-250,40,40,-196
2026-08-01T15:35:00+08:00,COLLIE_ESR5,859.5,-289.7,859.5,250,-250,40,40,-2.5
2026-08-01T15:35:00+08:00,KWINANA_ESR1,122.57,-62.310,122.57,100,-100,20,20,-94.1
2026-08-01T15:35:00+08:00,KWINANA_ESR2,786.5,-229.7,786.5,225,-225,40,40,-222.900
2026-08-01T15:40:00+08:00,ALINTA_WGP_ESR1,24.83,-10.98,24.83,,,10,10,1.850
2026-08-01T15:40:00+08:00,COLLIE_BESS2,930.4,-367.4,930.4,300,-300,40,40,-7.6
2026-08-01T15:40:00+08:00,COLLIE_ESR1,667.4,-139.7,667.4,200,-200,40,40,-5.44
2026-08-01T15:40:00+08:00,COLLIE_ESR4,806.9,-355.6,806.9,250,-250,40,40,-95.200
2026-08-01T15:40:00+08:00,COLLIE_ESR5,861.7,-287.1,861.7,250,-250,40,40,-98.200
2026-08-01T15:40:00+08:00,KWINANA_ESR1,129.73,-54.62,129.73,100,-100,20,20,-83.9
2026-08-01T15:40:00+08:00,KWINANA_ESR2,804,-212.6,804,225,-225,40,40,-222.8
2026-08-01T15:45:00+08:00,ALINTA_WGP_ESR1,36.82,-14.9,36.82,,,10,10,1.63
2026-08-01T15:45:00+08:00,COLLIE_BESS2,931.9,-365.800,931.9,300,-300,40,40,-6.6
2026-08-01T15:45:00+08:00,COLLIE_ESR1,667.8,-139.3,667.8,200,-200,40,40,-4.64
2026-08-01T15:45:00+08:00,COLLIE_ESR4,809.7,-352.1,809.7,250,-250,40,40,-5.8
2026-08-01T15:45:00+08:00,COLLIE_ESR5,871.9,-275.5,871.9,250,-250,40,40,-215.1
2026-08-01T15:45:00+08:00,KWINANA_ESR1,136.19,-47.69,136.19,100,-100,20,20,-96.4
2026-08-01T15:45:00+08:00,KWINANA_ESR2,818.9,-197.6,818.9,225,-225,40,40,-161.1
2026-08-01T15:50:00+08:00,ALINTA_WGP_ESR1,16.030,-3.86,16.030,,,10,10,-0.57
2026-08-01T15:50:00+08:00,COLLIE_BESS2,929.5,-364.5,929.5,300,-300,40,40,1.9
2026-08-01T15:50:00+08:00,COLLIE_ESR1,667.7,-139.400,667.7,200,-200,40,40,6.08
2026-08-01T15:50:00+08:00,COLLIE_ESR4,809.3,-352.300,809.3,250,-250,40,40,0
2026-08-01T15:50:00+08:00,COLLIE_ESR5,891.600,-257.5,891.600,250,-250,40,40,-247.3
2026-08-01T15:50:00+08:00,KWINANA_ESR1,143.78,-39.54,143.78,100,-100,20,20,-82.5
2026-08-01T15:50:00+08:00,KWINANA_ESR2,828.4,-186.6,828.4,225,-225,40,40,-130.3
2026-08-01T15:55:00+08:00,ALINTA_WGP_ESR1,16.030,-3.85,16.030,,,10,10,-0.56
2026-08-01T15:55:00+08:00,COLLIE_BESS2,928.3,-365.7,928.3,300,-300,40,40,-0.3
2026-08-01T15:55:00+08:00,COLLIE_ESR1,666.5,-140.6,666.5,200,-200,40,40,5.280
2026-08-01T15:55:00+08:00,COLLIE_ESR4,811.3,-349.7,811.3,250,-250,40,40,-96.9
2026-08-01T15:55:00+08:00,COLLIE_ESR5,910.4,-241.7,910.4,250,-250,40,40,-152
2026-08-01T15:55:00+08:00,KWINANA_ESR1,149.23,-33.68,149.23,100,-100,20,20,-80.8
2026-08-01T15:55:00+08:00,KWINANA_ESR2,835.8,-178.1,835.8,225,-225,40,40,-95.1
2026-08-01T16:00:00+08:00,ALINTA_WGP_ESR1,16.05,-3.83,16.05,,,10,10,-0.56
2026-08-01T16:00:00+08:00,COLLIE_BESS2,927.600,-366.5,927.600,300,-300,40,40,3.600
2026-08-01T16:00:00+08:00,COLLIE_ESR1,666,-141.1,666,200,-200,40,40,12.16
2026-08-01T16:00:00+08:00,COLLIE_ESR4,821.8,-337.6,821.8,250,-250,40,40,-212
2026-08-01T16:00:00+08:00,COLLIE_ESR5,916.3,-234.900,916.3,250,-250,40,40,-34.3
2026-08-01T16:00:00+08:00,KWINANA_ESR1,153.89,-28.68,153.89,100,-100,20,20,-15.6
2026-08-01T16:00:00+08:00,KWINANA_ESR2,842.3,-170.3,842.3,225,-225,40,40,-134.3
2026-08-01T16:05:00+08:00,ALINTA_WGP_ESR1,16.07,-3.82,16.07,,,10,10,-0.56
2026-08-01T16:05:00+08:00,COLLIE_BESS2,929.5,-368.1,929.5,300,-300,40,40,0.2
2026-08-01T16:05:00+08:00,COLLIE_ESR1,665,-142.1,665,200,-200,40,40,12.640
2026-08-01T16:05:00+08:00,COLLIE_ESR4,840,-320.2,840,250,-250,40,40,-246.6
2026-08-01T16:05:00+08:00,COLLIE_ESR5,917,-233.8,917,250,-250,40,40,-1.300
2026-08-01T16:05:00+08:00,KWINANA_ESR1,151.94,-30.780,151.94,100,-100,20,20,42
2026-08-01T16:05:00+08:00,KWINANA_ESR2,851.8,-159.5,851.8,225,-225,40,40,-134.1
2026-08-01T16:10:00+08:00,ALINTA_WGP_ESR1,10.45,-1.48,10.45,,,10,10,-0.360
2026-08-01T16:10:00+08:00,COLLIE_BESS2,929.3,-368.4,929.3,300,-300,40,40,0
2026-08-01T16:10:00+08:00,COLLIE_ESR1,664.4,-142.7,664.4,200,-200,40,40,1.12
2026-08-01T16:10:00+08:00,COLLIE_ESR4,857.100,-303.800,857.100,250,-250,40,40,-150.3
2026-08-01T16:10:00+08:00,COLLIE_ESR5,915,-235.900,915,250,-250,40,40,0
2026-08-01T16:10:00+08:00,KWINANA_ESR1,151.31,-31.450,151.31,100,-100,20,20,-42.100
2026-08-01T16:10:00+08:00,KWINANA_ESR2,860,-149.5,860,225,-225,40,40,-133.8
2026-08-01T16:15:00+08:00,ALINTA_WGP_ESR1,10.45,-1.48,10.45,,,10,10,-0.37
2026-08-01T16:15:00+08:00,COLLIE_BESS2,929.3,-368.300,929.3,300,-300,40,40,-2.5
2026-08-01T16:15:00+08:00,COLLIE_ESR1,664.3,-142.8,664.3,200,-200,40,40,-0.800
2026-08-01T16:15:00+08:00,COLLIE_ESR4,863.100,-297.300,863.100,250,-250,40,40,-31.9
2026-08-01T16:15:00+08:00,COLLIE_ESR5,914.600,-236.1,914.600,250,-250,40,40,0.3
2026-08-01T16:15:00+08:00,KWINANA_ESR1,156.45,-25.93,156.45,100,-100,20,20,-92.4
2026-08-01T16:15:00+08:00,KWINANA_ESR2,868.7,-138.6,868.7,225,-225,40,40,-167
2026-08-01T16:20:00+08:00,ALINTA_WGP_ESR1,10.45,-1.48,10.45,,,10,10,-0.37
2026-08-01T16:20:00+08:00,COLLIE_BESS2,929.5,-368.2,929.5,300,-300,40,40,-1
2026-08-01T16:20:00+08:00,COLLIE_ESR1,664.100,-143,664.100,200,-200,40,40,0.96
2026-08-01T16:20:00+08:00,COLLIE_ESR4,863.9,-296.300,863.9,250,-250,40,40,-1.6
2026-08-01T16:20:00+08:00,COLLIE_ESR5,914.100,-236.400,914.100,250,-250,40,40,0
2026-08-01T16:20:00+08:00,KWINANA_ESR1,164.15,-17.67,164.15,100,-100,20,20,-98.8
2026-08-01T16:20:00+08:00,KWINANA_ESR2,879.600,-125.200,879.600,225,-225,40,40,-178.2
2026-08-01T16:25:00+08:00,ALINTA_WGP_ESR1,6.96,-0.980,6.96,,,10,10,-0.360
2026-08-01T16:25:00+08:00,COLLIE_BESS2,926.4,-367.300,926.4,300,-300,40,40,-0.1
2026-08-01T16:25:00+08:00,COLLIE_ESR1,663.600,-143.5,663.600,200,-200,40,40,2.72
2026-08-01T16:25:00+08:00,COLLIE_ESR4,866,-293.5,866,250,-250,40,40,-97.200
2026-08-01T16:25:00+08:00,COLLIE_ESR5,913.8,-236.5,913.8,250,-250,40,40,0
2026-08-01T16:25:00+08:00,KWINANA_ESR1,169.34,-12.08,169.34,100,-100,20,20,-21.300
2026-08-01T16:25:00+08:00,KWINANA_ESR2,887.2,-115.8,887.2,225,-225,40,40,-53.600
2026-08-01T16:30:00+08:00,ALINTA_WGP_ESR1,0,0,0,,,10,10,-0.360
2026-08-01T16:30:00+08:00,COLLIE_BESS2,926.3,-367.300,926.3,300,-300,40,40,4.1
2026-08-01T16:30:00+08:00,COLLIE_ESR1,663.100,-144,663.100,200,-200,40,40,4.320
2026-08-01T16:30:00+08:00,COLLIE_ESR4,878.3,-281.5,878.3,250,-250,40,40,-209.5
2026-08-01T16:30:00+08:00,COLLIE_ESR5,913.4,-236.8,913.4,250,-250,40,40,0.8
2026-08-01T16:30:00+08:00,KWINANA_ESR1,169.39,-12.04,169.39,100,-100,20,20,0.900
2026-08-01T16:30:00+08:00,KWINANA_ESR2,888.3,-114.3,888.3,225,-225,40,40,3.100
2026-08-01T16:35:00+08:00,ALINTA_WGP_ESR1,0,0,0,,,10,10,-0.35
2026-08-01T16:35:00+08:00,COLLIE_BESS2,923.8,-369.9,923.8,300,-300,40,40,149.3
2026-08-01T16:35:00+08:00,COLLIE_ESR1,662.5,-144.6,662.5,200,-200,40,40,9.28
2026-08-01T16:35:00+08:00,COLLIE_ESR4,896.9,-264.4,896.9,250,-250,40,40,-247.6
2026-08-01T16:35:00+08:00,COLLIE_ESR5,913,-237,913,250,-250,40,40,0
2026-08-01T16:35:00+08:00,KWINANA_ESR1,168.48,-13,168.48,100,-100,20,20,23.300
2026-08-01T16:35:00+08:00,KWINANA_ESR2,887,-115.1,887,225,-225,40,40,8.7
2026-08-01T16:40:00+08:00,ALINTA_WGP_ESR1,0,0,0,,,10,10,-0.35
2026-08-01T16:40:00+08:00,COLLIE_BESS2,906.9,-386.800,906.9,300,-300,40,40,228.5
2026-08-01T16:40:00+08:00,COLLIE_ESR1,661.8,-145.3,661.8,200,-200,40,40,12.640
2026-08-01T16:40:00+08:00,COLLIE_ESR4,913.100,-248.1,913.100,250,-250,40,40,-150.7
2026-08-01T16:40:00+08:00,COLLIE_ESR5,916.5,-232.5,916.5,250,-250,40,40,-94.700
2026-08-01T16:40:00+08:00,KWINANA_ESR1,166.990,-14.61,166.990,100,-100,20,20,3.3
2026-08-01T16:40:00+08:00,KWINANA_ESR2,888.100,-113.3,888.100,225,-225,40,40,-69.4
2026-08-01T16:45:00+08:00,ALINTA_WGP_ESR1,0,0,0,,,10,10,-0.360
2026-08-01T16:45:00+08:00,COLLIE_BESS2,885.7,-407.7,885.7,300,-300,40,40,266
2026-08-01T16:45:00+08:00,COLLIE_ESR1,660.9,-146.2,660.9,200,-200,40,40,13.44
2026-08-01T16:45:00+08:00,COLLIE_ESR4,919,-241.5,919,250,-250,40,40,-33.5
2026-08-01T16:45:00+08:00,COLLIE_ESR5,925.8,-222,925.8,250,-250,40,40,-171.1
2026-08-01T16:45:00+08:00,KWINANA_ESR1,168.7,-12.78,168.7,100,-100,20,20,-68.4
2026-08-01T16:45:00+08:00,KWINANA_ESR2,890.9,-109.700,890.9,225,-225,40,40,-8.3
2026-08-01T16:50:00+08:00,ALINTA_WGP_ESR1,0,0,0,,,10,10,-0.360
2026-08-01T16:50:00+08:00,COLLIE_BESS2,868.5,-425.2,868.5,300,-300,40,40,105.200
2026-08-01T16:50:00+08:00,COLLIE_ESR1,659.4,-147.7,659.4,200,-200,40,40,8.640
2026-08-01T16:50:00+08:00,COLLIE_ESR4,919.9,-240.400,919.9,250,-250,40,40,-3.5
2026-08-01T16:50:00+08:00,COLLIE_ESR5,936,-211.5,936,250,-250,40,40,-77.1
2026-08-01T16:50:00+08:00,KWINANA_ESR1,173.11,-8.04,173.11,100,-100,20,20,-17.1
2026-08-01T16:50:00+08:00,KWINANA_ESR2,889.7,-110.5,889.7,225,-225,40,40,9.5
2026-08-01T16:55:00+08:00,ALINTA_WGP_ESR1,0,0,0,,,10,10,-0.35
2026-08-01T16:55:00+08:00,COLLIE_BESS2,864.9,-428.9,864.9,300,-300,40,40,3.100
2026-08-01T16:55:00+08:00,COLLIE_ESR1,658.4,-148.7,658.4,200,-200,40,40,8.16
2026-08-01T16:55:00+08:00,COLLIE_ESR4,919.3,-240.8,919.3,250,-250,40,40,0
2026-08-01T16:55:00+08:00,COLLIE_ESR5,938,-209.1,938,250,-250,40,40,-3.9
2026-08-01T16:55:00+08:00,KWINANA_ESR1,172.69,-8.49,172.69,100,-94.92,20,20,40.7
2026-08-01T16:55:00+08:00,KWINANA_ESR2,887.4,-112,887.4,225,-225,40,40,12.900
2026-08-01T17:00:00+08:00,ALINTA_WGP_ESR1,0,0,0,,,10,10,-0.35
2026-08-01T17:00:00+08:00,COLLIE_BESS2,864.7,-429.300,864.7,300,-300,40,40,3
2026-08-01T17:00:00+08:00,COLLIE_ESR1,657.8,-149.3,657.8,200,-200,40,40,9.92
2026-08-01T17:00:00+08:00,COLLIE_ESR4,918.8,-241,918.8,250,-250,40,40,1
2026-08-01T17:00:00+08:00,COLLIE_ESR5,936.100,-211.2,936.100,250,-250,40,40,1.1
2026-08-01T17:00:00+08:00,KWINANA_ESR1,166.92,-14.69,166.92,100,-100,20,20,79.9
2026-08-01T17:00:00+08:00,KWINANA_ESR2,885.600,-113.200,885.600,225,-225,40,40,16.800
2026-08-01T17:05:00+08:00,ALINTA_WGP_ESR1,0,0,0,,,10,10,-0.360
2026-08-01T17:05:00+08:00,COLLIE_BESS2,859.7,-434.300,859.7,300,-300,40,40,159.7
2026-08-01T17:05:00+08:00,COLLIE_ESR1,656.8,-150.3,656.8,200,-200,40,40,16.96
2026-08-01T17:05:00+08:00,COLLIE_ESR4,918.3,-241.400,918.3,250,-250,40,40,0.5
2026-08-01T17:05:00+08:00,COLLIE_ESR5,935.7,-211.400,935.7,250,-250,40,40,0.900
2026-08-01T17:05:00+08:00,KWINANA_ESR1,159.92,-22.21,159.92,100,-100,20,20,62.2
2026-08-01T17:05:00+08:00,KWINANA_ESR2,886.8,-111.6,886.8,225,-225,40,40,-74.1
2026-08-01T17:10:00+08:00,ALINTA_WGP_ESR1,0,0,0,,,10,10,-0.360
2026-08-01T17:10:00+08:00,COLLIE_BESS2,840.600,-453.4,840.600,300,-300,40,40,262.300
2026-08-01T17:10:00+08:00,COLLIE_ESR1,655.3,-151.7,655.3,200,-200,40,40,12
2026-08-01T17:10:00+08:00,COLLIE_ESR4,917.8,-241.6,917.8,250,-250,40,40,0
2026-08-01T17:10:00+08:00,COLLIE_ESR5,935.4,-211.6,935.4,250,-250,40,40,0
2026-08-01T17:10:00+08:00,KWINANA_ESR1,157.72,-24.57,157.72,100,-100,20,20,-22.800
2026-08-01T17:10:00+08:00,KWINANA_ESR2,891.600,-106.5,891.600,225,-225,40,40,-39.3
2026-08-01T17:15:00+08:00,ALINTA_WGP_ESR1,0,0,0,,,10,10,-0.35
2026-08-01T17:15:00+08:00,COLLIE_BESS2,817.7,-476.300,817.7,300,-300,40,40,283.7
2026-08-01T17:15:00+08:00,COLLIE_ESR1,653.9,-153.2,653.9,200,-200,40,40,19.360
2026-08-01T17:15:00+08:00,COLLIE_ESR4,917.4,-242,917.4,250,-250,40,40,0.4
2026-08-01T17:15:00+08:00,COLLIE_ESR5,935,-211.7,935,250,-250,40,40,0
2026-08-01T17:15:00+08:00,KWINANA_ESR1,159.87,-22.25,159.87,100,-100,20,20,-33.3
2026-08-01T17:15:00+08:00,KWINANA_ESR2,893.100,-105,893.100,225,-225,40,40,-3.5
2026-08-01T17:20:00+08:00,ALINTA_WGP_ESR1,0,0,0,,,10,10,-0.360
2026-08-01T17:20:00+08:00,COLLIE_BESS2,793.3,-500.7,793.3,300,-300,40,40,283.7
2026-08-01T17:20:00+08:00,COLLIE_ESR1,652.100,-154.900,652.100,200,-200,40,40,19.040
2026-08-01T17:20:00+08:00,COLLIE_ESR4,916.9,-242.2,916.9,250,-250,40,40,0
2026-08-01T17:20:00+08:00,COLLIE_ESR5,934.7,-212,934.7,250,-250,40,40,0
2026-08-01T17:20:00+08:00,KWINANA_ESR1,160.98,-21.06,160.98,100,-100,20,20,10
2026-08-01T17:20:00+08:00,KWINANA_ESR2,891.7,-106.1,891.7,225,-225,40,40,27.1
2026-08-01T17:25:00+08:00,ALINTA_WGP_ESR1,0,0,0,,,10,10,-0.360
2026-08-01T17:25:00+08:00,COLLIE_BESS2,770.100,-524,770.100,300,-300,40,40,270.2
2026-08-01T17:25:00+08:00,COLLIE_ESR1,650.3,-156.7,650.3,200,-200,40,40,12
2026-08-01T17:25:00+08:00,COLLIE_ESR4,916.600,-242.5,916.600,250,-250,40,40,-1.7
2026-08-01T17:25:00+08:00,COLLIE_ESR5,935.9,-210.400,935.9,250,-250,40,40,-1.7
2026-08-01T17:25:00+08:00,KWINANA_ESR1,159.7,-22.43,159.7,100,-100,20,20,12.2
2026-08-01T17:25:00+08:00,KWINANA_ESR2,886.3,-110.6,886.3,225,-225,40,40,89.1
2026-08-01T17:30:00+08:00,ALINTA_WGP_ESR1,0,0,0,,,10,10,-0.35
2026-08-01T17:30:00+08:00,COLLIE_BESS2,752.7,-545.2,752.7,300,-300,40,40,139.6
2026-08-01T17:30:00+08:00,COLLIE_ESR1,645.3,-161.7,645.3,200,-200,40,40,160.320
2026-08-01T17:30:00+08:00,COLLIE_ESR4,916.2,-242.7,916.2,250,-250,40,40,0
2026-08-01T17:30:00+08:00,COLLIE_ESR5,934.2,-212.3,934.2,250,-250,40,40,0
2026-08-01T17:30:00+08:00,KWINANA_ESR1,158.83,-23.38,158.83,100,-100,20,20,4.3
2026-08-01T17:30:00+08:00,KWINANA_ESR2,876.600,-119.8,876.600,225,-225,40,40,125.9
2026-08-01T17:35:00+08:00,ALINTA_WGP_ESR1,0,0,0,,,10,10,-0.35
2026-08-01T17:35:00+08:00,COLLIE_BESS2,748,-549.9,748,300,-300,40,40,3.100
2026-08-01T17:35:00+08:00,COLLIE_ESR1,629.2,-177.7,629.2,200,-200,40,40,197.600
2026-08-01T17:35:00+08:00,COLLIE_ESR4,915.8,-243,915.8,250,-250,40,40,-1.5
2026-08-01T17:35:00+08:00,COLLIE_ESR5,933.2,-213.1,933.2,250,-250,40,40,12.2
2026-08-01T17:35:00+08:00,KWINANA_ESR1,157.3,-25.01,157.3,100,-100,20,20,42.7
2026-08-01T17:35:00+08:00,KWINANA_ESR2,864.3,-133,864.3,225,-225,40,40,201.400
2026-08-01T17:40:00+08:00,ALINTA_WGP_ESR1,0,0,0,,,10,10,-0.35
2026-08-01T17:40:00+08:00,COLLIE_BESS2,747.600,-550.3,747.600,300,-300,40,40,3.3
2026-08-01T17:40:00+08:00,COLLIE_ESR1,612.5,-194.400,612.5,200,-200,40,40,199.84
2026-08-01T17:40:00+08:00,COLLIE_ESR4,915.4,-243.2,915.4,250,-250,40,40,2.3
2026-08-01T17:40:00+08:00,COLLIE_ESR5,929.2,-216.1,929.2,250,-250,40,40,62.600
2026-08-01T17:40:00+08:00,KWINANA_ESR1,154.26,-28.26,154.26,100,-100,20,20,24.2
2026-08-01T17:40:00+08:00,KWINANA_ESR2,849.4,-150.3,849.4,225,-225,40,40,209.3
2026-08-01T17:45:00+08:00,ALINTA_WGP_ESR1,0,0,0,,,10,10,-0.35
2026-08-01T17:45:00+08:00,COLLIE_BESS2,746.600,-551.2,746.600,300,-300,40,40,6.700
2026-08-01T17:45:00+08:00,COLLIE_ESR1,596.2,-210.6,596.2,200,-200,40,40,199.84
2026-08-01T17:45:00+08:00,COLLIE_ESR4,915.100,-243.3,915.100,250,-250,40,40,0.2
2026-08-01T17:45:00+08:00,COLLIE_ESR5,922.100,-221.900,922.100,250,-250,40,40,78.6
2026-08-01T17:45:00+08:00,KWINANA_ESR1,151.92,-30.790,151.92,100,-100,20,20,26.1
2026-08-01T17:45:00+08:00,KWINANA_ESR2,833.100,-167.7,833.100,225,-225,40,40,221
2026-08-01T17:50:00+08:00,ALINTA_WGP_ESR1,0,0,0,,,10,10,-0.35
2026-08-01T17:50:00+08:00,COLLIE_BESS2,746,-551.7,746,300,-300,40,40,6.4
2026-08-01T17:50:00+08:00,COLLIE_ESR1,579.100,-227.6,579.100,200,-200,40,40,199.04
2026-08-01T17:50:00+08:00,COLLIE_ESR4,914.8,-243.5,914.8,250,-250,40,40,-0.2
2026-08-01T17:50:00+08:00,COLLIE_ESR5,912.8,-229.6,912.8,250,-250,40,40,103.9
2026-08-01T17:50:00+08:00,KWINANA_ESR1,149.87,-32.98,149.87,100,-100,20,20,31
2026-08-01T17:50:00+08:00,KWINANA_ESR2,815.9,-186.6,815.9,225,-225,40,40,223.5
2026-08-01T17:55:00+08:00,ALINTA_WGP_ESR1,0,0,0,,,10,10,-0.35
2026-08-01T17:55:00+08:00,COLLIE_BESS2,745.8,-551.9,745.8,300,-300,40,40,1.6
2026-08-01T17:55:00+08:00,COLLIE_ESR1,562.5,-244.2,562.5,200,-200,40,40,199.84
2026-08-01T17:55:00+08:00,COLLIE_ESR4,914.5,-243.7,914.5,250,-250,40,40,0.900
2026-08-01T17:55:00+08:00,COLLIE_ESR5,901.5,-240.3,901.5,250,-250,40,40,165.5
2026-08-01T17:55:00+08:00,KWINANA_ESR1,147.17,-35.89,147.17,100,-100,20,20,14.7
2026-08-01T17:55:00+08:00,KWINANA_ESR2,799.4,-204.7,799.4,225,-225,40,40,208.400
2026-08-01T18:00:00+08:00,ALINTA_WGP_ESR1,0,0,0,,,10,10,-0.35
2026-08-01T18:00:00+08:00,COLLIE_BESS2,741.4,-556.3,741.4,300,-300,40,40,159.5
2026-08-01T18:00:00+08:00,COLLIE_ESR1,545.600,-260.9,545.600,200,-200,40,40,199.84
2026-08-01T18:00:00+08:00,COLLIE_ESR4,914.2,-243.900,914.2,250,-250,40,40,0.3
2026-08-01T18:00:00+08:00,COLLIE_ESR5,891.3,-251.400,891.3,250,-250,40,40,74.5
2026-08-01T18:00:00+08:00,KWINANA_ESR1,145.09,-38.12,145.09,100,-100,20,20,31.6
2026-08-01T18:00:00+08:00,KWINANA_ESR2,783.9,-220.8,783.9,225,-225,40,40,171.2
2026-08-01T18:05:00+08:00,ALINTA_WGP_ESR1,0,0,0,,,10,10,-0.35
2026-08-01T18:05:00+08:00,COLLIE_BESS2,723.4,-574.100,723.4,300,-300,40,40,258.300
2026-08-01T18:05:00+08:00,COLLIE_ESR1,529.2,-277.300,529.2,200,-200,40,40,199.84
2026-08-01T18:05:00+08:00,COLLIE_ESR4,913.8,-244.1,913.8,250,-250,40,40,0
2026-08-01T18:05:00+08:00,COLLIE_ESR5,888.4,-254,888.4,250,-250,40,40,4.1
2026-08-01T18:05:00+08:00,KWINANA_ESR1,143,-40.37,143,100,-100,20,20,17.7
2026-08-01T18:05:00+08:00,KWINANA_ESR2,770.2,-234.2,770.2,225,-225,40,40,170.6
2026-08-01T18:10:00+08:00,ALINTA_WGP_ESR1,0,0,0,,,10,10,-0.360
2026-08-01T18:10:00+08:00,COLLIE_BESS2,701.4,-596.3,701.4,300,-300,40,40,244.2
2026-08-01T18:10:00+08:00,COLLIE_ESR1,512.100,-294.4,512.100,200,-200,40,40,199.84
2026-08-01T18:10:00+08:00,COLLIE_ESR4,913.5,-244.2,913.5,250,-250,40,40,1.6
2026-08-01T18:10:00+08:00,COLLIE_ESR5,888.100,-254.2,888.100,250,-250,40,40,1.6
2026-08-01T18:10:00+08:00,KWINANA_ESR1,139.72,-43.91,139.72,100,-100,20,20,80.5
2026-08-01T18:10:00+08:00,KWINANA_ESR2,757.5,-247.2,757.5,225,-225,40,40,115.3
2026-08-01T18:15:00+08:00,ALINTA_WGP_ESR1,0,0,0,,,10,10,-0.35
2026-08-01T18:15:00+08:00,COLLIE_BESS2,681.600,-616.100,681.600,300,-300,40,40,225
2026-08-01T18:15:00+08:00,COLLIE_ESR1,495.5,-310.9,495.5,200,-200,40,40,199.84
2026-08-01T18:15:00+08:00,COLLIE_ESR4,913.2,-244.400,913.2,250,-250,40,40,0
2026-08-01T18:15:00+08:00,COLLIE_ESR5,887.8,-254.400,887.8,250,-250,40,40,0
2026-08-01T18:15:00+08:00,KWINANA_ESR1,131.45,-52.78,131.45,100,-100,20,20,100.200
2026-08-01T18:15:00+08:00,KWINANA_ESR2,747.5,-256.300,747.5,225,-225,40,40,113.6
2026-08-01T18:20:00+08:00,ALINTA_WGP_ESR1,0,0,0,,,10,10,-0.35
2026-08-01T18:20:00+08:00,COLLIE_BESS2,661.9,-635.8,661.9,300,-300,40,40,245.2
2026-08-01T18:20:00+08:00,COLLIE_ESR1,478.5,-327.7,478.5,200,-200,40,40,199.84
2026-08-01T18:20:00+08:00,COLLIE_ESR4,912.9,-244.6,912.9,250,-250,40,40,1.4
2026-08-01T18:20:00+08:00,COLLIE_ESR5,887.600,-254.5,887.600,250,-250,40,40,0.1
2026-08-01T18:20:00+08:00,KWINANA_ESR1,122.84,-62.03,122.84,100,-100,20,20,100.200
2026-08-01T18:20:00+08:00,KWINANA_ESR2,737.3,-266.300,737.3,225,-225,40,40,122.6
2026-08-01T18:25:00+08:00,ALINTA_WGP_ESR1,0,0,0,,,10,10,-0.35
2026-08-01T18:25:00+08:00,COLLIE_BESS2,642.3,-655.5,642.3,300,-300,40,40,229.1
2026-08-01T18:25:00+08:00,COLLIE_ESR1,462.2,-344,462.2,200,-200,40,40,196.64
2026-08-01T18:25:00+08:00,COLLIE_ESR4,912.600,-244.7,912.600,250,-250,40,40,-1.300
2026-08-01T18:25:00+08:00,COLLIE_ESR5,888.9,-252.900,888.9,250,-250,40,40,-2
2026-08-01T18:25:00+08:00,KWINANA_ESR1,116.71,-68.61,116.71,100,-100,20,20,29.9
2026-08-01T18:25:00+08:00,KWINANA_ESR2,725.7,-278.300,725.7,225,-225,40,40,197.900
2026-08-01T18:30:00+08:00,ALINTA_WGP_ESR1,0,0,0,,,10,10,-0.360
2026-08-01T18:30:00+08:00,COLLIE_BESS2,623.7,-674.100,623.7,300,-300,40,40,226.1
2026-08-01T18:30:00+08:00,COLLIE_ESR1,445.4,-360.6,445.4,200,-200,40,40,199.84
2026-08-01T18:30:00+08:00,COLLIE_ESR4,912.2,-244.900,912.2,250,-250,40,40,0
2026-08-01T18:30:00+08:00,COLLIE_ESR5,887.100,-254.900,887.100,250,-250,40,40,0
2026-08-01T18:30:00+08:00,KWINANA_ESR1,114.49,-71,114.49,100,-100,20,20,28.6
2026-08-01T18:30:00+08:00,KWINANA_ESR2,710.4,-296,710.4,225,-225,40,40,211.2
2026-08-01T18:35:00+08:00,ALINTA_WGP_ESR1,0,0,0,,,10,10,-0.35
2026-08-01T18:35:00+08:00,COLLIE_BESS2,604.2,-693.5,604.2,300,-300,40,40,253.8
2026-08-01T18:35:00+08:00,COLLIE_ESR1,428.7,-377.2,428.7,200,-200,40,40,199.84
2026-08-01T18:35:00+08:00,COLLIE_ESR4,912,-245,912,250,-250,40,40,0
2026-08-01T18:35:00+08:00,COLLIE_ESR5,886.9,-255.1,886.9,250,-250,40,40,0
2026-08-01T18:35:00+08:00,KWINANA_ESR1,112.54,-73.1,112.54,100,-100,20,20,14.3
2026-08-01T18:35:00+08:00,KWINANA_ESR2,694.9,-312.6,694.9,225,-225,40,40,198.6
2026-08-01T18:40:00+08:00,ALINTA_WGP_ESR1,0,0,0,,,10,10,-0.35
2026-08-01T18:40:00+08:00,COLLIE_BESS2,583.100,-714.5,583.100,300,-300,40,40,234.400
2026-08-01T18:40:00+08:00,COLLIE_ESR1,411.800,-394.1,411.800,200,-200,40,40,200
2026-08-01T18:40:00+08:00,COLLIE_ESR4,907.5,-248.5,907.5,250,-250,40,40,82.4
2026-08-01T18:40:00+08:00,COLLIE_ESR5,883,-258.7,883,250,-250,40,40,98.6
2026-08-01T18:40:00+08:00,KWINANA_ESR1,111.71,-73.97,111.71,100,-100,20,20,6.6
2026-08-01T18:40:00+08:00,KWINANA_ESR2,683.600,-324.2,683.600,225,-225,40,40,46
2026-08-01T18:45:00+08:00,ALINTA_WGP_ESR1,0,0,0,,,10,10,-0.35
2026-08-01T18:45:00+08:00,COLLIE_BESS2,564.2,-733.4,564.2,300,-300,40,40,226.6
2026-08-01T18:45:00+08:00,COLLIE_ESR1,395.300,-410.4,395.300,200,-200,40,40,200
2026-08-01T18:45:00+08:00,COLLIE_ESR4,900.2,-253.3,900.2,250,-250,40,40,10.400
2026-08-01T18:45:00+08:00,COLLIE_ESR5,871.3,-271.300,871.3,250,-250,40,40,205.6
2026-08-01T18:45:00+08:00,KWINANA_ESR1,111.22,-74.51,111.22,100,-100,20,20,3.4
2026-08-01T18:45:00+08:00,KWINANA_ESR2,682.9,-324.7,682.9,225,-225,40,40,1.4
2026-08-01T18:50:00+08:00,ALINTA_WGP_ESR1,0,0,0,,,10,10,-0.35
2026-08-01T18:50:00+08:00,COLLIE_BESS2,545.100,-752.5,545.100,300,-300,40,40,213.7
2026-08-01T18:50:00+08:00,COLLIE_ESR1,378.4,-427.300,378.4,200,-200,40,40,198.240
2026-08-01T18:50:00+08:00,COLLIE_ESR4,899.9,-253.400,899.9,250,-250,40,40,-0.3
2026-08-01T18:50:00+08:00,COLLIE_ESR5,856.4,-288.800,856.4,250,-250,40,40,211.1
2026-08-01T18:50:00+08:00,KWINANA_ESR1,110.88,-74.870,110.88,100,-100,20,20,0.2
2026-08-01T18:50:00+08:00,KWINANA_ESR2,682.7,-324.800,682.7,225,-225,40,40,-0.8
2026-08-01T18:55:00+08:00,ALINTA_WGP_ESR1,0,0,0,,,10,10,-0.35
2026-08-01T18:55:00+08:00,COLLIE_BESS2,527.3,-770.3,527.3,300,-300,40,40,216.2
2026-08-01T18:55:00+08:00,COLLIE_ESR1,362.1,-443.5,362.1,200,-200,40,40,199.2
2026-08-01T18:55:00+08:00,COLLIE_ESR4,896.3,-255.900,896.3,250,-250,40,40,70.700
2026-08-01T18:55:00+08:00,COLLIE_ESR5,843.8,-303,843.8,250,-250,40,40,112.8
2026-08-01T18:55:00+08:00,KWINANA_ESR1,110.75,-75.01,110.75,100,-100,20,20,0.8
2026-08-01T18:55:00+08:00,KWINANA_ESR2,682.5,-324.9,682.5,225,-225,40,40,-0.2
2026-08-01T19:00:00+08:00,ALINTA_WGP_ESR1,0,0,0,,,10,10,-0.35
2026-08-01T19:00:00+08:00,COLLIE_BESS2,509.1,-788.5,509.1,300,-300,40,40,221.3
2026-08-01T19:00:00+08:00,COLLIE_ESR1,345,-460.4,345,200,-200,40,40,199.84
2026-08-01T19:00:00+08:00,COLLIE_ESR4,885.100,-263.6,885.100,250,-250,40,40,114.9
2026-08-01T19:00:00+08:00,COLLIE_ESR5,838.4,-308,838.4,250,-250,40,40,9.5
2026-08-01T19:00:00+08:00,KWINANA_ESR1,110.59,-75.18,110.59,100,-100,20,20,1.300
2026-08-01T19:00:00+08:00,KWINANA_ESR2,682.3,-325.1,682.3,225,-225,40,40,0.7
2026-08-01T19:05:00+08:00,ALINTA_WGP_ESR1,0,0,0,,,10,10,-0.35
2026-08-01T19:05:00+08:00,COLLIE_BESS2,490.9,-806.8,490.9,300,-300,40,40,238.8
2026-08-01T19:05:00+08:00,COLLIE_ESR1,328.4,-476.9,328.4,200,-200,40,40,198.72
2026-08-01T19:05:00+08:00,COLLIE_ESR4,872.4,-272.6,872.4,250,-250,40,40,94.5
2026-08-01T19:05:00+08:00,COLLIE_ESR5,839.7,-306.4,839.7,250,-250,40,40,-0.2
2026-08-01T19:05:00+08:00,KWINANA_ESR1,110.25,-75.54,110.25,100,-100,20,20,7.6
2026-08-01T19:05:00+08:00,KWINANA_ESR2,682,-325.300,682,225,-225,40,40,-0.2
2026-08-01T19:10:00+08:00,ALINTA_WGP_ESR1,0,0,0,,,10,10,-0.35
2026-08-01T19:10:00+08:00,COLLIE_BESS2,473.6,-824,473.6,300,-300,40,40,137.7
2026-08-01T19:10:00+08:00,COLLIE_ESR1,314,-491.2,314,200,-200,40,40,117.440
2026-08-01T19:10:00+08:00,COLLIE_ESR4,864.8,-277.9,864.8,250,-250,40,40,17.4
2026-08-01T19:10:00+08:00,COLLIE_ESR5,834.2,-311.800,834.2,250,-250,40,40,100.700
2026-08-01T19:10:00+08:00,KWINANA_ESR1,109.93,-75.9,109.93,100,-100,20,20,1.6
2026-08-01T19:10:00+08:00,KWINANA_ESR2,676,-330.5,676,225,-225,40,40,153.1
2026-08-01T19:15:00+08:00,ALINTA_WGP_ESR1,0,0,0,,,10,10,-0.35
2026-08-01T19:15:00+08:00,COLLIE_BESS2,463.7,-834.100,463.7,300,-300,40,40,134.6
2026-08-01T19:15:00+08:00,COLLIE_ESR1,305.2,-499.9,305.2,200,-200,40,40,108.160
2026-08-01T19:15:00+08:00,COLLIE_ESR4,864,-278.4,864,250,-250,40,40,0.7
2026-08-01T19:15:00+08:00,COLLIE_ESR5,822.3,-324.6,822.3,250,-250,40,40,217.400
2026-08-01T19:15:00+08:00,KWINANA_ESR1,109.75,-76.08,109.75,100,-100,20,20,1.6
2026-08-01T19:15:00+08:00,KWINANA_ESR2,663,-343.1,663,225,-225,40,40,105.6
2026-08-01T19:20:00+08:00,ALINTA_WGP_ESR1,0,0,0,,,10,10,-0.35
2026-08-01T19:20:00+08:00,COLLIE_BESS2,449.4,-848.4,449.4,300,-300,40,40,226.8
2026-08-01T19:20:00+08:00,COLLIE_ESR1,293.800,-511.2,293.800,200,-200,40,40,188.64
2026-08-01T19:20:00+08:00,COLLIE_ESR4,863.7,-278.5,863.7,250,-250,40,40,-0.1
2026-08-01T19:20:00+08:00,COLLIE_ESR5,808.5,-340.300,808.5,250,-250,40,40,128.2
2026-08-01T19:20:00+08:00,KWINANA_ESR1,109.21,-76.68,109.21,100,-100,20,20,6.4
2026-08-01T19:20:00+08:00,KWINANA_ESR2,657,-348.4,657,225,-225,40,40,8.7
2026-08-01T19:25:00+08:00,ALINTA_WGP_ESR1,0,0,0,,,10,10,-0.35
2026-08-01T19:25:00+08:00,COLLIE_BESS2,430,-867.7,430,300,-300,40,40,227.8
2026-08-01T19:25:00+08:00,COLLIE_ESR1,277.5,-527.4,277.5,200,-200,40,40,199.68
2026-08-01T19:25:00+08:00,COLLIE_ESR4,863.4,-278.7,863.4,250,-250,40,40,-0.3
2026-08-01T19:25:00+08:00,COLLIE_ESR5,802.100,-346.2,802.100,250,-250,40,40,12.1
2026-08-01T19:25:00+08:00,KWINANA_ESR1,108.620,-77.31,108.620,100,-100,20,20,3.5
2026-08-01T19:25:00+08:00,KWINANA_ESR2,653.4,-351.5,653.4,225,-225,40,40,96.9
2026-08-01T19:30:00+08:00,ALINTA_WGP_ESR1,0,0,0,,,10,10,-0.35
2026-08-01T19:30:00+08:00,COLLIE_BESS2,410.800,-887.100,410.800,300,-300,40,40,235.1
2026-08-01T19:30:00+08:00,COLLIE_ESR1,260.2,-544.600,260.2,200,-200,40,40,199.520
2026-08-01T19:30:00+08:00,COLLIE_ESR4,863.100,-278.800,863.100,250,-250,40,40,0
2026-08-01T19:30:00+08:00,COLLIE_ESR5,801.600,-346.6,801.600,250,-250,40,40,0.2
2026-08-01T19:30:00+08:00,KWINANA_ESR1,108.25,-77.690,108.25,100,-100,20,20,6.200
2026-08-01T19:30:00+08:00,KWINANA_ESR2,643.8,-360.4,643.8,225,-225,40,40,108.8
2026-08-01T19:35:00+08:00,ALINTA_WGP_ESR1,0,0,0,,,10,10,-0.35
2026-08-01T19:35:00+08:00,COLLIE_BESS2,391.6,-906.4,391.6,300,-300,40,40,247.2
2026-08-01T19:35:00+08:00,COLLIE_ESR1,243.6,-561,243.6,200,-200,40,40,199.04
2026-08-01T19:35:00+08:00,COLLIE_ESR4,862.8,-279,862.8,250,-250,40,40,-0.5
2026-08-01T19:35:00+08:00,COLLIE_ESR5,802.9,-345,802.9,250,-250,40,40,-0.6
2026-08-01T19:35:00+08:00,KWINANA_ESR1,107.6,-78.4,107.6,100,-100,20,20,11.400
2026-08-01T19:35:00+08:00,KWINANA_ESR2,635.4,-368.7,635.4,225,-225,40,40,90.5
2026-08-01T19:40:00+08:00,ALINTA_WGP_ESR1,0,0,0,,,10,10,-0.35
2026-08-01T19:40:00+08:00,COLLIE_BESS2,375.800,-922.100,375.800,300,-300,40,40,83.6
2026-08-01T19:40:00+08:00,COLLIE_ESR1,230.8,-573.7,230.8,200,-200,40,40,56.96
2026-08-01T19:40:00+08:00,COLLIE_ESR4,857.8,-282.5,857.8,250,-250,40,40,97.8
2026-08-01T19:40:00+08:00,COLLIE_ESR5,797.5,-350.300,797.5,250,-250,40,40,98.700
2026-08-01T19:40:00+08:00,KWINANA_ESR1,107.39,-78.61,107.39,100,-100,20,20,-1
2026-08-01T19:40:00+08:00,KWINANA_ESR2,624.5,-380,624.5,225,-225,40,40,208.5
2026-08-01T19:45:00+08:00,ALINTA_WGP_ESR1,0,0,0,,,10,10,-0.35
2026-08-01T19:45:00+08:00,COLLIE_BESS2,372.6,-925.4,372.6,300,-300,40,40,1.4
2026-08-01T19:45:00+08:00,COLLIE_ESR1,229.3,-575.2,229.3,200,-200,40,40,-0.64
2026-08-01T19:45:00+08:00,COLLIE_ESR4,843,-295.5,843,250,-250,40,40,213.8
2026-08-01T19:45:00+08:00,COLLIE_ESR5,785.100,-363.2,785.100,250,-250,40,40,212.3
2026-08-01T19:45:00+08:00,KWINANA_ESR1,109.79,-76.06,109.79,100,-100,20,20,-76
2026-08-01T19:45:00+08:00,KWINANA_ESR2,611.9,-396.7,611.9,225,-225,40,40,187.400
2026-08-01T19:50:00+08:00,ALINTA_WGP_ESR1,0,0,0,,,10,10,-0.360
2026-08-01T19:50:00+08:00,COLLIE_BESS2,372.5,-925.4,372.5,300,-300,40,40,-1.1
2026-08-01T19:50:00+08:00,COLLIE_ESR1,229.1,-575.4,229.1,200,-200,40,40,4.48
2026-08-01T19:50:00+08:00,COLLIE_ESR4,825.8,-314.4,825.8,250,-250,40,40,246
2026-08-01T19:50:00+08:00,COLLIE_ESR5,768.7,-382.300,768.7,250,-250,40,40,246.8
2026-08-01T19:50:00+08:00,KWINANA_ESR1,117.11,-68.18,117.11,100,-100,20,20,-83.5
2026-08-01T19:50:00+08:00,KWINANA_ESR2,600.7,-409.800,600.7,225,-225,40,40,118
2026-08-01T19:55:00+08:00,ALINTA_WGP_ESR1,0,0,0,,,10,10,-0.360
2026-08-01T19:55:00+08:00,COLLIE_BESS2,372.2,-925.5,372.2,300,-300,40,40,-1.9
2026-08-01T19:55:00+08:00,COLLIE_ESR1,228.7,-575.8,228.7,200,-200,40,40,2.400
2026-08-01T19:55:00+08:00,COLLIE_ESR4,807.100,-335.4,807.100,250,-250,40,40,249.3
2026-08-01T19:55:00+08:00,COLLIE_ESR5,752.3,-399.6,752.3,250,-250,40,40,151.400
2026-08-01T19:55:00+08:00,KWINANA_ESR1,122.02,-62.91,122.02,100,-100,20,20,-21.800
2026-08-01T19:55:00+08:00,KWINANA_ESR2,590.5,-420,590.5,225,-225,40,40,140.5
2026-08-01T20:00:00+08:00,ALINTA_WGP_ESR1,0,0,0,,,10,10,-0.360
2026-08-01T20:00:00+08:00,COLLIE_BESS2,372,-925.7,372,300,-300,40,40,0.1
2026-08-01T20:00:00+08:00,COLLIE_ESR1,228.400,-576.100,228.400,200,-200,40,40,3.04
2026-08-01T20:00:00+08:00,COLLIE_ESR4,789.600,-356.300,789.600,250,-250,40,40,250.1
2026-08-01T20:00:00+08:00,COLLIE_ESR5,743.2,-407.6,743.2,250,-250,40,40,36.4
2026-08-01T20:00:00+08:00,KWINANA_ESR1,121.68,-63.27,121.68,100,-100,20,20,8.400
2026-08-01T20:00:00+08:00,KWINANA_ESR2,579.600,-433.4,579.600,225,-225,40,40,199
2026-08-01T20:05:00+08:00,ALINTA_WGP_ESR1,0,0,0,,,10,10,-0.35
2026-08-01T20:05:00+08:00,COLLIE_BESS2,371.9,-925.9,371.9,300,-300,40,40,-1.5
2026-08-01T20:05:00+08:00,COLLIE_ESR1,228.1,-576.4,228.1,200,-200,40,40,1.600
2026-08-01T20:05:00+08:00,COLLIE_ESR4,772.600,-376.800,772.600,250,-250,40,40,249.5
2026-08-01T20:05:00+08:00,COLLIE_ESR5,741.3,-409.2,741.3,250,-250,40,40,1.6
2026-08-01T20:05:00+08:00,KWINANA_ESR1,121.1,-63.900,121.1,100,-100,20,20,12.900
2026-08-01T20:05:00+08:00,KWINANA_ESR2,566.4,-450.300,566.4,225,-225,40,40,212.7
2026-08-01T20:10:00+08:00,ALINTA_WGP_ESR1,0,0,0,,,10,10,-0.35
2026-08-01T20:10:00+08:00,COLLIE_BESS2,371.6,-926.2,371.6,300,-300,40,40,2.4
2026-08-01T20:10:00+08:00,COLLIE_ESR1,227.6,-576.9,227.6,200,-200,40,40,8.32
2026-08-01T20:10:00+08:00,COLLIE_ESR4,754.600,-397.5,754.600,250,-250,40,40,250.1
2026-08-01T20:10:00+08:00,COLLIE_ESR5,737.3,-412.7,737.3,250,-250,40,40,98.4
2026-08-01T20:10:00+08:00,KWINANA_ESR1,119.75,-65.33,119.75,100,-100,20,20,15.5
2026-08-01T20:10:00+08:00,KWINANA_ESR2,553.5,-464.4,553.5,225,-225,40,40,95.8
2026-08-01T20:15:00+08:00,ALINTA_WGP_ESR1,0,0,0,,,10,10,-0.35
2026-08-01T20:15:00+08:00,COLLIE_BESS2,371.4,-926.3,371.4,300,-300,40,40,-0.2
2026-08-01T20:15:00+08:00,COLLIE_ESR1,227.1,-577.4,227.1,200,-200,40,40,3.680
2026-08-01T20:15:00+08:00,COLLIE_ESR4,735.9,-417.9,735.9,250,-250,40,40,232.5
2026-08-01T20:15:00+08:00,COLLIE_ESR5,725.4,-425.2,725.4,250,-250,40,40,215
2026-08-01T20:15:00+08:00,KWINANA_ESR1,118.31,-66.9,118.31,100,-100,20,20,11.5
2026-08-01T20:15:00+08:00,KWINANA_ESR2,547.9,-468.9,547.9,225,-225,40,40,7.5
2026-08-01T20:20:00+08:00,ALINTA_WGP_ESR1,0,0,0,,,10,10,-0.35
2026-08-01T20:20:00+08:00,COLLIE_BESS2,371.2,-926.5,371.2,300,-300,40,40,-1.1
2026-08-01T20:20:00+08:00,COLLIE_ESR1,226.7,-577.8,226.7,200,-200,40,40,3.04
2026-08-01T20:20:00+08:00,COLLIE_ESR4,718.3,-436.4,718.3,250,-250,40,40,208.5
2026-08-01T20:20:00+08:00,COLLIE_ESR5,708.3,-444.6,708.3,250,-250,40,40,247.8
2026-08-01T20:20:00+08:00,KWINANA_ESR1,117.18,-68.11,117.18,100,-100,20,20,13.2
2026-08-01T20:20:00+08:00,KWINANA_ESR2,547.600,-469,547.600,225,-225,40,40,-0.7
2026-08-01T20:25:00+08:00,ALINTA_WGP_ESR1,0,0,0,,,10,10,-0.35
2026-08-01T20:25:00+08:00,COLLIE_BESS2,371,-926.600,371,300,-300,40,40,-0.6
2026-08-01T20:25:00+08:00,COLLIE_ESR1,226.5,-578,226.5,200,-200,40,40,-1.440
2026-08-01T20:25:00+08:00,COLLIE_ESR4,701.7,-453,701.7,250,-250,40,40,191.2
2026-08-01T20:25:00+08:00,COLLIE_ESR5,689.3,-465.2,689.3,250,-250,40,40,250
2026-08-01T20:25:00+08:00,KWINANA_ESR1,116.57,-68.76,116.57,100,-100,20,20,0
2026-08-01T20:25:00+08:00,KWINANA_ESR2,547.2,-469.2,547.2,225,-225,40,40,-1.1
2026-08-01T20:30:00+08:00,ALINTA_WGP_ESR1,0,0,0,,,10,10,-0.35
2026-08-01T20:30:00+08:00,COLLIE_BESS2,371.1,-926.5,371.1,300,-300,40,40,0.1
2026-08-01T20:30:00+08:00,COLLIE_ESR1,226.6,-577.8,226.6,200,-200,40,40,-3.200
2026-08-01T20:30:00+08:00,COLLIE_ESR4,686.4,-468.2,686.4,250,-250,40,40,171.900
2026-08-01T20:30:00+08:00,COLLIE_ESR5,669.5,-485.9,669.5,250,-250,40,40,250.2
2026-08-01T20:30:00+08:00,KWINANA_ESR1,116.870,-68.440,116.870,100,-100,20,20,-12.900
2026-08-01T20:30:00+08:00,KWINANA_ESR2,547,-469.4,547,225,-225,40,40,0
2026-08-01T20:35:00+08:00,ALINTA_WGP_ESR1,0,0,0,,,10,10,-0.35
2026-08-01T20:35:00+08:00,COLLIE_BESS2,370.7,-927,370.7,300,-300,40,40,0.1
2026-08-01T20:35:00+08:00,COLLIE_ESR1,226.5,-577.9,226.5,200,-200,40,40,0
2026-08-01T20:35:00+08:00,COLLIE_ESR4,675.100,-479.300,675.100,250,-250,40,40,77.200
2026-08-01T20:35:00+08:00,COLLIE_ESR5,651.9,-503.6,651.9,250,-250,40,40,164.7
2026-08-01T20:35:00+08:00,KWINANA_ESR1,117.06,-68.24,117.06,100,-100,20,20,0.5
2026-08-01T20:35:00+08:00,KWINANA_ESR2,540.5,-474.300,540.5,225,-225,40,40,142.6
2026-08-01T20:40:00+08:00,ALINTA_WGP_ESR1,0,0,0,,,10,10,-0.35
2026-08-01T20:40:00+08:00,COLLIE_BESS2,370.9,-926.8,370.9,300,-300,40,40,-3.5
2026-08-01T20:40:00+08:00,COLLIE_ESR1,226.6,-577.9,226.6,200,-200,40,40,-1.76
2026-08-01T20:40:00+08:00,COLLIE_ESR4,667.2,-485.4,667.2,250,-250,40,40,113.4
2026-08-01T20:40:00+08:00,COLLIE_ESR5,635.600,-519.5,635.600,250,-250,40,40,238.8
2026-08-01T20:40:00+08:00,KWINANA_ESR1,117.050,-68.25,117.050,100,-100,20,20,0.5
2026-08-01T20:40:00+08:00,KWINANA_ESR2,529.100,-485.1,529.100,225,-225,40,40,44.100
2026-08-01T20:45:00+08:00,ALINTA_WGP_ESR1,0,0,0,,,10,10,-0.360
2026-08-01T20:45:00+08:00,COLLIE_BESS2,370.4,-927.2,370.4,300,-300,40,40,0
2026-08-01T20:45:00+08:00,COLLIE_ESR1,226.2,-578.3,226.2,200,-200,40,40,-0.16
2026-08-01T20:45:00+08:00,COLLIE_ESR4,657.4,-494.7,657.4,250,-250,40,40,96.3
2026-08-01T20:45:00+08:00,COLLIE_ESR5,616.9,-539.7,616.9,250,-250,40,40,250.1
2026-08-01T20:45:00+08:00,KWINANA_ESR1,116.75,-68.57,116.75,100,-100,20,20,-0.1
2026-08-01T20:45:00+08:00,KWINANA_ESR2,528.5,-485.6,528.5,225,-225,40,40,-0.4
2026-08-01T20:50:00+08:00,ALINTA_WGP_ESR1,0,0,0,,,10,10,-0.360
2026-08-01T20:50:00+08:00,COLLIE_BESS2,370.2,-927.4,370.2,300,-300,40,40,-1.4
2026-08-01T20:50:00+08:00,COLLIE_ESR1,225.900,-578.600,225.900,200,-200,40,40,-4.16
2026-08-01T20:50:00+08:00,COLLIE_ESR4,648.600,-502.4,648.600,250,-250,40,40,85.200
2026-08-01T20:50:00+08:00,COLLIE_ESR5,597.4,-560.8,597.4,250,-250,40,40,250.1
2026-08-01T20:50:00+08:00,KWINANA_ESR1,116.29,-69.07,116.29,100,-100,20,20,-3.600
2026-08-01T20:50:00+08:00,KWINANA_ESR2,528.100,-485.800,528.100,225,-225,40,40,-1
2026-08-01T20:55:00+08:00,ALINTA_WGP_ESR1,0,0,0,,,10,10,-0.360
2026-08-01T20:55:00+08:00,COLLIE_BESS2,370,-927.7,370,300,-300,40,40,1.300
2026-08-01T20:55:00+08:00,COLLIE_ESR1,226,-578.5,226,200,-200,40,40,-0.96
2026-08-01T20:55:00+08:00,COLLIE_ESR4,643.3,-507,643.3,250,-250,40,40,9.2
2026-08-01T20:55:00+08:00,COLLIE_ESR5,579.4,-578.600,579.4,250,-250,40,40,153.6
2026-08-01T20:55:00+08:00,KWINANA_ESR1,116.49,-68.85,116.49,100,-100,20,20,-1.9
2026-08-01T20:55:00+08:00,KWINANA_ESR2,521.8,-490.800,521.8,225,-225,40,40,152.8
2026-08-01T21:00:00+08:00,ALINTA_WGP_ESR1,0,0,0,,,10,10,-0.360
2026-08-01T21:00:00+08:00,COLLIE_BESS2,369.7,-927.9,369.7,300,-300,40,40,0.5
2026-08-01T21:00:00+08:00,COLLIE_ESR1,225.6,-578.9,225.6,200,-200,40,40,5.92
2026-08-01T21:00:00+08:00,COLLIE_ESR4,642.9,-507.2,642.9,250,-250,40,40,0.5
2026-08-01T21:00:00+08:00,COLLIE_ESR5,566.8,-588.4,566.8,250,-250,40,40,80.5
2026-08-01T21:00:00+08:00,KWINANA_ESR1,116.230,-69.14,116.230,100,-100,20,20,8.5
2026-08-01T21:00:00+08:00,KWINANA_ESR2,505.1,-507.300,505.1,225,-225,40,40,220.7
2026-08-01T21:05:00+08:00,ALINTA_WGP_ESR1,0,0,0,,,10,10,-0.35
2026-08-01T21:05:00+08:00,COLLIE_BESS2,369.5,-928.100,369.5,300,-300,40,40,0
2026-08-01T21:05:00+08:00,COLLIE_ESR1,225.2,-579.3,225.2,200,-200,40,40,4.16
2026-08-01T21:05:00+08:00,COLLIE_ESR4,642.600,-507.5,642.600,250,-250,40,40,0
2026-08-01T21:05:00+08:00,COLLIE_ESR5,558.4,-594.5,558.4,250,-250,40,40,60.8
2026-08-01T21:05:00+08:00,KWINANA_ESR1,115.56,-69.85,115.56,100,-100,20,20,7.700
2026-08-01T21:05:00+08:00,KWINANA_ESR2,488.9,-525.4,488.9,225,-225,40,40,223.1
2026-08-01T21:10:00+08:00,ALINTA_WGP_ESR1,0,0,0,,,10,10,-0.35
2026-08-01T21:10:00+08:00,COLLIE_BESS2,369.300,-928.4,369.300,300,-300,40,40,2.600
2026-08-01T21:10:00+08:00,COLLIE_ESR1,224.6,-579.8,224.6,200,-200,40,40,10.24
2026-08-01T21:10:00+08:00,COLLIE_ESR4,642.3,-507.7,642.3,250,-250,40,40,1.1
2026-08-01T21:10:00+08:00,COLLIE_ESR5,551.7,-598.9,551.7,250,-250,40,40,31.800
2026-08-01T21:10:00+08:00,KWINANA_ESR1,114.57,-70.92,114.57,100,-100,20,20,13.6
2026-08-01T21:10:00+08:00,KWINANA_ESR2,471.800,-544.100,471.800,225,-225,40,40,223.400
2026-08-01T21:15:00+08:00,ALINTA_WGP_ESR1,0,0,0,,,10,10,-0.35
2026-08-01T21:15:00+08:00,COLLIE_BESS2,369,-928.600,369,300,-300,40,40,-0.2
2026-08-01T21:15:00+08:00,COLLIE_ESR1,223.6,-580.8,223.6,200,-200,40,40,24.96
2026-08-01T21:15:00+08:00,COLLIE_ESR4,641.9,-508,641.9,250,-250,40,40,-0.2
2026-08-01T21:15:00+08:00,COLLIE_ESR5,548,-601.2,548,250,-250,40,40,17.300
2026-08-01T21:15:00+08:00,KWINANA_ESR1,112.5,-73.14,112.5,100,-100,20,20,40
2026-08-01T21:15:00+08:00,KWINANA_ESR2,454.5,-562.3,454.5,225,-225,40,40,223.3
2026-08-01T21:20:00+08:00,ALINTA_WGP_ESR1,0,0,0,,,10,10,-0.35
2026-08-01T21:20:00+08:00,COLLIE_BESS2,368.9,-928.7,368.9,300,-300,40,40,0
2026-08-01T21:20:00+08:00,COLLIE_ESR1,221.7,-582.7,221.7,200,-200,40,40,13.92
2026-08-01T21:20:00+08:00,COLLIE_ESR4,641.7,-508.2,641.7,250,-250,40,40,0
2026-08-01T21:20:00+08:00,COLLIE_ESR5,544.5,-603.3,544.5,250,-250,40,40,24.300
2026-08-01T21:20:00+08:00,KWINANA_ESR1,109.93,-75.89,109.93,100,-100,20,20,24.7
2026-08-01T21:20:00+08:00,KWINANA_ESR2,435.6,-581,435.6,225,-225,40,40,223.2
2026-08-01T21:25:00+08:00,ALINTA_WGP_ESR1,0,0,0,,,10,10,-0.35
2026-08-01T21:25:00+08:00,COLLIE_BESS2,368.800,-928.8,368.800,300,-300,40,40,-0.8
2026-08-01T21:25:00+08:00,COLLIE_ESR1,220.8,-583.600,220.8,200,-200,40,40,0.48
2026-08-01T21:25:00+08:00,COLLIE_ESR4,638.7,-510.7,638.7,250,-250,40,40,66.4
2026-08-01T21:25:00+08:00,COLLIE_ESR5,535.100,-608.9,535.100,250,-250,40,40,124.200
2026-08-01T21:25:00+08:00,KWINANA_ESR1,108.57,-77.36,108.57,100,-100,20,20,2.100
2026-08-01T21:25:00+08:00,KWINANA_ESR2,420.6,-594.5,420.6,225,-225,40,40,68
2026-08-01T21:30:00+08:00,ALINTA_WGP_ESR1,0,0,0,,,10,10,-0.35
2026-08-01T21:30:00+08:00,COLLIE_BESS2,368.6,-929,368.6,300,-300,40,40,-2.2
2026-08-01T21:30:00+08:00,COLLIE_ESR1,220.3,-584.100,220.3,200,-200,40,40,5.280
2026-08-01T21:30:00+08:00,COLLIE_ESR4,633.3,-514.600,633.3,250,-250,40,40,4.5
2026-08-01T21:30:00+08:00,COLLIE_ESR5,511.4,-623.600,511.4,250,-250,40,40,219.6
2026-08-01T21:30:00+08:00,KWINANA_ESR1,107.7,-78.29,107.7,100,-100,20,20,13.400
2026-08-01T21:30:00+08:00,KWINANA_ESR2,417.9,-596.4,417.9,225,-225,40,40,1.1
2026-08-01T21:35:00+08:00,ALINTA_WGP_ESR1,0,0,0,,,10,10,-0.35
2026-08-01T21:35:00+08:00,COLLIE_BESS2,368.5,-929.2,368.5,300,-300,40,40,0
2026-08-01T21:35:00+08:00,COLLIE_ESR1,220.1,-584.3,220.1,200,-200,40,40,-5.12
2026-08-01T21:35:00+08:00,COLLIE_ESR4,633,-514.8,633,250,-250,40,40,0.5
2026-08-01T21:35:00+08:00,COLLIE_ESR5,489.2,-642.4,489.2,250,-250,40,40,235
2026-08-01T21:35:00+08:00,KWINANA_ESR1,107.5,-78.5,107.5,100,-100,20,20,-7.6
2026-08-01T21:35:00+08:00,KWINANA_ESR2,417.5,-596.7,417.5,225,-225,40,40,0.1
2026-08-01T21:40:00+08:00,ALINTA_WGP_ESR1,0,0,0,,,10,10,-0.35
2026-08-01T21:40:00+08:00,COLLIE_BESS2,368.4,-929.4,368.4,300,-300,40,40,0
2026-08-01T21:40:00+08:00,COLLIE_ESR1,219.8,-584.600,219.8,200,-200,40,40,1.600
2026-08-01T21:40:00+08:00,COLLIE_ESR4,632.7,-515,632.7,250,-250,40,40,-0.1
2026-08-01T21:40:00+08:00,COLLIE_ESR5,472.1,-658.9,472.1,250,-250,40,40,138.400
2026-08-01T21:40:00+08:00,KWINANA_ESR1,105.53,-80.61,105.53,100,-100,20,20,67.8
2026-08-01T21:40:00+08:00,KWINANA_ESR2,415.7,-597.9,415.7,225,-225,40,40,15.900
2026-08-01T21:45:00+08:00,ALINTA_WGP_ESR1,0,0,0,,,10,10,-0.360
2026-08-01T21:45:00+08:00,COLLIE_BESS2,368.300,-929.7,368.300,300,-300,40,40,0.1
2026-08-01T21:45:00+08:00,COLLIE_ESR1,219.3,-585.100,219.3,200,-200,40,40,11.84
2026-08-01T21:45:00+08:00,COLLIE_ESR4,632.5,-515.2,632.5,250,-250,40,40,0
2026-08-01T21:45:00+08:00,COLLIE_ESR5,463.5,-665.7,463.5,250,-250,40,40,22.5
2026-08-01T21:45:00+08:00,KWINANA_ESR1,97.870,-88.85,97.870,100,-100,20,20,99.200
2026-08-01T21:45:00+08:00,KWINANA_ESR2,409,-602,409,225,-225,40,40,91.1
2026-08-01T21:50:00+08:00,ALINTA_WGP_ESR1,0,0,0,,,10,10,-0.360
2026-08-01T21:50:00+08:00,COLLIE_BESS2,368.1,-929.8,368.1,300,-300,40,40,0.1
2026-08-01T21:50:00+08:00,COLLIE_ESR1,218.6,-585.8,218.6,200,-200,40,40,7.52
2026-08-01T21:50:00+08:00,COLLIE_ESR4,632.100,-515.3,632.100,250,-250,40,40,0
2026-08-01T21:50:00+08:00,COLLIE_ESR5,462.1,-666.7,462.1,250,-250,40,40,1
2026-08-01T21:50:00+08:00,KWINANA_ESR1,89.410,-97.95,89.410,100,-100,20,20,100.5
2026-08-01T21:50:00+08:00,KWINANA_ESR2,396.7,-610.100,396.7,225,-225,40,40,100.9
2026-08-01T21:55:00+08:00,ALINTA_WGP_ESR1,0,0,0,,,10,10,-0.360
2026-08-01T21:55:00+08:00,COLLIE_BESS2,368,-929.9,368,300,-300,40,40,-1.5
2026-08-01T21:55:00+08:00,COLLIE_ESR1,218.2,-586.2,218.2,200,-200,40,40,-1.92
2026-08-01T21:55:00+08:00,COLLIE_ESR4,631.9,-515.5,631.9,250,-250,40,40,-0.6
2026-08-01T21:55:00+08:00,COLLIE_ESR5,463.4,-665,463.4,250,-250,40,40,-0.5
2026-08-01T21:55:00+08:00,KWINANA_ESR1,83.42,-104.370,83.42,100,-100,20,20,26.9
2026-08-01T21:55:00+08:00,KWINANA_ESR2,381.6,-619.8,381.6,225,-225,40,40,155.1
2026-08-01T22:00:00+08:00,ALINTA_WGP_ESR1,0,0,0,,,10,10,-0.35
2026-08-01T22:00:00+08:00,COLLIE_BESS2,367.9,-930.100,367.9,300,-300,40,40,2.5
2026-08-01T22:00:00+08:00,COLLIE_ESR1,217.8,-586.600,217.8,200,-200,40,40,12.48
2026-08-01T22:00:00+08:00,COLLIE_ESR4,631.600,-515.600,631.600,250,-250,40,40,1.4
2026-08-01T22:00:00+08:00,COLLIE_ESR5,461.5,-667,461.5,250,-250,40,40,1.300
2026-08-01T22:00:00+08:00,KWINANA_ESR1,82.52,-105.34,82.52,100,-100,20,20,14.900
2026-08-01T22:00:00+08:00,KWINANA_ESR2,367.2,-632.5,367.2,225,-225,40,40,140.2
2026-08-01T22:05:00+08:00,ALINTA_WGP_ESR1,0,0,0,,,10,10,-0.35
2026-08-01T22:05:00+08:00,COLLIE_BESS2,367.7,-930.3,367.7,300,-300,40,40,0
2026-08-01T22:05:00+08:00,COLLIE_ESR1,217,-587.4,217,200,-200,40,40,5.44
2026-08-01T22:05:00+08:00,COLLIE_ESR4,631.3,-515.8,631.3,250,-250,40,40,0
2026-08-01T22:05:00+08:00,COLLIE_ESR5,461.2,-667.2,461.2,250,-250,40,40,0
2026-08-01T22:05:00+08:00,KWINANA_ESR1,81.31,-106.64,81.31,100,-100,20,20,8.8
2026-08-01T22:05:00+08:00,KWINANA_ESR2,356.2,-643.2,356.2,225,-225,40,40,124.8
2026-08-01T22:10:00+08:00,ALINTA_WGP_ESR1,0,0,0,,,10,10,-0.35
2026-08-01T22:10:00+08:00,COLLIE_BESS2,367.5,-930.4,367.5,300,-300,40,40,2.3
2026-08-01T22:10:00+08:00,COLLIE_ESR1,216.3,-588.100,216.3,200,-200,40,40,8.8
2026-08-01T22:10:00+08:00,COLLIE_ESR4,626.3,-519.5,626.3,250,-250,40,40,100.200
2026-08-01T22:10:00+08:00,COLLIE_ESR5,460.800,-667.4,460.800,250,-250,40,40,0.7
2026-08-01T22:10:00+08:00,KWINANA_ESR1,80.22,-107.800,80.22,100,-100,20,20,11.900
2026-08-01T22:10:00+08:00,KWINANA_ESR2,348.6,-650.100,348.6,225,-225,40,40,13.900
2026-08-01T22:15:00+08:00,ALINTA_WGP_ESR1,0,0,0,,,10,10,-0.35
2026-08-01T22:15:00+08:00,COLLIE_BESS2,367.300,-930.5,367.300,300,-300,40,40,-0.1
2026-08-01T22:15:00+08:00,COLLIE_ESR1,215.8,-588.600,215.8,200,-200,40,40,-0.16
2026-08-01T22:15:00+08:00,COLLIE_ESR4,611.3,-531.5,611.3,250,-250,40,40,193.6
2026-08-01T22:15:00+08:00,COLLIE_ESR5,462,-665.7,462,250,-250,40,40,0
2026-08-01T22:15:00+08:00,KWINANA_ESR1,79.53,-108.550,79.53,100,-100,20,20,0
2026-08-01T22:15:00+08:00,KWINANA_ESR2,348.300,-650.2,348.300,225,-225,40,40,-1.1
2026-08-01T22:20:00+08:00,ALINTA_WGP_ESR1,0,0,0,,,10,10,-0.35
2026-08-01T22:20:00+08:00,COLLIE_BESS2,367.2,-930.7,367.2,300,-300,40,40,0
2026-08-01T22:20:00+08:00,COLLIE_ESR1,215.8,-588.600,215.8,200,-200,40,40,-0.96
2026-08-01T22:20:00+08:00,COLLIE_ESR4,593.7,-548.100,593.7,250,-250,40,40,197.2
2026-08-01T22:20:00+08:00,COLLIE_ESR5,460.2,-667.7,460.2,250,-250,40,40,0
2026-08-01T22:20:00+08:00,KWINANA_ESR1,79.510,-108.56,79.510,100,-100,20,20,-2.3
2026-08-01T22:20:00+08:00,KWINANA_ESR2,348.1,-650.4,348.1,225,-225,40,40,0.3
2026-08-01T22:25:00+08:00,ALINTA_WGP_ESR1,0,0,0,,,10,10,-0.35
2026-08-01T22:25:00+08:00,COLLIE_BESS2,367.1,-930.9,367.1,300,-300,40,40,0
2026-08-01T22:25:00+08:00,COLLIE_ESR1,215.6,-588.8,215.6,200,-200,40,40,-2.880
2026-08-01T22:25:00+08:00,COLLIE_ESR4,577.7,-564.4,577.7,250,-250,40,40,199.2
2026-08-01T22:25:00+08:00,COLLIE_ESR5,459.800,-667.9,459.800,250,-250,40,40,0
2026-08-01T22:25:00+08:00,KWINANA_ESR1,79.43,-108.64,79.43,100,-100,20,20,-3
2026-08-01T22:25:00+08:00,KWINANA_ESR2,347.800,-650.600,347.800,225,-225,40,40,-0.6
2026-08-01T22:30:00+08:00,ALINTA_WGP_ESR1,0,0,0,,,10,10,-0.35
2026-08-01T22:30:00+08:00,COLLIE_BESS2,366.9,-931,366.9,300,-300,40,40,2.100
2026-08-01T22:30:00+08:00,COLLIE_ESR1,215.400,-588.9,215.400,200,-200,40,40,0.32
2026-08-01T22:30:00+08:00,COLLIE_ESR4,561.600,-580.5,561.600,250,-250,40,40,188.7
2026-08-01T22:30:00+08:00,COLLIE_ESR5,459.4,-668,459.4,250,-250,40,40,0
2026-08-01T22:30:00+08:00,KWINANA_ESR1,79.39,-108.7,79.39,100,-100,20,20,-0.900
2026-08-01T22:30:00+08:00,KWINANA_ESR2,347.6,-650.7,347.6,225,-225,40,40,-0.4
2026-08-01T22:35:00+08:00,ALINTA_WGP_ESR1,0,0,0,,,10,10,-0.35
2026-08-01T22:35:00+08:00,COLLIE_BESS2,366.800,-931.2,366.800,300,-300,40,40,-1.6
2026-08-01T22:35:00+08:00,COLLIE_ESR1,215,-589.3,215,200,-200,40,40,5.44
2026-08-01T22:35:00+08:00,COLLIE_ESR4,546.100,-595.4,546.100,250,-250,40,40,169.3
2026-08-01T22:35:00+08:00,COLLIE_ESR5,459.1,-668.3,459.1,250,-250,40,40,-0.7
2026-08-01T22:35:00+08:00,KWINANA_ESR1,78.75,-109.38,78.75,100,-100,20,20,13.5
2026-08-01T22:35:00+08:00,KWINANA_ESR2,347.4,-650.9,347.4,225,-225,40,40,-0.7
2026-08-01T22:40:00+08:00,ALINTA_WGP_ESR1,0,0,0,,,10,10,-0.35
2026-08-01T22:40:00+08:00,COLLIE_BESS2,366.6,-931.3,366.6,300,-300,40,40,0
2026-08-01T22:40:00+08:00,COLLIE_ESR1,214.6,-589.8,214.6,200,-200,40,40,1.76
2026-08-01T22:40:00+08:00,COLLIE_ESR4,534.3,-606.2,534.3,250,-250,40,40,71.1
2026-08-01T22:40:00+08:00,COLLIE_ESR5,458.800,-668.5,458.800,250,-250,40,40,0
2026-08-01T22:40:00+08:00,KWINANA_ESR1,75.86,-112.49,75.86,100,-100,20,20,74.9
2026-08-01T22:40:00+08:00,KWINANA_ESR2,346.9,-651.3,346.9,225,-225,40,40,1.1
2026-08-01T22:45:00+08:00,ALINTA_WGP_ESR1,0,0,0,,,10,10,-0.35
2026-08-01T22:45:00+08:00,COLLIE_BESS2,366.5,-931.5,366.5,300,-300,40,40,0
2026-08-01T22:45:00+08:00,COLLIE_ESR1,214.1,-590.2,214.1,200,-200,40,40,2.400
2026-08-01T22:45:00+08:00,COLLIE_ESR4,526.8,-612.2,526.8,250,-250,40,40,103.200
2026-08-01T22:45:00+08:00,COLLIE_ESR5,458.4,-668.7,458.4,250,-250,40,40,0
2026-08-01T22:45:00+08:00,KWINANA_ESR1,70.83,-117.89,70.83,100,-100,20,20,19.2
2026-08-01T22:45:00+08:00,KWINANA_ESR2,346.6,-651.5,346.6,225,-225,40,40,-1
2026-08-01T22:50:00+08:00,ALINTA_WGP_ESR1,0,0,0,,,10,10,-0.35
2026-08-01T22:50:00+08:00,COLLIE_BESS2,366.300,-931.600,366.300,300,-300,40,40,3.7
2026-08-01T22:50:00+08:00,COLLIE_ESR1,213.5,-590.8,213.5,200,-200,40,40,8
2026-08-01T22:50:00+08:00,COLLIE_ESR4,517.5,-620.3,517.5,250,-250,40,40,81.4
2026-08-01T22:50:00+08:00,COLLIE_ESR5,458,-668.9,458,250,-250,40,40,1.7
2026-08-01T22:50:00+08:00,KWINANA_ESR1,69.9,-118.88,69.9,100,-100,20,20,11.900
2026-08-01T22:50:00+08:00,KWINANA_ESR2,346.300,-651.7,346.300,225,-225,40,40,0.8
2026-08-01T22:55:00+08:00,ALINTA_WGP_ESR1,0,0,0,,,10,10,-0.35
2026-08-01T22:55:00+08:00,COLLIE_BESS2,366.2,-931.7,366.2,300,-300,40,40,0
2026-08-01T22:55:00+08:00,COLLIE_ESR1,213.1,-591.3,213.1,200,-200,40,40,0.16
2026-08-01T22:55:00+08:00,COLLIE_ESR4,510.7,-625.9,510.7,250,-250,40,40,50.9
2026-08-01T22:55:00+08:00,COLLIE_ESR5,457.6,-669.100,457.6,250,-250,40,40,0
2026-08-01T22:55:00+08:00,KWINANA_ESR1,69.22,-119.620,69.22,100,-100,20,20,1.1
2026-08-01T22:55:00+08:00,KWINANA_ESR2,346.1,-651.8,346.1,225,-225,40,40,-0.4
2026-08-01T23:00:00+08:00,ALINTA_WGP_ESR1,0,0,0,,,10,10,-0.35
2026-08-01T23:00:00+08:00,COLLIE_BESS2,366.1,-931.8,366.1,300,-300,40,40,1.4
2026-08-01T23:00:00+08:00,COLLIE_ESR1,212.8,-591.5,212.8,200,-200,40,40,-0.96
2026-08-01T23:00:00+08:00,COLLIE_ESR4,506.5,-629.3,506.5,250,-250,40,40,23.9
2026-08-01T23:00:00+08:00,COLLIE_ESR5,457.300,-669.3,457.300,250,-250,40,40,0.7
2026-08-01T23:00:00+08:00,KWINANA_ESR1,68.82,-120.06,68.82,100,-100,20,20,-0.7
2026-08-01T23:00:00+08:00,KWINANA_ESR2,345.800,-652,345.800,225,-225,40,40,-0.3
2026-08-01T23:05:00+08:00,ALINTA_WGP_ESR1,0,0,0,,,10,10,-0.35
2026-08-01T23:05:00+08:00,COLLIE_BESS2,365.9,-931.8,365.9,300,-300,40,40,-4.4
2026-08-01T23:05:00+08:00,COLLIE_ESR1,212.6,-591.7,212.6,200,-200,40,40,1.440
2026-08-01T23:05:00+08:00,COLLIE_ESR4,503.6,-631.5,503.6,250,-250,40,40,30.300
2026-08-01T23:05:00+08:00,COLLIE_ESR5,458.5,-667.600,458.5,250,-250,40,40,-1.1
2026-08-01T23:05:00+08:00,KWINANA_ESR1,68.54,-120.35,68.54,100,-100,20,20,4.3
2026-08-01T23:05:00+08:00,KWINANA_ESR2,345.6,-652.100,345.6,225,-225,40,40,-1.7
2026-08-01T23:10:00+08:00,ALINTA_WGP_ESR1,0,0,0,,,10,10,-0.35
2026-08-01T23:10:00+08:00,COLLIE_BESS2,365.800,-931.9,365.800,300,-300,40,40,2.3
2026-08-01T23:10:00+08:00,COLLIE_ESR1,212.5,-591.9,212.5,200,-200,40,40,1.12
2026-08-01T23:10:00+08:00,COLLIE_ESR4,500.300,-634.100,500.300,250,-250,40,40,25
2026-08-01T23:10:00+08:00,COLLIE_ESR5,456.7,-669.600,456.7,250,-250,40,40,1
2026-08-01T23:10:00+08:00,KWINANA_ESR1,68.36,-120.550,68.36,100,-100,20,20,-4.3
2026-08-01T23:10:00+08:00,KWINANA_ESR2,345.300,-652.2,345.300,225,-225,40,40,0.4
2026-08-01T23:15:00+08:00,ALINTA_WGP_ESR1,0,0,0,,,10,10,-0.35
2026-08-01T23:15:00+08:00,COLLIE_BESS2,365.7,-932.100,365.7,300,-300,40,40,0
2026-08-01T23:15:00+08:00,COLLIE_ESR1,212,-592.4,212,200,-200,40,40,2.400
2026-08-01T23:15:00+08:00,COLLIE_ESR4,498.2,-635.8,498.2,250,-250,40,40,11.8
2026-08-01T23:15:00+08:00,COLLIE_ESR5,456.4,-669.8,456.4,250,-250,40,40,0
2026-08-01T23:15:00+08:00,KWINANA_ESR1,67.75,-121.21,67.75,100,-100,20,20,5.5
2026-08-01T23:15:00+08:00,KWINANA_ESR2,345.1,-652.4,345.1,225,-225,40,40,-0.5
2026-08-01T23:20:00+08:00,ALINTA_WGP_ESR1,0,0,0,,,10,10,-0.35
2026-08-01T23:20:00+08:00,COLLIE_BESS2,365.6,-932.2,365.6,300,-300,40,40,0.1
2026-08-01T23:20:00+08:00,COLLIE_ESR1,211.6,-592.7,211.6,200,-200,40,40,-2.56
2026-08-01T23:20:00+08:00,COLLIE_ESR4,495.1,-638.4,495.1,250,-250,40,40,59.9
2026-08-01T23:20:00+08:00,COLLIE_ESR5,456,-669.9,456,250,-250,40,40,0
2026-08-01T23:20:00+08:00,KWINANA_ESR1,67.36,-121.63,67.36,100,-100,20,20,-5
2026-08-01T23:20:00+08:00,KWINANA_ESR2,344.9,-652.600,344.9,225,-225,40,40,-0.4
2026-08-01T23:25:00+08:00,ALINTA_WGP_ESR1,0,0,0,,,10,10,-0.35
2026-08-01T23:25:00+08:00,COLLIE_BESS2,365.5,-932.3,365.5,300,-300,40,40,-0.8
2026-08-01T23:25:00+08:00,COLLIE_ESR1,211.400,-592.9,211.400,200,-200,40,40,-1.12
2026-08-01T23:25:00+08:00,COLLIE_ESR4,491.2,-641.8,491.2,250,-250,40,40,4.9
2026-08-01T23:25:00+08:00,COLLIE_ESR5,451.6,-673.5,451.6,250,-250,40,40,78.8
2026-08-01T23:25:00+08:00,KWINANA_ESR1,67.29,-121.71,67.29,100,-100,20,20,0.4
2026-08-01T23:25:00+08:00,KWINANA_ESR2,344.7,-652.7,344.7,225,-225,40,40,-0.900
2026-08-01T23:30:00+08:00,ALINTA_WGP_ESR1,0,0,0,,,10,10,-0.35
2026-08-01T23:30:00+08:00,COLLIE_BESS2,365.300,-932.5,365.300,300,-300,40,40,0
2026-08-01T23:30:00+08:00,COLLIE_ESR1,211.5,-592.8,211.5,200,-200,40,40,0.32
2026-08-01T23:30:00+08:00,COLLIE_ESR4,490.9,-642,490.9,250,-250,40,40,0
2026-08-01T23:30:00+08:00,COLLIE_ESR5,446.1,-678.100,446.1,250,-250,40,40,7.6
2026-08-01T23:30:00+08:00,KWINANA_ESR1,67.33,-121.660,67.33,100,-100,20,20,-1.6
2026-08-01T23:30:00+08:00,KWINANA_ESR2,340.5,-656.2,340.5,225,-225,40,40,89.700
2026-08-01T23:35:00+08:00,ALINTA_WGP_ESR1,0,0,0,,,10,10,-0.35
2026-08-01T23:35:00+08:00,COLLIE_BESS2,365.1,-932.7,365.1,300,-300,40,40,0.1
2026-08-01T23:35:00+08:00,COLLIE_ESR1,211,-593.3,211,200,-200,40,40,4.48
2026-08-01T23:35:00+08:00,COLLIE_ESR4,490.6,-642.2,490.6,250,-250,40,40,0
2026-08-01T23:35:00+08:00,COLLIE_ESR5,445.800,-678.3,445.800,250,-250,40,40,0
2026-08-01T23:35:00+08:00,KWINANA_ESR1,66.86,-122.160,66.86,100,-100,20,20,5.700
2026-08-01T23:35:00+08:00,KWINANA_ESR2,331.1,-664.4,331.1,225,-225,40,40,106.5
2026-08-01T23:40:00+08:00,ALINTA_WGP_ESR1,0,0,0,,,10,10,-0.35
2026-08-01T23:40:00+08:00,COLLIE_BESS2,364.9,-932.8,364.9,300,-300,40,40,-0.1
2026-08-01T23:40:00+08:00,COLLIE_ESR1,210.400,-593.9,210.400,200,-200,40,40,1.76
2026-08-01T23:40:00+08:00,COLLIE_ESR4,490.4,-642.3,490.4,250,-250,40,40,0
2026-08-01T23:40:00+08:00,COLLIE_ESR5,445.6,-678.5,445.6,250,-250,40,40,0
2026-08-01T23:40:00+08:00,KWINANA_ESR1,65.93,-123.160,65.93,100,-100,20,20,2.8
2026-08-01T23:40:00+08:00,KWINANA_ESR2,319.9,-673.7,319.9,225,-225,40,40,114.5
2026-08-01T23:45:00+08:00,ALINTA_WGP_ESR1,0,0,0,,,10,10,-0.35
2026-08-01T23:45:00+08:00,COLLIE_BESS2,364.7,-933.100,364.7,300,-300,40,40,0
2026-08-01T23:45:00+08:00,COLLIE_ESR1,209.900,-594.4,209.900,200,-200,40,40,7.2
2026-08-01T23:45:00+08:00,COLLIE_ESR4,490.2,-642.4,490.2,250,-250,40,40,0
2026-08-01T23:45:00+08:00,COLLIE_ESR5,445.300,-678.600,445.300,250,-250,40,40,0
2026-08-01T23:45:00+08:00,KWINANA_ESR1,64.940,-124.21,64.940,100,-100,20,20,12.2
2026-08-01T23:45:00+08:00,KWINANA_ESR2,310.1,-683.100,310.1,225,-225,40,40,117.6
2026-08-01T23:50:00+08:00,ALINTA_WGP_ESR1,0,0,0,,,10,10,-0.35
2026-08-01T23:50:00+08:00,COLLIE_BESS2,364.4,-933.4,364.4,300,-300,40,40,0
2026-08-01T23:50:00+08:00,COLLIE_ESR1,209.3,-595,209.3,200,-200,40,40,4.16
2026-08-01T23:50:00+08:00,COLLIE_ESR4,489.9,-642.5,489.9,250,-250,40,40,0
2026-08-01T23:50:00+08:00,COLLIE_ESR5,445,-678.8,445,250,-250,40,40,0
2026-08-01T23:50:00+08:00,KWINANA_ESR1,64.07,-125.160,64.07,100,-100,20,20,6.8
2026-08-01T23:50:00+08:00,KWINANA_ESR2,300,-693.2,300,225,-225,40,40,125.1
2026-08-01T23:55:00+08:00,ALINTA_WGP_ESR1,0,0,0,,,10,10,-0.35
2026-08-01T23:55:00+08:00,COLLIE_BESS2,364.1,-933.7,364.1,300,-300,40,40,4
2026-08-01T23:55:00+08:00,COLLIE_ESR1,208.400,-595.8,208.400,200,-200,40,40,15.04
2026-08-01T23:55:00+08:00,COLLIE_ESR4,486.6,-645.600,486.6,250,-250,40,40,76
2026-08-01T23:55:00+08:00,COLLIE_ESR5,444.800,-679,444.800,250,-250,40,40,1.5
2026-08-01T23:55:00+08:00,KWINANA_ESR1,62.53,-126.800,62.53,100,-100,20,20,21.4
2026-08-01T23:55:00+08:00,KWINANA_ESR2,293.2,-699.9,293.2,225,-225,40,40,13.3
2026-08-02T00:00:00+08:00,ALINTA_WGP_ESR1,0,0,0,,,10,10,-0.360
2026-08-02T00:00:00+08:00,COLLIE_BESS2,363.7,-933.9,363.7,300,-300,40,40,0
2026-08-02T00:00:00+08:00,COLLIE_ESR1,206.8,-597.4,206.8,200,-200,40,40,13.44
2026-08-02T00:00:00+08:00,COLLIE_ESR4,478.5,-652.4,478.5,250,-250,40,40,82.8
2026-08-02T00:00:00+08:00,COLLIE_ESR5,444.4,-679.3,444.4,250,-250,40,40,0.6
2026-08-02T00:00:00+08:00,KWINANA_ESR1,60.53,-128.95,60.53,100,-100,20,20,21.300
2026-08-02T00:00:00+08:00,KWINANA_ESR2,293,-700.100,293,225,-225,40,40,-0.2
2026-08-02T00:05:00+08:00,ALINTA_WGP_ESR1,0,0,0,,,10,10,-0.35
2026-08-02T00:05:00+08:00,COLLIE_BESS2,363.6,-934,363.6,300,-300,40,40,0
2026-08-02T00:05:00+08:00,COLLIE_ESR1,205.900,-598.4,205.900,200,-200,40,40,6.400
2026-08-02T00:05:00+08:00,COLLIE_ESR4,470.6,-659.2,470.6,250,-250,40,40,83
2026-08-02T00:05:00+08:00,COLLIE_ESR5,444.1,-679.5,444.1,250,-250,40,40,0.1
2026-08-02T00:05:00+08:00,KWINANA_ESR1,59.02,-130.59,59.02,100,-100,20,20,13.2
2026-08-02T00:05:00+08:00,KWINANA_ESR2,292.800,-700.3,292.800,225,-225,40,40,-0.3
2026-08-02T00:10:00+08:00,ALINTA_WGP_ESR1,0,0,0,,,10,10,-0.35
2026-08-02T00:10:00+08:00,COLLIE_BESS2,363.4,-934.2,363.4,300,-300,40,40,0.1
2026-08-02T00:10:00+08:00,COLLIE_ESR1,205.5,-598.8,205.5,200,-200,40,40,-1.76
2026-08-02T00:10:00+08:00,COLLIE_ESR4,465.5,-663.600,465.5,250,-250,40,40,6.5
2026-08-02T00:10:00+08:00,COLLIE_ESR5,439.7,-683.2,439.7,250,-250,40,40,96.1
2026-08-02T00:10:00+08:00,KWINANA_ESR1,58.44,-131.2,58.44,100,-100,20,20,-0.8
2026-08-02T00:10:00+08:00,KWINANA_ESR2,292.6,-700.4,292.6,225,-225,40,40,-1.2
2026-08-02T00:15:00+08:00,ALINTA_WGP_ESR1,0,0,0,,,10,10,-0.35
2026-08-02T00:15:00+08:00,COLLIE_BESS2,363.300,-934.4,363.300,300,-300,40,40,-0.6
2026-08-02T00:15:00+08:00,COLLIE_ESR1,205.3,-599,205.3,200,-200,40,40,-2.880
2026-08-02T00:15:00+08:00,COLLIE_ESR4,465.2,-663.8,465.2,250,-250,40,40,-0.1
2026-08-02T00:15:00+08:00,COLLIE_ESR5,430.7,-691.5,430.7,250,-250,40,40,99.4
2026-08-02T00:15:00+08:00,KWINANA_ESR1,58.35,-131.3,58.35,100,-100,20,20,-0.1
2026-08-02T00:15:00+08:00,KWINANA_ESR2,292.4,-700.600,292.4,225,-225,40,40,-1.1
2026-08-02T00:20:00+08:00,ALINTA_WGP_ESR1,0,0,0,,,10,10,-0.35
2026-08-02T00:20:00+08:00,COLLIE_BESS2,363.1,-934.5,363.1,300,-300,40,40,0.1
2026-08-02T00:20:00+08:00,COLLIE_ESR1,205.8,-598.4,205.8,200,-200,40,40,-4.320
2026-08-02T00:20:00+08:00,COLLIE_ESR4,465,-664,465,250,-250,40,40,-0.1
2026-08-02T00:20:00+08:00,COLLIE_ESR5,425,-696.9,425,250,-250,40,40,9.3
2026-08-02T00:20:00+08:00,KWINANA_ESR1,58.73,-130.89,58.73,100,-100,20,20,-5.4
2026-08-02T00:20:00+08:00,KWINANA_ESR2,288.800,-703.8,288.800,225,-225,40,40,88.200
2026-08-02T00:25:00+08:00,ALINTA_WGP_ESR1,0,0,0,,,10,10,-0.35
2026-08-02T00:25:00+08:00,COLLIE_BESS2,362.800,-934.8,362.800,300,-300,40,40,0
2026-08-02T00:25:00+08:00,COLLIE_ESR1,205.400,-598.8,205.400,200,-200,40,40,0.16
2026-08-02T00:25:00+08:00,COLLIE_ESR4,464.800,-664.100,464.800,250,-250,40,40,0.2
2026-08-02T00:25:00+08:00,COLLIE_ESR5,424.6,-697.2,424.6,250,-250,40,40,0
2026-08-02T00:25:00+08:00,KWINANA_ESR1,58.740,-130.87,58.740,100,-100,20,20,0
2026-08-02T00:25:00+08:00,KWINANA_ESR2,281,-711.4,281,225,-225,40,40,89.6
2026-08-02T00:30:00+08:00,ALINTA_WGP_ESR1,0,0,0,,,10,10,-0.35
2026-08-02T00:30:00+08:00,COLLIE_BESS2,362.300,-935.3,362.300,300,-300,40,40,2.8
2026-08-02T00:30:00+08:00,COLLIE_ESR1,204.8,-599.5,204.8,200,-200,40,40,8.96
2026-08-02T00:30:00+08:00,COLLIE_ESR4,464.5,-664.4,464.5,250,-250,40,40,1.6
2026-08-02T00:30:00+08:00,COLLIE_ESR5,424.4,-697.4,424.4,250,-250,40,40,1.2
2026-08-02T00:30:00+08:00,KWINANA_ESR1,56.810,-132.95,56.810,100,-100,20,20,46.8
2026-08-02T00:30:00+08:00,KWINANA_ESR2,275.9,-716.100,275.9,225,-225,40,40,9.3
2026-08-02T00:35:00+08:00,ALINTA_WGP_ESR1,0,0,0,,,10,10,-0.35
2026-08-02T00:35:00+08:00,COLLIE_BESS2,362,-935.600,362,300,-300,40,40,-1.5
2026-08-02T00:35:00+08:00,COLLIE_ESR1,204.2,-600.100,204.2,200,-200,40,40,9.28
2026-08-02T00:35:00+08:00,COLLIE_ESR4,464.1,-664.600,464.1,250,-250,40,40,0
2026-08-02T00:35:00+08:00,COLLIE_ESR5,424,-697.600,424,250,-250,40,40,-0.6
2026-08-02T00:35:00+08:00,KWINANA_ESR1,52.400,-137.7,52.400,100,-100,20,20,53.5
2026-08-02T00:35:00+08:00,KWINANA_ESR2,275.6,-716.4,275.6,225,-225,40,40,-0.3
2026-08-02T00:40:00+08:00,ALINTA_WGP_ESR1,0,0,0,,,10,10,-0.35
2026-08-02T00:40:00+08:00,COLLIE_BESS2,361.9,-935.9,361.9,300,-300,40,40,1.6
2026-08-02T00:40:00+08:00,COLLIE_ESR1,203.1,-601.100,203.1,200,-200,40,40,9.44
2026-08-02T00:40:00+08:00,COLLIE_ESR4,463.800,-664.8,463.800,250,-250,40,40,0.7
2026-08-02T00:40:00+08:00,COLLIE_ESR5,423.7,-697.9,423.7,250,-250,40,40,0.2
2026-08-02T00:40:00+08:00,KWINANA_ESR1,48.53,-141.84,48.53,100,-100,20,20,28.4
2026-08-02T00:40:00+08:00,KWINANA_ESR2,275.4,-716.5,275.4,225,-225,40,40,0
2026-08-02T00:45:00+08:00,ALINTA_WGP_ESR1,0,0,0,,,10,10,-0.35
2026-08-02T00:45:00+08:00,COLLIE_BESS2,361.800,-936,361.800,300,-300,40,40,-0.1
2026-08-02T00:45:00+08:00,COLLIE_ESR1,202.400,-601.8,202.400,200,-200,40,40,5.760
2026-08-02T00:45:00+08:00,COLLIE_ESR4,463.5,-665,463.5,250,-250,40,40,0
2026-08-02T00:45:00+08:00,COLLIE_ESR5,423.5,-698.2,423.5,250,-250,40,40,0
2026-08-02T00:45:00+08:00,KWINANA_ESR1,46.12,-144.42,46.12,100,-100,20,20,24.7
2026-08-02T00:45:00+08:00,KWINANA_ESR2,275.1,-716.7,275.1,225,-225,40,40,-0.3
2026-08-02T00:50:00+08:00,ALINTA_WGP_ESR1,0,0,0,,,10,10,-0.35
2026-08-02T00:50:00+08:00,COLLIE_BESS2,361.800,-936.100,361.800,300,-300,40,40,-0.2
2026-08-02T00:50:00+08:00,COLLIE_ESR1,201.400,-602.8,201.400,200,-200,40,40,8
2026-08-02T00:50:00+08:00,COLLIE_ESR4,463.300,-665.2,463.300,250,-250,40,40,0
2026-08-02T00:50:00+08:00,COLLIE_ESR5,423.1,-698.4,423.1,250,-250,40,40,0
2026-08-02T00:50:00+08:00,KWINANA_ESR1,44.25,-146.45,44.25,100,-100,20,20,18.2
2026-08-02T00:50:00+08:00,KWINANA_ESR2,274.9,-716.8,274.9,225,-225,40,40,-0.4
2026-08-02T00:55:00+08:00,ALINTA_WGP_ESR1,0,0,0,,,10,10,-0.35
2026-08-02T00:55:00+08:00,COLLIE_BESS2,361.7,-936.2,361.7,300,-300,40,40,-0.1
2026-08-02T00:55:00+08:00,COLLIE_ESR1,200.8,-603.4,200.8,200,-200,40,40,0
2026-08-02T00:55:00+08:00,COLLIE_ESR4,463,-665.3,463,250,-250,40,40,0
2026-08-02T00:55:00+08:00,COLLIE_ESR5,422.800,-698.600,422.800,250,-250,40,40,0
2026-08-02T00:55:00+08:00,KWINANA_ESR1,43.150,-147.64,43.150,100,-100,20,20,4.1
2026-08-02T00:55:00+08:00,KWINANA_ESR2,274.7,-717,274.7,225,-225,40,40,-0.4
2026-08-02T01:00:00+08:00,ALINTA_WGP_ESR1,0,0,0,,,10,10,-0.35
2026-08-02T01:00:00+08:00,COLLIE_BESS2,361.7,-936.3,361.7,300,-300,40,40,-2.2
2026-08-02T01:00:00+08:00,COLLIE_ESR1,200.7,-603.600,200.7,200,-200,40,40,-1.12
2026-08-02T01:00:00+08:00,COLLIE_ESR4,462.7,-665.5,462.7,250,-250,40,40,-0.900
2026-08-02T01:00:00+08:00,COLLIE_ESR5,422.6,-698.8,422.6,250,-250,40,40,-0.4
2026-08-02T01:00:00+08:00,KWINANA_ESR1,42.85,-147.95,42.85,100,-100,20,20,0.3
2026-08-02T01:00:00+08:00,KWINANA_ESR2,274.5,-717.100,274.5,225,-225,40,40,-0.7
2026-08-02T01:05:00+08:00,ALINTA_WGP_ESR1,0,0,0,,,10,10,-0.35
2026-08-02T01:05:00+08:00,COLLIE_BESS2,361.6,-936.4,361.6,300,-300,40,40,-0.3
2026-08-02T01:05:00+08:00,COLLIE_ESR1,200.7,-603.5,200.7,200,-200,40,40,-1.12
2026-08-02T01:05:00+08:00,COLLIE_ESR4,462.5,-665.7,462.5,250,-250,40,40,-0.2
2026-08-02T01:05:00+08:00,COLLIE_ESR5,422.300,-698.9,422.300,250,-250,40,40,0
2026-08-02T01:05:00+08:00,KWINANA_ESR1,42.93,-147.87,42.93,100,-100,20,20,-1.800
2026-08-02T01:05:00+08:00,KWINANA_ESR2,274.300,-717.2,274.300,225,-225,40,40,-0.5
2026-08-02T01:10:00+08:00,ALINTA_WGP_ESR1,0,0,0,,,10,10,-0.35
2026-08-02T01:10:00+08:00,COLLIE_BESS2,361.5,-936.5,361.5,300,-300,40,40,-0.7
2026-08-02T01:10:00+08:00,COLLIE_ESR1,200.6,-603.7,200.6,200,-200,40,40,-1.76
2026-08-02T01:10:00+08:00,COLLIE_ESR4,462.2,-665.8,462.2,250,-250,40,40,-0.1
2026-08-02T01:10:00+08:00,COLLIE_ESR5,422,-699.2,422,250,-250,40,40,0
2026-08-02T01:10:00+08:00,KWINANA_ESR1,42.92,-147.87,42.92,100,-100,20,20,-0.8
2026-08-02T01:10:00+08:00,KWINANA_ESR2,274.300,-717.100,274.300,225,-225,40,40,-6
2026-08-02T01:15:00+08:00,ALINTA_WGP_ESR1,0,0,0,,,10,10,-0.35
2026-08-02T01:15:00+08:00,COLLIE_BESS2,361.300,-936.600,361.300,300,-300,40,40,0
2026-08-02T01:15:00+08:00,COLLIE_ESR1,200.900,-603.3,200.900,200,-200,40,40,-2.24
2026-08-02T01:15:00+08:00,COLLIE_ESR4,461.9,-666,461.9,250,-250,40,40,0
2026-08-02T01:15:00+08:00,COLLIE_ESR5,421.7,-699.4,421.7,250,-250,40,40,0
2026-08-02T01:15:00+08:00,KWINANA_ESR1,43.11,-147.67,43.11,100,-100,20,20,-3.8
2026-08-02T01:15:00+08:00,KWINANA_ESR2,274.800,-716.7,274.800,225,-225,40,40,-16
2026-08-02T01:20:00+08:00,ALINTA_WGP_ESR1,0,0,0,,,10,10,-0.35
2026-08-02T01:20:00+08:00,COLLIE_BESS2,361.2,-936.8,361.2,300,-300,40,40,1.1
2026-08-02T01:20:00+08:00,COLLIE_ESR1,200.3,-603.9,200.3,200,-200,40,40,4.320
2026-08-02T01:20:00+08:00,COLLIE_ESR4,461.6,-666.100,461.6,250,-250,40,40,0.7
2026-08-02T01:20:00+08:00,COLLIE_ESR5,421.300,-699.600,421.300,250,-250,40,40,0.2
2026-08-02T01:20:00+08:00,KWINANA_ESR1,42.87,-147.92,42.87,100,-100,20,20,5.3
2026-08-02T01:20:00+08:00,KWINANA_ESR2,276.1,-715.4,276.1,225,-225,40,40,-28
2026-08-02T01:25:00+08:00,ALINTA_WGP_ESR1,0,0,0,,,10,10,-0.35
2026-08-02T01:25:00+08:00,COLLIE_BESS2,361,-936.9,361,300,-300,40,40,-1.300
2026-08-02T01:25:00+08:00,COLLIE_ESR1,199.8,-604.4,199.8,200,-200,40,40,2.880
2026-08-02T01:25:00+08:00,COLLIE_ESR4,461.300,-666.3,461.300,250,-250,40,40,0
2026-08-02T01:25:00+08:00,COLLIE_ESR5,421,-699.9,421,250,-250,40,40,0
2026-08-02T01:25:00+08:00,KWINANA_ESR1,42.16,-148.7,42.16,100,-100,20,20,6
2026-08-02T01:25:00+08:00,KWINANA_ESR2,277.9,-713.3,277.9,225,-225,40,40,-26.9
2026-08-02T01:30:00+08:00,ALINTA_WGP_ESR1,0,0,0,,,10,10,-0.35
2026-08-02T01:30:00+08:00,COLLIE_BESS2,360.9,-937.100,360.9,300,-300,40,40,0.1
2026-08-02T01:30:00+08:00,COLLIE_ESR1,199.6,-604.600,199.6,200,-200,40,40,0.800
2026-08-02T01:30:00+08:00,COLLIE_ESR4,461,-666.5,461,250,-250,40,40,0
2026-08-02T01:30:00+08:00,COLLIE_ESR5,420.6,-700.100,420.6,250,-250,40,40,0
2026-08-02T01:30:00+08:00,KWINANA_ESR1,41.86,-149.02,41.86,100,-100,20,20,-0.1
2026-08-02T01:30:00+08:00,KWINANA_ESR2,279.7,-711.4,279.7,225,-225,40,40,-31.1
2026-08-02T01:35:00+08:00,ALINTA_WGP_ESR1,0,0,0,,,10,10,-0.35
2026-08-02T01:35:00+08:00,COLLIE_BESS2,360.7,-937.3,360.7,300,-300,40,40,-0.1
2026-08-02T01:35:00+08:00,COLLIE_ESR1,201.6,-602.600,201.6,200,-200,40,40,-42.560
2026-08-02T01:35:00+08:00,COLLIE_ESR4,460.6,-666.7,460.6,250,-250,40,40,0
2026-08-02T01:35:00+08:00,COLLIE_ESR5,420.300,-700.4,420.300,250,-250,40,40,0.1
2026-08-02T01:35:00+08:00,KWINANA_ESR1,41.79,-149.09,41.79,100,-100,20,20,-0.7
2026-08-02T01:35:00+08:00,KWINANA_ESR2,281,-710,281,225,-225,40,40,-3.600
2026-08-02T01:40:00+08:00,ALINTA_WGP_ESR1,0,0,0,,,10,10,-0.35
2026-08-02T01:40:00+08:00,COLLIE_BESS2,360.5,-937.4,360.5,300,-300,40,40,0
2026-08-02T01:40:00+08:00,COLLIE_ESR1,203.3,-601,203.3,200,-200,40,40,-4
2026-08-02T01:40:00+08:00,COLLIE_ESR4,460.300,-666.9,460.300,250,-250,40,40,0
2026-08-02T01:40:00+08:00,COLLIE_ESR5,420,-700.7,420,250,-250,40,40,0
2026-08-02T01:40:00+08:00,KWINANA_ESR1,41.87,-149,41.87,100,-100,20,20,-1.300
2026-08-02T01:40:00+08:00,KWINANA_ESR2,282.300,-708.5,282.300,225,-225,40,40,-51.7
2026-08-02T01:45:00+08:00,ALINTA_WGP_ESR1,0,0,0,,,10,10,-0.35
2026-08-02T01:45:00+08:00,COLLIE_BESS2,360.4,-937.5,360.4,300,-300,40,40,1.300
2026-08-02T01:45:00+08:00,COLLIE_ESR1,203.2,-601.100,203.2,200,-200,40,40,0.800
2026-08-02T01:45:00+08:00,COLLIE_ESR4,459.9,-667.100,459.9,250,-250,40,40,0
2026-08-02T01:45:00+08:00,COLLIE_ESR5,419.6,-700.9,419.6,250,-250,40,40,0.7
2026-08-02T01:45:00+08:00,KWINANA_ESR1,41.84,-149.03,41.84,100,-100,20,20,0.2
2026-08-02T01:45:00+08:00,KWINANA_ESR2,286.9,-703.8,286.9,225,-225,40,40,-71.200
2026-08-02T01:50:00+08:00,ALINTA_WGP_ESR1,0,0,0,,,10,10,-0.35
2026-08-02T01:50:00+08:00,COLLIE_BESS2,360.300,-937.600,360.300,300,-300,40,40,-1.6
2026-08-02T01:50:00+08:00,COLLIE_ESR1,205.8,-598.4,205.8,200,-200,40,40,-80.800
2026-08-02T01:50:00+08:00,COLLIE_ESR4,459.6,-667.3,459.6,250,-250,40,40,0.1
2026-08-02T01:50:00+08:00,COLLIE_ESR5,419.300,-701.2,419.300,250,-250,40,40,0
2026-08-02T01:50:00+08:00,KWINANA_ESR1,41.5,-149.39,41.5,100,-100,20,20,6
2026-08-02T01:50:00+08:00,KWINANA_ESR2,290.4,-700.3,290.4,225,-225,40,40,-7.8
2026-08-02T01:55:00+08:00,ALINTA_WGP_ESR1,0,0,0,,,10,10,-0.35
2026-08-02T01:55:00+08:00,COLLIE_BESS2,360.300,-937.7,360.300,300,-300,40,40,-4.5
2026-08-02T01:55:00+08:00,COLLIE_ESR1,212.6,-591.7,212.6,200,-200,40,40,-99.84
2026-08-02T01:55:00+08:00,COLLIE_ESR4,459.300,-667.5,459.300,250,-250,40,40,0
2026-08-02T01:55:00+08:00,COLLIE_ESR5,418.9,-701.4,418.9,250,-250,40,40,-0.1
2026-08-02T01:55:00+08:00,KWINANA_ESR1,41.01,-149.92,41.01,100,-100,20,20,1.9
2026-08-02T01:55:00+08:00,KWINANA_ESR2,290.2,-700.4,290.2,225,-225,40,40,-0.8
2026-08-02T02:00:00+08:00,ALINTA_WGP_ESR1,0,0,0,,,10,10,-0.35
2026-08-02T02:00:00+08:00,COLLIE_BESS2,360.2,-937.600,360.2,300,-300,40,40,-0.6
2026-08-02T02:00:00+08:00,COLLIE_ESR1,220.6,-583.8,220.6,200,-200,40,40,-114.400
2026-08-02T02:00:00+08:00,COLLIE_ESR4,458.9,-667.7,458.9,250,-250,40,40,0
2026-08-02T02:00:00+08:00,COLLIE_ESR5,418.6,-701.7,418.6,250,-250,40,40,0
2026-08-02T02:00:00+08:00,KWINANA_ESR1,40.61,-150.36,40.61,100,-100,20,20,4.5
2026-08-02T02:00:00+08:00,KWINANA_ESR2,289.9,-700.600,289.9,225,-225,40,40,-0.2
2026-08-02T02:05:00+08:00,ALINTA_WGP_ESR1,0,0,0,,,10,10,-0.35
2026-08-02T02:05:00+08:00,COLLIE_BESS2,364.7,-933.100,364.7,300,-300,40,40,-126.3
2026-08-02T02:05:00+08:00,COLLIE_ESR1,226.400,-578.100,226.400,200,-200,40,40,-7.04
2026-08-02T02:05:00+08:00,COLLIE_ESR4,458.6,-668,458.6,250,-250,40,40,0
2026-08-02T02:05:00+08:00,COLLIE_ESR5,418.300,-701.9,418.300,250,-250,40,40,0
2026-08-02T02:05:00+08:00,KWINANA_ESR1,40.12,-150.87,40.12,100,-100,20,20,6.9
2026-08-02T02:05:00+08:00,KWINANA_ESR2,289.800,-700.7,289.800,225,-225,40,40,-0.4
2026-08-02T02:10:00+08:00,ALINTA_WGP_ESR1,0,0,0,,,10,10,-0.35
2026-08-02T02:10:00+08:00,COLLIE_BESS2,371.800,-925.9,371.800,300,-300,40,40,-13.400
2026-08-02T02:10:00+08:00,COLLIE_ESR1,229.8,-574.7,229.8,200,-200,40,40,-124.800
2026-08-02T02:10:00+08:00,COLLIE_ESR4,458.2,-668.2,458.2,250,-250,40,40,-0.3
2026-08-02T02:10:00+08:00,COLLIE_ESR5,418,-702.100,418,250,-250,40,40,-0.4
2026-08-02T02:10:00+08:00,KWINANA_ESR1,39.29,-151.76,39.29,100,-100,20,20,7.4
2026-08-02T02:10:00+08:00,KWINANA_ESR2,289.5,-700.9,289.5,225,-225,40,40,-1
2026-08-02T02:15:00+08:00,ALINTA_WGP_ESR1,0,0,0,,,10,10,-0.35
2026-08-02T02:15:00+08:00,COLLIE_BESS2,371.9,-925.9,371.9,300,-300,40,40,-4
2026-08-02T02:15:00+08:00,COLLIE_ESR1,236.5,-568,236.5,200,-200,40,40,-11.2
2026-08-02T02:15:00+08:00,COLLIE_ESR4,457.800,-668.4,457.800,250,-250,40,40,-1
2026-08-02T02:15:00+08:00,COLLIE_ESR5,417.6,-702.4,417.6,250,-250,40,40,-0.900
2026-08-02T02:15:00+08:00,KWINANA_ESR1,38.73,-152.37,38.73,100,-100,20,20,6.6
2026-08-02T02:15:00+08:00,KWINANA_ESR2,293.1,-697.4,293.1,225,-225,40,40,-128.1
2026-08-02T02:20:00+08:00,ALINTA_WGP_ESR1,0,0,0,,,10,10,-0.35
2026-08-02T02:20:00+08:00,COLLIE_BESS2,375.800,-922,375.800,300,-300,40,40,-141.3
2026-08-02T02:20:00+08:00,COLLIE_ESR1,236.400,-568.2,236.400,200,-200,40,40,3.52
2026-08-02T02:20:00+08:00,COLLIE_ESR4,457.5,-668.600,457.5,250,-250,40,40,0
2026-08-02T02:20:00+08:00,COLLIE_ESR5,417.300,-702.7,417.300,250,-250,40,40,0.4
2026-08-02T02:20:00+08:00,KWINANA_ESR1,38.41,-152.7,38.41,100,-100,20,20,5.700
2026-08-02T02:20:00+08:00,KWINANA_ESR2,300.5,-690.600,300.5,225,-225,40,40,-16.1
2026-08-02T02:25:00+08:00,ALINTA_WGP_ESR1,0,0,0,,,10,10,-0.35
2026-08-02T02:25:00+08:00,COLLIE_BESS2,387.2,-910.5,387.2,300,-300,40,40,-161.5
2026-08-02T02:25:00+08:00,COLLIE_ESR1,235.7,-568.9,235.7,200,-200,40,40,3.84
2026-08-02T02:25:00+08:00,COLLIE_ESR4,457.1,-668.8,457.1,250,-250,40,40,0.3
2026-08-02T02:25:00+08:00,COLLIE_ESR5,417,-702.9,417,250,-250,40,40,0
2026-08-02T02:25:00+08:00,KWINANA_ESR1,37.62,-153.56,37.62,100,-100,20,20,11.1
2026-08-02T02:25:00+08:00,KWINANA_ESR2,300.300,-690.600,300.300,225,-225,40,40,-0.5
2026-08-02T02:30:00+08:00,ALINTA_WGP_ESR1,0,0,0,,,10,10,-0.35
2026-08-02T02:30:00+08:00,COLLIE_BESS2,400,-897.8,400,300,-300,40,40,-169.400
2026-08-02T02:30:00+08:00,COLLIE_ESR1,235.5,-569.100,235.5,200,-200,40,40,-1.92
2026-08-02T02:30:00+08:00,COLLIE_ESR4,456.800,-669.100,456.800,250,-250,40,40,0
2026-08-02T02:30:00+08:00,COLLIE_ESR5,416.7,-703.2,416.7,250,-250,40,40,0
2026-08-02T02:30:00+08:00,KWINANA_ESR1,37.37,-153.84,37.37,100,-100,20,20,-3
2026-08-02T02:30:00+08:00,KWINANA_ESR2,300,-690.8,300,225,-225,40,40,-0.4
2026-08-02T02:35:00+08:00,ALINTA_WGP_ESR1,0,0,0,,,10,10,-0.360
2026-08-02T02:35:00+08:00,COLLIE_BESS2,408.1,-889.7,408.1,300,-300,40,40,-16.7
2026-08-02T02:35:00+08:00,COLLIE_ESR1,235.1,-569.5,235.1,200,-200,40,40,6.56
2026-08-02T02:35:00+08:00,COLLIE_ESR4,456.4,-669.3,456.4,250,-250,40,40,0
2026-08-02T02:35:00+08:00,COLLIE_ESR5,416.4,-703.4,416.4,250,-250,40,40,0
2026-08-02T02:35:00+08:00,KWINANA_ESR1,36.89,-154.36,36.89,100,-100,20,20,11.3
2026-08-02T02:35:00+08:00,KWINANA_ESR2,304.2,-686.600,304.2,225,-225,40,40,-148.8
2026-08-02T02:40:00+08:00,ALINTA_WGP_ESR1,0,0,0,,,10,10,-0.35
2026-08-02T02:40:00+08:00,COLLIE_BESS2,408,-889.600,408,300,-300,40,40,-1.5
2026-08-02T02:40:00+08:00,COLLIE_ESR1,234.400,-570.2,234.400,200,-200,40,40,9.92
2026-08-02T02:40:00+08:00,COLLIE_ESR4,456,-669.600,456,250,-250,40,40,0
2026-08-02T02:40:00+08:00,COLLIE_ESR5,416.1,-703.7,416.1,250,-250,40,40,-0.1
2026-08-02T02:40:00+08:00,KWINANA_ESR1,35.75,-155.58,35.75,100,-100,20,20,18.2
2026-08-02T02:40:00+08:00,KWINANA_ESR2,318.7,-673.600,318.7,225,-225,40,40,-170.400
2026-08-02T02:45:00+08:00,ALINTA_WGP_ESR1,0,0,0,,,10,10,-0.35
2026-08-02T02:45:00+08:00,COLLIE_BESS2,407.7,-889.9,407.7,300,-300,40,40,0
2026-08-02T02:45:00+08:00,COLLIE_ESR1,237.7,-566.9,237.7,200,-200,40,40,-132.960
2026-08-02T02:45:00+08:00,COLLIE_ESR4,455.7,-669.8,455.7,250,-250,40,40,0
2026-08-02T02:45:00+08:00,COLLIE_ESR5,415.800,-704,415.800,250,-250,40,40,0
2026-08-02T02:45:00+08:00,KWINANA_ESR1,34.84,-156.55,34.84,100,-100,20,20,2.3
2026-08-02T02:45:00+08:00,KWINANA_ESR2,327.9,-665.3,327.9,225,-225,40,40,-20.1
2026-08-02T02:50:00+08:00,ALINTA_WGP_ESR1,0,0,0,,,10,10,-0.35
2026-08-02T02:50:00+08:00,COLLIE_BESS2,412.300,-885.3,412.300,300,-300,40,40,-143
2026-08-02T02:50:00+08:00,COLLIE_ESR1,245.3,-559.3,245.3,200,-200,40,40,-7.840
2026-08-02T02:50:00+08:00,COLLIE_ESR4,455.300,-670,455.300,250,-250,40,40,0
2026-08-02T02:50:00+08:00,COLLIE_ESR5,415.4,-704.3,415.4,250,-250,40,40,0
2026-08-02T02:50:00+08:00,KWINANA_ESR1,34.48,-156.94,34.48,100,-100,20,20,11
2026-08-02T02:50:00+08:00,KWINANA_ESR2,327.800,-665.3,327.800,225,-225,40,40,-1.1
2026-08-02T02:55:00+08:00,ALINTA_WGP_ESR1,0,0,0,,,10,10,-0.35
2026-08-02T02:55:00+08:00,COLLIE_BESS2,423.300,-874.3,423.300,300,-300,40,40,-127.200
2026-08-02T02:55:00+08:00,COLLIE_ESR1,244.6,-560.100,244.6,200,-200,40,40,9.92
2026-08-02T02:55:00+08:00,COLLIE_ESR4,454.800,-670.3,454.800,250,-250,40,40,0
2026-08-02T02:55:00+08:00,COLLIE_ESR5,415.1,-704.5,415.1,250,-250,40,40,-0.1
2026-08-02T02:55:00+08:00,KWINANA_ESR1,33.3,-158.2,33.3,100,-100,20,20,17.300
2026-08-02T02:55:00+08:00,KWINANA_ESR2,327.6,-665.4,327.6,225,-225,40,40,-1.1
2026-08-02T03:00:00+08:00,ALINTA_WGP_ESR1,0,0,0,,,10,10,-0.360
2026-08-02T03:00:00+08:00,COLLIE_BESS2,431.800,-865.8,431.800,300,-300,40,40,-101.700
2026-08-02T03:00:00+08:00,COLLIE_ESR1,244.3,-560.3,244.3,200,-200,40,40,-11.680
2026-08-02T03:00:00+08:00,COLLIE_ESR4,454.5,-670.5,454.5,250,-250,40,40,-0.1
2026-08-02T03:00:00+08:00,COLLIE_ESR5,414.800,-704.8,414.800,250,-250,40,40,-0.2
2026-08-02T03:00:00+08:00,KWINANA_ESR1,32.21,-159.37,32.21,100,-100,20,20,6.700
2026-08-02T03:00:00+08:00,KWINANA_ESR2,327.5,-665.5,327.5,225,-225,40,40,-1.2
2026-08-02T03:05:00+08:00,ALINTA_WGP_ESR1,0,0,0,,,10,10,-0.35
2026-08-02T03:05:00+08:00,COLLIE_BESS2,437.300,-860.3,437.300,300,-300,40,40,-10.3
2026-08-02T03:05:00+08:00,COLLIE_ESR1,244.7,-560,244.7,200,-200,40,40,0.800
2026-08-02T03:05:00+08:00,COLLIE_ESR4,454.1,-670.7,454.1,250,-250,40,40,-0.1
2026-08-02T03:05:00+08:00,COLLIE_ESR5,414.5,-705,414.5,250,-250,40,40,0
2026-08-02T03:05:00+08:00,KWINANA_ESR1,31.34,-160.31,31.34,100,-100,20,20,7.4
2026-08-02T03:05:00+08:00,KWINANA_ESR2,330.5,-662.5,330.5,225,-225,40,40,-112.200
2026-08-02T03:10:00+08:00,ALINTA_WGP_ESR1,0,0,0,,,10,10,-0.35
2026-08-02T03:10:00+08:00,COLLIE_BESS2,437.300,-860.3,437.300,300,-300,40,40,-0.2
2026-08-02T03:10:00+08:00,COLLIE_ESR1,244.3,-560.3,244.3,200,-200,40,40,0.32
2026-08-02T03:10:00+08:00,COLLIE_ESR4,453.7,-671,453.7,250,-250,40,40,0
2026-08-02T03:10:00+08:00,COLLIE_ESR5,414.2,-705.3,414.2,250,-250,40,40,0
2026-08-02T03:10:00+08:00,KWINANA_ESR1,33.3,-158.2,33.3,100,-100,20,20,-68.700
2026-08-02T03:10:00+08:00,KWINANA_ESR2,336.6,-656.4,336.6,225,-225,40,40,-14
2026-08-02T03:15:00+08:00,ALINTA_WGP_ESR1,0,0,0,,,10,10,-0.35
2026-08-02T03:15:00+08:00,COLLIE_BESS2,437.2,-860.600,437.2,300,-300,40,40,-0.900
2026-08-02T03:15:00+08:00,COLLIE_ESR1,243.8,-560.9,243.8,200,-200,40,40,2.72
2026-08-02T03:15:00+08:00,COLLIE_ESR4,453.4,-671.2,453.4,250,-250,40,40,-0.2
2026-08-02T03:15:00+08:00,COLLIE_ESR5,413.9,-705.600,413.9,250,-250,40,40,-0.5
2026-08-02T03:15:00+08:00,KWINANA_ESR1,38.59,-152.51,38.59,100,-100,20,20,-64.5
2026-08-02T03:15:00+08:00,KWINANA_ESR2,336.4,-656.5,336.4,225,-225,40,40,-0.7
2026-08-02T03:20:00+08:00,ALINTA_WGP_ESR1,0,0,0,,,10,10,-0.35
2026-08-02T03:20:00+08:00,COLLIE_BESS2,436.9,-860.9,436.9,300,-300,40,40,0.4
2026-08-02T03:20:00+08:00,COLLIE_ESR1,247.1,-557.600,247.1,200,-200,40,40,-121.440
2026-08-02T03:20:00+08:00,COLLIE_ESR4,453,-671.5,453,250,-250,40,40,0.2
2026-08-02T03:20:00+08:00,COLLIE_ESR5,413.5,-705.9,413.5,250,-250,40,40,0
2026-08-02T03:20:00+08:00,KWINANA_ESR1,41.55,-149.34,41.55,100,-100,20,20,-3
2026-08-02T03:20:00+08:00,KWINANA_ESR2,336.1,-656.600,336.1,225,-225,40,40,0
2026-08-02T03:25:00+08:00,ALINTA_WGP_ESR1,0,0,0,,,10,10,-0.35
2026-08-02T03:25:00+08:00,COLLIE_BESS2,436.6,-861.2,436.6,300,-300,40,40,0
2026-08-02T03:25:00+08:00,COLLIE_ESR1,253.8,-551,253.8,200,-200,40,40,-2.880
2026-08-02T03:25:00+08:00,COLLIE_ESR4,452.6,-671.7,452.6,250,-250,40,40,0
2026-08-02T03:25:00+08:00,COLLIE_ESR5,413.2,-706.2,413.2,250,-250,40,40,0
2026-08-02T03:25:00+08:00,KWINANA_ESR1,40.8,-150.14,40.8,100,-100,20,20,14.3
2026-08-02T03:25:00+08:00,KWINANA_ESR2,339.9,-652.8,339.9,225,-225,40,40,-136.6
2026-08-02T03:30:00+08:00,ALINTA_WGP_ESR1,0,0,0,,,10,10,-0.35
2026-08-02T03:30:00+08:00,COLLIE_BESS2,441.4,-856.600,441.4,300,-300,40,40,-155.1
2026-08-02T03:30:00+08:00,COLLIE_ESR1,252.900,-551.9,252.900,200,-200,40,40,17.6
2026-08-02T03:30:00+08:00,COLLIE_ESR4,452.300,-671.9,452.300,250,-250,40,40,0.1
2026-08-02T03:30:00+08:00,COLLIE_ESR5,412.9,-706.5,412.9,250,-250,40,40,0
2026-08-02T03:30:00+08:00,KWINANA_ESR1,39.07,-152,39.07,100,-100,20,20,28.5
2026-08-02T03:30:00+08:00,KWINANA_ESR2,348,-645.5,348,225,-225,40,40,-16.6
2026-08-02T03:35:00+08:00,ALINTA_WGP_ESR1,0,0,0,,,10,10,-0.35
2026-08-02T03:35:00+08:00,COLLIE_BESS2,454.800,-843.100,454.800,300,-300,40,40,-211.3
2026-08-02T03:35:00+08:00,COLLIE_ESR1,250.900,-553.8,250.900,200,-200,40,40,10.720
2026-08-02T03:35:00+08:00,COLLIE_ESR4,451.9,-672.2,451.9,250,-250,40,40,0
2026-08-02T03:35:00+08:00,COLLIE_ESR5,412.6,-706.7,412.6,250,-250,40,40,0
2026-08-02T03:35:00+08:00,KWINANA_ESR1,34.96,-156.42,34.96,100,-100,20,20,76
2026-08-02T03:35:00+08:00,KWINANA_ESR2,347.5,-646,347.5,225,-225,40,40,4.8
2026-08-02T03:40:00+08:00,ALINTA_WGP_ESR1,0,0,0,,,10,10,-0.360
2026-08-02T03:40:00+08:00,COLLIE_BESS2,469.7,-828,469.7,300,-300,40,40,-144.6
2026-08-02T03:40:00+08:00,COLLIE_ESR1,250.1,-554.600,250.1,200,-200,40,40,6.24
2026-08-02T03:40:00+08:00,COLLIE_ESR4,451.6,-672.4,451.6,250,-250,40,40,-0.2
2026-08-02T03:40:00+08:00,COLLIE_ESR5,412.300,-707,412.300,250,-250,40,40,0
2026-08-02T03:40:00+08:00,KWINANA_ESR1,30.06,-161.7,30.06,100,-100,20,20,19.2
2026-08-02T03:40:00+08:00,KWINANA_ESR2,347.2,-646.100,347.2,225,-225,40,40,-1.5
2026-08-02T03:45:00+08:00,ALINTA_WGP_ESR1,0,0,0,,,10,10,-0.35
2026-08-02T03:45:00+08:00,COLLIE_BESS2,476.4,-821.5,476.4,300,-300,40,40,-11.1
2026-08-02T03:45:00+08:00,COLLIE_ESR1,249.7,-555,249.7,200,-200,40,40,7.68
2026-08-02T03:45:00+08:00,COLLIE_ESR4,451.300,-672.600,451.300,250,-250,40,40,0
2026-08-02T03:45:00+08:00,COLLIE_ESR5,412,-707.3,412,250,-250,40,40,0
2026-08-02T03:45:00+08:00,KWINANA_ESR1,29.100,-162.7,29.100,100,-100,20,20,13
2026-08-02T03:45:00+08:00,KWINANA_ESR2,350.9,-642.4,350.9,225,-225,40,40,-130
2026-08-02T03:50:00+08:00,ALINTA_WGP_ESR1,0,0,0,,,10,10,-0.35
2026-08-02T03:50:00+08:00,COLLIE_BESS2,476.4,-821.5,476.4,300,-300,40,40,-0.2
2026-08-02T03:50:00+08:00,COLLIE_ESR1,249.1,-555.600,249.1,200,-200,40,40,5.6
2026-08-02T03:50:00+08:00,COLLIE_ESR4,451,-672.8,451,250,-250,40,40,0
2026-08-02T03:50:00+08:00,COLLIE_ESR5,411.7,-707.5,411.7,250,-250,40,40,0
2026-08-02T03:50:00+08:00,KWINANA_ESR1,28.100,-163.78,28.100,100,-100,20,20,9
2026-08-02T03:50:00+08:00,KWINANA_ESR2,364.2,-631.2,364.2,225,-225,40,40,-149.1
2026-08-02T03:55:00+08:00,ALINTA_WGP_ESR1,0,0,0,,,10,10,-0.35
2026-08-02T03:55:00+08:00,COLLIE_BESS2,476.2,-821.7,476.2,300,-300,40,40,-0.8
2026-08-02T03:55:00+08:00,COLLIE_ESR1,248.400,-556.3,248.400,200,-200,40,40,3.04
2026-08-02T03:55:00+08:00,COLLIE_ESR4,450.6,-673,450.6,250,-250,40,40,0
2026-08-02T03:55:00+08:00,COLLIE_ESR5,411.4,-707.8,411.4,250,-250,40,40,0
2026-08-02T03:55:00+08:00,KWINANA_ESR1,27.39,-164.56,27.39,100,-100,20,20,4.700
2026-08-02T03:55:00+08:00,KWINANA_ESR2,378.5,-619.8,378.5,225,-225,40,40,-147.7
2026-08-02T04:00:00+08:00,ALINTA_WGP_ESR1,0,0,0,,,10,10,-0.35
2026-08-02T04:00:00+08:00,COLLIE_BESS2,475.800,-821.9,475.800,300,-300,40,40,-0.8
2026-08-02T04:00:00+08:00,COLLIE_ESR1,247.6,-557.100,247.6,200,-200,40,40,7.360
2026-08-02T04:00:00+08:00,COLLIE_ESR4,450.300,-673.3,450.300,250,-250,40,40,0
2026-08-02T04:00:00+08:00,COLLIE_ESR5,411.2,-708,411.2,250,-250,40,40,0
2026-08-02T04:00:00+08:00,KWINANA_ESR1,26.5,-165.51,26.5,100,-100,20,20,12.8
2026-08-02T04:00:00+08:00,KWINANA_ESR2,393.6,-608.100,393.6,225,-225,40,40,-155.6
2026-08-02T04:05:00+08:00,ALINTA_WGP_ESR1,0,0,0,,,10,10,-0.35
2026-08-02T04:05:00+08:00,COLLIE_BESS2,475.6,-822.2,475.6,300,-300,40,40,-1
2026-08-02T04:05:00+08:00,COLLIE_ESR1,247.1,-557.600,247.1,200,-200,40,40,9.28
2026-08-02T04:05:00+08:00,COLLIE_ESR4,450,-673.5,450,250,-250,40,40,0
2026-08-02T04:05:00+08:00,COLLIE_ESR5,416.4,-703.7,416.4,250,-250,40,40,-97.8
2026-08-02T04:05:00+08:00,KWINANA_ESR1,25.24,-166.87,25.24,100,-100,20,20,16
2026-08-02T04:05:00+08:00,KWINANA_ESR2,404.2,-599.600,404.2,225,-225,40,40,-52.5
2026-08-02T04:10:00+08:00,ALINTA_WGP_ESR1,0,0,0,,,10,10,-0.35
2026-08-02T04:10:00+08:00,COLLIE_BESS2,475.300,-822.5,475.300,300,-300,40,40,1.1
2026-08-02T04:10:00+08:00,COLLIE_ESR1,246.1,-558.5,246.1,200,-200,40,40,12.32
2026-08-02T04:10:00+08:00,COLLIE_ESR4,449.7,-673.7,449.7,250,-250,40,40,0.4
2026-08-02T04:10:00+08:00,COLLIE_ESR5,424.5,-697.5,424.5,250,-250,40,40,-25.7
2026-08-02T04:10:00+08:00,KWINANA_ESR1,23.540,-168.69,23.540,100,-100,20,20,20.4
2026-08-02T04:10:00+08:00,KWINANA_ESR2,411.7,-592.9,411.7,225,-225,40,40,-151.7
2026-08-02T04:15:00+08:00,ALINTA_WGP_ESR1,0,0,0,,,10,10,-0.35
2026-08-02T04:15:00+08:00,COLLIE_BESS2,475.2,-822.600,475.2,300,-300,40,40,-1.6
2026-08-02T04:15:00+08:00,COLLIE_ESR1,245.3,-559.4,245.3,200,-200,40,40,8
2026-08-02T04:15:00+08:00,COLLIE_ESR4,449.300,-673.9,449.300,250,-250,40,40,0
2026-08-02T04:15:00+08:00,COLLIE_ESR5,423,-699.3,423,250,-250,40,40,-0.3
2026-08-02T04:15:00+08:00,KWINANA_ESR1,21.98,-170.37,21.98,100,-100,20,20,13.8
2026-08-02T04:15:00+08:00,KWINANA_ESR2,427.800,-580.4,427.800,225,-225,40,40,-165.400
2026-08-02T04:20:00+08:00,ALINTA_WGP_ESR1,0,0,0,,,10,10,-0.35
2026-08-02T04:20:00+08:00,COLLIE_BESS2,474.9,-822.7,474.9,300,-300,40,40,0
2026-08-02T04:20:00+08:00,COLLIE_ESR1,243.900,-560.7,243.900,200,-200,40,40,10.720
2026-08-02T04:20:00+08:00,COLLIE_ESR4,449.1,-674,449.1,250,-250,40,40,0
2026-08-02T04:20:00+08:00,COLLIE_ESR5,422.7,-699.5,422.7,250,-250,40,40,0
2026-08-02T04:20:00+08:00,KWINANA_ESR1,20.440,-172.01,20.440,100,-100,20,20,16
2026-08-02T04:20:00+08:00,KWINANA_ESR2,443.1,-568,443.1,225,-225,40,40,-161
2026-08-02T04:25:00+08:00,ALINTA_WGP_ESR1,0,0,0,,,10,10,-0.360
2026-08-02T04:25:00+08:00,COLLIE_BESS2,474.800,-822.8,474.800,300,-300,40,40,-0.1
2026-08-02T04:25:00+08:00,COLLIE_ESR1,243,-561.7,243,200,-200,40,40,14.560
2026-08-02T04:25:00+08:00,COLLIE_ESR4,448.7,-674.3,448.7,250,-250,40,40,0
2026-08-02T04:25:00+08:00,COLLIE_ESR5,426.300,-695.8,426.300,250,-250,40,40,-74.3
2026-08-02T04:25:00+08:00,KWINANA_ESR1,21.07,-171.34,21.07,100,-100,20,20,-52.8
2026-08-02T04:25:00+08:00,KWINANA_ESR2,451.9,-560.4,451.9,225,-225,40,40,-17.300
2026-08-02T04:30:00+08:00,ALINTA_WGP_ESR1,0,0,0,,,10,10,-0.35
2026-08-02T04:30:00+08:00,COLLIE_BESS2,474.7,-822.9,474.7,300,-300,40,40,0.1
2026-08-02T04:30:00+08:00,COLLIE_ESR1,241.7,-562.9,241.7,200,-200,40,40,18.24
2026-08-02T04:30:00+08:00,COLLIE_ESR4,448.4,-674.5,448.4,250,-250,40,40,0
2026-08-02T04:30:00+08:00,COLLIE_ESR5,432.4,-690.100,432.4,250,-250,40,40,-67.9
2026-08-02T04:30:00+08:00,KWINANA_ESR1,26.200,-165.83,26.200,100,-100,20,20,-68.700
2026-08-02T04:30:00+08:00,KWINANA_ESR2,451.800,-560.5,451.800,225,-225,40,40,-0.5
2026-08-02T04:35:00+08:00,ALINTA_WGP_ESR1,0,0,0,,,10,10,-0.35
2026-08-02T04:35:00+08:00,COLLIE_BESS2,474.6,-823,474.6,300,-300,40,40,0
2026-08-02T04:35:00+08:00,COLLIE_ESR1,239.6,-565,239.6,200,-200,40,40,22.08
2026-08-02T04:35:00+08:00,COLLIE_ESR4,448.1,-674.7,448.1,250,-250,40,40,0
2026-08-02T04:35:00+08:00,COLLIE_ESR5,437.2,-685.3,437.2,250,-250,40,40,-59.2
2026-08-02T04:35:00+08:00,KWINANA_ESR1,31.16,-160.5,31.16,100,-100,20,20,-64.6
2026-08-02T04:35:00+08:00,KWINANA_ESR2,451.6,-560.7,451.6,225,-225,40,40,-0.5
2026-08-02T04:40:00+08:00,ALINTA_WGP_ESR1,0,0,0,,,10,10,-0.35
2026-08-02T04:40:00+08:00,COLLIE_BESS2,474.5,-823.100,474.5,300,-300,40,40,0.8
2026-08-02T04:40:00+08:00,COLLIE_ESR1,238.1,-566.4,238.1,200,-200,40,40,15.04
2026-08-02T04:40:00+08:00,COLLIE_ESR4,447.9,-674.9,447.9,250,-250,40,40,0
2026-08-02T04:40:00+08:00,COLLIE_ESR5,439.9,-682.600,439.9,250,-250,40,40,-5.1
2026-08-02T04:40:00+08:00,KWINANA_ESR1,33.91,-157.56,33.91,100,-100,20,20,7.200
2026-08-02T04:40:00+08:00,KWINANA_ESR2,455.300,-556.7,455.300,225,-225,40,40,-138.2
2026-08-02T04:45:00+08:00,ALINTA_WGP_ESR1,0,0,0,,,10,10,-0.35
2026-08-02T04:45:00+08:00,COLLIE_BESS2,474.300,-823.3,474.300,300,-300,40,40,-2.7
2026-08-02T04:45:00+08:00,COLLIE_ESR1,236.7,-567.9,236.7,200,-200,40,40,9.92
2026-08-02T04:45:00+08:00,COLLIE_ESR4,447.5,-675.100,447.5,250,-250,40,40,0.6
2026-08-02T04:45:00+08:00,COLLIE_ESR5,438.2,-684.600,438.2,250,-250,40,40,0
2026-08-02T04:45:00+08:00,KWINANA_ESR1,31.89,-159.73,31.89,100,-100,20,20,20.9
2026-08-02T04:45:00+08:00,KWINANA_ESR2,468.2,-545.3,468.2,225,-225,40,40,-144.7
2026-08-02T04:50:00+08:00,ALINTA_WGP_ESR1,0,0,0,,,10,10,-0.35
2026-08-02T04:50:00+08:00,COLLIE_BESS2,474.1,-823.5,474.1,300,-300,40,40,0
2026-08-02T04:50:00+08:00,COLLIE_ESR1,235.5,-569.100,235.5,200,-200,40,40,14.08
2026-08-02T04:50:00+08:00,COLLIE_ESR4,447.2,-675.3,447.2,250,-250,40,40,0
2026-08-02T04:50:00+08:00,COLLIE_ESR5,437.9,-684.8,437.9,250,-250,40,40,0
2026-08-02T04:50:00+08:00,KWINANA_ESR1,32.55,-159,32.55,100,-100,20,20,-49
2026-08-02T04:50:00+08:00,KWINANA_ESR2,477.2,-536.8,477.2,225,-225,40,40,-66.1
2026-08-02T04:55:00+08:00,ALINTA_WGP_ESR1,0,0,0,,,10,10,-0.35
2026-08-02T04:55:00+08:00,COLLIE_BESS2,473.800,-823.8,473.800,300,-300,40,40,0.1
2026-08-02T04:55:00+08:00,COLLIE_ESR1,234.6,-570,234.6,200,-200,40,40,9.12
2026-08-02T04:55:00+08:00,COLLIE_ESR4,446.9,-675.600,446.9,250,-250,40,40,0
2026-08-02T04:55:00+08:00,COLLIE_ESR5,440.800,-681.7,440.800,250,-250,40,40,-52.7
2026-08-02T04:55:00+08:00,KWINANA_ESR1,37.64,-153.55,37.64,100,-100,20,20,-82.6
2026-08-02T04:55:00+08:00,KWINANA_ESR2,479.800,-534.2,479.800,225,-225,40,40,-6
2026-08-02T05:00:00+08:00,ALINTA_WGP_ESR1,0,0,0,,,10,10,-0.35
2026-08-02T05:00:00+08:00,COLLIE_BESS2,473.5,-824.100,473.5,300,-300,40,40,0.1
2026-08-02T05:00:00+08:00,COLLIE_ESR1,233.8,-570.8,233.8,200,-200,40,40,8
2026-08-02T05:00:00+08:00,COLLIE_ESR4,446.5,-675.8,446.5,250,-250,40,40,0
2026-08-02T05:00:00+08:00,COLLIE_ESR5,445.9,-676.7,445.9,250,-250,40,40,-76.8
2026-08-02T05:00:00+08:00,KWINANA_ESR1,44.240,-146.45,44.240,100,-100,20,20,-87.4
2026-08-02T05:00:00+08:00,KWINANA_ESR2,479.5,-534.4,479.5,225,-225,40,40,-0.5
2026-08-02T05:05:00+08:00,ALINTA_WGP_ESR1,0,0,0,,,10,10,-0.35
2026-08-02T05:05:00+08:00,COLLIE_BESS2,473.300,-824.5,473.300,300,-300,40,40,1.300
2026-08-02T05:05:00+08:00,COLLIE_ESR1,232.8,-571.8,232.8,200,-200,40,40,16.64
2026-08-02T05:05:00+08:00,COLLIE_ESR4,446.2,-676,446.2,250,-250,40,40,0.5
2026-08-02T05:05:00+08:00,COLLIE_ESR5,452.7,-670,452.7,250,-250,40,40,-108.6
2026-08-02T05:05:00+08:00,KWINANA_ESR1,50.37,-139.87,50.37,100,-100,20,20,-74
2026-08-02T05:05:00+08:00,KWINANA_ESR2,479.300,-534.600,479.300,225,-225,40,40,0
2026-08-02T05:10:00+08:00,ALINTA_WGP_ESR1,0,0,0,,,10,10,-0.360
2026-08-02T05:10:00+08:00,COLLIE_BESS2,473.2,-824.5,473.2,300,-300,40,40,-3
2026-08-02T05:10:00+08:00,COLLIE_ESR1,231.400,-573.100,231.400,200,-200,40,40,9.76
2026-08-02T05:10:00+08:00,COLLIE_ESR4,445.800,-676.2,445.800,250,-250,40,40,-0.8
2026-08-02T05:10:00+08:00,COLLIE_ESR5,458.5,-664.5,458.5,250,-250,40,40,-13.7
2026-08-02T05:10:00+08:00,KWINANA_ESR1,56.03,-133.8,56.03,100,-100,20,20,-79.8
2026-08-02T05:10:00+08:00,KWINANA_ESR2,479.5,-534.4,479.5,225,-225,40,40,-13.8
2026-08-02T05:15:00+08:00,ALINTA_WGP_ESR1,0,0,0,,,10,10,-0.35
2026-08-02T05:15:00+08:00,COLLIE_BESS2,475.300,-822.600,475.300,300,-300,40,40,-31.2
2026-08-02T05:15:00+08:00,COLLIE_ESR1,230.5,-574,230.5,200,-200,40,40,10.720
2026-08-02T05:15:00+08:00,COLLIE_ESR4,445.6,-676.3,445.6,250,-250,40,40,0.2
2026-08-02T05:15:00+08:00,COLLIE_ESR5,456.9,-666.4,456.9,250,-250,40,40,0.1
2026-08-02T05:15:00+08:00,KWINANA_ESR1,62.21,-127.160,62.21,100,-100,20,20,-83.6
2026-08-02T05:15:00+08:00,KWINANA_ESR2,480,-533.9,480,225,-225,40,40,-1.4
2026-08-02T05:20:00+08:00,ALINTA_WGP_ESR1,0,0,0,,,10,10,-0.35
2026-08-02T05:20:00+08:00,COLLIE_BESS2,482.4,-815.4,482.4,300,-300,40,40,-174.7
2026-08-02T05:20:00+08:00,COLLIE_ESR1,229.2,-575.3,229.2,200,-200,40,40,13.760
2026-08-02T05:20:00+08:00,COLLIE_ESR4,445.2,-676.7,445.2,250,-250,40,40,0.7
2026-08-02T05:20:00+08:00,COLLIE_ESR5,456.5,-666.7,456.5,250,-250,40,40,0.7
2026-08-02T05:20:00+08:00,KWINANA_ESR1,66.15,-122.92,66.15,100,-100,20,20,-4.6
2026-08-02T05:20:00+08:00,KWINANA_ESR2,479.300,-534.5,479.300,225,-225,40,40,11.400
2026-08-02T05:25:00+08:00,ALINTA_WGP_ESR1,0,0,0,,,10,10,-0.35
2026-08-02T05:25:00+08:00,COLLIE_BESS2,491.2,-806.3,491.2,300,-300,40,40,-28
2026-08-02T05:25:00+08:00,COLLIE_ESR1,230.900,-573.600,230.900,200,-200,40,40,-80
2026-08-02T05:25:00+08:00,COLLIE_ESR4,444.800,-676.9,444.800,250,-250,40,40,0
2026-08-02T05:25:00+08:00,COLLIE_ESR5,456.300,-666.9,456.300,250,-250,40,40,0
2026-08-02T05:25:00+08:00,KWINANA_ESR1,67.190,-121.800,67.190,100,-100,20,20,-58.600
2026-08-02T05:25:00+08:00,KWINANA_ESR2,478.7,-535,478.7,225,-225,40,40,-0.5
2026-08-02T05:30:00+08:00,ALINTA_WGP_ESR1,0,0,0,,,10,10,-0.360
2026-08-02T05:30:00+08:00,COLLIE_BESS2,492.9,-805.100,492.9,300,-300,40,40,-35.9
2026-08-02T05:30:00+08:00,COLLIE_ESR1,235.2,-569.3,235.2,200,-200,40,40,-0.64
2026-08-02T05:30:00+08:00,COLLIE_ESR4,444.5,-677.100,444.5,250,-250,40,40,-0.2
2026-08-02T05:30:00+08:00,COLLIE_ESR5,456.1,-667.100,456.1,250,-250,40,40,-0.3
2026-08-02T05:30:00+08:00,KWINANA_ESR1,73.26,-115.27,73.26,100,-100,20,20,-85.6
2026-08-02T05:30:00+08:00,KWINANA_ESR2,478.5,-535.100,478.5,225,-225,40,40,-1.1
2026-08-02T05:35:00+08:00,ALINTA_WGP_ESR1,0,0,0,,,10,10,-0.360
2026-08-02T05:35:00+08:00,COLLIE_BESS2,498.9,-799.100,498.9,300,-300,40,40,-179.5
2026-08-02T05:35:00+08:00,COLLIE_ESR1,234.2,-570.3,234.2,200,-200,40,40,7.840
2026-08-02T05:35:00+08:00,COLLIE_ESR4,444.2,-677.4,444.2,250,-250,40,40,0.8
2026-08-02T05:35:00+08:00,COLLIE_ESR5,455.800,-667.3,455.800,250,-250,40,40,0.8
2026-08-02T05:35:00+08:00,KWINANA_ESR1,77.25,-111,77.25,100,-100,20,20,-7.6
2026-08-02T05:35:00+08:00,KWINANA_ESR2,478.1,-535.4,478.1,225,-225,40,40,9
2026-08-02T05:40:00+08:00,ALINTA_WGP_ESR1,0,0,0,,,10,10,-0.35
2026-08-02T05:40:00+08:00,COLLIE_BESS2,514,-783.9,514,300,-300,40,40,-194
2026-08-02T05:40:00+08:00,COLLIE_ESR1,233.1,-571.4,233.1,200,-200,40,40,12.640
2026-08-02T05:40:00+08:00,COLLIE_ESR4,443.800,-677.7,443.800,250,-250,40,40,0
2026-08-02T05:40:00+08:00,COLLIE_ESR5,455.5,-667.600,455.5,250,-250,40,40,0
2026-08-02T05:40:00+08:00,KWINANA_ESR1,75.68,-112.68,75.68,100,-100,20,20,28.2
2026-08-02T05:40:00+08:00,KWINANA_ESR2,477.6,-535.9,477.6,225,-225,40,40,-0.4
2026-08-02T05:45:00+08:00,ALINTA_WGP_ESR1,0,0,0,,,10,10,-0.360
2026-08-02T05:45:00+08:00,COLLIE_BESS2,528.2,-769.7,528.2,300,-300,40,40,-191.2
2026-08-02T05:45:00+08:00,COLLIE_ESR1,232,-572.5,232,200,-200,40,40,14.720
2026-08-02T05:45:00+08:00,COLLIE_ESR4,443.5,-677.9,443.5,250,-250,40,40,0
2026-08-02T05:45:00+08:00,COLLIE_ESR5,455.300,-667.8,455.300,250,-250,40,40,0
2026-08-02T05:45:00+08:00,KWINANA_ESR1,73.32,-115.22,73.32,100,-100,20,20,30.300
2026-08-02T05:45:00+08:00,KWINANA_ESR2,477.300,-536.100,477.300,225,-225,40,40,-0.6
2026-08-02T05:50:00+08:00,ALINTA_WGP_ESR1,0,0,0,,,10,10,-0.360
2026-08-02T05:50:00+08:00,COLLIE_BESS2,538.8,-759.100,538.8,300,-300,40,40,-32.4
2026-08-02T05:50:00+08:00,COLLIE_ESR1,233,-571.5,233,200,-200,40,40,-59.200
2026-08-02T05:50:00+08:00,COLLIE_ESR4,443.2,-678.100,443.2,250,-250,40,40,0
2026-08-02T05:50:00+08:00,COLLIE_ESR5,455.1,-668,455.1,250,-250,40,40,0
2026-08-02T05:50:00+08:00,KWINANA_ESR1,72.79,-115.79,72.79,100,-100,20,20,-36.9
2026-08-02T05:50:00+08:00,KWINANA_ESR2,477,-536.2,477,225,-225,40,40,-0.5
2026-08-02T05:55:00+08:00,ALINTA_WGP_ESR1,0,0,0,,,10,10,-0.35
2026-08-02T05:55:00+08:00,COLLIE_BESS2,539.2,-758.600,539.2,300,-300,40,40,-7.6
2026-08-02T05:55:00+08:00,COLLIE_ESR1,236.1,-568.5,236.1,200,-200,40,40,4.320
2026-08-02T05:55:00+08:00,COLLIE_ESR4,442.9,-678.3,442.9,250,-250,40,40,0
2026-08-02T05:55:00+08:00,COLLIE_ESR5,454.800,-668.2,454.800,250,-250,40,40,0
2026-08-02T05:55:00+08:00,KWINANA_ESR1,76.97,-111.300,76.97,100,-100,20,20,-69.700
2026-08-02T05:55:00+08:00,KWINANA_ESR2,476.9,-536.2,476.9,225,-225,40,40,-2.8
2026-08-02T06:00:00+08:00,ALINTA_WGP_ESR1,0,0,0,,,10,10,-0.35
2026-08-02T06:00:00+08:00,COLLIE_BESS2,539.4,-758.3,539.4,300,-300,40,40,1
2026-08-02T06:00:00+08:00,COLLIE_ESR1,235.2,-569.3,235.2,200,-200,40,40,9.28
2026-08-02T06:00:00+08:00,COLLIE_ESR4,442.5,-678.5,442.5,250,-250,40,40,0.5
2026-08-02T06:00:00+08:00,COLLIE_ESR5,454.5,-668.5,454.5,250,-250,40,40,0
2026-08-02T06:00:00+08:00,KWINANA_ESR1,82.84,-105,82.84,100,-100,20,20,-81.8
2026-08-02T06:00:00+08:00,KWINANA_ESR2,476.800,-536.2,476.800,225,-225,40,40,-0.7
2026-08-02T06:05:00+08:00,ALINTA_WGP_ESR1,0,0,0,,,10,10,-0.35
2026-08-02T06:05:00+08:00,COLLIE_BESS2,540,-757.600,540,300,-300,40,40,-24.4
2026-08-02T06:05:00+08:00,COLLIE_ESR1,234.2,-570.3,234.2,200,-200,40,40,10.24
2026-08-02T06:05:00+08:00,COLLIE_ESR4,442.300,-678.8,442.300,250,-250,40,40,0.1
2026-08-02T06:05:00+08:00,COLLIE_ESR5,454.300,-668.7,454.300,250,-250,40,40,0.2
2026-08-02T06:05:00+08:00,KWINANA_ESR1,88.660,-98.74,88.660,100,-100,20,20,-76.9
2026-08-02T06:05:00+08:00,KWINANA_ESR2,476.5,-536.5,476.5,225,-225,40,40,-0.4
2026-08-02T06:10:00+08:00,ALINTA_WGP_ESR1,0,0,0,,,10,10,-0.35
2026-08-02T06:10:00+08:00,COLLIE_BESS2,543.9,-753.7,543.9,300,-300,40,40,-108.8
2026-08-02T06:10:00+08:00,COLLIE_ESR1,233.1,-571.4,233.1,200,-200,40,40,11.04
2026-08-02T06:10:00+08:00,COLLIE_ESR4,441.9,-679.100,441.9,250,-250,40,40,0.6
2026-08-02T06:10:00+08:00,COLLIE_ESR5,453.9,-669,453.9,250,-250,40,40,0.6
2026-08-02T06:10:00+08:00,KWINANA_ESR1,92.160,-94.99,92.160,100,-100,20,20,1.7
2026-08-02T06:10:00+08:00,KWINANA_ESR2,476.300,-536.7,476.300,225,-225,40,40,0.2
2026-08-02T06:15:00+08:00,ALINTA_WGP_ESR1,0,0,0,,,10,10,-0.360
2026-08-02T06:15:00+08:00,COLLIE_BESS2,555.100,-742.5,555.100,300,-300,40,40,-192.5
2026-08-02T06:15:00+08:00,COLLIE_ESR1,232.2,-572.3,232.2,200,-200,40,40,12
2026-08-02T06:15:00+08:00,COLLIE_ESR4,441.6,-679.4,441.6,250,-250,40,40,0
2026-08-02T06:15:00+08:00,COLLIE_ESR5,453.5,-669.100,453.5,250,-250,40,40,0.3
2026-08-02T06:15:00+08:00,KWINANA_ESR1,90.24,-97.050,90.24,100,-100,20,20,25.2
2026-08-02T06:15:00+08:00,KWINANA_ESR2,472.6,-539.600,472.6,225,-225,40,40,79
2026-08-02T06:20:00+08:00,ALINTA_WGP_ESR1,0,0,0,,,10,10,-0.35
2026-08-02T06:20:00+08:00,COLLIE_BESS2,566.100,-731.5,566.100,300,-300,40,40,-38.600
2026-08-02T06:20:00+08:00,COLLIE_ESR1,231.1,-573.4,231.1,200,-200,40,40,13.600
2026-08-02T06:20:00+08:00,COLLIE_ESR4,441.2,-679.600,441.2,250,-250,40,40,0.7
2026-08-02T06:20:00+08:00,COLLIE_ESR5,453.2,-669.5,453.2,250,-250,40,40,0.4
2026-08-02T06:20:00+08:00,KWINANA_ESR1,87.9,-99.56,87.9,100,-100,20,20,27.6
2026-08-02T06:20:00+08:00,KWINANA_ESR2,467,-544.3,467,225,-225,40,40,8
2026-08-02T06:25:00+08:00,ALINTA_WGP_ESR1,0,0,0,,,10,10,-0.35
2026-08-02T06:25:00+08:00,COLLIE_BESS2,566.100,-731.4,566.100,300,-300,40,40,-0.1
2026-08-02T06:25:00+08:00,COLLIE_ESR1,230,-574.5,230,200,-200,40,40,11.2
2026-08-02T06:25:00+08:00,COLLIE_ESR4,440.9,-679.8,440.9,250,-250,40,40,0
2026-08-02T06:25:00+08:00,COLLIE_ESR5,453,-669.7,453,250,-250,40,40,0
2026-08-02T06:25:00+08:00,KWINANA_ESR1,86.18,-101.42,86.18,100,-100,20,20,9.3
2026-08-02T06:25:00+08:00,KWINANA_ESR2,466.800,-544.4,466.800,225,-225,40,40,-0.3
2026-08-02T06:30:00+08:00,ALINTA_WGP_ESR1,0,0,0,,,10,10,-0.35
2026-08-02T06:30:00+08:00,COLLIE_BESS2,566,-731.600,566,300,-300,40,40,-0.1
2026-08-02T06:30:00+08:00,COLLIE_ESR1,228.8,-575.7,228.8,200,-200,40,40,13.28
2026-08-02T06:30:00+08:00,COLLIE_ESR4,440.6,-680.100,440.6,250,-250,40,40,0
2026-08-02T06:30:00+08:00,COLLIE_ESR5,452.6,-670,452.6,250,-250,40,40,0
2026-08-02T06:30:00+08:00,KWINANA_ESR1,84.910,-102.78,84.910,100,-100,20,20,20
2026-08-02T06:30:00+08:00,KWINANA_ESR2,466.5,-544.600,466.5,225,-225,40,40,-0.5
2026-08-02T06:35:00+08:00,ALINTA_WGP_ESR1,0,0,0,,,10,10,-0.35
2026-08-02T06:35:00+08:00,COLLIE_BESS2,565.8,-731.8,565.8,300,-300,40,40,-0.1
2026-08-02T06:35:00+08:00,COLLIE_ESR1,227.6,-576.9,227.6,200,-200,40,40,14.24
2026-08-02T06:35:00+08:00,COLLIE_ESR4,440.2,-680.4,440.2,250,-250,40,40,0
2026-08-02T06:35:00+08:00,COLLIE_ESR5,452.300,-670.2,452.300,250,-250,40,40,0
2026-08-02T06:35:00+08:00,KWINANA_ESR1,82.800,-105.04,82.800,100,-100,20,20,31.4
2026-08-02T06:35:00+08:00,KWINANA_ESR2,466.2,-544.7,466.2,225,-225,40,40,-0.6
2026-08-02T06:40:00+08:00,ALINTA_WGP_ESR1,0,0,0,,,10,10,-0.35
2026-08-02T06:40:00+08:00,COLLIE_BESS2,565.5,-732.100,565.5,300,-300,40,40,0.5
2026-08-02T06:40:00+08:00,COLLIE_ESR1,226.2,-578.3,226.2,200,-200,40,40,19.040
2026-08-02T06:40:00+08:00,COLLIE_ESR4,438.7,-678.600,438.7,250,-250,40,40,0.3
2026-08-02T06:40:00+08:00,COLLIE_ESR5,452,-670.5,452,250,-250,40,40,0
2026-08-02T06:40:00+08:00,KWINANA_ESR1,79.620,-108.45,79.620,100,-100,20,20,41
2026-08-02T06:40:00+08:00,KWINANA_ESR2,466.1,-545,466.1,225,-225,40,40,-0.5
2026-08-02T06:45:00+08:00,ALINTA_WGP_ESR1,0,0,0,,,10,10,-0.35
2026-08-02T06:45:00+08:00,COLLIE_BESS2,565.3,-732.5,565.3,300,-300,40,40,0
2026-08-02T06:45:00+08:00,COLLIE_ESR1,224.5,-580,224.5,200,-200,40,40,14.88
2026-08-02T06:45:00+08:00,COLLIE_ESR4,438.300,-678.8,438.300,250,-250,40,40,0
2026-08-02T06:45:00+08:00,COLLIE_ESR5,451.6,-670.600,451.6,250,-250,40,40,0
2026-08-02T06:45:00+08:00,KWINANA_ESR1,76.11,-112.22,76.11,100,-100,20,20,33.3
2026-08-02T06:45:00+08:00,KWINANA_ESR2,465.800,-545.100,465.800,225,-225,40,40,-0.4
2026-08-02T06:50:00+08:00,ALINTA_WGP_ESR1,0,0,0,,,10,10,-0.35
2026-08-02T06:50:00+08:00,COLLIE_BESS2,564.9,-732.8,564.9,300,-300,40,40,-0.1
2026-08-02T06:50:00+08:00,COLLIE_ESR1,223,-581.4,223,200,-200,40,40,15.2
2026-08-02T06:50:00+08:00,COLLIE_ESR4,438.1,-679.100,438.1,250,-250,40,40,0
2026-08-02T06:50:00+08:00,COLLIE_ESR5,451.300,-670.9,451.300,250,-250,40,40,0
2026-08-02T06:50:00+08:00,KWINANA_ESR1,73.18,-115.370,73.18,100,-100,20,20,33.9
2026-08-02T06:50:00+08:00,KWINANA_ESR2,465.5,-545.3,465.5,225,-225,40,40,-0.3
2026-08-02T06:55:00+08:00,ALINTA_WGP_ESR1,0,0,0,,,10,10,-0.35
2026-08-02T06:55:00+08:00,COLLIE_BESS2,564.600,-733.100,564.600,300,-300,40,40,0
2026-08-02T06:55:00+08:00,COLLIE_ESR1,221.900,-582.5,221.900,200,-200,40,40,9.12
2026-08-02T06:55:00+08:00,COLLIE_ESR4,437.800,-679.3,437.800,250,-250,40,40,0
2026-08-02T06:55:00+08:00,COLLIE_ESR5,451,-671.100,451,250,-250,40,40,0
2026-08-02T06:55:00+08:00,KWINANA_ESR1,70.870,-117.84,70.870,100,-100,20,20,20.6
2026-08-02T06:55:00+08:00,KWINANA_ESR2,464.4,-546.4,464.4,225,-225,40,40,24
2026-08-02T07:00:00+08:00,ALINTA_WGP_ESR1,0,0,0,,,10,10,-0.35
2026-08-02T07:00:00+08:00,COLLIE_BESS2,564.4,-733.5,564.4,300,-300,40,40,0.7
2026-08-02T07:00:00+08:00,COLLIE_ESR1,221,-583.5,221,200,-200,40,40,6.24
2026-08-02T07:00:00+08:00,COLLIE_ESR4,437.5,-679.5,437.5,250,-250,40,40,0.1
2026-08-02T07:00:00+08:00,COLLIE_ESR5,450.7,-671.3,450.7,250,-250,40,40,0.3
2026-08-02T07:00:00+08:00,KWINANA_ESR1,68.93,-119.93,68.93,100,-100,20,20,13.5
2026-08-02T07:00:00+08:00,KWINANA_ESR2,460.4,-549.4,460.4,225,-225,40,40,46.2
2026-08-02T07:05:00+08:00,ALINTA_WGP_ESR1,0,0,0,,,10,10,-0.35
2026-08-02T07:05:00+08:00,COLLIE_BESS2,564.2,-733.7,564.2,300,-300,40,40,1
2026-08-02T07:05:00+08:00,COLLIE_ESR1,220.2,-584.2,220.2,200,-200,40,40,10.08
2026-08-02T07:05:00+08:00,COLLIE_ESR4,437.2,-679.8,437.2,250,-250,40,40,0.4
2026-08-02T07:05:00+08:00,COLLIE_ESR5,450.300,-671.600,450.300,250,-250,40,40,0.4
2026-08-02T07:05:00+08:00,KWINANA_ESR1,67.26,-121.730,67.26,100,-100,20,20,21.800
2026-08-02T07:05:00+08:00,KWINANA_ESR2,454.7,-553.9,454.7,225,-225,40,40,64.3
2026-08-02T07:10:00+08:00,ALINTA_WGP_ESR1,0,0,0,,,10,10,-0.37
2026-08-02T07:10:00+08:00,COLLIE_BESS2,563.9,-734,563.9,300,-300,40,40,1.7
2026-08-02T07:10:00+08:00,COLLIE_ESR1,219.3,-585.100,219.3,200,-200,40,40,13.28
2026-08-02T07:10:00+08:00,COLLIE_ESR4,436.9,-680.100,436.9,250,-250,40,40,1.2
2026-08-02T07:10:00+08:00,COLLIE_ESR5,450,-671.8,450,250,-250,40,40,0.7
2026-08-02T07:10:00+08:00,KWINANA_ESR1,65.29,-123.85,65.29,100,-100,20,20,27
2026-08-02T07:10:00+08:00,KWINANA_ESR2,447.6,-559.8,447.6,225,-225,40,40,78.3
2026-08-02T07:15:00+08:00,ALINTA_WGP_ESR1,0,0,0,,,10,10,-0.38
2026-08-02T07:15:00+08:00,COLLIE_BESS2,563.7,-734.2,563.7,300,-300,40,40,0.1
2026-08-02T07:15:00+08:00,COLLIE_ESR1,218,-586.4,218,200,-200,40,40,12.48
2026-08-02T07:15:00+08:00,COLLIE_ESR4,432.5,-673.8,432.5,250,-250,40,40,-0.1
2026-08-02T07:15:00+08:00,COLLIE_ESR5,449.7,-672,449.7,250,-250,40,40,0
2026-08-02T07:15:00+08:00,KWINANA_ESR1,62.44,-126.910,62.44,100,-100,20,20,27.9
2026-08-02T07:15:00+08:00,KWINANA_ESR2,439.2,-566.7,439.2,225,-225,40,40,95.1
2026-08-02T07:20:00+08:00,ALINTA_WGP_ESR1,0,0,0,,,10,10,-0.37
2026-08-02T07:20:00+08:00,COLLIE_BESS2,563.5,-734.4,563.5,300,-300,40,40,-0.8
2026-08-02T07:20:00+08:00,COLLIE_ESR1,216.7,-587.7,216.7,200,-200,40,40,16
2026-08-02T07:20:00+08:00,COLLIE_ESR4,432.1,-674.100,432.1,250,-250,40,40,-0.5
2026-08-02T07:20:00+08:00,COLLIE_ESR5,449.300,-672.2,449.300,250,-250,40,40,-0.4
2026-08-02T07:20:00+08:00,KWINANA_ESR1,59.650,-129.89,59.650,100,-100,20,20,36.100
2026-08-02T07:20:00+08:00,KWINANA_ESR2,429.9,-574.7,429.9,225,-225,40,40,99.5
2026-08-02T07:25:00+08:00,ALINTA_WGP_ESR1,0,0,0,,,10,10,-0.38
2026-08-02T07:25:00+08:00,COLLIE_BESS2,563.4,-734.5,563.4,300,-300,40,40,1.300
2026-08-02T07:25:00+08:00,COLLIE_ESR1,215.2,-589.100,215.2,200,-200,40,40,13.28
2026-08-02T07:25:00+08:00,COLLIE_ESR4,431.9,-674.4,431.9,250,-250,40,40,0
2026-08-02T07:25:00+08:00,COLLIE_ESR5,449,-672.4,449,250,-250,40,40,0
2026-08-02T07:25:00+08:00,KWINANA_ESR1,56.69,-133.06,56.69,100,-100,20,20,29.5
2026-08-02T07:25:00+08:00,KWINANA_ESR2,420.7,-583.600,420.7,225,-225,40,40,113.200
2026-08-02T07:30:00+08:00,ALINTA_WGP_ESR1,0,0,0,,,10,10,-0.38
2026-08-02T07:30:00+08:00,COLLIE_BESS2,563.3,-734.600,563.3,300,-300,40,40,1
2026-08-02T07:30:00+08:00,COLLIE_ESR1,214.3,-590,214.3,200,-200,40,40,4.48
2026-08-02T07:30:00+08:00,COLLIE_ESR4,431.6,-674.600,431.6,250,-250,40,40,0
2026-08-02T07:30:00+08:00,COLLIE_ESR5,448.7,-672.600,448.7,250,-250,40,40,0.4
2026-08-02T07:30:00+08:00,KWINANA_ESR1,54.78,-135.12,54.78,100,-100,20,20,7.5
2026-08-02T07:30:00+08:00,KWINANA_ESR2,410.7,-593.5,410.7,225,-225,40,40,126.9
2026-08-02T07:35:00+08:00,ALINTA_WGP_ESR1,0,0,0,,,10,10,-0.38
2026-08-02T07:35:00+08:00,COLLIE_BESS2,563.2,-734.7,563.2,300,-300,40,40,0.8
2026-08-02T07:35:00+08:00,COLLIE_ESR1,213.900,-590.4,213.900,200,-200,40,40,1.600
2026-08-02T07:35:00+08:00,COLLIE_ESR4,431.300,-674.9,431.300,250,-250,40,40,0.5
2026-08-02T07:35:00+08:00,COLLIE_ESR5,448.4,-672.8,448.4,250,-250,40,40,0.5
2026-08-02T07:35:00+08:00,KWINANA_ESR1,54.11,-135.84,54.11,100,-100,20,20,3
2026-08-02T07:35:00+08:00,KWINANA_ESR2,400,-604.2,400,225,-225,40,40,140.3
2026-08-02T07:40:00+08:00,ALINTA_WGP_ESR1,0,0,0,,,10,10,-0.38
2026-08-02T07:40:00+08:00,COLLIE_BESS2,562.9,-735,562.9,300,-300,40,40,-0.1
2026-08-02T07:40:00+08:00,COLLIE_ESR1,213.5,-590.8,213.5,200,-200,40,40,3.200
2026-08-02T07:40:00+08:00,COLLIE_ESR4,431,-675.100,431,250,-250,40,40,0.1
2026-08-02T07:40:00+08:00,COLLIE_ESR5,448,-673.100,448,250,-250,40,40,0.7
2026-08-02T07:40:00+08:00,KWINANA_ESR1,53.650,-136.34,53.650,100,-100,20,20,6
2026-08-02T07:40:00+08:00,KWINANA_ESR2,389.1,-615,389.1,225,-225,40,40,111.8
2026-08-02T07:45:00+08:00,ALINTA_WGP_ESR1,0,0,0,,,10,10,-0.37
2026-08-02T07:45:00+08:00,COLLIE_BESS2,562.7,-735.100,562.7,300,-300,40,40,0
2026-08-02T07:45:00+08:00,COLLIE_ESR1,213,-591.3,213,200,-200,40,40,1.76
2026-08-02T07:45:00+08:00,COLLIE_ESR4,430.7,-675.4,430.7,250,-250,40,40,0
2026-08-02T07:45:00+08:00,COLLIE_ESR5,443.5,-676.600,443.5,250,-250,40,40,96.8
2026-08-02T07:45:00+08:00,KWINANA_ESR1,53.12,-136.91,53.12,100,-100,20,20,3.8
2026-08-02T07:45:00+08:00,KWINANA_ESR2,382.9,-620.7,382.9,225,-225,40,40,9.7
2026-08-02T07:50:00+08:00,ALINTA_WGP_ESR1,0.200,-0.04,0.200,,,10,10,-0.37
2026-08-02T07:50:00+08:00,COLLIE_BESS2,562.600,-735.2,562.600,300,-300,40,40,0.6
2026-08-02T07:50:00+08:00,COLLIE_ESR1,213.3,-591,213.3,200,-200,40,40,-4.48
2026-08-02T07:50:00+08:00,COLLIE_ESR4,430.5,-675.600,430.5,250,-250,40,40,0.5
2026-08-02T07:50:00+08:00,COLLIE_ESR5,434.1,-686.100,434.1,250,-250,40,40,108.700
2026-08-02T07:50:00+08:00,KWINANA_ESR1,53.41,-136.61,53.41,100,-100,20,20,-10.1
2026-08-02T07:50:00+08:00,KWINANA_ESR2,382.6,-620.8,382.6,225,-225,40,40,-0.4
2026-08-02T07:55:00+08:00,ALINTA_WGP_ESR1,0,0,0,,,10,10,-0.38
2026-08-02T07:55:00+08:00,COLLIE_BESS2,562.4,-735.4,562.4,300,-300,40,40,-1.300
2026-08-02T07:55:00+08:00,COLLIE_ESR1,213.7,-590.600,213.7,200,-200,40,40,-6.56
2026-08-02T07:55:00+08:00,COLLIE_ESR4,430.2,-675.9,430.2,250,-250,40,40,-0.5
2026-08-02T07:55:00+08:00,COLLIE_ESR5,426.2,-694,426.2,250,-250,40,40,83.4
2026-08-02T07:55:00+08:00,KWINANA_ESR1,54.09,-135.87,54.09,100,-100,20,20,-11.7
2026-08-02T07:55:00+08:00,KWINANA_ESR2,382.4,-621,382.4,225,-225,40,40,-0.4
