,Unnamed: 0,ID,Start Interval,End Interval,Issued At,Details,AEMO Planned Actions,Required Market Participant and Network Operator Actions,Optional Market Participant Actions,Withdrawn,Withdrawn At,Operating State,Extracted At,Interval Duration
0,78,212430,2026-02-01 17:00:00,2026-02-01 21:00:00,2026-01-31 21:14:05,"Due to high Forecast Unscheduled Operational Demand across the SWIS, AEMO is forecasting potential Low Reserve Conditions (LRC) for the peak period on 01/02/2026, 17:00 - 21:00. This is based on the High scenario load forecast, as a result of forecast heatwave conditions.The forecast condition level is Lack of Reserve 1 (LOR1).Market Participants are advised that should this LRC Declaration period eventuate:AEMO intervention may be required if Electric Storage Resource (ESR) facilities have an insufficient state of charge (SOC), as deemed by AEMO in advance of the specified peak period.All generation Facilities may receive a Dispatch Instruction.Facilities offering Essential System Services may be trapped at Enablement Maximum limits.Demand Side Programmes may receive a Dispatch Instruction for maximum curtailment capacity.Supplementary Capacity (SC) may be dispatched.Peak Demand Non-Co-Optimised Essential System Services may be activated.AEMO may take further actions to manage Power System Security and Reliability as required.",AEMO may intervene (which constitutes an AEMO Intervention Event) and direct Participants to update Real-Time Market Submissions (RTMS) to resolve market shortfalls and maintain Power System Security and Reliability if:AEMO determines shortfalls are persistent and not resolved by the prescribed time which may lead to a Satisfactory (and Not-Secure) Operating State.Sufficient capacity is not committed In-Service (with allowance for Start Decision Cutoff).Facilities are trapped at Enablement Maximum limits.ESR facilities are at an insufficient state of charge (SOC) as deemed by AEMO before the prescribed time.AEMO will provide updates of any significant changes or amendments to the forecast Low Reserve Conditions.,MP - Ensure compliance with this Market Advisory &amp; follow all Directions and Dispatch Instructions issued by AEMO.NO – No action required.,"Monitor forecast Pre-Dispatch and Dispatch Market Schedules, and where Energy Market shortfalls are forecast, and a Facility is trapped at its high enablement limit with further energy capacity available, update Real-Time Market Submissions to prevent Trapezium Trapping.NO – No action required.Please call AEMO on 1300 989 797 (Option 1) if further information is required.",N,,Normal,,0 days 04:00:00
1,103,212405,2026-01-21 17:00:00,2026-01-21 21:00:00,2026-01-20 21:49:32,"Due to high Forecast Unscheduled Operational Demand across the SWIS, AEMO is forecasting potential Low Reserve Conditions (LRC) for the peak period on 21/01/2026, 17:00 - 21:00. This is based on the High scenario load forecast, as a result of forecast heatwave conditions.The forecast condition level is Lack of Reserve 1 (LOR1).Market Participants are advised that should this LRC Declaration period eventuate:AEMO intervention may be required if Electric Storage Resource (ESR) facilities have an insufficient state of charge (SOC), as deemed by AEMO in advance of the specified peak period.All generation Facilities may receive a Dispatch Instruction.Facilities offering Essential System Services may be trapped at Enablement Maximum limits.Demand Side Programmes may receive a Dispatch Instruction for maximum curtailment capacity.Supplementary Capacity (SC) may be dispatched.Peak Demand Non-Co-Optimised Essential System Services may be activated.AEMO may take further actions to manage Power System Security and Reliability as required.",AEMO may intervene (which constitutes an AEMO Intervention Event) and direct Participants to update Real-Time Market Submissions (RTMS) to resolve market shortfalls and maintain Power System Security and Reliability if:AEMO determines shortfalls are persistent and not resolved by the prescribed time which may lead to a Satisfactory (and Not-Secure) Operating State.Sufficient capacity is not committed In-Service (with allowance for Start Decision Cutoff).Facilities are trapped at Enablement Maximum limits.ESR facilities are at an insufficient state of charge (SOC) as deemed by AEMO before the prescribed time.AEMO will provide updates of any significant changes or amendments to the forecast Low Reserve Conditions.,MP - Ensure compliance with this Market Advisory &amp; follow all Directions and Dispatch Instructions issued by AEMO.NO – No action required.,"Monitor forecast Pre-Dispatch and Dispatch Market Schedules, and where Energy Market shortfalls are forecast, and a Facility is trapped at its high enablement limit with further energy capacity available, update Real-Time Market Submissions to prevent Trapezium Trapping.NO – No action required.Please call AEMO on 1300 989 797 (Option 1) if further information is required.",N,,Normal,,0 days 04:00:00
2,166,212284,2025-12-14 17:00:00,2025-12-14 21:00:00,2025-12-13 20:03:14,"Due to high Forecast Unscheduled Operational Demand across the SWIS, AEMO is forecasting potential Low Reserve Conditions (LRC) for the peak period on 14/12/2025, 17:00 - 21:00. This is based on the High scenario load forecast, as a result of forecast heatwave conditions.The forecast condition level is Lack of Reserve 1 (LOR1).Market Participants are advised that should this LRC Declaration period eventuate:AEMO intervention may be required if Electric Storage Resource (ESR) facilities have an insufficient state of charge (SOC), as deemed by AEMO in advance of the specified peak period.All generation Facilities may receive a Dispatch Instruction.Facilities offering Essential System Services may be trapped at Enablement Maximum limits.Demand Side Programmes may receive a Dispatch Instruction for maximum curtailment capacity.Supplementary Capacity (SC) may be dispatched.Peak Demand Non-Co-Optimised Essential System Services may be activated.AEMO may take further actions to manage Power System Security and Reliability as required.",AEMO may intervene (which constitutes an AEMO Intervention Event) and direct Participants to update Real-Time Market Submissions (RTMS) to resolve market shortfalls and maintain Power System Security and Reliability if:AEMO determines shortfalls are persistent and not resolved by the prescribed time which may lead to a Satisfactory (and Not-Secure) Operating State.Sufficient capacity is not committed In-Service (with allowance for Start Decision Cutoff).Facilities are trapped at Enablement Maximum limits.ESR facilities are at an insufficient state of charge (SOC) as deemed by AEMO before the prescribed time.AEMO will provide updates of any significant changes or amendments to the forecast Low Reserve Conditions.,MP - Ensure compliance with this Market Advisory &amp; follow all Directions and Dispatch Instructions issued by AEMO.NO – No action required.,"Monitor forecast Pre-Dispatch and Dispatch Market Schedules, and where Energy Market shortfalls are forecast, and a Facility is trapped at its high enablement limit with further energy capacity available, update Real-Time Market Submissions to prevent Trapezium Trapping.NO – No action required.Please call AEMO on 1300 989 797 (Option 1) if further information is required.",N,,Normal,,0 days 04:00:00
3,711,211407,2025-03-26 16:00:00,2025-03-26 18:00:00,2025-03-26 10:52:25,"Due to higher than forecast temperatures, AEMO has declared Low Reserve Conditions (LRC) for the peak period on 26/03/2025, 16:00 - 21:00.The forecast condition level is Lack of Reserve 1 (LOR 1).Market Participants are advised that during this LRC Declaration period:All generation Facilities are likely to receive a Dispatch Instruction.Facilities offering Essential System Services may be trapped at Enablement Maximum limits.Facilities should not be de-committed without first contacting the AEMO Control Room.AEMO may take further actions to manage Power System Security and Reliability as required.",AEMO may intervene (which constitutes an AEMO Intervention Event) and direct Participants to update Real-Time Market Submissions (RTMS) to resolve market shortfalls and maintain Power System Security and Reliability if:AEMO determines shortfalls are persistent and not resolved by 17:00 which may lead to a Satisfactory (and Not-Secure) Operating State.Sufficient capacity is not committed In-Service (with allowance for Start Decision Cutoff).Facilities are trapped at Enablement Maximum limits.AEMO will provide updates of any significant changes or amendments to the forecast Low Reserve Conditions.,Market Participants must contact the AEMO Control Room prior to any Facility decommitment within the LRC period.,"Monitor forecast Pre-Dispatch and Dispatch Market Schedules, and where Energy Market shortfalls are forecast, and a Facility is trapped at its high enablement limit with further energy capacity available, update Real-Time Market Submissions to prevent Trapezium Trapping.Please call AEMO on 1300 989 797 (Option 1) if further information is required.",Y,2025-03-26 18:20:00,Normal,,0 days 02:00:00
4,716,211402,2025-03-24 16:00:00,2025-03-24 19:30:00,2025-03-24 15:35:58,"Due to higher than forecast temperatures, AEMO has declared Low Reserve Conditions (LRC) for the peak period on 24/03/2025, 16:00 - 21:00.The forecast condition level is Lack of Reserve 1 (LOR 1).Market Participants are advised that during this LRC Declaration period:All generation Facilities are likely to receive a Dispatch Instruction.Facilities offering Essential System Services may be trapped at Enablement Maximum limits.Facilities should not be de-committed without first contacting the AEMO Control Room.AEMO may take further actions to manage Power System Security and Reliability as required.",AEMO may intervene (which constitutes an AEMO Intervention Event) and direct Participants to update Real-Time Market Submissions (RTMS) to resolve market shortfalls and maintain Power System Security and Reliability if:AEMO determines shortfalls are persistent and not resolved by 17:00 which may lead to a Satisfactory (and Not-Secure) Operating State.Sufficient capacity is not committed In-Service (with allowance for Start Decision Cutoff).Facilities are trapped at Enablement Maximum limits.AEMO will provide updates of any significant changes or amendments to the forecast Low Reserve Conditions.,Market Participants must contact the AEMO Control Room prior to any Facility decommitment within the LRC period.,"Monitor forecast Pre-Dispatch and Dispatch Market Schedules, and where Energy Market shortfalls are forecast, and a Facility is trapped at its high enablement limit with further energy capacity available, update Real-Time Market Submissions to prevent Trapezium Trapping.Please call AEMO on 1300 989 797 (Option 1) if further information is required.",Y,2025-03-24 19:40:00,Normal,,0 days 03:30:00
5,746,211373,2025-03-06 15:00:00,2025-03-06 20:00:00,2025-03-06 11:27:46,"Due to scheduled generation Outages and low forecast wind availability, AEMO has declared Low Reserve Conditions (LRC) for the peak period on 06/03/2025, 15:00 - 22:00.The forecast condition level is Lack of Reserve 1 (LOR 1).Market Participants are advised that during this LRC Declaration period:All generation Facilities are likely to receive a Dispatch Instruction.Facilities offering Essential System Services may be trapped at Enablement Maximum limits.Facilities should not be de-committed without first contacting the AEMO Control Room.AEMO may take further actions to manage Power System Security and Reliability as required.",AEMO may intervene (which constitutes an AEMO Intervention Event) and direct Participants to update Real-Time Market Submissions (RTMS) to resolve market shortfalls and maintain Power System Security and Reliability if:AEMO determines shortfalls are persistent and not resolved by 16:00 which may lead to a Satisfactory (and Not-Secure) Operating State.Sufficient capacity is not committed In-Service (with allowance for Start Decision Cutoff).Facilities are trapped at Enablement Maximum limits.AEMO will provide updates of any significant changes or amendments to the forecast Low Reserve Conditions.,Market Participants must contact the AEMO Control Room prior to any Facility decommitment within the LRC period.,"Monitor forecast Pre-Dispatch and Dispatch Market Schedules, and where Energy Market shortfalls are forecast, and a Facility is trapped at its high enablement limit with further energy capacity available, update Real-Time Market Submissions to prevent Trapezium Trapping.Please call AEMO on 1300 989 797 (Option 1) if further information is required.",Y,2025-03-06 20:28:00,Normal,,0 days 05:00:00
6,747,211374,2025-03-06 12:00:00,2025-03-08 10:30:00,2025-03-06 13:00:46,"Due to high temperature forecasts and increased risk of LOR conditions, AEMO has requested return to service of MUJA_G6 under Reserve Outage Mode (ROM) through the period 06-Mar-2025 – 07-Mar-2025",Monitor system conditions and update this advisory with any change to the running periodConstrain the facility to a minimum of 120 MW through the running period,MP – Follow all Directions and Dispatch Instructions issued by AEMO. NO – No action required.,Review Market Schedules with MUJA_G6 in service.Please call AEMO on 1300 989 797 (Option 1) if further information is required,Y,2025-03-08 11:00:00,Normal,,1 days 22:30:00
7,778,211298,2025-02-05 11:15:00,2025-02-07 12:00:00,2025-02-05 15:41:32,"Due to high temperature forecasts and increased risk of LOR conditions, AEMO has requested return to service of MUJA_G6 under Reserve Outage Mode (ROM) through the period 05-Feb-2025 to 09-Feb-2025",Monitor system conditions and update this advisory with any change to the running periodConstrain the facility to a minimum of 80 - 120 MW through the running period,MP – Follow all Directions and Dispatch Instructions issued by AEMO. NO – No action required.,Review Market Schedules with MUJA_G6 in service.Please call AEMO on 1300 989 797 (Option 1) if further information is required,Y,2025-02-07 12:06:30,Normal,,2 days 00:45:00
8,779,211296,2025-02-05 10:00:00,2025-02-09 20:00:00,2025-02-05 13:04:56,"Due to high temperature forecasts and increased risk of LOR conditions, AEMO has requested return to service of MUJA_G6 under Reserve Outage Mode (ROM) through the period 05-Feb-2025 to 09-Feb-2025",Monitor system conditions and update this advisory with any change to the running periodConstrain the facility to a minimum of 80 - 120 MW through the running period,MP – Follow all Directions and Dispatch Instructions issued by AEMO. NO – No action required.,Review Market Schedules with MUJA_G6 in service.Please call AEMO on 1300 989 797 (Option 1) if further information is required,N,,Normal,,4 days 10:00:00
9,783,211253,2025-01-28 10:00:00,2025-01-30 22:30:00,2025-01-28 08:26:20,"Due to high temperature forecasts and increased risk of LOR conditions, AEMO has requested return to service of MUJA_G6 under Reserve Outage Mode (ROM) through the period 28-Jan-2025 to 31-Jan-2025",Monitor system conditions and update this advisory with any change to the running periodConstrain the facility to a minimum of 80 - 120 MW through the running period,MP – Follow all Directions and Dispatch Instructions issued by AEMO. NO – No action required.,Review Market Schedules with MUJA_G6 in service.Please call AEMO on 1300 989 797 (Option 1) if further information is required,Y,2025-01-30 22:34:00,Normal,,2 days 12:30:00
10,790,211246,2025-01-23 15:30:00,2025-01-23 20:30:00,2025-01-23 13:48:37,"Further to MA211244, in accordance with the WEM Procedure: Direction of Registered Facilities in Scarcity Conditions, AEMO has identified the following priority ESS providers through the LOR2 period:KWINANA_ESR1COLLIE_ESR1PINJAR_GT11PINJAR_GT2PINJAR_GT4PINJAR_GT5PINJAR_GT7 Through this advisory AEMO is directing all other facilities to bid:Its full Reserve Capacity Obligation Quantity as In-Service capacityAll other Non ROCOF Control Service Essential System Service quantities to 0 MW For the duration of the LRC period identified under MA211244.These directions constitute an AEMO Intervention. ","Monitor system conditions and update the LRC period and/or directions accordingly.Monitor Market Schedules and facility offers for compliance with the directions.If re-bidding does not resolve the forecast LRC by 15:30, AEMO will further intervene via direction constraint equations to break Trapezium Trapping.","If not identified as a priority ESS provider, update RTMS as per AEMO directionPrepare site operations and facility configuration to account for any necessary lead time to comply with any Dispatch Instruction for all In-Service capacity.",Please call AEMO on 1300 989 797 (Option 1) if further information is required,N,,Normal,,0 days 05:00:00
11,791,211244,2025-01-23 13:00:00,2025-01-23 20:30:00,2025-01-23 12:33:05,AEMO has declared Low Reserve Conditions (LRC) for the peak period on 23/01/2025 13:00 - 20:30.The forecast condition level is Lack of Reserve 2 (LOR2).Market Participants are advised that during this LRC Declaration period:1. All generation Facilities are likely to receive a Dispatch Instruction.2. Facilities offering Essential System Services may be trapped at Enablement Maximum limits.3. Demand Side Programmes are likely to receive a Dispatch Instruction for maximum curtailment capacity.4. Supplementary Capacity (SC) is likely to be dispatched.5. Facilities should not be de-committed without first contacting the AEMO Control Room.6. AEMO may take further actions to manage Power System Security and Reliability as required.,"AEMO may intervene (which constitutes an AEMO Intervention Event) and direct Participants to update Real-Time Market Submissions (RTMS) to resolve market shortfalls and maintain Power System Security and Reliability if:AEMO determines shortfalls are persistent and not resolved, which may lead to a Satisfactory (and Not-Secure) Operating State.Sufficient capacity is not committed In-Service (with allowance for Start Decision Cutoff).Facilities are trapped at Enablement Maximum limits. AEMO will provide updates of any significant changes or amendments to the forecast Low Reserve Conditions.",Market Participants must contact the AEMO Control Room prior to any Facility decommitment within the LRC period.,"Monitor forecast Pre-Dispatch and Dispatch Market Schedules, and where Energy Market shortfalls are forecast, and a Facility is trapped at its high enablement limit with further energy capacity available, update Real-Time Market Submissions to prevent Trapezium Trapping.Please call AEMO on 1300 989 797 (Option 1) if further information is required.",N,,Normal,,0 days 07:30:00
12,796,211236,2025-01-21 14:30:00,2025-01-21 20:30:00,2025-01-21 09:46:54,"Due to heatwaves forecast across the SWIS driving high Operational Demand, AEMO has declared Low Reserve Conditions (LRC) for the peak period on 20/01/2025 14:30- 20:30.The forecast condition level is Lack of Reserve 2 (LOR2).Market Participants are advised that during this LRC Declaration period:1. All generation Facilities are likely to receive a Dispatch Instruction.2. Facilities offering Essential System Services may be trapped at Enablement Maximum limits.3. Demand Side Programmes are likely to receive a Dispatch Instruction for maximum curtailment capacity.4. Supplementary Capacity (SC) is likely to be dispatched.5. Facilities should not be de-committed without first contacting the AEMO Control Room.6. AEMO may take further actions to manage Power System Security and Reliability as required.",AEMO may intervene (which constitutes an AEMO Intervention Event) and direct Participants to update Real-Time Market Submissions (RTMS) to resolve market shortfalls and maintain Power System Security and Reliability if:AEMO determines shortfalls are persistent and not resolved by 12:30 which may lead to a Satisfactory (and Not-Secure) Operating State.Sufficient capacity is not committed In-Service (with allowance for Start Decision Cutoff).Facilities are trapped at Enablement Maximum limits. AEMO will provide updates of any significant changes or amendments to the forecast Low Reserve Conditions.,Market Participants must contact the AEMO Control Room prior to any Facility decommitment within the LRC period.,"Monitor forecast Pre-Dispatch and Dispatch Market Schedules, and where Energy Market shortfalls are forecast, and a Facility is trapped at its high enablement limit with further energy capacity available, update Real-Time Market Submissions to prevent Trapezium Trapping.Please call AEMO on 1300 989 797 (Option 1) if further information is required.",Y,2025-01-21 13:09:30,Normal,,0 days 06:00:00
13,797,211237,2025-01-21 12:30:00,2025-01-21 20:30:00,2025-01-21 09:59:16,"Further to MA211236, in accordance with the WEM Procedure: Direction of Registered Facilities in Scarcity Conditions, AEMO has identified the following priority ESS providers through the LOR2 period:KWINANA_ESR1COLLIE_ESR1PINJAR_GT1PINJAR_GT2PINJAR_GT3PINJAR_GT4PINJAR_GT5PINJAR_GT7PINJAR_GT11Through this advisory AEMO is directing all other facilities to bid:Its full Reserve Capacity Obligation Quantity as In-Service capacityAll other Non ROCOF Control Service Essential System Service quantities to 0 MW For the duration of the LRC period identified under MA211236.These directions constitute an AEMO Intervention. ","Monitor system conditions and update the LRC period and/or directions accordingly.Monitor Market Schedules and facility offers for compliance with the directions.If re-bidding does not resolve the forecast LRC by 12:30, AEMO will further intervene via direction constraint equations to break Trapezium Trapping."," If not identified as a priority ESS provider, update RTMS as per AEMO directionPrepare site operations and facility configuration to account for any necessary lead time to comply with any Dispatch Instruction for all In-Service capacity.",Please call AEMO on 1300 989 797 (Option 1) if further information is required,N,,Normal,,0 days 08:00:00
14,798,211239,2025-01-21 11:25:00,2025-01-21 20:30:00,2025-01-21 13:08:49,"Further to Market Advisory 211236, due to heatwaves forecast across the SWIS driving high Operational Demand, AEMO has declared Low Reserve Conditions (LRC) for the peak period on 21/01/2025 11:25 - 20:30.The forecast condition level is Lack of Reserve 2 (LOR2).Market Participants are advised that during this LRC Declaration period:1. All generation Facilities are likely to receive a Dispatch Instruction.2. Facilities offering Essential System Services may be trapped at Enablement Maximum limits.3. Demand Side Programmes are likely to receive a Dispatch Instruction for maximum curtailment capacity.4. Supplementary Capacity (SC) is likely to be dispatched.5. Facilities should not be de-committed without first contacting the AEMO Control Room.6. AEMO may take further actions to manage Power System Security and Reliability as required.",AEMO may intervene (which constitutes an AEMO Intervention Event) and direct Participants to update Real-Time Market Submissions (RTMS) to resolve market shortfalls and maintain Power System Security and Reliability if:AEMO determines shortfalls are persistent and not resolved by 12:30 which may lead to a Satisfactory (and Not-Secure) Operating State.Sufficient capacity is not committed In-Service (with allowance for Start Decision Cutoff).Facilities are trapped at Enablement Maximum limits. AEMO will provide updates of any significant changes or amendments to the forecast Low Reserve Conditions.,Market Participants must contact the AEMO Control Room prior to any Facility decommitment within the LRC period.,"Monitor forecast Pre-Dispatch and Dispatch Market Schedules, and where Energy Market shortfalls are forecast, and a Facility is trapped at its high enablement limit with further energy capacity available, update Real-Time Market Submissions to prevent Trapezium Trapping.Please call AEMO on 1300 989 797 (Option 1) if further information is required.",N,,Normal,,0 days 09:05:00
15,804,211229,2025-01-20 15:30:00,2025-01-20 20:30:00,2025-01-20 15:18:50,"Further to MA211228, in accordance with the WEM Procedure: Direction of Registered Facilities in Scarcity Conditions, AEMO has identified the following priority ESS providers through the LOR2 period:KWINANA_ESR1COLLIE_ESR1PINJAR_GT1PINJAR_GT2PINJAR_GT3PINJAR_GT5PINJAR_GT7 PINJAR_G10PINJAR_G11Through this advisory AEMO is directing all other facilities to bid:Its full Reserve Capacity Obligation Quantity as In-Service capacityAll other Non ROCOF Control Service Essential System Service quantities to 0 MW For the duration of the LRC period identified under MA211228.These directions constitute an AEMO Intervention. ","Monitor system conditions and update the LRC period and/or directions accordingly.Monitor Market Schedules and facility offers for compliance with the directions.If re-bidding does not resolve the forecast LRC by 16:00, AEMO will further intervene via direction constraint equations to break Trapezium Trapping."," If not identified as a priority ESS provider, update RTMS as per AEMO directionPrepare site operations and facility configuration to account for any necessary lead time to comply with any Dispatch Instruction for all In-Service capacity.",Please call AEMO on 1300 989 797 (Option 1) if further information is required,Y,2025-01-20 20:55:30,Normal,,0 days 05:00:00
16,805,211228,2025-01-20 15:00:00,2025-01-20 21:30:00,2025-01-20 14:58:23,"Due to heatwaves forecast across the SWIS driving high Operational Demand, AEMO has declared Low Reserve Conditions (LRC) for the peak period on 20/01/2025 15:00 - 20:30.The forecast condition level is Lack of Reserve 2 (LOR2).Market Participants are advised that during this LRC Declaration period:1. All generation Facilities are likely to receive a Dispatch Instruction.2. Facilities offering Essential System Services may be trapped at Enablement Maximum limits.3. Demand Side Programmes are likely to receive a Dispatch Instruction for maximum curtailment capacity.4. Supplementary Capacity (SC) is likely to be dispatched.5. Facilities should not be de-committed without first contacting the AEMO Control Room.6. AEMO may take further actions to manage Power System Security and Reliability as required.",AEMO may intervene (which constitutes an AEMO Intervention Event) and direct Participants to update Real-Time Market Submissions (RTMS) to resolve market shortfalls and maintain Power System Security and Reliability if:AEMO determines shortfalls are persistent and not resolved by 15:00 which may lead to a Satisfactory (and Not-Secure) Operating State.Sufficient capacity is not committed In-Service (with allowance for Start Decision Cutoff).Facilities are trapped at Enablement Maximum limits. AEMO will provide updates of any significant changes or amendments to the forecast Low Reserve Conditions.,Monitor forecast Pre-Dispatch and Dispatch Schedules and update Real-Time Market Submission to reflect commitment intentions by:Committing maximum available capacity In-ServiceEnsuring forecast Dispatch Instructions clear minimum stable generation requirements of physical plantMarket Participants must contact the AEMO Control Room prior to any Facility decommitment within the LRC period.,"Monitor forecast Pre-Dispatch and Dispatch Market Schedules, and where Energy Market shortfalls are forecast, and a Facility is trapped at its high enablement limit with further energy capacity available, update Real-Time Market Submissions to prevent Trapezium Trapping.Please call AEMO on 1300 989 797 (Option 1) if further information is required.",Y,2025-01-20 21:34:00,Normal,,0 days 06:30:00
17,806,211227,2025-01-20 15:00:00,2025-01-20 21:30:00,2025-01-20 12:15:35,"Due to heatwaves forecast across the SWIS driving high Operational Demand, AEMO has declared Low Reserve Conditions (LRC) for the peak period on 20/01/2025 15:00 - 20:30.The forecast condition level is Lack of Reserve 1 (LOR1).Market Participants are advised that during this LRC Declaration period:1. All generation Facilities are likely to receive a Dispatch Instruction.2. Facilities offering Essential System Services may be trapped at Enablement Maximum limits.3. Facilities should not be de-committed without first contacting the AEMO Control Room.4. AEMO may take further actions to manage Power System Security and Reliability as required.",AEMO may intervene (which constitutes an AEMO Intervention Event) and direct Participants to update Real-Time Market Submissions (RTMS) to resolve market shortfalls and maintain Power System Security and Reliability if:AEMO determines shortfalls are persistent and not resolved by 15:00 which may lead to a Satisfactory (and Not-Secure) Operating State.Sufficient capacity is not committed In-Service (with allowance for Start Decision Cutoff).Facilities are trapped at Enablement Maximum limits. AEMO will provide updates of any significant changes or amendments to the forecast Low Reserve Conditions.,Market Participants must contact the AEMO Control Room prior to any Facility decommitment within the LRC period.,"Monitor forecast Pre-Dispatch and Dispatch Market Schedules, and where Energy Market shortfalls are forecast, and a Facility is trapped at its high enablement limit with further energy capacity available, update Real-Time Market Submissions to prevent Trapezium Trapping.Please call AEMO on 1300 989 797 (Option 1) if further information is required.",Y,2025-01-20 21:33:30,Normal,,0 days 06:30:00
18,810,211224,2025-01-16 08:30:00,2025-01-28 08:00:00,2025-01-16 09:41:05,"Due to high temperature forecasts and increased risk of LOR conditions, AEMO has requested return to service of MUJA_G6 under Reserve Outage Mode (ROM) through the period 20-Jan-2025 – 28-Jan-2025",Monitor system conditions and update this advisory with any change to the running periodConstrain the facility to a minimum of 120 MW through the running period,MP – Follow all Directions and Dispatch Instructions issued by AEMO. NO – No action required.,Review Market Schedules with MUJA_G6 in service.Please call AEMO on 1300 989 797 (Option 1) if further information is required,Y,2025-01-28 08:19:30,Normal,,11 days 23:30:00
19,830,211203,2024-12-31 01:15:00,2025-01-03 06:00:00,2024-12-31 09:58:46,"Due to high temperature forecasts and increased risk of LOR conditions, AEMO has requested return to service of MUJA_G6 under Reserve Outage Mode (ROM) through the period 31 Jan 2024 – 01-Jan-2025",Monitor system conditions and update this advisory with any change to the running periodConstrain the facility to a minimum of 120 MW through the running period,MP – Follow all Directions and Dispatch Instructions issued by AEMO. NO – No action required.,Review Market Schedules with MUJA_G6 in service.Please call AEMO on 1300 989 797 (Option 1) if further information is required,Y,2025-01-03 06:08:00,Normal,,3 days 04:45:00
20,844,211188,2024-12-22 01:20:00,2024-12-24 21:30:00,2024-12-22 10:01:28,"Due to high temperature forecasts and increased risk of LOR conditions, AEMO has requested return to service of MUJA_G6 under Reserve Outage Mode (ROM) through the period 22-Dec-2024 – 06-Jan-2025",Monitor system conditions and update this advisory with any change to the running periodConstrain the facility to a minimum of 120 MW through the running period,MP – Follow all Directions and Dispatch Instructions issued by AEMO. NO – No action required.,Review Market Schedules with MUJA_G6 in service.Please call AEMO on 1300 989 797 (Option 1) if further information is required,Y,2024-12-24 21:35:30,Normal,,2 days 20:10:00
21,869,211160,2024-12-11 15:00:00,2024-12-11 20:30:00,2024-12-11 10:44:07,"Due to heatwaves forecast across the SWIS driving high Operational Demand, AEMO has declared Low Reserve Conditions (LRC) for the peak period on 11/12/2024 15:00 - 20:30.The forecast condition level is Lack of Reserve 2 (LOR2).Market Participants are advised that during this LRC Declaration period:1. All generation Facilities are likely to receive a Dispatch Instruction.2. Facilities offering Essential System Services may be trapped at Enablement Maximum limits.3. Demand Side Programmes are likely to receive a Dispatch Instruction for maximum curtailment capacity.4. Supplementary Capacity (SC) is likely to be dispatched.5. Facilities should not be de-committed without first contacting the AEMO Control Room.6. AEMO may take further actions to manage Power System Security and Reliability as required.",AEMO may intervene (which constitutes an AEMO Intervention Event) and direct Participants to update Real-Time Market Submissions (RTMS) to resolve market shortfalls and maintain Power System Security and Reliability if:AEMO determines shortfalls are persistent and not resolved by 15:00 which may lead to a Satisfactory (and Not-Secure) Operating State.Sufficient capacity is not committed In-Service (with allowance for Start Decision Cutoff).Facilities are trapped at Enablement Maximum limits. AEMO will provide updates of any significant changes or amendments to the forecast Low Reserve Conditions.,Monitor forecast Pre-Dispatch and Dispatch Schedules and update Real-Time Market Submission to reflect commitment intentions by:Committing maximum available capacity In-ServiceEnsuring forecast Dispatch Instructions clear minimum stable generation requirements of physical plantMarket Participants must contact the AEMO Control Room prior to any Facility decommitment within the LRC period.,"Monitor forecast Pre-Dispatch and Dispatch Market Schedules, and where Energy Market shortfalls are forecast, and a Facility is trapped at its high enablement limit with further energy capacity available, update Real-Time Market Submissions to prevent Trapezium Trapping.Please call AEMO on 1300 989 797 (Option 1) if further information is required.",Y,2024-12-11 20:33:30,Normal,,0 days 05:30:00
22,872,211162,2024-12-11 12:20:00,2024-12-13 09:00:00,2024-12-11 12:21:39,"Due to high temperature forecasts and increased risk of LOR conditions, AEMO has requested return to service of MUJA_G6 under Reserve Outage Mode (ROM) through the period 11-Dec-2024 – 13-Dec-2024",Monitor system conditions and update this advisory with any change to the running periodConstrain the facility to a minimum of 120 MW through the running period,MP – Follow all Directions and Dispatch Instructions issued by AEMO. NO – No action required.,Review Market Schedules with MUJA_G6 in service.Please call AEMO on 1300 989 797 (Option 1) if further information is required,Y,2024-12-13 09:03:00,Normal,,1 days 20:40:00
23,873,211158,2024-12-10 12:25:00,,2024-12-10 12:24:38,"Due to heatwaves forecast across the SWIS driving high Operational Demand, AEMO has declared Low Reserve Conditions (LRC) for the peak period on 10/12/2024 15:00 - 20:30.The forecast condition level is Lack of Reserve 2 (LOR2).Market Participants are advised that during this LRC Declaration period:1. All generation Facilities are likely to receive a Dispatch Instruction.2. Facilities offering Essential System Services may be trapped at Enablement Maximum limits.3. Demand Side Programmes are likely to receive a Dispatch Instruction for maximum curtailment capacity.4. Supplementary Capacity (SC) is likely to be dispatched.5. Facilities should not be de-committed without first contacting the AEMO Control Room.6. AEMO may take further actions to manage Power System Security and Reliability as required.",AEMO may intervene (which constitutes an AEMO Intervention Event) and direct Participants to update Real-Time Market Submissions (RTMS) to resolve market shortfalls and maintain Power System Security and Reliability if:AEMO determines shortfalls are persistent and not resolved by HH:MM which may lead to a Satisfactory (and Not-Secure) Operating State.Sufficient capacity is not committed In-Service (with allowance for Start Decision Cutoff).Facilities are trapped at Enablement Maximum limits. AEMO will provide updates of any significant changes or amendments to the forecast Low Reserve Conditions.,Monitor forecast Pre-Dispatch and Dispatch Schedules and update Real-Time Market Submission to reflect commitment intentions by:Committing maximum available capacity In-ServiceEnsuring forecast Dispatch Instructions clear minimum stable generation requirements of physical plantMarket Participants must contact the AEMO Control Room prior to any Facility decommitment within the LRC period.,"Monitor forecast Pre-Dispatch and Dispatch Market Schedules, and where Energy Market shortfalls are forecast, and a Facility is trapped at its high enablement limit with further energy capacity available, update Real-Time Market Submissions to prevent Trapezium Trapping.Please call AEMO on 1300 989 797 (Option 1) if further information is required.",N,,Normal,,
24,972,210995,2024-09-28 03:55:00,2024-11-08 20:00:00,2024-09-28 04:27:01, AEMO has declared Low Reserve Conditions (LRC) for the period between the 28 Sep 2024 through to at least the 31 Oct 2024. The conditions are forecast to be between Lack of Reserve 1 and 2 (LOR 1/2). Market Participants are advised that during this LRC Declaration period (typically at peak): All generation Facilities are likely to receive a Dispatch Instruction. Facilities offering Essential System Services may be trapped at Enablement Maximum limits. Facilities should not be de-committed without first contacting the AEMO Control Room.AEMO may take further actions to manage Power System security and Reliability as required. AEMO may be required to implement an Intervention Event to ensure: Sufficient capacity is committed In-Service (with allowance for Start Decision Cutoff); and Facilities are not trapped at Enablement Maximum limits. Power System Security and Reliability through other actions as required. ,"Constrain on MUJA_G6 to a minimum of 120MW. Provide updates of any significant changes or amendments to the forecast Low Reserve Conditions. If market conditions do not resolve the LRC conditions, implement an AEMO Intervention Event to maintain Power System Security and Reliability. ",Follow all Dispatch Instructions issued by AEMO.,Please call AEMO on 1300 989 797 (Option 1) if further information is required.,Y,2024-11-08 20:04:30,Normal,,41 days 16:05:00
25,1022,210887,2024-08-04 16:30:00,2024-08-04 20:30:00,2024-08-04 09:34:16,"Due to scheduled and unscheduled generation outages and low forecast wind availability, AEMO has declared Low Reserve Conditions (LRC) for the peak period 04/08/2024, 16:30 - 20:30.The forecast condition level is Lack of Reserve 1 (LOR 1)Market Participants are advised that during this LRC Declaration period: All generation Facilities are likely to receive a Dispatch Instruction Facilities offering Essential System Services may be trapped at Enablement Maximum limits. Facilities should not be de-committed without first contacting the AEMO Control Room AEMO may take further actions to manage Power System security and Reliability as required. AEMO may be required to implement an Intervention Event to ensure: Sufficient capacity is committed In-Service (with allowance for Start Decision Cutoff); and Facilities are not trapped at Enablement Maximum limits. Power System Security and Reliability through other actions as required. "," Provide updates of any significant changes or amendments to the forecast Low Reserve Conditions. If market conditions do not resolve the LRC conditions, implement an AEMO Intervention Event to maintain Power System Security and Reliability. ",Monitor forecast Pre-Dispatch and Dispatch Schedules and update Real-Time Market Submission to reflect commitment intentions by: Committing maximum available capacity In-ServiceEnsuring forecast Dispatch Instructions clear minimum stable generation requirements of physical plant Market Participants must contact the AEMO Control Room prior to any facility decommitment within the LRC period.,"Monitor forecast Pre-Dispatch and Dispatch Market Schedules, and where Energy Market shortfalls are forecast, and a Facility is trapped at its high enablement limit with further energy capacity available, update Real-Time Market Submissions to prevent enablement trapping. ",N,,Normal,,0 days 04:00:00
26,1028,210880,2024-08-01 16:30:00,2024-08-01 20:30:00,2024-08-01 08:51:35,"Due to scheduled and unscheduled generation outages and low forecast wind availability, AEMO has declared Low Reserve Conditions (LRC) for the peak period 01/08/2024, 16:30 - 20:30.The forecast condition level is Lack of Reserve 1 (LOR 1)Market Participants are advised that during this LRC Declaration period: All generation Facilities are likely to receive a Dispatch Instruction Facilities offering Essential System Services may be trapped at Enablement Maximum limits. Facilities should not be de-committed without first contacting the AEMO Control Room AEMO may take further actions to manage Power System security and Reliability as required. AEMO may be required to implement an Intervention Event to ensure: Sufficient capacity is committed In-Service (with allowance for Start Decision Cutoff); and Facilities are not trapped at Enablement Maximum limits. Power System Security and Reliability through other actions as required. "," Provide updates of any significant changes or amendments to the forecast Low Reserve Conditions. If market conditions do not resolve the LRC conditions, implement an AEMO Intervention Event to maintain Power System Security and Reliability. ",Monitor forecast Pre-Dispatch and Dispatch Schedules and update Real-Time Market Submission to reflect commitment intentions by: Committing maximum available capacity In-ServiceEnsuring forecast Dispatch Instructions clear minimum stable generation requirements of physical plant Market Participants must contact the AEMO Control Room prior to any facility decommitment within the LRC period.,"Monitor forecast Pre-Dispatch and Dispatch Market Schedules, and where Energy Market shortfalls are forecast, and a Facility is trapped at its high enablement limit with further energy capacity available, update Real-Time Market Submissions to prevent enablement trapping. ",N,,Normal,,0 days 04:00:00
27,1073,210818,2024-06-25 16:30:00,2024-06-25 20:30:00,2024-06-25 10:23:30,"Due to scheduled generation outages and low forecast wind availability, AEMO has declared Low Reserve Conditions (LRC) for the peak period 25/06/2024, 16:30 - 20:30.The forecast condition level is Lack of Reserve 1 (LOR 1)Market Participants are advised that during this LRC Declaration period: All generation Facilities are likely to receive a Dispatch Instruction Facilities offering Essential System Services may be trapped at Enablement Maximum limits. Facilities should not be de-committed without first contacting the AEMO Control Room AEMO may take further actions to manage Power System security and Reliability as required. AEMO may be required to implement an Intervention Event to ensure: Sufficient capacity is committed In-Service (with allowance for Start Decision Cutoff); and Facilities are not trapped at Enablement Maximum limits. Power System Security and Reliability through other actions as required. "," Provide updates of any significant changes or amendments to the forecast Low Reserve Conditions. If market conditions do not resolve the LRC conditions, implement an AEMO Intervention Event to maintain Power System Security and Reliability. ",Monitor forecast Pre-Dispatch and Dispatch Schedules and update Real-Time Market Submission to reflect commitment intentions by: Committing maximum available capacity In-ServiceEnsuring forecast Dispatch Instructions clear minimum stable generation requirements of physical plant Market Participants must contact the AEMO Control Room prior to any facility decommitment within the LRC period.,"Monitor forecast Pre-Dispatch and Dispatch Market Schedules, and where Energy Market shortfalls are forecast, and a Facility is trapped at its high enablement limit with further energy capacity available, update Real-Time Market Submissions to prevent enablement trapping. ",N,,Normal,,0 days 04:00:00
28,1090,210795,2024-06-13 16:00:00,2024-06-13 18:00:00,2024-06-13 10:06:36,"Correction to market advisory 210794, change in start time amended. Due to scheduled generation outages and low forecast wind availability, AEMO has declared Low Reserve Conditions (LRC) for the peak period 2024-June 13, 16:00 – 20:00.The forecast condition level is Lack of Reserve 1 (LOR 1)Market Participants are advised that during this LRC Declaration period: All generation Facilities are likely to receive a Dispatch Instruction Facilities offering Essential System Services may be trapped at Enablement Maximum limits. Facilities should not be de-committed without first contacting the AEMO Control Room AEMO may take further actions to manage Power System security and Reliability as required. AEMO may be required to implement an Intervention Event to ensure: Sufficient capacity is committed In-Service (with allowance for Start Decision Cutoff); and Facilities are not trapped at Enablement Maximum limits. Power System Security and Reliability through other actions as required. "," Provide updates of any significant changes or amendments to the forecast Low Reserve Conditions. If market conditions do not resolve the LRC conditions, implement an AEMO Intervention Event to maintain Power System Security and Reliability. ",Monitor forecast Pre-Dispatch and Dispatch Schedules and update Real-Time Market Submission to reflect commitment intentions by: Committing maximum available capacity In-ServiceEnsuring forecast Dispatch Instructions clear minimum stable generation requirements of physical plant Market Participants must contact the AEMO Control Room prior to any facility decommitment within the LRC period.,Monitor forecast Pre-Dispatch and Dispatch Market Schedules and update and where: Energy market shortfalls are forecast; and A facility is trapped at its high enablement limit with further energy capacity available. Update Real-Time Market Submission to prevent enablement trapping. ,Y,2024-06-13 18:03:30,Normal,,0 days 02:00:00
29,1091,210794,2024-06-13 08:20:00,2024-06-13 09:30:00,2024-06-13 08:18:04,"Due to scheduled generation outages and low forecast wind availability, AEMO has declared Low Reserve Conditions (LRC) for the peak period 2024-June 13, 16:00 – 20:00.The forecast condition level is Lack of Reserve 1 (LOR 1)Market Participants are advised that during this LRC Declaration period: All generation Facilities are likely to receive a Dispatch Instruction Facilities offering Essential System Services may be trapped at Enablement Maximum limits. Facilities should not be de-committed without first contacting the AEMO Control Room AEMO may take further actions to manage Power System security and Reliability as required. AEMO may be required to implement an Intervention Event to ensure: Sufficient capacity is committed In-Service (with allowance for Start Decision Cutoff); and Facilities are not trapped at Enablement Maximum limits. Power System Security and Reliability through other actions as required. "," Provide updates of any significant changes or amendments to the forecast Low Reserve Conditions. If market conditions do not resolve the LRC conditions, implement an AEMO Intervention Event to maintain Power System Security and Reliability. ",Monitor forecast Pre-Dispatch and Dispatch Schedules and update Real-Time Market Submission to reflect commitment intentions by: Committing maximum available capacity In-ServiceEnsuring forecast Dispatch Instructions clear minimum stable generation requirements of physical plant Market Participants must contact the AEMO Control Room prior to any facility decommitment within the LRC period.,Monitor forecast Pre-Dispatch and Dispatch Market Schedules and update and where: Energy market shortfalls are forecast; and A facility is trapped at its high enablement limit with further energy capacity available. Update Real-Time Market Submission to prevent enablement trapping. ,Y,2024-06-13 09:58:30,Normal,,0 days 01:10:00
30,1097,210772,2024-06-12 07:50:00,2024-06-12 20:00:00,2024-06-12 07:48:48,"Due to scheduled generation outages and low forecast wind availability, AEMO has declared Low Reserve Conditions (LRC) for the peak period 2024-June 12, 16:00 – 20:00.The forecast condition level is Lack of Reserve 1 (LOR 1)Market Participants are advised that during this LRC Declaration period: All generation Facilities are likely to receive a Dispatch Instruction Facilities offering Essential System Services may be trapped at Enablement Maximum limits. Facilities should not be de-committed without first contacting the AEMO Control Room AEMO may take further actions to manage Power System security and Reliability as required. AEMO may be required to implement an Intervention Event to ensure: Sufficient capacity is committed In-Service (with allowance for Start Decision Cutoff); and Facilities are not trapped at Enablement Maximum limits. Power System Security and Reliability through other actions as required. "," Provide updates of any significant changes or amendments to the forecast Low Reserve Conditions. If market conditions do not resolve the LRC conditions, implement an AEMO Intervention Event to maintain Power System Security and Reliability. ",Monitor forecast Pre-Dispatch and Dispatch Schedules and update Real-Time Market Submission to reflect commitment intentions by: Committing maximum available capacity In-ServiceEnsuring forecast Dispatch Instructions clear minimum stable generation requirements of physical plant Market Participants must contact the AEMO Control Room prior to any facility decommitment within the LRC period.,Monitor forecast Pre-Dispatch and Dispatch Market Schedules and update and where: Energy market shortfalls are forecast; and A facility is trapped at its high enablement limit with further energy capacity available. Update Real-Time Market Submission to prevent enablement trapping. ,N,,Normal,,0 days 12:10:00
31,1098,210753,2024-06-11 07:45:00,2024-06-11 20:00:00,2024-06-11 07:44:31,"Due to scheduled generation outages and low forecast wind availability, AEMO has declared Low Reserve Conditions (LRC) for the peak period 2024-June 11, 16:00 – 20:00.The forecast condition level is Lack of Reserve 1 (LOR 1)Market Participants are advised that during this LRC Declaration period: All generation Facilities are likely to receive a Dispatch Instruction Facilities offering Essential System Services may be trapped at Enablement Maximum limits. Facilities should not be de-committed without first contacting the AEMO Control Room AEMO may take further actions to manage Power System security and Reliability as required. AEMO may be required to implement an Intervention Event to ensure: Sufficient capacity is committed In-Service (with allowance for Start Decision Cutoff); and Facilities are not trapped at Enablement Maximum limits. Power System Security and Reliability through other actions as required. "," Provide updates of any significant changes or amendments to the forecast Low Reserve Conditions. If market conditions do not resolve the LRC conditions, implement an AEMO Intervention Event to maintain Power System Security and Reliability. ",Monitor forecast Pre-Dispatch and Dispatch Schedules and update Real-Time Market Submission to reflect commitment intentions by: Committing maximum available capacity In-ServiceEnsuring forecast Dispatch Instructions clear minimum stable generation requirements of physical plant Market Participants must contact the AEMO Control Room prior to any facility decommitment within the LRC period.,Monitor forecast Pre-Dispatch and Dispatch Market Schedules and update and where: Energy market shortfalls are forecast; and A facility is trapped at its high enablement limit with further energy capacity available. Update Real-Time Market Submission to prevent enablement trapping. ,N,,Normal,,0 days 12:15:00
32,1099,210752,2024-06-11 07:30:00,2024-06-11 20:00:00,2024-06-11 07:28:11,"Due to scheduled generation outages and low forecast wind availability, AEMO has declared Low Reserve Conditions (LRC) for the peak period 2024-June 11, 16:00 – 20:00.The forecast condition level is Lack of Reserve 1 (LOR 1)Market Participants are advised that during this LRC Declaration period: All generation Facilities are likely to receive a Dispatch Instruction Facilities offering Essential System Services may be trapped at Enablement Maximum limits. Facilities should not be de-committed without first contacting the AEMO Control Room AEMO may take further actions to manage Power System security and Reliability as required. AEMO may be required to implement an Intervention Event to ensure: Sufficient capacity is committed In-Service (with allowance for Start Decision Cutoff); and Facilities are not trapped at Enablement Maximum limits. Power System Security and Reliability through other actions as required. "," Provide updates of any significant changes or amendments to the forecast Low Reserve Conditions. If market conditions do not resolve the LRC conditions, implement an AEMO Intervention Event to maintain Power System Security and Reliability. ",Monitor forecast Pre-Dispatch and Dispatch Schedules and update Real-Time Market Submission to reflect commitment intentions by: Committing maximum available capacity In-ServiceEnsuring forecast Dispatch Instructions clear minimum stable generation requirements of physical plant Market Participants must contact the AEMO Control Room prior to any facility decommitment within the LRC period.,Monitor forecast Pre-Dispatch and Dispatch Market Schedules and update and where: Energy market shortfalls are forecast; and A facility is trapped at its high enablement limit with further energy capacity available. Update Real-Time Market Submission to prevent enablement trapping. ,N,,Normal,,0 days 12:30:00
33,1100,210734,2024-06-10 16:00:00,2024-06-10 20:00:00,2024-06-10 08:48:03,"Due to scheduled generation outages and low forecast wind availability, AEMO has declared Low Reserve Conditions (LRC) for the peak period 2024-Jan-13, 16:00 – 20:00.The forecast condition level is Lack of Reserve 1 (LOR 1)Market Participants are advised that during this LRC Declaration period: All generation Facilities are likely to receive a Dispatch Instruction Facilities offering Essential System Services may be trapped at Enablement Maximum limits. Facilities should not be de-committed without first contacting the AEMO Control Room AEMO may take further actions to manage Power System security and Reliability as required. AEMO may be required to implement an Intervention Event to ensure: Sufficient capacity is committed In-Service (with allowance for Start Decision Cutoff); and Facilities are not trapped at Enablement Maximum limits. Power System Security and Reliability through other actions as required. "," Provide updates of any significant changes or amendments to the forecast Low Reserve Conditions. If market conditions do not resolve the LRC conditions, implement an AEMO Intervention Event to maintain Power System Security and Reliability. ",Monitor forecast Pre-Dispatch and Dispatch Schedules and update Real-Time Market Submission to reflect commitment intentions by: Committing maximum available capacity In-ServiceEnsuring forecast Dispatch Instructions clear minimum stable generation requirements of physical plant Market Participants must contact the AEMO Control Room prior to any facility decommitment within the LRC period.,Monitor forecast Pre-Dispatch and Dispatch Market Schedules and update and where: Energy market shortfalls are forecast; and A facility is trapped at its high enablement limit with further energy capacity available. Update Real-Time Market Submission to prevent enablement trapping. ,N,,Normal,,0 days 04:00:00
34,1106,210696,2024-06-04 09:15:00,2024-06-04 20:00:00,2024-06-04 09:20:29,"Due to forced outages on COCKBURN_CCG1 and low forecast Semi-Scheduled generation, AEMO has declared Low Reserve Conditions (LRC) for the peak period 2024-June 4, 16:30 – 19:30.The forecast condition level is Lack of Reserve 1 (LOR 1)Market Participants are advised that during this LRC Declaration period: All generation Facilities are likely to receive a Dispatch Instruction Facilities offering Essential System Services may be trapped at Enablement Maximum limits. Facilities should not be de-committed without first contacting the AEMO Control Room AEMO may take further actions to manage Power System security and Reliability as required. AEMO may be required to implement an Intervention Event to ensure: Sufficient capacity is committed In-Service (with allowance for Start Decision Cutoff); and Facilities are not trapped at Enablement Maximum limits. Power System Security and Reliability through other actions as required. "," Provide updates of any significant changes or amendments to the forecast Low Reserve Conditions. If market conditions do not resolve the LRC conditions, implement an AEMO Intervention Event to maintain Power System Security and Reliability. ",Monitor forecast Pre-Dispatch and Dispatch Schedules and update Real-Time Market Submission to reflect commitment intentions by: Committing maximum available capacity In-ServiceEnsuring forecast Dispatch Instructions clear minimum stable generation requirements of physical plant Market Participants must contact the AEMO Control Room prior to any facility decommitment within the LRC period.,Monitor forecast Pre-Dispatch and Dispatch Market Schedules and update and where: Energy market shortfalls are forecast; and A facility is trapped at its high enablement limit with further energy capacity available. Update Real-Time Market Submission to prevent enablement trapping. ,Y,2024-06-04 20:00:30,Normal,,0 days 10:45:00
35,1125,210654,2024-05-23 16:30:00,2024-05-23 19:30:00,2024-05-23 10:35:51,"Due to forced outages on MUJA _G6 and BW1_BLUEWATERS_G2, AEMO has declared Low Reserve Conditions (LRC) for the peak period 2024-May-23, 16:30 – 19:30.The forecast condition level is Lack of Reserve 1 (LOR 1)Market Participants are advised that during this LRC Declaration period: All generation Facilities are likely to receive a Dispatch Instruction Facilities offering Essential System Services may be trapped at Enablement Maximum limits. Facilities should not be de-committed without first contacting the AEMO Control Room AEMO may take further actions to manage Power System security and Reliability as required. AEMO may be required to implement an Intervention Event to ensure: Sufficient capacity is committed In-Service (with allowance for Start Decision Cutoff); and Facilities are not trapped at Enablement Maximum limits. Power System Security and Reliability through other actions as required. "," Provide updates of any significant changes or amendments to the forecast Low Reserve Conditions. If market conditions do not resolve the LRC conditions, implement an AEMO Intervention Event to maintain Power System Security and Reliability. ",Monitor forecast Pre-Dispatch and Dispatch Schedules and update Real-Time Market Submission to reflect commitment intentions by: Committing maximum available capacity In-ServiceEnsuring forecast Dispatch Instructions clear minimum stable generation requirements of physical plant Market Participants must contact the AEMO Control Room prior to any facility de commitment within the LRC period.,Monitor forecast Pre-Dispatch and Dispatch Market Schedules and update and where: Energy market shortfalls are forecast; and A facility is trapped at its high enablement limit with further energy capacity available. Update Real-Time Market Submission to prevent enablement trapping. ,N,,Normal,,0 days 03:00:00
36,1129,210647,2024-05-22 16:30:00,2024-05-22 19:30:00,2024-05-22 09:41:29,"Due to forced outages on MUJA _G6 and BW1_BLUEWATERS_G2, AEMO has declared Low Reserve Conditions (LRC) for the peak period 2024-May-22, 16:30 – 19:30.The forecast condition level is Lack of Reserve 1 (LOR 1)Market Participants are advised that during this LRC Declaration period: All generation Facilities are likely to receive a Dispatch Instruction Facilities offering Essential System Services may be trapped at Enablement Maximum limits. Facilities should not be de-committed without first contacting the AEMO Control Room AEMO may take further actions to manage Power System security and Reliability as required. AEMO may be required to implement an Intervention Event to ensure: Sufficient capacity is committed In-Service (with allowance for Start Decision Cutoff); and Facilities are not trapped at Enablement Maximum limits. Power System Security and Reliability through other actions as required. "," Provide updates of any significant changes or amendments to the forecast Low Reserve Conditions. If market conditions do not resolve the LRC conditions, implement an AEMO Intervention Event to maintain Power System Security and Reliability. ",Monitor forecast Pre-Dispatch and Dispatch Schedules and update Real-Time Market Submission to reflect commitment intentions by: Committing maximum available capacity In-ServiceEnsuring forecast Dispatch Instructions clear minimum stable generation requirements of physical plant Market Participants must contact the AEMO Control Room prior to any facility de commitment within the LRC period.,Monitor forecast Pre-Dispatch and Dispatch Market Schedules and update and where: Energy market shortfalls are forecast; and A facility is trapped at its high enablement limit with further energy capacity available. Update Real-Time Market Submission to prevent enablement trapping. ,N,,Normal,,0 days 03:00:00
37,1132,210641,2024-05-21 16:30:00,2024-05-21 19:30:00,2024-05-21 10:38:50,"Due to forced outages on MUJA _G6 and BW1_BLUEWATERS_G2 , AEMO has declared Low Reserve Conditions (LRC) for the peak period 2024-May-21, 16:30 – 19:30.The forecast condition level is Lack of Reserve 1 (LOR 1)Market Participants are advised that during this LRC Declaration period: All generation Facilities are likely to receive a Dispatch Instruction Facilities offering Essential System Services may be trapped at Enablement Maximum limits. Facilities should not be de-committed without first contacting the AEMO Control Room AEMO may take further actions to manage Power System security and Reliability as required. AEMO may be required to implement an Intervention Event to ensure: Sufficient capacity is committed In-Service (with allowance for Start Decision Cutoff); and Facilities are not trapped at Enablement Maximum limits. Power System Security and Reliability through other actions as required. "," Provide updates of any significant changes or amendments to the forecast Low Reserve Conditions. If market conditions do not resolve the LRC conditions, implement an AEMO Intervention Event to maintain Power System Security and Reliability. ",Monitor forecast Pre-Dispatch and Dispatch Schedules and update Real-Time Market Submission to reflect commitment intentions by: Committing maximum available capacity In-ServiceEnsuring forecast Dispatch Instructions clear minimum stable generation requirements of physical plant Market Participants must contact the AEMO Control Room prior to any facility de commitment within the LRC period.,Monitor forecast Pre-Dispatch and Dispatch Market Schedules and update and where: Energy market shortfalls are forecast; and A facility is trapped at its high enablement limit with further energy capacity available. Update Real-Time Market Submission to prevent enablement trapping. ,N,,Normal,,0 days 03:00:00
38,1135,210633,2024-05-20 16:00:00,2024-05-20 18:30:00,2024-05-20 12:25:34,"Due to forced outages on MUJA _G6 and BW1_BLUEWATERS_G2 , AEMO has declared Low Reserve Conditions (LRC) for the peak period 2024-May-20, 16:00 – 19:00.The forecast condition level is Lack of Reserve 1 (LOR 1)Market Participants are advised that during this LRC Declaration period: All generation Facilities are likely to receive a Dispatch Instruction Facilities offering Essential System Services may be trapped at Enablement Maximum limits. Facilities should not be de-committed without first contacting the AEMO Control Room AEMO may take further actions to manage Power System security and Reliability as required. AEMO may be required to implement an Intervention Event to ensure: Sufficient capacity is committed In-Service (with allowance for Start Decision Cutoff); and Facilities are not trapped at Enablement Maximum limits. Power System Security and Reliability through other actions as required. "," Provide updates of any significant changes or amendments to the forecast Low Reserve Conditions. If market conditions do not resolve the LRC conditions, implement an AEMO Intervention Event to maintain Power System Security and Reliability. ",Monitor forecast Pre-Dispatch and Dispatch Schedules and update Real-Time Market Submission to reflect commitment intentions by: Committing maximum available capacity In-ServiceEnsuring forecast Dispatch Instructions clear minimum stable generation requirements of physical plant Market Participants must contact the AEMO Control Room prior to any facility decommitment within the LRC period.,Monitor forecast Pre-Dispatch and Dispatch Market Schedules and update and where: Energy market shortfalls are forecast; and A facility is trapped at its high enablement limit with further energy capacity available. Update Real-Time Market Submission to prevent enablement trapping. ,Y,2024-05-20 18:38:00,Normal,,0 days 02:30:00
39,1136,210632,2024-05-20 16:00:00,2024-10-25 08:00:00,2024-05-20 12:15:00,"Due to forced outages on MUJA _G6 and BW1_BLUEWATERS_G2 , AEMO has declared Low Reserve Conditions (LRC) for the peak period 2024-May-20, 16:00 – 19:00.The forecast condition level is Lack of Reserve 1 (LOR 1)Market Participants are advised that during this LRC Declaration period: All generation Facilities are likely to receive a Dispatch Instruction Facilities offering Essential System Services may be trapped at Enablement Maximum limits. Facilities should not be de-committed without first contacting the AEMO Control Room AEMO may take further actions to manage Power System security and Reliability as required. AEMO may be required to implement an Intervention Event to ensure: Sufficient capacity is committed In-Service (with allowance for Start Decision Cutoff); and Facilities are not trapped at Enablement Maximum limits. Power System Security and Reliability through other actions as required. "," Provide updates of any significant changes or amendments to the forecast Low Reserve Conditions. If market conditions do not resolve the LRC conditions, implement an AEMO Intervention Event to maintain Power System Security and Reliability. ",Monitor forecast Pre-Dispatch and Dispatch Schedules and update Real-Time Market Submission to reflect commitment intentions by: Committing maximum available capacity In-ServiceEnsuring forecast Dispatch Instructions clear minimum stable generation requirements of physical plant Market Participants must contact the AEMO Control Room prior to any facility decommitment within the LRC period.,Monitor forecast Pre-Dispatch and Dispatch Market Schedules and update and where: Energy market shortfalls are forecast; and A facility is trapped at its high enablement limit with further energy capacity available. Update Real-Time Market Submission to prevent enablement trapping. ,Y,2024-10-25 08:15:30,Normal,,157 days 16:00:00
40,1182,210437,2024-03-07 16:00:00,2024-03-07 20:00:00,2024-03-07 12:24:44,"Due to heatwave forecast across the SWIS driving high Operational Demand, AEMO has declared Low Reserve Conditions (LRC) for the peak period 2024-Mar-07, 16:00 – 20:00.The forecast condition level is Lack of Reserve 1 (LOR 1)Market Participants are advised that during this LRC Declaration period: All generation Facilities are likely to receive a Dispatch Instruction Facilities offering Essential System Services may be trapped at Enablement Maximum limits. Facilities should not be de-committed without first contacting the AEMO Control Room AEMO may take further actions to manage Power System security and Reliability as required. AEMO may be required to implement an Intervention Event to ensure: Sufficient capacity is committed In-Service (with allowance for Start Decision Cutoff); and Facilities are not trapped at Enablement Maximum limits. Power System Security and Reliability through other actions as required. "," Provide updates of any significant changes or amendments to the forecast Low Reserve Conditions. If market conditions do not resolve the LRC conditions, implement an AEMO Intervention Event to maintain Power System Security and Reliability. ",Monitor forecast Pre-Dispatch and Dispatch Schedules and update Real-Time Market Submission to reflect commitment intentions by: Committing maximum available capacity In-ServiceEnsuring forecast Dispatch Instructions clear minimum stable generation requirements of physical plant Market Participants must contact the AEMO Control Room prior to any facility decommitment within the LRC period.,Monitor forecast Pre-Dispatch and Dispatch Market Schedules and update and where: Energy market shortfalls are forecast; and A facility is trapped at its high enablement limit with further energy capacity available. Update Real-Time Market Submission to prevent enablement trapping. ,N,,Normal,,0 days 04:00:00
41,1183,210439,2024-03-07 16:00:00,2024-03-07 20:00:00,2024-03-07 13:54:32,"Due to:current heatwave forecast across the SWIS driving high Operational Demand.the current Forced Outage of COLLIE_G1 AEMO has declared Low Reserve Conditions (LRC) for the peak period 2024-Mar-07 16:00 – 20:00.The forecast condition level is Lack of Reserve 2 (LOR2)On the basis of COLLIE_G1 not returning to service by 16:00, AEMO forecasts LOR3. Market Participants are advised that during this LRC Declaration period:1.	All generation Facilities are likely to receive a Dispatch Instruction2.	Facilities offering Essential System Services may be trapped at Enablement Maximum limits.3.	Demand Side Programs are likely to receive a Dispatch Instruction for maximum curtailment capacity.4.	Supplementary Reserve Capacity (SRC) is likely to be dispatched5.	Facilities should not be de-committed without first contacting the AEMO Control Room6.	AEMO may take further actions to manage Power System security and Reliability as required.If forecast energy shortfalls are not resolved by 15:00, AEMO may be required to implement an AEMO Intervention Event to ensure:•	Sufficient capacity is committed In-Service (with allowance for Start Decision Cutoff); and•	Facilities are not trapped at Enablement Maximum limits.Power System Security and Reliability through other actions as required."," Provide updates of any significant changes or amendments to the forecast Low Reserve Conditions. If market conditions do not resolve the LRC conditions, implement an AEMO Intervention Event to maintain Power System Security and Reliability. ",Monitor forecast Pre-Dispatch and Dispatch Schedules and update Real-Time Market Submission to reflect commitment intentions by: Committing maximum available capacity In-ServiceEnsuring forecast Dispatch Instructions clear minimum stable generation requirements of physical plant Market Participants must contact the AEMO Control Room prior to any facility decommitment within the LRC period.,Monitor forecast Pre-Dispatch and Dispatch Market Schedules and update and where: Energy market shortfalls are forecast; and A facility is trapped at its high enablement limit with further energy capacity available. Update Real-Time Market Submission to prevent enablement trapping. ,N,,Normal,,0 days 04:00:00
42,1208,210413,2024-02-23 15:00:00,2024-02-23 20:30:00,2024-02-23 09:45:35,"Due to heatwaves forecast across the SWIS driving high Operational Demand, AEMO has declared Low Reserve Conditions (LRC) for the peak period 2024-Feb-23 15:00 – 20:30.The forecast condition level is Lack of Reserve 2 (LOR2)Market Participants are advised that during this LRC Declaration period:1.	All generation Facilities are likely to receive a Dispatch Instruction2.	Facilities offering Essential System Services may be trapped at Enablement Maximum limits.3.	Demand Side Programs are likely to receive a Dispatch Instruction for maximum curtailment capacity.4.	Supplementary Reserve Capacity (SRC) is likely to be dispatched5.	Facilities should not be de-committed without first contacting the AEMO Control Room6.	AEMO may take further actions to manage Power System security and Reliability as required.If forecast energy shortfalls are not resolved by 15:00, AEMO may be required to implement an AEMO Intervention Event to ensure:•	Sufficient capacity is committed In-Service (with allowance for Start Decision Cutoff); and•	Facilities are not trapped at Enablement Maximum limits.Power System Security and Reliability through other actions as required."," Provide updates of any significant changes or amendments to the forecast Low Reserve Conditions. If market conditions do not resolve the LRC conditions, implement an AEMO Intervention Event to maintain Power System Security and Reliability. ",Monitor forecast Pre-Dispatch and Dispatch Schedules and update Real-Time Market Submission to reflect commitment intentions by: Committing maximum available capacity In-ServiceEnsuring forecast Dispatch Instructions clear minimum stable generation requirements of physical plant Market Participants must contact the AEMO Control Room prior to any facility decommitment within the LRC period.,Monitor forecast Pre-Dispatch and Dispatch Market Schedules and update and where: Energy market shortfalls are forecast; and A facility is trapped at its high enablement limit with further energy capacity available. Update Real-Time Market Submission to prevent enablement trapping. ,N,,Normal,,0 days 05:30:00
43,1213,210409,2024-02-20 15:00:00,2024-02-20 20:30:00,2024-02-20 11:40:25,"Due to heatwaves forecast across the SWIS driving high Operational Demand, AEMO has declared Low Reserve Conditions (LRC) for the peak period 20-Feb-2024 15:00 – 20:30.The forecast condition level is Lack of Reserve 2 (LOR2)Market Participants are advised that during this LRC Declaration period:1.	All generation Facilities are likely to receive a Dispatch Instruction2.	Facilities offering Essential System Services may be trapped at Enablement Maximum limits.3.	Demand Side Programs are likely to receive a Dispatch Instruction for maximum curtailment capacity.4.	Supplementary Reserve Capacity (SRC) is likely to be dispatched5.	Facilities should not be de-committed without first contacting the AEMO Control Room6.	AEMO may take further actions to manage Power System security and Reliability as required.If forecast energy shortfalls are not resolved by 15:00, AEMO may be required to implement an AEMO Intervention Event to ensure:•	Sufficient capacity is committed In-Service (with allowance for Start Decision Cutoff); and•	Facilities are not trapped at Enablement Maximum limits.Power System Security and Reliability through other actions as required."," Provide updates of any significant changes or amendments to the forecast Low Reserve Conditions. If market conditions do not resolve the LRC conditions, implement an AEMO Intervention Event to maintain Power System Security and Reliability. ",Monitor forecast Pre-Dispatch and Dispatch Schedules and update Real-Time Market Submission to reflect commitment intentions by: Committing maximum available capacity In-ServiceEnsuring forecast Dispatch Instructions clear minimum stable generation requirements of physical plant Market Participants must contact the AEMO Control Room prior to any facility decommitment within the LRC period.,Monitor forecast Pre-Dispatch and Dispatch Market Schedules and update and where: Energy market shortfalls are forecast; and A facility is trapped at its high enablement limit with further energy capacity available. Update Real-Time Market Submission to prevent enablement trapping. ,N,,Normal,,0 days 05:30:00
44,1219,210400,2024-02-19 15:00:00,2024-02-19 20:30:00,2024-02-19 10:28:00,"Due to heatwaves forecast across the SWIS driving high Operational Demand, AEMO has declared Low Reserve Conditions (LRC) for the peak period 2024-Feb-19 15:00 – 20:30.The forecast condition level is Lack of Reserve 2 (LOR2)Market Participants are advised that during this LRC Declaration period:1.	All generation Facilities are likely to receive a Dispatch Instruction2.	Facilities offering Essential System Services may be trapped at Enablement Maximum limits.3.	Demand Side Programs are likely to receive a Dispatch Instruction for maximum curtailment capacity.4.	Supplementary Reserve Capacity (SRC) is likely to be dispatched5.	Facilities should not be de-committed without first contacting the AEMO Control Room6.	AEMO may take further actions to manage Power System security and Reliability as required.If forecast energy shortfalls are not resolved by 15:00, AEMO may be required to implement an AEMO Intervention Event to ensure:•	Sufficient capacity is committed In-Service (with allowance for Start Decision Cutoff); and•	Facilities are not trapped at Enablement Maximum limits.Power System Security and Reliability through other actions as required."," Provide updates of any significant changes or amendments to the forecast Low Reserve Conditions. If market conditions do not resolve the LRC conditions, implement an AEMO Intervention Event to maintain Power System Security and Reliability. ",Monitor forecast Pre-Dispatch and Dispatch Schedules and update Real-Time Market Submission to reflect commitment intentions by: Committing maximum available capacity In-ServiceEnsuring forecast Dispatch Instructions clear minimum stable generation requirements of physical plant Market Participants must contact the AEMO Control Room prior to any facility decommitment within the LRC period.,Monitor forecast Pre-Dispatch and Dispatch Market Schedules and update and where: Energy market shortfalls are forecast; and A facility is trapped at its high enablement limit with further energy capacity available. Update Real-Time Market Submission to prevent enablement trapping. ,N,,Normal,,0 days 05:30:00
45,1220,210403,2024-02-19 15:00:00,2024-02-19 20:30:00,2024-02-19 13:55:21,"Further to MA# 210400Due to heatwaves forecast across the SWIS driving high Operational Demand, AEMO has declared Low Reserve Conditions (LRC) for the peak period 2024-Feb-19 15:00 – 20:30.The forecast condition level is Lack of Reserve 3 (LOR3).Market Participants are advised that during this forecast LOR 3 period:AEMO may take further actions to manage Power System Security and Reliability as required including directing Western Power to Reduce Load on the SWIS. "," Provide updates of any significant changes or amendments to the forecast Low Reserve Conditions. If market conditions do not resolve the LRC conditions, implement an AEMO Intervention Event to maintain Power System Security and Reliability. ",Monitor forecast Pre-Dispatch and Dispatch Schedules and update Real-Time Market Submission to reflect commitment intentions by: Committing maximum available capacity In-ServiceEnsuring forecast Dispatch Instructions clear minimum stable generation requirements of physical plant Market Participants must contact the AEMO Control Room prior to any facility decommitment within the LRC period.,Monitor forecast Pre-Dispatch and Dispatch Market Schedules and update and where: Energy market shortfalls are forecast; and A facility is trapped at its high enablement limit with further energy capacity available. Update Real-Time Market Submission to prevent enablement trapping. ,N,,Normal,,0 days 05:30:00
46,1223,210398,2024-02-18 15:00:00,2024-02-18 20:30:00,2024-02-18 09:15:46,"Due to [heatwaves forecast across the SWIS] driving high Operational Demand, AEMO has declared Low Reserve Conditions (LRC) for the peak period 2024-Feb-18 15:00 – 20:30.The forecast condition level is Lack of Reserve 2 (LOR2)Market Participants are advised that during this LRC Declaration period:1.	All generation Facilities are likely to receive a Dispatch Instruction2.	Facilities offering Essential System Services may be trapped at Enablement Maximum limits.3.	Supplementary Reserve Capacity (SRC) is likely to be dispatched4.	Facilities should not be de-committed without first contacting the AEMO Control Room5.	AEMO may take further actions to manage Power System security and Reliability as required. If forecast energy shortfalls are not resolved by 16:00, AEMO may be required to implement an AEMO Intervention Event to ensure:•	Sufficient capacity is committed In-Service (with allowance for Start Decision Cutoff); and•	Facilities are not trapped at Enablement Maximum limits.Power System Security and Reliability through other actions as required."," Provide updates of any significant changes or amendments to the forecast Low Reserve Conditions. If market conditions do not resolve the LRC conditions, implement an AEMO Intervention Event to maintain Power System Security and Reliability. ",Monitor forecast Pre-Dispatch and Dispatch Schedules and update Real-Time Market Submission to reflect commitment intentions by: Committing maximum available capacity In-ServiceEnsuring forecast Dispatch Instructions clear minimum stable generation requirements of physical plant Market Participants must contact the AEMO Control Room prior to any facility decommitment within the LRC period.,Monitor forecast Pre-Dispatch and Dispatch Market Schedules and update and where: Energy market shortfalls are forecast; and A facility is trapped at its high enablement limit with further energy capacity available. Update Real-Time Market Submission to prevent enablement trapping. ,N,,Normal,,0 days 05:30:00
47,1226,210393,2024-02-15 16:00:00,2024-02-15 20:30:00,2024-02-15 11:52:13,"Due to [heatwaves forecast across the SWIS] driving high Operational Demand, AEMO has declared Low Reserve Conditions (LRC) for the peak period 2024-Feb-15 16:00 – 20:30.The forecast condition level is Lack of Reserve 2 (LOR2)Market Participants are advised that during this LRC Declaration period:1.	All generation Facilities are likely to receive a Dispatch Instruction2.	Facilities offering Essential System Services may be trapped at Enablement Maximum limits.3.	Demand Side Programmes are likely to receive a Dispatch Instruction for maximum curtailment capacity.4.	Supplementary Reserve Capacity (SRC) is likely to be dispatched5.	Facilities should not be de-committed without first contacting the AEMO Control Room6.	AEMO may take further actions to manage Power System security and Reliability as required.If forecast energy shortfalls are not resolved by 16:00, AEMO may be required to implement an AEMO Intervention Event to ensure:•	Sufficient capacity is committed In-Service (with allowance for Start Decision Cutoff); and•	Facilities are not trapped at Enablement Maximum limits.Power System Security and Reliability through other actions as required."," Provide updates of any significant changes or amendments to the forecast Low Reserve Conditions. If market conditions do not resolve the LRC conditions, implement an AEMO Intervention Event to maintain Power System Security and Reliability. ",Monitor forecast Pre-Dispatch and Dispatch Schedules and update Real-Time Market Submission to reflect commitment intentions by: Committing maximum available capacity In-ServiceEnsuring forecast Dispatch Instructions clear minimum stable generation requirements of physical plant Market Participants must contact the AEMO Control Room prior to any facility decommitment within the LRC period.,Monitor forecast Pre-Dispatch and Dispatch Market Schedules and update and where: Energy market shortfalls are forecast; and A facility is trapped at its high enablement limit with further energy capacity available. Update Real-Time Market Submission to prevent enablement trapping. ,N,,Normal,,0 days 04:30:00
48,1235,210376,2024-02-10 09:30:00,,2024-12-10 09:30:00,"Due to heatwaves forecast across the SWIS driving high Operational Demand, AEMO has declared Low Reserve Conditions (LRC) for the peak period 2024-Dec-10.The forecast condition level is Lack of Reserve 1 (LOR 1)Market Participants are advised that during this LRC Declaration period: All generation Facilities are likely to receive a Dispatch Instruction Facilities offering Essential System Services may be trapped at Enablement Maximum limits. Facilities should not be de-committed without first contacting the AEMO Control Room AEMO may take further actions to manage Power System security and Reliability as required. AEMO may be required to implement an Intervention Event to ensure: Sufficient capacity is committed In-Service (with allowance for Start Decision Cutoff); and Facilities are not trapped at Enablement Maximum limits. Power System Security and Reliability through other actions as required. "," Provide updates of any significant changes or amendments to the forecast Low Reserve Conditions. If market conditions do not resolve the LRC conditions, implement an AEMO Intervention Event to maintain Power System Security and Reliability. ",Monitor forecast Pre-Dispatch and Dispatch Schedules and update Real-Time Market Submission to reflect commitment intentions by: Committing maximum available capacity In-ServiceEnsuring forecast Dispatch Instructions clear minimum stable generation requirements of physical plant Market Participants must contact the AEMO Control Room prior to any facility decommitment within the LRC period.,Monitor forecast Pre-Dispatch and Dispatch Market Schedules and update and where: Energy market shortfalls are forecast; and A facility is trapped at its high enablement limit with further energy capacity available. Update Real-Time Market Submission to prevent enablement trapping. ,N,,Normal,,
49,1237,210381,2024-02-09 16:00:00,2024-02-09 20:30:00,2024-02-09 11:39:28,"Due to [heatwaves forecast across the SWIS] driving high Operational Demand, AEMO has declared Low Reserve Conditions (LRC) for the peak period 2024-Feb-09 16:00 – 20:30.The forecast condition level is Lack of Reserve 2 (LOR2)Market Participants are advised that during this LRC Declaration period:1.	All generation Facilities are likely to receive a Dispatch Instruction2.	Facilities offering Essential System Services may be trapped at Enablement Maximum limits.3.	Demand Side Programs are likely to receive a Dispatch Instruction for maximum curtailment capacity.4.	Supplementary Reserve Capacity (SRC) is likely to be dispatched5.	Facilities should not be de-committed without first contacting the AEMO Control Room6.	AEMO may take further actions to manage Power System security and Reliability as required.If forecast energy shortfalls are not resolved by 16:00, AEMO may be required to implement an AEMO Intervention Event to ensure:•	Sufficient capacity is committed In-Service (with allowance for Start Decision Cutoff); and•	Facilities are not trapped at Enablement Maximum limits.Power System Security and Reliability through other actions as required."," Provide updates of any significant changes or amendments to the forecast Low Reserve Conditions. If market conditions do not resolve the LRC conditions, implement an AEMO Intervention Event to maintain Power System Security and Reliability. ",Monitor forecast Pre-Dispatch and Dispatch Schedules and update Real-Time Market Submission to reflect commitment intentions by: Committing maximum available capacity In-ServiceEnsuring forecast Dispatch Instructions clear minimum stable generation requirements of physical plant Market Participants must contact the AEMO Control Room prior to any facility decommitment within the LRC period.,Monitor forecast Pre-Dispatch and Dispatch Market Schedules and update and where: Energy market shortfalls are forecast; and A facility is trapped at its high enablement limit with further energy capacity available. Update Real-Time Market Submission to prevent enablement trapping. ,N,,Normal,,0 days 04:30:00
50,1240,210377,2024-02-08 16:00:00,2024-02-08 20:30:00,2024-02-08 11:52:29,"Due to [heatwaves forecast across the SWIS] driving high Operational Demand, AEMO has declared Low Reserve Conditions (LRC) for the peak period 2024-Feb-08 16:00 – 20:30.The forecast condition level is Lack of Reserve 2 (LOR2)Market Participants are advised that during this LRC Declaration period:1.	All generation Facilities are likely to receive a Dispatch Instruction2.	Facilities offering Essential System Services may be trapped at Enablement Maximum limits.3.	Demand Side Programs are likely to receive a Dispatch Instruction for maximum curtailment capacity.4.	Supplementary Reserve Capacity (SRC) is likely to be dispatched5.	Facilities should not be de-committed without first contacting the AEMO Control Room6.	AEMO may take further actions to manage Power System security and Reliability as required.If forecast energy shortfalls are not resolved by 16:00, AEMO may be required to implement an AEMO Intervention Event to ensure:•	Sufficient capacity is committed In-Service (with allowance for Start Decision Cutoff); and•	Facilities are not trapped at Enablement Maximum limits.Power System Security and Reliability through other actions as required."," Provide updates of any significant changes or amendments to the forecast Low Reserve Conditions. If market conditions do not resolve the LRC conditions, implement an AEMO Intervention Event to maintain Power System Security and Reliability. ",Monitor forecast Pre-Dispatch and Dispatch Schedules and update Real-Time Market Submission to reflect commitment intentions by: Committing maximum available capacity In-ServiceEnsuring forecast Dispatch Instructions clear minimum stable generation requirements of physical plant Market Participants must contact the AEMO Control Room prior to any facility decommitment within the LRC period.,Monitor forecast Pre-Dispatch and Dispatch Market Schedules and update and where: Energy market shortfalls are forecast; and A facility is trapped at its high enablement limit with further energy capacity available. Update Real-Time Market Submission to prevent enablement trapping. ,N,,Normal,,0 days 04:30:00
51,1247,210357,2024-02-02 16:00:00,2024-02-02 20:30:00,2024-02-02 10:35:19,"Due to heatwaves forecast across the SWIS driving high Operational Demand, AEMO has declared Low Reserve Conditions (LRC) for the peak period 2024-Feb-02 16:00 – 20:30.The forecast condition level is Lack of Reserve 2 (LOR2)Market Participants are advised that during this LRC Declaration period:1.	All generation Facilities are likely to receive a Dispatch Instruction2.	Facilities offering Essential System Services may be trapped at Enablement Maximum limits.3.	Demand Side Programmes are likely to receive a Dispatch Instruction for maximum curtailment capacity.4.	Supplementary Reserve Capacity (SRC) is likely to be dispatched5.	Facilities should not be de-committed without first contacting the AEMO Control Room6.	AEMO may take further actions to manage Power System security and Reliability as required.If forecast energy shortfalls are not resolved by 16:00, AEMO may be required to implement an AEMO Intervention Event to ensure:•	Sufficient capacity is committed In-Service (with allowance for Start Decision Cutoff); and•	Facilities are not trapped at Enablement Maximum limits.Power System Security and Reliability through other actions as required."," Provide updates of any significant changes or amendments to the forecast Low Reserve Conditions. If market conditions do not resolve the LRC conditions, implement an AEMO Intervention Event to maintain Power System Security and Reliability. ",Monitor forecast Pre-Dispatch and Dispatch Schedules and update Real-Time Market Submission to reflect commitment intentions by: Committing maximum available capacity In-ServiceEnsuring forecast Dispatch Instructions clear minimum stable generation requirements of physical plant Market Participants must contact the AEMO Control Room prior to any facility decommitment within the LRC period.,Monitor forecast Pre-Dispatch and Dispatch Market Schedules and update and where: Energy market shortfalls are forecast; and A facility is trapped at its high enablement limit with further energy capacity available. Update Real-Time Market Submission to prevent enablement trapping. ,N,,Normal,,0 days 04:30:00
52,1249,210355,2024-02-01 16:00:00,2024-02-01 20:30:00,2024-02-01 10:27:12,"Due to heatwaves forecast across the SWIS driving high Operational Demand, AEMO has declared Low Reserve Conditions (LRC) for the peak period 2024-Feb-01 16:00 – 20:30.The forecast condition level is Lack of Reserve 2 (LOR2)Market Participants are advised that during this LRC Declaration period:1.	All generation Facilities are likely to receive a Dispatch Instruction2.	Facilities offering Essential System Services may be trapped at Enablement Maximum limits.3.	Demand Side Programmes are likely to receive a Dispatch Instruction for maximum curtailment capacity.4.	Supplementary Reserve Capacity (SRC) is likely to be dispatched5.	Facilities should not be de-committed without first contacting the AEMO Control Room6.	AEMO may take further actions to manage Power System security and Reliability as required.If forecast energy shortfalls are not resolved by 16:00, AEMO may be required to implement an AEMO Intervention Event to ensure:•	Sufficient capacity is committed In-Service (with allowance for Start Decision Cutoff); and•	Facilities are not trapped at Enablement Maximum limits.Power System Security and Reliability through other actions as required."," Provide updates of any significant changes or amendments to the forecast Low Reserve Conditions. If market conditions do not resolve the LRC conditions, implement an AEMO Intervention Event to maintain Power System Security and Reliability. ",Monitor forecast Pre-Dispatch and Dispatch Schedules and update Real-Time Market Submission to reflect commitment intentions by: Committing maximum available capacity In-ServiceEnsuring forecast Dispatch Instructions clear minimum stable generation requirements of physical plant Market Participants must contact the AEMO Control Room prior to any facility decommitment within the LRC period.,Monitor forecast Pre-Dispatch and Dispatch Market Schedules and update and where: Energy market shortfalls are forecast; and A facility is trapped at its high enablement limit with further energy capacity available. Update Real-Time Market Submission to prevent enablement trapping. ,N,,Normal,,0 days 04:30:00
53,1251,210353,2024-01-31 16:00:00,2024-01-31 20:30:00,2024-01-31 12:12:33,"Due to heatwaves forecast across the SWIS driving high Operational Demand, AEMO has declared Low Reserve Conditions (LRC) for the peak period 2024-Jan-31 16:00 – 20:30.The forecast condition level is Lack of Reserve 2 (LOR2)Market Participants are advised that during this LRC Declaration period:1.	All generation Facilities are likely to receive a Dispatch Instruction2.	Facilities offering Essential System Services may be trapped at Enablement Maximum limits.3.	Demand Side Programmes are likely to receive a Dispatch Instruction for maximum curtailment capacity.4.	Supplementary Reserve Capacity (SRC) is likely to be dispatched5.	Facilities should not be de-committed without first contacting the AEMO Control Room6.	AEMO may take further actions to manage Power System security and Reliability as required.If forecast energy shortfalls are not resolved by 16:00, AEMO may be required to implement an AEMO Intervention Event to ensure:•	Sufficient capacity is committed In-Service (with allowance for Start Decision Cutoff); and•	Facilities are not trapped at Enablement Maximum limits.Power System Security and Reliability through other actions as required."," Provide updates of any significant changes or amendments to the forecast Low Reserve Conditions. If market conditions do not resolve the LRC conditions, implement an AEMO Intervention Event to maintain Power System Security and Reliability. ",Monitor forecast Pre-Dispatch and Dispatch Schedules and update Real-Time Market Submission to reflect commitment intentions by: Committing maximum available capacity In-ServiceEnsuring forecast Dispatch Instructions clear minimum stable generation requirements of physical plant Market Participants must contact the AEMO Control Room prior to any facility decommitment within the LRC period.,Monitor forecast Pre-Dispatch and Dispatch Market Schedules and update and where: Energy market shortfalls are forecast; and A facility is trapped at its high enablement limit with further energy capacity available. Update Real-Time Market Submission to prevent enablement trapping. ,N,,Normal,,0 days 04:30:00
54,1263,210307,2024-01-16 15:00:00,2024-01-16 20:30:00,2024-01-16 09:11:16,"Due to [heatwaves forecast across the SWIS] driving high Operational Demand, AEMO has declared Low Reserve Conditions (LRC) for the peak period 2024-Jan-16 15:00 – 20:30.The forecast condition level is Lack of Reserve 2 (LOR2)Market Participants are advised that during this LRC Declaration period:1.	All generation Facilities are likely to receive a Dispatch Instruction2.	Facilities offering Essential System Services may be trapped at Enablement Maximum limits.3.	Demand Side Programmes are likely to receive a Dispatch Instruction for maximum curtailment capacity.4.	Supplementary Reserve Capacity (SRC) is likely to be dispatched5.	Facilities should not be de-committed without first contacting the AEMO Control Room6.	AEMO may take further actions to manage Power System security and Reliability as required.If forecast energy shortfalls are not resolved by 16:00, AEMO may be required to implement an AEMO Intervention Event to ensure:•	Sufficient capacity is committed In-Service (with allowance for Start Decision Cutoff); and•	Facilities are not trapped at Enablement Maximum limits.Power System Security and Reliability through other actions as required."," Provide updates of any significant changes or amendments to the forecast Low Reserve Conditions. If market conditions do not resolve the LRC conditions, implement an AEMO Intervention Event to maintain Power System Security and Reliability. ",Monitor forecast Pre-Dispatch and Dispatch Schedules and update Real-Time Market Submission to reflect commitment intentions by: Committing maximum available capacity In-ServiceEnsuring forecast Dispatch Instructions clear minimum stable generation requirements of physical plant Market Participants must contact the AEMO Control Room prior to any facility decommitment within the LRC period.,Monitor forecast Pre-Dispatch and Dispatch Market Schedules and update and where: Energy market shortfalls are forecast; and A facility is trapped at its high enablement limit with further energy capacity available. Update Real-Time Market Submission to prevent enablement trapping. ,N,,Normal,,0 days 05:30:00
55,1267,210305,2024-01-15 15:00:00,2024-01-15 20:30:00,2024-01-15 09:13:17,"Due to [heatwaves forecast across the SWIS] driving high Operational Demand, AEMO has declared Low Reserve Conditions (LRC) for the peak period 2024-Jan-15 15:00 – 20:30.The forecast condition level is Lack of Reserve 2 (LOR2)Market Participants are advised that during this LRC Declaration period:1.	All generation Facilities are likely to receive a Dispatch Instruction2.	Facilities offering Essential System Services may be trapped at Enablement Maximum limits.3.	Demand Side Programmes are likely to receive a Dispatch Instruction for maximum curtailment capacity.4.	Supplementary Reserve Capacity (SRC) is likely to be dispatched5.	Facilities should not be de-committed without first contacting the AEMO Control Room6.	AEMO may take further actions to manage Power System security and Reliability as required.If forecast energy shortfalls are not resolved by 16:00, AEMO may be required to implement an AEMO Intervention Event to ensure:•	Sufficient capacity is committed In-Service (with allowance for Start Decision Cutoff); and•	Facilities are not trapped at Enablement Maximum limits.Power System Security and Reliability through other actions as required."," Provide updates of any significant changes or amendments to the forecast Low Reserve Conditions. If market conditions do not resolve the LRC conditions, implement an AEMO Intervention Event to maintain Power System Security and Reliability. ",Monitor forecast Pre-Dispatch and Dispatch Schedules and update Real-Time Market Submission to reflect commitment intentions by: Committing maximum available capacity In-ServiceEnsuring forecast Dispatch Instructions clear minimum stable generation requirements of physical plant Market Participants must contact the AEMO Control Room prior to any facility decommitment within the LRC period.,Monitor forecast Pre-Dispatch and Dispatch Market Schedules and update and where: Energy market shortfalls are forecast; and A facility is trapped at its high enablement limit with further energy capacity available. Update Real-Time Market Submission to prevent enablement trapping. ,N,,Normal,,0 days 05:30:00
56,1269,210303,2024-01-14 15:00:00,2024-01-14 20:30:00,2024-01-14 11:02:17,"Due to [heatwaves forecast across the SWIS] driving high Operational Demand, AEMO has declared Low Reserve Conditions (LRC) for the peak period 2023-Nov-23 15:00 – 20:30.The forecast condition level is Lack of Reserve 2 (LOR2)Market Participants are advised that during this LRC Declaration period:1.	All generation Facilities are likely to receive a Dispatch Instruction2.	Facilities offering Essential System Services may be trapped at Enablement Maximum limits.3.	Demand Side Programmes are likely to receive a Dispatch Instruction for maximum curtailment capacity.4.	Supplementary Reserve Capacity (SRC) is likely to be dispatched5.	Facilities should not be de-committed without first contacting the AEMO Control Room6.	AEMO may take further actions to manage Power System security and Reliability as required.If forecast energy shortfalls are not resolved by 16:00, AEMO may be required to implement an AEMO Intervention Event to ensure:•	Sufficient capacity is committed In-Service (with allowance for Start Decision Cutoff); and•	Facilities are not trapped at Enablement Maximum limits.Power System Security and Reliability through other actions as required."," Provide updates of any significant changes or amendments to the forecast Low Reserve Conditions. If market conditions do not resolve the LRC conditions, implement an AEMO Intervention Event to maintain Power System Security and Reliability. ",Monitor forecast Pre-Dispatch and Dispatch Schedules and update Real-Time Market Submission to reflect commitment intentions by: Committing maximum available capacity In-ServiceEnsuring forecast Dispatch Instructions clear minimum stable generation requirements of physical plant Market Participants must contact the AEMO Control Room prior to any facility decommitment within the LRC period.,Monitor forecast Pre-Dispatch and Dispatch Market Schedules and update and where: Energy market shortfalls are forecast; and A facility is trapped at its high enablement limit with further energy capacity available. Update Real-Time Market Submission to prevent enablement trapping. ,N,,Normal,,0 days 05:30:00
57,1274,210298,2024-01-13 16:00:00,2024-01-13 20:00:00,2024-01-13 15:29:16,"Due to heatwaves forecast across the SWIS driving high Operational Demand, AEMO has declared Low Reserve Conditions (LRC) for the peak period 2024-Jan-13, 16:00 – 20:00.The forecast condition level is Lack of Reserve 1 (LOR 1)Market Participants are advised that during this LRC Declaration period: All generation Facilities are likely to receive a Dispatch Instruction Facilities offering Essential System Services may be trapped at Enablement Maximum limits. Facilities should not be de-committed without first contacting the AEMO Control Room AEMO may take further actions to manage Power System security and Reliability as required. AEMO may be required to implement an Intervention Event to ensure: Sufficient capacity is committed In-Service (with allowance for Start Decision Cutoff); and Facilities are not trapped at Enablement Maximum limits. Power System Security and Reliability through other actions as required. "," Provide updates of any significant changes or amendments to the forecast Low Reserve Conditions. If market conditions do not resolve the LRC conditions, implement an AEMO Intervention Event to maintain Power System Security and Reliability. ",Monitor forecast Pre-Dispatch and Dispatch Schedules and update Real-Time Market Submission to reflect commitment intentions by: Committing maximum available capacity In-ServiceEnsuring forecast Dispatch Instructions clear minimum stable generation requirements of physical plant Market Participants must contact the AEMO Control Room prior to any facility decommitment within the LRC period.,Monitor forecast Pre-Dispatch and Dispatch Market Schedules and update and where: Energy market shortfalls are forecast; and A facility is trapped at its high enablement limit with further energy capacity available. Update Real-Time Market Submission to prevent enablement trapping. ,N,,Normal,,0 days 04:00:00
58,1338,210157,2023-11-23 12:30:00,2023-11-23 21:30:00,2023-11-23 12:30:35,"Due to heatwaves forecast across the SWIS driving high Operational Demand, AEMO has declared Low Reserve Conditions (LRC) for the peak period 2023-Nov-23 15:00 – 20:30.The forecast condition level is Lack of Reserve 2 (LOR2)Market Participants are advised that during this LRC Declaration period: All generation Facilities are likely to receive a Dispatch InstructionFacilities offering Essential System Services may be trapped at Enablement Maximum limits.Demand Side Programmes are likely to receive a Dispatch Instruction for maximum curtailment capacity.Facilities should not be de-committed without first contacting the AEMO Control RoomAEMO may take further actions to manage Power System security and Reliability as required.If forecast energy shortfalls are not resolved by 14:00, AEMO may be required to implement an AEMO Intervention Event to ensure: Sufficient capacity is committed In-Service (with allowance for Start Decision Cutoff); andFacilities are not trapped at Enablement Maximum limits.Power System Security and Reliability through other actions as required. ","Provide updates of any significant changes or amendments to the forecast Low Reserve ConditionsIf market conditions do not resolve the LRC conditions, implement an AEMO Intervention Event to maintain Power System Security and Reliability.",Monitor forecast Pre-Dispatch and Dispatch Schedules and update Real-Time Market Submission to reflect commitment intentions by: Committing maximum available capacity In-ServiceEnsuring forecast Dispatch Instructions clear minimum stable generation requirements of physical plant Market Participants must contact the AEMO Control Room prior to any facility decommitment within the LRC period.,Monitor forecast Pre-Dispatch and Dispatch Market Schedules and update and where: Energy market shortfalls are forecast; and a facility is trapped at its high enablement limit with further energy capacity available update Real-Time Market Submission to prevent enablement trapping.,Y,2023-11-23 21:45:30,Normal,,0 days 09:00:00
59,1341,210154,2023-11-22 14:00:00,2023-11-22 21:00:00,2023-11-22 12:46:08,"Due to heatwaves forecast across the SWIS driving high Operational Demand, AEMO has declared Low Reserve Conditions (LRC) for the peak period 2023-Nov-22 15:00 – 19:30. This declaration has been made based on Energy market shortfalls in the In-Service Only capacity Pre-Dispatch Market Schedule. Market Participants are advised that during this LRC Declaration period: All generation Facilities are likely to receive a Dispatch InstructionFacilities offering Essential System Services may be trapped at Enablement Maximum limits.Demand Side Programmes may be dispatched.Facilities should not be de-committed without first contacting the AEMO Control RoomAEMO may take further actions to manage power system security and reliability as required. If forecast energy shortfalls are not resolved by 14:00, AEMO may be required to implement an AEMO Intervention Event to ensure: Sufficient capacity is committed In-Service (with allowance for Start Decision Cutoff); and Facilities are not trapped at Enablement Maximum limits.Power System Security and Reliability through other actions as required.","Provide updates of any significant changes or amendments to the forecast Low Reserve ConditionsIf market conditions do not resolve the LRC conditions, implement an AEMO Intervention Event to maintain Power System Security and Reliability.",Monitor forecast Pre-Dispatch and Dispatch Schedules and update Real-Time Market Submission to reflect commitment intentions by: Committing maximum available capacity In-ServiceEnsuring forecast Dispatch Instructions clear minimum stable generation requirements of physical plant Market Participants must contact the AEMO Control Room prior to any facility decommitment within the LRC period.,Monitor forecast Pre-Dispatch and Dispatch Market Schedules and update and where: Energy market shortfalls are forecast; and a facility is trapped at its high enablement limit with further energy capacity available update Real-Time Market Submission to prevent enablement trapping.,Y,2023-11-22 21:05:00,Normal,,0 days 07:00:00
60,1342,210153,2023-11-21 14:45:00,2023-11-21 21:00:00,2023-11-21 14:40:53,"Due to heatwaves forecast across the SWIS driving high Operational Demand, AEMO has declared Low Reserve Conditions (LRC) for 2023-Nov-21. Market Participants are advised that during the LRC Declaration period:All generation Facilities may receive a Dispatch Instruction and an AEMO Intervention Event may be implemented in the Dispatch Algorithm to constrain Facilities to certain Dispatch Targets to maintain Power System Security and ReliabilityFacilities offering Essential System Services may be trapped at high-enablement limitsDemand Side Programmes may be dispatched.AEMO may take further actions to manage power system security and reliability as required.","AEMO will dispatch according to the WEM Rules and Power System requirements to maintain Power System Security and Reliability. If required, AEMO may invoke Intervention Constraints in the Dispatch Algorithm.",Monitor forecast Pre-Dispatch and Dispatch Schedules and update Real-Time Market Submission to reflect commitment intentions via In-Service offers,Monitor forecast Pre-Dispatch and Dispatch Market Schedules and update and where:Energy market shortfalls are forecast; anda facility is trapped at its high enablement limit with further energy capacity availableupdate Real-Time Market Submission to prevent enablement trapping,N,,Normal,,0 days 06:15:00
