dataset,folder_url,source_file,member_file,kind,path,types,occurrences,position,read_status,example
caseInputData,https://data.wa.aemo.com.au/public/market-data/wemde/caseInputData/current/,ReferenceDispatchCase_202608040800.json,,json,$,object,1,,plateau,
caseInputData,https://data.wa.aemo.com.au/public/market-data/wemde/caseInputData/current/,ReferenceDispatchCase_202608040800.json,,json,$.data,object,1,,plateau,
caseInputData,https://data.wa.aemo.com.au/public/market-data/wemde/caseInputData/current/,ReferenceDispatchCase_202608040800.json,,json,$.data.caseData,array,1,,plateau,
caseInputData,https://data.wa.aemo.com.au/public/market-data/wemde/caseInputData/current/,ReferenceDispatchCase_202608040800.json,,json,$.data.caseData[],object,7,,plateau,
caseInputData,https://data.wa.aemo.com.au/public/market-data/wemde/caseInputData/current/,ReferenceDispatchCase_202608040800.json,,json,$.data.caseData[].constraintLookUp,object,7,,plateau,
caseInputData,https://data.wa.aemo.com.au/public/market-data/wemde/caseInputData/current/,ReferenceDispatchCase_202608040800.json,,json,$.data.caseData[].constraintLookUp.forecast.energy-forecastDPV-expected,number,7,,plateau,173.5770000000
caseInputData,https://data.wa.aemo.com.au/public/market-data/wemde/caseInputData/current/,ReferenceDispatchCase_202608040800.json,,json,$.data.caseData[].constraintLookUp.forecast.energy-forecastOperationalDemand-expected,number,7,,plateau,2439.1130000000
caseInputData,https://data.wa.aemo.com.au/public/market-data/wemde/caseInputData/current/,ReferenceDispatchCase_202608040800.json,,json,$.data.caseData[].constraintLookUp.forecast.energy-forecastOperationalDemand-high,number,7,,plateau,2467.5270000000
caseInputData,https://data.wa.aemo.com.au/public/market-data/wemde/caseInputData/current/,ReferenceDispatchCase_202608040800.json,,json,$.data.caseData[].constraintLookUp.forecast.energy-forecastOperationalDemand-low,number,7,,plateau,2410.6980000000
caseInputData,https://data.wa.aemo.com.au/public/market-data/wemde/caseInputData/current/,ReferenceDispatchCase_202608040800.json,,json,$.data.caseData[].constraintLookUp.forecast.ess-contingencyLowerConstantTerm-expected,number,7,,plateau,131.5645000000
caseInputData,https://data.wa.aemo.com.au/public/market-data/wemde/caseInputData/current/,ReferenceDispatchCase_202608040800.json,,json,$.data.caseData[].constraintLookUp.forecast.ess-regulationLower-expected,number,7,,plateau,110.0000000000
caseInputData,https://data.wa.aemo.com.au/public/market-data/wemde/caseInputData/current/,ReferenceDispatchCase_202608040800.json,,json,$.data.caseData[].constraintLookUp.forecast.ess-regulationRaise-expected,number,7,,plateau,110.0000000000
caseInputData,https://data.wa.aemo.com.au/public/market-data/wemde/caseInputData/current/,ReferenceDispatchCase_202608040800.json,,json,$.data.caseData[].constraintLookUp.forecast.nsgForecast-albanyWindFarm-bomAccessA-expected,number,7,,plateau,22.1326800000
caseInputData,https://data.wa.aemo.com.au/public/market-data/wemde/caseInputData/current/,ReferenceDispatchCase_202608040800.json,,json,$.data.caseData[].constraintLookUp.forecast.nsgForecast-albanyWindFarm-bomAccessA-high,number,7,,plateau,26.7548400000
caseInputData,https://data.wa.aemo.com.au/public/market-data/wemde/caseInputData/current/,ReferenceDispatchCase_202608040800.json,,json,$.data.caseData[].constraintLookUp.forecast.nsgForecast-albanyWindFarm-bomAccessA-low,number,7,,plateau,17.0805700000
caseInputData,https://data.wa.aemo.com.au/public/market-data/wemde/caseInputData/current/,ReferenceDispatchCase_202608040800.json,,json,$.data.caseData[].constraintLookUp.forecast.regionalForecast-easternGoldfields-expected,number,7,,plateau,174.6150000000
caseInputData,https://data.wa.aemo.com.au/public/market-data/wemde/caseInputData/current/,ReferenceDispatchCase_202608040800.json,,json,$.data.caseData[].constraintLookUp.forecast.regionalForecast-northCountryRegionBaseLoad-expected,number,7,,plateau,60.4916500000
caseInputData,https://data.wa.aemo.com.au/public/market-data/wemde/caseInputData/current/,ReferenceDispatchCase_202608040800.json,,json,$.data.caseData[].constraintLookUp.forecast.regionalForecast-northCountryRegionLoad-expected,number,7,,plateau,77.7694900000
caseInputData,https://data.wa.aemo.com.au/public/market-data/wemde/caseInputData/current/,ReferenceDispatchCase_202608040800.json,,json,$.data.caseData[].constraintLookUp.forecast.regionalForecast-northOfThreeSprings-expected,number,7,,plateau,45.4688900000
caseInputData,https://data.wa.aemo.com.au/public/market-data/wemde/caseInputData/current/,ReferenceDispatchCase_202608040800.json,,json,$.data.caseData[].constraintLookUp.forecast.regionalForecast-southWestGreatSouthernRegionBaseLoad-expected,number,7,,plateau,263.1350000000
caseInputData,https://data.wa.aemo.com.au/public/market-data/wemde/caseInputData/current/,ReferenceDispatchCase_202608040800.json,,json,$.data.caseData[].constraintLookUp.forecast.regionalForecast-southWestGreatSouthernRegionLoad-expected,number,7,,plateau,297.7148000000
caseInputData,https://data.wa.aemo.com.au/public/market-data/wemde/caseInputData/current/,ReferenceDispatchCase_202608040800.json,,json,$.data.caseData[].constraintLookUp.solver.intervalLength,number,7,,plateau,5.0
caseInputData,https://data.wa.aemo.com.au/public/market-data/wemde/caseInputData/current/,ReferenceDispatchCase_202608040800.json,,json,$.data.caseData[].constraintLookUp.solver.minutesSincePrimary,number,7,,plateau,0.0
caseInputData,https://data.wa.aemo.com.au/public/market-data/wemde/caseInputData/current/,ReferenceDispatchCase_202608040800.json,,json,$.data.caseData[].constraintViolationParameters,array,7,,plateau,
caseInputData,https://data.wa.aemo.com.au/public/market-data/wemde/caseInputData/current/,ReferenceDispatchCase_202608040800.json,,json,$.data.caseData[].constraintViolationParameters[],object,308,,plateau,
caseInputData,https://data.wa.aemo.com.au/public/market-data/wemde/caseInputData/current/,ReferenceDispatchCase_202608040800.json,,json,$.data.caseData[].constraintViolationParameters[].price,number,308,,plateau,8.0
caseInputData,https://data.wa.aemo.com.au/public/market-data/wemde/caseInputData/current/,ReferenceDispatchCase_202608040800.json,,json,$.data.caseData[].constraintViolationParameters[].variable,string,308,,plateau,ContingencyLowerDeficit
caseInputData,https://data.wa.aemo.com.au/public/market-data/wemde/caseInputData/current/,ReferenceDispatchCase_202608040800.json,,json,$.data.caseData[].constraints,object,7,,plateau,
caseInputData,https://data.wa.aemo.com.au/public/market-data/wemde/caseInputData/current/,ReferenceDispatchCase_202608040800.json,,json,$.data.caseData[].constraints.constraintEquations,array,7,,plateau,
caseInputData,https://data.wa.aemo.com.au/public/market-data/wemde/caseInputData/current/,ReferenceDispatchCase_202608040800.json,,json,$.data.caseData[].constraints.constraintEquations[],object,1848,,plateau,
caseInputData,https://data.wa.aemo.com.au/public/market-data/wemde/caseInputData/current/,ReferenceDispatchCase_202608040800.json,,json,$.data.caseData[].constraints.constraintEquations[].comments,string,1848,,plateau,Update message: Rebuilt NIL Set to incorporate new facilitie
caseInputData,https://data.wa.aemo.com.au/public/market-data/wemde/caseInputData/current/,ReferenceDispatchCase_202608040800.json,,json,$.data.caseData[].constraints.constraintEquations[].constraintType,string,1847,,plateau,Network
caseInputData,https://data.wa.aemo.com.au/public/market-data/wemde/caseInputData/current/,ReferenceDispatchCase_202608040800.json,,json,$.data.caseData[].constraints.constraintEquations[].contingency,string,1847,,plateau,KW-CC-MED 81
caseInputData,https://data.wa.aemo.com.au/public/market-data/wemde/caseInputData/current/,ReferenceDispatchCase_202608040800.json,,json,$.data.caseData[].constraints.constraintEquations[].defaultRHS,number,1847,,plateau,9999.0
caseInputData,https://data.wa.aemo.com.au/public/market-data/wemde/caseInputData/current/,ReferenceDispatchCase_202608040800.json,,json,$.data.caseData[].constraints.constraintEquations[].description,string,1848,,plateau,Prior network configuration: NIL. Prevent thermal overload o
caseInputData,https://data.wa.aemo.com.au/public/market-data/wemde/caseInputData/current/,ReferenceDispatchCase_202608040800.json,,json,$.data.caseData[].constraints.constraintEquations[].id,string,1848,,plateau,NIL > {KW-CC-MED 81} [RO-WAI 81 (RO~)]
caseInputData,https://data.wa.aemo.com.au/public/market-data/wemde/caseInputData/current/,ReferenceDispatchCase_202608040800.json,,json,$.data.caseData[].constraints.constraintEquations[].isInterventionEvent,boolean,1847,,plateau,False
caseInputData,https://data.wa.aemo.com.au/public/market-data/wemde/caseInputData/current/,ReferenceDispatchCase_202608040800.json,,json,$.data.caseData[].constraints.constraintEquations[].leftHandSide,array,1848,,plateau,
caseInputData,https://data.wa.aemo.com.au/public/market-data/wemde/caseInputData/current/,ReferenceDispatchCase_202608040800.json,,json,$.data.caseData[].constraints.constraintEquations[].leftHandSide[],object,35181,,plateau,
caseInputData,https://data.wa.aemo.com.au/public/market-data/wemde/caseInputData/current/,ReferenceDispatchCase_202608040800.json,,json,$.data.caseData[].constraints.constraintEquations[].leftHandSide[].coefficient,number,35181,,plateau,0.1664
caseInputData,https://data.wa.aemo.com.au/public/market-data/wemde/caseInputData/current/,ReferenceDispatchCase_202608040800.json,,json,$.data.caseData[].constraints.constraintEquations[].leftHandSide[].index,number,35181,,plateau,0
caseInputData,https://data.wa.aemo.com.au/public/market-data/wemde/caseInputData/current/,ReferenceDispatchCase_202608040800.json,,json,$.data.caseData[].constraints.constraintEquations[].leftHandSide[].term,string,35181,,plateau,ERRRF_WTE_G1.energy.setpoint
caseInputData,https://data.wa.aemo.com.au/public/market-data/wemde/caseInputData/current/,ReferenceDispatchCase_202608040800.json,,json,$.data.caseData[].constraints.constraintEquations[].leftHandSide[].termType,string,35181,,plateau,SOLVER
caseInputData,https://data.wa.aemo.com.au/public/market-data/wemde/caseInputData/current/,ReferenceDispatchCase_202608040800.json,,json,$.data.caseData[].constraints.constraintEquations[].limitAdviceId,string,1847,,plateau,Western Power Thermal Limit Advice
caseInputData,https://data.wa.aemo.com.au/public/market-data/wemde/caseInputData/current/,ReferenceDispatchCase_202608040800.json,,json,$.data.caseData[].constraints.constraintEquations[].limitType,string,1847,,plateau,Thermal
caseInputData,https://data.wa.aemo.com.au/public/market-data/wemde/caseInputData/current/,ReferenceDispatchCase_202608040800.json,,json,$.data.caseData[].constraints.constraintEquations[].monitoredElement,string,1847,,plateau,RO-WAI 81 (RO~)
caseInputData,https://data.wa.aemo.com.au/public/market-data/wemde/caseInputData/current/,ReferenceDispatchCase_202608040800.json,,json,$.data.caseData[].constraints.constraintEquations[].operator,string,1848,,plateau,LessThanOrEqualTo
caseInputData,https://data.wa.aemo.com.au/public/market-data/wemde/caseInputData/current/,ReferenceDispatchCase_202608040800.json,,json,$.data.caseData[].constraints.constraintEquations[].required,boolean,1847,,plateau,True
caseInputData,https://data.wa.aemo.com.au/public/market-data/wemde/caseInputData/current/,ReferenceDispatchCase_202608040800.json,,json,$.data.caseData[].constraints.constraintEquations[].rightHandSide,array,1848,,plateau,
caseInputData,https://data.wa.aemo.com.au/public/market-data/wemde/caseInputData/current/,ReferenceDispatchCase_202608040800.json,,json,$.data.caseData[].constraints.constraintEquations[].rightHandSideScript,string,1847,,plateau,"def RHS(terms):
    return (
        +0.9500 * terms['RO.LIN"
caseInputData,https://data.wa.aemo.com.au/public/market-data/wemde/caseInputData/current/,ReferenceDispatchCase_202608040800.json,,json,$.data.caseData[].constraints.constraintEquations[].rightHandSide[],object,31244,,plateau,
caseInputData,https://data.wa.aemo.com.au/public/market-data/wemde/caseInputData/current/,ReferenceDispatchCase_202608040800.json,,json,$.data.caseData[].constraints.constraintEquations[].rightHandSide[].coefficient,number,31243,,plateau,0.95
caseInputData,https://data.wa.aemo.com.au/public/market-data/wemde/caseInputData/current/,ReferenceDispatchCase_202608040800.json,,json,$.data.caseData[].constraints.constraintEquations[].rightHandSide[].index,number,31243,,plateau,0
caseInputData,https://data.wa.aemo.com.au/public/market-data/wemde/caseInputData/current/,ReferenceDispatchCase_202608040800.json,,json,$.data.caseData[].constraints.constraintEquations[].rightHandSide[].term,string,31244,,plateau,RO.LINE.RO_WAI_81.AMP.RATING.NORM
caseInputData,https://data.wa.aemo.com.au/public/market-data/wemde/caseInputData/current/,ReferenceDispatchCase_202608040800.json,,json,$.data.caseData[].constraints.constraintEquations[].rightHandSide[].termType,string,31243,,plateau,SCADA
caseInputData,https://data.wa.aemo.com.au/public/market-data/wemde/caseInputData/current/,ReferenceDispatchCase_202608040800.json,,json,$.data.caseData[].constraints.constraintEquations[].systemConfiguration,string,1847,,plateau,NIL
caseInputData,https://data.wa.aemo.com.au/public/market-data/wemde/caseInputData/current/,ReferenceDispatchCase_202608040800.json,,json,$.data.caseData[].constraints.constraintEquations[].version,number,1847,,plateau,16
caseInputData,https://data.wa.aemo.com.au/public/market-data/wemde/caseInputData/current/,ReferenceDispatchCase_202608040800.json,,json,$.data.caseData[].constraints.constraintEquations[].violationPenalty,number,1847,,plateau,30.0
caseInputData,https://data.wa.aemo.com.au/public/market-data/wemde/caseInputData/current/,ReferenceDispatchCase_202608040800.json,,json,$.data.caseData[].constraints.constraintSet,array,7,,plateau,
caseInputData,https://data.wa.aemo.com.au/public/market-data/wemde/caseInputData/current/,ReferenceDispatchCase_202608040800.json,,json,$.data.caseData[].constraints.constraintSet[],object,70,,plateau,
caseInputData,https://data.wa.aemo.com.au/public/market-data/wemde/caseInputData/current/,ReferenceDispatchCase_202608040800.json,,json,$.data.caseData[].constraints.constraintSet[].comments,string,70,,plateau,Update message: Rebuilt NIL Set to incorporate new facilitie
caseInputData,https://data.wa.aemo.com.au/public/market-data/wemde/caseInputData/current/,ReferenceDispatchCase_202608040800.json,,json,$.data.caseData[].constraints.constraintSet[].constraintEquations,array,70,,plateau,
caseInputData,https://data.wa.aemo.com.au/public/market-data/wemde/caseInputData/current/,ReferenceDispatchCase_202608040800.json,,json,$.data.caseData[].constraints.constraintSet[].constraintEquations[],string,1883,,plateau,NIL > {KW-CC-MED 81} [RO-WAI 81 (RO~)]
caseInputData,https://data.wa.aemo.com.au/public/market-data/wemde/caseInputData/current/,ReferenceDispatchCase_202608040800.json,,json,$.data.caseData[].constraints.constraintSet[].description,string,70,,plateau,System Normal (always have invoked).
caseInputData,https://data.wa.aemo.com.au/public/market-data/wemde/caseInputData/current/,ReferenceDispatchCase_202608040800.json,,json,$.data.caseData[].constraints.constraintSet[].id,string,70,,plateau,NIL
caseInputData,https://data.wa.aemo.com.au/public/market-data/wemde/caseInputData/current/,ReferenceDispatchCase_202608040800.json,,json,$.data.caseData[].constraints.constraintSet[].version,number,70,,plateau,143
caseInputData,https://data.wa.aemo.com.au/public/market-data/wemde/caseInputData/current/,ReferenceDispatchCase_202608040800.json,,json,$.data.caseData[].dfcmData,object,6,,plateau,
caseInputData,https://data.wa.aemo.com.au/public/market-data/wemde/caseInputData/current/,ReferenceDispatchCase_202608040800.json,,json,$.data.caseData[].dfcmData.dfcmId,string,6,,plateau,0018
caseInputData,https://data.wa.aemo.com.au/public/market-data/wemde/caseInputData/current/,ReferenceDispatchCase_202608040800.json,,json,$.data.caseData[].dfcmData.dfcmSchemaVersion,string,6,,plateau,2.1
caseInputData,https://data.wa.aemo.com.au/public/market-data/wemde/caseInputData/current/,ReferenceDispatchCase_202608040800.json,,json,$.data.caseData[].dfcmData.dfcmValidationDetails,object,6,,plateau,
caseInputData,https://data.wa.aemo.com.au/public/market-data/wemde/caseInputData/current/,ReferenceDispatchCase_202608040800.json,,json,$.data.caseData[].dfcmData.dfcmValidationDetails.dpvMaximum,number,6,,plateau,3010.0
caseInputData,https://data.wa.aemo.com.au/public/market-data/wemde/caseInputData/current/,ReferenceDispatchCase_202608040800.json,,json,$.data.caseData[].dfcmData.dfcmValidationDetails.dpvMinimum,number,6,,plateau,10.0
caseInputData,https://data.wa.aemo.com.au/public/market-data/wemde/caseInputData/current/,ReferenceDispatchCase_202608040800.json,,json,$.data.caseData[].dfcmData.dfcmValidationDetails.dpvStep,number,6,,plateau,500.0
caseInputData,https://data.wa.aemo.com.au/public/market-data/wemde/caseInputData/current/,ReferenceDispatchCase_202608040800.json,,json,$.data.caseData[].dfcmData.dfcmValidationDetails.inertiaRangeMaximum,number,6,,plateau,32000.0
caseInputData,https://data.wa.aemo.com.au/public/market-data/wemde/caseInputData/current/,ReferenceDispatchCase_202608040800.json,,json,$.data.caseData[].dfcmData.dfcmValidationDetails.inertiaRangeMinimum,number,6,,plateau,7000.0
caseInputData,https://data.wa.aemo.com.au/public/market-data/wemde/caseInputData/current/,ReferenceDispatchCase_202608040800.json,,json,$.data.caseData[].dfcmData.dfcmValidationDetails.inertiaRangeStep,number,6,,plateau,250.0
caseInputData,https://data.wa.aemo.com.au/public/market-data/wemde/caseInputData/current/,ReferenceDispatchCase_202608040800.json,,json,$.data.caseData[].dfcmData.dfcmValidationDetails.largestContingencySizeMaximum,number,6,,plateau,900.0
caseInputData,https://data.wa.aemo.com.au/public/market-data/wemde/caseInputData/current/,ReferenceDispatchCase_202608040800.json,,json,$.data.caseData[].dfcmData.dfcmValidationDetails.largestContingencySizeMinimum,number,6,,plateau,90.0
caseInputData,https://data.wa.aemo.com.au/public/market-data/wemde/caseInputData/current/,ReferenceDispatchCase_202608040800.json,,json,$.data.caseData[].dfcmData.dfcmValidationDetails.largestContingencySizeStep,number,6,,plateau,15.0
caseInputData,https://data.wa.aemo.com.au/public/market-data/wemde/caseInputData/current/,ReferenceDispatchCase_202608040800.json,,json,$.data.caseData[].dfcmData.dfcmValidationDetails.loadReliefValues,array,6,,plateau,
caseInputData,https://data.wa.aemo.com.au/public/market-data/wemde/caseInputData/current/,ReferenceDispatchCase_202608040800.json,,json,$.data.caseData[].dfcmData.dfcmValidationDetails.loadReliefValues[],number,6,,plateau,2.0
caseInputData,https://data.wa.aemo.com.au/public/market-data/wemde/caseInputData/current/,ReferenceDispatchCase_202608040800.json,,json,$.data.caseData[].dfcmData.dfcmValidationDetails.underlyingDemandMaximum,number,6,,plateau,4200.0
caseInputData,https://data.wa.aemo.com.au/public/market-data/wemde/caseInputData/current/,ReferenceDispatchCase_202608040800.json,,json,$.data.caseData[].dfcmData.dfcmValidationDetails.underlyingDemandMinimum,number,6,,plateau,1200.0
caseInputData,https://data.wa.aemo.com.au/public/market-data/wemde/caseInputData/current/,ReferenceDispatchCase_202608040800.json,,json,$.data.caseData[].dfcmData.dfcmValidationDetails.underlyingDemandStep,number,6,,plateau,200.0
caseInputData,https://data.wa.aemo.com.au/public/market-data/wemde/caseInputData/current/,ReferenceDispatchCase_202608040800.json,,json,$.data.caseData[].dfcmData.frequencyLimits,object,6,,plateau,
caseInputData,https://data.wa.aemo.com.au/public/market-data/wemde/caseInputData/current/,ReferenceDispatchCase_202608040800.json,,json,$.data.caseData[].dfcmData.frequencyLimits.fmax,number,6,,plateau,999.0
caseInputData,https://data.wa.aemo.com.au/public/market-data/wemde/caseInputData/current/,ReferenceDispatchCase_202608040800.json,,json,$.data.caseData[].dfcmData.frequencyLimits.fmin,number,6,,plateau,999.0
caseInputData,https://data.wa.aemo.com.au/public/market-data/wemde/caseInputData/current/,ReferenceDispatchCase_202608040800.json,,json,$.data.caseData[].dfcmData.frequencyLimits.fss,number,6,,plateau,999.0
caseInputData,https://data.wa.aemo.com.au/public/market-data/wemde/caseInputData/current/,ReferenceDispatchCase_202608040800.json,,json,$.data.caseData[].dfcmData.frequencyLimits.marginForOperationCRR,number,6,,plateau,0.05
caseInputData,https://data.wa.aemo.com.au/public/market-data/wemde/caseInputData/current/,ReferenceDispatchCase_202608040800.json,,json,$.data.caseData[].dfcmData.frequencyLimits.rocofMax,number,6,,plateau,999.0
caseInputData,https://data.wa.aemo.com.au/public/market-data/wemde/caseInputData/current/,ReferenceDispatchCase_202608040800.json,,json,$.data.caseData[].dfcmData.frequencyLimits.rocofMin,number,6,,plateau,-999.0
caseInputData,https://data.wa.aemo.com.au/public/market-data/wemde/caseInputData/current/,ReferenceDispatchCase_202608040800.json,,json,$.data.caseData[].dfcmData.tauValuesforCRPerformanceFactors,array,6,,plateau,
caseInputData,https://data.wa.aemo.com.au/public/market-data/wemde/caseInputData/current/,ReferenceDispatchCase_202608040800.json,,json,$.data.caseData[].dfcmData.tauValuesforCRPerformanceFactors[],number,42,,plateau,0.2
caseInputData,https://data.wa.aemo.com.au/public/market-data/wemde/caseInputData/current/,ReferenceDispatchCase_202608040800.json,,json,$.data.caseData[].dispatchInterval,string,7,,plateau,2026-08-04T08:00:00+08:00
caseInputData,https://data.wa.aemo.com.au/public/market-data/wemde/caseInputData/current/,ReferenceDispatchCase_202608040800.json,,json,$.data.caseData[].facilityLossFactors,array,6,,plateau,
caseInputData,https://data.wa.aemo.com.au/public/market-data/wemde/caseInputData/current/,ReferenceDispatchCase_202608040800.json,,json,$.data.caseData[].facilityLossFactors[],object,648,,plateau,
caseInputData,https://data.wa.aemo.com.au/public/market-data/wemde/caseInputData/current/,ReferenceDispatchCase_202608040800.json,,json,$.data.caseData[].facilityLossFactors[].distributionLossFactor,number,648,,plateau,0.9739
caseInputData,https://data.wa.aemo.com.au/public/market-data/wemde/caseInputData/current/,ReferenceDispatchCase_202608040800.json,,json,$.data.caseData[].facilityLossFactors[].facilityCode,string,648,,plateau,ALBANY_WF1
caseInputData,https://data.wa.aemo.com.au/public/market-data/wemde/caseInputData/current/,ReferenceDispatchCase_202608040800.json,,json,$.data.caseData[].facilityLossFactors[].transmissionLossFactor,number,648,,plateau,1.1344
caseInputData,https://data.wa.aemo.com.au/public/market-data/wemde/caseInputData/current/,ReferenceDispatchCase_202608040800.json,,json,$.data.caseData[].marketServicesPriceFlag,object,6,,plateau,
caseInputData,https://data.wa.aemo.com.au/public/market-data/wemde/caseInputData/current/,ReferenceDispatchCase_202608040800.json,,json,$.data.caseData[].marketServicesPriceFlag.contingencyLowerPriceAtCap,boolean,6,,plateau,False
caseInputData,https://data.wa.aemo.com.au/public/market-data/wemde/caseInputData/current/,ReferenceDispatchCase_202608040800.json,,json,$.data.caseData[].marketServicesPriceFlag.contingencyRaisePriceAtCap,boolean,6,,plateau,False
caseInputData,https://data.wa.aemo.com.au/public/market-data/wemde/caseInputData/current/,ReferenceDispatchCase_202608040800.json,,json,$.data.caseData[].marketServicesPriceFlag.energyPriceAtCap,boolean,6,,plateau,False
caseInputData,https://data.wa.aemo.com.au/public/market-data/wemde/caseInputData/current/,ReferenceDispatchCase_202608040800.json,,json,$.data.caseData[].marketServicesPriceFlag.regulationLowerPriceAtCap,boolean,6,,plateau,False
caseInputData,https://data.wa.aemo.com.au/public/market-data/wemde/caseInputData/current/,ReferenceDispatchCase_202608040800.json,,json,$.data.caseData[].marketServicesPriceFlag.regulationRaisePriceAtCap,boolean,6,,plateau,False
caseInputData,https://data.wa.aemo.com.au/public/market-data/wemde/caseInputData/current/,ReferenceDispatchCase_202608040800.json,,json,$.data.caseData[].marketServicesPriceFlag.rocofPriceAtCap,boolean,6,,plateau,False
caseInputData,https://data.wa.aemo.com.au/public/market-data/wemde/caseInputData/current/,ReferenceDispatchCase_202608040800.json,,json,$.data.caseData[].markets,object,6,,plateau,
caseInputData,https://data.wa.aemo.com.au/public/market-data/wemde/caseInputData/current/,ReferenceDispatchCase_202608040800.json,,json,$.data.caseData[].markets.contingencyLower,object,6,,plateau,
caseInputData,https://data.wa.aemo.com.au/public/market-data/wemde/caseInputData/current/,ReferenceDispatchCase_202608040800.json,,json,$.data.caseData[].markets.contingencyLower.baseForecastRequirement,number,6,,plateau,0.0
caseInputData,https://data.wa.aemo.com.au/public/market-data/wemde/caseInputData/current/,ReferenceDispatchCase_202608040800.json,,json,$.data.caseData[].markets.contingencyLower.facilities,array,6,,plateau,
caseInputData,https://data.wa.aemo.com.au/public/market-data/wemde/caseInputData/current/,ReferenceDispatchCase_202608040800.json,,json,$.data.caseData[].markets.contingencyLower.facilities[],object,156,,plateau,
caseInputData,https://data.wa.aemo.com.au/public/market-data/wemde/caseInputData/current/,ReferenceDispatchCase_202608040800.json,,json,$.data.caseData[].markets.contingencyLower.facilities[].enablementMaximum,number,156,,plateau,157.789
caseInputData,https://data.wa.aemo.com.au/public/market-data/wemde/caseInputData/current/,ReferenceDispatchCase_202608040800.json,,json,$.data.caseData[].markets.contingencyLower.facilities[].enablementMaximumValueUsed,number,156,,plateau,157.789
caseInputData,https://data.wa.aemo.com.au/public/market-data/wemde/caseInputData/current/,ReferenceDispatchCase_202608040800.json,,json,$.data.caseData[].markets.contingencyLower.facilities[].enablementMinimum,number,156,,plateau,80.0
caseInputData,https://data.wa.aemo.com.au/public/market-data/wemde/caseInputData/current/,ReferenceDispatchCase_202608040800.json,,json,$.data.caseData[].markets.contingencyLower.facilities[].enablementMinimumValueUsed,number,156,,plateau,80.0
caseInputData,https://data.wa.aemo.com.au/public/market-data/wemde/caseInputData/current/,ReferenceDispatchCase_202608040800.json,,json,$.data.caseData[].markets.contingencyLower.facilities[].facilityCode,string,156,,plateau,KEMERTON_GT11
caseInputData,https://data.wa.aemo.com.au/public/market-data/wemde/caseInputData/current/,ReferenceDispatchCase_202608040800.json,,json,$.data.caseData[].markets.contingencyLower.facilities[].highBreakpoint,number,156,,plateau,157.789
caseInputData,https://data.wa.aemo.com.au/public/market-data/wemde/caseInputData/current/,ReferenceDispatchCase_202608040800.json,,json,$.data.caseData[].markets.contingencyLower.facilities[].highBreakpointValueUsed,number,156,,plateau,157.789
caseInputData,https://data.wa.aemo.com.au/public/market-data/wemde/caseInputData/current/,ReferenceDispatchCase_202608040800.json,,json,$.data.caseData[].markets.contingencyLower.facilities[].lowBreakpoint,number,156,,plateau,156.0
caseInputData,https://data.wa.aemo.com.au/public/market-data/wemde/caseInputData/current/,ReferenceDispatchCase_202608040800.json,,json,$.data.caseData[].markets.contingencyLower.facilities[].lowBreakpointValueUsed,number,156,,plateau,156.0
caseInputData,https://data.wa.aemo.com.au/public/market-data/wemde/caseInputData/current/,ReferenceDispatchCase_202608040800.json,,json,$.data.caseData[].markets.contingencyLower.facilities[].maximumCapacity,number,156,,plateau,76.0
caseInputData,https://data.wa.aemo.com.au/public/market-data/wemde/caseInputData/current/,ReferenceDispatchCase_202608040800.json,,json,$.data.caseData[].markets.contingencyLower.facilities[].submissionCode,string,156,,plateau,market
caseInputData,https://data.wa.aemo.com.au/public/market-data/wemde/caseInputData/current/,ReferenceDispatchCase_202608040800.json,,json,$.data.caseData[].markets.contingencyLower.facilities[].submissionId,string,156,,plateau,29ab1efe-e64a-4384-945c-5dc5d9982c99
caseInputData,https://data.wa.aemo.com.au/public/market-data/wemde/caseInputData/current/,ReferenceDispatchCase_202608040800.json,,json,$.data.caseData[].markets.contingencyLower.facilities[].tranches,array,156,,plateau,
caseInputData,https://data.wa.aemo.com.au/public/market-data/wemde/caseInputData/current/,ReferenceDispatchCase_202608040800.json,,json,$.data.caseData[].markets.contingencyLower.facilities[].tranches[],object,300,,plateau,
caseInputData,https://data.wa.aemo.com.au/public/market-data/wemde/caseInputData/current/,ReferenceDispatchCase_202608040800.json,,json,$.data.caseData[].markets.contingencyLower.facilities[].tranches[].capacityType,string,300,,plateau,AVAILABLE
caseInputData,https://data.wa.aemo.com.au/public/market-data/wemde/caseInputData/current/,ReferenceDispatchCase_202608040800.json,,json,$.data.caseData[].markets.contingencyLower.facilities[].tranches[].fuelType,string,300,,plateau,NOT APPLICABLE
caseInputData,https://data.wa.aemo.com.au/public/market-data/wemde/caseInputData/current/,ReferenceDispatchCase_202608040800.json,,json,$.data.caseData[].markets.contingencyLower.facilities[].tranches[].lfaPrice,number,300,,plateau,0.0
caseInputData,https://data.wa.aemo.com.au/public/market-data/wemde/caseInputData/current/,ReferenceDispatchCase_202608040800.json,,json,$.data.caseData[].markets.contingencyLower.facilities[].tranches[].noticeTime,null|number,300,,plateau,99999
caseInputData,https://data.wa.aemo.com.au/public/market-data/wemde/caseInputData/current/,ReferenceDispatchCase_202608040800.json,,json,$.data.caseData[].markets.contingencyLower.facilities[].tranches[].quantity,number,300,,plateau,76.0
caseInputData,https://data.wa.aemo.com.au/public/market-data/wemde/caseInputData/current/,ReferenceDispatchCase_202608040800.json,,json,$.data.caseData[].markets.contingencyLower.facilities[].tranches[].submittedPrice,number,300,,plateau,0.0
caseInputData,https://data.wa.aemo.com.au/public/market-data/wemde/caseInputData/current/,ReferenceDispatchCase_202608040800.json,,json,$.data.caseData[].markets.contingencyLower.facilities[].tranches[].tranche,number,300,,plateau,1
caseInputData,https://data.wa.aemo.com.au/public/market-data/wemde/caseInputData/current/,ReferenceDispatchCase_202608040800.json,,json,$.data.caseData[].markets.contingencyLower.marketService,string,6,,plateau,contingencyLower
caseInputData,https://data.wa.aemo.com.au/public/market-data/wemde/caseInputData/current/,ReferenceDispatchCase_202608040800.json,,json,$.data.caseData[].markets.contingencyLower.overrideForecastRequirement,null,6,,plateau,
caseInputData,https://data.wa.aemo.com.au/public/market-data/wemde/caseInputData/current/,ReferenceDispatchCase_202608040800.json,,json,$.data.caseData[].markets.contingencyRaise,object,6,,plateau,
caseInputData,https://data.wa.aemo.com.au/public/market-data/wemde/caseInputData/current/,ReferenceDispatchCase_202608040800.json,,json,$.data.caseData[].markets.contingencyRaise.baseForecastRequirement,number,6,,plateau,0.0
caseInputData,https://data.wa.aemo.com.au/public/market-data/wemde/caseInputData/current/,ReferenceDispatchCase_202608040800.json,,json,$.data.caseData[].markets.contingencyRaise.facilities,array,6,,plateau,
caseInputData,https://data.wa.aemo.com.au/public/market-data/wemde/caseInputData/current/,ReferenceDispatchCase_202608040800.json,,json,$.data.caseData[].markets.contingencyRaise.facilities[],object,174,,plateau,
caseInputData,https://data.wa.aemo.com.au/public/market-data/wemde/caseInputData/current/,ReferenceDispatchCase_202608040800.json,,json,$.data.caseData[].markets.contingencyRaise.facilities[].enablementMaximum,number,174,,plateau,300.0
caseInputData,https://data.wa.aemo.com.au/public/market-data/wemde/caseInputData/current/,ReferenceDispatchCase_202608040800.json,,json,$.data.caseData[].markets.contingencyRaise.facilities[].enablementMaximumValueUsed,number,174,,plateau,300.0
caseInputData,https://data.wa.aemo.com.au/public/market-data/wemde/caseInputData/current/,ReferenceDispatchCase_202608040800.json,,json,$.data.caseData[].markets.contingencyRaise.facilities[].enablementMinimum,number,174,,plateau,247.0
caseInputData,https://data.wa.aemo.com.au/public/market-data/wemde/caseInputData/current/,ReferenceDispatchCase_202608040800.json,,json,$.data.caseData[].markets.contingencyRaise.facilities[].enablementMinimumValueUsed,number,174,,plateau,247.0
caseInputData,https://data.wa.aemo.com.au/public/market-data/wemde/caseInputData/current/,ReferenceDispatchCase_202608040800.json,,json,$.data.caseData[].markets.contingencyRaise.facilities[].facilityCode,string,174,,plateau,COLLIE_G1
caseInputData,https://data.wa.aemo.com.au/public/market-data/wemde/caseInputData/current/,ReferenceDispatchCase_202608040800.json,,json,$.data.caseData[].markets.contingencyRaise.facilities[].highBreakpoint,number,174,,plateau,275.3
caseInputData,https://data.wa.aemo.com.au/public/market-data/wemde/caseInputData/current/,ReferenceDispatchCase_202608040800.json,,json,$.data.caseData[].markets.contingencyRaise.facilities[].highBreakpointValueUsed,number,174,,plateau,275.3
caseInputData,https://data.wa.aemo.com.au/public/market-data/wemde/caseInputData/current/,ReferenceDispatchCase_202608040800.json,,json,$.data.caseData[].markets.contingencyRaise.facilities[].lowBreakpoint,number,174,,plateau,247.0
caseInputData,https://data.wa.aemo.com.au/public/market-data/wemde/caseInputData/current/,ReferenceDispatchCase_202608040800.json,,json,$.data.caseData[].markets.contingencyRaise.facilities[].lowBreakpointValueUsed,number,174,,plateau,247.0
caseInputData,https://data.wa.aemo.com.au/public/market-data/wemde/caseInputData/current/,ReferenceDispatchCase_202608040800.json,,json,$.data.caseData[].markets.contingencyRaise.facilities[].maximumCapacity,number,174,,plateau,24.7
caseInputData,https://data.wa.aemo.com.au/public/market-data/wemde/caseInputData/current/,ReferenceDispatchCase_202608040800.json,,json,$.data.caseData[].markets.contingencyRaise.facilities[].submissionCode,string,174,,plateau,market
caseInputData,https://data.wa.aemo.com.au/public/market-data/wemde/caseInputData/current/,ReferenceDispatchCase_202608040800.json,,json,$.data.caseData[].markets.contingencyRaise.facilities[].submissionId,string,174,,plateau,02b2efd8-991b-4dc2-bba6-4e276e7fb1fa
caseInputData,https://data.wa.aemo.com.au/public/market-data/wemde/caseInputData/current/,ReferenceDispatchCase_202608040800.json,,json,$.data.caseData[].markets.contingencyRaise.facilities[].tranches,array,174,,plateau,
caseInputData,https://data.wa.aemo.com.au/public/market-data/wemde/caseInputData/current/,ReferenceDispatchCase_202608040800.json,,json,$.data.caseData[].markets.contingencyRaise.facilities[].tranches[],object,300,,plateau,
caseInputData,https://data.wa.aemo.com.au/public/market-data/wemde/caseInputData/current/,ReferenceDispatchCase_202608040800.json,,json,$.data.caseData[].markets.contingencyRaise.facilities[].tranches[].capacityType,string,300,,plateau,IN-SERVICE
caseInputData,https://data.wa.aemo.com.au/public/market-data/wemde/caseInputData/current/,ReferenceDispatchCase_202608040800.json,,json,$.data.caseData[].markets.contingencyRaise.facilities[].tranches[].fuelType,string,300,,plateau,NON-LIQUID
caseInputData,https://data.wa.aemo.com.au/public/market-data/wemde/caseInputData/current/,ReferenceDispatchCase_202608040800.json,,json,$.data.caseData[].markets.contingencyRaise.facilities[].tranches[].lfaPrice,number,300,,plateau,0.0
caseInputData,https://data.wa.aemo.com.au/public/market-data/wemde/caseInputData/current/,ReferenceDispatchCase_202608040800.json,,json,$.data.caseData[].markets.contingencyRaise.facilities[].tranches[].noticeTime,null|number,300,,plateau,0
caseInputData,https://data.wa.aemo.com.au/public/market-data/wemde/caseInputData/current/,ReferenceDispatchCase_202608040800.json,,json,$.data.caseData[].markets.contingencyRaise.facilities[].tranches[].quantity,number,300,,plateau,24.7
caseInputData,https://data.wa.aemo.com.au/public/market-data/wemde/caseInputData/current/,ReferenceDispatchCase_202608040800.json,,json,$.data.caseData[].markets.contingencyRaise.facilities[].tranches[].submittedPrice,number,300,,plateau,0.0
caseInputData,https://data.wa.aemo.com.au/public/market-data/wemde/caseInputData/current/,ReferenceDispatchCase_202608040800.json,,json,$.data.caseData[].markets.contingencyRaise.facilities[].tranches[].tranche,number,300,,plateau,1
caseInputData,https://data.wa.aemo.com.au/public/market-data/wemde/caseInputData/current/,ReferenceDispatchCase_202608040800.json,,json,$.data.caseData[].markets.contingencyRaise.marketService,string,6,,plateau,contingencyRaise
caseInputData,https://data.wa.aemo.com.au/public/market-data/wemde/caseInputData/current/,ReferenceDispatchCase_202608040800.json,,json,$.data.caseData[].markets.contingencyRaise.overrideForecastRequirement,null,6,,plateau,
caseInputData,https://data.wa.aemo.com.au/public/market-data/wemde/caseInputData/current/,ReferenceDispatchCase_202608040800.json,,json,$.data.caseData[].markets.energy,object,6,,plateau,
caseInputData,https://data.wa.aemo.com.au/public/market-data/wemde/caseInputData/current/,ReferenceDispatchCase_202608040800.json,,json,$.data.caseData[].markets.energy.baseForecastRequirement,number,6,,plateau,2439.113
caseInputData,https://data.wa.aemo.com.au/public/market-data/wemde/caseInputData/current/,ReferenceDispatchCase_202608040800.json,,json,$.data.caseData[].markets.energy.facilities,array,6,,plateau,
caseInputData,https://data.wa.aemo.com.au/public/market-data/wemde/caseInputData/current/,ReferenceDispatchCase_202608040800.json,,json,$.data.caseData[].markets.energy.facilities[],object,474,,plateau,
caseInputData,https://data.wa.aemo.com.au/public/market-data/wemde/caseInputData/current/,ReferenceDispatchCase_202608040800.json,,json,$.data.caseData[].markets.energy.facilities[].downwardsRampRateValueUsed,number,456,,plateau,3.0
caseInputData,https://data.wa.aemo.com.au/public/market-data/wemde/caseInputData/current/,ReferenceDispatchCase_202608040800.json,,json,$.data.caseData[].markets.energy.facilities[].dspConstrainedWithdrawalQuantity,number,18,,plateau,126.74
caseInputData,https://data.wa.aemo.com.au/public/market-data/wemde/caseInputData/current/,ReferenceDispatchCase_202608040800.json,,json,$.data.caseData[].markets.energy.facilities[].dspUnconstrainedWithdrawalQuantity,number,18,,plateau,126.74
caseInputData,https://data.wa.aemo.com.au/public/market-data/wemde/caseInputData/current/,ReferenceDispatchCase_202608040800.json,,json,$.data.caseData[].markets.energy.facilities[].facilityCode,string,474,,plateau,ALCOA_WGP
caseInputData,https://data.wa.aemo.com.au/public/market-data/wemde/caseInputData/current/,ReferenceDispatchCase_202608040800.json,,json,$.data.caseData[].markets.energy.facilities[].fsip,object,456,,plateau,
caseInputData,https://data.wa.aemo.com.au/public/market-data/wemde/caseInputData/current/,ReferenceDispatchCase_202608040800.json,,json,$.data.caseData[].markets.energy.facilities[].fsip.minimumLoad,number,456,,plateau,0.0
caseInputData,https://data.wa.aemo.com.au/public/market-data/wemde/caseInputData/current/,ReferenceDispatchCase_202608040800.json,,json,$.data.caseData[].markets.energy.facilities[].fsip.t1,number,456,,plateau,0.0
caseInputData,https://data.wa.aemo.com.au/public/market-data/wemde/caseInputData/current/,ReferenceDispatchCase_202608040800.json,,json,$.data.caseData[].markets.energy.facilities[].fsip.t2,number,456,,plateau,0.0
caseInputData,https://data.wa.aemo.com.au/public/market-data/wemde/caseInputData/current/,ReferenceDispatchCase_202608040800.json,,json,$.data.caseData[].markets.energy.facilities[].fsip.t3,number,456,,plateau,0.0
caseInputData,https://data.wa.aemo.com.au/public/market-data/wemde/caseInputData/current/,ReferenceDispatchCase_202608040800.json,,json,$.data.caseData[].markets.energy.facilities[].fsip.t4,number,456,,plateau,0.0
caseInputData,https://data.wa.aemo.com.au/public/market-data/wemde/caseInputData/current/,ReferenceDispatchCase_202608040800.json,,json,$.data.caseData[].markets.energy.facilities[].inflexibleFlag,boolean,456,,plateau,False
caseInputData,https://data.wa.aemo.com.au/public/market-data/wemde/caseInputData/current/,ReferenceDispatchCase_202608040800.json,,json,$.data.caseData[].markets.energy.facilities[].maxDownwardRampRate,number,456,,plateau,3.0
caseInputData,https://data.wa.aemo.com.au/public/market-data/wemde/caseInputData/current/,ReferenceDispatchCase_202608040800.json,,json,$.data.caseData[].markets.energy.facilities[].maxInjectionCapacity,number,456,,plateau,16.0
caseInputData,https://data.wa.aemo.com.au/public/market-data/wemde/caseInputData/current/,ReferenceDispatchCase_202608040800.json,,json,$.data.caseData[].markets.energy.facilities[].maxUpwardRampRate,number,456,,plateau,3.0
caseInputData,https://data.wa.aemo.com.au/public/market-data/wemde/caseInputData/current/,ReferenceDispatchCase_202608040800.json,,json,$.data.caseData[].markets.energy.facilities[].maxWithdrawalCapacity,number,456,,plateau,0.0
caseInputData,https://data.wa.aemo.com.au/public/market-data/wemde/caseInputData/current/,ReferenceDispatchCase_202608040800.json,,json,$.data.caseData[].markets.energy.facilities[].submissionCode,string,474,,plateau,market
caseInputData,https://data.wa.aemo.com.au/public/market-data/wemde/caseInputData/current/,ReferenceDispatchCase_202608040800.json,,json,$.data.caseData[].markets.energy.facilities[].submissionId,string,474,,plateau,70874b3c-fd0c-4d33-9a07-ac1411e2c38a
caseInputData,https://data.wa.aemo.com.au/public/market-data/wemde/caseInputData/current/,ReferenceDispatchCase_202608040800.json,,json,$.data.caseData[].markets.energy.facilities[].tranches,array,456,,plateau,
caseInputData,https://data.wa.aemo.com.au/public/market-data/wemde/caseInputData/current/,ReferenceDispatchCase_202608040800.json,,json,$.data.caseData[].markets.energy.facilities[].tranches[],object,1138,,plateau,
caseInputData,https://data.wa.aemo.com.au/public/market-data/wemde/caseInputData/current/,ReferenceDispatchCase_202608040800.json,,json,$.data.caseData[].markets.energy.facilities[].tranches[].capacityType,string,1138,,plateau,IN-SERVICE
caseInputData,https://data.wa.aemo.com.au/public/market-data/wemde/caseInputData/current/,ReferenceDispatchCase_202608040800.json,,json,$.data.caseData[].markets.energy.facilities[].tranches[].fuelType,null|string,1138,,plateau,NON-LIQUID
caseInputData,https://data.wa.aemo.com.au/public/market-data/wemde/caseInputData/current/,ReferenceDispatchCase_202608040800.json,,json,$.data.caseData[].markets.energy.facilities[].tranches[].lfaPrice,number,1138,,plateau,1200.0
caseInputData,https://data.wa.aemo.com.au/public/market-data/wemde/caseInputData/current/,ReferenceDispatchCase_202608040800.json,,json,$.data.caseData[].markets.energy.facilities[].tranches[].noticeTime,null|number,1138,,plateau,0
caseInputData,https://data.wa.aemo.com.au/public/market-data/wemde/caseInputData/current/,ReferenceDispatchCase_202608040800.json,,json,$.data.caseData[].markets.energy.facilities[].tranches[].quantity,number,1138,,plateau,16.0
caseInputData,https://data.wa.aemo.com.au/public/market-data/wemde/caseInputData/current/,ReferenceDispatchCase_202608040800.json,,json,$.data.caseData[].markets.energy.facilities[].tranches[].submittedPrice,number,1138,,plateau,1151.16
caseInputData,https://data.wa.aemo.com.au/public/market-data/wemde/caseInputData/current/,ReferenceDispatchCase_202608040800.json,,json,$.data.caseData[].markets.energy.facilities[].tranches[].tranche,number,1138,,plateau,1
caseInputData,https://data.wa.aemo.com.au/public/market-data/wemde/caseInputData/current/,ReferenceDispatchCase_202608040800.json,,json,$.data.caseData[].markets.energy.facilities[].unconstrainedInjectionForecast,number,456,,plateau,0.0
caseInputData,https://data.wa.aemo.com.au/public/market-data/wemde/caseInputData/current/,ReferenceDispatchCase_202608040800.json,,json,$.data.caseData[].markets.energy.facilities[].unconstrainedWithdrawalForecast,number,456,,plateau,0.0
caseInputData,https://data.wa.aemo.com.au/public/market-data/wemde/caseInputData/current/,ReferenceDispatchCase_202608040800.json,,json,$.data.caseData[].markets.energy.facilities[].upwardsRampRateValueUsed,number,456,,plateau,3.0
caseInputData,https://data.wa.aemo.com.au/public/market-data/wemde/caseInputData/current/,ReferenceDispatchCase_202608040800.json,,json,$.data.caseData[].markets.energy.marketService,string,6,,plateau,energy
caseInputData,https://data.wa.aemo.com.au/public/market-data/wemde/caseInputData/current/,ReferenceDispatchCase_202608040800.json,,json,$.data.caseData[].markets.energy.overrideForecastRequirement,null,6,,plateau,
caseInputData,https://data.wa.aemo.com.au/public/market-data/wemde/caseInputData/current/,ReferenceDispatchCase_202608040800.json,,json,$.data.caseData[].markets.regulationLower,object,6,,plateau,
caseInputData,https://data.wa.aemo.com.au/public/market-data/wemde/caseInputData/current/,ReferenceDispatchCase_202608040800.json,,json,$.data.caseData[].markets.regulationLower.baseForecastRequirement,number,6,,plateau,110.0
caseInputData,https://data.wa.aemo.com.au/public/market-data/wemde/caseInputData/current/,ReferenceDispatchCase_202608040800.json,,json,$.data.caseData[].markets.regulationLower.facilities,array,6,,plateau,
caseInputData,https://data.wa.aemo.com.au/public/market-data/wemde/caseInputData/current/,ReferenceDispatchCase_202608040800.json,,json,$.data.caseData[].markets.regulationLower.facilities[],object,150,,plateau,
caseInputData,https://data.wa.aemo.com.au/public/market-data/wemde/caseInputData/current/,ReferenceDispatchCase_202608040800.json,,json,$.data.caseData[].markets.regulationLower.facilities[].enablementMaximum,number,150,,plateau,249.7
caseInputData,https://data.wa.aemo.com.au/public/market-data/wemde/caseInputData/current/,ReferenceDispatchCase_202608040800.json,,json,$.data.caseData[].markets.regulationLower.facilities[].enablementMaximumValueUsed,number,150,,plateau,242.0
caseInputData,https://data.wa.aemo.com.au/public/market-data/wemde/caseInputData/current/,ReferenceDispatchCase_202608040800.json,,json,$.data.caseData[].markets.regulationLower.facilities[].enablementMinimum,number,150,,plateau,145.0
caseInputData,https://data.wa.aemo.com.au/public/market-data/wemde/caseInputData/current/,ReferenceDispatchCase_202608040800.json,,json,$.data.caseData[].markets.regulationLower.facilities[].enablementMinimumValueUsed,number,150,,plateau,145.0
caseInputData,https://data.wa.aemo.com.au/public/market-data/wemde/caseInputData/current/,ReferenceDispatchCase_202608040800.json,,json,$.data.caseData[].markets.regulationLower.facilities[].facilityCode,string,150,,plateau,COCKBURN_CCG1
caseInputData,https://data.wa.aemo.com.au/public/market-data/wemde/caseInputData/current/,ReferenceDispatchCase_202608040800.json,,json,$.data.caseData[].markets.regulationLower.facilities[].highBreakpoint,number,150,,plateau,249.7
caseInputData,https://data.wa.aemo.com.au/public/market-data/wemde/caseInputData/current/,ReferenceDispatchCase_202608040800.json,,json,$.data.caseData[].markets.regulationLower.facilities[].highBreakpointValueUsed,number,150,,plateau,242.0
caseInputData,https://data.wa.aemo.com.au/public/market-data/wemde/caseInputData/current/,ReferenceDispatchCase_202608040800.json,,json,$.data.caseData[].markets.regulationLower.facilities[].lowBreakpoint,number,150,,plateau,145.0
caseInputData,https://data.wa.aemo.com.au/public/market-data/wemde/caseInputData/current/,ReferenceDispatchCase_202608040800.json,,json,$.data.caseData[].markets.regulationLower.facilities[].lowBreakpointValueUsed,number,150,,plateau,145.0
caseInputData,https://data.wa.aemo.com.au/public/market-data/wemde/caseInputData/current/,ReferenceDispatchCase_202608040800.json,,json,$.data.caseData[].markets.regulationLower.facilities[].maximumCapacity,number,150,,plateau,0.0
caseInputData,https://data.wa.aemo.com.au/public/market-data/wemde/caseInputData/current/,ReferenceDispatchCase_202608040800.json,,json,$.data.caseData[].markets.regulationLower.facilities[].submissionCode,string,150,,plateau,market
caseInputData,https://data.wa.aemo.com.au/public/market-data/wemde/caseInputData/current/,ReferenceDispatchCase_202608040800.json,,json,$.data.caseData[].markets.regulationLower.facilities[].submissionId,string,150,,plateau,8efc5da1-7043-4816-8510-d8c59cad844b
caseInputData,https://data.wa.aemo.com.au/public/market-data/wemde/caseInputData/current/,ReferenceDispatchCase_202608040800.json,,json,$.data.caseData[].markets.regulationLower.facilities[].tranches,array,150,,plateau,
caseInputData,https://data.wa.aemo.com.au/public/market-data/wemde/caseInputData/current/,ReferenceDispatchCase_202608040800.json,,json,$.data.caseData[].markets.regulationLower.facilities[].tranches[],object,342,,plateau,
caseInputData,https://data.wa.aemo.com.au/public/market-data/wemde/caseInputData/current/,ReferenceDispatchCase_202608040800.json,,json,$.data.caseData[].markets.regulationLower.facilities[].tranches[].capacityType,string,342,,plateau,AVAILABLE
caseInputData,https://data.wa.aemo.com.au/public/market-data/wemde/caseInputData/current/,ReferenceDispatchCase_202608040800.json,,json,$.data.caseData[].markets.regulationLower.facilities[].tranches[].fuelType,string,342,,plateau,NOT APPLICABLE
caseInputData,https://data.wa.aemo.com.au/public/market-data/wemde/caseInputData/current/,ReferenceDispatchCase_202608040800.json,,json,$.data.caseData[].markets.regulationLower.facilities[].tranches[].lfaPrice,number,342,,plateau,0.0
caseInputData,https://data.wa.aemo.com.au/public/market-data/wemde/caseInputData/current/,ReferenceDispatchCase_202608040800.json,,json,$.data.caseData[].markets.regulationLower.facilities[].tranches[].noticeTime,null|number,342,,plateau,99999
caseInputData,https://data.wa.aemo.com.au/public/market-data/wemde/caseInputData/current/,ReferenceDispatchCase_202608040800.json,,json,$.data.caseData[].markets.regulationLower.facilities[].tranches[].quantity,number,342,,plateau,0.0
caseInputData,https://data.wa.aemo.com.au/public/market-data/wemde/caseInputData/current/,ReferenceDispatchCase_202608040800.json,,json,$.data.caseData[].markets.regulationLower.facilities[].tranches[].submittedPrice,number,342,,plateau,281.0
caseInputData,https://data.wa.aemo.com.au/public/market-data/wemde/caseInputData/current/,ReferenceDispatchCase_202608040800.json,,json,$.data.caseData[].markets.regulationLower.facilities[].tranches[].tranche,number,342,,plateau,1
caseInputData,https://data.wa.aemo.com.au/public/market-data/wemde/caseInputData/current/,ReferenceDispatchCase_202608040800.json,,json,$.data.caseData[].markets.regulationLower.marketService,string,6,,plateau,regulationLower
caseInputData,https://data.wa.aemo.com.au/public/market-data/wemde/caseInputData/current/,ReferenceDispatchCase_202608040800.json,,json,$.data.caseData[].markets.regulationLower.overrideForecastRequirement,null,6,,plateau,
caseInputData,https://data.wa.aemo.com.au/public/market-data/wemde/caseInputData/current/,ReferenceDispatchCase_202608040800.json,,json,$.data.caseData[].markets.regulationRaise,object,6,,plateau,
caseInputData,https://data.wa.aemo.com.au/public/market-data/wemde/caseInputData/current/,ReferenceDispatchCase_202608040800.json,,json,$.data.caseData[].markets.regulationRaise.baseForecastRequirement,number,6,,plateau,110.0
caseInputData,https://data.wa.aemo.com.au/public/market-data/wemde/caseInputData/current/,ReferenceDispatchCase_202608040800.json,,json,$.data.caseData[].markets.regulationRaise.facilities,array,6,,plateau,
caseInputData,https://data.wa.aemo.com.au/public/market-data/wemde/caseInputData/current/,ReferenceDispatchCase_202608040800.json,,json,$.data.caseData[].markets.regulationRaise.facilities[],object,150,,plateau,
caseInputData,https://data.wa.aemo.com.au/public/market-data/wemde/caseInputData/current/,ReferenceDispatchCase_202608040800.json,,json,$.data.caseData[].markets.regulationRaise.facilities[].enablementMaximum,number,150,,plateau,249.7
caseInputData,https://data.wa.aemo.com.au/public/market-data/wemde/caseInputData/current/,ReferenceDispatchCase_202608040800.json,,json,$.data.caseData[].markets.regulationRaise.facilities[].enablementMaximumValueUsed,number,150,,plateau,242.0
caseInputData,https://data.wa.aemo.com.au/public/market-data/wemde/caseInputData/current/,ReferenceDispatchCase_202608040800.json,,json,$.data.caseData[].markets.regulationRaise.facilities[].enablementMinimum,number,150,,plateau,145.0
caseInputData,https://data.wa.aemo.com.au/public/market-data/wemde/caseInputData/current/,ReferenceDispatchCase_202608040800.json,,json,$.data.caseData[].markets.regulationRaise.facilities[].enablementMinimumValueUsed,number,150,,plateau,145.0
caseInputData,https://data.wa.aemo.com.au/public/market-data/wemde/caseInputData/current/,ReferenceDispatchCase_202608040800.json,,json,$.data.caseData[].markets.regulationRaise.facilities[].facilityCode,string,150,,plateau,COCKBURN_CCG1
caseInputData,https://data.wa.aemo.com.au/public/market-data/wemde/caseInputData/current/,ReferenceDispatchCase_202608040800.json,,json,$.data.caseData[].markets.regulationRaise.facilities[].highBreakpoint,number,150,,plateau,249.7
caseInputData,https://data.wa.aemo.com.au/public/market-data/wemde/caseInputData/current/,ReferenceDispatchCase_202608040800.json,,json,$.data.caseData[].markets.regulationRaise.facilities[].highBreakpointValueUsed,number,150,,plateau,242.0
caseInputData,https://data.wa.aemo.com.au/public/market-data/wemde/caseInputData/current/,ReferenceDispatchCase_202608040800.json,,json,$.data.caseData[].markets.regulationRaise.facilities[].lowBreakpoint,number,150,,plateau,145.0
caseInputData,https://data.wa.aemo.com.au/public/market-data/wemde/caseInputData/current/,ReferenceDispatchCase_202608040800.json,,json,$.data.caseData[].markets.regulationRaise.facilities[].lowBreakpointValueUsed,number,150,,plateau,145.0
caseInputData,https://data.wa.aemo.com.au/public/market-data/wemde/caseInputData/current/,ReferenceDispatchCase_202608040800.json,,json,$.data.caseData[].markets.regulationRaise.facilities[].maximumCapacity,number,150,,plateau,0.0
caseInputData,https://data.wa.aemo.com.au/public/market-data/wemde/caseInputData/current/,ReferenceDispatchCase_202608040800.json,,json,$.data.caseData[].markets.regulationRaise.facilities[].submissionCode,string,150,,plateau,market
caseInputData,https://data.wa.aemo.com.au/public/market-data/wemde/caseInputData/current/,ReferenceDispatchCase_202608040800.json,,json,$.data.caseData[].markets.regulationRaise.facilities[].submissionId,string,150,,plateau,8efc5da1-7043-4816-8510-d8c59cad844b
caseInputData,https://data.wa.aemo.com.au/public/market-data/wemde/caseInputData/current/,ReferenceDispatchCase_202608040800.json,,json,$.data.caseData[].markets.regulationRaise.facilities[].tranches,array,150,,plateau,
caseInputData,https://data.wa.aemo.com.au/public/market-data/wemde/caseInputData/current/,ReferenceDispatchCase_202608040800.json,,json,$.data.caseData[].markets.regulationRaise.facilities[].tranches[],object,342,,plateau,
caseInputData,https://data.wa.aemo.com.au/public/market-data/wemde/caseInputData/current/,ReferenceDispatchCase_202608040800.json,,json,$.data.caseData[].markets.regulationRaise.facilities[].tranches[].capacityType,string,342,,plateau,AVAILABLE
caseInputData,https://data.wa.aemo.com.au/public/market-data/wemde/caseInputData/current/,ReferenceDispatchCase_202608040800.json,,json,$.data.caseData[].markets.regulationRaise.facilities[].tranches[].fuelType,string,342,,plateau,NOT APPLICABLE
caseInputData,https://data.wa.aemo.com.au/public/market-data/wemde/caseInputData/current/,ReferenceDispatchCase_202608040800.json,,json,$.data.caseData[].markets.regulationRaise.facilities[].tranches[].lfaPrice,number,342,,plateau,0.0
caseInputData,https://data.wa.aemo.com.au/public/market-data/wemde/caseInputData/current/,ReferenceDispatchCase_202608040800.json,,json,$.data.caseData[].markets.regulationRaise.facilities[].tranches[].noticeTime,null|number,342,,plateau,99999
caseInputData,https://data.wa.aemo.com.au/public/market-data/wemde/caseInputData/current/,ReferenceDispatchCase_202608040800.json,,json,$.data.caseData[].markets.regulationRaise.facilities[].tranches[].quantity,number,342,,plateau,0.0
caseInputData,https://data.wa.aemo.com.au/public/market-data/wemde/caseInputData/current/,ReferenceDispatchCase_202608040800.json,,json,$.data.caseData[].markets.regulationRaise.facilities[].tranches[].submittedPrice,number,342,,plateau,223.0
caseInputData,https://data.wa.aemo.com.au/public/market-data/wemde/caseInputData/current/,ReferenceDispatchCase_202608040800.json,,json,$.data.caseData[].markets.regulationRaise.facilities[].tranches[].tranche,number,342,,plateau,1
caseInputData,https://data.wa.aemo.com.au/public/market-data/wemde/caseInputData/current/,ReferenceDispatchCase_202608040800.json,,json,$.data.caseData[].markets.regulationRaise.marketService,string,6,,plateau,regulationRaise
caseInputData,https://data.wa.aemo.com.au/public/market-data/wemde/caseInputData/current/,ReferenceDispatchCase_202608040800.json,,json,$.data.caseData[].markets.regulationRaise.overrideForecastRequirement,null,6,,plateau,
caseInputData,https://data.wa.aemo.com.au/public/market-data/wemde/caseInputData/current/,ReferenceDispatchCase_202608040800.json,,json,$.data.caseData[].markets.rocof,object,6,,plateau,
caseInputData,https://data.wa.aemo.com.au/public/market-data/wemde/caseInputData/current/,ReferenceDispatchCase_202608040800.json,,json,$.data.caseData[].markets.rocof.baseForecastRequirement,number,6,,plateau,0.0
caseInputData,https://data.wa.aemo.com.au/public/market-data/wemde/caseInputData/current/,ReferenceDispatchCase_202608040800.json,,json,$.data.caseData[].markets.rocof.facilities,array,6,,plateau,
caseInputData,https://data.wa.aemo.com.au/public/market-data/wemde/caseInputData/current/,ReferenceDispatchCase_202608040800.json,,json,$.data.caseData[].markets.rocof.facilities[],object,144,,plateau,
caseInputData,https://data.wa.aemo.com.au/public/market-data/wemde/caseInputData/current/,ReferenceDispatchCase_202608040800.json,,json,$.data.caseData[].markets.rocof.facilities[].enablementMaximum,number,144,,plateau,249.7
caseInputData,https://data.wa.aemo.com.au/public/market-data/wemde/caseInputData/current/,ReferenceDispatchCase_202608040800.json,,json,$.data.caseData[].markets.rocof.facilities[].enablementMaximumValueUsed,number,144,,plateau,242.0
caseInputData,https://data.wa.aemo.com.au/public/market-data/wemde/caseInputData/current/,ReferenceDispatchCase_202608040800.json,,json,$.data.caseData[].markets.rocof.facilities[].enablementMinimum,number,144,,plateau,145.0
caseInputData,https://data.wa.aemo.com.au/public/market-data/wemde/caseInputData/current/,ReferenceDispatchCase_202608040800.json,,json,$.data.caseData[].markets.rocof.facilities[].enablementMinimumValueUsed,number,144,,plateau,145.0
caseInputData,https://data.wa.aemo.com.au/public/market-data/wemde/caseInputData/current/,ReferenceDispatchCase_202608040800.json,,json,$.data.caseData[].markets.rocof.facilities[].facilityCode,string,144,,plateau,COCKBURN_CCG1
caseInputData,https://data.wa.aemo.com.au/public/market-data/wemde/caseInputData/current/,ReferenceDispatchCase_202608040800.json,,json,$.data.caseData[].markets.rocof.facilities[].highBreakpoint,number,144,,plateau,249.7
caseInputData,https://data.wa.aemo.com.au/public/market-data/wemde/caseInputData/current/,ReferenceDispatchCase_202608040800.json,,json,$.data.caseData[].markets.rocof.facilities[].highBreakpointValueUsed,number,144,,plateau,242.0
caseInputData,https://data.wa.aemo.com.au/public/market-data/wemde/caseInputData/current/,ReferenceDispatchCase_202608040800.json,,json,$.data.caseData[].markets.rocof.facilities[].lowBreakpoint,number,144,,plateau,145.0
caseInputData,https://data.wa.aemo.com.au/public/market-data/wemde/caseInputData/current/,ReferenceDispatchCase_202608040800.json,,json,$.data.caseData[].markets.rocof.facilities[].lowBreakpointValueUsed,number,144,,plateau,145.0
caseInputData,https://data.wa.aemo.com.au/public/market-data/wemde/caseInputData/current/,ReferenceDispatchCase_202608040800.json,,json,$.data.caseData[].markets.rocof.facilities[].maximumCapacity,number,144,,plateau,0.0
caseInputData,https://data.wa.aemo.com.au/public/market-data/wemde/caseInputData/current/,ReferenceDispatchCase_202608040800.json,,json,$.data.caseData[].markets.rocof.facilities[].submissionCode,string,144,,plateau,market
caseInputData,https://data.wa.aemo.com.au/public/market-data/wemde/caseInputData/current/,ReferenceDispatchCase_202608040800.json,,json,$.data.caseData[].markets.rocof.facilities[].submissionId,string,144,,plateau,8efc5da1-7043-4816-8510-d8c59cad844b
caseInputData,https://data.wa.aemo.com.au/public/market-data/wemde/caseInputData/current/,ReferenceDispatchCase_202608040800.json,,json,$.data.caseData[].markets.rocof.facilities[].tranches,array,144,,plateau,
caseInputData,https://data.wa.aemo.com.au/public/market-data/wemde/caseInputData/current/,ReferenceDispatchCase_202608040800.json,,json,$.data.caseData[].markets.rocof.facilities[].tranches[],object,156,,plateau,
caseInputData,https://data.wa.aemo.com.au/public/market-data/wemde/caseInputData/current/,ReferenceDispatchCase_202608040800.json,,json,$.data.caseData[].markets.rocof.facilities[].tranches[].capacityType,string,156,,plateau,IN-SERVICE
caseInputData,https://data.wa.aemo.com.au/public/market-data/wemde/caseInputData/current/,ReferenceDispatchCase_202608040800.json,,json,$.data.caseData[].markets.rocof.facilities[].tranches[].fuelType,string,156,,plateau,NOT APPLICABLE
caseInputData,https://data.wa.aemo.com.au/public/market-data/wemde/caseInputData/current/,ReferenceDispatchCase_202608040800.json,,json,$.data.caseData[].markets.rocof.facilities[].tranches[].lfaPrice,number,156,,plateau,0.0
caseInputData,https://data.wa.aemo.com.au/public/market-data/wemde/caseInputData/current/,ReferenceDispatchCase_202608040800.json,,json,$.data.caseData[].markets.rocof.facilities[].tranches[].noticeTime,null|number,156,,plateau,0
caseInputData,https://data.wa.aemo.com.au/public/market-data/wemde/caseInputData/current/,ReferenceDispatchCase_202608040800.json,,json,$.data.caseData[].markets.rocof.facilities[].tranches[].quantity,number,156,,plateau,0.0
caseInputData,https://data.wa.aemo.com.au/public/market-data/wemde/caseInputData/current/,ReferenceDispatchCase_202608040800.json,,json,$.data.caseData[].markets.rocof.facilities[].tranches[].submittedPrice,number,156,,plateau,0.0
caseInputData,https://data.wa.aemo.com.au/public/market-data/wemde/caseInputData/current/,ReferenceDispatchCase_202608040800.json,,json,$.data.caseData[].markets.rocof.facilities[].tranches[].tranche,number,156,,plateau,1
caseInputData,https://data.wa.aemo.com.au/public/market-data/wemde/caseInputData/current/,ReferenceDispatchCase_202608040800.json,,json,$.data.caseData[].markets.rocof.marketService,string,6,,plateau,rocof
caseInputData,https://data.wa.aemo.com.au/public/market-data/wemde/caseInputData/current/,ReferenceDispatchCase_202608040800.json,,json,$.data.caseData[].markets.rocof.overrideForecastRequirement,null,6,,plateau,
caseInputData,https://data.wa.aemo.com.au/public/market-data/wemde/caseInputData/current/,ReferenceDispatchCase_202608040800.json,,json,$.data.caseData[].parameters,array,7,,plateau,
caseInputData,https://data.wa.aemo.com.au/public/market-data/wemde/caseInputData/current/,ReferenceDispatchCase_202608040800.json,,json,$.data.caseData[].parameters[],object,203,,plateau,
caseInputData,https://data.wa.aemo.com.au/public/market-data/wemde/caseInputData/current/,ReferenceDispatchCase_202608040800.json,,json,$.data.caseData[].parameters[].name,string,203,,plateau,ContingencyLowerClearingPriceCeiling
caseInputData,https://data.wa.aemo.com.au/public/market-data/wemde/caseInputData/current/,ReferenceDispatchCase_202608040800.json,,json,$.data.caseData[].parameters[].value,number,203,,plateau,2222.0
caseInputData,https://data.wa.aemo.com.au/public/market-data/wemde/caseInputData/current/,ReferenceDispatchCase_202608040800.json,,json,$.data.caseData[].primaryDispatchInterval,string,7,,plateau,2026-08-04T08:00:00+08:00
caseInputData,https://data.wa.aemo.com.au/public/market-data/wemde/caseInputData/current/,ReferenceDispatchCase_202608040800.json,,json,$.data.caseData[].rcmData,array,6,,plateau,
caseInputData,https://data.wa.aemo.com.au/public/market-data/wemde/caseInputData/current/,ReferenceDispatchCase_202608040800.json,,json,$.data.caseData[].rcmData[],object,996,,plateau,
caseInputData,https://data.wa.aemo.com.au/public/market-data/wemde/caseInputData/current/,ReferenceDispatchCase_202608040800.json,,json,$.data.caseData[].rcmData[].facilityCode,string,996,,plateau,ALBANY_WF1
caseInputData,https://data.wa.aemo.com.au/public/market-data/wemde/caseInputData/current/,ReferenceDispatchCase_202608040800.json,,json,$.data.caseData[].rcmData[].rcoq,number,996,,plateau,0.0
caseInputData,https://data.wa.aemo.com.au/public/market-data/wemde/caseInputData/current/,ReferenceDispatchCase_202608040800.json,,json,$.data.caseData[].registrationData,array,6,,plateau,
caseInputData,https://data.wa.aemo.com.au/public/market-data/wemde/caseInputData/current/,ReferenceDispatchCase_202608040800.json,,json,$.data.caseData[].registrationData[],object,1026,,plateau,
caseInputData,https://data.wa.aemo.com.au/public/market-data/wemde/caseInputData/current/,ReferenceDispatchCase_202608040800.json,,json,$.data.caseData[].registrationData[].facilityCode,string,1026,,plateau,ALCOA_WGP
caseInputData,https://data.wa.aemo.com.au/public/market-data/wemde/caseInputData/current/,ReferenceDispatchCase_202608040800.json,,json,$.data.caseData[].registrationData[].facilityStandingData,object,1026,,plateau,
caseInputData,https://data.wa.aemo.com.au/public/market-data/wemde/caseInputData/current/,ReferenceDispatchCase_202608040800.json,,json,$.data.caseData[].registrationData[].facilityStandingData.effectiveDispatchIntervalFrom,string,1026,,plateau,2023-09-05T08:00:00+08:00
caseInputData,https://data.wa.aemo.com.au/public/market-data/wemde/caseInputData/current/,ReferenceDispatchCase_202608040800.json,,json,$.data.caseData[].registrationData[].facilityStandingData.facilityClass,string,1026,,plateau,SF
caseInputData,https://data.wa.aemo.com.au/public/market-data/wemde/caseInputData/current/,ReferenceDispatchCase_202608040800.json,,json,$.data.caseData[].registrationData[].facilityStandingData.facilityRegistrationStatus,string,1026,,plateau,REGISTERED
caseInputData,https://data.wa.aemo.com.au/public/market-data/wemde/caseInputData/current/,ReferenceDispatchCase_202608040800.json,,json,$.data.caseData[].registrationData[].facilityStandingData.inertia,number,1026,,plateau,434.0
caseInputData,https://data.wa.aemo.com.au/public/market-data/wemde/caseInputData/current/,ReferenceDispatchCase_202608040800.json,,json,$.data.caseData[].registrationData[].facilityStandingData.storageConstraints,boolean,1026,,plateau,False
caseInputData,https://data.wa.aemo.com.au/public/market-data/wemde/caseInputData/current/,ReferenceDispatchCase_202608040800.json,,json,$.data.caseData[].registrationData[].facilityStandingData.tauFactor,number,1026,,plateau,999.0
caseInputData,https://data.wa.aemo.com.au/public/market-data/wemde/caseInputData/current/,ReferenceDispatchCase_202608040800.json,,json,$.data.caseData[].registrationData[].facilityStandingData.unconstrainedForecastSource,string,1026,,plateau,rtms
caseInputData,https://data.wa.aemo.com.au/public/market-data/wemde/caseInputData/current/,ReferenceDispatchCase_202608040800.json,,json,$.data.caseData[].registrationData[].nol,boolean,1026,,plateau,False
caseInputData,https://data.wa.aemo.com.au/public/market-data/wemde/caseInputData/current/,ReferenceDispatchCase_202608040800.json,,json,$.data.caseData[].scada,array,7,,plateau,
caseInputData,https://data.wa.aemo.com.au/public/market-data/wemde/caseInputData/current/,ReferenceDispatchCase_202608040800.json,,json,$.data.caseData[].scada[],object,5628,,plateau,
caseInputData,https://data.wa.aemo.com.au/public/market-data/wemde/caseInputData/current/,ReferenceDispatchCase_202608040800.json,,json,$.data.caseData[].scada[].asAtTimeStamp,string,5628,,plateau,2026-08-04T07:59:24.188477+08:00
caseInputData,https://data.wa.aemo.com.au/public/market-data/wemde/caseInputData/current/,ReferenceDispatchCase_202608040800.json,,json,$.data.caseData[].scada[].dataSource,string,5628,,plateau,SCADA
caseInputData,https://data.wa.aemo.com.au/public/market-data/wemde/caseInputData/current/,ReferenceDispatchCase_202608040800.json,,json,$.data.caseData[].scada[].qualityFlag,string,5628,,plateau,good
caseInputData,https://data.wa.aemo.com.au/public/market-data/wemde/caseInputData/current/,ReferenceDispatchCase_202608040800.json,,json,$.data.caseData[].scada[].tag,string,5628,,plateau,dispatchCondition.loadRelief
caseInputData,https://data.wa.aemo.com.au/public/market-data/wemde/caseInputData/current/,ReferenceDispatchCase_202608040800.json,,json,$.data.caseData[].scada[].value,string,5628,,plateau,2
caseInputData,https://data.wa.aemo.com.au/public/market-data/wemde/caseInputData/current/,ReferenceDispatchCase_202608040800.json,,json,$.data.caseData[].scada[].valueDataType,string,5628,,plateau,number
caseInputData,https://data.wa.aemo.com.au/public/market-data/wemde/caseInputData/current/,ReferenceDispatchCase_202608040800.json,,json,$.data.caseData[].scenario,string,7,,plateau,Reference
caseInputData,https://data.wa.aemo.com.au/public/market-data/wemde/caseInputData/current/,ReferenceDispatchCase_202608040800.json,,json,$.data.caseData[].status,string,7,,plateau,Normal
caseInputData,https://data.wa.aemo.com.au/public/market-data/wemde/caseInputData/current/,ReferenceDispatchCase_202608040800.json,,json,$.data.caseData[].unconstrainedForecast,array,6,,plateau,
caseInputData,https://data.wa.aemo.com.au/public/market-data/wemde/caseInputData/current/,ReferenceDispatchCase_202608040800.json,,json,$.data.caseData[].unconstrainedForecast[],object,174,,plateau,
caseInputData,https://data.wa.aemo.com.au/public/market-data/wemde/caseInputData/current/,ReferenceDispatchCase_202608040800.json,,json,$.data.caseData[].unconstrainedForecast[].facilityCode,string,174,,plateau,AMBRISOLAR_PV1
caseInputData,https://data.wa.aemo.com.au/public/market-data/wemde/caseInputData/current/,ReferenceDispatchCase_202608040800.json,,json,$.data.caseData[].unconstrainedForecast[].unconstrainedInjectionForecastMw,number,174,,plateau,0.165
caseInputData,https://data.wa.aemo.com.au/public/market-data/wemde/caseInputData/current/,ReferenceDispatchCase_202608040800.json,,json,$.data.caseData[].unconstrainedForecast[].unconstrainedWithdrawalForecastMw,number,174,,plateau,0.0
caseInputData,https://data.wa.aemo.com.au/public/market-data/wemde/caseInputData/current/,ReferenceDispatchCase_202608040800.json,,json,$.data.dispatchDataIssueID,string,1,,plateau,20260806113007702_5260
dispatchSolution,https://data.wa.aemo.com.au/public/market-data/wemde/dispatchSolution/dispatchData/current/,ReferenceDispatchSolution_202608060800.json,,json,$,object,1,,plateau,
dispatchSolution,https://data.wa.aemo.com.au/public/market-data/wemde/dispatchSolution/dispatchData/current/,ReferenceDispatchSolution_202608060800.json,,json,$.data,object,1,,plateau,
dispatchSolution,https://data.wa.aemo.com.au/public/market-data/wemde/dispatchSolution/dispatchData/current/,ReferenceDispatchSolution_202608060800.json,,json,$.data.dispatchDataIssueID,string,1,,plateau,20260806080111917_2617
dispatchSolution,https://data.wa.aemo.com.au/public/market-data/wemde/dispatchSolution/dispatchData/current/,ReferenceDispatchSolution_202608060800.json,,json,$.data.primaryDispatchInterval,string,1,,plateau,2026-08-06T08:00:00+08:00
dispatchSolution,https://data.wa.aemo.com.au/public/market-data/wemde/dispatchSolution/dispatchData/current/,ReferenceDispatchSolution_202608060800.json,,json,$.data.solutionData,array,1,,plateau,
dispatchSolution,https://data.wa.aemo.com.au/public/market-data/wemde/dispatchSolution/dispatchData/current/,ReferenceDispatchSolution_202608060800.json,,json,$.data.solutionData[],object,10,,plateau,
dispatchSolution,https://data.wa.aemo.com.au/public/market-data/wemde/dispatchSolution/dispatchData/current/,ReferenceDispatchSolution_202608060800.json,,json,$.data.solutionData[].availableQuantities,object,9,,plateau,
dispatchSolution,https://data.wa.aemo.com.au/public/market-data/wemde/dispatchSolution/dispatchData/current/,ReferenceDispatchSolution_202608060800.json,,json,$.data.solutionData[].availableQuantities.contingencyLower,number,9,,plateau,155.7
dispatchSolution,https://data.wa.aemo.com.au/public/market-data/wemde/dispatchSolution/dispatchData/current/,ReferenceDispatchSolution_202608060800.json,,json,$.data.solutionData[].availableQuantities.contingencyRaise,number,9,,plateau,150.7
dispatchSolution,https://data.wa.aemo.com.au/public/market-data/wemde/dispatchSolution/dispatchData/current/,ReferenceDispatchSolution_202608060800.json,,json,$.data.solutionData[].availableQuantities.energyInjectionCapacity,number,9,,plateau,493.077
dispatchSolution,https://data.wa.aemo.com.au/public/market-data/wemde/dispatchSolution/dispatchData/current/,ReferenceDispatchSolution_202608060800.json,,json,$.data.solutionData[].availableQuantities.energyWithdrawalCapacity,number,9,,plateau,0.0
dispatchSolution,https://data.wa.aemo.com.au/public/market-data/wemde/dispatchSolution/dispatchData/current/,ReferenceDispatchSolution_202608060800.json,,json,$.data.solutionData[].availableQuantities.regulationLower,number,9,,plateau,162.1
dispatchSolution,https://data.wa.aemo.com.au/public/market-data/wemde/dispatchSolution/dispatchData/current/,ReferenceDispatchSolution_202608060800.json,,json,$.data.solutionData[].availableQuantities.regulationRaise,number,9,,plateau,162.1
dispatchSolution,https://data.wa.aemo.com.au/public/market-data/wemde/dispatchSolution/dispatchData/current/,ReferenceDispatchSolution_202608060800.json,,json,$.data.solutionData[].availableQuantities.rocof,number,9,,plateau,2294.0
dispatchSolution,https://data.wa.aemo.com.au/public/market-data/wemde/dispatchSolution/dispatchData/current/,ReferenceDispatchSolution_202608060800.json,,json,$.data.solutionData[].constraints,array,10,,plateau,
dispatchSolution,https://data.wa.aemo.com.au/public/market-data/wemde/dispatchSolution/dispatchData/current/,ReferenceDispatchSolution_202608060800.json,,json,$.data.solutionData[].constraints[],object,23683,,plateau,
dispatchSolution,https://data.wa.aemo.com.au/public/market-data/wemde/dispatchSolution/dispatchData/current/,ReferenceDispatchSolution_202608060800.json,,json,$.data.solutionData[].constraints[].bindingConstraintFlag,boolean,23683,,plateau,True
dispatchSolution,https://data.wa.aemo.com.au/public/market-data/wemde/dispatchSolution/dispatchData/current/,ReferenceDispatchSolution_202608060800.json,,json,$.data.solutionData[].constraints[].constraintType,string,23683,,plateau,Formulation
dispatchSolution,https://data.wa.aemo.com.au/public/market-data/wemde/dispatchSolution/dispatchData/current/,ReferenceDispatchSolution_202608060800.json,,json,$.data.solutionData[].constraints[].defaultRhs,number,23683,,plateau,0.0
dispatchSolution,https://data.wa.aemo.com.au/public/market-data/wemde/dispatchSolution/dispatchData/current/,ReferenceDispatchSolution_202608060800.json,,json,$.data.solutionData[].constraints[].description,string,23683,,plateau,System Energy Balance
dispatchSolution,https://data.wa.aemo.com.au/public/market-data/wemde/dispatchSolution/dispatchData/current/,ReferenceDispatchSolution_202608060800.json,,json,$.data.solutionData[].constraints[].id,string,23683,,plateau,SystemEnergyBalance
dispatchSolution,https://data.wa.aemo.com.au/public/market-data/wemde/dispatchSolution/dispatchData/current/,ReferenceDispatchSolution_202608060800.json,,json,$.data.solutionData[].constraints[].isInterventionEvent,boolean,23683,,plateau,False
dispatchSolution,https://data.wa.aemo.com.au/public/market-data/wemde/dispatchSolution/dispatchData/current/,ReferenceDispatchSolution_202608060800.json,,json,$.data.solutionData[].constraints[].leftHandSideValue,number,23683,,plateau,2677.4
dispatchSolution,https://data.wa.aemo.com.au/public/market-data/wemde/dispatchSolution/dispatchData/current/,ReferenceDispatchSolution_202608060800.json,,json,$.data.solutionData[].constraints[].nearBindingConstraintFlag,boolean,23683,,plateau,True
dispatchSolution,https://data.wa.aemo.com.au/public/market-data/wemde/dispatchSolution/dispatchData/current/,ReferenceDispatchSolution_202608060800.json,,json,$.data.solutionData[].constraints[].operator,string,23683,,plateau,EqualTo
dispatchSolution,https://data.wa.aemo.com.au/public/market-data/wemde/dispatchSolution/dispatchData/current/,ReferenceDispatchSolution_202608060800.json,,json,$.data.solutionData[].constraints[].rightHandSideValue,number,23683,,plateau,2677.4
dispatchSolution,https://data.wa.aemo.com.au/public/market-data/wemde/dispatchSolution/dispatchData/current/,ReferenceDispatchSolution_202608060800.json,,json,$.data.solutionData[].constraints[].shadowPrice,number,23683,,plateau,140.49
dispatchSolution,https://data.wa.aemo.com.au/public/market-data/wemde/dispatchSolution/dispatchData/current/,ReferenceDispatchSolution_202608060800.json,,json,$.data.solutionData[].constraints[].slackVariables,array,21141,,plateau,
dispatchSolution,https://data.wa.aemo.com.au/public/market-data/wemde/dispatchSolution/dispatchData/current/,ReferenceDispatchSolution_202608060800.json,,json,$.data.solutionData[].constraints[].slackVariables[],object,22158,,plateau,
dispatchSolution,https://data.wa.aemo.com.au/public/market-data/wemde/dispatchSolution/dispatchData/current/,ReferenceDispatchSolution_202608060800.json,,json,$.data.solutionData[].constraints[].slackVariables[].value,number,22157,,plateau,0.0
dispatchSolution,https://data.wa.aemo.com.au/public/market-data/wemde/dispatchSolution/dispatchData/current/,ReferenceDispatchSolution_202608060800.json,,json,$.data.solutionData[].constraints[].slackVariables[].variable,string,22157,,plateau,EnergyBalance_SlackDeficit
dispatchSolution,https://data.wa.aemo.com.au/public/market-data/wemde/dispatchSolution/dispatchData/current/,ReferenceDispatchSolution_202608060800.json,,json,$.data.solutionData[].contingencySolution,object,9,,plateau,
dispatchSolution,https://data.wa.aemo.com.au/public/market-data/wemde/dispatchSolution/dispatchData/current/,ReferenceDispatchSolution_202608060800.json,,json,$.data.solutionData[].contingencySolution.clearedContingencyLower,number,9,,plateau,66.684
dispatchSolution,https://data.wa.aemo.com.au/public/market-data/wemde/dispatchSolution/dispatchData/current/,ReferenceDispatchSolution_202608060800.json,,json,$.data.solutionData[].contingencySolution.clearedContingencyRaise,number,9,,plateau,295.175
dispatchSolution,https://data.wa.aemo.com.au/public/market-data/wemde/dispatchSolution/dispatchData/current/,ReferenceDispatchSolution_202608060800.json,,json,$.data.solutionData[].contingencySolution.contingencyLowerDeficit,number,9,,plateau,0.0
dispatchSolution,https://data.wa.aemo.com.au/public/market-data/wemde/dispatchSolution/dispatchData/current/,ReferenceDispatchSolution_202608060800.json,,json,$.data.solutionData[].contingencySolution.contingencyLowerOffset,number,9,,plateau,93.147
dispatchSolution,https://data.wa.aemo.com.au/public/market-data/wemde/dispatchSolution/dispatchData/current/,ReferenceDispatchSolution_202608060800.json,,json,$.data.solutionData[].contingencySolution.contingencyLowerRequirement,number,9,,plateau,66.684
dispatchSolution,https://data.wa.aemo.com.au/public/market-data/wemde/dispatchSolution/dispatchData/current/,ReferenceDispatchSolution_202608060800.json,,json,$.data.solutionData[].contingencySolution.contingencyRaiseDeficit,number,9,,plateau,0.0
dispatchSolution,https://data.wa.aemo.com.au/public/market-data/wemde/dispatchSolution/dispatchData/current/,ReferenceDispatchSolution_202608060800.json,,json,$.data.solutionData[].contingencySolution.contingencyRaiseOffset,number,9,,plateau,84.836
dispatchSolution,https://data.wa.aemo.com.au/public/market-data/wemde/dispatchSolution/dispatchData/current/,ReferenceDispatchSolution_202608060800.json,,json,$.data.solutionData[].contingencySolution.contingencyRaiseRequirement,number,9,,plateau,253.804
dispatchSolution,https://data.wa.aemo.com.au/public/market-data/wemde/dispatchSolution/dispatchData/current/,ReferenceDispatchSolution_202608060800.json,,json,$.data.solutionData[].contingencySolution.demandLevel,number,9,,plateau,2800.0
dispatchSolution,https://data.wa.aemo.com.au/public/market-data/wemde/dispatchSolution/dispatchData/current/,ReferenceDispatchSolution_202608060800.json,,json,$.data.solutionData[].contingencySolution.dpvLevel,number,9,,plateau,510.0
dispatchSolution,https://data.wa.aemo.com.au/public/market-data/wemde/dispatchSolution/dispatchData/current/,ReferenceDispatchSolution_202608060800.json,,json,$.data.solutionData[].contingencySolution.largestContingency,number,9,,plateau,338.64
dispatchSolution,https://data.wa.aemo.com.au/public/market-data/wemde/dispatchSolution/dispatchData/current/,ReferenceDispatchSolution_202608060800.json,,json,$.data.solutionData[].contingencySolution.largestLoadContingency,number,9,,plateau,159.831
dispatchSolution,https://data.wa.aemo.com.au/public/market-data/wemde/dispatchSolution/dispatchData/current/,ReferenceDispatchSolution_202608060800.json,,json,$.data.solutionData[].contingencySolution.solvedContingency,number,9,,plateau,390.0
dispatchSolution,https://data.wa.aemo.com.au/public/market-data/wemde/dispatchSolution/dispatchData/current/,ReferenceDispatchSolution_202608060800.json,,json,$.data.solutionData[].contingencySolution.solvedInertia,number,9,,plateau,19500.0
dispatchSolution,https://data.wa.aemo.com.au/public/market-data/wemde/dispatchSolution/dispatchData/current/,ReferenceDispatchSolution_202608060800.json,,json,$.data.solutionData[].definedContingency,array,10,,plateau,
dispatchSolution,https://data.wa.aemo.com.au/public/market-data/wemde/dispatchSolution/dispatchData/current/,ReferenceDispatchSolution_202608060800.json,,json,$.data.solutionData[].definedContingency[],object,90,,plateau,
dispatchSolution,https://data.wa.aemo.com.au/public/market-data/wemde/dispatchSolution/dispatchData/current/,ReferenceDispatchSolution_202608060800.json,,json,$.data.solutionData[].definedContingency[].id,string,90,,plateau,"NIL, Off(MRT81-MNC) * {MU-NGS-KDN X1, SPS_220TRIP} [SupplyRi"
dispatchSolution,https://data.wa.aemo.com.au/public/market-data/wemde/dispatchSolution/dispatchData/current/,ReferenceDispatchSolution_202608060800.json,,json,$.data.solutionData[].definedContingency[].valueOfContingency,number,90,,plateau,-95.573
dispatchSolution,https://data.wa.aemo.com.au/public/market-data/wemde/dispatchSolution/dispatchData/current/,ReferenceDispatchSolution_202608060800.json,,json,$.data.solutionData[].definedLoadContingency,array,9,,plateau,
dispatchSolution,https://data.wa.aemo.com.au/public/market-data/wemde/dispatchSolution/dispatchData/current/,ReferenceDispatchSolution_202608060800.json,,json,$.data.solutionData[].definedLoadContingency[],object,72,,plateau,
dispatchSolution,https://data.wa.aemo.com.au/public/market-data/wemde/dispatchSolution/dispatchData/current/,ReferenceDispatchSolution_202608060800.json,,json,$.data.solutionData[].definedLoadContingency[].associatedFacilities,array,72,,plateau,
dispatchSolution,https://data.wa.aemo.com.au/public/market-data/wemde/dispatchSolution/dispatchData/current/,ReferenceDispatchSolution_202608060800.json,,json,$.data.solutionData[].definedLoadContingency[].associatedFacilities[],object,225,,plateau,
dispatchSolution,https://data.wa.aemo.com.au/public/market-data/wemde/dispatchSolution/dispatchData/current/,ReferenceDispatchSolution_202608060800.json,,json,$.data.solutionData[].definedLoadContingency[].associatedFacilities[].contribution,number,225,,plateau,0.0
dispatchSolution,https://data.wa.aemo.com.au/public/market-data/wemde/dispatchSolution/dispatchData/current/,ReferenceDispatchSolution_202608060800.json,,json,$.data.solutionData[].definedLoadContingency[].associatedFacilities[].facilityCode,string,225,,plateau,COLLIE_BESS2
dispatchSolution,https://data.wa.aemo.com.au/public/market-data/wemde/dispatchSolution/dispatchData/current/,ReferenceDispatchSolution_202608060800.json,,json,$.data.solutionData[].definedLoadContingency[].associatedFacilities[].marketService,string,225,,plateau,energy
dispatchSolution,https://data.wa.aemo.com.au/public/market-data/wemde/dispatchSolution/dispatchData/current/,ReferenceDispatchSolution_202608060800.json,,json,$.data.solutionData[].definedLoadContingency[].id,string,72,,plateau,NIL * {TS-GGV 81} [LoadRisk]
dispatchSolution,https://data.wa.aemo.com.au/public/market-data/wemde/dispatchSolution/dispatchData/current/,ReferenceDispatchSolution_202608060800.json,,json,$.data.solutionData[].definedLoadContingency[].loadContribution,number,72,,plateau,14.207
dispatchSolution,https://data.wa.aemo.com.au/public/market-data/wemde/dispatchSolution/dispatchData/current/,ReferenceDispatchSolution_202608060800.json,,json,$.data.solutionData[].definedLoadContingency[].valueOfContingency,number,72,,plateau,14.207
dispatchSolution,https://data.wa.aemo.com.au/public/market-data/wemde/dispatchSolution/dispatchData/current/,ReferenceDispatchSolution_202608060800.json,,json,$.data.solutionData[].dispatchCaps,array,10,,plateau,
dispatchSolution,https://data.wa.aemo.com.au/public/market-data/wemde/dispatchSolution/dispatchData/current/,ReferenceDispatchSolution_202608060800.json,,json,$.data.solutionData[].dispatchCaps[],object,130,,plateau,
dispatchSolution,https://data.wa.aemo.com.au/public/market-data/wemde/dispatchSolution/dispatchData/current/,ReferenceDispatchSolution_202608060800.json,,json,$.data.solutionData[].dispatchCaps[].dispatchCap,number,130,,plateau,80.0
dispatchSolution,https://data.wa.aemo.com.au/public/market-data/wemde/dispatchSolution/dispatchData/current/,ReferenceDispatchSolution_202608060800.json,,json,$.data.solutionData[].dispatchCaps[].facilityCode,string,130,,plateau,EDWFMAN_WF1
dispatchSolution,https://data.wa.aemo.com.au/public/market-data/wemde/dispatchSolution/dispatchData/current/,ReferenceDispatchSolution_202608060800.json,,json,$.data.solutionData[].dispatchInterval,string,10,,plateau,2026-08-06T08:00:00+08:00
dispatchSolution,https://data.wa.aemo.com.au/public/market-data/wemde/dispatchSolution/dispatchData/current/,ReferenceDispatchSolution_202608060800.json,,json,$.data.solutionData[].dispatchRunId,string,10,,plateau,9eb121fb-0da6-42f8-c460-08def34d96b8
dispatchSolution,https://data.wa.aemo.com.au/public/market-data/wemde/dispatchSolution/dispatchData/current/,ReferenceDispatchSolution_202608060800.json,,json,$.data.solutionData[].dispatchTotal,object,9,,plateau,
dispatchSolution,https://data.wa.aemo.com.au/public/market-data/wemde/dispatchSolution/dispatchData/current/,ReferenceDispatchSolution_202608060800.json,,json,$.data.solutionData[].dispatchTotal.contingencyLower,number,9,,plateau,66.684
dispatchSolution,https://data.wa.aemo.com.au/public/market-data/wemde/dispatchSolution/dispatchData/current/,ReferenceDispatchSolution_202608060800.json,,json,$.data.solutionData[].dispatchTotal.contingencyRaise,number,9,,plateau,295.175
dispatchSolution,https://data.wa.aemo.com.au/public/market-data/wemde/dispatchSolution/dispatchData/current/,ReferenceDispatchSolution_202608060800.json,,json,$.data.solutionData[].dispatchTotal.energyInjectionCapacity,number,9,,plateau,2677.4
dispatchSolution,https://data.wa.aemo.com.au/public/market-data/wemde/dispatchSolution/dispatchData/current/,ReferenceDispatchSolution_202608060800.json,,json,$.data.solutionData[].dispatchTotal.energyWithdrawalCapacity,number,9,,plateau,0.0
dispatchSolution,https://data.wa.aemo.com.au/public/market-data/wemde/dispatchSolution/dispatchData/current/,ReferenceDispatchSolution_202608060800.json,,json,$.data.solutionData[].dispatchTotal.regulationLower,number,9,,plateau,110.0
dispatchSolution,https://data.wa.aemo.com.au/public/market-data/wemde/dispatchSolution/dispatchData/current/,ReferenceDispatchSolution_202608060800.json,,json,$.data.solutionData[].dispatchTotal.regulationRaise,number,9,,plateau,110.0
dispatchSolution,https://data.wa.aemo.com.au/public/market-data/wemde/dispatchSolution/dispatchData/current/,ReferenceDispatchSolution_202608060800.json,,json,$.data.solutionData[].dispatchTotal.rocof,number,9,,plateau,13885.9
dispatchSolution,https://data.wa.aemo.com.au/public/market-data/wemde/dispatchSolution/dispatchData/current/,ReferenceDispatchSolution_202608060800.json,,json,$.data.solutionData[].dispatchType,string,10,,plateau,Dispatch
dispatchSolution,https://data.wa.aemo.com.au/public/market-data/wemde/dispatchSolution/dispatchData/current/,ReferenceDispatchSolution_202608060800.json,,json,$.data.solutionData[].facilityScheduleDetails,array,10,,plateau,
dispatchSolution,https://data.wa.aemo.com.au/public/market-data/wemde/dispatchSolution/dispatchData/current/,ReferenceDispatchSolution_202608060800.json,,json,$.data.solutionData[].facilityScheduleDetails[],object,1710,,plateau,
dispatchSolution,https://data.wa.aemo.com.au/public/market-data/wemde/dispatchSolution/dispatchData/current/,ReferenceDispatchSolution_202608060800.json,,json,$.data.solutionData[].facilityScheduleDetails[].congestionRental,number,1710,,plateau,0.0
dispatchSolution,https://data.wa.aemo.com.au/public/market-data/wemde/dispatchSolution/dispatchData/current/,ReferenceDispatchSolution_202608060800.json,,json,$.data.solutionData[].facilityScheduleDetails[].contingency,number,1710,,plateau,40.022
dispatchSolution,https://data.wa.aemo.com.au/public/market-data/wemde/dispatchSolution/dispatchData/current/,ReferenceDispatchSolution_202608060800.json,,json,$.data.solutionData[].facilityScheduleDetails[].contingencyLowerPF,number,1710,,plateau,1.0
dispatchSolution,https://data.wa.aemo.com.au/public/market-data/wemde/dispatchSolution/dispatchData/current/,ReferenceDispatchSolution_202608060800.json,,json,$.data.solutionData[].facilityScheduleDetails[].contingencyRaisePF,number,1710,,plateau,0.0
dispatchSolution,https://data.wa.aemo.com.au/public/market-data/wemde/dispatchSolution/dispatchData/current/,ReferenceDispatchSolution_202608060800.json,,json,$.data.solutionData[].facilityScheduleDetails[].estimatedFcessUpliftPayment,number,1710,,plateau,0.0
dispatchSolution,https://data.wa.aemo.com.au/public/market-data/wemde/dispatchSolution/dispatchData/current/,ReferenceDispatchSolution_202608060800.json,,json,$.data.solutionData[].facilityScheduleDetails[].facilityCode,string,1710,,plateau,ALCOA_WGP
dispatchSolution,https://data.wa.aemo.com.au/public/market-data/wemde/dispatchSolution/dispatchData/current/,ReferenceDispatchSolution_202608060800.json,,json,$.data.solutionData[].facilityScheduleDetails[].facilityLowerRisk,number,1710,,plateau,0.0
dispatchSolution,https://data.wa.aemo.com.au/public/market-data/wemde/dispatchSolution/dispatchData/current/,ReferenceDispatchSolution_202608060800.json,,json,$.data.solutionData[].facilityScheduleDetails[].facilityRisk,number,1710,,plateau,0.0
dispatchSolution,https://data.wa.aemo.com.au/public/market-data/wemde/dispatchSolution/dispatchData/current/,ReferenceDispatchSolution_202608060800.json,,json,$.data.solutionData[].facilityScheduleDetails[].fastStartFlag,boolean,1710,,plateau,False
dispatchSolution,https://data.wa.aemo.com.au/public/market-data/wemde/dispatchSolution/dispatchData/current/,ReferenceDispatchSolution_202608060800.json,,json,$.data.solutionData[].facilityScheduleDetails[].fastStartInitialMode,number,1710,,plateau,0
dispatchSolution,https://data.wa.aemo.com.au/public/market-data/wemde/dispatchSolution/dispatchData/current/,ReferenceDispatchSolution_202608060800.json,,json,$.data.solutionData[].facilityScheduleDetails[].fastStartInitialModeTime,number,1710,,plateau,0
dispatchSolution,https://data.wa.aemo.com.au/public/market-data/wemde/dispatchSolution/dispatchData/current/,ReferenceDispatchSolution_202608060800.json,,json,$.data.solutionData[].facilityScheduleDetails[].fastStartTargetMode,number,1710,,plateau,0
dispatchSolution,https://data.wa.aemo.com.au/public/market-data/wemde/dispatchSolution/dispatchData/current/,ReferenceDispatchSolution_202608060800.json,,json,$.data.solutionData[].facilityScheduleDetails[].fastStartTargetModeTime,number,1710,,plateau,0
dispatchSolution,https://data.wa.aemo.com.au/public/market-data/wemde/dispatchSolution/dispatchData/current/,ReferenceDispatchSolution_202608060800.json,,json,$.data.solutionData[].facilityScheduleDetails[].initialMw,number,1710,,plateau,0.0
dispatchSolution,https://data.wa.aemo.com.au/public/market-data/wemde/dispatchSolution/dispatchData/current/,ReferenceDispatchSolution_202608060800.json,,json,$.data.solutionData[].facilityScheduleDetails[].loadContingency,number,1710,,plateau,0.0
dispatchSolution,https://data.wa.aemo.com.au/public/market-data/wemde/dispatchSolution/dispatchData/current/,ReferenceDispatchSolution_202608060800.json,,json,$.data.solutionData[].facilityScheduleDetails[].nolDemand,number,1710,,plateau,0.0
dispatchSolution,https://data.wa.aemo.com.au/public/market-data/wemde/dispatchSolution/dispatchData/current/,ReferenceDispatchSolution_202608060800.json,,json,$.data.solutionData[].facilityScheduleDetails[].projectedChargeLevel,null|number,1710,,plateau,-102.921
dispatchSolution,https://data.wa.aemo.com.au/public/market-data/wemde/dispatchSolution/dispatchData/current/,ReferenceDispatchSolution_202608060800.json,,json,$.data.solutionData[].facilityScheduleDetails[].projectedDischargeLevel,null|number,1710,,plateau,78.999
dispatchSolution,https://data.wa.aemo.com.au/public/market-data/wemde/dispatchSolution/dispatchData/current/,ReferenceDispatchSolution_202608060800.json,,json,$.data.solutionData[].facilityScheduleDetails[].regulationLowerPF,number,1710,,plateau,1.0
dispatchSolution,https://data.wa.aemo.com.au/public/market-data/wemde/dispatchSolution/dispatchData/current/,ReferenceDispatchSolution_202608060800.json,,json,$.data.solutionData[].facilityScheduleDetails[].regulationRaisePF,number,1710,,plateau,1.0
dispatchSolution,https://data.wa.aemo.com.au/public/market-data/wemde/dispatchSolution/dispatchData/current/,ReferenceDispatchSolution_202608060800.json,,json,$.data.solutionData[].facilityScheduleDetails[].rocofPF,number,1710,,plateau,1.0
dispatchSolution,https://data.wa.aemo.com.au/public/market-data/wemde/dispatchSolution/dispatchData/current/,ReferenceDispatchSolution_202608060800.json,,json,$.data.solutionData[].fcessMarketClearingPriceCeilings,array,9,,plateau,
dispatchSolution,https://data.wa.aemo.com.au/public/market-data/wemde/dispatchSolution/dispatchData/current/,ReferenceDispatchSolution_202608060800.json,,json,$.data.solutionData[].fcessMarketClearingPriceCeilings[],object,45,,plateau,
dispatchSolution,https://data.wa.aemo.com.au/public/market-data/wemde/dispatchSolution/dispatchData/current/,ReferenceDispatchSolution_202608060800.json,,json,$.data.solutionData[].fcessMarketClearingPriceCeilings[].fcessMarketService,string,45,,plateau,regulationRaise
dispatchSolution,https://data.wa.aemo.com.au/public/market-data/wemde/dispatchSolution/dispatchData/current/,ReferenceDispatchSolution_202608060800.json,,json,$.data.solutionData[].fcessMarketClearingPriceCeilings[].priceCeiling,number,45,,plateau,2423.0
dispatchSolution,https://data.wa.aemo.com.au/public/market-data/wemde/dispatchSolution/dispatchData/current/,ReferenceDispatchSolution_202608060800.json,,json,$.data.solutionData[].inServiceQuantities,object,9,,plateau,
dispatchSolution,https://data.wa.aemo.com.au/public/market-data/wemde/dispatchSolution/dispatchData/current/,ReferenceDispatchSolution_202608060800.json,,json,$.data.solutionData[].inServiceQuantities.contingencyLower,number,9,,plateau,1473.499
dispatchSolution,https://data.wa.aemo.com.au/public/market-data/wemde/dispatchSolution/dispatchData/current/,ReferenceDispatchSolution_202608060800.json,,json,$.data.solutionData[].inServiceQuantities.contingencyRaise,number,9,,plateau,1381.394
dispatchSolution,https://data.wa.aemo.com.au/public/market-data/wemde/dispatchSolution/dispatchData/current/,ReferenceDispatchSolution_202608060800.json,,json,$.data.solutionData[].inServiceQuantities.energyInjectionCapacity,number,9,,plateau,4949.477
dispatchSolution,https://data.wa.aemo.com.au/public/market-data/wemde/dispatchSolution/dispatchData/current/,ReferenceDispatchSolution_202608060800.json,,json,$.data.solutionData[].inServiceQuantities.energyWithdrawalCapacity,number,9,,plateau,-1100.0
dispatchSolution,https://data.wa.aemo.com.au/public/market-data/wemde/dispatchSolution/dispatchData/current/,ReferenceDispatchSolution_202608060800.json,,json,$.data.solutionData[].inServiceQuantities.regulationLower,number,9,,plateau,916.24
dispatchSolution,https://data.wa.aemo.com.au/public/market-data/wemde/dispatchSolution/dispatchData/current/,ReferenceDispatchSolution_202608060800.json,,json,$.data.solutionData[].inServiceQuantities.regulationRaise,number,9,,plateau,916.24
dispatchSolution,https://data.wa.aemo.com.au/public/market-data/wemde/dispatchSolution/dispatchData/current/,ReferenceDispatchSolution_202608060800.json,,json,$.data.solutionData[].inServiceQuantities.rocof,number,9,,plateau,14161.9
dispatchSolution,https://data.wa.aemo.com.au/public/market-data/wemde/dispatchSolution/dispatchData/current/,ReferenceDispatchSolution_202608060800.json,,json,$.data.solutionData[].marketServiceRequirements,object,9,,plateau,
dispatchSolution,https://data.wa.aemo.com.au/public/market-data/wemde/dispatchSolution/dispatchData/current/,ReferenceDispatchSolution_202608060800.json,,json,$.data.solutionData[].marketServiceRequirements.contingencyLower,number,9,,plateau,66.684
dispatchSolution,https://data.wa.aemo.com.au/public/market-data/wemde/dispatchSolution/dispatchData/current/,ReferenceDispatchSolution_202608060800.json,,json,$.data.solutionData[].marketServiceRequirements.contingencyRaise,number,9,,plateau,253.804
dispatchSolution,https://data.wa.aemo.com.au/public/market-data/wemde/dispatchSolution/dispatchData/current/,ReferenceDispatchSolution_202608060800.json,,json,$.data.solutionData[].marketServiceRequirements.energy,number,9,,plateau,2677.400
dispatchSolution,https://data.wa.aemo.com.au/public/market-data/wemde/dispatchSolution/dispatchData/current/,ReferenceDispatchSolution_202608060800.json,,json,$.data.solutionData[].marketServiceRequirements.regulationLower,number,9,,plateau,110.000
dispatchSolution,https://data.wa.aemo.com.au/public/market-data/wemde/dispatchSolution/dispatchData/current/,ReferenceDispatchSolution_202608060800.json,,json,$.data.solutionData[].marketServiceRequirements.regulationRaise,number,9,,plateau,110.000
dispatchSolution,https://data.wa.aemo.com.au/public/market-data/wemde/dispatchSolution/dispatchData/current/,ReferenceDispatchSolution_202608060800.json,,json,$.data.solutionData[].marketServiceRequirements.rocof,number,9,,plateau,13885.9
dispatchSolution,https://data.wa.aemo.com.au/public/market-data/wemde/dispatchSolution/dispatchData/current/,ReferenceDispatchSolution_202608060800.json,,json,$.data.solutionData[].marketShortfalls,object,9,,plateau,
dispatchSolution,https://data.wa.aemo.com.au/public/market-data/wemde/dispatchSolution/dispatchData/current/,ReferenceDispatchSolution_202608060800.json,,json,$.data.solutionData[].marketShortfalls.contingencyLowerDeficit,number,9,,plateau,0.0
dispatchSolution,https://data.wa.aemo.com.au/public/market-data/wemde/dispatchSolution/dispatchData/current/,ReferenceDispatchSolution_202608060800.json,,json,$.data.solutionData[].marketShortfalls.contingencyRaiseDeficit,number,9,,plateau,0.0
dispatchSolution,https://data.wa.aemo.com.au/public/market-data/wemde/dispatchSolution/dispatchData/current/,ReferenceDispatchSolution_202608060800.json,,json,$.data.solutionData[].marketShortfalls.energyDeficit,number,9,,plateau,0.0
dispatchSolution,https://data.wa.aemo.com.au/public/market-data/wemde/dispatchSolution/dispatchData/current/,ReferenceDispatchSolution_202608060800.json,,json,$.data.solutionData[].marketShortfalls.regulationLowerDeficit,number,9,,plateau,0.0
dispatchSolution,https://data.wa.aemo.com.au/public/market-data/wemde/dispatchSolution/dispatchData/current/,ReferenceDispatchSolution_202608060800.json,,json,$.data.solutionData[].marketShortfalls.regulationRaiseDeficit,number,9,,plateau,0.0
dispatchSolution,https://data.wa.aemo.com.au/public/market-data/wemde/dispatchSolution/dispatchData/current/,ReferenceDispatchSolution_202608060800.json,,json,$.data.solutionData[].marketShortfalls.rocofDeficit,number,9,,plateau,0.0
dispatchSolution,https://data.wa.aemo.com.au/public/market-data/wemde/dispatchSolution/dispatchData/current/,ReferenceDispatchSolution_202608060800.json,,json,$.data.solutionData[].objectiveFunctionValue,number,10,,plateau,343607.0632
dispatchSolution,https://data.wa.aemo.com.au/public/market-data/wemde/dispatchSolution/dispatchData/current/,ReferenceDispatchSolution_202608060800.json,,json,$.data.solutionData[].priceSetting,array,9,,plateau,
dispatchSolution,https://data.wa.aemo.com.au/public/market-data/wemde/dispatchSolution/dispatchData/current/,ReferenceDispatchSolution_202608060800.json,,json,$.data.solutionData[].priceSetting[],object,54,,plateau,
dispatchSolution,https://data.wa.aemo.com.au/public/market-data/wemde/dispatchSolution/dispatchData/current/,ReferenceDispatchSolution_202608060800.json,,json,$.data.solutionData[].priceSetting[].contributions,array,54,,plateau,
dispatchSolution,https://data.wa.aemo.com.au/public/market-data/wemde/dispatchSolution/dispatchData/current/,ReferenceDispatchSolution_202608060800.json,,json,$.data.solutionData[].priceSetting[].contributions[],object,80,,plateau,
dispatchSolution,https://data.wa.aemo.com.au/public/market-data/wemde/dispatchSolution/dispatchData/current/,ReferenceDispatchSolution_202608060800.json,,json,$.data.solutionData[].priceSetting[].contributions[].byHowMuch,number,80,,plateau,1.3717421124828533
dispatchSolution,https://data.wa.aemo.com.au/public/market-data/wemde/dispatchSolution/dispatchData/current/,ReferenceDispatchSolution_202608060800.json,,json,$.data.solutionData[].priceSetting[].contributions[].contributingVariable,string,80,,plateau,PINJAR_GT10_contingencyRaise_Tranche_01
dispatchSolution,https://data.wa.aemo.com.au/public/market-data/wemde/dispatchSolution/dispatchData/current/,ReferenceDispatchSolution_202608060800.json,,json,$.data.solutionData[].priceSetting[].contributions[].objectiveCoefficient,number,80,,plateau,0.0
dispatchSolution,https://data.wa.aemo.com.au/public/market-data/wemde/dispatchSolution/dispatchData/current/,ReferenceDispatchSolution_202608060800.json,,json,$.data.solutionData[].priceSetting[].isMarketServiceCapped,boolean,54,,plateau,False
dispatchSolution,https://data.wa.aemo.com.au/public/market-data/wemde/dispatchSolution/dispatchData/current/,ReferenceDispatchSolution_202608060800.json,,json,$.data.solutionData[].priceSetting[].marketService,string,54,,plateau,energy
dispatchSolution,https://data.wa.aemo.com.au/public/market-data/wemde/dispatchSolution/dispatchData/current/,ReferenceDispatchSolution_202608060800.json,,json,$.data.solutionData[].prices,object,9,,plateau,
dispatchSolution,https://data.wa.aemo.com.au/public/market-data/wemde/dispatchSolution/dispatchData/current/,ReferenceDispatchSolution_202608060800.json,,json,$.data.solutionData[].prices.contingencyLower,number,9,,plateau,0.0
dispatchSolution,https://data.wa.aemo.com.au/public/market-data/wemde/dispatchSolution/dispatchData/current/,ReferenceDispatchSolution_202608060800.json,,json,$.data.solutionData[].prices.contingencyRaise,number,9,,plateau,0.0
dispatchSolution,https://data.wa.aemo.com.au/public/market-data/wemde/dispatchSolution/dispatchData/current/,ReferenceDispatchSolution_202608060800.json,,json,$.data.solutionData[].prices.energy,number,9,,plateau,140.49
dispatchSolution,https://data.wa.aemo.com.au/public/market-data/wemde/dispatchSolution/dispatchData/current/,ReferenceDispatchSolution_202608060800.json,,json,$.data.solutionData[].prices.regulationLower,number,9,,plateau,0.0
dispatchSolution,https://data.wa.aemo.com.au/public/market-data/wemde/dispatchSolution/dispatchData/current/,ReferenceDispatchSolution_202608060800.json,,json,$.data.solutionData[].prices.regulationRaise,number,9,,plateau,0.0
dispatchSolution,https://data.wa.aemo.com.au/public/market-data/wemde/dispatchSolution/dispatchData/current/,ReferenceDispatchSolution_202608060800.json,,json,$.data.solutionData[].prices.rocof,number,9,,plateau,0.0
dispatchSolution,https://data.wa.aemo.com.au/public/market-data/wemde/dispatchSolution/dispatchData/current/,ReferenceDispatchSolution_202608060800.json,,json,$.data.solutionData[].rocofControlRequirements,object,9,,plateau,
dispatchSolution,https://data.wa.aemo.com.au/public/market-data/wemde/dispatchSolution/dispatchData/current/,ReferenceDispatchSolution_202608060800.json,,json,$.data.solutionData[].rocofControlRequirements.additionalRocofControlRequirement,number,9,,plateau,9538.612
dispatchSolution,https://data.wa.aemo.com.au/public/market-data/wemde/dispatchSolution/dispatchData/current/,ReferenceDispatchSolution_202608060800.json,,json,$.data.solutionData[].rocofControlRequirements.minimumRocofControlRequirement,number,9,,plateau,4347.288
dispatchSolution,https://data.wa.aemo.com.au/public/market-data/wemde/dispatchSolution/dispatchData/current/,ReferenceDispatchSolution_202608060800.json,,json,$.data.solutionData[].rocofControlRequirements.rocofControlRequirement,number,9,,plateau,13885.9
dispatchSolution,https://data.wa.aemo.com.au/public/market-data/wemde/dispatchSolution/dispatchData/current/,ReferenceDispatchSolution_202608060800.json,,json,$.data.solutionData[].runId,string,10,,plateau,49173fc3-6cdd-4031-bf28-08def34d96b8
dispatchSolution,https://data.wa.aemo.com.au/public/market-data/wemde/dispatchSolution/dispatchData/current/,ReferenceDispatchSolution_202608060800.json,,json,$.data.solutionData[].runIterationInformation,object,10,,plateau,
dispatchSolution,https://data.wa.aemo.com.au/public/market-data/wemde/dispatchSolution/dispatchData/current/,ReferenceDispatchSolution_202608060800.json,,json,$.data.solutionData[].runIterationInformation.fastStart,boolean,10,,plateau,False
dispatchSolution,https://data.wa.aemo.com.au/public/market-data/wemde/dispatchSolution/dispatchData/current/,ReferenceDispatchSolution_202608060800.json,,json,$.data.solutionData[].runIterationInformation.intervention,boolean,10,,plateau,False
dispatchSolution,https://data.wa.aemo.com.au/public/market-data/wemde/dispatchSolution/dispatchData/current/,ReferenceDispatchSolution_202608060800.json,,json,$.data.solutionData[].runIterationInformation.ocd,boolean,10,,plateau,True
dispatchSolution,https://data.wa.aemo.com.au/public/market-data/wemde/dispatchSolution/dispatchData/current/,ReferenceDispatchSolution_202608060800.json,,json,$.data.solutionData[].scenario,string,10,,plateau,Reference
dispatchSolution,https://data.wa.aemo.com.au/public/market-data/wemde/dispatchSolution/dispatchData/current/,ReferenceDispatchSolution_202608060800.json,,json,$.data.solutionData[].schedule,array,10,,plateau,
dispatchSolution,https://data.wa.aemo.com.au/public/market-data/wemde/dispatchSolution/dispatchData/current/,ReferenceDispatchSolution_202608060800.json,,json,$.data.solutionData[].schedule[],object,60,,plateau,
dispatchSolution,https://data.wa.aemo.com.au/public/market-data/wemde/dispatchSolution/dispatchData/current/,ReferenceDispatchSolution_202608060800.json,,json,$.data.solutionData[].schedule[].facilitySchedule,array,60,,plateau,
dispatchSolution,https://data.wa.aemo.com.au/public/market-data/wemde/dispatchSolution/dispatchData/current/,ReferenceDispatchSolution_202608060800.json,,json,$.data.solutionData[].schedule[].facilitySchedule[],object,2960,,plateau,
dispatchSolution,https://data.wa.aemo.com.au/public/market-data/wemde/dispatchSolution/dispatchData/current/,ReferenceDispatchSolution_202608060800.json,,json,$.data.solutionData[].schedule[].facilitySchedule[].essPreProcessingConditionFlag,boolean,1290,,plateau,False
dispatchSolution,https://data.wa.aemo.com.au/public/market-data/wemde/dispatchSolution/dispatchData/current/,ReferenceDispatchSolution_202608060800.json,,json,$.data.solutionData[].schedule[].facilitySchedule[].facilityCode,string,2960,,plateau,ALCOA_WGP
dispatchSolution,https://data.wa.aemo.com.au/public/market-data/wemde/dispatchSolution/dispatchData/current/,ReferenceDispatchSolution_202608060800.json,,json,$.data.solutionData[].schedule[].facilitySchedule[].quantity,number,2960,,plateau,0.0
dispatchSolution,https://data.wa.aemo.com.au/public/market-data/wemde/dispatchSolution/dispatchData/current/,ReferenceDispatchSolution_202608060800.json,,json,$.data.solutionData[].schedule[].marketService,string,60,,plateau,energy
dispatchSolution,https://data.wa.aemo.com.au/public/market-data/wemde/dispatchSolution/dispatchData/current/,ReferenceDispatchSolution_202608060800.json,,json,$.data.solutionData[].solveFinishAsAtTS,string,10,,plateau,2026-08-06T07:59:32.7262707+08:00
dispatchSolution,https://data.wa.aemo.com.au/public/market-data/wemde/dispatchSolution/dispatchData/current/,ReferenceDispatchSolution_202608060800.json,,json,$.data.solutionData[].solveStartAsAtTS,string,10,,plateau,2026-08-06T07:59:30.9018962+08:00
dispatchSolution,https://data.wa.aemo.com.au/public/market-data/wemde/dispatchSolution/dispatchData/current/,ReferenceDispatchSolution_202608060800.json,,json,$.data.solutionData[].solveStatus,string,10,,plateau,Optimal
dispatchSolution,https://data.wa.aemo.com.au/public/market-data/wemde/dispatchSolution/dispatchData/current/,ReferenceDispatchSolution_202608060800.json,,json,$.data.solutionData[].status,string,10,,plateau,Normal
dispatchSolution,https://data.wa.aemo.com.au/public/market-data/wemde/dispatchSolution/dispatchData/current/,ReferenceDispatchSolution_202608060800.json,,json,$.data.solutionData[].trapeziumAdjustments,array,10,,plateau,
dispatchSolution,https://data.wa.aemo.com.au/public/market-data/wemde/dispatchSolution/dispatchData/current/,ReferenceDispatchSolution_202608060800.json,,json,$.data.solutionData[].trapeziumAdjustments[],object,60,,plateau,
dispatchSolution,https://data.wa.aemo.com.au/public/market-data/wemde/dispatchSolution/dispatchData/current/,ReferenceDispatchSolution_202608060800.json,,json,$.data.solutionData[].trapeziumAdjustments[].marketService,string,60,,plateau,energy
dispatchSolution,https://data.wa.aemo.com.au/public/market-data/wemde/dispatchSolution/dispatchData/current/,ReferenceDispatchSolution_202608060800.json,,json,$.data.solutionData[].trapeziumAdjustments[].trapeziumAdjustmentDetails,array,60,,plateau,
dispatchSolution,https://data.wa.aemo.com.au/public/market-data/wemde/dispatchSolution/dispatchData/current/,ReferenceDispatchSolution_202608060800.json,,json,$.data.solutionData[].trapeziumAdjustments[].trapeziumAdjustmentDetails[],object,2960,,plateau,
dispatchSolution,https://data.wa.aemo.com.au/public/market-data/wemde/dispatchSolution/dispatchData/current/,ReferenceDispatchSolution_202608060800.json,,json,$.data.solutionData[].trapeziumAdjustments[].trapeziumAdjustmentDetails[].downwardsRampRateValueUsed,number,2960,,plateau,3.0
dispatchSolution,https://data.wa.aemo.com.au/public/market-data/wemde/dispatchSolution/dispatchData/current/,ReferenceDispatchSolution_202608060800.json,,json,$.data.solutionData[].trapeziumAdjustments[].trapeziumAdjustmentDetails[].enablementMaximumValueUsed,number,2960,,plateau,0.0
dispatchSolution,https://data.wa.aemo.com.au/public/market-data/wemde/dispatchSolution/dispatchData/current/,ReferenceDispatchSolution_202608060800.json,,json,$.data.solutionData[].trapeziumAdjustments[].trapeziumAdjustmentDetails[].enablementMinimumValueUsed,number,2960,,plateau,0.0
dispatchSolution,https://data.wa.aemo.com.au/public/market-data/wemde/dispatchSolution/dispatchData/current/,ReferenceDispatchSolution_202608060800.json,,json,$.data.solutionData[].trapeziumAdjustments[].trapeziumAdjustmentDetails[].facilityCode,string,2960,,plateau,ALCOA_WGP
dispatchSolution,https://data.wa.aemo.com.au/public/market-data/wemde/dispatchSolution/dispatchData/current/,ReferenceDispatchSolution_202608060800.json,,json,$.data.solutionData[].trapeziumAdjustments[].trapeziumAdjustmentDetails[].highBreakpointValueUsed,number,2960,,plateau,0.0
dispatchSolution,https://data.wa.aemo.com.au/public/market-data/wemde/dispatchSolution/dispatchData/current/,ReferenceDispatchSolution_202608060800.json,,json,$.data.solutionData[].trapeziumAdjustments[].trapeziumAdjustmentDetails[].lowBreakpointValueUsed,number,2960,,plateau,0.0
dispatchSolution,https://data.wa.aemo.com.au/public/market-data/wemde/dispatchSolution/dispatchData/current/,ReferenceDispatchSolution_202608060800.json,,json,$.data.solutionData[].trapeziumAdjustments[].trapeziumAdjustmentDetails[].upwardsRampRateValueUsed,number,2960,,plateau,3.0
dispatchSolution,https://data.wa.aemo.com.au/public/market-data/wemde/dispatchSolution/dispatchData-AvailableCapacity/current/,AvailableCapacityDispatchSolution_202608060800.json,,json,$,object,1,,plateau,
dispatchSolution,https://data.wa.aemo.com.au/public/market-data/wemde/dispatchSolution/dispatchData-AvailableCapacity/current/,AvailableCapacityDispatchSolution_202608060800.json,,json,$.data,object,1,,plateau,
dispatchSolution,https://data.wa.aemo.com.au/public/market-data/wemde/dispatchSolution/dispatchData-AvailableCapacity/current/,AvailableCapacityDispatchSolution_202608060800.json,,json,$.data.dispatchDataIssueID,string,1,,plateau,20260806080111935_7745
dispatchSolution,https://data.wa.aemo.com.au/public/market-data/wemde/dispatchSolution/dispatchData-AvailableCapacity/current/,AvailableCapacityDispatchSolution_202608060800.json,,json,$.data.primaryDispatchInterval,string,1,,plateau,2026-08-06T08:00:00+08:00
dispatchSolution,https://data.wa.aemo.com.au/public/market-data/wemde/dispatchSolution/dispatchData-AvailableCapacity/current/,AvailableCapacityDispatchSolution_202608060800.json,,json,$.data.solutionData,array,1,,plateau,
dispatchSolution,https://data.wa.aemo.com.au/public/market-data/wemde/dispatchSolution/dispatchData-AvailableCapacity/current/,AvailableCapacityDispatchSolution_202608060800.json,,json,$.data.solutionData[],object,10,,plateau,
dispatchSolution,https://data.wa.aemo.com.au/public/market-data/wemde/dispatchSolution/dispatchData-AvailableCapacity/current/,AvailableCapacityDispatchSolution_202608060800.json,,json,$.data.solutionData[].availableQuantities,object,9,,plateau,
dispatchSolution,https://data.wa.aemo.com.au/public/market-data/wemde/dispatchSolution/dispatchData-AvailableCapacity/current/,AvailableCapacityDispatchSolution_202608060800.json,,json,$.data.solutionData[].availableQuantities.contingencyLower,number,9,,plateau,155.7
dispatchSolution,https://data.wa.aemo.com.au/public/market-data/wemde/dispatchSolution/dispatchData-AvailableCapacity/current/,AvailableCapacityDispatchSolution_202608060800.json,,json,$.data.solutionData[].availableQuantities.contingencyRaise,number,9,,plateau,150.7
dispatchSolution,https://data.wa.aemo.com.au/public/market-data/wemde/dispatchSolution/dispatchData-AvailableCapacity/current/,AvailableCapacityDispatchSolution_202608060800.json,,json,$.data.solutionData[].availableQuantities.energyInjectionCapacity,number,9,,plateau,493.077
dispatchSolution,https://data.wa.aemo.com.au/public/market-data/wemde/dispatchSolution/dispatchData-AvailableCapacity/current/,AvailableCapacityDispatchSolution_202608060800.json,,json,$.data.solutionData[].availableQuantities.energyWithdrawalCapacity,number,9,,plateau,0.0
dispatchSolution,https://data.wa.aemo.com.au/public/market-data/wemde/dispatchSolution/dispatchData-AvailableCapacity/current/,AvailableCapacityDispatchSolution_202608060800.json,,json,$.data.solutionData[].availableQuantities.regulationLower,number,9,,plateau,162.1
dispatchSolution,https://data.wa.aemo.com.au/public/market-data/wemde/dispatchSolution/dispatchData-AvailableCapacity/current/,AvailableCapacityDispatchSolution_202608060800.json,,json,$.data.solutionData[].availableQuantities.regulationRaise,number,9,,plateau,162.1
dispatchSolution,https://data.wa.aemo.com.au/public/market-data/wemde/dispatchSolution/dispatchData-AvailableCapacity/current/,AvailableCapacityDispatchSolution_202608060800.json,,json,$.data.solutionData[].availableQuantities.rocof,number,9,,plateau,2294.0
dispatchSolution,https://data.wa.aemo.com.au/public/market-data/wemde/dispatchSolution/dispatchData-AvailableCapacity/current/,AvailableCapacityDispatchSolution_202608060800.json,,json,$.data.solutionData[].constraints,array,10,,plateau,
dispatchSolution,https://data.wa.aemo.com.au/public/market-data/wemde/dispatchSolution/dispatchData-AvailableCapacity/current/,AvailableCapacityDispatchSolution_202608060800.json,,json,$.data.solutionData[].constraints[],object,23682,,plateau,
dispatchSolution,https://data.wa.aemo.com.au/public/market-data/wemde/dispatchSolution/dispatchData-AvailableCapacity/current/,AvailableCapacityDispatchSolution_202608060800.json,,json,$.data.solutionData[].constraints[].bindingConstraintFlag,boolean,23682,,plateau,True
dispatchSolution,https://data.wa.aemo.com.au/public/market-data/wemde/dispatchSolution/dispatchData-AvailableCapacity/current/,AvailableCapacityDispatchSolution_202608060800.json,,json,$.data.solutionData[].constraints[].constraintType,string,23682,,plateau,Formulation
dispatchSolution,https://data.wa.aemo.com.au/public/market-data/wemde/dispatchSolution/dispatchData-AvailableCapacity/current/,AvailableCapacityDispatchSolution_202608060800.json,,json,$.data.solutionData[].constraints[].defaultRhs,number,23682,,plateau,0.0
dispatchSolution,https://data.wa.aemo.com.au/public/market-data/wemde/dispatchSolution/dispatchData-AvailableCapacity/current/,AvailableCapacityDispatchSolution_202608060800.json,,json,$.data.solutionData[].constraints[].description,string,23682,,plateau,System Energy Balance
dispatchSolution,https://data.wa.aemo.com.au/public/market-data/wemde/dispatchSolution/dispatchData-AvailableCapacity/current/,AvailableCapacityDispatchSolution_202608060800.json,,json,$.data.solutionData[].constraints[].id,string,23682,,plateau,SystemEnergyBalance
dispatchSolution,https://data.wa.aemo.com.au/public/market-data/wemde/dispatchSolution/dispatchData-AvailableCapacity/current/,AvailableCapacityDispatchSolution_202608060800.json,,json,$.data.solutionData[].constraints[].isInterventionEvent,boolean,23682,,plateau,False
dispatchSolution,https://data.wa.aemo.com.au/public/market-data/wemde/dispatchSolution/dispatchData-AvailableCapacity/current/,AvailableCapacityDispatchSolution_202608060800.json,,json,$.data.solutionData[].constraints[].leftHandSideValue,number,23682,,plateau,2677.4
dispatchSolution,https://data.wa.aemo.com.au/public/market-data/wemde/dispatchSolution/dispatchData-AvailableCapacity/current/,AvailableCapacityDispatchSolution_202608060800.json,,json,$.data.solutionData[].constraints[].nearBindingConstraintFlag,boolean,23682,,plateau,True
dispatchSolution,https://data.wa.aemo.com.au/public/market-data/wemde/dispatchSolution/dispatchData-AvailableCapacity/current/,AvailableCapacityDispatchSolution_202608060800.json,,json,$.data.solutionData[].constraints[].operator,string,23682,,plateau,EqualTo
dispatchSolution,https://data.wa.aemo.com.au/public/market-data/wemde/dispatchSolution/dispatchData-AvailableCapacity/current/,AvailableCapacityDispatchSolution_202608060800.json,,json,$.data.solutionData[].constraints[].rightHandSideValue,number,23682,,plateau,2677.4
dispatchSolution,https://data.wa.aemo.com.au/public/market-data/wemde/dispatchSolution/dispatchData-AvailableCapacity/current/,AvailableCapacityDispatchSolution_202608060800.json,,json,$.data.solutionData[].constraints[].shadowPrice,number,23682,,plateau,140.49
dispatchSolution,https://data.wa.aemo.com.au/public/market-data/wemde/dispatchSolution/dispatchData-AvailableCapacity/current/,AvailableCapacityDispatchSolution_202608060800.json,,json,$.data.solutionData[].constraints[].slackVariables,array,21140,,plateau,
dispatchSolution,https://data.wa.aemo.com.au/public/market-data/wemde/dispatchSolution/dispatchData-AvailableCapacity/current/,AvailableCapacityDispatchSolution_202608060800.json,,json,$.data.solutionData[].constraints[].slackVariables[],object,22157,,plateau,
dispatchSolution,https://data.wa.aemo.com.au/public/market-data/wemde/dispatchSolution/dispatchData-AvailableCapacity/current/,AvailableCapacityDispatchSolution_202608060800.json,,json,$.data.solutionData[].constraints[].slackVariables[].value,number,22156,,plateau,0.0
dispatchSolution,https://data.wa.aemo.com.au/public/market-data/wemde/dispatchSolution/dispatchData-AvailableCapacity/current/,AvailableCapacityDispatchSolution_202608060800.json,,json,$.data.solutionData[].constraints[].slackVariables[].variable,string,22157,,plateau,EnergyBalance_SlackDeficit
dispatchSolution,https://data.wa.aemo.com.au/public/market-data/wemde/dispatchSolution/dispatchData-AvailableCapacity/current/,AvailableCapacityDispatchSolution_202608060800.json,,json,$.data.solutionData[].contingencySolution,object,9,,plateau,
dispatchSolution,https://data.wa.aemo.com.au/public/market-data/wemde/dispatchSolution/dispatchData-AvailableCapacity/current/,AvailableCapacityDispatchSolution_202608060800.json,,json,$.data.solutionData[].contingencySolution.clearedContingencyLower,number,9,,plateau,63.044
dispatchSolution,https://data.wa.aemo.com.au/public/market-data/wemde/dispatchSolution/dispatchData-AvailableCapacity/current/,AvailableCapacityDispatchSolution_202608060800.json,,json,$.data.solutionData[].contingencySolution.clearedContingencyRaise,number,9,,plateau,295.545
dispatchSolution,https://data.wa.aemo.com.au/public/market-data/wemde/dispatchSolution/dispatchData-AvailableCapacity/current/,AvailableCapacityDispatchSolution_202608060800.json,,json,$.data.solutionData[].contingencySolution.contingencyLowerDeficit,number,9,,plateau,0.0
dispatchSolution,https://data.wa.aemo.com.au/public/market-data/wemde/dispatchSolution/dispatchData-AvailableCapacity/current/,AvailableCapacityDispatchSolution_202608060800.json,,json,$.data.solutionData[].contingencySolution.contingencyLowerOffset,number,9,,plateau,93.987
dispatchSolution,https://data.wa.aemo.com.au/public/market-data/wemde/dispatchSolution/dispatchData-AvailableCapacity/current/,AvailableCapacityDispatchSolution_202608060800.json,,json,$.data.solutionData[].contingencySolution.contingencyLowerRequirement,number,9,,plateau,63.044
dispatchSolution,https://data.wa.aemo.com.au/public/market-data/wemde/dispatchSolution/dispatchData-AvailableCapacity/current/,AvailableCapacityDispatchSolution_202608060800.json,,json,$.data.solutionData[].contingencySolution.contingencyRaiseDeficit,number,9,,plateau,0.0
dispatchSolution,https://data.wa.aemo.com.au/public/market-data/wemde/dispatchSolution/dispatchData-AvailableCapacity/current/,AvailableCapacityDispatchSolution_202608060800.json,,json,$.data.solutionData[].contingencySolution.contingencyRaiseOffset,number,9,,plateau,84.836
dispatchSolution,https://data.wa.aemo.com.au/public/market-data/wemde/dispatchSolution/dispatchData-AvailableCapacity/current/,AvailableCapacityDispatchSolution_202608060800.json,,json,$.data.solutionData[].contingencySolution.contingencyRaiseRequirement,number,9,,plateau,253.804
dispatchSolution,https://data.wa.aemo.com.au/public/market-data/wemde/dispatchSolution/dispatchData-AvailableCapacity/current/,AvailableCapacityDispatchSolution_202608060800.json,,json,$.data.solutionData[].contingencySolution.demandLevel,number,9,,plateau,2800.0
dispatchSolution,https://data.wa.aemo.com.au/public/market-data/wemde/dispatchSolution/dispatchData-AvailableCapacity/current/,AvailableCapacityDispatchSolution_202608060800.json,,json,$.data.solutionData[].contingencySolution.dpvLevel,number,9,,plateau,510.0
dispatchSolution,https://data.wa.aemo.com.au/public/market-data/wemde/dispatchSolution/dispatchData-AvailableCapacity/current/,AvailableCapacityDispatchSolution_202608060800.json,,json,$.data.solutionData[].contingencySolution.largestContingency,number,9,,plateau,338.64
dispatchSolution,https://data.wa.aemo.com.au/public/market-data/wemde/dispatchSolution/dispatchData-AvailableCapacity/current/,AvailableCapacityDispatchSolution_202608060800.json,,json,$.data.solutionData[].contingencySolution.largestLoadContingency,number,9,,plateau,157.031
dispatchSolution,https://data.wa.aemo.com.au/public/market-data/wemde/dispatchSolution/dispatchData-AvailableCapacity/current/,AvailableCapacityDispatchSolution_202608060800.json,,json,$.data.solutionData[].contingencySolution.solvedContingency,number,9,,plateau,390.0
dispatchSolution,https://data.wa.aemo.com.au/public/market-data/wemde/dispatchSolution/dispatchData-AvailableCapacity/current/,AvailableCapacityDispatchSolution_202608060800.json,,json,$.data.solutionData[].contingencySolution.solvedInertia,number,9,,plateau,18750.0
dispatchSolution,https://data.wa.aemo.com.au/public/market-data/wemde/dispatchSolution/dispatchData-AvailableCapacity/current/,AvailableCapacityDispatchSolution_202608060800.json,,json,$.data.solutionData[].definedContingency,array,10,,plateau,
dispatchSolution,https://data.wa.aemo.com.au/public/market-data/wemde/dispatchSolution/dispatchData-AvailableCapacity/current/,AvailableCapacityDispatchSolution_202608060800.json,,json,$.data.solutionData[].definedContingency[],object,90,,plateau,
dispatchSolution,https://data.wa.aemo.com.au/public/market-data/wemde/dispatchSolution/dispatchData-AvailableCapacity/current/,AvailableCapacityDispatchSolution_202608060800.json,,json,$.data.solutionData[].definedContingency[].id,string,90,,plateau,NIL * {KMP-KEM 91} [SupplyRisk]
dispatchSolution,https://data.wa.aemo.com.au/public/market-data/wemde/dispatchSolution/dispatchData-AvailableCapacity/current/,AvailableCapacityDispatchSolution_202608060800.json,,json,$.data.solutionData[].definedContingency[].valueOfContingency,number,90,,plateau,236.5
dispatchSolution,https://data.wa.aemo.com.au/public/market-data/wemde/dispatchSolution/dispatchData-AvailableCapacity/current/,AvailableCapacityDispatchSolution_202608060800.json,,json,$.data.solutionData[].definedLoadContingency,array,9,,plateau,
dispatchSolution,https://data.wa.aemo.com.au/public/market-data/wemde/dispatchSolution/dispatchData-AvailableCapacity/current/,AvailableCapacityDispatchSolution_202608060800.json,,json,$.data.solutionData[].definedLoadContingency[],object,72,,plateau,
dispatchSolution,https://data.wa.aemo.com.au/public/market-data/wemde/dispatchSolution/dispatchData-AvailableCapacity/current/,AvailableCapacityDispatchSolution_202608060800.json,,json,$.data.solutionData[].definedLoadContingency[].associatedFacilities,array,72,,plateau,
dispatchSolution,https://data.wa.aemo.com.au/public/market-data/wemde/dispatchSolution/dispatchData-AvailableCapacity/current/,AvailableCapacityDispatchSolution_202608060800.json,,json,$.data.solutionData[].definedLoadContingency[].associatedFacilities[],object,225,,plateau,
dispatchSolution,https://data.wa.aemo.com.au/public/market-data/wemde/dispatchSolution/dispatchData-AvailableCapacity/current/,AvailableCapacityDispatchSolution_202608060800.json,,json,$.data.solutionData[].definedLoadContingency[].associatedFacilities[].contribution,number,225,,plateau,-55.6
dispatchSolution,https://data.wa.aemo.com.au/public/market-data/wemde/dispatchSolution/dispatchData-AvailableCapacity/current/,AvailableCapacityDispatchSolution_202608060800.json,,json,$.data.solutionData[].definedLoadContingency[].associatedFacilities[].facilityCode,string,225,,plateau,INVESTEC_COLLGAR_WF1
dispatchSolution,https://data.wa.aemo.com.au/public/market-data/wemde/dispatchSolution/dispatchData-AvailableCapacity/current/,AvailableCapacityDispatchSolution_202608060800.json,,json,$.data.solutionData[].definedLoadContingency[].associatedFacilities[].marketService,string,225,,plateau,energy
dispatchSolution,https://data.wa.aemo.com.au/public/market-data/wemde/dispatchSolution/dispatchData-AvailableCapacity/current/,AvailableCapacityDispatchSolution_202608060800.json,,json,$.data.solutionData[].definedLoadContingency[].id,string,72,,plateau,"NIL, Off(MRT81-MNC) * {KDN-MRT X1, SPS_220TRIP} [LoadRisk]"
dispatchSolution,https://data.wa.aemo.com.au/public/market-data/wemde/dispatchSolution/dispatchData-AvailableCapacity/current/,AvailableCapacityDispatchSolution_202608060800.json,,json,$.data.solutionData[].definedLoadContingency[].loadContribution,number,72,,plateau,128.713
dispatchSolution,https://data.wa.aemo.com.au/public/market-data/wemde/dispatchSolution/dispatchData-AvailableCapacity/current/,AvailableCapacityDispatchSolution_202608060800.json,,json,$.data.solutionData[].definedLoadContingency[].valueOfContingency,number,72,,plateau,65.183
dispatchSolution,https://data.wa.aemo.com.au/public/market-data/wemde/dispatchSolution/dispatchData-AvailableCapacity/current/,AvailableCapacityDispatchSolution_202608060800.json,,json,$.data.solutionData[].dispatchCaps,array,10,,plateau,
dispatchSolution,https://data.wa.aemo.com.au/public/market-data/wemde/dispatchSolution/dispatchData-AvailableCapacity/current/,AvailableCapacityDispatchSolution_202608060800.json,,json,$.data.solutionData[].dispatchCaps[],object,130,,plateau,
dispatchSolution,https://data.wa.aemo.com.au/public/market-data/wemde/dispatchSolution/dispatchData-AvailableCapacity/current/,AvailableCapacityDispatchSolution_202608060800.json,,json,$.data.solutionData[].dispatchCaps[].dispatchCap,number,130,,plateau,80.0
dispatchSolution,https://data.wa.aemo.com.au/public/market-data/wemde/dispatchSolution/dispatchData-AvailableCapacity/current/,AvailableCapacityDispatchSolution_202608060800.json,,json,$.data.solutionData[].dispatchCaps[].facilityCode,string,130,,plateau,EDWFMAN_WF1
dispatchSolution,https://data.wa.aemo.com.au/public/market-data/wemde/dispatchSolution/dispatchData-AvailableCapacity/current/,AvailableCapacityDispatchSolution_202608060800.json,,json,$.data.solutionData[].dispatchInterval,string,10,,plateau,2026-08-06T08:00:00+08:00
dispatchSolution,https://data.wa.aemo.com.au/public/market-data/wemde/dispatchSolution/dispatchData-AvailableCapacity/current/,AvailableCapacityDispatchSolution_202608060800.json,,json,$.data.solutionData[].dispatchRunId,string,10,,plateau,9b98d60d-9f31-4689-a8f7-08def34d9a29
dispatchSolution,https://data.wa.aemo.com.au/public/market-data/wemde/dispatchSolution/dispatchData-AvailableCapacity/current/,AvailableCapacityDispatchSolution_202608060800.json,,json,$.data.solutionData[].dispatchTotal,object,9,,plateau,
dispatchSolution,https://data.wa.aemo.com.au/public/market-data/wemde/dispatchSolution/dispatchData-AvailableCapacity/current/,AvailableCapacityDispatchSolution_202608060800.json,,json,$.data.solutionData[].dispatchTotal.contingencyLower,number,9,,plateau,63.044
dispatchSolution,https://data.wa.aemo.com.au/public/market-data/wemde/dispatchSolution/dispatchData-AvailableCapacity/current/,AvailableCapacityDispatchSolution_202608060800.json,,json,$.data.solutionData[].dispatchTotal.contingencyRaise,number,9,,plateau,295.545
dispatchSolution,https://data.wa.aemo.com.au/public/market-data/wemde/dispatchSolution/dispatchData-AvailableCapacity/current/,AvailableCapacityDispatchSolution_202608060800.json,,json,$.data.solutionData[].dispatchTotal.energyInjectionCapacity,number,9,,plateau,2677.4
dispatchSolution,https://data.wa.aemo.com.au/public/market-data/wemde/dispatchSolution/dispatchData-AvailableCapacity/current/,AvailableCapacityDispatchSolution_202608060800.json,,json,$.data.solutionData[].dispatchTotal.energyWithdrawalCapacity,number,9,,plateau,0.0
dispatchSolution,https://data.wa.aemo.com.au/public/market-data/wemde/dispatchSolution/dispatchData-AvailableCapacity/current/,AvailableCapacityDispatchSolution_202608060800.json,,json,$.data.solutionData[].dispatchTotal.regulationLower,number,9,,plateau,110.0
dispatchSolution,https://data.wa.aemo.com.au/public/market-data/wemde/dispatchSolution/dispatchData-AvailableCapacity/current/,AvailableCapacityDispatchSolution_202608060800.json,,json,$.data.solutionData[].dispatchTotal.regulationRaise,number,9,,plateau,110.0
dispatchSolution,https://data.wa.aemo.com.au/public/market-data/wemde/dispatchSolution/dispatchData-AvailableCapacity/current/,AvailableCapacityDispatchSolution_202608060800.json,,json,$.data.solutionData[].dispatchTotal.rocof,number,9,,plateau,13885.9
dispatchSolution,https://data.wa.aemo.com.au/public/market-data/wemde/dispatchSolution/dispatchData-AvailableCapacity/current/,AvailableCapacityDispatchSolution_202608060800.json,,json,$.data.solutionData[].dispatchType,string,10,,plateau,Dispatch
dispatchSolution,https://data.wa.aemo.com.au/public/market-data/wemde/dispatchSolution/dispatchData-AvailableCapacity/current/,AvailableCapacityDispatchSolution_202608060800.json,,json,$.data.solutionData[].facilityScheduleDetails,array,10,,plateau,
dispatchSolution,https://data.wa.aemo.com.au/public/market-data/wemde/dispatchSolution/dispatchData-AvailableCapacity/current/,AvailableCapacityDispatchSolution_202608060800.json,,json,$.data.solutionData[].facilityScheduleDetails[],object,1710,,plateau,
dispatchSolution,https://data.wa.aemo.com.au/public/market-data/wemde/dispatchSolution/dispatchData-AvailableCapacity/current/,AvailableCapacityDispatchSolution_202608060800.json,,json,$.data.solutionData[].facilityScheduleDetails[].congestionRental,number,1710,,plateau,0.0
dispatchSolution,https://data.wa.aemo.com.au/public/market-data/wemde/dispatchSolution/dispatchData-AvailableCapacity/current/,AvailableCapacityDispatchSolution_202608060800.json,,json,$.data.solutionData[].facilityScheduleDetails[].contingency,number,1710,,plateau,40.122
dispatchSolution,https://data.wa.aemo.com.au/public/market-data/wemde/dispatchSolution/dispatchData-AvailableCapacity/current/,AvailableCapacityDispatchSolution_202608060800.json,,json,$.data.solutionData[].facilityScheduleDetails[].contingencyLowerPF,number,1710,,plateau,1.0
dispatchSolution,https://data.wa.aemo.com.au/public/market-data/wemde/dispatchSolution/dispatchData-AvailableCapacity/current/,AvailableCapacityDispatchSolution_202608060800.json,,json,$.data.solutionData[].facilityScheduleDetails[].contingencyRaisePF,number,1710,,plateau,0.0
dispatchSolution,https://data.wa.aemo.com.au/public/market-data/wemde/dispatchSolution/dispatchData-AvailableCapacity/current/,AvailableCapacityDispatchSolution_202608060800.json,,json,$.data.solutionData[].facilityScheduleDetails[].estimatedFcessUpliftPayment,number,1710,,plateau,0.0
dispatchSolution,https://data.wa.aemo.com.au/public/market-data/wemde/dispatchSolution/dispatchData-AvailableCapacity/current/,AvailableCapacityDispatchSolution_202608060800.json,,json,$.data.solutionData[].facilityScheduleDetails[].facilityCode,string,1710,,plateau,ALCOA_WGP
dispatchSolution,https://data.wa.aemo.com.au/public/market-data/wemde/dispatchSolution/dispatchData-AvailableCapacity/current/,AvailableCapacityDispatchSolution_202608060800.json,,json,$.data.solutionData[].facilityScheduleDetails[].facilityLowerRisk,number,1710,,plateau,0.0
dispatchSolution,https://data.wa.aemo.com.au/public/market-data/wemde/dispatchSolution/dispatchData-AvailableCapacity/current/,AvailableCapacityDispatchSolution_202608060800.json,,json,$.data.solutionData[].facilityScheduleDetails[].facilityRisk,number,1710,,plateau,0.0
dispatchSolution,https://data.wa.aemo.com.au/public/market-data/wemde/dispatchSolution/dispatchData-AvailableCapacity/current/,AvailableCapacityDispatchSolution_202608060800.json,,json,$.data.solutionData[].facilityScheduleDetails[].fastStartFlag,boolean,1710,,plateau,False
dispatchSolution,https://data.wa.aemo.com.au/public/market-data/wemde/dispatchSolution/dispatchData-AvailableCapacity/current/,AvailableCapacityDispatchSolution_202608060800.json,,json,$.data.solutionData[].facilityScheduleDetails[].fastStartInitialMode,number,1710,,plateau,0
dispatchSolution,https://data.wa.aemo.com.au/public/market-data/wemde/dispatchSolution/dispatchData-AvailableCapacity/current/,AvailableCapacityDispatchSolution_202608060800.json,,json,$.data.solutionData[].facilityScheduleDetails[].fastStartInitialModeTime,number,1710,,plateau,0
dispatchSolution,https://data.wa.aemo.com.au/public/market-data/wemde/dispatchSolution/dispatchData-AvailableCapacity/current/,AvailableCapacityDispatchSolution_202608060800.json,,json,$.data.solutionData[].facilityScheduleDetails[].fastStartTargetMode,number,1710,,plateau,0
dispatchSolution,https://data.wa.aemo.com.au/public/market-data/wemde/dispatchSolution/dispatchData-AvailableCapacity/current/,AvailableCapacityDispatchSolution_202608060800.json,,json,$.data.solutionData[].facilityScheduleDetails[].fastStartTargetModeTime,number,1710,,plateau,0
dispatchSolution,https://data.wa.aemo.com.au/public/market-data/wemde/dispatchSolution/dispatchData-AvailableCapacity/current/,AvailableCapacityDispatchSolution_202608060800.json,,json,$.data.solutionData[].facilityScheduleDetails[].initialMw,number,1710,,plateau,0.0
dispatchSolution,https://data.wa.aemo.com.au/public/market-data/wemde/dispatchSolution/dispatchData-AvailableCapacity/current/,AvailableCapacityDispatchSolution_202608060800.json,,json,$.data.solutionData[].facilityScheduleDetails[].loadContingency,number,1710,,plateau,0.0
dispatchSolution,https://data.wa.aemo.com.au/public/market-data/wemde/dispatchSolution/dispatchData-AvailableCapacity/current/,AvailableCapacityDispatchSolution_202608060800.json,,json,$.data.solutionData[].facilityScheduleDetails[].nolDemand,number,1710,,plateau,0.0
dispatchSolution,https://data.wa.aemo.com.au/public/market-data/wemde/dispatchSolution/dispatchData-AvailableCapacity/current/,AvailableCapacityDispatchSolution_202608060800.json,,json,$.data.solutionData[].facilityScheduleDetails[].projectedChargeLevel,null|number,1710,,plateau,-103.149
dispatchSolution,https://data.wa.aemo.com.au/public/market-data/wemde/dispatchSolution/dispatchData-AvailableCapacity/current/,AvailableCapacityDispatchSolution_202608060800.json,,json,$.data.solutionData[].facilityScheduleDetails[].projectedDischargeLevel,null|number,1710,,plateau,78.771
dispatchSolution,https://data.wa.aemo.com.au/public/market-data/wemde/dispatchSolution/dispatchData-AvailableCapacity/current/,AvailableCapacityDispatchSolution_202608060800.json,,json,$.data.solutionData[].facilityScheduleDetails[].regulationLowerPF,number,1710,,plateau,1.0
dispatchSolution,https://data.wa.aemo.com.au/public/market-data/wemde/dispatchSolution/dispatchData-AvailableCapacity/current/,AvailableCapacityDispatchSolution_202608060800.json,,json,$.data.solutionData[].facilityScheduleDetails[].regulationRaisePF,number,1710,,plateau,1.0
dispatchSolution,https://data.wa.aemo.com.au/public/market-data/wemde/dispatchSolution/dispatchData-AvailableCapacity/current/,AvailableCapacityDispatchSolution_202608060800.json,,json,$.data.solutionData[].facilityScheduleDetails[].rocofPF,number,1710,,plateau,1.0
dispatchSolution,https://data.wa.aemo.com.au/public/market-data/wemde/dispatchSolution/dispatchData-AvailableCapacity/current/,AvailableCapacityDispatchSolution_202608060800.json,,json,$.data.solutionData[].fcessMarketClearingPriceCeilings,array,9,,plateau,
dispatchSolution,https://data.wa.aemo.com.au/public/market-data/wemde/dispatchSolution/dispatchData-AvailableCapacity/current/,AvailableCapacityDispatchSolution_202608060800.json,,json,$.data.solutionData[].fcessMarketClearingPriceCeilings[],object,45,,plateau,
dispatchSolution,https://data.wa.aemo.com.au/public/market-data/wemde/dispatchSolution/dispatchData-AvailableCapacity/current/,AvailableCapacityDispatchSolution_202608060800.json,,json,$.data.solutionData[].fcessMarketClearingPriceCeilings[].fcessMarketService,string,45,,plateau,regulationRaise
dispatchSolution,https://data.wa.aemo.com.au/public/market-data/wemde/dispatchSolution/dispatchData-AvailableCapacity/current/,AvailableCapacityDispatchSolution_202608060800.json,,json,$.data.solutionData[].fcessMarketClearingPriceCeilings[].priceCeiling,number,45,,plateau,2423.0
dispatchSolution,https://data.wa.aemo.com.au/public/market-data/wemde/dispatchSolution/dispatchData-AvailableCapacity/current/,AvailableCapacityDispatchSolution_202608060800.json,,json,$.data.solutionData[].inServiceQuantities,object,9,,plateau,
dispatchSolution,https://data.wa.aemo.com.au/public/market-data/wemde/dispatchSolution/dispatchData-AvailableCapacity/current/,AvailableCapacityDispatchSolution_202608060800.json,,json,$.data.solutionData[].inServiceQuantities.contingencyLower,number,9,,plateau,1473.499
dispatchSolution,https://data.wa.aemo.com.au/public/market-data/wemde/dispatchSolution/dispatchData-AvailableCapacity/current/,AvailableCapacityDispatchSolution_202608060800.json,,json,$.data.solutionData[].inServiceQuantities.contingencyRaise,number,9,,plateau,1381.394
dispatchSolution,https://data.wa.aemo.com.au/public/market-data/wemde/dispatchSolution/dispatchData-AvailableCapacity/current/,AvailableCapacityDispatchSolution_202608060800.json,,json,$.data.solutionData[].inServiceQuantities.energyInjectionCapacity,number,9,,plateau,4949.477
dispatchSolution,https://data.wa.aemo.com.au/public/market-data/wemde/dispatchSolution/dispatchData-AvailableCapacity/current/,AvailableCapacityDispatchSolution_202608060800.json,,json,$.data.solutionData[].inServiceQuantities.energyWithdrawalCapacity,number,9,,plateau,-1100.0
dispatchSolution,https://data.wa.aemo.com.au/public/market-data/wemde/dispatchSolution/dispatchData-AvailableCapacity/current/,AvailableCapacityDispatchSolution_202608060800.json,,json,$.data.solutionData[].inServiceQuantities.regulationLower,number,9,,plateau,916.24
dispatchSolution,https://data.wa.aemo.com.au/public/market-data/wemde/dispatchSolution/dispatchData-AvailableCapacity/current/,AvailableCapacityDispatchSolution_202608060800.json,,json,$.data.solutionData[].inServiceQuantities.regulationRaise,number,9,,plateau,916.24
dispatchSolution,https://data.wa.aemo.com.au/public/market-data/wemde/dispatchSolution/dispatchData-AvailableCapacity/current/,AvailableCapacityDispatchSolution_202608060800.json,,json,$.data.solutionData[].inServiceQuantities.rocof,number,9,,plateau,14161.9
dispatchSolution,https://data.wa.aemo.com.au/public/market-data/wemde/dispatchSolution/dispatchData-AvailableCapacity/current/,AvailableCapacityDispatchSolution_202608060800.json,,json,$.data.solutionData[].marketServiceRequirements,object,9,,plateau,
dispatchSolution,https://data.wa.aemo.com.au/public/market-data/wemde/dispatchSolution/dispatchData-AvailableCapacity/current/,AvailableCapacityDispatchSolution_202608060800.json,,json,$.data.solutionData[].marketServiceRequirements.contingencyLower,number,9,,plateau,63.044
dispatchSolution,https://data.wa.aemo.com.au/public/market-data/wemde/dispatchSolution/dispatchData-AvailableCapacity/current/,AvailableCapacityDispatchSolution_202608060800.json,,json,$.data.solutionData[].marketServiceRequirements.contingencyRaise,number,9,,plateau,253.804
dispatchSolution,https://data.wa.aemo.com.au/public/market-data/wemde/dispatchSolution/dispatchData-AvailableCapacity/current/,AvailableCapacityDispatchSolution_202608060800.json,,json,$.data.solutionData[].marketServiceRequirements.energy,number,9,,plateau,2677.400
dispatchSolution,https://data.wa.aemo.com.au/public/market-data/wemde/dispatchSolution/dispatchData-AvailableCapacity/current/,AvailableCapacityDispatchSolution_202608060800.json,,json,$.data.solutionData[].marketServiceRequirements.regulationLower,number,9,,plateau,110.000
dispatchSolution,https://data.wa.aemo.com.au/public/market-data/wemde/dispatchSolution/dispatchData-AvailableCapacity/current/,AvailableCapacityDispatchSolution_202608060800.json,,json,$.data.solutionData[].marketServiceRequirements.regulationRaise,number,9,,plateau,110.000
dispatchSolution,https://data.wa.aemo.com.au/public/market-data/wemde/dispatchSolution/dispatchData-AvailableCapacity/current/,AvailableCapacityDispatchSolution_202608060800.json,,json,$.data.solutionData[].marketServiceRequirements.rocof,number,9,,plateau,13885.9
dispatchSolution,https://data.wa.aemo.com.au/public/market-data/wemde/dispatchSolution/dispatchData-AvailableCapacity/current/,AvailableCapacityDispatchSolution_202608060800.json,,json,$.data.solutionData[].marketShortfalls,object,9,,plateau,
dispatchSolution,https://data.wa.aemo.com.au/public/market-data/wemde/dispatchSolution/dispatchData-AvailableCapacity/current/,AvailableCapacityDispatchSolution_202608060800.json,,json,$.data.solutionData[].marketShortfalls.contingencyLowerDeficit,number,9,,plateau,0.0
dispatchSolution,https://data.wa.aemo.com.au/public/market-data/wemde/dispatchSolution/dispatchData-AvailableCapacity/current/,AvailableCapacityDispatchSolution_202608060800.json,,json,$.data.solutionData[].marketShortfalls.contingencyRaiseDeficit,number,9,,plateau,0.0
dispatchSolution,https://data.wa.aemo.com.au/public/market-data/wemde/dispatchSolution/dispatchData-AvailableCapacity/current/,AvailableCapacityDispatchSolution_202608060800.json,,json,$.data.solutionData[].marketShortfalls.energyDeficit,number,9,,plateau,0.0
dispatchSolution,https://data.wa.aemo.com.au/public/market-data/wemde/dispatchSolution/dispatchData-AvailableCapacity/current/,AvailableCapacityDispatchSolution_202608060800.json,,json,$.data.solutionData[].marketShortfalls.regulationLowerDeficit,number,9,,plateau,0.0
dispatchSolution,https://data.wa.aemo.com.au/public/market-data/wemde/dispatchSolution/dispatchData-AvailableCapacity/current/,AvailableCapacityDispatchSolution_202608060800.json,,json,$.data.solutionData[].marketShortfalls.regulationRaiseDeficit,number,9,,plateau,0.0
dispatchSolution,https://data.wa.aemo.com.au/public/market-data/wemde/dispatchSolution/dispatchData-AvailableCapacity/current/,AvailableCapacityDispatchSolution_202608060800.json,,json,$.data.solutionData[].marketShortfalls.rocofDeficit,number,9,,plateau,0.0
dispatchSolution,https://data.wa.aemo.com.au/public/market-data/wemde/dispatchSolution/dispatchData-AvailableCapacity/current/,AvailableCapacityDispatchSolution_202608060800.json,,json,$.data.solutionData[].objectiveFunctionValue,number,10,,plateau,345085.5196
dispatchSolution,https://data.wa.aemo.com.au/public/market-data/wemde/dispatchSolution/dispatchData-AvailableCapacity/current/,AvailableCapacityDispatchSolution_202608060800.json,,json,$.data.solutionData[].priceSetting,array,9,,plateau,
dispatchSolution,https://data.wa.aemo.com.au/public/market-data/wemde/dispatchSolution/dispatchData-AvailableCapacity/current/,AvailableCapacityDispatchSolution_202608060800.json,,json,$.data.solutionData[].priceSetting[],object,54,,plateau,
dispatchSolution,https://data.wa.aemo.com.au/public/market-data/wemde/dispatchSolution/dispatchData-AvailableCapacity/current/,AvailableCapacityDispatchSolution_202608060800.json,,json,$.data.solutionData[].priceSetting[].contributions,array,54,,plateau,
dispatchSolution,https://data.wa.aemo.com.au/public/market-data/wemde/dispatchSolution/dispatchData-AvailableCapacity/current/,AvailableCapacityDispatchSolution_202608060800.json,,json,$.data.solutionData[].priceSetting[].contributions[],object,80,,plateau,
dispatchSolution,https://data.wa.aemo.com.au/public/market-data/wemde/dispatchSolution/dispatchData-AvailableCapacity/current/,AvailableCapacityDispatchSolution_202608060800.json,,json,$.data.solutionData[].priceSetting[].contributions[].byHowMuch,number,80,,plateau,1.404494382022472
dispatchSolution,https://data.wa.aemo.com.au/public/market-data/wemde/dispatchSolution/dispatchData-AvailableCapacity/current/,AvailableCapacityDispatchSolution_202608060800.json,,json,$.data.solutionData[].priceSetting[].contributions[].contributingVariable,string,80,,plateau,PINJAR_GT10_contingencyRaise_Tranche_01
dispatchSolution,https://data.wa.aemo.com.au/public/market-data/wemde/dispatchSolution/dispatchData-AvailableCapacity/current/,AvailableCapacityDispatchSolution_202608060800.json,,json,$.data.solutionData[].priceSetting[].contributions[].objectiveCoefficient,number,80,,plateau,0.0
dispatchSolution,https://data.wa.aemo.com.au/public/market-data/wemde/dispatchSolution/dispatchData-AvailableCapacity/current/,AvailableCapacityDispatchSolution_202608060800.json,,json,$.data.solutionData[].priceSetting[].isMarketServiceCapped,boolean,54,,plateau,False
dispatchSolution,https://data.wa.aemo.com.au/public/market-data/wemde/dispatchSolution/dispatchData-AvailableCapacity/current/,AvailableCapacityDispatchSolution_202608060800.json,,json,$.data.solutionData[].priceSetting[].marketService,string,54,,plateau,energy
dispatchSolution,https://data.wa.aemo.com.au/public/market-data/wemde/dispatchSolution/dispatchData-AvailableCapacity/current/,AvailableCapacityDispatchSolution_202608060800.json,,json,$.data.solutionData[].prices,object,9,,plateau,
dispatchSolution,https://data.wa.aemo.com.au/public/market-data/wemde/dispatchSolution/dispatchData-AvailableCapacity/current/,AvailableCapacityDispatchSolution_202608060800.json,,json,$.data.solutionData[].prices.contingencyLower,number,9,,plateau,0.0
dispatchSolution,https://data.wa.aemo.com.au/public/market-data/wemde/dispatchSolution/dispatchData-AvailableCapacity/current/,AvailableCapacityDispatchSolution_202608060800.json,,json,$.data.solutionData[].prices.contingencyRaise,number,9,,plateau,0.0
dispatchSolution,https://data.wa.aemo.com.au/public/market-data/wemde/dispatchSolution/dispatchData-AvailableCapacity/current/,AvailableCapacityDispatchSolution_202608060800.json,,json,$.data.solutionData[].prices.energy,number,9,,plateau,140.49
dispatchSolution,https://data.wa.aemo.com.au/public/market-data/wemde/dispatchSolution/dispatchData-AvailableCapacity/current/,AvailableCapacityDispatchSolution_202608060800.json,,json,$.data.solutionData[].prices.regulationLower,number,9,,plateau,0.0
dispatchSolution,https://data.wa.aemo.com.au/public/market-data/wemde/dispatchSolution/dispatchData-AvailableCapacity/current/,AvailableCapacityDispatchSolution_202608060800.json,,json,$.data.solutionData[].prices.regulationRaise,number,9,,plateau,0.0
dispatchSolution,https://data.wa.aemo.com.au/public/market-data/wemde/dispatchSolution/dispatchData-AvailableCapacity/current/,AvailableCapacityDispatchSolution_202608060800.json,,json,$.data.solutionData[].prices.rocof,number,9,,plateau,0.0
dispatchSolution,https://data.wa.aemo.com.au/public/market-data/wemde/dispatchSolution/dispatchData-AvailableCapacity/current/,AvailableCapacityDispatchSolution_202608060800.json,,json,$.data.solutionData[].rocofControlRequirements,object,9,,plateau,
dispatchSolution,https://data.wa.aemo.com.au/public/market-data/wemde/dispatchSolution/dispatchData-AvailableCapacity/current/,AvailableCapacityDispatchSolution_202608060800.json,,json,$.data.solutionData[].rocofControlRequirements.additionalRocofControlRequirement,number,9,,plateau,9533.221
dispatchSolution,https://data.wa.aemo.com.au/public/market-data/wemde/dispatchSolution/dispatchData-AvailableCapacity/current/,AvailableCapacityDispatchSolution_202608060800.json,,json,$.data.solutionData[].rocofControlRequirements.minimumRocofControlRequirement,number,9,,plateau,4352.679
dispatchSolution,https://data.wa.aemo.com.au/public/market-data/wemde/dispatchSolution/dispatchData-AvailableCapacity/current/,AvailableCapacityDispatchSolution_202608060800.json,,json,$.data.solutionData[].rocofControlRequirements.rocofControlRequirement,number,9,,plateau,13885.9
dispatchSolution,https://data.wa.aemo.com.au/public/market-data/wemde/dispatchSolution/dispatchData-AvailableCapacity/current/,AvailableCapacityDispatchSolution_202608060800.json,,json,$.data.solutionData[].runId,string,10,,plateau,6e4c180d-46c4-4018-a438-08def34d9a29
dispatchSolution,https://data.wa.aemo.com.au/public/market-data/wemde/dispatchSolution/dispatchData-AvailableCapacity/current/,AvailableCapacityDispatchSolution_202608060800.json,,json,$.data.solutionData[].runIterationInformation,object,10,,plateau,
dispatchSolution,https://data.wa.aemo.com.au/public/market-data/wemde/dispatchSolution/dispatchData-AvailableCapacity/current/,AvailableCapacityDispatchSolution_202608060800.json,,json,$.data.solutionData[].runIterationInformation.fastStart,boolean,10,,plateau,False
dispatchSolution,https://data.wa.aemo.com.au/public/market-data/wemde/dispatchSolution/dispatchData-AvailableCapacity/current/,AvailableCapacityDispatchSolution_202608060800.json,,json,$.data.solutionData[].runIterationInformation.intervention,boolean,10,,plateau,False
dispatchSolution,https://data.wa.aemo.com.au/public/market-data/wemde/dispatchSolution/dispatchData-AvailableCapacity/current/,AvailableCapacityDispatchSolution_202608060800.json,,json,$.data.solutionData[].runIterationInformation.ocd,boolean,10,,plateau,True
dispatchSolution,https://data.wa.aemo.com.au/public/market-data/wemde/dispatchSolution/dispatchData-AvailableCapacity/current/,AvailableCapacityDispatchSolution_202608060800.json,,json,$.data.solutionData[].scenario,string,10,,plateau,AvailableCapacity
dispatchSolution,https://data.wa.aemo.com.au/public/market-data/wemde/dispatchSolution/dispatchData-AvailableCapacity/current/,AvailableCapacityDispatchSolution_202608060800.json,,json,$.data.solutionData[].schedule,array,10,,plateau,
dispatchSolution,https://data.wa.aemo.com.au/public/market-data/wemde/dispatchSolution/dispatchData-AvailableCapacity/current/,AvailableCapacityDispatchSolution_202608060800.json,,json,$.data.solutionData[].schedule[],object,60,,plateau,
dispatchSolution,https://data.wa.aemo.com.au/public/market-data/wemde/dispatchSolution/dispatchData-AvailableCapacity/current/,AvailableCapacityDispatchSolution_202608060800.json,,json,$.data.solutionData[].schedule[].facilitySchedule,array,60,,plateau,
dispatchSolution,https://data.wa.aemo.com.au/public/market-data/wemde/dispatchSolution/dispatchData-AvailableCapacity/current/,AvailableCapacityDispatchSolution_202608060800.json,,json,$.data.solutionData[].schedule[].facilitySchedule[],object,2960,,plateau,
dispatchSolution,https://data.wa.aemo.com.au/public/market-data/wemde/dispatchSolution/dispatchData-AvailableCapacity/current/,AvailableCapacityDispatchSolution_202608060800.json,,json,$.data.solutionData[].schedule[].facilitySchedule[].essPreProcessingConditionFlag,boolean,1290,,plateau,False
dispatchSolution,https://data.wa.aemo.com.au/public/market-data/wemde/dispatchSolution/dispatchData-AvailableCapacity/current/,AvailableCapacityDispatchSolution_202608060800.json,,json,$.data.solutionData[].schedule[].facilitySchedule[].facilityCode,string,2960,,plateau,ALCOA_WGP
dispatchSolution,https://data.wa.aemo.com.au/public/market-data/wemde/dispatchSolution/dispatchData-AvailableCapacity/current/,AvailableCapacityDispatchSolution_202608060800.json,,json,$.data.solutionData[].schedule[].facilitySchedule[].quantity,number,2960,,plateau,0.0
dispatchSolution,https://data.wa.aemo.com.au/public/market-data/wemde/dispatchSolution/dispatchData-AvailableCapacity/current/,AvailableCapacityDispatchSolution_202608060800.json,,json,$.data.solutionData[].schedule[].marketService,string,60,,plateau,energy
dispatchSolution,https://data.wa.aemo.com.au/public/market-data/wemde/dispatchSolution/dispatchData-AvailableCapacity/current/,AvailableCapacityDispatchSolution_202608060800.json,,json,$.data.solutionData[].solveFinishAsAtTS,string,10,,plateau,2026-08-06T07:59:38.6146045+08:00
dispatchSolution,https://data.wa.aemo.com.au/public/market-data/wemde/dispatchSolution/dispatchData-AvailableCapacity/current/,AvailableCapacityDispatchSolution_202608060800.json,,json,$.data.solutionData[].solveStartAsAtTS,string,10,,plateau,2026-08-06T07:59:36.7196254+08:00
dispatchSolution,https://data.wa.aemo.com.au/public/market-data/wemde/dispatchSolution/dispatchData-AvailableCapacity/current/,AvailableCapacityDispatchSolution_202608060800.json,,json,$.data.solutionData[].solveStatus,string,10,,plateau,Optimal
dispatchSolution,https://data.wa.aemo.com.au/public/market-data/wemde/dispatchSolution/dispatchData-AvailableCapacity/current/,AvailableCapacityDispatchSolution_202608060800.json,,json,$.data.solutionData[].status,string,10,,plateau,Normal
dispatchSolution,https://data.wa.aemo.com.au/public/market-data/wemde/dispatchSolution/dispatchData-AvailableCapacity/current/,AvailableCapacityDispatchSolution_202608060800.json,,json,$.data.solutionData[].trapeziumAdjustments,array,10,,plateau,
dispatchSolution,https://data.wa.aemo.com.au/public/market-data/wemde/dispatchSolution/dispatchData-AvailableCapacity/current/,AvailableCapacityDispatchSolution_202608060800.json,,json,$.data.solutionData[].trapeziumAdjustments[],object,60,,plateau,
dispatchSolution,https://data.wa.aemo.com.au/public/market-data/wemde/dispatchSolution/dispatchData-AvailableCapacity/current/,AvailableCapacityDispatchSolution_202608060800.json,,json,$.data.solutionData[].trapeziumAdjustments[].marketService,string,60,,plateau,energy
dispatchSolution,https://data.wa.aemo.com.au/public/market-data/wemde/dispatchSolution/dispatchData-AvailableCapacity/current/,AvailableCapacityDispatchSolution_202608060800.json,,json,$.data.solutionData[].trapeziumAdjustments[].trapeziumAdjustmentDetails,array,60,,plateau,
dispatchSolution,https://data.wa.aemo.com.au/public/market-data/wemde/dispatchSolution/dispatchData-AvailableCapacity/current/,AvailableCapacityDispatchSolution_202608060800.json,,json,$.data.solutionData[].trapeziumAdjustments[].trapeziumAdjustmentDetails[],object,2960,,plateau,
dispatchSolution,https://data.wa.aemo.com.au/public/market-data/wemde/dispatchSolution/dispatchData-AvailableCapacity/current/,AvailableCapacityDispatchSolution_202608060800.json,,json,$.data.solutionData[].trapeziumAdjustments[].trapeziumAdjustmentDetails[].downwardsRampRateValueUsed,number,2960,,plateau,3.0
dispatchSolution,https://data.wa.aemo.com.au/public/market-data/wemde/dispatchSolution/dispatchData-AvailableCapacity/current/,AvailableCapacityDispatchSolution_202608060800.json,,json,$.data.solutionData[].trapeziumAdjustments[].trapeziumAdjustmentDetails[].enablementMaximumValueUsed,number,2960,,plateau,0.0
dispatchSolution,https://data.wa.aemo.com.au/public/market-data/wemde/dispatchSolution/dispatchData-AvailableCapacity/current/,AvailableCapacityDispatchSolution_202608060800.json,,json,$.data.solutionData[].trapeziumAdjustments[].trapeziumAdjustmentDetails[].enablementMinimumValueUsed,number,2960,,plateau,0.0
dispatchSolution,https://data.wa.aemo.com.au/public/market-data/wemde/dispatchSolution/dispatchData-AvailableCapacity/current/,AvailableCapacityDispatchSolution_202608060800.json,,json,$.data.solutionData[].trapeziumAdjustments[].trapeziumAdjustmentDetails[].facilityCode,string,2960,,plateau,ALCOA_WGP
dispatchSolution,https://data.wa.aemo.com.au/public/market-data/wemde/dispatchSolution/dispatchData-AvailableCapacity/current/,AvailableCapacityDispatchSolution_202608060800.json,,json,$.data.solutionData[].trapeziumAdjustments[].trapeziumAdjustmentDetails[].highBreakpointValueUsed,number,2960,,plateau,0.0
dispatchSolution,https://data.wa.aemo.com.au/public/market-data/wemde/dispatchSolution/dispatchData-AvailableCapacity/current/,AvailableCapacityDispatchSolution_202608060800.json,,json,$.data.solutionData[].trapeziumAdjustments[].trapeziumAdjustmentDetails[].lowBreakpointValueUsed,number,2960,,plateau,0.0
dispatchSolution,https://data.wa.aemo.com.au/public/market-data/wemde/dispatchSolution/dispatchData-AvailableCapacity/current/,AvailableCapacityDispatchSolution_202608060800.json,,json,$.data.solutionData[].trapeziumAdjustments[].trapeziumAdjustmentDetails[].upwardsRampRateValueUsed,number,2960,,plateau,3.0
dispatchSolution,https://data.wa.aemo.com.au/public/market-data/wemde/dispatchSolution/preDispatchData/current/,ReferencePre-DispatchSolution_202608060730.json,,json,$,object,1,,plateau,
dispatchSolution,https://data.wa.aemo.com.au/public/market-data/wemde/dispatchSolution/preDispatchData/current/,ReferencePre-DispatchSolution_202608060730.json,,json,$.data,object,1,,plateau,
dispatchSolution,https://data.wa.aemo.com.au/public/market-data/wemde/dispatchSolution/preDispatchData/current/,ReferencePre-DispatchSolution_202608060730.json,,json,$.data.dispatchDataIssueID,string,1,,plateau,20260806074511308_4781
dispatchSolution,https://data.wa.aemo.com.au/public/market-data/wemde/dispatchSolution/preDispatchData/current/,ReferencePre-DispatchSolution_202608060730.json,,json,$.data.primaryDispatchInterval,string,1,,plateau,2026-08-06T07:30:00+08:00
dispatchSolution,https://data.wa.aemo.com.au/public/market-data/wemde/dispatchSolution/preDispatchData/current/,ReferencePre-DispatchSolution_202608060730.json,,json,$.data.solutionData,array,1,,plateau,
dispatchSolution,https://data.wa.aemo.com.au/public/market-data/wemde/dispatchSolution/preDispatchData/current/,ReferencePre-DispatchSolution_202608060730.json,,json,$.data.solutionData[],object,10,,plateau,
dispatchSolution,https://data.wa.aemo.com.au/public/market-data/wemde/dispatchSolution/preDispatchData/current/,ReferencePre-DispatchSolution_202608060730.json,,json,$.data.solutionData[].availableQuantities,object,9,,plateau,
dispatchSolution,https://data.wa.aemo.com.au/public/market-data/wemde/dispatchSolution/preDispatchData/current/,ReferencePre-DispatchSolution_202608060730.json,,json,$.data.solutionData[].availableQuantities.contingencyLower,number,9,,plateau,168.6
dispatchSolution,https://data.wa.aemo.com.au/public/market-data/wemde/dispatchSolution/preDispatchData/current/,ReferencePre-DispatchSolution_202608060730.json,,json,$.data.solutionData[].availableQuantities.contingencyRaise,number,9,,plateau,163.6
dispatchSolution,https://data.wa.aemo.com.au/public/market-data/wemde/dispatchSolution/preDispatchData/current/,ReferencePre-DispatchSolution_202608060730.json,,json,$.data.solutionData[].availableQuantities.energyInjectionCapacity,number,9,,plateau,532.437
dispatchSolution,https://data.wa.aemo.com.au/public/market-data/wemde/dispatchSolution/preDispatchData/current/,ReferencePre-DispatchSolution_202608060730.json,,json,$.data.solutionData[].availableQuantities.energyWithdrawalCapacity,number,9,,plateau,0.0
dispatchSolution,https://data.wa.aemo.com.au/public/market-data/wemde/dispatchSolution/preDispatchData/current/,ReferencePre-DispatchSolution_202608060730.json,,json,$.data.solutionData[].availableQuantities.regulationLower,number,9,,plateau,190.6
dispatchSolution,https://data.wa.aemo.com.au/public/market-data/wemde/dispatchSolution/preDispatchData/current/,ReferencePre-DispatchSolution_202608060730.json,,json,$.data.solutionData[].availableQuantities.regulationRaise,number,9,,plateau,190.6
dispatchSolution,https://data.wa.aemo.com.au/public/market-data/wemde/dispatchSolution/preDispatchData/current/,ReferencePre-DispatchSolution_202608060730.json,,json,$.data.solutionData[].availableQuantities.rocof,number,9,,plateau,2542.0
dispatchSolution,https://data.wa.aemo.com.au/public/market-data/wemde/dispatchSolution/preDispatchData/current/,ReferencePre-DispatchSolution_202608060730.json,,json,$.data.solutionData[].constraints,array,10,,plateau,
dispatchSolution,https://data.wa.aemo.com.au/public/market-data/wemde/dispatchSolution/preDispatchData/current/,ReferencePre-DispatchSolution_202608060730.json,,json,$.data.solutionData[].constraints[],object,23691,,plateau,
dispatchSolution,https://data.wa.aemo.com.au/public/market-data/wemde/dispatchSolution/preDispatchData/current/,ReferencePre-DispatchSolution_202608060730.json,,json,$.data.solutionData[].constraints[].bindingConstraintFlag,boolean,23690,,plateau,True
dispatchSolution,https://data.wa.aemo.com.au/public/market-data/wemde/dispatchSolution/preDispatchData/current/,ReferencePre-DispatchSolution_202608060730.json,,json,$.data.solutionData[].constraints[].constraintType,string,23690,,plateau,Formulation
dispatchSolution,https://data.wa.aemo.com.au/public/market-data/wemde/dispatchSolution/preDispatchData/current/,ReferencePre-DispatchSolution_202608060730.json,,json,$.data.solutionData[].constraints[].defaultRhs,number,23690,,plateau,0.0
dispatchSolution,https://data.wa.aemo.com.au/public/market-data/wemde/dispatchSolution/preDispatchData/current/,ReferencePre-DispatchSolution_202608060730.json,,json,$.data.solutionData[].constraints[].description,string,23691,,plateau,System Energy Balance
dispatchSolution,https://data.wa.aemo.com.au/public/market-data/wemde/dispatchSolution/preDispatchData/current/,ReferencePre-DispatchSolution_202608060730.json,,json,$.data.solutionData[].constraints[].id,string,23691,,plateau,SystemEnergyBalance
dispatchSolution,https://data.wa.aemo.com.au/public/market-data/wemde/dispatchSolution/preDispatchData/current/,ReferencePre-DispatchSolution_202608060730.json,,json,$.data.solutionData[].constraints[].isInterventionEvent,boolean,23690,,plateau,False
dispatchSolution,https://data.wa.aemo.com.au/public/market-data/wemde/dispatchSolution/preDispatchData/current/,ReferencePre-DispatchSolution_202608060730.json,,json,$.data.solutionData[].constraints[].leftHandSideValue,number,23691,,plateau,2763.127
dispatchSolution,https://data.wa.aemo.com.au/public/market-data/wemde/dispatchSolution/preDispatchData/current/,ReferencePre-DispatchSolution_202608060730.json,,json,$.data.solutionData[].constraints[].nearBindingConstraintFlag,boolean,23690,,plateau,True
dispatchSolution,https://data.wa.aemo.com.au/public/market-data/wemde/dispatchSolution/preDispatchData/current/,ReferencePre-DispatchSolution_202608060730.json,,json,$.data.solutionData[].constraints[].operator,string,23691,,plateau,EqualTo
dispatchSolution,https://data.wa.aemo.com.au/public/market-data/wemde/dispatchSolution/preDispatchData/current/,ReferencePre-DispatchSolution_202608060730.json,,json,$.data.solutionData[].constraints[].rightHandSideValue,number,23690,,plateau,2763.127
dispatchSolution,https://data.wa.aemo.com.au/public/market-data/wemde/dispatchSolution/preDispatchData/current/,ReferencePre-DispatchSolution_202608060730.json,,json,$.data.solutionData[].constraints[].shadowPrice,number,23690,,plateau,148.46
dispatchSolution,https://data.wa.aemo.com.au/public/market-data/wemde/dispatchSolution/preDispatchData/current/,ReferencePre-DispatchSolution_202608060730.json,,json,$.data.solutionData[].constraints[].slackVariables,array,21112,,plateau,
dispatchSolution,https://data.wa.aemo.com.au/public/market-data/wemde/dispatchSolution/preDispatchData/current/,ReferencePre-DispatchSolution_202608060730.json,,json,$.data.solutionData[].constraints[].slackVariables[],object,22131,,plateau,
dispatchSolution,https://data.wa.aemo.com.au/public/market-data/wemde/dispatchSolution/preDispatchData/current/,ReferencePre-DispatchSolution_202608060730.json,,json,$.data.solutionData[].constraints[].slackVariables[].value,number,22131,,plateau,0.0
dispatchSolution,https://data.wa.aemo.com.au/public/market-data/wemde/dispatchSolution/preDispatchData/current/,ReferencePre-DispatchSolution_202608060730.json,,json,$.data.solutionData[].constraints[].slackVariables[].variable,string,22131,,plateau,EnergyBalance_SlackDeficit
dispatchSolution,https://data.wa.aemo.com.au/public/market-data/wemde/dispatchSolution/preDispatchData/current/,ReferencePre-DispatchSolution_202608060730.json,,json,$.data.solutionData[].contingencySolution,object,9,,plateau,
dispatchSolution,https://data.wa.aemo.com.au/public/market-data/wemde/dispatchSolution/preDispatchData/current/,ReferencePre-DispatchSolution_202608060730.json,,json,$.data.solutionData[].contingencySolution.clearedContingencyLower,number,9,,plateau,79.205
dispatchSolution,https://data.wa.aemo.com.au/public/market-data/wemde/dispatchSolution/preDispatchData/current/,ReferencePre-DispatchSolution_202608060730.json,,json,$.data.solutionData[].contingencySolution.clearedContingencyRaise,number,9,,plateau,309.57
dispatchSolution,https://data.wa.aemo.com.au/public/market-data/wemde/dispatchSolution/preDispatchData/current/,ReferencePre-DispatchSolution_202608060730.json,,json,$.data.solutionData[].contingencySolution.contingencyLowerDeficit,number,9,,plateau,0.0
dispatchSolution,https://data.wa.aemo.com.au/public/market-data/wemde/dispatchSolution/preDispatchData/current/,ReferencePre-DispatchSolution_202608060730.json,,json,$.data.solutionData[].contingencySolution.contingencyLowerOffset,number,9,,plateau,92.895
dispatchSolution,https://data.wa.aemo.com.au/public/market-data/wemde/dispatchSolution/preDispatchData/current/,ReferencePre-DispatchSolution_202608060730.json,,json,$.data.solutionData[].contingencySolution.contingencyLowerRequirement,number,9,,plateau,79.205
dispatchSolution,https://data.wa.aemo.com.au/public/market-data/wemde/dispatchSolution/preDispatchData/current/,ReferencePre-DispatchSolution_202608060730.json,,json,$.data.solutionData[].contingencySolution.contingencyRaiseDeficit,number,9,,plateau,0.0
dispatchSolution,https://data.wa.aemo.com.au/public/market-data/wemde/dispatchSolution/preDispatchData/current/,ReferencePre-DispatchSolution_202608060730.json,,json,$.data.solutionData[].contingencySolution.contingencyRaiseOffset,number,9,,plateau,84.944
dispatchSolution,https://data.wa.aemo.com.au/public/market-data/wemde/dispatchSolution/preDispatchData/current/,ReferencePre-DispatchSolution_202608060730.json,,json,$.data.solutionData[].contingencySolution.contingencyRaiseRequirement,number,9,,plateau,253.676
dispatchSolution,https://data.wa.aemo.com.au/public/market-data/wemde/dispatchSolution/preDispatchData/current/,ReferencePre-DispatchSolution_202608060730.json,,json,$.data.solutionData[].contingencySolution.demandLevel,number,9,,plateau,2800.0
dispatchSolution,https://data.wa.aemo.com.au/public/market-data/wemde/dispatchSolution/preDispatchData/current/,ReferencePre-DispatchSolution_202608060730.json,,json,$.data.solutionData[].contingencySolution.dpvLevel,number,9,,plateau,510.0
dispatchSolution,https://data.wa.aemo.com.au/public/market-data/wemde/dispatchSolution/preDispatchData/current/,ReferencePre-DispatchSolution_202608060730.json,,json,$.data.solutionData[].contingencySolution.largestContingency,number,9,,plateau,338.62
dispatchSolution,https://data.wa.aemo.com.au/public/market-data/wemde/dispatchSolution/preDispatchData/current/,ReferencePre-DispatchSolution_202608060730.json,,json,$.data.solutionData[].contingencySolution.largestLoadContingency,number,9,,plateau,172.1
dispatchSolution,https://data.wa.aemo.com.au/public/market-data/wemde/dispatchSolution/preDispatchData/current/,ReferencePre-DispatchSolution_202608060730.json,,json,$.data.solutionData[].contingencySolution.solvedContingency,number,9,,plateau,345.0
dispatchSolution,https://data.wa.aemo.com.au/public/market-data/wemde/dispatchSolution/preDispatchData/current/,ReferencePre-DispatchSolution_202608060730.json,,json,$.data.solutionData[].contingencySolution.solvedInertia,number,9,,plateau,20250.0
dispatchSolution,https://data.wa.aemo.com.au/public/market-data/wemde/dispatchSolution/preDispatchData/current/,ReferencePre-DispatchSolution_202608060730.json,,json,$.data.solutionData[].definedContingency,array,10,,plateau,
dispatchSolution,https://data.wa.aemo.com.au/public/market-data/wemde/dispatchSolution/preDispatchData/current/,ReferencePre-DispatchSolution_202608060730.json,,json,$.data.solutionData[].definedContingency[],object,90,,plateau,
dispatchSolution,https://data.wa.aemo.com.au/public/market-data/wemde/dispatchSolution/preDispatchData/current/,ReferencePre-DispatchSolution_202608060730.json,,json,$.data.solutionData[].definedContingency[].id,string,90,,plateau,"NIL * {INVESTEC_COLLGAR_WF1, MERSOLAR_PV1} [SupplyRisk]"
dispatchSolution,https://data.wa.aemo.com.au/public/market-data/wemde/dispatchSolution/preDispatchData/current/,ReferencePre-DispatchSolution_202608060730.json,,json,$.data.solutionData[].definedContingency[].valueOfContingency,number,90,,plateau,96.94
dispatchSolution,https://data.wa.aemo.com.au/public/market-data/wemde/dispatchSolution/preDispatchData/current/,ReferencePre-DispatchSolution_202608060730.json,,json,$.data.solutionData[].definedLoadContingency,array,9,,plateau,
dispatchSolution,https://data.wa.aemo.com.au/public/market-data/wemde/dispatchSolution/preDispatchData/current/,ReferencePre-DispatchSolution_202608060730.json,,json,$.data.solutionData[].definedLoadContingency[],object,72,,plateau,
dispatchSolution,https://data.wa.aemo.com.au/public/market-data/wemde/dispatchSolution/preDispatchData/current/,ReferencePre-DispatchSolution_202608060730.json,,json,$.data.solutionData[].definedLoadContingency[].associatedFacilities,array,72,,plateau,
dispatchSolution,https://data.wa.aemo.com.au/public/market-data/wemde/dispatchSolution/preDispatchData/current/,ReferencePre-DispatchSolution_202608060730.json,,json,$.data.solutionData[].definedLoadContingency[].associatedFacilities[],object,225,,plateau,
dispatchSolution,https://data.wa.aemo.com.au/public/market-data/wemde/dispatchSolution/preDispatchData/current/,ReferencePre-DispatchSolution_202608060730.json,,json,$.data.solutionData[].definedLoadContingency[].associatedFacilities[].contribution,number,225,,plateau,-80.9
dispatchSolution,https://data.wa.aemo.com.au/public/market-data/wemde/dispatchSolution/preDispatchData/current/,ReferencePre-DispatchSolution_202608060730.json,,json,$.data.solutionData[].definedLoadContingency[].associatedFacilities[].facilityCode,string,225,,plateau,INVESTEC_COLLGAR_WF1
dispatchSolution,https://data.wa.aemo.com.au/public/market-data/wemde/dispatchSolution/preDispatchData/current/,ReferencePre-DispatchSolution_202608060730.json,,json,$.data.solutionData[].definedLoadContingency[].associatedFacilities[].marketService,string,225,,plateau,energy
dispatchSolution,https://data.wa.aemo.com.au/public/market-data/wemde/dispatchSolution/preDispatchData/current/,ReferencePre-DispatchSolution_202608060730.json,,json,$.data.solutionData[].definedLoadContingency[].id,string,72,,plateau,"NIL, Off(MRT81-MNC) * {MU-NGS-KDN X1, SPS_220TRIP} [LoadRisk"
dispatchSolution,https://data.wa.aemo.com.au/public/market-data/wemde/dispatchSolution/preDispatchData/current/,ReferencePre-DispatchSolution_202608060730.json,,json,$.data.solutionData[].definedLoadContingency[].loadContribution,number,72,,plateau,154.728
dispatchSolution,https://data.wa.aemo.com.au/public/market-data/wemde/dispatchSolution/preDispatchData/current/,ReferencePre-DispatchSolution_202608060730.json,,json,$.data.solutionData[].definedLoadContingency[].valueOfContingency,number,72,,plateau,57.938
dispatchSolution,https://data.wa.aemo.com.au/public/market-data/wemde/dispatchSolution/preDispatchData/current/,ReferencePre-DispatchSolution_202608060730.json,,json,$.data.solutionData[].dispatchCaps,array,10,,plateau,
dispatchSolution,https://data.wa.aemo.com.au/public/market-data/wemde/dispatchSolution/preDispatchData/current/,ReferencePre-DispatchSolution_202608060730.json,,json,$.data.solutionData[].dispatchCaps[],object,130,,plateau,
dispatchSolution,https://data.wa.aemo.com.au/public/market-data/wemde/dispatchSolution/preDispatchData/current/,ReferencePre-DispatchSolution_202608060730.json,,json,$.data.solutionData[].dispatchCaps[].dispatchCap,number,130,,plateau,80.0
dispatchSolution,https://data.wa.aemo.com.au/public/market-data/wemde/dispatchSolution/preDispatchData/current/,ReferencePre-DispatchSolution_202608060730.json,,json,$.data.solutionData[].dispatchCaps[].facilityCode,string,130,,plateau,EDWFMAN_WF1
dispatchSolution,https://data.wa.aemo.com.au/public/market-data/wemde/dispatchSolution/preDispatchData/current/,ReferencePre-DispatchSolution_202608060730.json,,json,$.data.solutionData[].dispatchInterval,string,10,,plateau,2026-08-06T07:30:00+08:00
dispatchSolution,https://data.wa.aemo.com.au/public/market-data/wemde/dispatchSolution/preDispatchData/current/,ReferencePre-DispatchSolution_202608060730.json,,json,$.data.solutionData[].dispatchRunId,string,10,,plateau,16ecd5d8-2e89-4ce8-6f72-08def34977b8
dispatchSolution,https://data.wa.aemo.com.au/public/market-data/wemde/dispatchSolution/preDispatchData/current/,ReferencePre-DispatchSolution_202608060730.json,,json,$.data.solutionData[].dispatchTotal,object,9,,plateau,
dispatchSolution,https://data.wa.aemo.com.au/public/market-data/wemde/dispatchSolution/preDispatchData/current/,ReferencePre-DispatchSolution_202608060730.json,,json,$.data.solutionData[].dispatchTotal.contingencyLower,number,9,,plateau,79.205
dispatchSolution,https://data.wa.aemo.com.au/public/market-data/wemde/dispatchSolution/preDispatchData/current/,ReferencePre-DispatchSolution_202608060730.json,,json,$.data.solutionData[].dispatchTotal.contingencyRaise,number,9,,plateau,309.57
dispatchSolution,https://data.wa.aemo.com.au/public/market-data/wemde/dispatchSolution/preDispatchData/current/,ReferencePre-DispatchSolution_202608060730.json,,json,$.data.solutionData[].dispatchTotal.energyInjectionCapacity,number,9,,plateau,2763.127
dispatchSolution,https://data.wa.aemo.com.au/public/market-data/wemde/dispatchSolution/preDispatchData/current/,ReferencePre-DispatchSolution_202608060730.json,,json,$.data.solutionData[].dispatchTotal.energyWithdrawalCapacity,number,9,,plateau,0.0
dispatchSolution,https://data.wa.aemo.com.au/public/market-data/wemde/dispatchSolution/preDispatchData/current/,ReferencePre-DispatchSolution_202608060730.json,,json,$.data.solutionData[].dispatchTotal.regulationLower,number,9,,plateau,110.001
dispatchSolution,https://data.wa.aemo.com.au/public/market-data/wemde/dispatchSolution/preDispatchData/current/,ReferencePre-DispatchSolution_202608060730.json,,json,$.data.solutionData[].dispatchTotal.regulationRaise,number,9,,plateau,110.0
dispatchSolution,https://data.wa.aemo.com.au/public/market-data/wemde/dispatchSolution/preDispatchData/current/,ReferencePre-DispatchSolution_202608060730.json,,json,$.data.solutionData[].dispatchTotal.rocof,number,9,,plateau,13885.9
dispatchSolution,https://data.wa.aemo.com.au/public/market-data/wemde/dispatchSolution/preDispatchData/current/,ReferencePre-DispatchSolution_202608060730.json,,json,$.data.solutionData[].dispatchType,string,10,,plateau,Pre-Dispatch
dispatchSolution,https://data.wa.aemo.com.au/public/market-data/wemde/dispatchSolution/preDispatchData/current/,ReferencePre-DispatchSolution_202608060730.json,,json,$.data.solutionData[].facilityScheduleDetails,array,10,,plateau,
dispatchSolution,https://data.wa.aemo.com.au/public/market-data/wemde/dispatchSolution/preDispatchData/current/,ReferencePre-DispatchSolution_202608060730.json,,json,$.data.solutionData[].facilityScheduleDetails[],object,1710,,plateau,
dispatchSolution,https://data.wa.aemo.com.au/public/market-data/wemde/dispatchSolution/preDispatchData/current/,ReferencePre-DispatchSolution_202608060730.json,,json,$.data.solutionData[].facilityScheduleDetails[].congestionRental,number,1710,,plateau,0.0
dispatchSolution,https://data.wa.aemo.com.au/public/market-data/wemde/dispatchSolution/preDispatchData/current/,ReferencePre-DispatchSolution_202608060730.json,,json,$.data.solutionData[].facilityScheduleDetails[].contingency,number,1710,,plateau,36.192
dispatchSolution,https://data.wa.aemo.com.au/public/market-data/wemde/dispatchSolution/preDispatchData/current/,ReferencePre-DispatchSolution_202608060730.json,,json,$.data.solutionData[].facilityScheduleDetails[].contingencyLowerPF,number,1710,,plateau,1.0
dispatchSolution,https://data.wa.aemo.com.au/public/market-data/wemde/dispatchSolution/preDispatchData/current/,ReferencePre-DispatchSolution_202608060730.json,,json,$.data.solutionData[].facilityScheduleDetails[].contingencyRaisePF,number,1710,,plateau,0.0
dispatchSolution,https://data.wa.aemo.com.au/public/market-data/wemde/dispatchSolution/preDispatchData/current/,ReferencePre-DispatchSolution_202608060730.json,,json,$.data.solutionData[].facilityScheduleDetails[].estimatedFcessUpliftPayment,number,1710,,plateau,0.0
dispatchSolution,https://data.wa.aemo.com.au/public/market-data/wemde/dispatchSolution/preDispatchData/current/,ReferencePre-DispatchSolution_202608060730.json,,json,$.data.solutionData[].facilityScheduleDetails[].facilityCode,string,1710,,plateau,ALCOA_WGP
dispatchSolution,https://data.wa.aemo.com.au/public/market-data/wemde/dispatchSolution/preDispatchData/current/,ReferencePre-DispatchSolution_202608060730.json,,json,$.data.solutionData[].facilityScheduleDetails[].facilityLowerRisk,number,1710,,plateau,0.0
dispatchSolution,https://data.wa.aemo.com.au/public/market-data/wemde/dispatchSolution/preDispatchData/current/,ReferencePre-DispatchSolution_202608060730.json,,json,$.data.solutionData[].facilityScheduleDetails[].facilityRisk,number,1710,,plateau,0.0
dispatchSolution,https://data.wa.aemo.com.au/public/market-data/wemde/dispatchSolution/preDispatchData/current/,ReferencePre-DispatchSolution_202608060730.json,,json,$.data.solutionData[].facilityScheduleDetails[].fastStartFlag,boolean,1710,,plateau,False
dispatchSolution,https://data.wa.aemo.com.au/public/market-data/wemde/dispatchSolution/preDispatchData/current/,ReferencePre-DispatchSolution_202608060730.json,,json,$.data.solutionData[].facilityScheduleDetails[].fastStartInitialMode,number,1710,,plateau,0
dispatchSolution,https://data.wa.aemo.com.au/public/market-data/wemde/dispatchSolution/preDispatchData/current/,ReferencePre-DispatchSolution_202608060730.json,,json,$.data.solutionData[].facilityScheduleDetails[].fastStartInitialModeTime,number,1710,,plateau,0
dispatchSolution,https://data.wa.aemo.com.au/public/market-data/wemde/dispatchSolution/preDispatchData/current/,ReferencePre-DispatchSolution_202608060730.json,,json,$.data.solutionData[].facilityScheduleDetails[].fastStartTargetMode,number,1710,,plateau,0
dispatchSolution,https://data.wa.aemo.com.au/public/market-data/wemde/dispatchSolution/preDispatchData/current/,ReferencePre-DispatchSolution_202608060730.json,,json,$.data.solutionData[].facilityScheduleDetails[].fastStartTargetModeTime,number,1710,,plateau,0
dispatchSolution,https://data.wa.aemo.com.au/public/market-data/wemde/dispatchSolution/preDispatchData/current/,ReferencePre-DispatchSolution_202608060730.json,,json,$.data.solutionData[].facilityScheduleDetails[].initialMw,number,1710,,plateau,0.0
dispatchSolution,https://data.wa.aemo.com.au/public/market-data/wemde/dispatchSolution/preDispatchData/current/,ReferencePre-DispatchSolution_202608060730.json,,json,$.data.solutionData[].facilityScheduleDetails[].loadContingency,number,1710,,plateau,0.0
dispatchSolution,https://data.wa.aemo.com.au/public/market-data/wemde/dispatchSolution/preDispatchData/current/,ReferencePre-DispatchSolution_202608060730.json,,json,$.data.solutionData[].facilityScheduleDetails[].nolDemand,number,1710,,plateau,0.0
dispatchSolution,https://data.wa.aemo.com.au/public/market-data/wemde/dispatchSolution/preDispatchData/current/,ReferencePre-DispatchSolution_202608060730.json,,json,$.data.solutionData[].facilityScheduleDetails[].projectedChargeLevel,null|number,1710,,plateau,-85.042
dispatchSolution,https://data.wa.aemo.com.au/public/market-data/wemde/dispatchSolution/preDispatchData/current/,ReferencePre-DispatchSolution_202608060730.json,,json,$.data.solutionData[].facilityScheduleDetails[].projectedDischargeLevel,null|number,1710,,plateau,94.458
dispatchSolution,https://data.wa.aemo.com.au/public/market-data/wemde/dispatchSolution/preDispatchData/current/,ReferencePre-DispatchSolution_202608060730.json,,json,$.data.solutionData[].facilityScheduleDetails[].regulationLowerPF,number,1710,,plateau,1.0
dispatchSolution,https://data.wa.aemo.com.au/public/market-data/wemde/dispatchSolution/preDispatchData/current/,ReferencePre-DispatchSolution_202608060730.json,,json,$.data.solutionData[].facilityScheduleDetails[].regulationRaisePF,number,1710,,plateau,1.0
dispatchSolution,https://data.wa.aemo.com.au/public/market-data/wemde/dispatchSolution/preDispatchData/current/,ReferencePre-DispatchSolution_202608060730.json,,json,$.data.solutionData[].facilityScheduleDetails[].rocofPF,number,1710,,plateau,1.0
dispatchSolution,https://data.wa.aemo.com.au/public/market-data/wemde/dispatchSolution/preDispatchData/current/,ReferencePre-DispatchSolution_202608060730.json,,json,$.data.solutionData[].fcessMarketClearingPriceCeilings,array,9,,plateau,
dispatchSolution,https://data.wa.aemo.com.au/public/market-data/wemde/dispatchSolution/preDispatchData/current/,ReferencePre-DispatchSolution_202608060730.json,,json,$.data.solutionData[].fcessMarketClearingPriceCeilings[],object,45,,plateau,
dispatchSolution,https://data.wa.aemo.com.au/public/market-data/wemde/dispatchSolution/preDispatchData/current/,ReferencePre-DispatchSolution_202608060730.json,,json,$.data.solutionData[].fcessMarketClearingPriceCeilings[].fcessMarketService,string,45,,plateau,regulationRaise
dispatchSolution,https://data.wa.aemo.com.au/public/market-data/wemde/dispatchSolution/preDispatchData/current/,ReferencePre-DispatchSolution_202608060730.json,,json,$.data.solutionData[].fcessMarketClearingPriceCeilings[].priceCeiling,number,45,,plateau,2423.0
dispatchSolution,https://data.wa.aemo.com.au/public/market-data/wemde/dispatchSolution/preDispatchData/current/,ReferencePre-DispatchSolution_202608060730.json,,json,$.data.solutionData[].inServiceQuantities,object,9,,plateau,
dispatchSolution,https://data.wa.aemo.com.au/public/market-data/wemde/dispatchSolution/preDispatchData/current/,ReferencePre-DispatchSolution_202608060730.json,,json,$.data.solutionData[].inServiceQuantities.contingencyLower,number,9,,plateau,1473.499
dispatchSolution,https://data.wa.aemo.com.au/public/market-data/wemde/dispatchSolution/preDispatchData/current/,ReferencePre-DispatchSolution_202608060730.json,,json,$.data.solutionData[].inServiceQuantities.contingencyRaise,number,9,,plateau,1381.394
dispatchSolution,https://data.wa.aemo.com.au/public/market-data/wemde/dispatchSolution/preDispatchData/current/,ReferencePre-DispatchSolution_202608060730.json,,json,$.data.solutionData[].inServiceQuantities.energyInjectionCapacity,number,9,,plateau,4940.882
dispatchSolution,https://data.wa.aemo.com.au/public/market-data/wemde/dispatchSolution/preDispatchData/current/,ReferencePre-DispatchSolution_202608060730.json,,json,$.data.solutionData[].inServiceQuantities.energyWithdrawalCapacity,number,9,,plateau,-1100.0
dispatchSolution,https://data.wa.aemo.com.au/public/market-data/wemde/dispatchSolution/preDispatchData/current/,ReferencePre-DispatchSolution_202608060730.json,,json,$.data.solutionData[].inServiceQuantities.regulationLower,number,9,,plateau,916.17
dispatchSolution,https://data.wa.aemo.com.au/public/market-data/wemde/dispatchSolution/preDispatchData/current/,ReferencePre-DispatchSolution_202608060730.json,,json,$.data.solutionData[].inServiceQuantities.regulationRaise,number,9,,plateau,916.17
dispatchSolution,https://data.wa.aemo.com.au/public/market-data/wemde/dispatchSolution/preDispatchData/current/,ReferencePre-DispatchSolution_202608060730.json,,json,$.data.solutionData[].inServiceQuantities.rocof,number,9,,plateau,14161.9
dispatchSolution,https://data.wa.aemo.com.au/public/market-data/wemde/dispatchSolution/preDispatchData/current/,ReferencePre-DispatchSolution_202608060730.json,,json,$.data.solutionData[].marketServiceRequirements,object,9,,plateau,
dispatchSolution,https://data.wa.aemo.com.au/public/market-data/wemde/dispatchSolution/preDispatchData/current/,ReferencePre-DispatchSolution_202608060730.json,,json,$.data.solutionData[].marketServiceRequirements.contingencyLower,number,9,,plateau,79.205
dispatchSolution,https://data.wa.aemo.com.au/public/market-data/wemde/dispatchSolution/preDispatchData/current/,ReferencePre-DispatchSolution_202608060730.json,,json,$.data.solutionData[].marketServiceRequirements.contingencyRaise,number,9,,plateau,253.676
dispatchSolution,https://data.wa.aemo.com.au/public/market-data/wemde/dispatchSolution/preDispatchData/current/,ReferencePre-DispatchSolution_202608060730.json,,json,$.data.solutionData[].marketServiceRequirements.energy,number,9,,plateau,2763.127
dispatchSolution,https://data.wa.aemo.com.au/public/market-data/wemde/dispatchSolution/preDispatchData/current/,ReferencePre-DispatchSolution_202608060730.json,,json,$.data.solutionData[].marketServiceRequirements.regulationLower,number,9,,plateau,110.000
dispatchSolution,https://data.wa.aemo.com.au/public/market-data/wemde/dispatchSolution/preDispatchData/current/,ReferencePre-DispatchSolution_202608060730.json,,json,$.data.solutionData[].marketServiceRequirements.regulationRaise,number,9,,plateau,110.000
dispatchSolution,https://data.wa.aemo.com.au/public/market-data/wemde/dispatchSolution/preDispatchData/current/,ReferencePre-DispatchSolution_202608060730.json,,json,$.data.solutionData[].marketServiceRequirements.rocof,number,9,,plateau,13775.155
dispatchSolution,https://data.wa.aemo.com.au/public/market-data/wemde/dispatchSolution/preDispatchData/current/,ReferencePre-DispatchSolution_202608060730.json,,json,$.data.solutionData[].marketShortfalls,object,9,,plateau,
dispatchSolution,https://data.wa.aemo.com.au/public/market-data/wemde/dispatchSolution/preDispatchData/current/,ReferencePre-DispatchSolution_202608060730.json,,json,$.data.solutionData[].marketShortfalls.contingencyLowerDeficit,number,9,,plateau,0.0
dispatchSolution,https://data.wa.aemo.com.au/public/market-data/wemde/dispatchSolution/preDispatchData/current/,ReferencePre-DispatchSolution_202608060730.json,,json,$.data.solutionData[].marketShortfalls.contingencyRaiseDeficit,number,9,,plateau,0.0
dispatchSolution,https://data.wa.aemo.com.au/public/market-data/wemde/dispatchSolution/preDispatchData/current/,ReferencePre-DispatchSolution_202608060730.json,,json,$.data.solutionData[].marketShortfalls.energyDeficit,number,9,,plateau,0.0
dispatchSolution,https://data.wa.aemo.com.au/public/market-data/wemde/dispatchSolution/preDispatchData/current/,ReferencePre-DispatchSolution_202608060730.json,,json,$.data.solutionData[].marketShortfalls.regulationLowerDeficit,number,9,,plateau,0.0
dispatchSolution,https://data.wa.aemo.com.au/public/market-data/wemde/dispatchSolution/preDispatchData/current/,ReferencePre-DispatchSolution_202608060730.json,,json,$.data.solutionData[].marketShortfalls.regulationRaiseDeficit,number,9,,plateau,0.0
dispatchSolution,https://data.wa.aemo.com.au/public/market-data/wemde/dispatchSolution/preDispatchData/current/,ReferencePre-DispatchSolution_202608060730.json,,json,$.data.solutionData[].marketShortfalls.rocofDeficit,number,9,,plateau,0.0
dispatchSolution,https://data.wa.aemo.com.au/public/market-data/wemde/dispatchSolution/preDispatchData/current/,ReferencePre-DispatchSolution_202608060730.json,,json,$.data.solutionData[].objectiveFunctionValue,number,10,,plateau,659568.9509
dispatchSolution,https://data.wa.aemo.com.au/public/market-data/wemde/dispatchSolution/preDispatchData/current/,ReferencePre-DispatchSolution_202608060730.json,,json,$.data.solutionData[].priceSetting,array,9,,plateau,
dispatchSolution,https://data.wa.aemo.com.au/public/market-data/wemde/dispatchSolution/preDispatchData/current/,ReferencePre-DispatchSolution_202608060730.json,,json,$.data.solutionData[].priceSetting[],object,54,,plateau,
dispatchSolution,https://data.wa.aemo.com.au/public/market-data/wemde/dispatchSolution/preDispatchData/current/,ReferencePre-DispatchSolution_202608060730.json,,json,$.data.solutionData[].priceSetting[].contributions,array,54,,plateau,
dispatchSolution,https://data.wa.aemo.com.au/public/market-data/wemde/dispatchSolution/preDispatchData/current/,ReferencePre-DispatchSolution_202608060730.json,,json,$.data.solutionData[].priceSetting[].contributions[],object,71,,plateau,
dispatchSolution,https://data.wa.aemo.com.au/public/market-data/wemde/dispatchSolution/preDispatchData/current/,ReferencePre-DispatchSolution_202608060730.json,,json,$.data.solutionData[].priceSetting[].contributions[].byHowMuch,number,71,,plateau,1.0
dispatchSolution,https://data.wa.aemo.com.au/public/market-data/wemde/dispatchSolution/preDispatchData/current/,ReferencePre-DispatchSolution_202608060730.json,,json,$.data.solutionData[].priceSetting[].contributions[].contributingVariable,string,71,,plateau,COLLIE_BESS2_contingencyRaise_Tranche_04
dispatchSolution,https://data.wa.aemo.com.au/public/market-data/wemde/dispatchSolution/preDispatchData/current/,ReferencePre-DispatchSolution_202608060730.json,,json,$.data.solutionData[].priceSetting[].contributions[].objectiveCoefficient,number,71,,plateau,7.86
dispatchSolution,https://data.wa.aemo.com.au/public/market-data/wemde/dispatchSolution/preDispatchData/current/,ReferencePre-DispatchSolution_202608060730.json,,json,$.data.solutionData[].priceSetting[].isMarketServiceCapped,boolean,54,,plateau,False
dispatchSolution,https://data.wa.aemo.com.au/public/market-data/wemde/dispatchSolution/preDispatchData/current/,ReferencePre-DispatchSolution_202608060730.json,,json,$.data.solutionData[].priceSetting[].marketService,string,54,,plateau,energy
dispatchSolution,https://data.wa.aemo.com.au/public/market-data/wemde/dispatchSolution/preDispatchData/current/,ReferencePre-DispatchSolution_202608060730.json,,json,$.data.solutionData[].prices,object,9,,plateau,
dispatchSolution,https://data.wa.aemo.com.au/public/market-data/wemde/dispatchSolution/preDispatchData/current/,ReferencePre-DispatchSolution_202608060730.json,,json,$.data.solutionData[].prices.contingencyLower,number,9,,plateau,0.0
dispatchSolution,https://data.wa.aemo.com.au/public/market-data/wemde/dispatchSolution/preDispatchData/current/,ReferencePre-DispatchSolution_202608060730.json,,json,$.data.solutionData[].prices.contingencyRaise,number,9,,plateau,7.86
dispatchSolution,https://data.wa.aemo.com.au/public/market-data/wemde/dispatchSolution/preDispatchData/current/,ReferencePre-DispatchSolution_202608060730.json,,json,$.data.solutionData[].prices.energy,number,9,,plateau,148.46
dispatchSolution,https://data.wa.aemo.com.au/public/market-data/wemde/dispatchSolution/preDispatchData/current/,ReferencePre-DispatchSolution_202608060730.json,,json,$.data.solutionData[].prices.regulationLower,number,9,,plateau,0.0
dispatchSolution,https://data.wa.aemo.com.au/public/market-data/wemde/dispatchSolution/preDispatchData/current/,ReferencePre-DispatchSolution_202608060730.json,,json,$.data.solutionData[].prices.regulationRaise,number,9,,plateau,2.66
dispatchSolution,https://data.wa.aemo.com.au/public/market-data/wemde/dispatchSolution/preDispatchData/current/,ReferencePre-DispatchSolution_202608060730.json,,json,$.data.solutionData[].prices.rocof,number,9,,plateau,0.0
dispatchSolution,https://data.wa.aemo.com.au/public/market-data/wemde/dispatchSolution/preDispatchData/current/,ReferencePre-DispatchSolution_202608060730.json,,json,$.data.solutionData[].rocofControlRequirements,object,9,,plateau,
dispatchSolution,https://data.wa.aemo.com.au/public/market-data/wemde/dispatchSolution/preDispatchData/current/,ReferencePre-DispatchSolution_202608060730.json,,json,$.data.solutionData[].rocofControlRequirements.additionalRocofControlRequirement,number,9,,plateau,9674.183
dispatchSolution,https://data.wa.aemo.com.au/public/market-data/wemde/dispatchSolution/preDispatchData/current/,ReferencePre-DispatchSolution_202608060730.json,,json,$.data.solutionData[].rocofControlRequirements.minimumRocofControlRequirement,number,9,,plateau,4100.972
dispatchSolution,https://data.wa.aemo.com.au/public/market-data/wemde/dispatchSolution/preDispatchData/current/,ReferencePre-DispatchSolution_202608060730.json,,json,$.data.solutionData[].rocofControlRequirements.rocofControlRequirement,number,9,,plateau,13775.155
dispatchSolution,https://data.wa.aemo.com.au/public/market-data/wemde/dispatchSolution/preDispatchData/current/,ReferencePre-DispatchSolution_202608060730.json,,json,$.data.solutionData[].runId,string,10,,plateau,4eb025da-5012-41ff-6981-08def34977b8
dispatchSolution,https://data.wa.aemo.com.au/public/market-data/wemde/dispatchSolution/preDispatchData/current/,ReferencePre-DispatchSolution_202608060730.json,,json,$.data.solutionData[].runIterationInformation,object,10,,plateau,
dispatchSolution,https://data.wa.aemo.com.au/public/market-data/wemde/dispatchSolution/preDispatchData/current/,ReferencePre-DispatchSolution_202608060730.json,,json,$.data.solutionData[].runIterationInformation.fastStart,boolean,10,,plateau,False
dispatchSolution,https://data.wa.aemo.com.au/public/market-data/wemde/dispatchSolution/preDispatchData/current/,ReferencePre-DispatchSolution_202608060730.json,,json,$.data.solutionData[].runIterationInformation.intervention,boolean,10,,plateau,False
dispatchSolution,https://data.wa.aemo.com.au/public/market-data/wemde/dispatchSolution/preDispatchData/current/,ReferencePre-DispatchSolution_202608060730.json,,json,$.data.solutionData[].runIterationInformation.ocd,boolean,10,,plateau,True
dispatchSolution,https://data.wa.aemo.com.au/public/market-data/wemde/dispatchSolution/preDispatchData/current/,ReferencePre-DispatchSolution_202608060730.json,,json,$.data.solutionData[].scenario,string,10,,plateau,Reference
dispatchSolution,https://data.wa.aemo.com.au/public/market-data/wemde/dispatchSolution/preDispatchData/current/,ReferencePre-DispatchSolution_202608060730.json,,json,$.data.solutionData[].schedule,array,10,,plateau,
dispatchSolution,https://data.wa.aemo.com.au/public/market-data/wemde/dispatchSolution/preDispatchData/current/,ReferencePre-DispatchSolution_202608060730.json,,json,$.data.solutionData[].schedule[],object,60,,plateau,
dispatchSolution,https://data.wa.aemo.com.au/public/market-data/wemde/dispatchSolution/preDispatchData/current/,ReferencePre-DispatchSolution_202608060730.json,,json,$.data.solutionData[].schedule[].facilitySchedule,array,60,,plateau,
dispatchSolution,https://data.wa.aemo.com.au/public/market-data/wemde/dispatchSolution/preDispatchData/current/,ReferencePre-DispatchSolution_202608060730.json,,json,$.data.solutionData[].schedule[].facilitySchedule[],object,2960,,plateau,
dispatchSolution,https://data.wa.aemo.com.au/public/market-data/wemde/dispatchSolution/preDispatchData/current/,ReferencePre-DispatchSolution_202608060730.json,,json,$.data.solutionData[].schedule[].facilitySchedule[].essPreProcessingConditionFlag,boolean,1290,,plateau,False
dispatchSolution,https://data.wa.aemo.com.au/public/market-data/wemde/dispatchSolution/preDispatchData/current/,ReferencePre-DispatchSolution_202608060730.json,,json,$.data.solutionData[].schedule[].facilitySchedule[].facilityCode,string,2960,,plateau,COCKBURN_CCG1
dispatchSolution,https://data.wa.aemo.com.au/public/market-data/wemde/dispatchSolution/preDispatchData/current/,ReferencePre-DispatchSolution_202608060730.json,,json,$.data.solutionData[].schedule[].facilitySchedule[].quantity,number,2960,,plateau,0.0
dispatchSolution,https://data.wa.aemo.com.au/public/market-data/wemde/dispatchSolution/preDispatchData/current/,ReferencePre-DispatchSolution_202608060730.json,,json,$.data.solutionData[].schedule[].marketService,string,60,,plateau,rocof
dispatchSolution,https://data.wa.aemo.com.au/public/market-data/wemde/dispatchSolution/preDispatchData/current/,ReferencePre-DispatchSolution_202608060730.json,,json,$.data.solutionData[].solveFinishAsAtTS,string,10,,plateau,2026-08-06T07:30:07.9381295+08:00
dispatchSolution,https://data.wa.aemo.com.au/public/market-data/wemde/dispatchSolution/preDispatchData/current/,ReferencePre-DispatchSolution_202608060730.json,,json,$.data.solutionData[].solveStartAsAtTS,string,10,,plateau,2026-08-06T07:30:01.1803164+08:00
dispatchSolution,https://data.wa.aemo.com.au/public/market-data/wemde/dispatchSolution/preDispatchData/current/,ReferencePre-DispatchSolution_202608060730.json,,json,$.data.solutionData[].solveStatus,string,10,,plateau,Optimal
dispatchSolution,https://data.wa.aemo.com.au/public/market-data/wemde/dispatchSolution/preDispatchData/current/,ReferencePre-DispatchSolution_202608060730.json,,json,$.data.solutionData[].status,string,10,,plateau,Normal
dispatchSolution,https://data.wa.aemo.com.au/public/market-data/wemde/dispatchSolution/preDispatchData/current/,ReferencePre-DispatchSolution_202608060730.json,,json,$.data.solutionData[].trapeziumAdjustments,array,10,,plateau,
dispatchSolution,https://data.wa.aemo.com.au/public/market-data/wemde/dispatchSolution/preDispatchData/current/,ReferencePre-DispatchSolution_202608060730.json,,json,$.data.solutionData[].trapeziumAdjustments[],object,60,,plateau,
dispatchSolution,https://data.wa.aemo.com.au/public/market-data/wemde/dispatchSolution/preDispatchData/current/,ReferencePre-DispatchSolution_202608060730.json,,json,$.data.solutionData[].trapeziumAdjustments[].marketService,string,60,,plateau,rocof
dispatchSolution,https://data.wa.aemo.com.au/public/market-data/wemde/dispatchSolution/preDispatchData/current/,ReferencePre-DispatchSolution_202608060730.json,,json,$.data.solutionData[].trapeziumAdjustments[].trapeziumAdjustmentDetails,array,60,,plateau,
dispatchSolution,https://data.wa.aemo.com.au/public/market-data/wemde/dispatchSolution/preDispatchData/current/,ReferencePre-DispatchSolution_202608060730.json,,json,$.data.solutionData[].trapeziumAdjustments[].trapeziumAdjustmentDetails[],object,2960,,plateau,
dispatchSolution,https://data.wa.aemo.com.au/public/market-data/wemde/dispatchSolution/preDispatchData/current/,ReferencePre-DispatchSolution_202608060730.json,,json,$.data.solutionData[].trapeziumAdjustments[].trapeziumAdjustmentDetails[].downwardsRampRateValueUsed,number,2960,,plateau,0.0
dispatchSolution,https://data.wa.aemo.com.au/public/market-data/wemde/dispatchSolution/preDispatchData/current/,ReferencePre-DispatchSolution_202608060730.json,,json,$.data.solutionData[].trapeziumAdjustments[].trapeziumAdjustmentDetails[].enablementMaximumValueUsed,number,2960,,plateau,249.7
dispatchSolution,https://data.wa.aemo.com.au/public/market-data/wemde/dispatchSolution/preDispatchData/current/,ReferencePre-DispatchSolution_202608060730.json,,json,$.data.solutionData[].trapeziumAdjustments[].trapeziumAdjustmentDetails[].enablementMinimumValueUsed,number,2960,,plateau,145.0
dispatchSolution,https://data.wa.aemo.com.au/public/market-data/wemde/dispatchSolution/preDispatchData/current/,ReferencePre-DispatchSolution_202608060730.json,,json,$.data.solutionData[].trapeziumAdjustments[].trapeziumAdjustmentDetails[].facilityCode,string,2960,,plateau,COCKBURN_CCG1
dispatchSolution,https://data.wa.aemo.com.au/public/market-data/wemde/dispatchSolution/preDispatchData/current/,ReferencePre-DispatchSolution_202608060730.json,,json,$.data.solutionData[].trapeziumAdjustments[].trapeziumAdjustmentDetails[].highBreakpointValueUsed,number,2960,,plateau,249.7
dispatchSolution,https://data.wa.aemo.com.au/public/market-data/wemde/dispatchSolution/preDispatchData/current/,ReferencePre-DispatchSolution_202608060730.json,,json,$.data.solutionData[].trapeziumAdjustments[].trapeziumAdjustmentDetails[].lowBreakpointValueUsed,number,2960,,plateau,145.0
dispatchSolution,https://data.wa.aemo.com.au/public/market-data/wemde/dispatchSolution/preDispatchData/current/,ReferencePre-DispatchSolution_202608060730.json,,json,$.data.solutionData[].trapeziumAdjustments[].trapeziumAdjustmentDetails[].upwardsRampRateValueUsed,number,2960,,plateau,0.0
dispatchSolution,https://data.wa.aemo.com.au/public/market-data/wemde/dispatchSolution/preDispatchData-AvailableCapacity/current/,AvailableCapacityPre-DispatchSolution_202608060730.json,,json,$,object,1,,plateau,
dispatchSolution,https://data.wa.aemo.com.au/public/market-data/wemde/dispatchSolution/preDispatchData-AvailableCapacity/current/,AvailableCapacityPre-DispatchSolution_202608060730.json,,json,$.data,object,1,,plateau,
dispatchSolution,https://data.wa.aemo.com.au/public/market-data/wemde/dispatchSolution/preDispatchData-AvailableCapacity/current/,AvailableCapacityPre-DispatchSolution_202608060730.json,,json,$.data.dispatchDataIssueID,string,1,,plateau,20260806074511730_6674
dispatchSolution,https://data.wa.aemo.com.au/public/market-data/wemde/dispatchSolution/preDispatchData-AvailableCapacity/current/,AvailableCapacityPre-DispatchSolution_202608060730.json,,json,$.data.primaryDispatchInterval,string,1,,plateau,2026-08-06T07:30:00+08:00
dispatchSolution,https://data.wa.aemo.com.au/public/market-data/wemde/dispatchSolution/preDispatchData-AvailableCapacity/current/,AvailableCapacityPre-DispatchSolution_202608060730.json,,json,$.data.solutionData,array,1,,plateau,
dispatchSolution,https://data.wa.aemo.com.au/public/market-data/wemde/dispatchSolution/preDispatchData-AvailableCapacity/current/,AvailableCapacityPre-DispatchSolution_202608060730.json,,json,$.data.solutionData[],object,10,,plateau,
dispatchSolution,https://data.wa.aemo.com.au/public/market-data/wemde/dispatchSolution/preDispatchData-AvailableCapacity/current/,AvailableCapacityPre-DispatchSolution_202608060730.json,,json,$.data.solutionData[].availableQuantities,object,9,,plateau,
dispatchSolution,https://data.wa.aemo.com.au/public/market-data/wemde/dispatchSolution/preDispatchData-AvailableCapacity/current/,AvailableCapacityPre-DispatchSolution_202608060730.json,,json,$.data.solutionData[].availableQuantities.contingencyLower,number,9,,plateau,168.6
dispatchSolution,https://data.wa.aemo.com.au/public/market-data/wemde/dispatchSolution/preDispatchData-AvailableCapacity/current/,AvailableCapacityPre-DispatchSolution_202608060730.json,,json,$.data.solutionData[].availableQuantities.contingencyRaise,number,9,,plateau,163.6
dispatchSolution,https://data.wa.aemo.com.au/public/market-data/wemde/dispatchSolution/preDispatchData-AvailableCapacity/current/,AvailableCapacityPre-DispatchSolution_202608060730.json,,json,$.data.solutionData[].availableQuantities.energyInjectionCapacity,number,9,,plateau,532.437
dispatchSolution,https://data.wa.aemo.com.au/public/market-data/wemde/dispatchSolution/preDispatchData-AvailableCapacity/current/,AvailableCapacityPre-DispatchSolution_202608060730.json,,json,$.data.solutionData[].availableQuantities.energyWithdrawalCapacity,number,9,,plateau,0.0
dispatchSolution,https://data.wa.aemo.com.au/public/market-data/wemde/dispatchSolution/preDispatchData-AvailableCapacity/current/,AvailableCapacityPre-DispatchSolution_202608060730.json,,json,$.data.solutionData[].availableQuantities.regulationLower,number,9,,plateau,190.6
dispatchSolution,https://data.wa.aemo.com.au/public/market-data/wemde/dispatchSolution/preDispatchData-AvailableCapacity/current/,AvailableCapacityPre-DispatchSolution_202608060730.json,,json,$.data.solutionData[].availableQuantities.regulationRaise,number,9,,plateau,190.6
dispatchSolution,https://data.wa.aemo.com.au/public/market-data/wemde/dispatchSolution/preDispatchData-AvailableCapacity/current/,AvailableCapacityPre-DispatchSolution_202608060730.json,,json,$.data.solutionData[].availableQuantities.rocof,number,9,,plateau,2542.0
dispatchSolution,https://data.wa.aemo.com.au/public/market-data/wemde/dispatchSolution/preDispatchData-AvailableCapacity/current/,AvailableCapacityPre-DispatchSolution_202608060730.json,,json,$.data.solutionData[].constraints,array,10,,plateau,
dispatchSolution,https://data.wa.aemo.com.au/public/market-data/wemde/dispatchSolution/preDispatchData-AvailableCapacity/current/,AvailableCapacityPre-DispatchSolution_202608060730.json,,json,$.data.solutionData[].constraints[],object,23679,,plateau,
dispatchSolution,https://data.wa.aemo.com.au/public/market-data/wemde/dispatchSolution/preDispatchData-AvailableCapacity/current/,AvailableCapacityPre-DispatchSolution_202608060730.json,,json,$.data.solutionData[].constraints[].bindingConstraintFlag,boolean,23679,,plateau,True
dispatchSolution,https://data.wa.aemo.com.au/public/market-data/wemde/dispatchSolution/preDispatchData-AvailableCapacity/current/,AvailableCapacityPre-DispatchSolution_202608060730.json,,json,$.data.solutionData[].constraints[].constraintType,string,23679,,plateau,Formulation
dispatchSolution,https://data.wa.aemo.com.au/public/market-data/wemde/dispatchSolution/preDispatchData-AvailableCapacity/current/,AvailableCapacityPre-DispatchSolution_202608060730.json,,json,$.data.solutionData[].constraints[].defaultRhs,number,23679,,plateau,0.0
dispatchSolution,https://data.wa.aemo.com.au/public/market-data/wemde/dispatchSolution/preDispatchData-AvailableCapacity/current/,AvailableCapacityPre-DispatchSolution_202608060730.json,,json,$.data.solutionData[].constraints[].description,string,23679,,plateau,System Energy Balance
dispatchSolution,https://data.wa.aemo.com.au/public/market-data/wemde/dispatchSolution/preDispatchData-AvailableCapacity/current/,AvailableCapacityPre-DispatchSolution_202608060730.json,,json,$.data.solutionData[].constraints[].id,string,23679,,plateau,SystemEnergyBalance
dispatchSolution,https://data.wa.aemo.com.au/public/market-data/wemde/dispatchSolution/preDispatchData-AvailableCapacity/current/,AvailableCapacityPre-DispatchSolution_202608060730.json,,json,$.data.solutionData[].constraints[].isInterventionEvent,boolean,23679,,plateau,False
dispatchSolution,https://data.wa.aemo.com.au/public/market-data/wemde/dispatchSolution/preDispatchData-AvailableCapacity/current/,AvailableCapacityPre-DispatchSolution_202608060730.json,,json,$.data.solutionData[].constraints[].leftHandSideValue,number,23679,,plateau,2763.127
dispatchSolution,https://data.wa.aemo.com.au/public/market-data/wemde/dispatchSolution/preDispatchData-AvailableCapacity/current/,AvailableCapacityPre-DispatchSolution_202608060730.json,,json,$.data.solutionData[].constraints[].nearBindingConstraintFlag,boolean,23679,,plateau,True
dispatchSolution,https://data.wa.aemo.com.au/public/market-data/wemde/dispatchSolution/preDispatchData-AvailableCapacity/current/,AvailableCapacityPre-DispatchSolution_202608060730.json,,json,$.data.solutionData[].constraints[].operator,string,23679,,plateau,EqualTo
dispatchSolution,https://data.wa.aemo.com.au/public/market-data/wemde/dispatchSolution/preDispatchData-AvailableCapacity/current/,AvailableCapacityPre-DispatchSolution_202608060730.json,,json,$.data.solutionData[].constraints[].rightHandSideValue,number,23679,,plateau,2763.127
dispatchSolution,https://data.wa.aemo.com.au/public/market-data/wemde/dispatchSolution/preDispatchData-AvailableCapacity/current/,AvailableCapacityPre-DispatchSolution_202608060730.json,,json,$.data.solutionData[].constraints[].shadowPrice,number,23679,,plateau,148.46
dispatchSolution,https://data.wa.aemo.com.au/public/market-data/wemde/dispatchSolution/preDispatchData-AvailableCapacity/current/,AvailableCapacityPre-DispatchSolution_202608060730.json,,json,$.data.solutionData[].constraints[].slackVariables,array,21137,,plateau,
dispatchSolution,https://data.wa.aemo.com.au/public/market-data/wemde/dispatchSolution/preDispatchData-AvailableCapacity/current/,AvailableCapacityPre-DispatchSolution_202608060730.json,,json,$.data.solutionData[].constraints[].slackVariables[],object,22154,,plateau,
dispatchSolution,https://data.wa.aemo.com.au/public/market-data/wemde/dispatchSolution/preDispatchData-AvailableCapacity/current/,AvailableCapacityPre-DispatchSolution_202608060730.json,,json,$.data.solutionData[].constraints[].slackVariables[].value,number,22153,,plateau,0.0
dispatchSolution,https://data.wa.aemo.com.au/public/market-data/wemde/dispatchSolution/preDispatchData-AvailableCapacity/current/,AvailableCapacityPre-DispatchSolution_202608060730.json,,json,$.data.solutionData[].constraints[].slackVariables[].variable,string,22154,,plateau,EnergyBalance_SlackDeficit
dispatchSolution,https://data.wa.aemo.com.au/public/market-data/wemde/dispatchSolution/preDispatchData-AvailableCapacity/current/,AvailableCapacityPre-DispatchSolution_202608060730.json,,json,$.data.solutionData[].contingencySolution,object,9,,plateau,
dispatchSolution,https://data.wa.aemo.com.au/public/market-data/wemde/dispatchSolution/preDispatchData-AvailableCapacity/current/,AvailableCapacityPre-DispatchSolution_202608060730.json,,json,$.data.solutionData[].contingencySolution.clearedContingencyLower,number,9,,plateau,79.216
dispatchSolution,https://data.wa.aemo.com.au/public/market-data/wemde/dispatchSolution/preDispatchData-AvailableCapacity/current/,AvailableCapacityPre-DispatchSolution_202608060730.json,,json,$.data.solutionData[].contingencySolution.clearedContingencyRaise,number,9,,plateau,309.57
dispatchSolution,https://data.wa.aemo.com.au/public/market-data/wemde/dispatchSolution/preDispatchData-AvailableCapacity/current/,AvailableCapacityPre-DispatchSolution_202608060730.json,,json,$.data.solutionData[].contingencySolution.contingencyLowerDeficit,number,9,,plateau,0.0
dispatchSolution,https://data.wa.aemo.com.au/public/market-data/wemde/dispatchSolution/preDispatchData-AvailableCapacity/current/,AvailableCapacityPre-DispatchSolution_202608060730.json,,json,$.data.solutionData[].contingencySolution.contingencyLowerOffset,number,9,,plateau,92.893
dispatchSolution,https://data.wa.aemo.com.au/public/market-data/wemde/dispatchSolution/preDispatchData-AvailableCapacity/current/,AvailableCapacityPre-DispatchSolution_202608060730.json,,json,$.data.solutionData[].contingencySolution.contingencyLowerRequirement,number,9,,plateau,79.216
dispatchSolution,https://data.wa.aemo.com.au/public/market-data/wemde/dispatchSolution/preDispatchData-AvailableCapacity/current/,AvailableCapacityPre-DispatchSolution_202608060730.json,,json,$.data.solutionData[].contingencySolution.contingencyRaiseDeficit,number,9,,plateau,0.0
dispatchSolution,https://data.wa.aemo.com.au/public/market-data/wemde/dispatchSolution/preDispatchData-AvailableCapacity/current/,AvailableCapacityPre-DispatchSolution_202608060730.json,,json,$.data.solutionData[].contingencySolution.contingencyRaiseOffset,number,9,,plateau,84.944
dispatchSolution,https://data.wa.aemo.com.au/public/market-data/wemde/dispatchSolution/preDispatchData-AvailableCapacity/current/,AvailableCapacityPre-DispatchSolution_202608060730.json,,json,$.data.solutionData[].contingencySolution.contingencyRaiseRequirement,number,9,,plateau,253.676
dispatchSolution,https://data.wa.aemo.com.au/public/market-data/wemde/dispatchSolution/preDispatchData-AvailableCapacity/current/,AvailableCapacityPre-DispatchSolution_202608060730.json,,json,$.data.solutionData[].contingencySolution.demandLevel,number,9,,plateau,2800.0
dispatchSolution,https://data.wa.aemo.com.au/public/market-data/wemde/dispatchSolution/preDispatchData-AvailableCapacity/current/,AvailableCapacityPre-DispatchSolution_202608060730.json,,json,$.data.solutionData[].contingencySolution.dpvLevel,number,9,,plateau,510.0
dispatchSolution,https://data.wa.aemo.com.au/public/market-data/wemde/dispatchSolution/preDispatchData-AvailableCapacity/current/,AvailableCapacityPre-DispatchSolution_202608060730.json,,json,$.data.solutionData[].contingencySolution.largestContingency,number,9,,plateau,338.62
dispatchSolution,https://data.wa.aemo.com.au/public/market-data/wemde/dispatchSolution/preDispatchData-AvailableCapacity/current/,AvailableCapacityPre-DispatchSolution_202608060730.json,,json,$.data.solutionData[].contingencySolution.largestLoadContingency,number,9,,plateau,172.109
dispatchSolution,https://data.wa.aemo.com.au/public/market-data/wemde/dispatchSolution/preDispatchData-AvailableCapacity/current/,AvailableCapacityPre-DispatchSolution_202608060730.json,,json,$.data.solutionData[].contingencySolution.solvedContingency,number,9,,plateau,345.0
dispatchSolution,https://data.wa.aemo.com.au/public/market-data/wemde/dispatchSolution/preDispatchData-AvailableCapacity/current/,AvailableCapacityPre-DispatchSolution_202608060730.json,,json,$.data.solutionData[].contingencySolution.solvedInertia,number,9,,plateau,20250.0
dispatchSolution,https://data.wa.aemo.com.au/public/market-data/wemde/dispatchSolution/preDispatchData-AvailableCapacity/current/,AvailableCapacityPre-DispatchSolution_202608060730.json,,json,$.data.solutionData[].definedContingency,array,10,,plateau,
dispatchSolution,https://data.wa.aemo.com.au/public/market-data/wemde/dispatchSolution/preDispatchData-AvailableCapacity/current/,AvailableCapacityPre-DispatchSolution_202608060730.json,,json,$.data.solutionData[].definedContingency[],object,90,,plateau,
dispatchSolution,https://data.wa.aemo.com.au/public/market-data/wemde/dispatchSolution/preDispatchData-AvailableCapacity/current/,AvailableCapacityPre-DispatchSolution_202608060730.json,,json,$.data.solutionData[].definedContingency[].id,string,90,,plateau,"NIL, On(NBT T2) * {NBT-NT 91, SPS_MARNET} [SupplyRisk]"
dispatchSolution,https://data.wa.aemo.com.au/public/market-data/wemde/dispatchSolution/preDispatchData-AvailableCapacity/current/,AvailableCapacityPre-DispatchSolution_202608060730.json,,json,$.data.solutionData[].definedContingency[].valueOfContingency,number,90,,plateau,-66.22
dispatchSolution,https://data.wa.aemo.com.au/public/market-data/wemde/dispatchSolution/preDispatchData-AvailableCapacity/current/,AvailableCapacityPre-DispatchSolution_202608060730.json,,json,$.data.solutionData[].definedLoadContingency,array,9,,plateau,
dispatchSolution,https://data.wa.aemo.com.au/public/market-data/wemde/dispatchSolution/preDispatchData-AvailableCapacity/current/,AvailableCapacityPre-DispatchSolution_202608060730.json,,json,$.data.solutionData[].definedLoadContingency[],object,72,,plateau,
dispatchSolution,https://data.wa.aemo.com.au/public/market-data/wemde/dispatchSolution/preDispatchData-AvailableCapacity/current/,AvailableCapacityPre-DispatchSolution_202608060730.json,,json,$.data.solutionData[].definedLoadContingency[].associatedFacilities,array,72,,plateau,
dispatchSolution,https://data.wa.aemo.com.au/public/market-data/wemde/dispatchSolution/preDispatchData-AvailableCapacity/current/,AvailableCapacityPre-DispatchSolution_202608060730.json,,json,$.data.solutionData[].definedLoadContingency[].associatedFacilities[],object,225,,plateau,
dispatchSolution,https://data.wa.aemo.com.au/public/market-data/wemde/dispatchSolution/preDispatchData-AvailableCapacity/current/,AvailableCapacityPre-DispatchSolution_202608060730.json,,json,$.data.solutionData[].definedLoadContingency[].associatedFacilities[].contribution,number,225,,plateau,0.0
dispatchSolution,https://data.wa.aemo.com.au/public/market-data/wemde/dispatchSolution/preDispatchData-AvailableCapacity/current/,AvailableCapacityPre-DispatchSolution_202608060730.json,,json,$.data.solutionData[].definedLoadContingency[].associatedFacilities[].facilityCode,string,225,,plateau,PRK_AG
dispatchSolution,https://data.wa.aemo.com.au/public/market-data/wemde/dispatchSolution/preDispatchData-AvailableCapacity/current/,AvailableCapacityPre-DispatchSolution_202608060730.json,,json,$.data.solutionData[].definedLoadContingency[].associatedFacilities[].marketService,string,225,,plateau,energy
dispatchSolution,https://data.wa.aemo.com.au/public/market-data/wemde/dispatchSolution/preDispatchData-AvailableCapacity/current/,AvailableCapacityPre-DispatchSolution_202608060730.json,,json,$.data.solutionData[].definedLoadContingency[].id,string,72,,plateau,NIL * {CGT-YLN X1} [LoadRisk]
dispatchSolution,https://data.wa.aemo.com.au/public/market-data/wemde/dispatchSolution/preDispatchData-AvailableCapacity/current/,AvailableCapacityPre-DispatchSolution_202608060730.json,,json,$.data.solutionData[].definedLoadContingency[].loadContribution,number,72,,plateau,115.039
dispatchSolution,https://data.wa.aemo.com.au/public/market-data/wemde/dispatchSolution/preDispatchData-AvailableCapacity/current/,AvailableCapacityPre-DispatchSolution_202608060730.json,,json,$.data.solutionData[].definedLoadContingency[].valueOfContingency,number,72,,plateau,115.039
dispatchSolution,https://data.wa.aemo.com.au/public/market-data/wemde/dispatchSolution/preDispatchData-AvailableCapacity/current/,AvailableCapacityPre-DispatchSolution_202608060730.json,,json,$.data.solutionData[].dispatchCaps,array,10,,plateau,
dispatchSolution,https://data.wa.aemo.com.au/public/market-data/wemde/dispatchSolution/preDispatchData-AvailableCapacity/current/,AvailableCapacityPre-DispatchSolution_202608060730.json,,json,$.data.solutionData[].dispatchCaps[],object,130,,plateau,
dispatchSolution,https://data.wa.aemo.com.au/public/market-data/wemde/dispatchSolution/preDispatchData-AvailableCapacity/current/,AvailableCapacityPre-DispatchSolution_202608060730.json,,json,$.data.solutionData[].dispatchCaps[].dispatchCap,number,130,,plateau,80.0
dispatchSolution,https://data.wa.aemo.com.au/public/market-data/wemde/dispatchSolution/preDispatchData-AvailableCapacity/current/,AvailableCapacityPre-DispatchSolution_202608060730.json,,json,$.data.solutionData[].dispatchCaps[].facilityCode,string,130,,plateau,EDWFMAN_WF1
dispatchSolution,https://data.wa.aemo.com.au/public/market-data/wemde/dispatchSolution/preDispatchData-AvailableCapacity/current/,AvailableCapacityPre-DispatchSolution_202608060730.json,,json,$.data.solutionData[].dispatchInterval,string,10,,plateau,2026-08-06T07:30:00+08:00
dispatchSolution,https://data.wa.aemo.com.au/public/market-data/wemde/dispatchSolution/preDispatchData-AvailableCapacity/current/,AvailableCapacityPre-DispatchSolution_202608060730.json,,json,$.data.solutionData[].dispatchRunId,string,10,,plateau,6709c801-1afe-42f0-470d-08def3499b80
dispatchSolution,https://data.wa.aemo.com.au/public/market-data/wemde/dispatchSolution/preDispatchData-AvailableCapacity/current/,AvailableCapacityPre-DispatchSolution_202608060730.json,,json,$.data.solutionData[].dispatchTotal,object,9,,plateau,
dispatchSolution,https://data.wa.aemo.com.au/public/market-data/wemde/dispatchSolution/preDispatchData-AvailableCapacity/current/,AvailableCapacityPre-DispatchSolution_202608060730.json,,json,$.data.solutionData[].dispatchTotal.contingencyLower,number,9,,plateau,79.216
dispatchSolution,https://data.wa.aemo.com.au/public/market-data/wemde/dispatchSolution/preDispatchData-AvailableCapacity/current/,AvailableCapacityPre-DispatchSolution_202608060730.json,,json,$.data.solutionData[].dispatchTotal.contingencyRaise,number,9,,plateau,309.57
dispatchSolution,https://data.wa.aemo.com.au/public/market-data/wemde/dispatchSolution/preDispatchData-AvailableCapacity/current/,AvailableCapacityPre-DispatchSolution_202608060730.json,,json,$.data.solutionData[].dispatchTotal.energyInjectionCapacity,number,9,,plateau,2763.127
dispatchSolution,https://data.wa.aemo.com.au/public/market-data/wemde/dispatchSolution/preDispatchData-AvailableCapacity/current/,AvailableCapacityPre-DispatchSolution_202608060730.json,,json,$.data.solutionData[].dispatchTotal.energyWithdrawalCapacity,number,9,,plateau,0.0
dispatchSolution,https://data.wa.aemo.com.au/public/market-data/wemde/dispatchSolution/preDispatchData-AvailableCapacity/current/,AvailableCapacityPre-DispatchSolution_202608060730.json,,json,$.data.solutionData[].dispatchTotal.regulationLower,number,9,,plateau,110.0
dispatchSolution,https://data.wa.aemo.com.au/public/market-data/wemde/dispatchSolution/preDispatchData-AvailableCapacity/current/,AvailableCapacityPre-DispatchSolution_202608060730.json,,json,$.data.solutionData[].dispatchTotal.regulationRaise,number,9,,plateau,110.0
dispatchSolution,https://data.wa.aemo.com.au/public/market-data/wemde/dispatchSolution/preDispatchData-AvailableCapacity/current/,AvailableCapacityPre-DispatchSolution_202608060730.json,,json,$.data.solutionData[].dispatchTotal.rocof,number,9,,plateau,13885.9
dispatchSolution,https://data.wa.aemo.com.au/public/market-data/wemde/dispatchSolution/preDispatchData-AvailableCapacity/current/,AvailableCapacityPre-DispatchSolution_202608060730.json,,json,$.data.solutionData[].dispatchType,string,10,,plateau,Pre-Dispatch
dispatchSolution,https://data.wa.aemo.com.au/public/market-data/wemde/dispatchSolution/preDispatchData-AvailableCapacity/current/,AvailableCapacityPre-DispatchSolution_202608060730.json,,json,$.data.solutionData[].facilityScheduleDetails,array,10,,plateau,
dispatchSolution,https://data.wa.aemo.com.au/public/market-data/wemde/dispatchSolution/preDispatchData-AvailableCapacity/current/,AvailableCapacityPre-DispatchSolution_202608060730.json,,json,$.data.solutionData[].facilityScheduleDetails[],object,1710,,plateau,
dispatchSolution,https://data.wa.aemo.com.au/public/market-data/wemde/dispatchSolution/preDispatchData-AvailableCapacity/current/,AvailableCapacityPre-DispatchSolution_202608060730.json,,json,$.data.solutionData[].facilityScheduleDetails[].congestionRental,number,1710,,plateau,0.0
dispatchSolution,https://data.wa.aemo.com.au/public/market-data/wemde/dispatchSolution/preDispatchData-AvailableCapacity/current/,AvailableCapacityPre-DispatchSolution_202608060730.json,,json,$.data.solutionData[].facilityScheduleDetails[].contingency,number,1710,,plateau,36.489
dispatchSolution,https://data.wa.aemo.com.au/public/market-data/wemde/dispatchSolution/preDispatchData-AvailableCapacity/current/,AvailableCapacityPre-DispatchSolution_202608060730.json,,json,$.data.solutionData[].facilityScheduleDetails[].contingencyLowerPF,number,1710,,plateau,1.0
dispatchSolution,https://data.wa.aemo.com.au/public/market-data/wemde/dispatchSolution/preDispatchData-AvailableCapacity/current/,AvailableCapacityPre-DispatchSolution_202608060730.json,,json,$.data.solutionData[].facilityScheduleDetails[].contingencyRaisePF,number,1710,,plateau,0.0
dispatchSolution,https://data.wa.aemo.com.au/public/market-data/wemde/dispatchSolution/preDispatchData-AvailableCapacity/current/,AvailableCapacityPre-DispatchSolution_202608060730.json,,json,$.data.solutionData[].facilityScheduleDetails[].estimatedFcessUpliftPayment,number,1710,,plateau,0.0
dispatchSolution,https://data.wa.aemo.com.au/public/market-data/wemde/dispatchSolution/preDispatchData-AvailableCapacity/current/,AvailableCapacityPre-DispatchSolution_202608060730.json,,json,$.data.solutionData[].facilityScheduleDetails[].facilityCode,string,1710,,plateau,ALCOA_WGP
dispatchSolution,https://data.wa.aemo.com.au/public/market-data/wemde/dispatchSolution/preDispatchData-AvailableCapacity/current/,AvailableCapacityPre-DispatchSolution_202608060730.json,,json,$.data.solutionData[].facilityScheduleDetails[].facilityLowerRisk,number,1710,,plateau,0.0
dispatchSolution,https://data.wa.aemo.com.au/public/market-data/wemde/dispatchSolution/preDispatchData-AvailableCapacity/current/,AvailableCapacityPre-DispatchSolution_202608060730.json,,json,$.data.solutionData[].facilityScheduleDetails[].facilityRisk,number,1710,,plateau,0.0
dispatchSolution,https://data.wa.aemo.com.au/public/market-data/wemde/dispatchSolution/preDispatchData-AvailableCapacity/current/,AvailableCapacityPre-DispatchSolution_202608060730.json,,json,$.data.solutionData[].facilityScheduleDetails[].fastStartFlag,boolean,1710,,plateau,False
dispatchSolution,https://data.wa.aemo.com.au/public/market-data/wemde/dispatchSolution/preDispatchData-AvailableCapacity/current/,AvailableCapacityPre-DispatchSolution_202608060730.json,,json,$.data.solutionData[].facilityScheduleDetails[].fastStartInitialMode,number,1710,,plateau,0
dispatchSolution,https://data.wa.aemo.com.au/public/market-data/wemde/dispatchSolution/preDispatchData-AvailableCapacity/current/,AvailableCapacityPre-DispatchSolution_202608060730.json,,json,$.data.solutionData[].facilityScheduleDetails[].fastStartInitialModeTime,number,1710,,plateau,0
dispatchSolution,https://data.wa.aemo.com.au/public/market-data/wemde/dispatchSolution/preDispatchData-AvailableCapacity/current/,AvailableCapacityPre-DispatchSolution_202608060730.json,,json,$.data.solutionData[].facilityScheduleDetails[].fastStartTargetMode,number,1710,,plateau,0
dispatchSolution,https://data.wa.aemo.com.au/public/market-data/wemde/dispatchSolution/preDispatchData-AvailableCapacity/current/,AvailableCapacityPre-DispatchSolution_202608060730.json,,json,$.data.solutionData[].facilityScheduleDetails[].fastStartTargetModeTime,number,1710,,plateau,0
dispatchSolution,https://data.wa.aemo.com.au/public/market-data/wemde/dispatchSolution/preDispatchData-AvailableCapacity/current/,AvailableCapacityPre-DispatchSolution_202608060730.json,,json,$.data.solutionData[].facilityScheduleDetails[].initialMw,number,1710,,plateau,0.0
dispatchSolution,https://data.wa.aemo.com.au/public/market-data/wemde/dispatchSolution/preDispatchData-AvailableCapacity/current/,AvailableCapacityPre-DispatchSolution_202608060730.json,,json,$.data.solutionData[].facilityScheduleDetails[].loadContingency,number,1710,,plateau,0.0
dispatchSolution,https://data.wa.aemo.com.au/public/market-data/wemde/dispatchSolution/preDispatchData-AvailableCapacity/current/,AvailableCapacityPre-DispatchSolution_202608060730.json,,json,$.data.solutionData[].facilityScheduleDetails[].nolDemand,number,1710,,plateau,0.0
dispatchSolution,https://data.wa.aemo.com.au/public/market-data/wemde/dispatchSolution/preDispatchData-AvailableCapacity/current/,AvailableCapacityPre-DispatchSolution_202608060730.json,,json,$.data.solutionData[].facilityScheduleDetails[].projectedChargeLevel,null|number,1710,,plateau,-87.503
dispatchSolution,https://data.wa.aemo.com.au/public/market-data/wemde/dispatchSolution/preDispatchData-AvailableCapacity/current/,AvailableCapacityPre-DispatchSolution_202608060730.json,,json,$.data.solutionData[].facilityScheduleDetails[].projectedDischargeLevel,null|number,1710,,plateau,92.087
dispatchSolution,https://data.wa.aemo.com.au/public/market-data/wemde/dispatchSolution/preDispatchData-AvailableCapacity/current/,AvailableCapacityPre-DispatchSolution_202608060730.json,,json,$.data.solutionData[].facilityScheduleDetails[].regulationLowerPF,number,1710,,plateau,1.0
dispatchSolution,https://data.wa.aemo.com.au/public/market-data/wemde/dispatchSolution/preDispatchData-AvailableCapacity/current/,AvailableCapacityPre-DispatchSolution_202608060730.json,,json,$.data.solutionData[].facilityScheduleDetails[].regulationRaisePF,number,1710,,plateau,1.0
dispatchSolution,https://data.wa.aemo.com.au/public/market-data/wemde/dispatchSolution/preDispatchData-AvailableCapacity/current/,AvailableCapacityPre-DispatchSolution_202608060730.json,,json,$.data.solutionData[].facilityScheduleDetails[].rocofPF,number,1710,,plateau,1.0
dispatchSolution,https://data.wa.aemo.com.au/public/market-data/wemde/dispatchSolution/preDispatchData-AvailableCapacity/current/,AvailableCapacityPre-DispatchSolution_202608060730.json,,json,$.data.solutionData[].fcessMarketClearingPriceCeilings,array,9,,plateau,
dispatchSolution,https://data.wa.aemo.com.au/public/market-data/wemde/dispatchSolution/preDispatchData-AvailableCapacity/current/,AvailableCapacityPre-DispatchSolution_202608060730.json,,json,$.data.solutionData[].fcessMarketClearingPriceCeilings[],object,45,,plateau,
dispatchSolution,https://data.wa.aemo.com.au/public/market-data/wemde/dispatchSolution/preDispatchData-AvailableCapacity/current/,AvailableCapacityPre-DispatchSolution_202608060730.json,,json,$.data.solutionData[].fcessMarketClearingPriceCeilings[].fcessMarketService,string,45,,plateau,regulationRaise
dispatchSolution,https://data.wa.aemo.com.au/public/market-data/wemde/dispatchSolution/preDispatchData-AvailableCapacity/current/,AvailableCapacityPre-DispatchSolution_202608060730.json,,json,$.data.solutionData[].fcessMarketClearingPriceCeilings[].priceCeiling,number,45,,plateau,2423.0
dispatchSolution,https://data.wa.aemo.com.au/public/market-data/wemde/dispatchSolution/preDispatchData-AvailableCapacity/current/,AvailableCapacityPre-DispatchSolution_202608060730.json,,json,$.data.solutionData[].inServiceQuantities,object,9,,plateau,
dispatchSolution,https://data.wa.aemo.com.au/public/market-data/wemde/dispatchSolution/preDispatchData-AvailableCapacity/current/,AvailableCapacityPre-DispatchSolution_202608060730.json,,json,$.data.solutionData[].inServiceQuantities.contingencyLower,number,9,,plateau,1473.499
dispatchSolution,https://data.wa.aemo.com.au/public/market-data/wemde/dispatchSolution/preDispatchData-AvailableCapacity/current/,AvailableCapacityPre-DispatchSolution_202608060730.json,,json,$.data.solutionData[].inServiceQuantities.contingencyRaise,number,9,,plateau,1381.394
dispatchSolution,https://data.wa.aemo.com.au/public/market-data/wemde/dispatchSolution/preDispatchData-AvailableCapacity/current/,AvailableCapacityPre-DispatchSolution_202608060730.json,,json,$.data.solutionData[].inServiceQuantities.energyInjectionCapacity,number,9,,plateau,4940.882
dispatchSolution,https://data.wa.aemo.com.au/public/market-data/wemde/dispatchSolution/preDispatchData-AvailableCapacity/current/,AvailableCapacityPre-DispatchSolution_202608060730.json,,json,$.data.solutionData[].inServiceQuantities.energyWithdrawalCapacity,number,9,,plateau,-1100.0
dispatchSolution,https://data.wa.aemo.com.au/public/market-data/wemde/dispatchSolution/preDispatchData-AvailableCapacity/current/,AvailableCapacityPre-DispatchSolution_202608060730.json,,json,$.data.solutionData[].inServiceQuantities.regulationLower,number,9,,plateau,916.17
dispatchSolution,https://data.wa.aemo.com.au/public/market-data/wemde/dispatchSolution/preDispatchData-AvailableCapacity/current/,AvailableCapacityPre-DispatchSolution_202608060730.json,,json,$.data.solutionData[].inServiceQuantities.regulationRaise,number,9,,plateau,916.17
dispatchSolution,https://data.wa.aemo.com.au/public/market-data/wemde/dispatchSolution/preDispatchData-AvailableCapacity/current/,AvailableCapacityPre-DispatchSolution_202608060730.json,,json,$.data.solutionData[].inServiceQuantities.rocof,number,9,,plateau,14161.9
dispatchSolution,https://data.wa.aemo.com.au/public/market-data/wemde/dispatchSolution/preDispatchData-AvailableCapacity/current/,AvailableCapacityPre-DispatchSolution_202608060730.json,,json,$.data.solutionData[].marketServiceRequirements,object,9,,plateau,
dispatchSolution,https://data.wa.aemo.com.au/public/market-data/wemde/dispatchSolution/preDispatchData-AvailableCapacity/current/,AvailableCapacityPre-DispatchSolution_202608060730.json,,json,$.data.solutionData[].marketServiceRequirements.contingencyLower,number,9,,plateau,79.216
dispatchSolution,https://data.wa.aemo.com.au/public/market-data/wemde/dispatchSolution/preDispatchData-AvailableCapacity/current/,AvailableCapacityPre-DispatchSolution_202608060730.json,,json,$.data.solutionData[].marketServiceRequirements.contingencyRaise,number,9,,plateau,253.676
dispatchSolution,https://data.wa.aemo.com.au/public/market-data/wemde/dispatchSolution/preDispatchData-AvailableCapacity/current/,AvailableCapacityPre-DispatchSolution_202608060730.json,,json,$.data.solutionData[].marketServiceRequirements.energy,number,9,,plateau,2763.127
dispatchSolution,https://data.wa.aemo.com.au/public/market-data/wemde/dispatchSolution/preDispatchData-AvailableCapacity/current/,AvailableCapacityPre-DispatchSolution_202608060730.json,,json,$.data.solutionData[].marketServiceRequirements.regulationLower,number,9,,plateau,110.000
dispatchSolution,https://data.wa.aemo.com.au/public/market-data/wemde/dispatchSolution/preDispatchData-AvailableCapacity/current/,AvailableCapacityPre-DispatchSolution_202608060730.json,,json,$.data.solutionData[].marketServiceRequirements.regulationRaise,number,9,,plateau,110.000
dispatchSolution,https://data.wa.aemo.com.au/public/market-data/wemde/dispatchSolution/preDispatchData-AvailableCapacity/current/,AvailableCapacityPre-DispatchSolution_202608060730.json,,json,$.data.solutionData[].marketServiceRequirements.rocof,number,9,,plateau,13739.678
dispatchSolution,https://data.wa.aemo.com.au/public/market-data/wemde/dispatchSolution/preDispatchData-AvailableCapacity/current/,AvailableCapacityPre-DispatchSolution_202608060730.json,,json,$.data.solutionData[].marketShortfalls,object,9,,plateau,
dispatchSolution,https://data.wa.aemo.com.au/public/market-data/wemde/dispatchSolution/preDispatchData-AvailableCapacity/current/,AvailableCapacityPre-DispatchSolution_202608060730.json,,json,$.data.solutionData[].marketShortfalls.contingencyLowerDeficit,number,9,,plateau,0.0
dispatchSolution,https://data.wa.aemo.com.au/public/market-data/wemde/dispatchSolution/preDispatchData-AvailableCapacity/current/,AvailableCapacityPre-DispatchSolution_202608060730.json,,json,$.data.solutionData[].marketShortfalls.contingencyRaiseDeficit,number,9,,plateau,0.0
dispatchSolution,https://data.wa.aemo.com.au/public/market-data/wemde/dispatchSolution/preDispatchData-AvailableCapacity/current/,AvailableCapacityPre-DispatchSolution_202608060730.json,,json,$.data.solutionData[].marketShortfalls.energyDeficit,number,9,,plateau,0.0
dispatchSolution,https://data.wa.aemo.com.au/public/market-data/wemde/dispatchSolution/preDispatchData-AvailableCapacity/current/,AvailableCapacityPre-DispatchSolution_202608060730.json,,json,$.data.solutionData[].marketShortfalls.regulationLowerDeficit,number,9,,plateau,0.0
dispatchSolution,https://data.wa.aemo.com.au/public/market-data/wemde/dispatchSolution/preDispatchData-AvailableCapacity/current/,AvailableCapacityPre-DispatchSolution_202608060730.json,,json,$.data.solutionData[].marketShortfalls.regulationRaiseDeficit,number,9,,plateau,0.0
dispatchSolution,https://data.wa.aemo.com.au/public/market-data/wemde/dispatchSolution/preDispatchData-AvailableCapacity/current/,AvailableCapacityPre-DispatchSolution_202608060730.json,,json,$.data.solutionData[].marketShortfalls.rocofDeficit,number,9,,plateau,0.0
dispatchSolution,https://data.wa.aemo.com.au/public/market-data/wemde/dispatchSolution/preDispatchData-AvailableCapacity/current/,AvailableCapacityPre-DispatchSolution_202608060730.json,,json,$.data.solutionData[].objectiveFunctionValue,number,10,,plateau,662033.8852
dispatchSolution,https://data.wa.aemo.com.au/public/market-data/wemde/dispatchSolution/preDispatchData-AvailableCapacity/current/,AvailableCapacityPre-DispatchSolution_202608060730.json,,json,$.data.solutionData[].priceSetting,array,9,,plateau,
dispatchSolution,https://data.wa.aemo.com.au/public/market-data/wemde/dispatchSolution/preDispatchData-AvailableCapacity/current/,AvailableCapacityPre-DispatchSolution_202608060730.json,,json,$.data.solutionData[].priceSetting[],object,54,,plateau,
dispatchSolution,https://data.wa.aemo.com.au/public/market-data/wemde/dispatchSolution/preDispatchData-AvailableCapacity/current/,AvailableCapacityPre-DispatchSolution_202608060730.json,,json,$.data.solutionData[].priceSetting[].contributions,array,54,,plateau,
dispatchSolution,https://data.wa.aemo.com.au/public/market-data/wemde/dispatchSolution/preDispatchData-AvailableCapacity/current/,AvailableCapacityPre-DispatchSolution_202608060730.json,,json,$.data.solutionData[].priceSetting[].contributions[],object,82,,plateau,
dispatchSolution,https://data.wa.aemo.com.au/public/market-data/wemde/dispatchSolution/preDispatchData-AvailableCapacity/current/,AvailableCapacityPre-DispatchSolution_202608060730.json,,json,$.data.solutionData[].priceSetting[].contributions[].byHowMuch,number,82,,plateau,1.0
dispatchSolution,https://data.wa.aemo.com.au/public/market-data/wemde/dispatchSolution/preDispatchData-AvailableCapacity/current/,AvailableCapacityPre-DispatchSolution_202608060730.json,,json,$.data.solutionData[].priceSetting[].contributions[].contributingVariable,string,82,,plateau,COLLIE_BESS2_contingencyRaise_Tranche_04
dispatchSolution,https://data.wa.aemo.com.au/public/market-data/wemde/dispatchSolution/preDispatchData-AvailableCapacity/current/,AvailableCapacityPre-DispatchSolution_202608060730.json,,json,$.data.solutionData[].priceSetting[].contributions[].objectiveCoefficient,number,82,,plateau,7.86
dispatchSolution,https://data.wa.aemo.com.au/public/market-data/wemde/dispatchSolution/preDispatchData-AvailableCapacity/current/,AvailableCapacityPre-DispatchSolution_202608060730.json,,json,$.data.solutionData[].priceSetting[].isMarketServiceCapped,boolean,54,,plateau,False
dispatchSolution,https://data.wa.aemo.com.au/public/market-data/wemde/dispatchSolution/preDispatchData-AvailableCapacity/current/,AvailableCapacityPre-DispatchSolution_202608060730.json,,json,$.data.solutionData[].priceSetting[].marketService,string,54,,plateau,energy
dispatchSolution,https://data.wa.aemo.com.au/public/market-data/wemde/dispatchSolution/preDispatchData-AvailableCapacity/current/,AvailableCapacityPre-DispatchSolution_202608060730.json,,json,$.data.solutionData[].prices,object,9,,plateau,
dispatchSolution,https://data.wa.aemo.com.au/public/market-data/wemde/dispatchSolution/preDispatchData-AvailableCapacity/current/,AvailableCapacityPre-DispatchSolution_202608060730.json,,json,$.data.solutionData[].prices.contingencyLower,number,9,,plateau,0.0
dispatchSolution,https://data.wa.aemo.com.au/public/market-data/wemde/dispatchSolution/preDispatchData-AvailableCapacity/current/,AvailableCapacityPre-DispatchSolution_202608060730.json,,json,$.data.solutionData[].prices.contingencyRaise,number,9,,plateau,7.86
dispatchSolution,https://data.wa.aemo.com.au/public/market-data/wemde/dispatchSolution/preDispatchData-AvailableCapacity/current/,AvailableCapacityPre-DispatchSolution_202608060730.json,,json,$.data.solutionData[].prices.energy,number,9,,plateau,148.46
dispatchSolution,https://data.wa.aemo.com.au/public/market-data/wemde/dispatchSolution/preDispatchData-AvailableCapacity/current/,AvailableCapacityPre-DispatchSolution_202608060730.json,,json,$.data.solutionData[].prices.regulationLower,number,9,,plateau,0.0
dispatchSolution,https://data.wa.aemo.com.au/public/market-data/wemde/dispatchSolution/preDispatchData-AvailableCapacity/current/,AvailableCapacityPre-DispatchSolution_202608060730.json,,json,$.data.solutionData[].prices.regulationRaise,number,9,,plateau,2.66
dispatchSolution,https://data.wa.aemo.com.au/public/market-data/wemde/dispatchSolution/preDispatchData-AvailableCapacity/current/,AvailableCapacityPre-DispatchSolution_202608060730.json,,json,$.data.solutionData[].prices.rocof,number,9,,plateau,0.0
dispatchSolution,https://data.wa.aemo.com.au/public/market-data/wemde/dispatchSolution/preDispatchData-AvailableCapacity/current/,AvailableCapacityPre-DispatchSolution_202608060730.json,,json,$.data.solutionData[].rocofControlRequirements,object,9,,plateau,
dispatchSolution,https://data.wa.aemo.com.au/public/market-data/wemde/dispatchSolution/preDispatchData-AvailableCapacity/current/,AvailableCapacityPre-DispatchSolution_202608060730.json,,json,$.data.solutionData[].rocofControlRequirements.additionalRocofControlRequirement,number,9,,plateau,9674.183
dispatchSolution,https://data.wa.aemo.com.au/public/market-data/wemde/dispatchSolution/preDispatchData-AvailableCapacity/current/,AvailableCapacityPre-DispatchSolution_202608060730.json,,json,$.data.solutionData[].rocofControlRequirements.minimumRocofControlRequirement,number,9,,plateau,4065.495
dispatchSolution,https://data.wa.aemo.com.au/public/market-data/wemde/dispatchSolution/preDispatchData-AvailableCapacity/current/,AvailableCapacityPre-DispatchSolution_202608060730.json,,json,$.data.solutionData[].rocofControlRequirements.rocofControlRequirement,number,9,,plateau,13739.678
dispatchSolution,https://data.wa.aemo.com.au/public/market-data/wemde/dispatchSolution/preDispatchData-AvailableCapacity/current/,AvailableCapacityPre-DispatchSolution_202608060730.json,,json,$.data.solutionData[].runId,string,10,,plateau,958974dc-eab8-4602-3d4f-08def3499b80
dispatchSolution,https://data.wa.aemo.com.au/public/market-data/wemde/dispatchSolution/preDispatchData-AvailableCapacity/current/,AvailableCapacityPre-DispatchSolution_202608060730.json,,json,$.data.solutionData[].runIterationInformation,object,10,,plateau,
dispatchSolution,https://data.wa.aemo.com.au/public/market-data/wemde/dispatchSolution/preDispatchData-AvailableCapacity/current/,AvailableCapacityPre-DispatchSolution_202608060730.json,,json,$.data.solutionData[].runIterationInformation.fastStart,boolean,10,,plateau,False
dispatchSolution,https://data.wa.aemo.com.au/public/market-data/wemde/dispatchSolution/preDispatchData-AvailableCapacity/current/,AvailableCapacityPre-DispatchSolution_202608060730.json,,json,$.data.solutionData[].runIterationInformation.intervention,boolean,10,,plateau,False
dispatchSolution,https://data.wa.aemo.com.au/public/market-data/wemde/dispatchSolution/preDispatchData-AvailableCapacity/current/,AvailableCapacityPre-DispatchSolution_202608060730.json,,json,$.data.solutionData[].runIterationInformation.ocd,boolean,10,,plateau,True
dispatchSolution,https://data.wa.aemo.com.au/public/market-data/wemde/dispatchSolution/preDispatchData-AvailableCapacity/current/,AvailableCapacityPre-DispatchSolution_202608060730.json,,json,$.data.solutionData[].scenario,string,10,,plateau,AvailableCapacity
dispatchSolution,https://data.wa.aemo.com.au/public/market-data/wemde/dispatchSolution/preDispatchData-AvailableCapacity/current/,AvailableCapacityPre-DispatchSolution_202608060730.json,,json,$.data.solutionData[].schedule,array,10,,plateau,
dispatchSolution,https://data.wa.aemo.com.au/public/market-data/wemde/dispatchSolution/preDispatchData-AvailableCapacity/current/,AvailableCapacityPre-DispatchSolution_202608060730.json,,json,$.data.solutionData[].schedule[],object,60,,plateau,
dispatchSolution,https://data.wa.aemo.com.au/public/market-data/wemde/dispatchSolution/preDispatchData-AvailableCapacity/current/,AvailableCapacityPre-DispatchSolution_202608060730.json,,json,$.data.solutionData[].schedule[].facilitySchedule,array,60,,plateau,
dispatchSolution,https://data.wa.aemo.com.au/public/market-data/wemde/dispatchSolution/preDispatchData-AvailableCapacity/current/,AvailableCapacityPre-DispatchSolution_202608060730.json,,json,$.data.solutionData[].schedule[].facilitySchedule[],object,2960,,plateau,
dispatchSolution,https://data.wa.aemo.com.au/public/market-data/wemde/dispatchSolution/preDispatchData-AvailableCapacity/current/,AvailableCapacityPre-DispatchSolution_202608060730.json,,json,$.data.solutionData[].schedule[].facilitySchedule[].essPreProcessingConditionFlag,boolean,1290,,plateau,False
dispatchSolution,https://data.wa.aemo.com.au/public/market-data/wemde/dispatchSolution/preDispatchData-AvailableCapacity/current/,AvailableCapacityPre-DispatchSolution_202608060730.json,,json,$.data.solutionData[].schedule[].facilitySchedule[].facilityCode,string,2960,,plateau,COCKBURN_CCG1
dispatchSolution,https://data.wa.aemo.com.au/public/market-data/wemde/dispatchSolution/preDispatchData-AvailableCapacity/current/,AvailableCapacityPre-DispatchSolution_202608060730.json,,json,$.data.solutionData[].schedule[].facilitySchedule[].quantity,number,2960,,plateau,0.0
dispatchSolution,https://data.wa.aemo.com.au/public/market-data/wemde/dispatchSolution/preDispatchData-AvailableCapacity/current/,AvailableCapacityPre-DispatchSolution_202608060730.json,,json,$.data.solutionData[].schedule[].marketService,string,60,,plateau,rocof
dispatchSolution,https://data.wa.aemo.com.au/public/market-data/wemde/dispatchSolution/preDispatchData-AvailableCapacity/current/,AvailableCapacityPre-DispatchSolution_202608060730.json,,json,$.data.solutionData[].solveFinishAsAtTS,string,10,,plateau,2026-08-06T07:31:08.6485319+08:00
dispatchSolution,https://data.wa.aemo.com.au/public/market-data/wemde/dispatchSolution/preDispatchData-AvailableCapacity/current/,AvailableCapacityPre-DispatchSolution_202608060730.json,,json,$.data.solutionData[].solveStartAsAtTS,string,10,,plateau,2026-08-06T07:31:01.3300909+08:00
dispatchSolution,https://data.wa.aemo.com.au/public/market-data/wemde/dispatchSolution/preDispatchData-AvailableCapacity/current/,AvailableCapacityPre-DispatchSolution_202608060730.json,,json,$.data.solutionData[].solveStatus,string,10,,plateau,Optimal
dispatchSolution,https://data.wa.aemo.com.au/public/market-data/wemde/dispatchSolution/preDispatchData-AvailableCapacity/current/,AvailableCapacityPre-DispatchSolution_202608060730.json,,json,$.data.solutionData[].status,string,10,,plateau,Normal
dispatchSolution,https://data.wa.aemo.com.au/public/market-data/wemde/dispatchSolution/preDispatchData-AvailableCapacity/current/,AvailableCapacityPre-DispatchSolution_202608060730.json,,json,$.data.solutionData[].trapeziumAdjustments,array,10,,plateau,
dispatchSolution,https://data.wa.aemo.com.au/public/market-data/wemde/dispatchSolution/preDispatchData-AvailableCapacity/current/,AvailableCapacityPre-DispatchSolution_202608060730.json,,json,$.data.solutionData[].trapeziumAdjustments[],object,60,,plateau,
dispatchSolution,https://data.wa.aemo.com.au/public/market-data/wemde/dispatchSolution/preDispatchData-AvailableCapacity/current/,AvailableCapacityPre-DispatchSolution_202608060730.json,,json,$.data.solutionData[].trapeziumAdjustments[].marketService,string,60,,plateau,rocof
dispatchSolution,https://data.wa.aemo.com.au/public/market-data/wemde/dispatchSolution/preDispatchData-AvailableCapacity/current/,AvailableCapacityPre-DispatchSolution_202608060730.json,,json,$.data.solutionData[].trapeziumAdjustments[].trapeziumAdjustmentDetails,array,60,,plateau,
dispatchSolution,https://data.wa.aemo.com.au/public/market-data/wemde/dispatchSolution/preDispatchData-AvailableCapacity/current/,AvailableCapacityPre-DispatchSolution_202608060730.json,,json,$.data.solutionData[].trapeziumAdjustments[].trapeziumAdjustmentDetails[],object,2960,,plateau,
dispatchSolution,https://data.wa.aemo.com.au/public/market-data/wemde/dispatchSolution/preDispatchData-AvailableCapacity/current/,AvailableCapacityPre-DispatchSolution_202608060730.json,,json,$.data.solutionData[].trapeziumAdjustments[].trapeziumAdjustmentDetails[].downwardsRampRateValueUsed,number,2960,,plateau,0.0
dispatchSolution,https://data.wa.aemo.com.au/public/market-data/wemde/dispatchSolution/preDispatchData-AvailableCapacity/current/,AvailableCapacityPre-DispatchSolution_202608060730.json,,json,$.data.solutionData[].trapeziumAdjustments[].trapeziumAdjustmentDetails[].enablementMaximumValueUsed,number,2960,,plateau,249.7
dispatchSolution,https://data.wa.aemo.com.au/public/market-data/wemde/dispatchSolution/preDispatchData-AvailableCapacity/current/,AvailableCapacityPre-DispatchSolution_202608060730.json,,json,$.data.solutionData[].trapeziumAdjustments[].trapeziumAdjustmentDetails[].enablementMinimumValueUsed,number,2960,,plateau,145.0
dispatchSolution,https://data.wa.aemo.com.au/public/market-data/wemde/dispatchSolution/preDispatchData-AvailableCapacity/current/,AvailableCapacityPre-DispatchSolution_202608060730.json,,json,$.data.solutionData[].trapeziumAdjustments[].trapeziumAdjustmentDetails[].facilityCode,string,2960,,plateau,COCKBURN_CCG1
dispatchSolution,https://data.wa.aemo.com.au/public/market-data/wemde/dispatchSolution/preDispatchData-AvailableCapacity/current/,AvailableCapacityPre-DispatchSolution_202608060730.json,,json,$.data.solutionData[].trapeziumAdjustments[].trapeziumAdjustmentDetails[].highBreakpointValueUsed,number,2960,,plateau,249.7
dispatchSolution,https://data.wa.aemo.com.au/public/market-data/wemde/dispatchSolution/preDispatchData-AvailableCapacity/current/,AvailableCapacityPre-DispatchSolution_202608060730.json,,json,$.data.solutionData[].trapeziumAdjustments[].trapeziumAdjustmentDetails[].lowBreakpointValueUsed,number,2960,,plateau,145.0
dispatchSolution,https://data.wa.aemo.com.au/public/market-data/wemde/dispatchSolution/preDispatchData-AvailableCapacity/current/,AvailableCapacityPre-DispatchSolution_202608060730.json,,json,$.data.solutionData[].trapeziumAdjustments[].trapeziumAdjustmentDetails[].upwardsRampRateValueUsed,number,2960,,plateau,0.0
dispatchSolution,https://data.wa.aemo.com.au/public/market-data/wemde/dispatchSolution/weekAheadDispatchData/current/,ReferenceWeekAhead-DispatchSolution_202608050800.json,,json,$,object,1,,plateau,
dispatchSolution,https://data.wa.aemo.com.au/public/market-data/wemde/dispatchSolution/weekAheadDispatchData/current/,ReferenceWeekAhead-DispatchSolution_202608050800.json,,json,$.data,object,1,,plateau,
dispatchSolution,https://data.wa.aemo.com.au/public/market-data/wemde/dispatchSolution/weekAheadDispatchData/current/,ReferenceWeekAhead-DispatchSolution_202608050800.json,,json,$.data.dispatchDataIssueID,string,1,,plateau,20260805090014479_2313
dispatchSolution,https://data.wa.aemo.com.au/public/market-data/wemde/dispatchSolution/weekAheadDispatchData/current/,ReferenceWeekAhead-DispatchSolution_202608050800.json,,json,$.data.primaryDispatchInterval,string,1,,plateau,2026-08-05T08:00:00+08:00
dispatchSolution,https://data.wa.aemo.com.au/public/market-data/wemde/dispatchSolution/weekAheadDispatchData/current/,ReferenceWeekAhead-DispatchSolution_202608050800.json,,json,$.data.solutionData,array,1,,plateau,
dispatchSolution,https://data.wa.aemo.com.au/public/market-data/wemde/dispatchSolution/weekAheadDispatchData/current/,ReferenceWeekAhead-DispatchSolution_202608050800.json,,json,$.data.solutionData[],object,10,,plateau,
dispatchSolution,https://data.wa.aemo.com.au/public/market-data/wemde/dispatchSolution/weekAheadDispatchData/current/,ReferenceWeekAhead-DispatchSolution_202608050800.json,,json,$.data.solutionData[].availableQuantities,object,9,,plateau,
dispatchSolution,https://data.wa.aemo.com.au/public/market-data/wemde/dispatchSolution/weekAheadDispatchData/current/,ReferenceWeekAhead-DispatchSolution_202608050800.json,,json,$.data.solutionData[].availableQuantities.contingencyLower,number,9,,plateau,206.3
dispatchSolution,https://data.wa.aemo.com.au/public/market-data/wemde/dispatchSolution/weekAheadDispatchData/current/,ReferenceWeekAhead-DispatchSolution_202608050800.json,,json,$.data.solutionData[].availableQuantities.contingencyRaise,number,9,,plateau,201.3
dispatchSolution,https://data.wa.aemo.com.au/public/market-data/wemde/dispatchSolution/weekAheadDispatchData/current/,ReferenceWeekAhead-DispatchSolution_202608050800.json,,json,$.data.solutionData[].availableQuantities.energyInjectionCapacity,number,9,,plateau,531.317
dispatchSolution,https://data.wa.aemo.com.au/public/market-data/wemde/dispatchSolution/weekAheadDispatchData/current/,ReferenceWeekAhead-DispatchSolution_202608050800.json,,json,$.data.solutionData[].availableQuantities.energyWithdrawalCapacity,number,9,,plateau,0.0
dispatchSolution,https://data.wa.aemo.com.au/public/market-data/wemde/dispatchSolution/weekAheadDispatchData/current/,ReferenceWeekAhead-DispatchSolution_202608050800.json,,json,$.data.solutionData[].availableQuantities.regulationLower,number,9,,plateau,240.6
dispatchSolution,https://data.wa.aemo.com.au/public/market-data/wemde/dispatchSolution/weekAheadDispatchData/current/,ReferenceWeekAhead-DispatchSolution_202608050800.json,,json,$.data.solutionData[].availableQuantities.regulationRaise,number,9,,plateau,240.6
dispatchSolution,https://data.wa.aemo.com.au/public/market-data/wemde/dispatchSolution/weekAheadDispatchData/current/,ReferenceWeekAhead-DispatchSolution_202608050800.json,,json,$.data.solutionData[].availableQuantities.rocof,number,9,,plateau,2036.0
dispatchSolution,https://data.wa.aemo.com.au/public/market-data/wemde/dispatchSolution/weekAheadDispatchData/current/,ReferenceWeekAhead-DispatchSolution_202608050800.json,,json,$.data.solutionData[].constraints,array,10,,plateau,
dispatchSolution,https://data.wa.aemo.com.au/public/market-data/wemde/dispatchSolution/weekAheadDispatchData/current/,ReferenceWeekAhead-DispatchSolution_202608050800.json,,json,$.data.solutionData[].constraints[],object,23618,,plateau,
dispatchSolution,https://data.wa.aemo.com.au/public/market-data/wemde/dispatchSolution/weekAheadDispatchData/current/,ReferenceWeekAhead-DispatchSolution_202608050800.json,,json,$.data.solutionData[].constraints[].bindingConstraintFlag,boolean,23617,,plateau,True
dispatchSolution,https://data.wa.aemo.com.au/public/market-data/wemde/dispatchSolution/weekAheadDispatchData/current/,ReferenceWeekAhead-DispatchSolution_202608050800.json,,json,$.data.solutionData[].constraints[].constraintType,string,23618,,plateau,Formulation
dispatchSolution,https://data.wa.aemo.com.au/public/market-data/wemde/dispatchSolution/weekAheadDispatchData/current/,ReferenceWeekAhead-DispatchSolution_202608050800.json,,json,$.data.solutionData[].constraints[].defaultRhs,number,23617,,plateau,0.0
dispatchSolution,https://data.wa.aemo.com.au/public/market-data/wemde/dispatchSolution/weekAheadDispatchData/current/,ReferenceWeekAhead-DispatchSolution_202608050800.json,,json,$.data.solutionData[].constraints[].description,string,23618,,plateau,System Energy Balance
dispatchSolution,https://data.wa.aemo.com.au/public/market-data/wemde/dispatchSolution/weekAheadDispatchData/current/,ReferenceWeekAhead-DispatchSolution_202608050800.json,,json,$.data.solutionData[].constraints[].id,string,23618,,plateau,SystemEnergyBalance
dispatchSolution,https://data.wa.aemo.com.au/public/market-data/wemde/dispatchSolution/weekAheadDispatchData/current/,ReferenceWeekAhead-DispatchSolution_202608050800.json,,json,$.data.solutionData[].constraints[].isInterventionEvent,boolean,23617,,plateau,False
dispatchSolution,https://data.wa.aemo.com.au/public/market-data/wemde/dispatchSolution/weekAheadDispatchData/current/,ReferenceWeekAhead-DispatchSolution_202608050800.json,,json,$.data.solutionData[].constraints[].leftHandSideValue,number,23618,,plateau,2368.838
dispatchSolution,https://data.wa.aemo.com.au/public/market-data/wemde/dispatchSolution/weekAheadDispatchData/current/,ReferenceWeekAhead-DispatchSolution_202608050800.json,,json,$.data.solutionData[].constraints[].nearBindingConstraintFlag,boolean,23617,,plateau,True
dispatchSolution,https://data.wa.aemo.com.au/public/market-data/wemde/dispatchSolution/weekAheadDispatchData/current/,ReferenceWeekAhead-DispatchSolution_202608050800.json,,json,$.data.solutionData[].constraints[].operator,string,23618,,plateau,EqualTo
dispatchSolution,https://data.wa.aemo.com.au/public/market-data/wemde/dispatchSolution/weekAheadDispatchData/current/,ReferenceWeekAhead-DispatchSolution_202608050800.json,,json,$.data.solutionData[].constraints[].rightHandSideValue,number,23618,,plateau,2368.838
dispatchSolution,https://data.wa.aemo.com.au/public/market-data/wemde/dispatchSolution/weekAheadDispatchData/current/,ReferenceWeekAhead-DispatchSolution_202608050800.json,,json,$.data.solutionData[].constraints[].shadowPrice,number,23617,,plateau,124.43
dispatchSolution,https://data.wa.aemo.com.au/public/market-data/wemde/dispatchSolution/weekAheadDispatchData/current/,ReferenceWeekAhead-DispatchSolution_202608050800.json,,json,$.data.solutionData[].constraints[].slackVariables,array,21003,,plateau,
dispatchSolution,https://data.wa.aemo.com.au/public/market-data/wemde/dispatchSolution/weekAheadDispatchData/current/,ReferenceWeekAhead-DispatchSolution_202608050800.json,,json,$.data.solutionData[].constraints[].slackVariables[],object,22056,,plateau,
dispatchSolution,https://data.wa.aemo.com.au/public/market-data/wemde/dispatchSolution/weekAheadDispatchData/current/,ReferenceWeekAhead-DispatchSolution_202608050800.json,,json,$.data.solutionData[].constraints[].slackVariables[].value,number,22056,,plateau,0.0
dispatchSolution,https://data.wa.aemo.com.au/public/market-data/wemde/dispatchSolution/weekAheadDispatchData/current/,ReferenceWeekAhead-DispatchSolution_202608050800.json,,json,$.data.solutionData[].constraints[].slackVariables[].variable,string,22056,,plateau,EnergyBalance_SlackDeficit
dispatchSolution,https://data.wa.aemo.com.au/public/market-data/wemde/dispatchSolution/weekAheadDispatchData/current/,ReferenceWeekAhead-DispatchSolution_202608050800.json,,json,$.data.solutionData[].contingencySolution,object,9,,plateau,
dispatchSolution,https://data.wa.aemo.com.au/public/market-data/wemde/dispatchSolution/weekAheadDispatchData/current/,ReferenceWeekAhead-DispatchSolution_202608050800.json,,json,$.data.solutionData[].contingencySolution.clearedContingencyLower,number,9,,plateau,277.15
dispatchSolution,https://data.wa.aemo.com.au/public/market-data/wemde/dispatchSolution/weekAheadDispatchData/current/,ReferenceWeekAhead-DispatchSolution_202608050800.json,,json,$.data.solutionData[].contingencySolution.clearedContingencyRaise,number,9,,plateau,308.994
dispatchSolution,https://data.wa.aemo.com.au/public/market-data/wemde/dispatchSolution/weekAheadDispatchData/current/,ReferenceWeekAhead-DispatchSolution_202608050800.json,,json,$.data.solutionData[].contingencySolution.contingencyLowerDeficit,number,9,,plateau,0.0
dispatchSolution,https://data.wa.aemo.com.au/public/market-data/wemde/dispatchSolution/weekAheadDispatchData/current/,ReferenceWeekAhead-DispatchSolution_202608050800.json,,json,$.data.solutionData[].contingencySolution.contingencyLowerOffset,number,9,,plateau,36.534
dispatchSolution,https://data.wa.aemo.com.au/public/market-data/wemde/dispatchSolution/weekAheadDispatchData/current/,ReferenceWeekAhead-DispatchSolution_202608050800.json,,json,$.data.solutionData[].contingencySolution.contingencyLowerRequirement,number,9,,plateau,277.15
dispatchSolution,https://data.wa.aemo.com.au/public/market-data/wemde/dispatchSolution/weekAheadDispatchData/current/,ReferenceWeekAhead-DispatchSolution_202608050800.json,,json,$.data.solutionData[].contingencySolution.contingencyRaiseDeficit,number,9,,plateau,0.0
dispatchSolution,https://data.wa.aemo.com.au/public/market-data/wemde/dispatchSolution/weekAheadDispatchData/current/,ReferenceWeekAhead-DispatchSolution_202608050800.json,,json,$.data.solutionData[].contingencySolution.contingencyRaiseOffset,number,9,,plateau,75.02
dispatchSolution,https://data.wa.aemo.com.au/public/market-data/wemde/dispatchSolution/weekAheadDispatchData/current/,ReferenceWeekAhead-DispatchSolution_202608050800.json,,json,$.data.solutionData[].contingencySolution.contingencyRaiseRequirement,number,9,,plateau,305.744
dispatchSolution,https://data.wa.aemo.com.au/public/market-data/wemde/dispatchSolution/weekAheadDispatchData/current/,ReferenceWeekAhead-DispatchSolution_202608050800.json,,json,$.data.solutionData[].contingencySolution.demandLevel,number,9,,plateau,2600.0
dispatchSolution,https://data.wa.aemo.com.au/public/market-data/wemde/dispatchSolution/weekAheadDispatchData/current/,ReferenceWeekAhead-DispatchSolution_202608050800.json,,json,$.data.solutionData[].contingencySolution.dpvLevel,number,9,,plateau,510.0
dispatchSolution,https://data.wa.aemo.com.au/public/market-data/wemde/dispatchSolution/weekAheadDispatchData/current/,ReferenceWeekAhead-DispatchSolution_202608050800.json,,json,$.data.solutionData[].contingencySolution.largestContingency,number,9,,plateau,380.764
dispatchSolution,https://data.wa.aemo.com.au/public/market-data/wemde/dispatchSolution/weekAheadDispatchData/current/,ReferenceWeekAhead-DispatchSolution_202608050800.json,,json,$.data.solutionData[].contingencySolution.largestLoadContingency,number,9,,plateau,313.684
dispatchSolution,https://data.wa.aemo.com.au/public/market-data/wemde/dispatchSolution/weekAheadDispatchData/current/,ReferenceWeekAhead-DispatchSolution_202608050800.json,,json,$.data.solutionData[].contingencySolution.solvedContingency,number,9,,plateau,420.0
dispatchSolution,https://data.wa.aemo.com.au/public/market-data/wemde/dispatchSolution/weekAheadDispatchData/current/,ReferenceWeekAhead-DispatchSolution_202608050800.json,,json,$.data.solutionData[].contingencySolution.solvedInertia,number,9,,plateau,9750.0
dispatchSolution,https://data.wa.aemo.com.au/public/market-data/wemde/dispatchSolution/weekAheadDispatchData/current/,ReferenceWeekAhead-DispatchSolution_202608050800.json,,json,$.data.solutionData[].definedContingency,array,10,,plateau,
dispatchSolution,https://data.wa.aemo.com.au/public/market-data/wemde/dispatchSolution/weekAheadDispatchData/current/,ReferenceWeekAhead-DispatchSolution_202608050800.json,,json,$.data.solutionData[].definedContingency[],object,90,,plateau,
dispatchSolution,https://data.wa.aemo.com.au/public/market-data/wemde/dispatchSolution/weekAheadDispatchData/current/,ReferenceWeekAhead-DispatchSolution_202608050800.json,,json,$.data.solutionData[].definedContingency[].id,string,90,,plateau,LWT-ST 91 * {LWT-SHO-KEM 91} [SupplyRisk]
dispatchSolution,https://data.wa.aemo.com.au/public/market-data/wemde/dispatchSolution/weekAheadDispatchData/current/,ReferenceWeekAhead-DispatchSolution_202608050800.json,,json,$.data.solutionData[].definedContingency[].valueOfContingency,number,90,,plateau,380.764
dispatchSolution,https://data.wa.aemo.com.au/public/market-data/wemde/dispatchSolution/weekAheadDispatchData/current/,ReferenceWeekAhead-DispatchSolution_202608050800.json,,json,$.data.solutionData[].definedLoadContingency,array,9,,plateau,
dispatchSolution,https://data.wa.aemo.com.au/public/market-data/wemde/dispatchSolution/weekAheadDispatchData/current/,ReferenceWeekAhead-DispatchSolution_202608050800.json,,json,$.data.solutionData[].definedLoadContingency[],object,72,,plateau,
dispatchSolution,https://data.wa.aemo.com.au/public/market-data/wemde/dispatchSolution/weekAheadDispatchData/current/,ReferenceWeekAhead-DispatchSolution_202608050800.json,,json,$.data.solutionData[].definedLoadContingency[].associatedFacilities,array,72,,plateau,
dispatchSolution,https://data.wa.aemo.com.au/public/market-data/wemde/dispatchSolution/weekAheadDispatchData/current/,ReferenceWeekAhead-DispatchSolution_202608050800.json,,json,$.data.solutionData[].definedLoadContingency[].associatedFacilities[],object,225,,plateau,
dispatchSolution,https://data.wa.aemo.com.au/public/market-data/wemde/dispatchSolution/weekAheadDispatchData/current/,ReferenceWeekAhead-DispatchSolution_202608050800.json,,json,$.data.solutionData[].definedLoadContingency[].associatedFacilities[].contribution,number,225,,plateau,186.653
dispatchSolution,https://data.wa.aemo.com.au/public/market-data/wemde/dispatchSolution/weekAheadDispatchData/current/,ReferenceWeekAhead-DispatchSolution_202608050800.json,,json,$.data.solutionData[].definedLoadContingency[].associatedFacilities[].facilityCode,string,225,,plateau,COLLIE_BESS2
dispatchSolution,https://data.wa.aemo.com.au/public/market-data/wemde/dispatchSolution/weekAheadDispatchData/current/,ReferenceWeekAhead-DispatchSolution_202608050800.json,,json,$.data.solutionData[].definedLoadContingency[].associatedFacilities[].marketService,string,225,,plateau,energy
dispatchSolution,https://data.wa.aemo.com.au/public/market-data/wemde/dispatchSolution/weekAheadDispatchData/current/,ReferenceWeekAhead-DispatchSolution_202608050800.json,,json,$.data.solutionData[].definedLoadContingency[].id,string,72,,plateau,"NIL * {SHO-WLT-PMB 91, SPS_BGM} [LoadRisk]"
dispatchSolution,https://data.wa.aemo.com.au/public/market-data/wemde/dispatchSolution/weekAheadDispatchData/current/,ReferenceWeekAhead-DispatchSolution_202608050800.json,,json,$.data.solutionData[].definedLoadContingency[].loadContribution,number,72,,plateau,39.373000000000005
dispatchSolution,https://data.wa.aemo.com.au/public/market-data/wemde/dispatchSolution/weekAheadDispatchData/current/,ReferenceWeekAhead-DispatchSolution_202608050800.json,,json,$.data.solutionData[].definedLoadContingency[].valueOfContingency,number,72,,plateau,313.684
dispatchSolution,https://data.wa.aemo.com.au/public/market-data/wemde/dispatchSolution/weekAheadDispatchData/current/,ReferenceWeekAhead-DispatchSolution_202608050800.json,,json,$.data.solutionData[].dispatchCaps,array,10,,plateau,
dispatchSolution,https://data.wa.aemo.com.au/public/market-data/wemde/dispatchSolution/weekAheadDispatchData/current/,ReferenceWeekAhead-DispatchSolution_202608050800.json,,json,$.data.solutionData[].dispatchCaps[],object,130,,plateau,
dispatchSolution,https://data.wa.aemo.com.au/public/market-data/wemde/dispatchSolution/weekAheadDispatchData/current/,ReferenceWeekAhead-DispatchSolution_202608050800.json,,json,$.data.solutionData[].dispatchCaps[].dispatchCap,number,130,,plateau,80.0
dispatchSolution,https://data.wa.aemo.com.au/public/market-data/wemde/dispatchSolution/weekAheadDispatchData/current/,ReferenceWeekAhead-DispatchSolution_202608050800.json,,json,$.data.solutionData[].dispatchCaps[].facilityCode,string,130,,plateau,EDWFMAN_WF1
dispatchSolution,https://data.wa.aemo.com.au/public/market-data/wemde/dispatchSolution/weekAheadDispatchData/current/,ReferenceWeekAhead-DispatchSolution_202608050800.json,,json,$.data.solutionData[].dispatchInterval,string,10,,plateau,2026-08-05T08:00:00+08:00
dispatchSolution,https://data.wa.aemo.com.au/public/market-data/wemde/dispatchSolution/weekAheadDispatchData/current/,ReferenceWeekAhead-DispatchSolution_202608050800.json,,json,$.data.solutionData[].dispatchRunId,string,10,,plateau,6c371ef8-a5ae-45a1-d90f-08def2847dc3
dispatchSolution,https://data.wa.aemo.com.au/public/market-data/wemde/dispatchSolution/weekAheadDispatchData/current/,ReferenceWeekAhead-DispatchSolution_202608050800.json,,json,$.data.solutionData[].dispatchTotal,object,9,,plateau,
dispatchSolution,https://data.wa.aemo.com.au/public/market-data/wemde/dispatchSolution/weekAheadDispatchData/current/,ReferenceWeekAhead-DispatchSolution_202608050800.json,,json,$.data.solutionData[].dispatchTotal.contingencyLower,number,9,,plateau,277.15
dispatchSolution,https://data.wa.aemo.com.au/public/market-data/wemde/dispatchSolution/weekAheadDispatchData/current/,ReferenceWeekAhead-DispatchSolution_202608050800.json,,json,$.data.solutionData[].dispatchTotal.contingencyRaise,number,9,,plateau,308.994
dispatchSolution,https://data.wa.aemo.com.au/public/market-data/wemde/dispatchSolution/weekAheadDispatchData/current/,ReferenceWeekAhead-DispatchSolution_202608050800.json,,json,$.data.solutionData[].dispatchTotal.energyInjectionCapacity,number,9,,plateau,2555.491
dispatchSolution,https://data.wa.aemo.com.au/public/market-data/wemde/dispatchSolution/weekAheadDispatchData/current/,ReferenceWeekAhead-DispatchSolution_202608050800.json,,json,$.data.solutionData[].dispatchTotal.energyWithdrawalCapacity,number,9,,plateau,-186.653
dispatchSolution,https://data.wa.aemo.com.au/public/market-data/wemde/dispatchSolution/weekAheadDispatchData/current/,ReferenceWeekAhead-DispatchSolution_202608050800.json,,json,$.data.solutionData[].dispatchTotal.regulationLower,number,9,,plateau,110.0
dispatchSolution,https://data.wa.aemo.com.au/public/market-data/wemde/dispatchSolution/weekAheadDispatchData/current/,ReferenceWeekAhead-DispatchSolution_202608050800.json,,json,$.data.solutionData[].dispatchTotal.regulationRaise,number,9,,plateau,110.0
dispatchSolution,https://data.wa.aemo.com.au/public/market-data/wemde/dispatchSolution/weekAheadDispatchData/current/,ReferenceWeekAhead-DispatchSolution_202608050800.json,,json,$.data.solutionData[].dispatchTotal.rocof,number,9,,plateau,13403.9
dispatchSolution,https://data.wa.aemo.com.au/public/market-data/wemde/dispatchSolution/weekAheadDispatchData/current/,ReferenceWeekAhead-DispatchSolution_202608050800.json,,json,$.data.solutionData[].dispatchType,string,10,,plateau,Week-Ahead
dispatchSolution,https://data.wa.aemo.com.au/public/market-data/wemde/dispatchSolution/weekAheadDispatchData/current/,ReferenceWeekAhead-DispatchSolution_202608050800.json,,json,$.data.solutionData[].facilityScheduleDetails,array,10,,plateau,
dispatchSolution,https://data.wa.aemo.com.au/public/market-data/wemde/dispatchSolution/weekAheadDispatchData/current/,ReferenceWeekAhead-DispatchSolution_202608050800.json,,json,$.data.solutionData[].facilityScheduleDetails[],object,1710,,plateau,
dispatchSolution,https://data.wa.aemo.com.au/public/market-data/wemde/dispatchSolution/weekAheadDispatchData/current/,ReferenceWeekAhead-DispatchSolution_202608050800.json,,json,$.data.solutionData[].facilityScheduleDetails[].congestionRental,number,1710,,plateau,0.0
dispatchSolution,https://data.wa.aemo.com.au/public/market-data/wemde/dispatchSolution/weekAheadDispatchData/current/,ReferenceWeekAhead-DispatchSolution_202608050800.json,,json,$.data.solutionData[].facilityScheduleDetails[].contingency,number,1710,,plateau,41.14
dispatchSolution,https://data.wa.aemo.com.au/public/market-data/wemde/dispatchSolution/weekAheadDispatchData/current/,ReferenceWeekAhead-DispatchSolution_202608050800.json,,json,$.data.solutionData[].facilityScheduleDetails[].contingencyLowerPF,number,1710,,plateau,1.0
dispatchSolution,https://data.wa.aemo.com.au/public/market-data/wemde/dispatchSolution/weekAheadDispatchData/current/,ReferenceWeekAhead-DispatchSolution_202608050800.json,,json,$.data.solutionData[].facilityScheduleDetails[].contingencyRaisePF,number,1710,,plateau,0.0
dispatchSolution,https://data.wa.aemo.com.au/public/market-data/wemde/dispatchSolution/weekAheadDispatchData/current/,ReferenceWeekAhead-DispatchSolution_202608050800.json,,json,$.data.solutionData[].facilityScheduleDetails[].estimatedFcessUpliftPayment,number,1710,,plateau,0.0
dispatchSolution,https://data.wa.aemo.com.au/public/market-data/wemde/dispatchSolution/weekAheadDispatchData/current/,ReferenceWeekAhead-DispatchSolution_202608050800.json,,json,$.data.solutionData[].facilityScheduleDetails[].facilityCode,string,1710,,plateau,ALCOA_WGP
dispatchSolution,https://data.wa.aemo.com.au/public/market-data/wemde/dispatchSolution/weekAheadDispatchData/current/,ReferenceWeekAhead-DispatchSolution_202608050800.json,,json,$.data.solutionData[].facilityScheduleDetails[].facilityLowerRisk,number,1710,,plateau,0.0
dispatchSolution,https://data.wa.aemo.com.au/public/market-data/wemde/dispatchSolution/weekAheadDispatchData/current/,ReferenceWeekAhead-DispatchSolution_202608050800.json,,json,$.data.solutionData[].facilityScheduleDetails[].facilityRisk,number,1710,,plateau,0.0
dispatchSolution,https://data.wa.aemo.com.au/public/market-data/wemde/dispatchSolution/weekAheadDispatchData/current/,ReferenceWeekAhead-DispatchSolution_202608050800.json,,json,$.data.solutionData[].facilityScheduleDetails[].fastStartFlag,boolean,1710,,plateau,False
dispatchSolution,https://data.wa.aemo.com.au/public/market-data/wemde/dispatchSolution/weekAheadDispatchData/current/,ReferenceWeekAhead-DispatchSolution_202608050800.json,,json,$.data.solutionData[].facilityScheduleDetails[].fastStartInitialMode,number,1710,,plateau,0
dispatchSolution,https://data.wa.aemo.com.au/public/market-data/wemde/dispatchSolution/weekAheadDispatchData/current/,ReferenceWeekAhead-DispatchSolution_202608050800.json,,json,$.data.solutionData[].facilityScheduleDetails[].fastStartInitialModeTime,number,1710,,plateau,0
dispatchSolution,https://data.wa.aemo.com.au/public/market-data/wemde/dispatchSolution/weekAheadDispatchData/current/,ReferenceWeekAhead-DispatchSolution_202608050800.json,,json,$.data.solutionData[].facilityScheduleDetails[].fastStartTargetMode,number,1710,,plateau,0
dispatchSolution,https://data.wa.aemo.com.au/public/market-data/wemde/dispatchSolution/weekAheadDispatchData/current/,ReferenceWeekAhead-DispatchSolution_202608050800.json,,json,$.data.solutionData[].facilityScheduleDetails[].fastStartTargetModeTime,number,1710,,plateau,0
dispatchSolution,https://data.wa.aemo.com.au/public/market-data/wemde/dispatchSolution/weekAheadDispatchData/current/,ReferenceWeekAhead-DispatchSolution_202608050800.json,,json,$.data.solutionData[].facilityScheduleDetails[].initialMw,number,1710,,plateau,1.3
dispatchSolution,https://data.wa.aemo.com.au/public/market-data/wemde/dispatchSolution/weekAheadDispatchData/current/,ReferenceWeekAhead-DispatchSolution_202608050800.json,,json,$.data.solutionData[].facilityScheduleDetails[].loadContingency,number,1710,,plateau,0.0
dispatchSolution,https://data.wa.aemo.com.au/public/market-data/wemde/dispatchSolution/weekAheadDispatchData/current/,ReferenceWeekAhead-DispatchSolution_202608050800.json,,json,$.data.solutionData[].facilityScheduleDetails[].nolDemand,number,1710,,plateau,0.0
dispatchSolution,https://data.wa.aemo.com.au/public/market-data/wemde/dispatchSolution/weekAheadDispatchData/current/,ReferenceWeekAhead-DispatchSolution_202608050800.json,,json,$.data.solutionData[].facilityScheduleDetails[].projectedChargeLevel,null|number,1710,,plateau,-108.034
dispatchSolution,https://data.wa.aemo.com.au/public/market-data/wemde/dispatchSolution/weekAheadDispatchData/current/,ReferenceWeekAhead-DispatchSolution_202608050800.json,,json,$.data.solutionData[].facilityScheduleDetails[].projectedDischargeLevel,null|number,1710,,plateau,73.146
dispatchSolution,https://data.wa.aemo.com.au/public/market-data/wemde/dispatchSolution/weekAheadDispatchData/current/,ReferenceWeekAhead-DispatchSolution_202608050800.json,,json,$.data.solutionData[].facilityScheduleDetails[].regulationLowerPF,number,1710,,plateau,1.0
dispatchSolution,https://data.wa.aemo.com.au/public/market-data/wemde/dispatchSolution/weekAheadDispatchData/current/,ReferenceWeekAhead-DispatchSolution_202608050800.json,,json,$.data.solutionData[].facilityScheduleDetails[].regulationRaisePF,number,1710,,plateau,1.0
dispatchSolution,https://data.wa.aemo.com.au/public/market-data/wemde/dispatchSolution/weekAheadDispatchData/current/,ReferenceWeekAhead-DispatchSolution_202608050800.json,,json,$.data.solutionData[].facilityScheduleDetails[].rocofPF,number,1710,,plateau,1.0
dispatchSolution,https://data.wa.aemo.com.au/public/market-data/wemde/dispatchSolution/weekAheadDispatchData/current/,ReferenceWeekAhead-DispatchSolution_202608050800.json,,json,$.data.solutionData[].fcessMarketClearingPriceCeilings,array,9,,plateau,
dispatchSolution,https://data.wa.aemo.com.au/public/market-data/wemde/dispatchSolution/weekAheadDispatchData/current/,ReferenceWeekAhead-DispatchSolution_202608050800.json,,json,$.data.solutionData[].fcessMarketClearingPriceCeilings[],object,45,,plateau,
dispatchSolution,https://data.wa.aemo.com.au/public/market-data/wemde/dispatchSolution/weekAheadDispatchData/current/,ReferenceWeekAhead-DispatchSolution_202608050800.json,,json,$.data.solutionData[].fcessMarketClearingPriceCeilings[].fcessMarketService,string,45,,plateau,regulationRaise
dispatchSolution,https://data.wa.aemo.com.au/public/market-data/wemde/dispatchSolution/weekAheadDispatchData/current/,ReferenceWeekAhead-DispatchSolution_202608050800.json,,json,$.data.solutionData[].fcessMarketClearingPriceCeilings[].priceCeiling,number,45,,plateau,2423.0
dispatchSolution,https://data.wa.aemo.com.au/public/market-data/wemde/dispatchSolution/weekAheadDispatchData/current/,ReferenceWeekAhead-DispatchSolution_202608050800.json,,json,$.data.solutionData[].inServiceQuantities,object,9,,plateau,
dispatchSolution,https://data.wa.aemo.com.au/public/market-data/wemde/dispatchSolution/weekAheadDispatchData/current/,ReferenceWeekAhead-DispatchSolution_202608050800.json,,json,$.data.solutionData[].inServiceQuantities.contingencyLower,number,9,,plateau,1374.499
dispatchSolution,https://data.wa.aemo.com.au/public/market-data/wemde/dispatchSolution/weekAheadDispatchData/current/,ReferenceWeekAhead-DispatchSolution_202608050800.json,,json,$.data.solutionData[].inServiceQuantities.contingencyRaise,number,9,,plateau,1282.394
dispatchSolution,https://data.wa.aemo.com.au/public/market-data/wemde/dispatchSolution/weekAheadDispatchData/current/,ReferenceWeekAhead-DispatchSolution_202608050800.json,,json,$.data.solutionData[].inServiceQuantities.energyInjectionCapacity,number,9,,plateau,4910.941
dispatchSolution,https://data.wa.aemo.com.au/public/market-data/wemde/dispatchSolution/weekAheadDispatchData/current/,ReferenceWeekAhead-DispatchSolution_202608050800.json,,json,$.data.solutionData[].inServiceQuantities.energyWithdrawalCapacity,number,9,,plateau,-1100.0
dispatchSolution,https://data.wa.aemo.com.au/public/market-data/wemde/dispatchSolution/weekAheadDispatchData/current/,ReferenceWeekAhead-DispatchSolution_202608050800.json,,json,$.data.solutionData[].inServiceQuantities.regulationLower,number,9,,plateau,789.43
dispatchSolution,https://data.wa.aemo.com.au/public/market-data/wemde/dispatchSolution/weekAheadDispatchData/current/,ReferenceWeekAhead-DispatchSolution_202608050800.json,,json,$.data.solutionData[].inServiceQuantities.regulationRaise,number,9,,plateau,789.43
dispatchSolution,https://data.wa.aemo.com.au/public/market-data/wemde/dispatchSolution/weekAheadDispatchData/current/,ReferenceWeekAhead-DispatchSolution_202608050800.json,,json,$.data.solutionData[].inServiceQuantities.rocof,number,9,,plateau,13403.9
dispatchSolution,https://data.wa.aemo.com.au/public/market-data/wemde/dispatchSolution/weekAheadDispatchData/current/,ReferenceWeekAhead-DispatchSolution_202608050800.json,,json,$.data.solutionData[].marketServiceRequirements,object,9,,plateau,
dispatchSolution,https://data.wa.aemo.com.au/public/market-data/wemde/dispatchSolution/weekAheadDispatchData/current/,ReferenceWeekAhead-DispatchSolution_202608050800.json,,json,$.data.solutionData[].marketServiceRequirements.contingencyLower,number,9,,plateau,277.15
dispatchSolution,https://data.wa.aemo.com.au/public/market-data/wemde/dispatchSolution/weekAheadDispatchData/current/,ReferenceWeekAhead-DispatchSolution_202608050800.json,,json,$.data.solutionData[].marketServiceRequirements.contingencyRaise,number,9,,plateau,305.744
dispatchSolution,https://data.wa.aemo.com.au/public/market-data/wemde/dispatchSolution/weekAheadDispatchData/current/,ReferenceWeekAhead-DispatchSolution_202608050800.json,,json,$.data.solutionData[].marketServiceRequirements.energy,number,9,,plateau,2368.838
dispatchSolution,https://data.wa.aemo.com.au/public/market-data/wemde/dispatchSolution/weekAheadDispatchData/current/,ReferenceWeekAhead-DispatchSolution_202608050800.json,,json,$.data.solutionData[].marketServiceRequirements.regulationLower,number,9,,plateau,110.000
dispatchSolution,https://data.wa.aemo.com.au/public/market-data/wemde/dispatchSolution/weekAheadDispatchData/current/,ReferenceWeekAhead-DispatchSolution_202608050800.json,,json,$.data.solutionData[].marketServiceRequirements.regulationRaise,number,9,,plateau,110.000
dispatchSolution,https://data.wa.aemo.com.au/public/market-data/wemde/dispatchSolution/weekAheadDispatchData/current/,ReferenceWeekAhead-DispatchSolution_202608050800.json,,json,$.data.solutionData[].marketServiceRequirements.rocof,number,9,,plateau,13403.9
dispatchSolution,https://data.wa.aemo.com.au/public/market-data/wemde/dispatchSolution/weekAheadDispatchData/current/,ReferenceWeekAhead-DispatchSolution_202608050800.json,,json,$.data.solutionData[].marketShortfalls,object,9,,plateau,
dispatchSolution,https://data.wa.aemo.com.au/public/market-data/wemde/dispatchSolution/weekAheadDispatchData/current/,ReferenceWeekAhead-DispatchSolution_202608050800.json,,json,$.data.solutionData[].marketShortfalls.contingencyLowerDeficit,number,9,,plateau,0.0
dispatchSolution,https://data.wa.aemo.com.au/public/market-data/wemde/dispatchSolution/weekAheadDispatchData/current/,ReferenceWeekAhead-DispatchSolution_202608050800.json,,json,$.data.solutionData[].marketShortfalls.contingencyRaiseDeficit,number,9,,plateau,0.0
dispatchSolution,https://data.wa.aemo.com.au/public/market-data/wemde/dispatchSolution/weekAheadDispatchData/current/,ReferenceWeekAhead-DispatchSolution_202608050800.json,,json,$.data.solutionData[].marketShortfalls.energyDeficit,number,9,,plateau,0.0
dispatchSolution,https://data.wa.aemo.com.au/public/market-data/wemde/dispatchSolution/weekAheadDispatchData/current/,ReferenceWeekAhead-DispatchSolution_202608050800.json,,json,$.data.solutionData[].marketShortfalls.regulationLowerDeficit,number,9,,plateau,0.0
dispatchSolution,https://data.wa.aemo.com.au/public/market-data/wemde/dispatchSolution/weekAheadDispatchData/current/,ReferenceWeekAhead-DispatchSolution_202608050800.json,,json,$.data.solutionData[].marketShortfalls.regulationRaiseDeficit,number,9,,plateau,0.0
dispatchSolution,https://data.wa.aemo.com.au/public/market-data/wemde/dispatchSolution/weekAheadDispatchData/current/,ReferenceWeekAhead-DispatchSolution_202608050800.json,,json,$.data.solutionData[].marketShortfalls.rocofDeficit,number,9,,plateau,0.0
dispatchSolution,https://data.wa.aemo.com.au/public/market-data/wemde/dispatchSolution/weekAheadDispatchData/current/,ReferenceWeekAhead-DispatchSolution_202608050800.json,,json,$.data.solutionData[].objectiveFunctionValue,number,10,,plateau,-366227.5997
dispatchSolution,https://data.wa.aemo.com.au/public/market-data/wemde/dispatchSolution/weekAheadDispatchData/current/,ReferenceWeekAhead-DispatchSolution_202608050800.json,,json,$.data.solutionData[].priceSetting,array,9,,plateau,
dispatchSolution,https://data.wa.aemo.com.au/public/market-data/wemde/dispatchSolution/weekAheadDispatchData/current/,ReferenceWeekAhead-DispatchSolution_202608050800.json,,json,$.data.solutionData[].priceSetting[],object,54,,plateau,
dispatchSolution,https://data.wa.aemo.com.au/public/market-data/wemde/dispatchSolution/weekAheadDispatchData/current/,ReferenceWeekAhead-DispatchSolution_202608050800.json,,json,$.data.solutionData[].priceSetting[].contributions,array,54,,plateau,
dispatchSolution,https://data.wa.aemo.com.au/public/market-data/wemde/dispatchSolution/weekAheadDispatchData/current/,ReferenceWeekAhead-DispatchSolution_202608050800.json,,json,$.data.solutionData[].priceSetting[].contributions[],object,82,,plateau,
dispatchSolution,https://data.wa.aemo.com.au/public/market-data/wemde/dispatchSolution/weekAheadDispatchData/current/,ReferenceWeekAhead-DispatchSolution_202608050800.json,,json,$.data.solutionData[].priceSetting[].contributions[].byHowMuch,number,82,,plateau,-1.04
dispatchSolution,https://data.wa.aemo.com.au/public/market-data/wemde/dispatchSolution/weekAheadDispatchData/current/,ReferenceWeekAhead-DispatchSolution_202608050800.json,,json,$.data.solutionData[].priceSetting[].contributions[].contributingVariable,string,82,,plateau,COLLIE_ESR5_contingencyLower_Tranche_01
dispatchSolution,https://data.wa.aemo.com.au/public/market-data/wemde/dispatchSolution/weekAheadDispatchData/current/,ReferenceWeekAhead-DispatchSolution_202608050800.json,,json,$.data.solutionData[].priceSetting[].contributions[].objectiveCoefficient,number,82,,plateau,0.0
dispatchSolution,https://data.wa.aemo.com.au/public/market-data/wemde/dispatchSolution/weekAheadDispatchData/current/,ReferenceWeekAhead-DispatchSolution_202608050800.json,,json,$.data.solutionData[].priceSetting[].isMarketServiceCapped,boolean,54,,plateau,False
dispatchSolution,https://data.wa.aemo.com.au/public/market-data/wemde/dispatchSolution/weekAheadDispatchData/current/,ReferenceWeekAhead-DispatchSolution_202608050800.json,,json,$.data.solutionData[].priceSetting[].marketService,string,54,,plateau,energy
dispatchSolution,https://data.wa.aemo.com.au/public/market-data/wemde/dispatchSolution/weekAheadDispatchData/current/,ReferenceWeekAhead-DispatchSolution_202608050800.json,,json,$.data.solutionData[].prices,object,9,,plateau,
dispatchSolution,https://data.wa.aemo.com.au/public/market-data/wemde/dispatchSolution/weekAheadDispatchData/current/,ReferenceWeekAhead-DispatchSolution_202608050800.json,,json,$.data.solutionData[].prices.contingencyLower,number,9,,plateau,0.0
dispatchSolution,https://data.wa.aemo.com.au/public/market-data/wemde/dispatchSolution/weekAheadDispatchData/current/,ReferenceWeekAhead-DispatchSolution_202608050800.json,,json,$.data.solutionData[].prices.contingencyRaise,number,9,,plateau,0.0
dispatchSolution,https://data.wa.aemo.com.au/public/market-data/wemde/dispatchSolution/weekAheadDispatchData/current/,ReferenceWeekAhead-DispatchSolution_202608050800.json,,json,$.data.solutionData[].prices.energy,number,9,,plateau,124.43
dispatchSolution,https://data.wa.aemo.com.au/public/market-data/wemde/dispatchSolution/weekAheadDispatchData/current/,ReferenceWeekAhead-DispatchSolution_202608050800.json,,json,$.data.solutionData[].prices.regulationLower,number,9,,plateau,0.0
dispatchSolution,https://data.wa.aemo.com.au/public/market-data/wemde/dispatchSolution/weekAheadDispatchData/current/,ReferenceWeekAhead-DispatchSolution_202608050800.json,,json,$.data.solutionData[].prices.regulationRaise,number,9,,plateau,0.0
dispatchSolution,https://data.wa.aemo.com.au/public/market-data/wemde/dispatchSolution/weekAheadDispatchData/current/,ReferenceWeekAhead-DispatchSolution_202608050800.json,,json,$.data.solutionData[].prices.rocof,number,9,,plateau,0.0
dispatchSolution,https://data.wa.aemo.com.au/public/market-data/wemde/dispatchSolution/weekAheadDispatchData/current/,ReferenceWeekAhead-DispatchSolution_202608050800.json,,json,$.data.solutionData[].rocofControlRequirements,object,9,,plateau,
dispatchSolution,https://data.wa.aemo.com.au/public/market-data/wemde/dispatchSolution/weekAheadDispatchData/current/,ReferenceWeekAhead-DispatchSolution_202608050800.json,,json,$.data.solutionData[].rocofControlRequirements.additionalRocofControlRequirement,number,9,,plateau,7660.6
dispatchSolution,https://data.wa.aemo.com.au/public/market-data/wemde/dispatchSolution/weekAheadDispatchData/current/,ReferenceWeekAhead-DispatchSolution_202608050800.json,,json,$.data.solutionData[].rocofControlRequirements.minimumRocofControlRequirement,number,9,,plateau,5743.3
dispatchSolution,https://data.wa.aemo.com.au/public/market-data/wemde/dispatchSolution/weekAheadDispatchData/current/,ReferenceWeekAhead-DispatchSolution_202608050800.json,,json,$.data.solutionData[].rocofControlRequirements.rocofControlRequirement,number,9,,plateau,13403.9
dispatchSolution,https://data.wa.aemo.com.au/public/market-data/wemde/dispatchSolution/weekAheadDispatchData/current/,ReferenceWeekAhead-DispatchSolution_202608050800.json,,json,$.data.solutionData[].runId,string,10,,plateau,ab29ee9d-04de-4657-d1a3-08def2847dc3
dispatchSolution,https://data.wa.aemo.com.au/public/market-data/wemde/dispatchSolution/weekAheadDispatchData/current/,ReferenceWeekAhead-DispatchSolution_202608050800.json,,json,$.data.solutionData[].runIterationInformation,object,10,,plateau,
dispatchSolution,https://data.wa.aemo.com.au/public/market-data/wemde/dispatchSolution/weekAheadDispatchData/current/,ReferenceWeekAhead-DispatchSolution_202608050800.json,,json,$.data.solutionData[].runIterationInformation.fastStart,boolean,10,,plateau,False
dispatchSolution,https://data.wa.aemo.com.au/public/market-data/wemde/dispatchSolution/weekAheadDispatchData/current/,ReferenceWeekAhead-DispatchSolution_202608050800.json,,json,$.data.solutionData[].runIterationInformation.intervention,boolean,10,,plateau,False
dispatchSolution,https://data.wa.aemo.com.au/public/market-data/wemde/dispatchSolution/weekAheadDispatchData/current/,ReferenceWeekAhead-DispatchSolution_202608050800.json,,json,$.data.solutionData[].runIterationInformation.ocd,boolean,10,,plateau,False
dispatchSolution,https://data.wa.aemo.com.au/public/market-data/wemde/dispatchSolution/weekAheadDispatchData/current/,ReferenceWeekAhead-DispatchSolution_202608050800.json,,json,$.data.solutionData[].scenario,string,10,,plateau,Reference
dispatchSolution,https://data.wa.aemo.com.au/public/market-data/wemde/dispatchSolution/weekAheadDispatchData/current/,ReferenceWeekAhead-DispatchSolution_202608050800.json,,json,$.data.solutionData[].schedule,array,10,,plateau,
dispatchSolution,https://data.wa.aemo.com.au/public/market-data/wemde/dispatchSolution/weekAheadDispatchData/current/,ReferenceWeekAhead-DispatchSolution_202608050800.json,,json,$.data.solutionData[].schedule[],object,60,,plateau,
dispatchSolution,https://data.wa.aemo.com.au/public/market-data/wemde/dispatchSolution/weekAheadDispatchData/current/,ReferenceWeekAhead-DispatchSolution_202608050800.json,,json,$.data.solutionData[].schedule[].facilitySchedule,array,60,,plateau,
dispatchSolution,https://data.wa.aemo.com.au/public/market-data/wemde/dispatchSolution/weekAheadDispatchData/current/,ReferenceWeekAhead-DispatchSolution_202608050800.json,,json,$.data.solutionData[].schedule[].facilitySchedule[],object,2960,,plateau,
dispatchSolution,https://data.wa.aemo.com.au/public/market-data/wemde/dispatchSolution/weekAheadDispatchData/current/,ReferenceWeekAhead-DispatchSolution_202608050800.json,,json,$.data.solutionData[].schedule[].facilitySchedule[].essPreProcessingConditionFlag,boolean,1290,,plateau,False
dispatchSolution,https://data.wa.aemo.com.au/public/market-data/wemde/dispatchSolution/weekAheadDispatchData/current/,ReferenceWeekAhead-DispatchSolution_202608050800.json,,json,$.data.solutionData[].schedule[].facilitySchedule[].facilityCode,string,2960,,plateau,COCKBURN_CCG1
dispatchSolution,https://data.wa.aemo.com.au/public/market-data/wemde/dispatchSolution/weekAheadDispatchData/current/,ReferenceWeekAhead-DispatchSolution_202608050800.json,,json,$.data.solutionData[].schedule[].facilitySchedule[].quantity,number,2960,,plateau,0.0
dispatchSolution,https://data.wa.aemo.com.au/public/market-data/wemde/dispatchSolution/weekAheadDispatchData/current/,ReferenceWeekAhead-DispatchSolution_202608050800.json,,json,$.data.solutionData[].schedule[].marketService,string,60,,plateau,regulationLower
dispatchSolution,https://data.wa.aemo.com.au/public/market-data/wemde/dispatchSolution/weekAheadDispatchData/current/,ReferenceWeekAhead-DispatchSolution_202608050800.json,,json,$.data.solutionData[].solveFinishAsAtTS,string,10,,plateau,2026-08-05T08:00:01.4124607+08:00
dispatchSolution,https://data.wa.aemo.com.au/public/market-data/wemde/dispatchSolution/weekAheadDispatchData/current/,ReferenceWeekAhead-DispatchSolution_202608050800.json,,json,$.data.solutionData[].solveStartAsAtTS,string,10,,plateau,2026-08-05T08:00:00.6666314+08:00
dispatchSolution,https://data.wa.aemo.com.au/public/market-data/wemde/dispatchSolution/weekAheadDispatchData/current/,ReferenceWeekAhead-DispatchSolution_202608050800.json,,json,$.data.solutionData[].solveStatus,string,10,,plateau,Optimal
dispatchSolution,https://data.wa.aemo.com.au/public/market-data/wemde/dispatchSolution/weekAheadDispatchData/current/,ReferenceWeekAhead-DispatchSolution_202608050800.json,,json,$.data.solutionData[].status,string,10,,plateau,Normal
dispatchSolution,https://data.wa.aemo.com.au/public/market-data/wemde/dispatchSolution/weekAheadDispatchData/current/,ReferenceWeekAhead-DispatchSolution_202608050800.json,,json,$.data.solutionData[].trapeziumAdjustments,array,10,,plateau,
dispatchSolution,https://data.wa.aemo.com.au/public/market-data/wemde/dispatchSolution/weekAheadDispatchData/current/,ReferenceWeekAhead-DispatchSolution_202608050800.json,,json,$.data.solutionData[].trapeziumAdjustments[],object,60,,plateau,
dispatchSolution,https://data.wa.aemo.com.au/public/market-data/wemde/dispatchSolution/weekAheadDispatchData/current/,ReferenceWeekAhead-DispatchSolution_202608050800.json,,json,$.data.solutionData[].trapeziumAdjustments[].marketService,string,60,,plateau,regulationLower
dispatchSolution,https://data.wa.aemo.com.au/public/market-data/wemde/dispatchSolution/weekAheadDispatchData/current/,ReferenceWeekAhead-DispatchSolution_202608050800.json,,json,$.data.solutionData[].trapeziumAdjustments[].trapeziumAdjustmentDetails,array,60,,plateau,
dispatchSolution,https://data.wa.aemo.com.au/public/market-data/wemde/dispatchSolution/weekAheadDispatchData/current/,ReferenceWeekAhead-DispatchSolution_202608050800.json,,json,$.data.solutionData[].trapeziumAdjustments[].trapeziumAdjustmentDetails[],object,2960,,plateau,
dispatchSolution,https://data.wa.aemo.com.au/public/market-data/wemde/dispatchSolution/weekAheadDispatchData/current/,ReferenceWeekAhead-DispatchSolution_202608050800.json,,json,$.data.solutionData[].trapeziumAdjustments[].trapeziumAdjustmentDetails[].downwardsRampRateValueUsed,number,2960,,plateau,0.0
dispatchSolution,https://data.wa.aemo.com.au/public/market-data/wemde/dispatchSolution/weekAheadDispatchData/current/,ReferenceWeekAhead-DispatchSolution_202608050800.json,,json,$.data.solutionData[].trapeziumAdjustments[].trapeziumAdjustmentDetails[].enablementMaximumValueUsed,number,2960,,plateau,249.7
dispatchSolution,https://data.wa.aemo.com.au/public/market-data/wemde/dispatchSolution/weekAheadDispatchData/current/,ReferenceWeekAhead-DispatchSolution_202608050800.json,,json,$.data.solutionData[].trapeziumAdjustments[].trapeziumAdjustmentDetails[].enablementMinimumValueUsed,number,2960,,plateau,145.0
dispatchSolution,https://data.wa.aemo.com.au/public/market-data/wemde/dispatchSolution/weekAheadDispatchData/current/,ReferenceWeekAhead-DispatchSolution_202608050800.json,,json,$.data.solutionData[].trapeziumAdjustments[].trapeziumAdjustmentDetails[].facilityCode,string,2960,,plateau,COCKBURN_CCG1
dispatchSolution,https://data.wa.aemo.com.au/public/market-data/wemde/dispatchSolution/weekAheadDispatchData/current/,ReferenceWeekAhead-DispatchSolution_202608050800.json,,json,$.data.solutionData[].trapeziumAdjustments[].trapeziumAdjustmentDetails[].highBreakpointValueUsed,number,2960,,plateau,249.7
dispatchSolution,https://data.wa.aemo.com.au/public/market-data/wemde/dispatchSolution/weekAheadDispatchData/current/,ReferenceWeekAhead-DispatchSolution_202608050800.json,,json,$.data.solutionData[].trapeziumAdjustments[].trapeziumAdjustmentDetails[].lowBreakpointValueUsed,number,2960,,plateau,145.0
dispatchSolution,https://data.wa.aemo.com.au/public/market-data/wemde/dispatchSolution/weekAheadDispatchData/current/,ReferenceWeekAhead-DispatchSolution_202608050800.json,,json,$.data.solutionData[].trapeziumAdjustments[].trapeziumAdjustmentDetails[].upwardsRampRateValueUsed,number,2960,,plateau,0.0
dispatchSolution,https://data.wa.aemo.com.au/public/market-data/wemde/dispatchSolution/weekAheadDispatchData-AvailableCapacity/current/,AvailableCapacityWeekAhead-DispatchSolution_202608050800.json,,json,$,object,1,,plateau,
dispatchSolution,https://data.wa.aemo.com.au/public/market-data/wemde/dispatchSolution/weekAheadDispatchData-AvailableCapacity/current/,AvailableCapacityWeekAhead-DispatchSolution_202608050800.json,,json,$.data,object,1,,plateau,
dispatchSolution,https://data.wa.aemo.com.au/public/market-data/wemde/dispatchSolution/weekAheadDispatchData-AvailableCapacity/current/,AvailableCapacityWeekAhead-DispatchSolution_202608050800.json,,json,$.data.dispatchDataIssueID,string,1,,plateau,20260805090015258_2287
dispatchSolution,https://data.wa.aemo.com.au/public/market-data/wemde/dispatchSolution/weekAheadDispatchData-AvailableCapacity/current/,AvailableCapacityWeekAhead-DispatchSolution_202608050800.json,,json,$.data.primaryDispatchInterval,string,1,,plateau,2026-08-05T08:00:00+08:00
dispatchSolution,https://data.wa.aemo.com.au/public/market-data/wemde/dispatchSolution/weekAheadDispatchData-AvailableCapacity/current/,AvailableCapacityWeekAhead-DispatchSolution_202608050800.json,,json,$.data.solutionData,array,1,,plateau,
dispatchSolution,https://data.wa.aemo.com.au/public/market-data/wemde/dispatchSolution/weekAheadDispatchData-AvailableCapacity/current/,AvailableCapacityWeekAhead-DispatchSolution_202608050800.json,,json,$.data.solutionData[],object,10,,plateau,
dispatchSolution,https://data.wa.aemo.com.au/public/market-data/wemde/dispatchSolution/weekAheadDispatchData-AvailableCapacity/current/,AvailableCapacityWeekAhead-DispatchSolution_202608050800.json,,json,$.data.solutionData[].availableQuantities,object,9,,plateau,
dispatchSolution,https://data.wa.aemo.com.au/public/market-data/wemde/dispatchSolution/weekAheadDispatchData-AvailableCapacity/current/,AvailableCapacityWeekAhead-DispatchSolution_202608050800.json,,json,$.data.solutionData[].availableQuantities.contingencyLower,number,9,,plateau,206.3
dispatchSolution,https://data.wa.aemo.com.au/public/market-data/wemde/dispatchSolution/weekAheadDispatchData-AvailableCapacity/current/,AvailableCapacityWeekAhead-DispatchSolution_202608050800.json,,json,$.data.solutionData[].availableQuantities.contingencyRaise,number,9,,plateau,201.3
dispatchSolution,https://data.wa.aemo.com.au/public/market-data/wemde/dispatchSolution/weekAheadDispatchData-AvailableCapacity/current/,AvailableCapacityWeekAhead-DispatchSolution_202608050800.json,,json,$.data.solutionData[].availableQuantities.energyInjectionCapacity,number,9,,plateau,531.652
dispatchSolution,https://data.wa.aemo.com.au/public/market-data/wemde/dispatchSolution/weekAheadDispatchData-AvailableCapacity/current/,AvailableCapacityWeekAhead-DispatchSolution_202608050800.json,,json,$.data.solutionData[].availableQuantities.energyWithdrawalCapacity,number,9,,plateau,0.0
dispatchSolution,https://data.wa.aemo.com.au/public/market-data/wemde/dispatchSolution/weekAheadDispatchData-AvailableCapacity/current/,AvailableCapacityWeekAhead-DispatchSolution_202608050800.json,,json,$.data.solutionData[].availableQuantities.regulationLower,number,9,,plateau,240.6
dispatchSolution,https://data.wa.aemo.com.au/public/market-data/wemde/dispatchSolution/weekAheadDispatchData-AvailableCapacity/current/,AvailableCapacityWeekAhead-DispatchSolution_202608050800.json,,json,$.data.solutionData[].availableQuantities.regulationRaise,number,9,,plateau,240.6
dispatchSolution,https://data.wa.aemo.com.au/public/market-data/wemde/dispatchSolution/weekAheadDispatchData-AvailableCapacity/current/,AvailableCapacityWeekAhead-DispatchSolution_202608050800.json,,json,$.data.solutionData[].availableQuantities.rocof,number,9,,plateau,2036.0
dispatchSolution,https://data.wa.aemo.com.au/public/market-data/wemde/dispatchSolution/weekAheadDispatchData-AvailableCapacity/current/,AvailableCapacityWeekAhead-DispatchSolution_202608050800.json,,json,$.data.solutionData[].constraints,array,10,,plateau,
dispatchSolution,https://data.wa.aemo.com.au/public/market-data/wemde/dispatchSolution/weekAheadDispatchData-AvailableCapacity/current/,AvailableCapacityWeekAhead-DispatchSolution_202608050800.json,,json,$.data.solutionData[].constraints[],object,23603,,plateau,
dispatchSolution,https://data.wa.aemo.com.au/public/market-data/wemde/dispatchSolution/weekAheadDispatchData-AvailableCapacity/current/,AvailableCapacityWeekAhead-DispatchSolution_202608050800.json,,json,$.data.solutionData[].constraints[].bindingConstraintFlag,boolean,23603,,plateau,True
dispatchSolution,https://data.wa.aemo.com.au/public/market-data/wemde/dispatchSolution/weekAheadDispatchData-AvailableCapacity/current/,AvailableCapacityWeekAhead-DispatchSolution_202608050800.json,,json,$.data.solutionData[].constraints[].constraintType,string,23603,,plateau,Formulation
dispatchSolution,https://data.wa.aemo.com.au/public/market-data/wemde/dispatchSolution/weekAheadDispatchData-AvailableCapacity/current/,AvailableCapacityWeekAhead-DispatchSolution_202608050800.json,,json,$.data.solutionData[].constraints[].defaultRhs,number,23603,,plateau,0.0
dispatchSolution,https://data.wa.aemo.com.au/public/market-data/wemde/dispatchSolution/weekAheadDispatchData-AvailableCapacity/current/,AvailableCapacityWeekAhead-DispatchSolution_202608050800.json,,json,$.data.solutionData[].constraints[].description,string,23603,,plateau,System Energy Balance
dispatchSolution,https://data.wa.aemo.com.au/public/market-data/wemde/dispatchSolution/weekAheadDispatchData-AvailableCapacity/current/,AvailableCapacityWeekAhead-DispatchSolution_202608050800.json,,json,$.data.solutionData[].constraints[].id,string,23603,,plateau,SystemEnergyBalance
dispatchSolution,https://data.wa.aemo.com.au/public/market-data/wemde/dispatchSolution/weekAheadDispatchData-AvailableCapacity/current/,AvailableCapacityWeekAhead-DispatchSolution_202608050800.json,,json,$.data.solutionData[].constraints[].isInterventionEvent,boolean,23602,,plateau,False
dispatchSolution,https://data.wa.aemo.com.au/public/market-data/wemde/dispatchSolution/weekAheadDispatchData-AvailableCapacity/current/,AvailableCapacityWeekAhead-DispatchSolution_202608050800.json,,json,$.data.solutionData[].constraints[].leftHandSideValue,number,23603,,plateau,2368.838
dispatchSolution,https://data.wa.aemo.com.au/public/market-data/wemde/dispatchSolution/weekAheadDispatchData-AvailableCapacity/current/,AvailableCapacityWeekAhead-DispatchSolution_202608050800.json,,json,$.data.solutionData[].constraints[].nearBindingConstraintFlag,boolean,23602,,plateau,True
dispatchSolution,https://data.wa.aemo.com.au/public/market-data/wemde/dispatchSolution/weekAheadDispatchData-AvailableCapacity/current/,AvailableCapacityWeekAhead-DispatchSolution_202608050800.json,,json,$.data.solutionData[].constraints[].operator,string,23603,,plateau,EqualTo
dispatchSolution,https://data.wa.aemo.com.au/public/market-data/wemde/dispatchSolution/weekAheadDispatchData-AvailableCapacity/current/,AvailableCapacityWeekAhead-DispatchSolution_202608050800.json,,json,$.data.solutionData[].constraints[].rightHandSideValue,number,23603,,plateau,2368.838
dispatchSolution,https://data.wa.aemo.com.au/public/market-data/wemde/dispatchSolution/weekAheadDispatchData-AvailableCapacity/current/,AvailableCapacityWeekAhead-DispatchSolution_202608050800.json,,json,$.data.solutionData[].constraints[].shadowPrice,number,23602,,plateau,125.03
dispatchSolution,https://data.wa.aemo.com.au/public/market-data/wemde/dispatchSolution/weekAheadDispatchData-AvailableCapacity/current/,AvailableCapacityWeekAhead-DispatchSolution_202608050800.json,,json,$.data.solutionData[].constraints[].slackVariables,array,21060,,plateau,
dispatchSolution,https://data.wa.aemo.com.au/public/market-data/wemde/dispatchSolution/weekAheadDispatchData-AvailableCapacity/current/,AvailableCapacityWeekAhead-DispatchSolution_202608050800.json,,json,$.data.solutionData[].constraints[].slackVariables[],object,22111,,plateau,
dispatchSolution,https://data.wa.aemo.com.au/public/market-data/wemde/dispatchSolution/weekAheadDispatchData-AvailableCapacity/current/,AvailableCapacityWeekAhead-DispatchSolution_202608050800.json,,json,$.data.solutionData[].constraints[].slackVariables[].value,number,22111,,plateau,0.0
dispatchSolution,https://data.wa.aemo.com.au/public/market-data/wemde/dispatchSolution/weekAheadDispatchData-AvailableCapacity/current/,AvailableCapacityWeekAhead-DispatchSolution_202608050800.json,,json,$.data.solutionData[].constraints[].slackVariables[].variable,string,22111,,plateau,EnergyBalance_SlackDeficit
dispatchSolution,https://data.wa.aemo.com.au/public/market-data/wemde/dispatchSolution/weekAheadDispatchData-AvailableCapacity/current/,AvailableCapacityWeekAhead-DispatchSolution_202608050800.json,,json,$.data.solutionData[].contingencySolution,object,9,,plateau,
dispatchSolution,https://data.wa.aemo.com.au/public/market-data/wemde/dispatchSolution/weekAheadDispatchData-AvailableCapacity/current/,AvailableCapacityWeekAhead-DispatchSolution_202608050800.json,,json,$.data.solutionData[].contingencySolution.clearedContingencyLower,number,9,,plateau,36.885
dispatchSolution,https://data.wa.aemo.com.au/public/market-data/wemde/dispatchSolution/weekAheadDispatchData-AvailableCapacity/current/,AvailableCapacityWeekAhead-DispatchSolution_202608050800.json,,json,$.data.solutionData[].contingencySolution.clearedContingencyRaise,number,9,,plateau,308.994
dispatchSolution,https://data.wa.aemo.com.au/public/market-data/wemde/dispatchSolution/weekAheadDispatchData-AvailableCapacity/current/,AvailableCapacityWeekAhead-DispatchSolution_202608050800.json,,json,$.data.solutionData[].contingencySolution.contingencyLowerDeficit,number,9,,plateau,0.0
dispatchSolution,https://data.wa.aemo.com.au/public/market-data/wemde/dispatchSolution/weekAheadDispatchData-AvailableCapacity/current/,AvailableCapacityWeekAhead-DispatchSolution_202608050800.json,,json,$.data.solutionData[].contingencySolution.contingencyLowerOffset,number,9,,plateau,91.979
dispatchSolution,https://data.wa.aemo.com.au/public/market-data/wemde/dispatchSolution/weekAheadDispatchData-AvailableCapacity/current/,AvailableCapacityWeekAhead-DispatchSolution_202608050800.json,,json,$.data.solutionData[].contingencySolution.contingencyLowerRequirement,number,9,,plateau,36.885
dispatchSolution,https://data.wa.aemo.com.au/public/market-data/wemde/dispatchSolution/weekAheadDispatchData-AvailableCapacity/current/,AvailableCapacityWeekAhead-DispatchSolution_202608050800.json,,json,$.data.solutionData[].contingencySolution.contingencyRaiseDeficit,number,9,,plateau,0.0
dispatchSolution,https://data.wa.aemo.com.au/public/market-data/wemde/dispatchSolution/weekAheadDispatchData-AvailableCapacity/current/,AvailableCapacityWeekAhead-DispatchSolution_202608050800.json,,json,$.data.solutionData[].contingencySolution.contingencyRaiseOffset,number,9,,plateau,75.02
dispatchSolution,https://data.wa.aemo.com.au/public/market-data/wemde/dispatchSolution/weekAheadDispatchData-AvailableCapacity/current/,AvailableCapacityWeekAhead-DispatchSolution_202608050800.json,,json,$.data.solutionData[].contingencySolution.contingencyRaiseRequirement,number,9,,plateau,305.744
dispatchSolution,https://data.wa.aemo.com.au/public/market-data/wemde/dispatchSolution/weekAheadDispatchData-AvailableCapacity/current/,AvailableCapacityWeekAhead-DispatchSolution_202608050800.json,,json,$.data.solutionData[].contingencySolution.demandLevel,number,9,,plateau,2600.0
dispatchSolution,https://data.wa.aemo.com.au/public/market-data/wemde/dispatchSolution/weekAheadDispatchData-AvailableCapacity/current/,AvailableCapacityWeekAhead-DispatchSolution_202608050800.json,,json,$.data.solutionData[].contingencySolution.dpvLevel,number,9,,plateau,510.0
dispatchSolution,https://data.wa.aemo.com.au/public/market-data/wemde/dispatchSolution/weekAheadDispatchData-AvailableCapacity/current/,AvailableCapacityWeekAhead-DispatchSolution_202608050800.json,,json,$.data.solutionData[].contingencySolution.largestContingency,number,9,,plateau,380.764
dispatchSolution,https://data.wa.aemo.com.au/public/market-data/wemde/dispatchSolution/weekAheadDispatchData-AvailableCapacity/current/,AvailableCapacityWeekAhead-DispatchSolution_202608050800.json,,json,$.data.solutionData[].contingencySolution.largestLoadContingency,number,9,,plateau,128.864
dispatchSolution,https://data.wa.aemo.com.au/public/market-data/wemde/dispatchSolution/weekAheadDispatchData-AvailableCapacity/current/,AvailableCapacityWeekAhead-DispatchSolution_202608050800.json,,json,$.data.solutionData[].contingencySolution.solvedContingency,number,9,,plateau,420.0
dispatchSolution,https://data.wa.aemo.com.au/public/market-data/wemde/dispatchSolution/weekAheadDispatchData-AvailableCapacity/current/,AvailableCapacityWeekAhead-DispatchSolution_202608050800.json,,json,$.data.solutionData[].contingencySolution.solvedInertia,number,9,,plateau,9750.0
dispatchSolution,https://data.wa.aemo.com.au/public/market-data/wemde/dispatchSolution/weekAheadDispatchData-AvailableCapacity/current/,AvailableCapacityWeekAhead-DispatchSolution_202608050800.json,,json,$.data.solutionData[].definedContingency,array,10,,plateau,
dispatchSolution,https://data.wa.aemo.com.au/public/market-data/wemde/dispatchSolution/weekAheadDispatchData-AvailableCapacity/current/,AvailableCapacityWeekAhead-DispatchSolution_202608050800.json,,json,$.data.solutionData[].definedContingency[],object,90,,plateau,
dispatchSolution,https://data.wa.aemo.com.au/public/market-data/wemde/dispatchSolution/weekAheadDispatchData-AvailableCapacity/current/,AvailableCapacityWeekAhead-DispatchSolution_202608050800.json,,json,$.data.solutionData[].definedContingency[].id,string,90,,plateau,"NIL, On(NBT T2) * {NBT-NT 91, SPS_MARNET} [SupplyRisk]"
dispatchSolution,https://data.wa.aemo.com.au/public/market-data/wemde/dispatchSolution/weekAheadDispatchData-AvailableCapacity/current/,AvailableCapacityWeekAhead-DispatchSolution_202608050800.json,,json,$.data.solutionData[].definedContingency[].valueOfContingency,number,90,,plateau,-45.02
dispatchSolution,https://data.wa.aemo.com.au/public/market-data/wemde/dispatchSolution/weekAheadDispatchData-AvailableCapacity/current/,AvailableCapacityWeekAhead-DispatchSolution_202608050800.json,,json,$.data.solutionData[].definedLoadContingency,array,9,,plateau,
dispatchSolution,https://data.wa.aemo.com.au/public/market-data/wemde/dispatchSolution/weekAheadDispatchData-AvailableCapacity/current/,AvailableCapacityWeekAhead-DispatchSolution_202608050800.json,,json,$.data.solutionData[].definedLoadContingency[],object,72,,plateau,
dispatchSolution,https://data.wa.aemo.com.au/public/market-data/wemde/dispatchSolution/weekAheadDispatchData-AvailableCapacity/current/,AvailableCapacityWeekAhead-DispatchSolution_202608050800.json,,json,$.data.solutionData[].definedLoadContingency[].associatedFacilities,array,72,,plateau,
dispatchSolution,https://data.wa.aemo.com.au/public/market-data/wemde/dispatchSolution/weekAheadDispatchData-AvailableCapacity/current/,AvailableCapacityWeekAhead-DispatchSolution_202608050800.json,,json,$.data.solutionData[].definedLoadContingency[].associatedFacilities[],object,225,,plateau,
dispatchSolution,https://data.wa.aemo.com.au/public/market-data/wemde/dispatchSolution/weekAheadDispatchData-AvailableCapacity/current/,AvailableCapacityWeekAhead-DispatchSolution_202608050800.json,,json,$.data.solutionData[].definedLoadContingency[].associatedFacilities[].contribution,number,225,,plateau,0.0
dispatchSolution,https://data.wa.aemo.com.au/public/market-data/wemde/dispatchSolution/weekAheadDispatchData-AvailableCapacity/current/,AvailableCapacityWeekAhead-DispatchSolution_202608050800.json,,json,$.data.solutionData[].definedLoadContingency[].associatedFacilities[].facilityCode,string,225,,plateau,COLLIE_BESS2
dispatchSolution,https://data.wa.aemo.com.au/public/market-data/wemde/dispatchSolution/weekAheadDispatchData-AvailableCapacity/current/,AvailableCapacityWeekAhead-DispatchSolution_202608050800.json,,json,$.data.solutionData[].definedLoadContingency[].associatedFacilities[].marketService,string,225,,plateau,energy
dispatchSolution,https://data.wa.aemo.com.au/public/market-data/wemde/dispatchSolution/weekAheadDispatchData-AvailableCapacity/current/,AvailableCapacityWeekAhead-DispatchSolution_202608050800.json,,json,$.data.solutionData[].definedLoadContingency[].id,string,72,,plateau,"NIL * {SHO-WLT-PMB 91, SPS_BGM} [LoadRisk]"
dispatchSolution,https://data.wa.aemo.com.au/public/market-data/wemde/dispatchSolution/weekAheadDispatchData-AvailableCapacity/current/,AvailableCapacityWeekAhead-DispatchSolution_202608050800.json,,json,$.data.solutionData[].definedLoadContingency[].loadContribution,number,72,,plateau,39.40400000000001
dispatchSolution,https://data.wa.aemo.com.au/public/market-data/wemde/dispatchSolution/weekAheadDispatchData-AvailableCapacity/current/,AvailableCapacityWeekAhead-DispatchSolution_202608050800.json,,json,$.data.solutionData[].definedLoadContingency[].valueOfContingency,number,72,,plateau,128.864
dispatchSolution,https://data.wa.aemo.com.au/public/market-data/wemde/dispatchSolution/weekAheadDispatchData-AvailableCapacity/current/,AvailableCapacityWeekAhead-DispatchSolution_202608050800.json,,json,$.data.solutionData[].dispatchCaps,array,10,,plateau,
dispatchSolution,https://data.wa.aemo.com.au/public/market-data/wemde/dispatchSolution/weekAheadDispatchData-AvailableCapacity/current/,AvailableCapacityWeekAhead-DispatchSolution_202608050800.json,,json,$.data.solutionData[].dispatchCaps[],object,130,,plateau,
dispatchSolution,https://data.wa.aemo.com.au/public/market-data/wemde/dispatchSolution/weekAheadDispatchData-AvailableCapacity/current/,AvailableCapacityWeekAhead-DispatchSolution_202608050800.json,,json,$.data.solutionData[].dispatchCaps[].dispatchCap,number,130,,plateau,80.0
dispatchSolution,https://data.wa.aemo.com.au/public/market-data/wemde/dispatchSolution/weekAheadDispatchData-AvailableCapacity/current/,AvailableCapacityWeekAhead-DispatchSolution_202608050800.json,,json,$.data.solutionData[].dispatchCaps[].facilityCode,string,130,,plateau,EDWFMAN_WF1
dispatchSolution,https://data.wa.aemo.com.au/public/market-data/wemde/dispatchSolution/weekAheadDispatchData-AvailableCapacity/current/,AvailableCapacityWeekAhead-DispatchSolution_202608050800.json,,json,$.data.solutionData[].dispatchInterval,string,10,,plateau,2026-08-05T08:00:00+08:00
dispatchSolution,https://data.wa.aemo.com.au/public/market-data/wemde/dispatchSolution/weekAheadDispatchData-AvailableCapacity/current/,AvailableCapacityWeekAhead-DispatchSolution_202608050800.json,,json,$.data.solutionData[].dispatchRunId,string,10,,plateau,a77d5566-9325-44ef-ad1d-08def284c54c
dispatchSolution,https://data.wa.aemo.com.au/public/market-data/wemde/dispatchSolution/weekAheadDispatchData-AvailableCapacity/current/,AvailableCapacityWeekAhead-DispatchSolution_202608050800.json,,json,$.data.solutionData[].dispatchTotal,object,9,,plateau,
dispatchSolution,https://data.wa.aemo.com.au/public/market-data/wemde/dispatchSolution/weekAheadDispatchData-AvailableCapacity/current/,AvailableCapacityWeekAhead-DispatchSolution_202608050800.json,,json,$.data.solutionData[].dispatchTotal.contingencyLower,number,9,,plateau,36.885
dispatchSolution,https://data.wa.aemo.com.au/public/market-data/wemde/dispatchSolution/weekAheadDispatchData-AvailableCapacity/current/,AvailableCapacityWeekAhead-DispatchSolution_202608050800.json,,json,$.data.solutionData[].dispatchTotal.contingencyRaise,number,9,,plateau,308.994
dispatchSolution,https://data.wa.aemo.com.au/public/market-data/wemde/dispatchSolution/weekAheadDispatchData-AvailableCapacity/current/,AvailableCapacityWeekAhead-DispatchSolution_202608050800.json,,json,$.data.solutionData[].dispatchTotal.energyInjectionCapacity,number,9,,plateau,2368.838
dispatchSolution,https://data.wa.aemo.com.au/public/market-data/wemde/dispatchSolution/weekAheadDispatchData-AvailableCapacity/current/,AvailableCapacityWeekAhead-DispatchSolution_202608050800.json,,json,$.data.solutionData[].dispatchTotal.energyWithdrawalCapacity,number,9,,plateau,0.0
dispatchSolution,https://data.wa.aemo.com.au/public/market-data/wemde/dispatchSolution/weekAheadDispatchData-AvailableCapacity/current/,AvailableCapacityWeekAhead-DispatchSolution_202608050800.json,,json,$.data.solutionData[].dispatchTotal.regulationLower,number,9,,plateau,110.0
dispatchSolution,https://data.wa.aemo.com.au/public/market-data/wemde/dispatchSolution/weekAheadDispatchData-AvailableCapacity/current/,AvailableCapacityWeekAhead-DispatchSolution_202608050800.json,,json,$.data.solutionData[].dispatchTotal.regulationRaise,number,9,,plateau,110.0
dispatchSolution,https://data.wa.aemo.com.au/public/market-data/wemde/dispatchSolution/weekAheadDispatchData-AvailableCapacity/current/,AvailableCapacityWeekAhead-DispatchSolution_202608050800.json,,json,$.data.solutionData[].dispatchTotal.rocof,number,9,,plateau,13403.9
dispatchSolution,https://data.wa.aemo.com.au/public/market-data/wemde/dispatchSolution/weekAheadDispatchData-AvailableCapacity/current/,AvailableCapacityWeekAhead-DispatchSolution_202608050800.json,,json,$.data.solutionData[].dispatchType,string,10,,plateau,Week-Ahead
dispatchSolution,https://data.wa.aemo.com.au/public/market-data/wemde/dispatchSolution/weekAheadDispatchData-AvailableCapacity/current/,AvailableCapacityWeekAhead-DispatchSolution_202608050800.json,,json,$.data.solutionData[].facilityScheduleDetails,array,10,,plateau,
dispatchSolution,https://data.wa.aemo.com.au/public/market-data/wemde/dispatchSolution/weekAheadDispatchData-AvailableCapacity/current/,AvailableCapacityWeekAhead-DispatchSolution_202608050800.json,,json,$.data.solutionData[].facilityScheduleDetails[],object,1710,,plateau,
dispatchSolution,https://data.wa.aemo.com.au/public/market-data/wemde/dispatchSolution/weekAheadDispatchData-AvailableCapacity/current/,AvailableCapacityWeekAhead-DispatchSolution_202608050800.json,,json,$.data.solutionData[].facilityScheduleDetails[].congestionRental,number,1710,,plateau,0.0
dispatchSolution,https://data.wa.aemo.com.au/public/market-data/wemde/dispatchSolution/weekAheadDispatchData-AvailableCapacity/current/,AvailableCapacityWeekAhead-DispatchSolution_202608050800.json,,json,$.data.solutionData[].facilityScheduleDetails[].contingency,number,1710,,plateau,40.829
dispatchSolution,https://data.wa.aemo.com.au/public/market-data/wemde/dispatchSolution/weekAheadDispatchData-AvailableCapacity/current/,AvailableCapacityWeekAhead-DispatchSolution_202608050800.json,,json,$.data.solutionData[].facilityScheduleDetails[].contingencyLowerPF,number,1710,,plateau,1.0
dispatchSolution,https://data.wa.aemo.com.au/public/market-data/wemde/dispatchSolution/weekAheadDispatchData-AvailableCapacity/current/,AvailableCapacityWeekAhead-DispatchSolution_202608050800.json,,json,$.data.solutionData[].facilityScheduleDetails[].contingencyRaisePF,number,1710,,plateau,0.0
dispatchSolution,https://data.wa.aemo.com.au/public/market-data/wemde/dispatchSolution/weekAheadDispatchData-AvailableCapacity/current/,AvailableCapacityWeekAhead-DispatchSolution_202608050800.json,,json,$.data.solutionData[].facilityScheduleDetails[].estimatedFcessUpliftPayment,number,1710,,plateau,0.0
dispatchSolution,https://data.wa.aemo.com.au/public/market-data/wemde/dispatchSolution/weekAheadDispatchData-AvailableCapacity/current/,AvailableCapacityWeekAhead-DispatchSolution_202608050800.json,,json,$.data.solutionData[].facilityScheduleDetails[].facilityCode,string,1710,,plateau,ALCOA_WGP
dispatchSolution,https://data.wa.aemo.com.au/public/market-data/wemde/dispatchSolution/weekAheadDispatchData-AvailableCapacity/current/,AvailableCapacityWeekAhead-DispatchSolution_202608050800.json,,json,$.data.solutionData[].facilityScheduleDetails[].facilityLowerRisk,number,1710,,plateau,0.0
dispatchSolution,https://data.wa.aemo.com.au/public/market-data/wemde/dispatchSolution/weekAheadDispatchData-AvailableCapacity/current/,AvailableCapacityWeekAhead-DispatchSolution_202608050800.json,,json,$.data.solutionData[].facilityScheduleDetails[].facilityRisk,number,1710,,plateau,0.0
dispatchSolution,https://data.wa.aemo.com.au/public/market-data/wemde/dispatchSolution/weekAheadDispatchData-AvailableCapacity/current/,AvailableCapacityWeekAhead-DispatchSolution_202608050800.json,,json,$.data.solutionData[].facilityScheduleDetails[].fastStartFlag,boolean,1710,,plateau,False
dispatchSolution,https://data.wa.aemo.com.au/public/market-data/wemde/dispatchSolution/weekAheadDispatchData-AvailableCapacity/current/,AvailableCapacityWeekAhead-DispatchSolution_202608050800.json,,json,$.data.solutionData[].facilityScheduleDetails[].fastStartInitialMode,number,1710,,plateau,0
dispatchSolution,https://data.wa.aemo.com.au/public/market-data/wemde/dispatchSolution/weekAheadDispatchData-AvailableCapacity/current/,AvailableCapacityWeekAhead-DispatchSolution_202608050800.json,,json,$.data.solutionData[].facilityScheduleDetails[].fastStartInitialModeTime,number,1710,,plateau,0
dispatchSolution,https://data.wa.aemo.com.au/public/market-data/wemde/dispatchSolution/weekAheadDispatchData-AvailableCapacity/current/,AvailableCapacityWeekAhead-DispatchSolution_202608050800.json,,json,$.data.solutionData[].facilityScheduleDetails[].fastStartTargetMode,number,1710,,plateau,0
dispatchSolution,https://data.wa.aemo.com.au/public/market-data/wemde/dispatchSolution/weekAheadDispatchData-AvailableCapacity/current/,AvailableCapacityWeekAhead-DispatchSolution_202608050800.json,,json,$.data.solutionData[].facilityScheduleDetails[].fastStartTargetModeTime,number,1710,,plateau,0
dispatchSolution,https://data.wa.aemo.com.au/public/market-data/wemde/dispatchSolution/weekAheadDispatchData-AvailableCapacity/current/,AvailableCapacityWeekAhead-DispatchSolution_202608050800.json,,json,$.data.solutionData[].facilityScheduleDetails[].initialMw,number,1710,,plateau,1.5
dispatchSolution,https://data.wa.aemo.com.au/public/market-data/wemde/dispatchSolution/weekAheadDispatchData-AvailableCapacity/current/,AvailableCapacityWeekAhead-DispatchSolution_202608050800.json,,json,$.data.solutionData[].facilityScheduleDetails[].loadContingency,number,1710,,plateau,0.0
dispatchSolution,https://data.wa.aemo.com.au/public/market-data/wemde/dispatchSolution/weekAheadDispatchData-AvailableCapacity/current/,AvailableCapacityWeekAhead-DispatchSolution_202608050800.json,,json,$.data.solutionData[].facilityScheduleDetails[].nolDemand,number,1710,,plateau,0.0
dispatchSolution,https://data.wa.aemo.com.au/public/market-data/wemde/dispatchSolution/weekAheadDispatchData-AvailableCapacity/current/,AvailableCapacityWeekAhead-DispatchSolution_202608050800.json,,json,$.data.solutionData[].facilityScheduleDetails[].projectedChargeLevel,null|number,1710,,plateau,-119.206
dispatchSolution,https://data.wa.aemo.com.au/public/market-data/wemde/dispatchSolution/weekAheadDispatchData-AvailableCapacity/current/,AvailableCapacityWeekAhead-DispatchSolution_202608050800.json,,json,$.data.solutionData[].facilityScheduleDetails[].projectedDischargeLevel,null|number,1710,,plateau,62.214
dispatchSolution,https://data.wa.aemo.com.au/public/market-data/wemde/dispatchSolution/weekAheadDispatchData-AvailableCapacity/current/,AvailableCapacityWeekAhead-DispatchSolution_202608050800.json,,json,$.data.solutionData[].facilityScheduleDetails[].regulationLowerPF,number,1710,,plateau,1.0
dispatchSolution,https://data.wa.aemo.com.au/public/market-data/wemde/dispatchSolution/weekAheadDispatchData-AvailableCapacity/current/,AvailableCapacityWeekAhead-DispatchSolution_202608050800.json,,json,$.data.solutionData[].facilityScheduleDetails[].regulationRaisePF,number,1710,,plateau,1.0
dispatchSolution,https://data.wa.aemo.com.au/public/market-data/wemde/dispatchSolution/weekAheadDispatchData-AvailableCapacity/current/,AvailableCapacityWeekAhead-DispatchSolution_202608050800.json,,json,$.data.solutionData[].facilityScheduleDetails[].rocofPF,number,1710,,plateau,1.0
dispatchSolution,https://data.wa.aemo.com.au/public/market-data/wemde/dispatchSolution/weekAheadDispatchData-AvailableCapacity/current/,AvailableCapacityWeekAhead-DispatchSolution_202608050800.json,,json,$.data.solutionData[].fcessMarketClearingPriceCeilings,array,9,,plateau,
dispatchSolution,https://data.wa.aemo.com.au/public/market-data/wemde/dispatchSolution/weekAheadDispatchData-AvailableCapacity/current/,AvailableCapacityWeekAhead-DispatchSolution_202608050800.json,,json,$.data.solutionData[].fcessMarketClearingPriceCeilings[],object,45,,plateau,
dispatchSolution,https://data.wa.aemo.com.au/public/market-data/wemde/dispatchSolution/weekAheadDispatchData-AvailableCapacity/current/,AvailableCapacityWeekAhead-DispatchSolution_202608050800.json,,json,$.data.solutionData[].fcessMarketClearingPriceCeilings[].fcessMarketService,string,45,,plateau,regulationRaise
dispatchSolution,https://data.wa.aemo.com.au/public/market-data/wemde/dispatchSolution/weekAheadDispatchData-AvailableCapacity/current/,AvailableCapacityWeekAhead-DispatchSolution_202608050800.json,,json,$.data.solutionData[].fcessMarketClearingPriceCeilings[].priceCeiling,number,45,,plateau,2423.0
dispatchSolution,https://data.wa.aemo.com.au/public/market-data/wemde/dispatchSolution/weekAheadDispatchData-AvailableCapacity/current/,AvailableCapacityWeekAhead-DispatchSolution_202608050800.json,,json,$.data.solutionData[].inServiceQuantities,object,9,,plateau,
dispatchSolution,https://data.wa.aemo.com.au/public/market-data/wemde/dispatchSolution/weekAheadDispatchData-AvailableCapacity/current/,AvailableCapacityWeekAhead-DispatchSolution_202608050800.json,,json,$.data.solutionData[].inServiceQuantities.contingencyLower,number,9,,plateau,1374.499
dispatchSolution,https://data.wa.aemo.com.au/public/market-data/wemde/dispatchSolution/weekAheadDispatchData-AvailableCapacity/current/,AvailableCapacityWeekAhead-DispatchSolution_202608050800.json,,json,$.data.solutionData[].inServiceQuantities.contingencyRaise,number,9,,plateau,1282.394
dispatchSolution,https://data.wa.aemo.com.au/public/market-data/wemde/dispatchSolution/weekAheadDispatchData-AvailableCapacity/current/,AvailableCapacityWeekAhead-DispatchSolution_202608050800.json,,json,$.data.solutionData[].inServiceQuantities.energyInjectionCapacity,number,9,,plateau,4910.606
dispatchSolution,https://data.wa.aemo.com.au/public/market-data/wemde/dispatchSolution/weekAheadDispatchData-AvailableCapacity/current/,AvailableCapacityWeekAhead-DispatchSolution_202608050800.json,,json,$.data.solutionData[].inServiceQuantities.energyWithdrawalCapacity,number,9,,plateau,-1100.0
dispatchSolution,https://data.wa.aemo.com.au/public/market-data/wemde/dispatchSolution/weekAheadDispatchData-AvailableCapacity/current/,AvailableCapacityWeekAhead-DispatchSolution_202608050800.json,,json,$.data.solutionData[].inServiceQuantities.regulationLower,number,9,,plateau,789.43
dispatchSolution,https://data.wa.aemo.com.au/public/market-data/wemde/dispatchSolution/weekAheadDispatchData-AvailableCapacity/current/,AvailableCapacityWeekAhead-DispatchSolution_202608050800.json,,json,$.data.solutionData[].inServiceQuantities.regulationRaise,number,9,,plateau,789.43
dispatchSolution,https://data.wa.aemo.com.au/public/market-data/wemde/dispatchSolution/weekAheadDispatchData-AvailableCapacity/current/,AvailableCapacityWeekAhead-DispatchSolution_202608050800.json,,json,$.data.solutionData[].inServiceQuantities.rocof,number,9,,plateau,13403.9
dispatchSolution,https://data.wa.aemo.com.au/public/market-data/wemde/dispatchSolution/weekAheadDispatchData-AvailableCapacity/current/,AvailableCapacityWeekAhead-DispatchSolution_202608050800.json,,json,$.data.solutionData[].marketServiceRequirements,object,9,,plateau,
dispatchSolution,https://data.wa.aemo.com.au/public/market-data/wemde/dispatchSolution/weekAheadDispatchData-AvailableCapacity/current/,AvailableCapacityWeekAhead-DispatchSolution_202608050800.json,,json,$.data.solutionData[].marketServiceRequirements.contingencyLower,number,9,,plateau,36.885
dispatchSolution,https://data.wa.aemo.com.au/public/market-data/wemde/dispatchSolution/weekAheadDispatchData-AvailableCapacity/current/,AvailableCapacityWeekAhead-DispatchSolution_202608050800.json,,json,$.data.solutionData[].marketServiceRequirements.contingencyRaise,number,9,,plateau,305.744
dispatchSolution,https://data.wa.aemo.com.au/public/market-data/wemde/dispatchSolution/weekAheadDispatchData-AvailableCapacity/current/,AvailableCapacityWeekAhead-DispatchSolution_202608050800.json,,json,$.data.solutionData[].marketServiceRequirements.energy,number,9,,plateau,2368.838
dispatchSolution,https://data.wa.aemo.com.au/public/market-data/wemde/dispatchSolution/weekAheadDispatchData-AvailableCapacity/current/,AvailableCapacityWeekAhead-DispatchSolution_202608050800.json,,json,$.data.solutionData[].marketServiceRequirements.regulationLower,number,9,,plateau,110.000
dispatchSolution,https://data.wa.aemo.com.au/public/market-data/wemde/dispatchSolution/weekAheadDispatchData-AvailableCapacity/current/,AvailableCapacityWeekAhead-DispatchSolution_202608050800.json,,json,$.data.solutionData[].marketServiceRequirements.regulationRaise,number,9,,plateau,110.000
dispatchSolution,https://data.wa.aemo.com.au/public/market-data/wemde/dispatchSolution/weekAheadDispatchData-AvailableCapacity/current/,AvailableCapacityWeekAhead-DispatchSolution_202608050800.json,,json,$.data.solutionData[].marketServiceRequirements.rocof,number,9,,plateau,13403.9
dispatchSolution,https://data.wa.aemo.com.au/public/market-data/wemde/dispatchSolution/weekAheadDispatchData-AvailableCapacity/current/,AvailableCapacityWeekAhead-DispatchSolution_202608050800.json,,json,$.data.solutionData[].marketShortfalls,object,9,,plateau,
dispatchSolution,https://data.wa.aemo.com.au/public/market-data/wemde/dispatchSolution/weekAheadDispatchData-AvailableCapacity/current/,AvailableCapacityWeekAhead-DispatchSolution_202608050800.json,,json,$.data.solutionData[].marketShortfalls.contingencyLowerDeficit,number,9,,plateau,0.0
dispatchSolution,https://data.wa.aemo.com.au/public/market-data/wemde/dispatchSolution/weekAheadDispatchData-AvailableCapacity/current/,AvailableCapacityWeekAhead-DispatchSolution_202608050800.json,,json,$.data.solutionData[].marketShortfalls.contingencyRaiseDeficit,number,9,,plateau,0.0
dispatchSolution,https://data.wa.aemo.com.au/public/market-data/wemde/dispatchSolution/weekAheadDispatchData-AvailableCapacity/current/,AvailableCapacityWeekAhead-DispatchSolution_202608050800.json,,json,$.data.solutionData[].marketShortfalls.energyDeficit,number,9,,plateau,0.0
dispatchSolution,https://data.wa.aemo.com.au/public/market-data/wemde/dispatchSolution/weekAheadDispatchData-AvailableCapacity/current/,AvailableCapacityWeekAhead-DispatchSolution_202608050800.json,,json,$.data.solutionData[].marketShortfalls.regulationLowerDeficit,number,9,,plateau,0.0
dispatchSolution,https://data.wa.aemo.com.au/public/market-data/wemde/dispatchSolution/weekAheadDispatchData-AvailableCapacity/current/,AvailableCapacityWeekAhead-DispatchSolution_202608050800.json,,json,$.data.solutionData[].marketShortfalls.regulationRaiseDeficit,number,9,,plateau,0.0
dispatchSolution,https://data.wa.aemo.com.au/public/market-data/wemde/dispatchSolution/weekAheadDispatchData-AvailableCapacity/current/,AvailableCapacityWeekAhead-DispatchSolution_202608050800.json,,json,$.data.solutionData[].marketShortfalls.rocofDeficit,number,9,,plateau,0.0
dispatchSolution,https://data.wa.aemo.com.au/public/market-data/wemde/dispatchSolution/weekAheadDispatchData-AvailableCapacity/current/,AvailableCapacityWeekAhead-DispatchSolution_202608050800.json,,json,$.data.solutionData[].objectiveFunctionValue,number,10,,plateau,-365748.0837
dispatchSolution,https://data.wa.aemo.com.au/public/market-data/wemde/dispatchSolution/weekAheadDispatchData-AvailableCapacity/current/,AvailableCapacityWeekAhead-DispatchSolution_202608050800.json,,json,$.data.solutionData[].priceSetting,array,9,,plateau,
dispatchSolution,https://data.wa.aemo.com.au/public/market-data/wemde/dispatchSolution/weekAheadDispatchData-AvailableCapacity/current/,AvailableCapacityWeekAhead-DispatchSolution_202608050800.json,,json,$.data.solutionData[].priceSetting[],object,54,,plateau,
dispatchSolution,https://data.wa.aemo.com.au/public/market-data/wemde/dispatchSolution/weekAheadDispatchData-AvailableCapacity/current/,AvailableCapacityWeekAhead-DispatchSolution_202608050800.json,,json,$.data.solutionData[].priceSetting[].contributions,array,54,,plateau,
dispatchSolution,https://data.wa.aemo.com.au/public/market-data/wemde/dispatchSolution/weekAheadDispatchData-AvailableCapacity/current/,AvailableCapacityWeekAhead-DispatchSolution_202608050800.json,,json,$.data.solutionData[].priceSetting[].contributions[],object,67,,plateau,
dispatchSolution,https://data.wa.aemo.com.au/public/market-data/wemde/dispatchSolution/weekAheadDispatchData-AvailableCapacity/current/,AvailableCapacityWeekAhead-DispatchSolution_202608050800.json,,json,$.data.solutionData[].priceSetting[].contributions[].byHowMuch,number,67,,plateau,-1.0
dispatchSolution,https://data.wa.aemo.com.au/public/market-data/wemde/dispatchSolution/weekAheadDispatchData-AvailableCapacity/current/,AvailableCapacityWeekAhead-DispatchSolution_202608050800.json,,json,$.data.solutionData[].priceSetting[].contributions[].contributingVariable,string,67,,plateau,KWINANA_ESR1_regulationRaise_Tranche_01
dispatchSolution,https://data.wa.aemo.com.au/public/market-data/wemde/dispatchSolution/weekAheadDispatchData-AvailableCapacity/current/,AvailableCapacityWeekAhead-DispatchSolution_202608050800.json,,json,$.data.solutionData[].priceSetting[].contributions[].objectiveCoefficient,number,67,,plateau,0.0
dispatchSolution,https://data.wa.aemo.com.au/public/market-data/wemde/dispatchSolution/weekAheadDispatchData-AvailableCapacity/current/,AvailableCapacityWeekAhead-DispatchSolution_202608050800.json,,json,$.data.solutionData[].priceSetting[].isMarketServiceCapped,boolean,54,,plateau,False
dispatchSolution,https://data.wa.aemo.com.au/public/market-data/wemde/dispatchSolution/weekAheadDispatchData-AvailableCapacity/current/,AvailableCapacityWeekAhead-DispatchSolution_202608050800.json,,json,$.data.solutionData[].priceSetting[].marketService,string,54,,plateau,energy
dispatchSolution,https://data.wa.aemo.com.au/public/market-data/wemde/dispatchSolution/weekAheadDispatchData-AvailableCapacity/current/,AvailableCapacityWeekAhead-DispatchSolution_202608050800.json,,json,$.data.solutionData[].prices,object,9,,plateau,
dispatchSolution,https://data.wa.aemo.com.au/public/market-data/wemde/dispatchSolution/weekAheadDispatchData-AvailableCapacity/current/,AvailableCapacityWeekAhead-DispatchSolution_202608050800.json,,json,$.data.solutionData[].prices.contingencyLower,number,9,,plateau,0.0
dispatchSolution,https://data.wa.aemo.com.au/public/market-data/wemde/dispatchSolution/weekAheadDispatchData-AvailableCapacity/current/,AvailableCapacityWeekAhead-DispatchSolution_202608050800.json,,json,$.data.solutionData[].prices.contingencyRaise,number,9,,plateau,0.0
dispatchSolution,https://data.wa.aemo.com.au/public/market-data/wemde/dispatchSolution/weekAheadDispatchData-AvailableCapacity/current/,AvailableCapacityWeekAhead-DispatchSolution_202608050800.json,,json,$.data.solutionData[].prices.energy,number,9,,plateau,125.03
dispatchSolution,https://data.wa.aemo.com.au/public/market-data/wemde/dispatchSolution/weekAheadDispatchData-AvailableCapacity/current/,AvailableCapacityWeekAhead-DispatchSolution_202608050800.json,,json,$.data.solutionData[].prices.regulationLower,number,9,,plateau,0.0
dispatchSolution,https://data.wa.aemo.com.au/public/market-data/wemde/dispatchSolution/weekAheadDispatchData-AvailableCapacity/current/,AvailableCapacityWeekAhead-DispatchSolution_202608050800.json,,json,$.data.solutionData[].prices.regulationRaise,number,9,,plateau,0.0
dispatchSolution,https://data.wa.aemo.com.au/public/market-data/wemde/dispatchSolution/weekAheadDispatchData-AvailableCapacity/current/,AvailableCapacityWeekAhead-DispatchSolution_202608050800.json,,json,$.data.solutionData[].prices.rocof,number,9,,plateau,0.0
dispatchSolution,https://data.wa.aemo.com.au/public/market-data/wemde/dispatchSolution/weekAheadDispatchData-AvailableCapacity/current/,AvailableCapacityWeekAhead-DispatchSolution_202608050800.json,,json,$.data.solutionData[].rocofControlRequirements,object,9,,plateau,
dispatchSolution,https://data.wa.aemo.com.au/public/market-data/wemde/dispatchSolution/weekAheadDispatchData-AvailableCapacity/current/,AvailableCapacityWeekAhead-DispatchSolution_202608050800.json,,json,$.data.solutionData[].rocofControlRequirements.additionalRocofControlRequirement,number,9,,plateau,7671.401
dispatchSolution,https://data.wa.aemo.com.au/public/market-data/wemde/dispatchSolution/weekAheadDispatchData-AvailableCapacity/current/,AvailableCapacityWeekAhead-DispatchSolution_202608050800.json,,json,$.data.solutionData[].rocofControlRequirements.minimumRocofControlRequirement,number,9,,plateau,5732.499
dispatchSolution,https://data.wa.aemo.com.au/public/market-data/wemde/dispatchSolution/weekAheadDispatchData-AvailableCapacity/current/,AvailableCapacityWeekAhead-DispatchSolution_202608050800.json,,json,$.data.solutionData[].rocofControlRequirements.rocofControlRequirement,number,9,,plateau,13403.9
dispatchSolution,https://data.wa.aemo.com.au/public/market-data/wemde/dispatchSolution/weekAheadDispatchData-AvailableCapacity/current/,AvailableCapacityWeekAhead-DispatchSolution_202608050800.json,,json,$.data.solutionData[].runId,string,10,,plateau,4b8dce5b-36b8-4129-a50c-08def284c54c
dispatchSolution,https://data.wa.aemo.com.au/public/market-data/wemde/dispatchSolution/weekAheadDispatchData-AvailableCapacity/current/,AvailableCapacityWeekAhead-DispatchSolution_202608050800.json,,json,$.data.solutionData[].runIterationInformation,object,10,,plateau,
dispatchSolution,https://data.wa.aemo.com.au/public/market-data/wemde/dispatchSolution/weekAheadDispatchData-AvailableCapacity/current/,AvailableCapacityWeekAhead-DispatchSolution_202608050800.json,,json,$.data.solutionData[].runIterationInformation.fastStart,boolean,10,,plateau,False
dispatchSolution,https://data.wa.aemo.com.au/public/market-data/wemde/dispatchSolution/weekAheadDispatchData-AvailableCapacity/current/,AvailableCapacityWeekAhead-DispatchSolution_202608050800.json,,json,$.data.solutionData[].runIterationInformation.intervention,boolean,10,,plateau,False
dispatchSolution,https://data.wa.aemo.com.au/public/market-data/wemde/dispatchSolution/weekAheadDispatchData-AvailableCapacity/current/,AvailableCapacityWeekAhead-DispatchSolution_202608050800.json,,json,$.data.solutionData[].runIterationInformation.ocd,boolean,10,,plateau,False
dispatchSolution,https://data.wa.aemo.com.au/public/market-data/wemde/dispatchSolution/weekAheadDispatchData-AvailableCapacity/current/,AvailableCapacityWeekAhead-DispatchSolution_202608050800.json,,json,$.data.solutionData[].scenario,string,10,,plateau,AvailableCapacity
dispatchSolution,https://data.wa.aemo.com.au/public/market-data/wemde/dispatchSolution/weekAheadDispatchData-AvailableCapacity/current/,AvailableCapacityWeekAhead-DispatchSolution_202608050800.json,,json,$.data.solutionData[].schedule,array,10,,plateau,
dispatchSolution,https://data.wa.aemo.com.au/public/market-data/wemde/dispatchSolution/weekAheadDispatchData-AvailableCapacity/current/,AvailableCapacityWeekAhead-DispatchSolution_202608050800.json,,json,$.data.solutionData[].schedule[],object,60,,plateau,
dispatchSolution,https://data.wa.aemo.com.au/public/market-data/wemde/dispatchSolution/weekAheadDispatchData-AvailableCapacity/current/,AvailableCapacityWeekAhead-DispatchSolution_202608050800.json,,json,$.data.solutionData[].schedule[].facilitySchedule,array,60,,plateau,
dispatchSolution,https://data.wa.aemo.com.au/public/market-data/wemde/dispatchSolution/weekAheadDispatchData-AvailableCapacity/current/,AvailableCapacityWeekAhead-DispatchSolution_202608050800.json,,json,$.data.solutionData[].schedule[].facilitySchedule[],object,2960,,plateau,
dispatchSolution,https://data.wa.aemo.com.au/public/market-data/wemde/dispatchSolution/weekAheadDispatchData-AvailableCapacity/current/,AvailableCapacityWeekAhead-DispatchSolution_202608050800.json,,json,$.data.solutionData[].schedule[].facilitySchedule[].essPreProcessingConditionFlag,boolean,1290,,plateau,False
dispatchSolution,https://data.wa.aemo.com.au/public/market-data/wemde/dispatchSolution/weekAheadDispatchData-AvailableCapacity/current/,AvailableCapacityWeekAhead-DispatchSolution_202608050800.json,,json,$.data.solutionData[].schedule[].facilitySchedule[].facilityCode,string,2960,,plateau,COCKBURN_CCG1
dispatchSolution,https://data.wa.aemo.com.au/public/market-data/wemde/dispatchSolution/weekAheadDispatchData-AvailableCapacity/current/,AvailableCapacityWeekAhead-DispatchSolution_202608050800.json,,json,$.data.solutionData[].schedule[].facilitySchedule[].quantity,number,2960,,plateau,0.0
dispatchSolution,https://data.wa.aemo.com.au/public/market-data/wemde/dispatchSolution/weekAheadDispatchData-AvailableCapacity/current/,AvailableCapacityWeekAhead-DispatchSolution_202608050800.json,,json,$.data.solutionData[].schedule[].marketService,string,60,,plateau,rocof
dispatchSolution,https://data.wa.aemo.com.au/public/market-data/wemde/dispatchSolution/weekAheadDispatchData-AvailableCapacity/current/,AvailableCapacityWeekAhead-DispatchSolution_202608050800.json,,json,$.data.solutionData[].solveFinishAsAtTS,string,10,,plateau,2026-08-05T08:02:01.7767194+08:00
dispatchSolution,https://data.wa.aemo.com.au/public/market-data/wemde/dispatchSolution/weekAheadDispatchData-AvailableCapacity/current/,AvailableCapacityWeekAhead-DispatchSolution_202608050800.json,,json,$.data.solutionData[].solveStartAsAtTS,string,10,,plateau,2026-08-05T08:02:01.00128+08:00
dispatchSolution,https://data.wa.aemo.com.au/public/market-data/wemde/dispatchSolution/weekAheadDispatchData-AvailableCapacity/current/,AvailableCapacityWeekAhead-DispatchSolution_202608050800.json,,json,$.data.solutionData[].solveStatus,string,10,,plateau,Optimal
dispatchSolution,https://data.wa.aemo.com.au/public/market-data/wemde/dispatchSolution/weekAheadDispatchData-AvailableCapacity/current/,AvailableCapacityWeekAhead-DispatchSolution_202608050800.json,,json,$.data.solutionData[].status,string,10,,plateau,Normal
dispatchSolution,https://data.wa.aemo.com.au/public/market-data/wemde/dispatchSolution/weekAheadDispatchData-AvailableCapacity/current/,AvailableCapacityWeekAhead-DispatchSolution_202608050800.json,,json,$.data.solutionData[].trapeziumAdjustments,array,10,,plateau,
dispatchSolution,https://data.wa.aemo.com.au/public/market-data/wemde/dispatchSolution/weekAheadDispatchData-AvailableCapacity/current/,AvailableCapacityWeekAhead-DispatchSolution_202608050800.json,,json,$.data.solutionData[].trapeziumAdjustments[],object,60,,plateau,
dispatchSolution,https://data.wa.aemo.com.au/public/market-data/wemde/dispatchSolution/weekAheadDispatchData-AvailableCapacity/current/,AvailableCapacityWeekAhead-DispatchSolution_202608050800.json,,json,$.data.solutionData[].trapeziumAdjustments[].marketService,string,60,,plateau,rocof
dispatchSolution,https://data.wa.aemo.com.au/public/market-data/wemde/dispatchSolution/weekAheadDispatchData-AvailableCapacity/current/,AvailableCapacityWeekAhead-DispatchSolution_202608050800.json,,json,$.data.solutionData[].trapeziumAdjustments[].trapeziumAdjustmentDetails,array,60,,plateau,
dispatchSolution,https://data.wa.aemo.com.au/public/market-data/wemde/dispatchSolution/weekAheadDispatchData-AvailableCapacity/current/,AvailableCapacityWeekAhead-DispatchSolution_202608050800.json,,json,$.data.solutionData[].trapeziumAdjustments[].trapeziumAdjustmentDetails[],object,2960,,plateau,
dispatchSolution,https://data.wa.aemo.com.au/public/market-data/wemde/dispatchSolution/weekAheadDispatchData-AvailableCapacity/current/,AvailableCapacityWeekAhead-DispatchSolution_202608050800.json,,json,$.data.solutionData[].trapeziumAdjustments[].trapeziumAdjustmentDetails[].downwardsRampRateValueUsed,number,2960,,plateau,0.0
dispatchSolution,https://data.wa.aemo.com.au/public/market-data/wemde/dispatchSolution/weekAheadDispatchData-AvailableCapacity/current/,AvailableCapacityWeekAhead-DispatchSolution_202608050800.json,,json,$.data.solutionData[].trapeziumAdjustments[].trapeziumAdjustmentDetails[].enablementMaximumValueUsed,number,2960,,plateau,249.7
dispatchSolution,https://data.wa.aemo.com.au/public/market-data/wemde/dispatchSolution/weekAheadDispatchData-AvailableCapacity/current/,AvailableCapacityWeekAhead-DispatchSolution_202608050800.json,,json,$.data.solutionData[].trapeziumAdjustments[].trapeziumAdjustmentDetails[].enablementMinimumValueUsed,number,2960,,plateau,145.0
dispatchSolution,https://data.wa.aemo.com.au/public/market-data/wemde/dispatchSolution/weekAheadDispatchData-AvailableCapacity/current/,AvailableCapacityWeekAhead-DispatchSolution_202608050800.json,,json,$.data.solutionData[].trapeziumAdjustments[].trapeziumAdjustmentDetails[].facilityCode,string,2960,,plateau,COCKBURN_CCG1
dispatchSolution,https://data.wa.aemo.com.au/public/market-data/wemde/dispatchSolution/weekAheadDispatchData-AvailableCapacity/current/,AvailableCapacityWeekAhead-DispatchSolution_202608050800.json,,json,$.data.solutionData[].trapeziumAdjustments[].trapeziumAdjustmentDetails[].highBreakpointValueUsed,number,2960,,plateau,249.7
dispatchSolution,https://data.wa.aemo.com.au/public/market-data/wemde/dispatchSolution/weekAheadDispatchData-AvailableCapacity/current/,AvailableCapacityWeekAhead-DispatchSolution_202608050800.json,,json,$.data.solutionData[].trapeziumAdjustments[].trapeziumAdjustmentDetails[].lowBreakpointValueUsed,number,2960,,plateau,145.0
dispatchSolution,https://data.wa.aemo.com.au/public/market-data/wemde/dispatchSolution/weekAheadDispatchData-AvailableCapacity/current/,AvailableCapacityWeekAhead-DispatchSolution_202608050800.json,,json,$.data.solutionData[].trapeziumAdjustments[].trapeziumAdjustmentDetails[].upwardsRampRateValueUsed,number,2960,,plateau,0.0
facilityScada,https://data.wa.aemo.com.au/public/market-data/wemde/facilityScada/current/,SCADA_2026-08-05.json,,json,$,object,1,,ok,
facilityScada,https://data.wa.aemo.com.au/public/market-data/wemde/facilityScada/current/,SCADA_2026-08-05.json,,json,$.data,object,1,,ok,
facilityScada,https://data.wa.aemo.com.au/public/market-data/wemde/facilityScada/current/,SCADA_2026-08-05.json,,json,$.data.facilityScadaDispatchIntervals,array,1,,ok,
facilityScada,https://data.wa.aemo.com.au/public/market-data/wemde/facilityScada/current/,SCADA_2026-08-05.json,,json,$.data.facilityScadaDispatchIntervals[],object,21888,,ok,
facilityScada,https://data.wa.aemo.com.au/public/market-data/wemde/facilityScada/current/,SCADA_2026-08-05.json,,json,$.data.facilityScadaDispatchIntervals[].code,string,21888,,ok,ALBANY_WF1
facilityScada,https://data.wa.aemo.com.au/public/market-data/wemde/facilityScada/current/,SCADA_2026-08-05.json,,json,$.data.facilityScadaDispatchIntervals[].dispatchInterval,string,21888,,ok,2026-08-05T08:00:00+08:00
facilityScada,https://data.wa.aemo.com.au/public/market-data/wemde/facilityScada/current/,SCADA_2026-08-05.json,,json,$.data.facilityScadaDispatchIntervals[].quantity,number,21888,,ok,0.213194415
facilityScada,https://data.wa.aemo.com.au/public/market-data/wemde/facilityScada/current/,SCADA_2026-08-05.json,,json,$.errors,array,1,,ok,
facilityScada,https://data.wa.aemo.com.au/public/market-data/wemde/facilityScada/current/,SCADA_2026-08-05.json,,json,$.infos,array,1,,ok,
facilityScada,https://data.wa.aemo.com.au/public/market-data/wemde/facilityScada/current/,SCADA_2026-08-05.json,,json,$.transactionId,string,1,,ok,ea906892-ffe9-433e-b4f1-fafc17057462
facilityScada,https://data.wa.aemo.com.au/public/market-data/wemde/facilityScada/current/,SCADA_2026-08-05.json,,json,$.warnings,array,1,,ok,
intermittentLoad,https://data.wa.aemo.com.au/public/market-data/wemde/intermittentLoad/current/,IntermittentLoad_2026-08-05.json,,json,$,object,1,,ok,
intermittentLoad,https://data.wa.aemo.com.au/public/market-data/wemde/intermittentLoad/current/,IntermittentLoad_2026-08-05.json,,json,$.data,object,1,,ok,
intermittentLoad,https://data.wa.aemo.com.au/public/market-data/wemde/intermittentLoad/current/,IntermittentLoad_2026-08-05.json,,json,$.data.imlFacilityScadaDispatchIntervals,array,1,,ok,
intermittentLoad,https://data.wa.aemo.com.au/public/market-data/wemde/intermittentLoad/current/,IntermittentLoad_2026-08-05.json,,json,$.data.imlFacilityScadaDispatchIntervals[],object,576,,ok,
intermittentLoad,https://data.wa.aemo.com.au/public/market-data/wemde/intermittentLoad/current/,IntermittentLoad_2026-08-05.json,,json,$.data.imlFacilityScadaDispatchIntervals[].code,string,576,,ok,ALCOA_KW_IL
intermittentLoad,https://data.wa.aemo.com.au/public/market-data/wemde/intermittentLoad/current/,IntermittentLoad_2026-08-05.json,,json,$.data.imlFacilityScadaDispatchIntervals[].dispatchInterval,string,576,,ok,2026-08-05T08:00:00+08:00
intermittentLoad,https://data.wa.aemo.com.au/public/market-data/wemde/intermittentLoad/current/,IntermittentLoad_2026-08-05.json,,json,$.data.imlFacilityScadaDispatchIntervals[].quantity,number,576,,ok,0.0005212666
intermittentLoad,https://data.wa.aemo.com.au/public/market-data/wemde/intermittentLoad/current/,IntermittentLoad_2026-08-05.json,,json,$.errors,array,1,,ok,
intermittentLoad,https://data.wa.aemo.com.au/public/market-data/wemde/intermittentLoad/current/,IntermittentLoad_2026-08-05.json,,json,$.infos,array,1,,ok,
intermittentLoad,https://data.wa.aemo.com.au/public/market-data/wemde/intermittentLoad/current/,IntermittentLoad_2026-08-05.json,,json,$.transactionId,string,1,,ok,d5ddc733-df6c-4e87-afd4-7ea00c3a3bf3
intermittentLoad,https://data.wa.aemo.com.au/public/market-data/wemde/intermittentLoad/current/,IntermittentLoad_2026-08-05.json,,json,$.warnings,array,1,,ok,
interruptibleLoad,https://data.wa.aemo.com.au/public/market-data/wemde/interruptibleLoad/current/,InterruptibleLoad_2026-08-05.json,,json,$,object,1,,ok,
interruptibleLoad,https://data.wa.aemo.com.au/public/market-data/wemde/interruptibleLoad/current/,InterruptibleLoad_2026-08-05.json,,json,$.data,object,1,,ok,
interruptibleLoad,https://data.wa.aemo.com.au/public/market-data/wemde/interruptibleLoad/current/,InterruptibleLoad_2026-08-05.json,,json,$.data.dataPublication,object,1,,ok,
interruptibleLoad,https://data.wa.aemo.com.au/public/market-data/wemde/interruptibleLoad/current/,InterruptibleLoad_2026-08-05.json,,json,$.data.dataPublication.interruptibleLoadDetails,array,1,,ok,
interruptibleLoad,https://data.wa.aemo.com.au/public/market-data/wemde/interruptibleLoad/current/,InterruptibleLoad_2026-08-05.json,,json,$.data.dataPublication.interruptibleLoadDetails[],object,288,,ok,
interruptibleLoad,https://data.wa.aemo.com.au/public/market-data/wemde/interruptibleLoad/current/,InterruptibleLoad_2026-08-05.json,,json,$.data.dataPublication.interruptibleLoadDetails[].dispatchInterval,string,288,,ok,2026-08-05T08:00:00+08:00
interruptibleLoad,https://data.wa.aemo.com.au/public/market-data/wemde/interruptibleLoad/current/,InterruptibleLoad_2026-08-05.json,,json,$.data.dataPublication.interruptibleLoadDetails[].facilityCode,string,288,,ok,SIMCOA_IPT_LD_01
interruptibleLoad,https://data.wa.aemo.com.au/public/market-data/wemde/interruptibleLoad/current/,InterruptibleLoad_2026-08-05.json,,json,$.data.dataPublication.interruptibleLoadDetails[].quantity,number,288,,ok,0
interruptibleLoad,https://data.wa.aemo.com.au/public/market-data/wemde/interruptibleLoad/current/,InterruptibleLoad_2026-08-05.json,,json,$.data.dataPublication.issuedTime,string,1,,ok,2026-08-06 08:00:08.1654509
interruptibleLoad,https://data.wa.aemo.com.au/public/market-data/wemde/interruptibleLoad/current/,InterruptibleLoad_2026-08-05.json,,json,$.data.dataPublication.tradingDay,string,1,,ok,2026-08-05
interruptibleLoad,https://data.wa.aemo.com.au/public/market-data/wemde/interruptibleLoad/current/,InterruptibleLoad_2026-08-05.json,,json,$.errors,array,1,,ok,
interruptibleLoad,https://data.wa.aemo.com.au/public/market-data/wemde/interruptibleLoad/current/,InterruptibleLoad_2026-08-05.json,,json,$.infos,array,1,,ok,
interruptibleLoad,https://data.wa.aemo.com.au/public/market-data/wemde/interruptibleLoad/current/,InterruptibleLoad_2026-08-05.json,,json,$.transactionId,string,1,,ok,b5a50bbf-ecce-4da5-b664-a202f037d2a2
interruptibleLoad,https://data.wa.aemo.com.au/public/market-data/wemde/interruptibleLoad/current/,InterruptibleLoad_2026-08-05.json,,json,$.warnings,array,1,,ok,
loadShedding,https://data.wa.aemo.com.au/public/market-data/wemde/loadShedding/current/,LoadShed_2026-08-05.json,,json,$,object,1,,ok,
loadShedding,https://data.wa.aemo.com.au/public/market-data/wemde/loadShedding/current/,LoadShed_2026-08-05.json,,json,$.data,object,1,,ok,
loadShedding,https://data.wa.aemo.com.au/public/market-data/wemde/loadShedding/current/,LoadShed_2026-08-05.json,,json,$.data.dataPublication,object,1,,ok,
loadShedding,https://data.wa.aemo.com.au/public/market-data/wemde/loadShedding/current/,LoadShed_2026-08-05.json,,json,$.data.dataPublication.issuedTime,string,1,,ok,2026-08-06 08:00:05.4822828
loadShedding,https://data.wa.aemo.com.au/public/market-data/wemde/loadShedding/current/,LoadShed_2026-08-05.json,,json,$.data.dataPublication.loadShedDetails,array,1,,ok,
loadShedding,https://data.wa.aemo.com.au/public/market-data/wemde/loadShedding/current/,LoadShed_2026-08-05.json,,json,$.data.dataPublication.loadShedDetails[],object,288,,ok,
loadShedding,https://data.wa.aemo.com.au/public/market-data/wemde/loadShedding/current/,LoadShed_2026-08-05.json,,json,$.data.dataPublication.loadShedDetails[].dispatchInterval,string,288,,ok,2026-08-05T08:00:00+08:00
loadShedding,https://data.wa.aemo.com.au/public/market-data/wemde/loadShedding/current/,LoadShed_2026-08-05.json,,json,$.data.dataPublication.loadShedDetails[].quantity,number,288,,ok,0
loadShedding,https://data.wa.aemo.com.au/public/market-data/wemde/loadShedding/current/,LoadShed_2026-08-05.json,,json,$.data.dataPublication.tradingDay,string,1,,ok,2026-08-05
loadShedding,https://data.wa.aemo.com.au/public/market-data/wemde/loadShedding/current/,LoadShed_2026-08-05.json,,json,$.errors,array,1,,ok,
loadShedding,https://data.wa.aemo.com.au/public/market-data/wemde/loadShedding/current/,LoadShed_2026-08-05.json,,json,$.infos,array,1,,ok,
loadShedding,https://data.wa.aemo.com.au/public/market-data/wemde/loadShedding/current/,LoadShed_2026-08-05.json,,json,$.transactionId,string,1,,ok,a15e5af7-2352-440d-a21a-6c3eef9e5606
loadShedding,https://data.wa.aemo.com.au/public/market-data/wemde/loadShedding/current/,LoadShed_2026-08-05.json,,json,$.warnings,array,1,,ok,
marketAdvisory,https://data.wa.aemo.com.au/public/market-data/wemde/marketAdvisory/marketAdvisoryReport/,market-advisories.csv,,csv,Id,,,0,ok,
marketAdvisory,https://data.wa.aemo.com.au/public/market-data/wemde/marketAdvisory/marketAdvisoryReport/,market-advisories.csv,,csv,Start Interval,,,1,ok,
marketAdvisory,https://data.wa.aemo.com.au/public/market-data/wemde/marketAdvisory/marketAdvisoryReport/,market-advisories.csv,,csv,End Interval,,,2,ok,
marketAdvisory,https://data.wa.aemo.com.au/public/market-data/wemde/marketAdvisory/marketAdvisoryReport/,market-advisories.csv,,csv,Issued At,,,3,ok,
marketAdvisory,https://data.wa.aemo.com.au/public/market-data/wemde/marketAdvisory/marketAdvisoryReport/,market-advisories.csv,,csv,Version,,,4,ok,
marketAdvisory,https://data.wa.aemo.com.au/public/market-data/wemde/marketAdvisory/marketAdvisoryReport/,market-advisories.csv,,csv,Details,,,5,ok,
marketAdvisory,https://data.wa.aemo.com.au/public/market-data/wemde/marketAdvisory/marketAdvisoryReport/,market-advisories.csv,,csv,Actions by AEMO,,,6,ok,
marketAdvisory,https://data.wa.aemo.com.au/public/market-data/wemde/marketAdvisory/marketAdvisoryReport/,market-advisories.csv,,csv,Actions by Market Participant (Mandatory),,,7,ok,
marketAdvisory,https://data.wa.aemo.com.au/public/market-data/wemde/marketAdvisory/marketAdvisoryReport/,market-advisories.csv,,csv,Actions by Network Operator (Mandatory),,,8,ok,
marketAdvisory,https://data.wa.aemo.com.au/public/market-data/wemde/marketAdvisory/marketAdvisoryReport/,market-advisories.csv,,csv,Actions by Market Participant or Network Operator (Optional),,,9,ok,
marketAdvisory,https://data.wa.aemo.com.au/public/market-data/wemde/marketAdvisory/marketAdvisoryReport/,market-advisories.csv,,csv,Withdrawn,,,10,ok,
marketAdvisory,https://data.wa.aemo.com.au/public/market-data/wemde/marketAdvisory/marketAdvisoryReport/,market-advisories.csv,,csv,Withdrawn At,,,11,ok,
marketAdvisory,https://data.wa.aemo.com.au/public/market-data/wemde/marketAdvisory/marketAdvisoryReport/,market-advisories.csv,,csv,Operating State,,,12,ok,
marketAdvisory,https://data.wa.aemo.com.au/public/market-data/wemde/marketAdvisory/marketAdvisoryReport/,market-advisories.csv,,csv,Extracted At,,,13,ok,
ncess,https://data.wa.aemo.com.au/public/market-data/wemde/ncess/aemoProcured/current/,AemoProcured_TW_28_Jun_2026.json,,json,$,object,1,,ok,
ncess,https://data.wa.aemo.com.au/public/market-data/wemde/ncess/aemoProcured/current/,AemoProcured_TW_28_Jun_2026.json,,json,$.data,object,1,,ok,
ncess,https://data.wa.aemo.com.au/public/market-data/wemde/ncess/aemoProcured/current/,AemoProcured_TW_28_Jun_2026.json,,json,$.data.ncessContractDetails,array,1,,ok,
ncess,https://data.wa.aemo.com.au/public/market-data/wemde/ncess/aemoProcured/current/,AemoProcured_TW_28_Jun_2026.json,,json,$.data.ncessContractDetails[],object,7056,,ok,
ncess,https://data.wa.aemo.com.au/public/market-data/wemde/ncess/aemoProcured/current/,AemoProcured_TW_28_Jun_2026.json,,json,$.data.ncessContractDetails[].amountPayable,number,7056,,ok,25.400
ncess,https://data.wa.aemo.com.au/public/market-data/wemde/ncess/aemoProcured/current/,AemoProcured_TW_28_Jun_2026.json,,json,$.data.ncessContractDetails[].contractId,string,7056,,ok,NCESSRS011
ncess,https://data.wa.aemo.com.au/public/market-data/wemde/ncess/aemoProcured/current/,AemoProcured_TW_28_Jun_2026.json,,json,$.data.ncessContractDetails[].dispatchInterval,string,7056,,ok,2026-06-28T17:30:00+08:00
ncess,https://data.wa.aemo.com.au/public/market-data/wemde/ncess/aemoProcured/current/,AemoProcured_TW_28_Jun_2026.json,,json,$.data.ncessContractDetails[].dispatchQuantity,null,7056,,ok,
ncess,https://data.wa.aemo.com.au/public/market-data/wemde/ncess/aemoProcured/current/,AemoProcured_TW_28_Jun_2026.json,,json,$.data.ncessContractDetails[].enablementQuantity,number,7056,,ok,1.000
ncess,https://data.wa.aemo.com.au/public/market-data/wemde/ncess/aemoProcured/current/,AemoProcured_TW_28_Jun_2026.json,,json,$.data.ncessContractDetails[].facilityCode,string,7056,,ok,UNREGISTERED
ncess,https://data.wa.aemo.com.au/public/market-data/wemde/ncess/aemoProcured/current/,AemoProcured_TW_28_Jun_2026.json,,json,$.data.ncessContractDetails[].participantCode,string,7056,,ok,ADERRTL
ncess,https://data.wa.aemo.com.au/public/market-data/wemde/ncess/aemoProcured/current/,AemoProcured_TW_28_Jun_2026.json,,json,$.data.ncessContractDetails[].reductionQuantity,null,7056,,ok,
ncess,https://data.wa.aemo.com.au/public/market-data/wemde/ncess/aemoProcured/current/,AemoProcured_TW_28_Jun_2026.json,,json,$.data.ncessContractDetails[].service,string,7056,,ok,PDS
ncess,https://data.wa.aemo.com.au/public/market-data/wemde/ncess/aemoProcured/current/,AemoProcured_TW_28_Jun_2026.json,,json,$.errors,array,1,,ok,
ncess,https://data.wa.aemo.com.au/public/market-data/wemde/ncess/aemoProcured/current/,AemoProcured_TW_28_Jun_2026.json,,json,$.infos,array,1,,ok,
ncess,https://data.wa.aemo.com.au/public/market-data/wemde/ncess/aemoProcured/current/,AemoProcured_TW_28_Jun_2026.json,,json,$.transactionId,string,1,,ok,d95e46c9-f010-4f78-8e3c-64f79482e823
ncess,https://data.wa.aemo.com.au/public/market-data/wemde/ncess/aemoProcured/current/,AemoProcured_TW_28_Jun_2026.json,,json,$.warnings,array,1,,ok,
ncess,https://data.wa.aemo.com.au/public/market-data/wemde/ncess/networkOperatorProcured/current/,NetworkOperatorProcured_TW_28_Jun_2026.json,,json,$,object,1,,ok,
ncess,https://data.wa.aemo.com.au/public/market-data/wemde/ncess/networkOperatorProcured/current/,NetworkOperatorProcured_TW_28_Jun_2026.json,,json,$.data,object,1,,ok,
ncess,https://data.wa.aemo.com.au/public/market-data/wemde/ncess/networkOperatorProcured/current/,NetworkOperatorProcured_TW_28_Jun_2026.json,,json,$.data.ncessContractDetails,array,1,,ok,
ncess,https://data.wa.aemo.com.au/public/market-data/wemde/ncess/networkOperatorProcured/current/,NetworkOperatorProcured_TW_28_Jun_2026.json,,json,$.errors,array,1,,ok,
ncess,https://data.wa.aemo.com.au/public/market-data/wemde/ncess/networkOperatorProcured/current/,NetworkOperatorProcured_TW_28_Jun_2026.json,,json,$.infos,array,1,,ok,
ncess,https://data.wa.aemo.com.au/public/market-data/wemde/ncess/networkOperatorProcured/current/,NetworkOperatorProcured_TW_28_Jun_2026.json,,json,$.transactionId,string,1,,ok,98738ab7-190d-4c31-9581-ede29b9c3978
ncess,https://data.wa.aemo.com.au/public/market-data/wemde/ncess/networkOperatorProcured/current/,NetworkOperatorProcured_TW_28_Jun_2026.json,,json,$.warnings,array,1,,ok,
notInServiceCapacity,https://data.wa.aemo.com.au/public/market-data/wemde/notInServiceCapacity/current/,NotInServiceCapacity_202608060755.json,,json,$,object,1,,ok,
notInServiceCapacity,https://data.wa.aemo.com.au/public/market-data/wemde/notInServiceCapacity/current/,NotInServiceCapacity_202608060755.json,,json,$.data,array,1,,ok,
notInServiceCapacity,https://data.wa.aemo.com.au/public/market-data/wemde/notInServiceCapacity/current/,NotInServiceCapacity_202608060755.json,,json,$.data[],object,1,,ok,
notInServiceCapacity,https://data.wa.aemo.com.au/public/market-data/wemde/notInServiceCapacity/current/,NotInServiceCapacity_202608060755.json,,json,$.data[].dispatchInterval,string,1,,ok,2026-08-06T07:55:00+08:00
notInServiceCapacity,https://data.wa.aemo.com.au/public/market-data/wemde/notInServiceCapacity/current/,NotInServiceCapacity_202608060755.json,,json,$.data[].notInServiceCapacities,array,1,,ok,
notInServiceCapacity,https://data.wa.aemo.com.au/public/market-data/wemde/notInServiceCapacity/current/,NotInServiceCapacity_202608060755.json,,json,$.data[].notInServiceCapacities[],object,60,,ok,
notInServiceCapacity,https://data.wa.aemo.com.au/public/market-data/wemde/notInServiceCapacity/current/,NotInServiceCapacity_202608060755.json,,json,$.data[].notInServiceCapacities[].facilityCode,string,60,,ok,ALCOA_WGP
notInServiceCapacity,https://data.wa.aemo.com.au/public/market-data/wemde/notInServiceCapacity/current/,NotInServiceCapacity_202608060755.json,,json,$.data[].notInServiceCapacities[].notInServiceCapacity,number,60,,ok,0.000
notInServiceCapacity,https://data.wa.aemo.com.au/public/market-data/wemde/notInServiceCapacity/current/,NotInServiceCapacity_202608060755.json,,json,$.transactionId,string,1,,ok,a42d4926-626b-4e49-ac82-980198dd4e11
operationalDemandWithdrawal,https://data.wa.aemo.com.au/public/market-data/wemde/operationalDemandWithdrawal/dailyFiles/,OperationalDemandAndWithdrawal_2023-09-26.json,,json,$,object,1,,ok,
operationalDemandWithdrawal,https://data.wa.aemo.com.au/public/market-data/wemde/operationalDemandWithdrawal/dailyFiles/,OperationalDemandAndWithdrawal_2023-09-26.json,,json,$.data,object,1,,ok,
operationalDemandWithdrawal,https://data.wa.aemo.com.au/public/market-data/wemde/operationalDemandWithdrawal/dailyFiles/,OperationalDemandAndWithdrawal_2023-09-26.json,,json,$.data.data,array,1,,ok,
operationalDemandWithdrawal,https://data.wa.aemo.com.au/public/market-data/wemde/operationalDemandWithdrawal/dailyFiles/,OperationalDemandAndWithdrawal_2023-09-26.json,,json,$.data.data[],object,288,,ok,
operationalDemandWithdrawal,https://data.wa.aemo.com.au/public/market-data/wemde/operationalDemandWithdrawal/dailyFiles/,OperationalDemandAndWithdrawal_2023-09-26.json,,json,$.data.data[].asAtTimeStamp,string,288,,ok,2023-09-26T08:05:00+08:00
operationalDemandWithdrawal,https://data.wa.aemo.com.au/public/market-data/wemde/operationalDemandWithdrawal/dailyFiles/,OperationalDemandAndWithdrawal_2023-09-26.json,,json,$.data.data[].dispatchInterval,string,288,,ok,2023-09-26T08:00:00+08:00
operationalDemandWithdrawal,https://data.wa.aemo.com.au/public/market-data/wemde/operationalDemandWithdrawal/dailyFiles/,OperationalDemandAndWithdrawal_2023-09-26.json,,json,$.data.data[].operationalDemand,number,288,,ok,1696.443
operationalDemandWithdrawal,https://data.wa.aemo.com.au/public/market-data/wemde/operationalDemandWithdrawal/dailyFiles/,OperationalDemandAndWithdrawal_2023-09-26.json,,json,$.data.data[].operationalWithdrawal,number,288,,ok,-50.641
operationalDemandWithdrawal,https://data.wa.aemo.com.au/public/market-data/wemde/operationalDemandWithdrawal/dailyFiles/,OperationalDemandAndWithdrawal_2023-09-26.json,,json,$.errors,array,1,,ok,
operationalDemandWithdrawal,https://data.wa.aemo.com.au/public/market-data/wemde/operationalDemandWithdrawal/dailyFiles/,OperationalDemandAndWithdrawal_2023-09-26.json,,json,$.infos,array,1,,ok,
operationalDemandWithdrawal,https://data.wa.aemo.com.au/public/market-data/wemde/operationalDemandWithdrawal/dailyFiles/,OperationalDemandAndWithdrawal_2023-09-26.json,,json,$.transactionId,string,1,,ok,f4b953e7-0d64-4347-baf3-56535bb4ac02
operationalDemandWithdrawal,https://data.wa.aemo.com.au/public/market-data/wemde/operationalDemandWithdrawal/dailyFiles/,OperationalDemandAndWithdrawal_2023-09-26.json,,json,$.warnings,array,1,,ok,
operationalDemandWithdrawal,https://data.wa.aemo.com.au/public/market-data/wemde/operationalDemandWithdrawal/realTime/,CURRENT_REALTIME_DATA.xml,,xml,/REALTIME_DATA,element,1,,ok,
operationalDemandWithdrawal,https://data.wa.aemo.com.au/public/market-data/wemde/operationalDemandWithdrawal/realTime/,CURRENT_REALTIME_DATA.xml,,xml,/REALTIME_DATA/ROW,element,1,,ok,
operationalDemandWithdrawal,https://data.wa.aemo.com.au/public/market-data/wemde/operationalDemandWithdrawal/realTime/,CURRENT_REALTIME_DATA.xml,,xml,/REALTIME_DATA/ROW/@num,attribute,1,,ok,1
operationalDemandWithdrawal,https://data.wa.aemo.com.au/public/market-data/wemde/operationalDemandWithdrawal/realTime/,CURRENT_REALTIME_DATA.xml,,xml,/REALTIME_DATA/ROW/DELIVERY_DATE,element,1,,ok,
operationalDemandWithdrawal,https://data.wa.aemo.com.au/public/market-data/wemde/operationalDemandWithdrawal/realTime/,CURRENT_REALTIME_DATA.xml,,xml,/REALTIME_DATA/ROW/DELIVERY_DATE/#text,text,1,,ok,06/08/2026
operationalDemandWithdrawal,https://data.wa.aemo.com.au/public/market-data/wemde/operationalDemandWithdrawal/realTime/,CURRENT_REALTIME_DATA.xml,,xml,/REALTIME_DATA/ROW/DELIVERY_HOUR,element,1,,ok,
operationalDemandWithdrawal,https://data.wa.aemo.com.au/public/market-data/wemde/operationalDemandWithdrawal/realTime/,CURRENT_REALTIME_DATA.xml,,xml,/REALTIME_DATA/ROW/DELIVERY_HOUR/#text,text,1,,ok,14
operationalDemandWithdrawal,https://data.wa.aemo.com.au/public/market-data/wemde/operationalDemandWithdrawal/realTime/,CURRENT_REALTIME_DATA.xml,,xml,/REALTIME_DATA/ROW/DELIVERY_INTERVAL,element,1,,ok,
operationalDemandWithdrawal,https://data.wa.aemo.com.au/public/market-data/wemde/operationalDemandWithdrawal/realTime/,CURRENT_REALTIME_DATA.xml,,xml,/REALTIME_DATA/ROW/DELIVERY_INTERVAL/#text,text,1,,ok,2
operationalDemandWithdrawal,https://data.wa.aemo.com.au/public/market-data/wemde/operationalDemandWithdrawal/realTime/,CURRENT_REALTIME_DATA.xml,,xml,/REALTIME_DATA/ROW/OPERATIONAL_LOAD_ESTIMATE,element,1,,ok,
operationalDemandWithdrawal,https://data.wa.aemo.com.au/public/market-data/wemde/operationalDemandWithdrawal/realTime/,CURRENT_REALTIME_DATA.xml,,xml,/REALTIME_DATA/ROW/OPERATIONAL_LOAD_ESTIMATE/#text,text,1,,ok,-694.5776
operationalDemandWithdrawal,https://data.wa.aemo.com.au/public/market-data/wemde/operationalDemandWithdrawal/realTime/,CURRENT_REALTIME_DATA.xml,,xml,/REALTIME_DATA/ROW/TIME_STAMP,element,1,,ok,
operationalDemandWithdrawal,https://data.wa.aemo.com.au/public/market-data/wemde/operationalDemandWithdrawal/realTime/,CURRENT_REALTIME_DATA.xml,,xml,/REALTIME_DATA/ROW/TIME_STAMP/#text,text,1,,ok,06/08/2026 14:36:11
operationalDemandWithdrawal,https://data.wa.aemo.com.au/public/market-data/wemde/operationalDemandWithdrawal/realTime/,CURRENT_REALTIME_DATA.xml,,xml,/REALTIME_DATA/ROW/TOTAL_GENERATION,element,1,,ok,
operationalDemandWithdrawal,https://data.wa.aemo.com.au/public/market-data/wemde/operationalDemandWithdrawal/realTime/,CURRENT_REALTIME_DATA.xml,,xml,/REALTIME_DATA/ROW/TOTAL_GENERATION/#text,text,1,,ok,2215.4924
operationalDemandWithdrawal,https://data.wa.aemo.com.au/public/market-data/wemde/operationalDemandWithdrawal/realTime/,CURRENT_REALTIME_DATA.xml,,xml,/REALTIME_DATA/ROW/TOTAL_SPINNING_RESERVE,element,1,,ok,
operationalDemandWithdrawal,https://data.wa.aemo.com.au/public/market-data/wemde/operationalDemandWithdrawal/realTime/,CURRENT_REALTIME_DATA.xml,,xml,/REALTIME_DATA/ROW/TOTAL_SPINNING_RESERVE/#text,text,1,,ok,NaN
operationalDemandWithdrawal,https://data.wa.aemo.com.au/public/market-data/wemde/operationalDemandWithdrawal/realTime/,CURRENT_REALTIME_DATA.xml,,xml,/REALTIME_DATA/ROW/TRADE_DATE,element,1,,ok,
operationalDemandWithdrawal,https://data.wa.aemo.com.au/public/market-data/wemde/operationalDemandWithdrawal/realTime/,CURRENT_REALTIME_DATA.xml,,xml,/REALTIME_DATA/ROW/TRADE_DATE/#text,text,1,,ok,06/08/2026
operationalDemandWithdrawal,https://data.wa.aemo.com.au/public/market-data/wemde/operationalDemandWithdrawal/realTime/,OperationalDemandAndWithdrawalEstimate.json,,json,$,object,1,,ok,
operationalDemandWithdrawal,https://data.wa.aemo.com.au/public/market-data/wemde/operationalDemandWithdrawal/realTime/,OperationalDemandAndWithdrawalEstimate.json,,json,$.data,object,1,,ok,
operationalDemandWithdrawal,https://data.wa.aemo.com.au/public/market-data/wemde/operationalDemandWithdrawal/realTime/,OperationalDemandAndWithdrawalEstimate.json,,json,$.data.data,object,1,,ok,
operationalDemandWithdrawal,https://data.wa.aemo.com.au/public/market-data/wemde/operationalDemandWithdrawal/realTime/,OperationalDemandAndWithdrawalEstimate.json,,json,$.data.data.asAtTimeStamp,string,1,,ok,2026-08-06T14:36:11+08:00
operationalDemandWithdrawal,https://data.wa.aemo.com.au/public/market-data/wemde/operationalDemandWithdrawal/realTime/,OperationalDemandAndWithdrawalEstimate.json,,json,$.data.data.operationalDemandEstimate,number,1,,ok,2215.4924
operationalDemandWithdrawal,https://data.wa.aemo.com.au/public/market-data/wemde/operationalDemandWithdrawal/realTime/,OperationalDemandAndWithdrawalEstimate.json,,json,$.data.data.operationalWithdrawalEstimate,number,1,,ok,-694.5776
operationalDemandWithdrawal,https://data.wa.aemo.com.au/public/market-data/wemde/operationalDemandWithdrawal/realTime/,OperationalDemandAndWithdrawalEstimate.json,,json,$.errors,array,1,,ok,
operationalDemandWithdrawal,https://data.wa.aemo.com.au/public/market-data/wemde/operationalDemandWithdrawal/realTime/,OperationalDemandAndWithdrawalEstimate.json,,json,$.infos,array,1,,ok,
operationalDemandWithdrawal,https://data.wa.aemo.com.au/public/market-data/wemde/operationalDemandWithdrawal/realTime/,OperationalDemandAndWithdrawalEstimate.json,,json,$.transactionId,string,1,,ok,0849efe3-1417-4d82-a6cc-56ae1629320c
operationalDemandWithdrawal,https://data.wa.aemo.com.au/public/market-data/wemde/operationalDemandWithdrawal/realTime/,OperationalDemandAndWithdrawalEstimate.json,,json,$.warnings,array,1,,ok,
referenceTradingPrice,https://data.wa.aemo.com.au/public/market-data/wemde/referenceTradingPrice/current/,ReferenceTradingPrice_2026-08-05.json,,json,$,object,1,,ok,
referenceTradingPrice,https://data.wa.aemo.com.au/public/market-data/wemde/referenceTradingPrice/current/,ReferenceTradingPrice_2026-08-05.json,,json,$.data,object,1,,ok,
referenceTradingPrice,https://data.wa.aemo.com.au/public/market-data/wemde/referenceTradingPrice/current/,ReferenceTradingPrice_2026-08-05.json,,json,$.data.referenceTradingPrices,array,1,,ok,
referenceTradingPrice,https://data.wa.aemo.com.au/public/market-data/wemde/referenceTradingPrice/current/,ReferenceTradingPrice_2026-08-05.json,,json,$.data.referenceTradingPrices[],object,48,,ok,
referenceTradingPrice,https://data.wa.aemo.com.au/public/market-data/wemde/referenceTradingPrice/current/,ReferenceTradingPrice_2026-08-05.json,,json,$.data.referenceTradingPrices[].isPublished,boolean,48,,ok,True
referenceTradingPrice,https://data.wa.aemo.com.au/public/market-data/wemde/referenceTradingPrice/current/,ReferenceTradingPrice_2026-08-05.json,,json,$.data.referenceTradingPrices[].referenceTradingPrice,number,48,,ok,123.00
referenceTradingPrice,https://data.wa.aemo.com.au/public/market-data/wemde/referenceTradingPrice/current/,ReferenceTradingPrice_2026-08-05.json,,json,$.data.referenceTradingPrices[].tradingInterval,string,48,,ok,2026-08-05T08:00:00+08:00
referenceTradingPrice,https://data.wa.aemo.com.au/public/market-data/wemde/referenceTradingPrice/current/,ReferenceTradingPrice_2026-08-05.json,,json,$.data.tradingDay,string,1,,ok,2026-08-05
referenceTradingPrice,https://data.wa.aemo.com.au/public/market-data/wemde/referenceTradingPrice/current/,ReferenceTradingPrice_2026-08-05.json,,json,$.transactionId,string,1,,ok,99a2fad6-8a9a-4b3e-8abb-d934c475c217
tradingReport,https://data.wa.aemo.com.au/public/market-data/wemde/tradingReport/tradingDayReport/current/,TradingDayReport_202608050000.json,,json,$,object,1,,ok,
tradingReport,https://data.wa.aemo.com.au/public/market-data/wemde/tradingReport/tradingDayReport/current/,TradingDayReport_202608050000.json,,json,$.data,object,1,,ok,
tradingReport,https://data.wa.aemo.com.au/public/market-data/wemde/tradingReport/tradingDayReport/current/,TradingDayReport_202608050000.json,,json,$.data.congestionRentalCalculations,array,1,,ok,
tradingReport,https://data.wa.aemo.com.au/public/market-data/wemde/tradingReport/tradingDayReport/current/,TradingDayReport_202608050000.json,,json,$.data.congestionRentalCalculations[],object,288,,ok,
tradingReport,https://data.wa.aemo.com.au/public/market-data/wemde/tradingReport/tradingDayReport/current/,TradingDayReport_202608050000.json,,json,$.data.congestionRentalCalculations[].congestionRentals,array,288,,ok,
tradingReport,https://data.wa.aemo.com.au/public/market-data/wemde/tradingReport/tradingDayReport/current/,TradingDayReport_202608050000.json,,json,$.data.congestionRentalCalculations[].congestionRentals[],object,49248,,ok,
tradingReport,https://data.wa.aemo.com.au/public/market-data/wemde/tradingReport/tradingDayReport/current/,TradingDayReport_202608050000.json,,json,$.data.congestionRentalCalculations[].congestionRentals[].congestionRentalValue,number,49248,,ok,0.000
tradingReport,https://data.wa.aemo.com.au/public/market-data/wemde/tradingReport/tradingDayReport/current/,TradingDayReport_202608050000.json,,json,$.data.congestionRentalCalculations[].congestionRentals[].facilityCode,string,49248,,ok,ALCOA_WGP
tradingReport,https://data.wa.aemo.com.au/public/market-data/wemde/tradingReport/tradingDayReport/current/,TradingDayReport_202608050000.json,,json,$.data.congestionRentalCalculations[].dispatchInterval,string,288,,ok,2026-08-06T02:15:00+08:00
tradingReport,https://data.wa.aemo.com.au/public/market-data/wemde/tradingReport/tradingDayReport/current/,TradingDayReport_202608050000.json,,json,$.data.dspReductionInstructions,null,1,,ok,
tradingReport,https://data.wa.aemo.com.au/public/market-data/wemde/tradingReport/tradingDayReport/current/,TradingDayReport_202608050000.json,,json,$.data.energyUpliftPricesAndUpliftPaymentMispricingTriggers,array,1,,ok,
tradingReport,https://data.wa.aemo.com.au/public/market-data/wemde/tradingReport/tradingDayReport/current/,TradingDayReport_202608050000.json,,json,$.data.energyUpliftPricesAndUpliftPaymentMispricingTriggers[],object,288,,ok,
tradingReport,https://data.wa.aemo.com.au/public/market-data/wemde/tradingReport/tradingDayReport/current/,TradingDayReport_202608050000.json,,json,$.data.energyUpliftPricesAndUpliftPaymentMispricingTriggers[].dispatchInterval,string,288,,ok,2026-08-05T08:00:00+08:00
tradingReport,https://data.wa.aemo.com.au/public/market-data/wemde/tradingReport/tradingDayReport/current/,TradingDayReport_202608050000.json,,json,$.data.energyUpliftPricesAndUpliftPaymentMispricingTriggers[].facilities,array,288,,ok,
tradingReport,https://data.wa.aemo.com.au/public/market-data/wemde/tradingReport/tradingDayReport/current/,TradingDayReport_202608050000.json,,json,$.data.energyUpliftPricesAndUpliftPaymentMispricingTriggers[].facilities[],object,17280,,ok,
tradingReport,https://data.wa.aemo.com.au/public/market-data/wemde/tradingReport/tradingDayReport/current/,TradingDayReport_202608050000.json,,json,$.data.energyUpliftPricesAndUpliftPaymentMispricingTriggers[].facilities[].energyUpliftPrice,number,17280,,ok,0.00
tradingReport,https://data.wa.aemo.com.au/public/market-data/wemde/tradingReport/tradingDayReport/current/,TradingDayReport_202608050000.json,,json,$.data.energyUpliftPricesAndUpliftPaymentMispricingTriggers[].facilities[].facilityCode,string,17280,,ok,ALBANY_WF1
tradingReport,https://data.wa.aemo.com.au/public/market-data/wemde/tradingReport/tradingDayReport/current/,TradingDayReport_202608050000.json,,json,$.data.energyUpliftPricesAndUpliftPaymentMispricingTriggers[].facilities[].upliftMispricingTrigger,number,17280,,ok,0
tradingReport,https://data.wa.aemo.com.au/public/market-data/wemde/tradingReport/tradingDayReport/current/,TradingDayReport_202608050000.json,,json,$.data.facilityLowerRiskCalculations,array,1,,ok,
tradingReport,https://data.wa.aemo.com.au/public/market-data/wemde/tradingReport/tradingDayReport/current/,TradingDayReport_202608050000.json,,json,$.data.facilityLowerRiskCalculations[],object,288,,ok,
tradingReport,https://data.wa.aemo.com.au/public/market-data/wemde/tradingReport/tradingDayReport/current/,TradingDayReport_202608050000.json,,json,$.data.facilityLowerRiskCalculations[].dispatchInterval,string,288,,ok,2026-08-06T02:15:00+08:00
tradingReport,https://data.wa.aemo.com.au/public/market-data/wemde/tradingReport/tradingDayReport/current/,TradingDayReport_202608050000.json,,json,$.data.facilityLowerRiskCalculations[].facilityLowerRisks,array,288,,ok,
tradingReport,https://data.wa.aemo.com.au/public/market-data/wemde/tradingReport/tradingDayReport/current/,TradingDayReport_202608050000.json,,json,$.data.facilityLowerRiskCalculations[].facilityLowerRisks[],object,49248,,ok,
tradingReport,https://data.wa.aemo.com.au/public/market-data/wemde/tradingReport/tradingDayReport/current/,TradingDayReport_202608050000.json,,json,$.data.facilityLowerRiskCalculations[].facilityLowerRisks[].facilityCode,string,49248,,ok,ALCOA_WGP
tradingReport,https://data.wa.aemo.com.au/public/market-data/wemde/tradingReport/tradingDayReport/current/,TradingDayReport_202608050000.json,,json,$.data.facilityLowerRiskCalculations[].facilityLowerRisks[].facilityLowerRiskValue,number,49248,,ok,0.000
tradingReport,https://data.wa.aemo.com.au/public/market-data/wemde/tradingReport/tradingDayReport/current/,TradingDayReport_202608050000.json,,json,$.data.facilityRiskCalculations,array,1,,ok,
tradingReport,https://data.wa.aemo.com.au/public/market-data/wemde/tradingReport/tradingDayReport/current/,TradingDayReport_202608050000.json,,json,$.data.facilityRiskCalculations[],object,288,,ok,
tradingReport,https://data.wa.aemo.com.au/public/market-data/wemde/tradingReport/tradingDayReport/current/,TradingDayReport_202608050000.json,,json,$.data.facilityRiskCalculations[].dispatchInterval,string,288,,ok,2026-08-06T02:15:00+08:00
tradingReport,https://data.wa.aemo.com.au/public/market-data/wemde/tradingReport/tradingDayReport/current/,TradingDayReport_202608050000.json,,json,$.data.facilityRiskCalculations[].facilityRisks,array,288,,ok,
tradingReport,https://data.wa.aemo.com.au/public/market-data/wemde/tradingReport/tradingDayReport/current/,TradingDayReport_202608050000.json,,json,$.data.facilityRiskCalculations[].facilityRisks[],object,49248,,ok,
tradingReport,https://data.wa.aemo.com.au/public/market-data/wemde/tradingReport/tradingDayReport/current/,TradingDayReport_202608050000.json,,json,$.data.facilityRiskCalculations[].facilityRisks[].facilityCode,string,49248,,ok,ALCOA_WGP
tradingReport,https://data.wa.aemo.com.au/public/market-data/wemde/tradingReport/tradingDayReport/current/,TradingDayReport_202608050000.json,,json,$.data.facilityRiskCalculations[].facilityRisks[].facilityRiskValue,number,49248,,ok,0.000
tradingReport,https://data.wa.aemo.com.au/public/market-data/wemde/tradingReport/tradingDayReport/current/,TradingDayReport_202608050000.json,,json,$.data.networkLowerRiskCalculations,array,1,,ok,
tradingReport,https://data.wa.aemo.com.au/public/market-data/wemde/tradingReport/tradingDayReport/current/,TradingDayReport_202608050000.json,,json,$.data.networkLowerRiskCalculations[],object,2304,,ok,
tradingReport,https://data.wa.aemo.com.au/public/market-data/wemde/tradingReport/tradingDayReport/current/,TradingDayReport_202608050000.json,,json,$.data.networkLowerRiskCalculations[].dispatchInterval,string,2304,,ok,2026-08-05T08:00:00+08:00
tradingReport,https://data.wa.aemo.com.au/public/market-data/wemde/tradingReport/tradingDayReport/current/,TradingDayReport_202608050000.json,,json,$.data.networkLowerRiskCalculations[].networkLowerRisks,array,2304,,ok,
tradingReport,https://data.wa.aemo.com.au/public/market-data/wemde/tradingReport/tradingDayReport/current/,TradingDayReport_202608050000.json,,json,$.data.networkLowerRiskCalculations[].networkLowerRisks[],object,2304,,ok,
tradingReport,https://data.wa.aemo.com.au/public/market-data/wemde/tradingReport/tradingDayReport/current/,TradingDayReport_202608050000.json,,json,$.data.networkLowerRiskCalculations[].networkLowerRisks[].associatedFacilityCodes,array,2304,,ok,
tradingReport,https://data.wa.aemo.com.au/public/market-data/wemde/tradingReport/tradingDayReport/current/,TradingDayReport_202608050000.json,,json,$.data.networkLowerRiskCalculations[].networkLowerRisks[].associatedFacilityCodes[],string,6624,,ok,WEST_KALGOORLIE_GT3
tradingReport,https://data.wa.aemo.com.au/public/market-data/wemde/tradingReport/tradingDayReport/current/,TradingDayReport_202608050000.json,,json,$.data.networkLowerRiskCalculations[].networkLowerRisks[].networkLowerContingency,string,2304,,ok,NIL * {CGT-YLN X1} [LoadRisk]
tradingReport,https://data.wa.aemo.com.au/public/market-data/wemde/tradingReport/tradingDayReport/current/,TradingDayReport_202608050000.json,,json,$.data.networkLowerRiskCalculations[].networkLowerRisks[].networkLowerRiskValue,number,2304,,ok,113.073
tradingReport,https://data.wa.aemo.com.au/public/market-data/wemde/tradingReport/tradingDayReport/current/,TradingDayReport_202608050000.json,,json,$.data.networkRiskCalculations,array,1,,ok,
tradingReport,https://data.wa.aemo.com.au/public/market-data/wemde/tradingReport/tradingDayReport/current/,TradingDayReport_202608050000.json,,json,$.data.networkRiskCalculations[],object,2403,,ok,
tradingReport,https://data.wa.aemo.com.au/public/market-data/wemde/tradingReport/tradingDayReport/current/,TradingDayReport_202608050000.json,,json,$.data.networkRiskCalculations[].dispatchInterval,string,2403,,ok,2026-08-05T08:00:00+08:00
tradingReport,https://data.wa.aemo.com.au/public/market-data/wemde/tradingReport/tradingDayReport/current/,TradingDayReport_202608050000.json,,json,$.data.networkRiskCalculations[].networkRisks,array,2403,,ok,
tradingReport,https://data.wa.aemo.com.au/public/market-data/wemde/tradingReport/tradingDayReport/current/,TradingDayReport_202608050000.json,,json,$.data.networkRiskCalculations[].networkRisks[],object,2403,,ok,
tradingReport,https://data.wa.aemo.com.au/public/market-data/wemde/tradingReport/tradingDayReport/current/,TradingDayReport_202608050000.json,,json,$.data.networkRiskCalculations[].networkRisks[].associatedFacilityCodes,array,2403,,ok,
tradingReport,https://data.wa.aemo.com.au/public/market-data/wemde/tradingReport/tradingDayReport/current/,TradingDayReport_202608050000.json,,json,$.data.networkRiskCalculations[].networkRisks[].associatedFacilityCodes[],string,10089,,ok,ALINTA_WGP_U2
tradingReport,https://data.wa.aemo.com.au/public/market-data/wemde/tradingReport/tradingDayReport/current/,TradingDayReport_202608050000.json,,json,$.data.networkRiskCalculations[].networkRisks[].networkContingency,string,2403,,ok,LWT-ST 91 * {LWT-SHO-KEM 91} [SupplyRisk]
tradingReport,https://data.wa.aemo.com.au/public/market-data/wemde/tradingReport/tradingDayReport/current/,TradingDayReport_202608050000.json,,json,$.data.networkRiskCalculations[].networkRisks[].networkRiskValue,number,2403,,ok,227.620
tradingReport,https://data.wa.aemo.com.au/public/market-data/wemde/tradingReport/tradingDayReport/current/,TradingDayReport_202608050000.json,,json,$.data.tradingDay,string,1,,ok,2026-08-05
tradingReport,https://data.wa.aemo.com.au/public/market-data/wemde/tradingReport/tradingDayReport/current/,TradingDayReport_202608050000.json,,json,$.errors,array,1,,ok,
tradingReport,https://data.wa.aemo.com.au/public/market-data/wemde/tradingReport/tradingDayReport/current/,TradingDayReport_202608050000.json,,json,$.infos,array,1,,ok,
tradingReport,https://data.wa.aemo.com.au/public/market-data/wemde/tradingReport/tradingDayReport/current/,TradingDayReport_202608050000.json,,json,$.transactionId,string,1,,ok,760959dc-9025-4991-9ad8-5c503e01634a
tradingReport,https://data.wa.aemo.com.au/public/market-data/wemde/tradingReport/tradingDayReport/current/,TradingDayReport_202608050000.json,,json,$.warnings,array,1,,ok,
